train/actor_loss,rollout/ep_len_mean,rollout/success_rate,train/ent_coef,train/ent_coef_loss,rollout/ep_rew_mean,time/episodes,time/fps,train/learning_rate,train/critic_loss,time/total_timesteps,train/n_updates,time/time_elapsed
-82.48748779296875,56.0,0.0,0.9493902921676636,-0.1174483373761177,-43.12078425,4,5,0.0005,142.33448791503906,224,123,39
-35.63154220581055,52.375,0.0,0.8606271147727966,-0.35274073481559753,-41.65391625,8,9,0.0005,36.18037796020508,419,318,44
-106.46773529052734,40.5,0.0,0.8471652269363403,-0.20515021681785583,-38.3524495,12,10,0.0005,248.74853515625,486,385,46
-16.748607635498047,36.0,0.0,0.8167781233787537,-0.6028173565864563,-37.646065625000006,16,11,0.0005,35.03487777709961,576,475,49
-6.445226669311523,45.3,0.0,0.6810356378555298,-1.1201269626617432,-40.335591300000004,20,15,0.0005,14.993327140808105,906,805,58
-23.000667572021484,71.45833333333333,0.0,0.4662914276123047,-1.9810981750488281,-46.114788374999996,24,21,0.0005,9.45913314819336,1715,1614,81
29.970975875854492,122.96428571428571,0.0,0.19124460220336914,-4.9170708656311035,-57.321754535714284,28,26,0.0005,0.32899051904678345,3443,3342,129
30.21669578552246,118.25,0.0,0.16013801097869873,-5.5160675048828125,-56.2986219375,32,27,0.0005,0.26592767238616943,3784,3683,137
31.182579040527344,109.41666666666667,0.0,0.14785385131835938,-5.580872535705566,-53.74630636111111,36,27,0.0005,0.45885661244392395,3939,3838,140
30.21529197692871,101.5,0.0,0.13901616632938385,-5.944586277008057,-51.92175247499999,40,28,0.0005,0.12917551398277283,4060,3959,143
30.43783187866211,94.5,0.0,0.1323293149471283,-6.033689975738525,-50.43513377272727,44,28,0.0005,0.1868005096912384,4158,4057,146
32.05139923095703,92.8125,0.0,0.11439387500286102,-6.07059383392334,-50.227931375,48,29,0.0005,0.8595851063728333,4455,4354,153
29.578628540039062,88.17307692307692,0.0,0.10764693468809128,-6.103890419006348,-49.192738442307686,52,29,0.0005,0.11146950721740723,4585,4484,156
28.31362533569336,84.10714285714286,0.0,0.10177505016326904,-5.355294227600098,-48.06533528571429,56,29,0.0005,0.06298710405826569,4710,4609,159
28.912506103515625,80.21666666666667,0.0,0.09720166772603989,-5.834592819213867,-47.129532266666665,60,29,0.0005,0.07876848429441452,4813,4712,161
31.547508239746094,76.859375,0.0,0.09266603738069534,-6.0097455978393555,-46.451634328124996,64,29,0.0005,0.5628668665885925,4919,4818,164
32.76190185546875,73.86764705882354,0.0,0.08825772255659103,-6.602838516235352,-45.69522764705882,68,30,0.0005,0.5594555139541626,5023,4922,166
30.78394317626953,71.06944444444444,0.0,0.0845714658498764,-6.361751556396484,-45.007747583333334,72,30,0.0005,0.2243712842464447,5117,5016,169
31.2564697265625,68.42105263157895,0.0,0.08144242316484451,-6.387029647827148,-44.42409668421053,76,30,0.0005,0.4199766516685486,5200,5099,171
31.013498306274414,65.8,0.0,0.07914429903030396,-5.8322038650512695,-43.82306545,80,30,0.0005,0.11290045082569122,5264,5163,172
31.206546783447266,64.03571428571429,0.0,0.07515142858028412,-6.2696380615234375,-43.44613204761905,84,30,0.0005,0.6038691997528076,5379,5278,175
30.203462600708008,63.63636363636363,0.0,0.06855367124080658,-5.321992874145508,-43.40108954545454,88,30,0.0005,0.29991453886032104,5600,5499,180
29.9254093170166,62.07608695652174,0.0,0.06551221013069153,-6.095621109008789,-43.02081398913043,92,31,0.0005,0.27904874086380005,5711,5610,183
29.829864501953125,60.541666666666664,0.0,0.06289321929216385,-5.663753986358643,-42.722772541666664,96,31,0.0005,0.045127153396606445,5812,5711,185
29.962718963623047,58.84,0.0,0.061059173196554184,-5.3237128257751465,-42.30707082,100,31,0.0005,0.2810665965080261,5884,5783,187
30.312549591064453,57.23,0.0,0.05956359580159187,-5.029609680175781,-41.88652276,104,31,0.0005,0.23371823132038116,5947,5846,189
29.41448211669922,55.98,0.0,0.05797464773058891,-5.908020973205566,-41.575294539999994,108,31,0.0005,0.2000037282705307,6017,5916,190
28.82834243774414,55.85,0.0,0.05672556906938553,-4.954818248748779,-41.46961128000001,112,31,0.0005,0.2988518178462982,6071,5970,190
29.431285858154297,55.5,0.0,0.055524397641420364,-5.0214033126831055,-41.258582770000004,116,31,0.0005,0.427354633808136,6126,6025,191
30.085914611816406,53.87,0.0,0.05217175930738449,-5.187161922454834,-40.67746630999999,120,32,0.0005,0.279672771692276,6293,6192,194
29.28449249267578,46.31,0.0,0.051171548664569855,-4.9757513999938965,-38.84165351,124,32,0.0005,0.24863497912883759,6346,6245,194
29.527099609375,30.33,0.0,0.04879629611968994,-5.065425872802734,-35.36901352,128,32,0.0005,0.35539257526397705,6476,6375,196
29.33528709411621,28.0,0.0,0.04689621552824974,-5.062697410583496,-34.88084154,132,33,0.0005,0.1319941133260727,6584,6483,198
28.49027442932129,26.95,0.0,0.04601588100194931,-4.236946105957031,-34.72427254,136,33,0.0005,0.128327876329422,6634,6533,199
28.89472770690918,26.25,0.0,0.04516769200563431,-4.3715901374816895,-34.53050146,140,33,0.0005,0.09352031350135803,6685,6584,199
29.475704193115234,25.87,0.0,0.044175948947668076,-4.299860954284668,-34.251358499999995,144,33,0.0005,0.12250898778438568,6745,6644,200
28.85730743408203,23.38,0.0,0.0434362031519413,-4.3973917961120605,-33.57465768999999,148,33,0.0005,0.13903212547302246,6793,6692,201
29.01291847229004,22.55,0.0,0.04269271343946457,-4.914162635803223,-33.326135269999995,152,33,0.0005,0.24316057562828064,6840,6739,202
28.519733428955078,22.12,0.0,0.04141481593251228,-4.23634147644043,-33.31298212,156,34,0.0005,0.3074820041656494,6922,6821,203
28.69315528869629,21.55,0.0,0.04072728753089905,-3.801077365875244,-33.19104769,160,34,0.0005,0.08750136196613312,6968,6867,203
29.135953903198242,21.39,0.0,0.03943141549825668,-4.241109848022461,-33.08353923,164,34,0.0005,0.08503542840480804,7058,6957,205
29.301355361938477,20.99,0.0,0.03851933032274246,-4.925520896911621,-32.82485156999999,168,34,0.0005,0.24757713079452515,7122,7021,206
28.59546661376953,20.69,0.0,0.03763846680521965,-3.9479284286499023,-32.632358970000006,172,34,0.0005,0.08738327771425247,7186,7085,207
28.498600006103516,20.42,0.0,0.03692638874053955,-5.235945701599121,-32.42715948000001,176,34,0.0005,0.1350555121898651,7242,7141,207
27.775516510009766,20.33,0.0,0.03620998561382294,-3.388713836669922,-32.36797798,180,34,0.0005,0.06802179664373398,7297,7196,208
28.483402252197266,19.75,0.0,0.035518765449523926,-4.590936660766602,-32.15424435,184,35,0.0005,0.22863361239433289,7354,7253,209
28.22795867919922,18.05,0.0,0.0349157378077507,-3.29335880279541,-31.557321430000005,188,35,0.0005,0.0798184722661972,7405,7304,210
29.226835250854492,17.68,0.0,0.03403633087873459,-5.580019474029541,-31.39190859,192,35,0.0005,0.2521474361419678,7479,7378,211
28.11007308959961,17.13,0.0,0.03352173790335655,-3.0928592681884766,-31.21326064,196,35,0.0005,0.07848356664180756,7525,7424,212
28.635929107666016,16.95,0.0,0.03295862674713135,-3.927903175354004,-31.193256119999997,200,35,0.0005,0.09983371943235397,7579,7478,212
27.858091354370117,17.09,0.0,0.03214526176452637,-3.6009879112243652,-31.08075934,204,35,0.0005,0.32486897706985474,7656,7555,213
27.830472946166992,17.14,0.0,0.03137453272938728,-3.3988680839538574,-30.93187332,208,35,0.0005,0.0629657730460167,7731,7630,215
28.227310180664062,17.19,0.0,0.030855858698487282,-2.6450071334838867,-30.831495949999997,212,36,0.0005,0.046360187232494354,7790,7689,215
27.66512107849121,17.5,0.0,0.03015577793121338,-1.8410223722457886,-30.89419389,216,36,0.0005,0.16131868958473206,7876,7775,217
27.590145111083984,16.77,0.0,0.029378239065408707,-3.885067939758301,-30.727737460000007,220,36,0.0005,0.17217618227005005,7970,7869,218
27.840776443481445,16.69,0.0,0.029022391885519028,-2.9316892623901367,-30.786453960000003,224,36,0.0005,0.17642048001289368,8015,7914,219
28.045276641845703,15.92,0.0,0.028556279838085175,-3.1312029361724854,-30.32692431,228,36,0.0005,0.48270007967948914,8068,7967,220
27.72991180419922,15.35,0.0,0.028111444786190987,-2.6867446899414062,-29.931419260000002,232,36,0.0005,0.666368305683136,8119,8018,220
27.22964859008789,15.57,0.0,0.027495235204696655,-2.064603328704834,-29.949331280000003,236,36,0.0005,0.1548454761505127,8191,8090,221
27.17229461669922,15.94,0.0,0.0269096028059721,-2.431614398956299,-29.995558329999994,240,37,0.0005,0.26497671008110046,8279,8178,223
27.80208969116211,16.19,0.0,0.02627371810376644,-2.6970510482788086,-30.07226357,244,37,0.0005,0.8179364800453186,8364,8263,224
26.715808868408203,16.27,0.0,0.025811485946178436,-2.0815863609313965,-30.035473979999995,248,37,0.0005,0.28867408633232117,8420,8319,225
27.972875595092773,16.62,0.0,0.02506430633366108,-3.109142303466797,-30.047106009999997,252,37,0.0005,0.10448823869228363,8502,8401,226
28.252002716064453,16.46,0.0,0.024469656869769096,-3.04435396194458,-29.906892529999997,256,37,0.0005,0.4383976459503174,8568,8467,227
28.53080940246582,16.62,0.0,0.0239418875426054,-1.4135801792144775,-29.97057058,260,37,0.0005,0.2541825771331787,8630,8529,228
27.962844848632812,16.4,0.0,0.02343716472387314,-2.795593500137329,-29.885091120000002,264,37,0.0005,0.3594542145729065,8698,8597,229
27.159305572509766,16.25,0.0,0.023051239550113678,-3.4321489334106445,-29.998095560000003,268,38,0.0005,0.31838318705558777,8747,8646,229
27.93088722229004,16.1,0.0,0.02274685725569725,-1.7375211715698242,-30.037221770000006,272,38,0.0005,0.09803266078233719,8796,8695,230
28.072425842285156,16.09,0.0,0.022428713738918304,-1.915937900543213,-30.065097639999998,276,38,0.0005,0.5963952541351318,8851,8750,231
28.32330322265625,16.27,0.0,0.021937167271971703,-2.864189386367798,-30.051152990000002,280,38,0.0005,0.08380571007728577,8924,8823,232
27.887598037719727,16.32,0.0,0.021534612402319908,-1.3428765535354614,-29.97997073,284,38,0.0005,0.07631290704011917,8986,8885,233
27.29827117919922,16.32,0.0,0.021252136677503586,-1.1568434238433838,-29.969931740000003,288,38,0.0005,0.2205810248851776,9037,8936,234
27.787384033203125,16.14,0.0,0.021027350798249245,-2.1897268295288086,-29.81895986,292,38,0.0005,0.28335845470428467,9093,8992,234
27.31989097595215,16.28,0.0,0.02070087194442749,0.02821919322013855,-29.76992793999999,296,38,0.0005,0.13923455774784088,9153,9052,235
27.97115707397461,16.35,0.0,0.020383452996611595,-1.887425184249878,-29.608873559999996,300,38,0.0005,0.09655217826366425,9214,9113,236
28.782997131347656,16.15,0.0,0.02013922668993473,-2.995522975921631,-29.528963449999996,304,39,0.0005,0.1851503998041153,9271,9170,237
27.810100555419922,15.92,0.0,0.019944392144680023,-2.3889546394348145,-29.52728305,308,39,0.0005,0.10494211316108704,9323,9222,238
27.613494873046875,15.82,0.0,0.01970737986266613,-1.2155436277389526,-29.61429795,312,39,0.0005,0.22576290369033813,9372,9271,239
27.598894119262695,15.72,0.0,0.01936526782810688,-2.2599050998687744,-29.46605369,316,39,0.0005,0.1345832496881485,9448,9347,240
27.402708053588867,15.33,0.0,0.019114568829536438,-1.3257472515106201,-29.33972192,320,39,0.0005,0.23906603455543518,9503,9402,240
27.251712799072266,15.66,0.0,0.018689649179577827,-0.8748876452445984,-29.27734561,324,39,0.0005,0.27023229002952576,9581,9480,241
27.97921371459961,15.6,0.0,0.018501663580536842,-1.37848699092865,-29.371174910000004,328,39,0.0005,0.34943896532058716,9628,9527,242
27.151918411254883,15.7,0.0,0.018194781616330147,-0.3789580762386322,-29.41893246,332,39,0.0005,0.37316545844078064,9689,9588,243
27.09210968017578,15.46,0.0,0.018055841326713562,-0.6138863563537598,-29.400492170000003,336,39,0.0005,0.11231891810894012,9737,9636,244
26.886625289916992,15.12,0.0,0.01782403700053692,-0.25632309913635254,-29.262195639999995,340,39,0.0005,0.12499243766069412,9791,9690,245
26.778642654418945,14.82,0.0,0.017625859007239342,-0.9673117399215698,-29.163462560000003,344,40,0.0005,0.23343028128147125,9846,9745,245
27.152435302734375,14.79,0.0,0.017403505742549896,-0.7928206920623779,-29.039551639999996,348,40,0.0005,0.44418761134147644,9899,9798,246
26.984905242919922,14.47,0.0,0.01714659482240677,-1.0779645442962646,-29.026357589999996,352,40,0.0005,0.46848833560943604,9949,9848,247
26.833412170410156,14.28,0.0,0.016938591375947,-1.378103494644165,-29.013672879999994,356,40,0.0005,0.24097245931625366,9996,9895,248
26.65317153930664,14.23,0.0,0.016696231439709663,-1.1120340824127197,-28.96156496,360,37,0.0005,0.3659024238586426,10053,9952,266
27.19481658935547,14.17,0.0,0.016453959047794342,-1.9478964805603027,-28.82644266,364,37,0.0005,0.219558984041214,10115,10014,266
27.174362182617188,14.24,0.0,0.016265807673335075,-1.4811391830444336,-28.70347474,368,37,0.0005,0.11140467971563339,10171,10070,267
26.99776840209961,14.26,0.0,0.01608600653707981,-0.8497169017791748,-28.605287850000003,372,38,0.0005,0.11916407197713852,10222,10121,268
26.324825286865234,14.46,0.0,0.015783287584781647,-2.3870010375976562,-28.552311440000004,376,38,0.0005,0.13716809451580048,10297,10196,269
26.777202606201172,14.7,0.0,0.015530307777225971,-0.357143372297287,-28.670647430000002,380,38,0.0005,0.14095257222652435,10394,10293,271
26.064613342285156,14.87,0.0,0.015325591899454594,-0.22704915702342987,-28.71471034,384,38,0.0005,0.1323782354593277,10473,10372,272
26.335935592651367,14.98,0.0,0.015136299654841423,-0.5993466973304749,-28.70385583,388,38,0.0005,0.16554859280586243,10535,10434,273
26.742008209228516,14.97,0.0,0.01496959663927555,0.32474225759506226,-28.847756789999995,392,38,0.0005,0.13090460002422333,10590,10489,273
26.69448471069336,15.02,0.0,0.014802258461713791,-2.0785279273986816,-28.819577870000003,396,38,0.0005,0.3739866316318512,10655,10554,274
26.607406616210938,14.97,0.0,0.01471339538693428,-1.656858205795288,-28.810291149999998,400,38,0.0005,0.19848015904426575,10711,10610,275
26.35974884033203,15.04,0.0,0.014634871855378151,-0.309076726436615,-28.886181710000002,404,38,0.0005,0.22393088042736053,10775,10674,276
27.121559143066406,15.07,0.0,0.014526192098855972,-1.4601476192474365,-28.86964652,408,39,0.0005,0.12893182039260864,10830,10729,277
27.078426361083984,15.13,0.0,0.014475762844085693,-0.3908396065235138,-28.95565976,412,39,0.0005,0.4198611378669739,10885,10784,278
27.036388397216797,15.02,0.0,0.014381622895598412,-1.5091208219528198,-28.96976942,416,39,0.0005,0.22829264402389526,10950,10849,279
27.05136489868164,15.08,0.0,0.014293858781456947,-1.451243281364441,-28.850827360000004,420,39,0.0005,0.18001821637153625,11011,10910,280
26.181413650512695,14.78,0.0,0.014266349375247955,-1.626739263534546,-28.833275800000006,424,39,0.0005,0.06237558647990227,11059,10958,280
26.254405975341797,14.97,0.0,0.01410435140132904,0.4186840057373047,-28.78947651,428,39,0.0005,0.05556950345635414,11125,11024,281
26.489940643310547,14.95,0.0,0.0140056312084198,0.22751224040985107,-28.738708289999998,432,39,0.0005,0.06093247979879379,11184,11083,282
26.218429565429688,15.18,0.0,0.01389306876808405,-0.02181212604045868,-28.6206932,436,39,0.0005,0.1133621335029602,11255,11154,283
26.0296630859375,15.28,0.0,0.013822653330862522,1.2218868732452393,-28.652166720000004,440,39,0.0005,0.04149993881583214,11319,11218,284
26.026321411132812,15.42,0.0,0.013806508854031563,-1.145733118057251,-28.63080259,444,39,0.0005,0.06030253320932388,11388,11287,285
25.43903350830078,15.59,0.0,0.013695062138140202,-0.32347938418388367,-28.56531816,448,39,0.0005,0.13490724563598633,11458,11357,286
25.870834350585938,15.86,0.0,0.01352274976670742,0.7206711769104004,-28.357947750000005,452,40,0.0005,0.44078922271728516,11535,11434,287
25.663421630859375,16.21,0.0,0.013313637115061283,0.6982077956199646,-28.375317109999997,456,40,0.0005,0.12537311017513275,11617,11516,288
26.088315963745117,16.41,0.0,0.013156408444046974,-0.27761709690093994,-28.17918533,460,40,0.0005,0.06135620176792145,11694,11593,290
26.374839782714844,16.48,0.0,0.013139712624251842,-0.8095573782920837,-28.14408064,464,40,0.0005,0.0861312747001648,11763,11662,291
25.661884307861328,16.69,0.0,0.013182424940168858,-0.39342954754829407,-28.147054369999996,468,40,0.0005,0.166571706533432,11840,11739,292
26.236955642700195,16.89,0.0,0.013114087283611298,2.0896449089050293,-28.26696437,472,40,0.0005,0.13896727561950684,11911,11810,293
26.442935943603516,16.75,0.0,0.01307887863367796,0.8989351391792297,-28.350659729999997,476,40,0.0005,0.24928756058216095,11972,11871,294
26.41572380065918,16.46,0.0,0.01290661096572876,0.0709625780582428,-28.068328480000005,480,40,0.0005,0.12475989013910294,12040,11939,295
26.150075912475586,16.51,0.0,0.012810568325221539,-1.9927585124969482,-27.973404579999997,484,40,0.0005,0.13864019513130188,12124,12023,296
25.366378784179688,16.72,0.0,0.012638423591852188,1.7131985425949097,-28.002696389999993,488,41,0.0005,0.3875029683113098,12207,12106,297
25.729183197021484,16.97,0.0,0.01251598447561264,-0.343708336353302,-28.041291700000002,492,41,0.0005,0.3181818723678589,12287,12186,298
25.864938735961914,17.03,0.0,0.012332869693636894,0.06319627165794373,-27.908725729999997,496,41,0.0005,0.18164753913879395,12358,12257,299
26.01394271850586,17.18,0.0,0.012121899053454399,-1.0875378847122192,-27.989681009999998,500,41,0.0005,0.12755468487739563,12429,12328,300
26.04330825805664,17.3,0.0,0.011942111887037754,-0.13656586408615112,-28.013576940000004,504,41,0.0005,0.06774198263883591,12505,12404,301
25.4910831451416,17.57,0.0,0.011719007976353168,-1.0954205989837646,-28.05984879,508,41,0.0005,0.061595041304826736,12587,12486,303
26.00145149230957,17.91,0.0,0.011400438845157623,-1.6693143844604492,-28.039536340000005,512,41,0.0005,0.20245309174060822,12676,12575,304
26.186613082885742,18.09,0.0,0.011179497465491295,-0.6738492250442505,-28.01441672,516,41,0.0005,0.08095912635326385,12759,12658,305
26.070077896118164,18.26,0.0,0.011076277121901512,0.2749440670013428,-28.206077569999998,520,41,0.0005,0.23513254523277283,12837,12736,306
25.455204010009766,18.57,0.0,0.0110136354342103,0.584682047367096,-28.332900650000003,524,41,0.0005,0.27548766136169434,12916,12815,307
26.611282348632812,18.63,0.0,0.010933560319244862,-0.18492770195007324,-28.326402219999995,528,42,0.0005,0.17684656381607056,12988,12887,308
26.884002685546875,18.72,0.0,0.010870492085814476,-1.156618595123291,-28.355608899999993,532,42,0.0005,0.1886327564716339,13056,12955,309
26.685283660888672,18.73,0.0,0.010907253250479698,-1.7414908409118652,-28.43816408,536,42,0.0005,0.13596662878990173,13128,13027,310
26.51938247680664,18.76,0.0,0.010874106548726559,-1.5180604457855225,-28.52964148,540,42,0.0005,0.25381845235824585,13195,13094,311
25.214309692382812,18.96,0.0,0.010645822621881962,2.852247714996338,-28.58982715,544,42,0.0005,0.5325969457626343,13284,13183,313
27.092906951904297,19.1,0.0,0.01064712181687355,-1.037264347076416,-28.904007269999994,548,42,0.0005,0.13140535354614258,13368,13267,314
26.912433624267578,19.25,0.0,0.010420749895274639,-1.0012011528015137,-29.109895940000005,552,42,0.0005,0.27040886878967285,13460,13359,315
26.604616165161133,19.17,0.0,0.010354994796216488,2.395718574523926,-28.94776768,556,42,0.0005,0.25619855523109436,13534,13433,316
26.102603912353516,19.17,0.0,0.010449375957250595,3.3631234169006348,-28.99934918000001,560,42,0.0005,0.10808073729276657,13611,13510,318
25.257831573486328,19.06,0.0,0.010454420000314713,2.712855815887451,-29.007526950000006,564,42,0.0005,0.227281853556633,13669,13568,318
25.423992156982422,18.97,0.0,0.01040319912135601,2.7248263359069824,-29.02133981,568,42,0.0005,0.29507726430892944,13737,13636,319
25.423755645751953,19.02,0.0,0.010486007668077946,1.9926780462265015,-28.968926240000002,572,43,0.0005,0.3384780287742615,13813,13712,320
25.0488338470459,18.98,0.0,0.010366708040237427,3.851034164428711,-28.96130979,576,43,0.0005,0.5224441885948181,13870,13769,321
29.69580841064453,18.82,0.0,0.01053142175078392,-5.205217361450195,-29.12743819,580,43,0.0005,0.6957353353500366,13922,13821,322
26.181482315063477,18.47,0.0,0.010301402769982815,8.01916217803955,-29.144110560000005,584,43,0.0005,0.44239342212677,13971,13870,323
29.064800262451172,18.11,0.0,0.010587199591100216,2.036902904510498,-29.26539545,588,43,0.0005,1.2978789806365967,14018,13917,323
26.423267364501953,17.9,0.0,0.010531226173043251,-0.6261749863624573,-29.069321999999996,592,43,0.0005,0.15295720100402832,14077,13976,324
26.117969512939453,17.89,0.0,0.010423135943710804,-0.7983182668685913,-29.197524790000003,596,43,0.0005,0.4042174816131592,14147,14046,325
26.560651779174805,17.94,0.0,0.010338994674384594,0.9142311811447144,-29.10626163,600,43,0.0005,0.16914963722229004,14223,14122,326
26.33033561706543,17.83,0.0,0.01028954703360796,0.15998126566410065,-29.117342780000005,604,43,0.0005,0.1508743017911911,14288,14187,327
26.370864868164062,17.52,0.0,0.010264373384416103,0.17141681909561157,-29.06760076,608,43,0.0005,0.16156159341335297,14339,14238,328
26.174217224121094,17.2,0.0,0.010257170535624027,-1.198573112487793,-29.038940619999995,612,43,0.0005,0.20517337322235107,14396,14295,329
26.43662452697754,17.0,0.0,0.010130838491022587,-0.9405956268310547,-29.034269900000005,616,43,0.0005,0.12282727658748627,14459,14358,330
26.409914016723633,16.89,0.0,0.010157926939427853,-0.23227256536483765,-28.815960670000003,620,43,0.0005,0.24707353115081787,14526,14425,331
25.812328338623047,16.71,0.0,0.010143019258975983,0.07873810827732086,-28.63312625,624,43,0.0005,0.17601077258586884,14587,14486,332
26.110898971557617,16.56,0.0,0.01010595727711916,0.39929869771003723,-28.66996992,628,43,0.0005,0.21147173643112183,14644,14543,333
25.88539695739746,16.55,0.0,0.0102590536698699,-0.012798547744750977,-28.644790399999998,632,44,0.0005,0.2192889004945755,14711,14610,334
25.374881744384766,16.42,0.0,0.010409689508378506,0.7007924318313599,-28.579352089999997,636,44,0.0005,0.27133694291114807,14770,14669,334
25.298307418823242,16.36,0.0,0.010460209101438522,0.6904345750808716,-28.48424627,640,44,0.0005,0.21212038397789001,14831,14730,335
25.557132720947266,16.51,0.0,0.010424009524285793,0.23339179158210754,-28.603599109999994,644,44,0.0005,0.07580035924911499,14935,14834,337
25.590805053710938,17.08,0.0,0.010250258259475231,-0.16240659356117249,-28.573194439999998,648,44,0.0005,0.1595917046070099,15076,14975,339
25.57356071472168,17.26,0.0,0.01016693003475666,-0.7561978697776794,-28.635632379999997,652,44,0.0005,0.07981793582439423,15186,15085,341
25.985973358154297,17.44,0.0,0.010189658962190151,-0.035768792033195496,-28.793719129999996,656,44,0.0005,0.11607101559638977,15278,15177,342
25.620807647705078,17.4,0.0,0.010249295271933079,-0.900935709476471,-28.798073030000005,660,44,0.0005,0.2091418206691742,15351,15250,343
25.105836868286133,17.43,0.0,0.010293330997228622,1.3185594081878662,-28.75903681000001,664,44,0.0005,0.14194178581237793,15412,15311,344
25.969074249267578,17.45,0.0,0.010351050645112991,-0.41515472531318665,-28.79891942,668,44,0.0005,0.11159297823905945,15482,15381,345
25.922115325927734,17.35,0.0,0.01032271422445774,-0.627577543258667,-28.777971200000007,672,44,0.0005,0.09182616323232651,15548,15447,346
25.246620178222656,17.48,0.0,0.010358897037804127,0.4173133373260498,-28.587422880000005,676,44,0.0005,0.14399658143520355,15618,15517,347
25.298616409301758,17.77,0.0,0.010607777163386345,2.3158693313598633,-28.37321331,680,45,0.0005,0.07571004331111908,15699,15598,348
24.707727432250977,18.18,0.0,0.011046243831515312,1.6225872039794922,-28.459880440000003,684,45,0.0005,0.20582377910614014,15789,15688,349
24.93018341064453,18.3,0.0,0.011503186076879501,1.0462017059326172,-28.30229253,688,45,0.0005,0.07713717967271805,15848,15747,350
25.373144149780273,18.41,0.0,0.011853201314806938,0.37970414757728577,-28.385750640000005,692,45,0.0005,0.1066553145647049,15918,15817,351
25.396202087402344,18.57,0.0,0.012181476689875126,-1.309981346130371,-28.335118830000006,696,45,0.0005,0.11969491839408875,16004,15903,352
25.34429931640625,18.56,0.0,0.012295523658394814,0.24008449912071228,-28.44342502,700,45,0.0005,0.11047098785638809,16079,15978,354
25.09576988220215,18.66,0.0,0.012408912181854248,-0.7751634120941162,-28.384632019999998,704,45,0.0005,0.10077205300331116,16154,16053,355
24.68198013305664,18.87,0.0,0.012703223153948784,0.7472899556159973,-28.40712631,708,45,0.0005,0.07039428502321243,16226,16125,356
25.613794326782227,19.02,0.0,0.012759754434227943,0.4762535095214844,-28.386305079999996,712,45,0.0005,0.10117383301258087,16298,16197,357
25.619855880737305,19.02,0.0,0.012827751226723194,0.4864208400249481,-28.40382966,716,45,0.0005,0.08922199159860611,16361,16260,358
25.195228576660156,19.02,0.0,0.012999709695577621,0.3815179467201233,-28.45686038,720,45,0.0005,0.16495902836322784,16428,16327,359
24.9139404296875,19.15,0.0,0.013107609935104847,1.2138952016830444,-28.559338860000004,724,45,0.0005,0.21391987800598145,16502,16401,360
26.741443634033203,19.19,0.0,0.013248958624899387,-0.4366609454154968,-28.428492220000006,728,45,0.0005,0.34594011306762695,16563,16462,361
25.963289260864258,19.32,0.0,0.013354871422052383,-0.17996886372566223,-28.509547439999995,732,45,0.0005,0.29568347334861755,16643,16542,362
25.269351959228516,19.43,0.0,0.013590002432465553,1.2183798551559448,-28.527063560000002,736,46,0.0005,0.39136406779289246,16713,16612,363
25.924222946166992,19.45,0.0,0.013773367740213871,0.6100459098815918,-28.510346950000002,740,46,0.0005,0.24598202109336853,16776,16675,364
26.053956985473633,19.19,0.0,0.013879918493330479,-0.32288360595703125,-28.308499009999995,744,46,0.0005,0.17946290969848633,16854,16753,365
25.150299072265625,18.32,0.0,0.013723451644182205,2.0790979862213135,-28.04203162,748,46,0.0005,0.23541942238807678,16908,16807,366
28.32453155517578,18.04,0.0,0.014050307683646679,-1.3391749858856201,-27.83034996,752,46,0.0005,0.6449687480926514,16990,16889,367
26.204853057861328,17.93,0.0,0.01422874629497528,1.9382628202438354,-27.71031547999999,756,46,0.0005,0.15747307240962982,17071,16970,368
25.467796325683594,17.87,0.0,0.01429439801722765,-1.490910530090332,-27.629373620000003,760,46,0.0005,0.1509687304496765,17138,17037,369
25.50771141052246,17.98,0.0,0.013943953439593315,-1.23323655128479,-27.715437870000002,764,46,0.0005,0.07016516476869583,17210,17109,370
25.432409286499023,18.02,0.0,0.013725069351494312,-0.4818563461303711,-27.59431982,768,46,0.0005,0.11091546714305878,17284,17183,371
24.99188232421875,18.05,0.0,0.01358755398541689,-0.8286594748497009,-27.506556879999998,772,46,0.0005,0.11613814532756805,17353,17252,372
25.20427894592285,17.94,0.0,0.013415633700788021,-1.192216396331787,-27.515642250000006,776,46,0.0005,0.19017240405082703,17412,17311,373
25.63819122314453,17.68,0.0,0.013306808657944202,-0.9042412638664246,-27.56359246,780,46,0.0005,0.04783377796411514,17467,17366,374
25.438831329345703,17.4,0.0,0.013134337961673737,-2.460460662841797,-27.399282600000003,784,46,0.0005,0.10577218234539032,17529,17428,375
24.929351806640625,17.52,0.0,0.01309650857001543,-0.6568772792816162,-27.27963037,788,46,0.0005,0.2215743213891983,17600,17499,376
25.191974639892578,17.54,0.0,0.01293005608022213,-0.05472879111766815,-27.16667571,792,46,0.0005,0.1562557816505432,17672,17571,377
25.23006820678711,17.22,0.0,0.012875224463641644,0.5589252710342407,-27.127306309999998,796,46,0.0005,0.07353806495666504,17726,17625,378
25.533742904663086,17.17,0.0,0.012875047512352467,-1.171948790550232,-26.91015428,800,46,0.0005,0.09344713389873505,17796,17695,379
25.647125244140625,17.05,0.0,0.012863995507359505,0.5630205869674683,-26.79704384,804,46,0.0005,0.06076614186167717,17859,17758,380
24.878080368041992,16.92,0.0,0.013012721203267574,0.46599578857421875,-26.69486497000001,808,47,0.0005,0.2801319658756256,17918,17817,380
24.57390022277832,16.76,0.0,0.013221725821495056,0.8392414450645447,-26.62413947000001,812,47,0.0005,0.2909618318080902,17974,17873,381
24.86836814880371,16.74,0.0,0.013405721634626389,0.9115639925003052,-26.61390159,816,47,0.0005,0.10719243437051773,18035,17934,382
25.335086822509766,16.73,0.0,0.013618739321827888,0.6764867901802063,-26.60080119,820,47,0.0005,0.07225815951824188,18101,18000,383
24.985647201538086,16.63,0.0,0.013653254136443138,1.2223448753356934,-26.42343806,824,47,0.0005,0.09165286272764206,18165,18064,384
25.40999984741211,16.61,0.0,0.013873783871531487,-0.46180838346481323,-26.47550901,828,47,0.0005,0.15228085219860077,18224,18123,385
25.27031898498535,16.44,0.0,0.01374645996838808,-0.34623807668685913,-26.392242460000002,832,47,0.0005,0.06552113592624664,18287,18186,386
25.281307220458984,16.53,0.0,0.013560257852077484,-0.20030811429023743,-26.40338505,836,47,0.0005,0.09690607339143753,18366,18265,387
24.667343139648438,16.64,0.0,0.013495314866304398,-0.4969292879104614,-26.26525708,840,47,0.0005,0.12015905976295471,18440,18339,388
25.268699645996094,16.59,0.0,0.013459942303597927,0.03496059030294418,-26.280475170000003,844,47,0.0005,0.17496924102306366,18513,18412,389
25.660167694091797,16.68,0.0,0.013467902317643166,-0.15958184003829956,-26.35549802,848,47,0.0005,0.09274637699127197,18576,18475,390
25.163061141967773,16.55,0.0,0.01332820300012827,0.10576480627059937,-26.26560658,852,47,0.0005,0.1161724328994751,18645,18544,391
24.983522415161133,16.36,0.0,0.013264655135571957,-0.8259833455085754,-26.31140555,856,47,0.0005,0.10136541724205017,18707,18606,392
24.803466796875,16.3,0.0,0.013317853212356567,0.2050451785326004,-26.31413111,860,47,0.0005,0.16529521346092224,18768,18667,393
24.784038543701172,16.27,0.0,0.013428913429379463,0.6751537322998047,-26.21599452,864,47,0.0005,0.12025508284568787,18837,18736,394
24.62688446044922,16.01,0.0,0.013647603802382946,-0.560584306716919,-26.25702134,868,47,0.0005,0.10471834987401962,18885,18784,395
24.888690948486328,15.99,0.0,0.013753022998571396,0.18976199626922607,-26.179605100000003,872,47,0.0005,0.14465764164924622,18952,18851,396
25.367979049682617,16.1,0.0,0.013768397271633148,-0.5894606113433838,-26.20014452,876,47,0.0005,0.10314607620239258,19022,18921,397
25.329513549804688,16.29,0.0,0.013903439976274967,-0.9970829486846924,-26.203401260000007,880,47,0.0005,0.09598712623119354,19096,18995,398
25.393848419189453,16.38,0.0,0.013939485885202885,-0.29776936769485474,-26.26344983,884,48,0.0005,0.1290402114391327,19167,19066,399
25.214149475097656,16.3,0.0,0.013918211683630943,0.16534960269927979,-26.35190457,888,48,0.0005,0.12711095809936523,19230,19129,400
24.51404571533203,16.23,0.0,0.013726037926971912,1.8647969961166382,-26.415230029999996,892,48,0.0005,0.17141377925872803,19295,19194,401
25.228031158447266,16.31,0.0,0.013698470778763294,-0.3023061454296112,-26.407025939999997,896,48,0.0005,0.1806381791830063,19357,19256,401
25.269775390625,16.17,0.0,0.013655832037329674,-1.2390732765197754,-26.540656990000002,900,48,0.0005,0.14138321578502655,19413,19312,402
25.054893493652344,16.2,0.0,0.013511037454009056,-1.4277373552322388,-26.520498579999998,904,48,0.0005,0.11583136022090912,19479,19378,403
25.153099060058594,16.37,0.0,0.01331312395632267,-0.30052006244659424,-26.551297960000007,908,48,0.0005,0.10700689256191254,19555,19454,404
24.784460067749023,16.49,0.0,0.013235175050795078,0.1649250090122223,-26.57358175,912,48,0.0005,0.12257810682058334,19623,19522,405
24.932960510253906,16.5,0.0,0.012991870753467083,0.8352584838867188,-26.58520192,916,48,0.0005,0.19660834968090057,19685,19584,406
24.819873809814453,16.49,0.0,0.013023864477872849,-0.1129189133644104,-26.59697527000001,920,48,0.0005,0.09594343602657318,19750,19649,407
24.73931121826172,16.38,0.0,0.013172849081456661,-0.18446782231330872,-26.6437797,924,48,0.0005,0.07895539700984955,19803,19702,408
25.160808563232422,16.52,0.0,0.013220572844147682,0.7392395734786987,-26.565882449999993,928,48,0.0005,0.08548469841480255,19876,19775,409
24.908273696899414,16.56,0.0,0.013312761671841145,-0.026262208819389343,-26.54354114,932,48,0.0005,0.072897769510746,19943,19842,410
25.138660430908203,16.62,0.0,0.013337554410099983,-0.15151089429855347,-26.461172020000003,936,46,0.0005,0.23291054368019104,20028,19927,427
25.111465454101562,16.56,0.0,0.013439630158245564,1.0600730180740356,-26.49418774,940,46,0.0005,0.06336933374404907,20096,19995,428
24.84922981262207,16.62,0.0,0.013389737345278263,0.5758323073387146,-26.47724495,944,46,0.0005,0.11133721470832825,20175,20074,429
25.132465362548828,16.71,0.0,0.013589166104793549,-0.3986120820045471,-26.424611530000004,948,46,0.0005,0.06109911575913429,20247,20146,430
24.768190383911133,16.74,0.0,0.01348623726516962,0.6597277522087097,-26.400178999999998,952,47,0.0005,0.04386812448501587,20319,20218,432
24.83936309814453,16.84,0.0,0.013843128457665443,1.3133174180984497,-26.39651699,956,47,0.0005,0.12874668836593628,20391,20290,433
24.701475143432617,16.91,0.0,0.013992007821798325,0.8757395148277283,-26.359690759999992,960,47,0.0005,0.09556348621845245,20459,20358,434
24.859434127807617,16.91,0.0,0.014035195112228394,0.7607669830322266,-26.39424477,964,47,0.0005,0.04331817477941513,20528,20427,435
24.907779693603516,17.16,0.0,0.014109954237937927,-0.8314477205276489,-26.38662761,968,47,0.0005,0.05496867373585701,20601,20500,436
25.228992462158203,17.22,0.0,0.014156030490994453,-0.17430314421653748,-26.483964540000002,972,47,0.0005,0.0783371776342392,20674,20573,437
24.517742156982422,17.23,0.0,0.014427305199205875,-0.20745408535003662,-26.568667069999996,976,47,0.0005,0.15820738673210144,20745,20644,438
25.858585357666016,17.1,0.0,0.014396538026630878,1.4725745916366577,-26.664205940000002,980,47,0.0005,0.12198421359062195,20806,20705,439
25.18231773376465,17.1,0.0,0.014659932814538479,0.08468291163444519,-26.564442230000004,984,47,0.0005,0.14721131324768066,20877,20776,440
24.64548110961914,17.11,0.0,0.014880585484206676,1.5235621929168701,-26.556291379999994,988,47,0.0005,0.08272522687911987,20941,20840,441
24.79560089111328,17.23,0.0,0.015137216076254845,0.3265409469604492,-26.517035479999993,992,47,0.0005,0.10161563754081726,21018,20917,442
24.868412017822266,17.28,0.0,0.015268390066921711,0.4202563464641571,-26.516303510000004,996,47,0.0005,0.10377906262874603,21085,20984,443
25.078845977783203,17.46,0.0,0.015302186831831932,0.1200474202632904,-26.456230330000004,1000,47,0.0005,0.1474568247795105,21159,21058,444
24.132221221923828,17.51,0.0,0.015238664112985134,2.1923727989196777,-26.478123090000008,1004,47,0.0005,0.10072880238294601,21230,21129,445
25.14382553100586,17.55,0.0,0.015508987009525299,0.12329909205436707,-26.466727260000006,1008,47,0.0005,0.0991499125957489,21310,21209,446
24.307968139648438,17.43,0.0,0.01541406475007534,0.12991666793823242,-26.4634475,1012,47,0.0005,0.16896489262580872,21366,21265,447
24.20470428466797,17.39,0.0,0.015388295985758305,0.5352383852005005,-26.37127448,1016,47,0.0005,0.1318884640932083,21424,21323,448
24.620107650756836,17.39,0.0,0.01541902031749487,0.43822842836380005,-26.393306940000002,1020,47,0.0005,0.09728935360908508,21489,21388,449
24.158893585205078,17.47,0.0,0.015340257436037064,-0.1729089468717575,-26.38266718,1024,47,0.0005,0.11205202341079712,21550,21449,449
24.95659637451172,17.38,0.0,0.015606250613927841,0.18480738997459412,-26.417104530000003,1028,47,0.0005,0.0734938383102417,21614,21513,450
24.832435607910156,17.29,0.0,0.015633108094334602,-0.9355705976486206,-26.449434349999997,1032,47,0.0005,0.10600432753562927,21672,21571,451
24.696372985839844,17.03,0.0,0.01587570458650589,-0.8315884470939636,-26.455911500000003,1036,48,0.0005,0.10220915079116821,21731,21630,452
24.758159637451172,16.96,0.0,0.01585063710808754,-0.5352059006690979,-26.52911391,1040,48,0.0005,0.2042500227689743,21792,21691,453
24.818401336669922,16.86,0.0,0.015822364017367363,-0.18601256608963013,-26.402102950000007,1044,48,0.0005,0.09025991708040237,21861,21760,454
24.661293029785156,16.81,0.0,0.015685010701417923,-0.11406758427619934,-26.396290490000002,1048,48,0.0005,0.1619117259979248,21928,21827,455
24.764909744262695,16.82,0.0,0.015585629269480705,0.25348755717277527,-26.461974,1052,48,0.0005,0.08661267161369324,22001,21900,456
24.91510009765625,16.78,0.0,0.01562725007534027,0.6433683633804321,-26.38589825,1056,48,0.0005,0.06197502091526985,22069,21968,457
24.53165626525879,16.72,0.0,0.015468993224203587,1.216269850730896,-26.42542155,1060,48,0.0005,0.04141475260257721,22131,22030,458
25.526405334472656,16.73,0.0,0.01569732464849949,-0.21922877430915833,-26.445789839999996,1064,48,0.0005,0.12451936304569244,22201,22100,459
25.32774543762207,16.64,0.0,0.01552645768970251,-0.6111786961555481,-26.49528158,1068,48,0.0005,0.09697088599205017,22265,22164,460
24.821287155151367,16.67,0.0,0.015405387617647648,0.4773390591144562,-26.519191229999997,1072,48,0.0005,0.12485040724277496,22341,22240,461
24.714204788208008,16.67,0.0,0.015379485674202442,-0.40993860363960266,-26.3900207,1076,48,0.0005,0.11946439743041992,22412,22311,462
24.43987464904785,16.86,0.0,0.015281522646546364,0.4283556640148163,-26.283348260000004,1080,48,0.0005,0.09285461902618408,22492,22391,463
25.10008430480957,16.8,0.0,0.015244135633111,-0.7814532518386841,-26.297549619999998,1084,48,0.0005,0.044544950127601624,22557,22456,464
24.767662048339844,16.85,0.0,0.015164676122367382,1.1685751676559448,-26.280285440000007,1088,48,0.0005,0.14781099557876587,22626,22525,465
24.853605270385742,16.78,0.0,0.01521571259945631,0.01618117094039917,-26.26357208,1092,48,0.0005,0.13141554594039917,22696,22595,466
25.06871795654297,16.69,0.0,0.015321549959480762,0.17083564400672913,-26.19473909,1096,48,0.0005,0.06724819540977478,22754,22653,467
24.356983184814453,16.67,0.0,0.015381348319351673,-0.05216258764266968,-26.213516050000006,1100,48,0.0005,0.07633271813392639,22826,22725,468
24.35102653503418,16.61,0.0,0.015342246741056442,0.5882748365402222,-26.31497648,1104,48,0.0005,0.0977449044585228,22891,22790,469
24.9217529296875,16.44,0.0,0.015504994429647923,0.3164563775062561,-26.3709335,1108,48,0.0005,0.16655835509300232,22954,22853,470
24.639183044433594,16.55,0.0,0.015588817186653614,0.17592033743858337,-26.41910675,1112,48,0.0005,0.15687185525894165,23021,22920,471
24.346969604492188,16.55,0.0,0.015572130680084229,-1.0523186922073364,-26.40471102,1116,48,0.0005,0.12728185951709747,23079,22978,472
24.92632293701172,16.45,0.0,0.015431473031640053,-0.07567170262336731,-26.35643686,1120,48,0.0005,0.07468114793300629,23134,23033,473
24.461627960205078,16.61,0.0,0.015419203788042068,0.30498915910720825,-26.33442668,1124,48,0.0005,0.17935815453529358,23211,23110,474
24.066566467285156,16.58,0.0,0.01534139085561037,1.1110612154006958,-26.45697217,1128,48,0.0005,0.1748000681400299,23272,23171,475
24.39630126953125,16.69,0.0,0.015410228632390499,1.5385432243347168,-26.36295475,1132,49,0.0005,0.11937215924263,23341,23240,476
24.305831909179688,16.83,0.0,0.015532455407083035,0.3614632487297058,-26.38724509,1136,49,0.0005,0.12316757440567017,23414,23313,477
25.039112091064453,16.96,0.0,0.01567724160850048,-1.3404057025909424,-26.32237638,1140,49,0.0005,0.09553537517786026,23488,23387,478
24.60079002380371,16.96,0.0,0.015727009624242783,0.06041141599416733,-26.42501439,1144,49,0.0005,0.10707593709230423,23557,23456,479
24.937074661254883,16.95,0.0,0.01588001288473606,-0.9696173667907715,-26.400025879999998,1148,49,0.0005,0.059593647718429565,23623,23522,480
24.640262603759766,16.94,0.0,0.01568286307156086,0.026476629078388214,-26.362616890000005,1152,49,0.0005,0.1359473168849945,23695,23594,481
23.955581665039062,16.9,0.0,0.015602724626660347,0.6743892431259155,-26.42111983,1156,49,0.0005,0.15918608009815216,23759,23658,482
24.896291732788086,17.03,0.0,0.015615205280482769,0.5123639106750488,-26.436716009999994,1160,49,0.0005,0.08633357286453247,23834,23733,483
24.745784759521484,17.1,0.0,0.01559559814631939,0.36333176493644714,-26.43768768,1164,49,0.0005,0.0634198933839798,23911,23810,484
24.84320068359375,17.06,0.0,0.015774250030517578,0.20898151397705078,-26.361434420000005,1168,49,0.0005,0.16396686434745789,23971,23870,485
24.878639221191406,17.02,0.0,0.01558020431548357,-1.7304034233093262,-26.532405840000003,1172,49,0.0005,0.06676128506660461,24043,23942,487
24.71247673034668,16.98,0.0,0.015504173003137112,0.00231364369392395,-26.64254323,1176,49,0.0005,0.31207531690597534,24110,24009,488
24.426300048828125,16.91,0.0,0.015464428812265396,1.092144250869751,-26.68129073,1180,49,0.0005,0.08736491203308105,24183,24082,489
24.74635124206543,16.96,0.0,0.015564789064228535,-0.2390815168619156,-26.83164111,1184,49,0.0005,0.08703772723674774,24253,24152,490
24.933013916015625,16.93,0.0,0.015542109496891499,-0.1744222790002823,-26.87366978,1188,49,0.0005,0.08862403780221939,24319,24218,491
24.714393615722656,16.97,0.0,0.015497810207307339,0.1365133821964264,-26.878503650000003,1192,49,0.0005,0.05272652581334114,24393,24292,492
24.394481658935547,17.1,0.0,0.015404947102069855,0.8031644821166992,-26.826622710000002,1196,49,0.0005,0.0686805248260498,24464,24363,493
25.248291015625,17.11,0.0,0.015497906133532524,-0.5027310252189636,-26.75091386,1200,49,0.0005,0.10921642184257507,24537,24436,494
24.42984390258789,17.16,0.0,0.015572079457342625,0.8340359330177307,-26.681907719999998,1204,49,0.0005,0.0720871090888977,24607,24506,495
24.17411994934082,17.19,0.0,0.015468374826014042,1.6020561456680298,-26.585982940000005,1208,49,0.0005,0.14611540734767914,24673,24572,496
24.207456588745117,17.26,0.0,0.015530937351286411,-0.4479374587535858,-26.424278900000004,1212,49,0.0005,0.06543118506669998,24747,24646,497
25.003437042236328,17.36,0.0,0.015638267621397972,0.18594422936439514,-26.521560069999996,1216,49,0.0005,0.1174447312951088,24815,24714,498
24.56757926940918,17.43,0.0,0.015583868138492107,0.05298291891813278,-26.518473869999998,1220,49,0.0005,0.09186571836471558,24877,24776,499
24.268115997314453,17.35,0.0,0.015737969428300858,0.814493715763092,-26.565704760000003,1224,49,0.0005,0.07972002774477005,24946,24845,500
24.495634078979492,17.34,0.0,0.015715008601546288,-0.1468103528022766,-26.59063921,1228,49,0.0005,0.07985464483499527,25006,24905,501
24.09126091003418,17.37,0.0,0.015567691065371037,0.4322018027305603,-26.575727930000006,1232,49,0.0005,0.1353985071182251,25078,24977,502
24.46904754638672,17.25,0.0,0.01567629911005497,0.4082527160644531,-26.58947363,1236,49,0.0005,0.07754886150360107,25139,25038,503
24.419940948486328,17.18,0.0,0.01569889672100544,0.2970944046974182,-26.54885722,1240,49,0.0005,0.07470886409282684,25206,25105,504
24.554134368896484,17.3,0.0,0.01548816915601492,0.7907395362854004,-26.51979965,1244,50,0.0005,0.08484198898077011,25287,25186,505
24.550968170166016,17.41,0.0,0.015447279438376427,-0.07103939354419708,-26.518495370000004,1248,50,0.0005,0.11761550605297089,25364,25263,506
24.45674705505371,17.5,0.0,0.015273349359631538,0.5931779146194458,-26.54993831,1252,50,0.0005,0.1160525381565094,25445,25344,507
25.416406631469727,17.59,0.0,0.015394365414977074,-0.0032949447631835938,-26.478656649999998,1256,50,0.0005,0.6004946827888489,25518,25417,509
24.633026123046875,17.4,0.0,0.015368577092885971,1.400384545326233,-26.52144634,1260,50,0.0005,0.07539874315261841,25574,25473,509
24.83249855041504,17.34,0.0,0.015438309870660305,-0.4203037619590759,-26.543301880000005,1264,50,0.0005,0.1067131906747818,25645,25544,510
24.485183715820312,17.42,0.0,0.015481192618608475,-0.8126633167266846,-26.59893033,1268,50,0.0005,0.12265928089618683,25713,25612,511
24.805187225341797,17.29,0.0,0.015681689605116844,-0.48958462476730347,-26.3914037,1272,50,0.0005,0.12053653597831726,25772,25671,512
24.561058044433594,17.29,0.0,0.015627577900886536,0.35782966017723083,-26.368382190000002,1276,50,0.0005,0.07512737810611725,25839,25738,513
24.263566970825195,17.28,0.0,0.015491927973926067,-0.3810599744319916,-26.250170819999997,1280,50,0.0005,0.12243504822254181,25911,25810,514
24.36394500732422,17.14,0.0,0.01545261312276125,-0.2599181532859802,-26.178456520000005,1284,50,0.0005,0.18836724758148193,25967,25866,515
24.40399932861328,17.14,0.0,0.015281901694834232,-0.6644682884216309,-26.153133419999996,1288,50,0.0005,0.10447143018245697,26033,25932,516
24.43108367919922,17.09,0.0,0.015082739293575287,0.6760390996932983,-26.123158639999996,1292,50,0.0005,0.07572171092033386,26102,26001,517
24.046241760253906,17.05,0.0,0.014915281906723976,-0.46119949221611023,-26.342278799999995,1296,50,0.0005,0.05193633586168289,26169,26068,518
24.26254653930664,17.01,0.0,0.014917664229869843,1.0815253257751465,-26.385768620000004,1300,50,0.0005,0.21096280217170715,26238,26137,519
24.02340316772461,17.08,0.0,0.014940764755010605,0.6410448551177979,-26.354063189999998,1304,50,0.0005,0.07811103016138077,26315,26214,520
24.058326721191406,17.15,0.0,0.014956938102841377,0.7823594808578491,-26.260748090000003,1308,50,0.0005,0.07925066351890564,26388,26287,521
24.1749324798584,17.05,0.0,0.014997153542935848,-1.3124415874481201,-26.23467352,1312,50,0.0005,0.0751558467745781,26452,26351,522
24.6593017578125,17.14,0.0,0.015151897445321083,-0.5106149911880493,-26.17519038,1316,50,0.0005,0.036506738513708115,26529,26428,523
24.399738311767578,17.23,0.0,0.015327929519116879,0.2630636692047119,-26.07112389,1320,50,0.0005,0.08090037107467651,26600,26499,524
24.478763580322266,17.3,0.0,0.015393492765724659,-1.0745303630828857,-26.036755080000002,1324,50,0.0005,0.07623429596424103,26676,26575,525
25.05365753173828,17.5,0.0,0.015672847628593445,0.9792797565460205,-25.841239740000006,1328,50,0.0005,0.3268457353115082,26756,26655,527
24.615657806396484,17.55,0.0,0.015903867781162262,-1.2378286123275757,-25.848525729999995,1332,50,0.0005,0.1154763475060463,26833,26732,528
24.530851364135742,17.68,0.0,0.015839584171772003,1.2750873565673828,-25.852469069999998,1336,50,0.0005,0.10557510703802109,26907,26806,529
24.31354522705078,17.79,0.0,0.015906598418951035,0.11265316605567932,-25.893439939999997,1340,50,0.0005,0.20433729887008667,26985,26884,530
24.421157836914062,17.58,0.0,0.015868235379457474,0.50679612159729,-25.95007305,1344,50,0.0005,0.10936813801527023,27045,26944,531
24.871112823486328,17.5,0.0,0.015740949660539627,-0.12015879899263382,-26.012883700000007,1348,50,0.0005,0.13689351081848145,27114,27013,532
23.95042610168457,17.5,0.0,0.01568109169602394,-0.37915655970573425,-26.083802289999998,1352,50,0.0005,0.11174915730953217,27195,27094,533
24.73556137084961,17.43,0.0,0.015588229522109032,0.22881489992141724,-26.029681459999995,1356,50,0.0005,0.08594712615013123,27261,27160,534
24.57177734375,17.56,0.0,0.015490259043872356,-1.1412022113800049,-26.014204339999996,1360,51,0.0005,0.1697828769683838,27330,27229,535
23.816085815429688,17.58,0.0,0.015387920662760735,-0.33862555027008057,-25.879635840000002,1364,51,0.0005,0.08637496829032898,27403,27302,536
24.425729751586914,17.62,0.0,0.01563120074570179,-0.6574475765228271,-25.763548950000004,1368,51,0.0005,0.058583296835422516,27475,27374,537
23.883487701416016,17.72,0.0,0.015358159318566322,1.84251868724823,-25.737223639999996,1372,51,0.0005,0.05845273658633232,27544,27443,538
24.350475311279297,17.74,0.0,0.015620269812643528,-0.3080364465713501,-25.663482590000005,1376,51,0.0005,0.07335574924945831,27613,27512,539
24.38131332397461,17.61,0.0,0.015787510201334953,0.8543687462806702,-25.759415519999997,1380,51,0.0005,0.07560628652572632,27672,27571,540
24.66832733154297,17.8,0.0,0.015950020402669907,-1.3916430473327637,-25.655279609999997,1384,51,0.0005,0.1658017933368683,27747,27646,541
24.7658634185791,17.71,0.0,0.015924137085676193,0.1096268892288208,-25.652902410000003,1388,51,0.0005,0.10488399863243103,27804,27703,542
24.25279426574707,17.54,0.0,0.015763161703944206,-0.32224082946777344,-25.738806459999996,1392,51,0.0005,0.17482979595661163,27856,27755,543
24.336227416992188,17.51,0.0,0.015788035467267036,0.05004875361919403,-25.605561909999995,1396,51,0.0005,0.10885034501552582,27920,27819,544
24.610963821411133,17.47,0.0,0.015620134770870209,0.9227898120880127,-25.652423350000003,1400,51,0.0005,0.06877687573432922,27985,27884,545
24.311660766601562,17.31,0.0,0.015553800389170647,-0.3709242641925812,-25.676029009999997,1404,51,0.0005,0.11592528223991394,28046,27945,546
24.482349395751953,17.23,0.0,0.0156544279307127,0.8518988490104675,-25.783834679999995,1408,51,0.0005,0.12011084705591202,28111,28010,547
24.91607666015625,17.34,0.0,0.015672247856855392,-0.8204473257064819,-25.798908349999998,1412,51,0.0005,0.24753543734550476,28186,28085,548
24.800737380981445,17.24,0.0,0.015883928164839745,-1.1298887729644775,-25.753458929999997,1416,51,0.0005,0.09641723334789276,28253,28152,549
24.164745330810547,17.2,0.0,0.01577342301607132,-0.784916877746582,-25.831721020000003,1420,51,0.0005,0.06580886244773865,28320,28219,550
24.107383728027344,17.11,0.0,0.015560359694063663,0.108730249106884,-25.826631929999998,1424,51,0.0005,0.07935731112957001,28387,28286,551
24.465904235839844,17.01,0.0,0.015542538836598396,-0.4499985873699188,-25.83023416,1428,51,0.0005,0.08319562673568726,28457,28356,552
24.072490692138672,16.83,0.0,0.015361865982413292,0.23453843593597412,-25.885425840000003,1432,51,0.0005,0.11822056025266647,28516,28415,552
24.06688690185547,16.76,0.0,0.015346622094511986,-0.11649028211832047,-25.855815920000005,1436,51,0.0005,0.07599259912967682,28583,28482,553
24.534616470336914,16.61,0.0,0.015359521843492985,-0.6887768507003784,-25.884284430000008,1440,51,0.0005,0.11859701573848724,28646,28545,554
24.41809844970703,16.61,0.0,0.015478217042982578,-0.5705467462539673,-25.85821473,1444,51,0.0005,0.12935876846313477,28706,28605,555
24.18478012084961,16.57,0.0,0.015560158528387547,0.006727665662765503,-25.837397799999998,1448,51,0.0005,0.04993008077144623,28771,28670,556
23.951984405517578,16.43,0.0,0.015659339725971222,-0.335632860660553,-25.7058002,1452,51,0.0005,0.12295623123645782,28838,28737,557
24.57086944580078,16.45,0.0,0.015702851116657257,1.3490376472473145,-25.828610940000004,1456,51,0.0005,0.054228276014328,28906,28805,558
24.243053436279297,16.51,0.0,0.015333857387304306,-1.155274748802185,-25.718460659999995,1460,51,0.0005,0.044337280094623566,28981,28880,559
24.401966094970703,16.44,0.0,0.015344448387622833,0.3204481601715088,-25.74190675,1464,51,0.0005,0.07512439787387848,29047,28946,560
24.671228408813477,16.35,0.0,0.015414095483720303,-0.04823094606399536,-25.719698820000005,1468,51,0.0005,0.11219699680805206,29110,29009,561
23.825565338134766,16.37,0.0,0.015359140932559967,-0.01707148551940918,-25.634093649999997,1472,51,0.0005,0.054715730249881744,29181,29080,562
24.67959976196289,16.33,0.0,0.01538887619972229,0.6104276180267334,-25.60880093,1476,51,0.0005,0.0695839673280716,29246,29145,563
24.63361358642578,16.42,0.0,0.01553910132497549,0.1376100778579712,-25.548679189999998,1480,51,0.0005,0.12518170475959778,29314,29213,564
24.019153594970703,16.34,0.0,0.01567101664841175,-0.9755566716194153,-25.560574329999998,1484,51,0.0005,0.06899747252464294,29381,29280,565
23.962867736816406,16.46,0.0,0.015579914674162865,0.5106766223907471,-25.549203299999995,1488,51,0.0005,0.07680144906044006,29450,29349,566
23.917678833007812,16.61,0.0,0.015726221725344658,0.6930923461914062,-25.531614799999996,1492,52,0.0005,0.09738558530807495,29517,29416,567
24.54673194885254,16.64,0.0,0.016001975163817406,-0.7459017038345337,-25.59395768,1496,52,0.0005,0.07207547873258591,29584,29483,568
24.367698669433594,16.7,0.0,0.01609121635556221,-0.058670610189437866,-25.4545729,1500,52,0.0005,0.08503067493438721,29655,29554,569
24.114356994628906,16.66,0.0,0.016065722331404686,-0.09135602414608002,-25.43736422,1504,52,0.0005,0.11855039745569229,29712,29611,570
23.994125366210938,16.69,0.0,0.01600762829184532,-0.0933806523680687,-25.36358474999999,1508,52,0.0005,0.07172054052352905,29780,29679,571
24.172725677490234,16.56,0.0,0.01600709557533264,-1.0898776054382324,-25.41871706,1512,52,0.0005,0.14842495322227478,29842,29741,572
23.467140197753906,16.63,0.0,0.015960244461894035,1.3744127750396729,-25.45856512,1516,52,0.0005,0.0999779999256134,29916,29815,573
24.48611068725586,16.62,0.0,0.016072910279035568,1.7743427753448486,-25.45992546,1520,52,0.0005,0.13773322105407715,29982,29881,574
24.554332733154297,16.7,0.0,0.016186192631721497,-1.827359914779663,-25.436675560000005,1524,50,0.0005,0.12089574337005615,30057,29956,590
24.368579864501953,16.76,0.0,0.01614386774599552,-0.7127655148506165,-25.438044309999995,1528,50,0.0005,0.054266393184661865,30133,30032,591
24.00225830078125,16.81,0.0,0.015952028334140778,0.7824373841285706,-25.525775249999995,1532,50,0.0005,0.042963121086359024,30197,30096,592
23.852859497070312,16.85,0.0,0.01597488857805729,0.12312749028205872,-25.49032263,1536,51,0.0005,0.13014525175094604,30268,30167,593
24.550865173339844,16.85,0.0,0.015988346189260483,-0.5435708165168762,-25.47995409,1540,51,0.0005,0.09258729219436646,30331,30230,594
24.348543167114258,16.99,0.0,0.015959439799189568,-0.3251632750034332,-25.46192555,1544,51,0.0005,0.09190555661916733,30405,30304,595
23.691329956054688,17.03,0.0,0.015984639525413513,0.23814605176448822,-25.32208862,1548,51,0.0005,0.07762783765792847,30474,30373,596
24.336109161376953,16.99,0.0,0.016191866248846054,0.011686474084854126,-25.372799760000003,1552,51,0.0005,0.07934780418872833,30537,30436,597
24.11975860595703,17.05,0.0,0.016232173889875412,0.14207342267036438,-25.31464948,1556,51,0.0005,0.1080903634428978,30611,30510,598
23.844486236572266,17.03,0.0,0.016126804053783417,0.1984262466430664,-25.355058219999997,1560,51,0.0005,0.09831906855106354,30684,30583,599
23.973730087280273,16.97,0.0,0.01617731899023056,-1.3854472637176514,-25.405201850000005,1564,51,0.0005,0.07612612843513489,30744,30643,600
23.555892944335938,17.05,0.0,0.016066933050751686,-0.6488143801689148,-25.48671204,1568,51,0.0005,0.10119448602199554,30815,30714,601
23.429479598999023,16.93,0.0,0.0159823689609766,-0.8978404998779297,-25.53059081,1572,51,0.0005,0.1269012689590454,30874,30773,602
24.27851676940918,17.04,0.0,0.01622708886861801,0.7227871417999268,-25.524114729999997,1576,51,0.0005,0.16806980967521667,30950,30849,603
24.939456939697266,17.03,0.0,0.016586480662226677,-0.44502711296081543,-25.530517359999997,1580,51,0.0005,0.12309393286705017,31017,30916,604
24.466541290283203,17.03,0.0,0.016640421003103256,-0.4344084858894348,-25.56211894,1584,51,0.0005,0.11038274317979813,31084,30983,605
23.817256927490234,17.03,0.0,0.016512790694832802,-0.44166168570518494,-25.568287400000003,1588,51,0.0005,0.10049481689929962,31153,31052,606
24.215879440307617,17.04,0.0,0.016380004584789276,-0.19478395581245422,-25.419728619999997,1592,51,0.0005,0.11635661125183105,31221,31120,607
23.802995681762695,17.1,0.0,0.01625421829521656,0.13430729508399963,-25.26986429,1596,51,0.0005,0.036961860954761505,31294,31193,608
23.875267028808594,17.15,0.0,0.016415175050497055,0.18447695672512054,-25.34411298,1600,51,0.0005,0.04960571974515915,31370,31269,609
25.06853675842285,17.29,0.0,0.016612553969025612,-0.11691787838935852,-25.222950800000003,1604,51,0.0005,0.1046147346496582,31441,31340,610
24.01313591003418,17.33,0.0,0.016616934910416603,-1.406476616859436,-25.216285720000005,1608,51,0.0005,0.07687806338071823,31513,31412,611
23.40029525756836,17.43,0.0,0.016434285789728165,-0.0690041035413742,-25.106220289999996,1612,51,0.0005,0.1181405559182167,31585,31484,612
23.888404846191406,17.42,0.0,0.01649988256394863,0.18298357725143433,-24.99073979,1616,51,0.0005,0.0849379450082779,31658,31557,613
24.54999351501465,17.5,0.0,0.016492417082190514,-0.7071303129196167,-24.933943130000003,1620,51,0.0005,0.06560526043176651,31732,31631,614
23.968395233154297,17.45,0.0,0.01632571965456009,-1.5598549842834473,-25.002270810000006,1624,51,0.0005,0.06045223027467728,31802,31701,615
24.26495933532715,17.41,0.0,0.016402577981352806,-0.13936877250671387,-24.99750644,1628,51,0.0005,0.06391146034002304,31874,31773,616
24.390445709228516,17.48,0.0,0.01646517403423786,-0.7285496592521667,-24.88893558,1632,51,0.0005,0.06845913827419281,31945,31844,617
23.504554748535156,17.42,0.0,0.016383428126573563,-0.010921239852905273,-24.958409559999996,1636,51,0.0005,0.11988697946071625,32010,31909,618
24.111251831054688,17.48,0.0,0.016549255698919296,1.1133520603179932,-24.925109250000002,1640,51,0.0005,0.17600929737091064,32079,31978,619
24.56076431274414,17.5,0.0,0.01674211211502552,-2.168090343475342,-24.873695159999997,1644,51,0.0005,0.1203296110033989,32155,32054,620
24.152687072753906,17.54,0.0,0.0169396810233593,-1.369797706604004,-24.92808221,1648,51,0.0005,0.06687654554843903,32228,32127,621
23.563037872314453,17.55,0.0,0.016793187707662582,-0.46458131074905396,-24.93837939,1652,51,0.0005,0.13712896406650543,32292,32191,622
23.380767822265625,17.5,0.0,0.016691677272319794,1.0957443714141846,-24.964459999999995,1656,51,0.0005,0.12837690114974976,32361,32260,623
24.181779861450195,17.59,0.0,0.016779692843556404,-0.9670447707176208,-24.934238669999996,1660,51,0.0005,0.06783854961395264,32443,32342,625
24.218700408935547,17.61,0.0,0.016778212040662766,-1.1543837785720825,-24.923172249999997,1664,51,0.0005,0.07427120208740234,32505,32404,626
23.565322875976562,17.61,0.0,0.016662558540701866,-0.3503573536872864,-24.84874142,1668,51,0.0005,0.2277209758758545,32576,32475,627
23.82632064819336,17.79,0.0,0.016542233526706696,0.6078361868858337,-24.896145390000004,1672,51,0.0005,0.16325953602790833,32653,32552,628
24.08740997314453,17.71,0.0,0.016751671209931374,-0.5366790294647217,-25.01143352,1676,52,0.0005,0.11173968017101288,32721,32620,629
23.73638916015625,17.77,0.0,0.016651857644319534,0.449521541595459,-24.9720105,1680,52,0.0005,0.07275231182575226,32794,32693,630
23.794086456298828,17.77,0.0,0.01646244339644909,-0.5486557483673096,-25.038152150000002,1684,52,0.0005,0.06209807097911835,32861,32760,631
23.811416625976562,17.81,0.0,0.016475854441523552,-1.4426510334014893,-25.091031590000004,1688,52,0.0005,0.07291848212480545,32934,32833,632
23.726682662963867,17.8,0.0,0.016378365457057953,0.20674094557762146,-25.15953788,1692,52,0.0005,0.09598899632692337,33001,32900,633
23.663476943969727,17.67,0.0,0.01636848784983158,-0.13002943992614746,-25.34923233,1696,52,0.0005,0.054194796830415726,33061,32960,634
23.577320098876953,17.56,0.0,0.016400005668401718,0.7487708330154419,-25.30961146999999,1700,52,0.0005,0.11408791691064835,33126,33025,635
23.65986442565918,17.61,0.0,0.016344109550118446,1.1035127639770508,-25.397425849999994,1704,52,0.0005,0.08632127940654755,33202,33101,636
24.21402359008789,17.57,0.0,0.016436008736491203,-0.7607676982879639,-25.57648399,1708,52,0.0005,0.16368478536605835,33270,33169,637
23.276382446289062,17.5,0.0,0.016568735241889954,0.6490006446838379,-25.731513149999998,1712,52,0.0005,0.12924426794052124,33335,33234,638
23.56902503967285,17.45,0.0,0.016425667330622673,0.044741224497556686,-25.75284447,1716,52,0.0005,0.11445973813533783,33403,33302,639
23.974700927734375,17.49,0.0,0.016345808282494545,-0.9090906381607056,-25.775525700000003,1720,52,0.0005,0.29318198561668396,33481,33380,640
23.840011596679688,17.5,0.0,0.016196245327591896,-0.039850473403930664,-25.648651940000004,1724,52,0.0005,0.03868750482797623,33552,33451,641
23.47731590270996,17.46,0.0,0.016292745247483253,0.9804442524909973,-25.721830290000003,1728,52,0.0005,0.1551627814769745,33620,33519,642
23.592666625976562,17.38,0.0,0.01631873846054077,2.8514719009399414,-25.71002475,1732,52,0.0005,0.25924623012542725,33683,33582,643
23.78136444091797,17.46,0.0,0.016496270895004272,0.5720218420028687,-25.71956274,1736,52,0.0005,0.08492733538150787,33756,33655,644
23.886503219604492,17.42,0.0,0.01646285131573677,-0.17807385325431824,-25.74682259,1740,52,0.0005,0.08225804567337036,33821,33720,645
23.90765380859375,17.41,0.0,0.01636013202369213,-0.294463574886322,-25.73635399,1744,52,0.0005,0.07740497589111328,33896,33795,646
23.284149169921875,17.28,0.0,0.016386738047003746,0.03837689012289047,-25.81410926,1748,52,0.0005,0.15521928668022156,33956,33855,647
23.174129486083984,17.36,0.0,0.016431424766778946,0.46138277649879456,-25.81773144,1752,52,0.0005,0.1608792245388031,34028,33927,648
23.51981544494629,17.32,0.0,0.01628582365810871,0.5990612506866455,-25.82777305,1756,52,0.0005,0.10886900126934052,34093,33992,649
23.883962631225586,17.22,0.0,0.016184456646442413,-0.3679390847682953,-25.836742429999994,1760,52,0.0005,0.08336533606052399,34165,34064,650
24.12421417236328,17.36,0.0,0.015990562736988068,-0.49428245425224304,-25.824648519999997,1764,52,0.0005,0.07153473049402237,34241,34140,651
23.874732971191406,17.34,0.0,0.015889549627900124,0.4525686502456665,-25.806275649999996,1768,52,0.0005,0.08768406510353088,34310,34209,652
23.232135772705078,17.35,0.0,0.015868211165070534,1.0245825052261353,-25.755704259999998,1772,52,0.0005,0.18392321467399597,34388,34287,653
23.44818878173828,17.33,0.0,0.01581813208758831,4.666782379150391,-25.809398100000003,1776,52,0.0005,0.12850329279899597,34454,34353,654
23.876495361328125,17.21,0.0,0.01608189567923546,1.8823719024658203,-25.910143159999997,1780,52,0.0005,0.27399659156799316,34515,34414,655
23.886940002441406,17.24,0.0,0.016319600865244865,1.634774923324585,-25.736074509999998,1784,52,0.0005,0.14600148797035217,34585,34484,656
23.88558578491211,17.26,0.0,0.01650664210319519,0.9140245318412781,-25.63689891,1788,52,0.0005,0.08222625404596329,34660,34559,657
23.904674530029297,17.24,0.0,0.016487589105963707,0.845416784286499,-25.71379863,1792,52,0.0005,0.0691574290394783,34725,34624,658
24.305400848388672,17.25,0.0,0.016327042132616043,1.6610220670700073,-25.650204329999998,1796,52,0.0005,0.10587561130523682,34786,34685,659
23.825428009033203,17.31,0.0,0.01639052852988243,0.02889619767665863,-25.623722080000004,1800,52,0.0005,0.06900452077388763,34857,34756,660
23.35684585571289,17.21,0.0,0.016260946169495583,0.9434007406234741,-25.66842464,1804,52,0.0005,0.08828257024288177,34923,34822,661
23.84923553466797,17.19,0.0,0.016230061650276184,1.044996738433838,-25.555455570000003,1808,52,0.0005,0.08795125037431717,34989,34888,662
23.679214477539062,17.29,0.0,0.016175899654626846,0.7143083810806274,-25.415189849999997,1812,52,0.0005,0.09739430248737335,35064,34963,663
23.91177749633789,17.13,0.0,0.016192300245165825,-1.4616115093231201,-25.557150429999997,1816,52,0.0005,0.037505440413951874,35116,35015,664
23.566436767578125,17.11,0.0,0.015964463353157043,0.7541927695274353,-25.629294290000004,1820,52,0.0005,0.0733262151479721,35192,35091,665
23.801834106445312,17.04,0.0,0.015963329002261162,0.1617129147052765,-25.75051571,1824,52,0.0005,0.05019950866699219,35256,35155,666
23.566194534301758,17.06,0.0,0.015888532623648643,0.3118623197078705,-25.716986760000005,1828,52,0.0005,0.08767981827259064,35326,35225,667
23.714500427246094,17.08,0.0,0.015899136662483215,0.4647977948188782,-25.710938029999998,1832,52,0.0005,0.1205187514424324,35391,35290,668
23.864112854003906,16.99,0.0,0.01587025634944439,0.2678007483482361,-25.652422109999996,1836,52,0.0005,0.09412810206413269,35455,35354,669
23.555849075317383,17.0,0.0,0.015941215679049492,-0.11598784476518631,-25.609460769999995,1840,52,0.0005,0.1094212681055069,35521,35420,670
23.89299774169922,16.97,0.0,0.015904033556580544,1.0902843475341797,-25.641778209999995,1844,53,0.0005,0.06777626276016235,35593,35492,671
23.938648223876953,17.19,0.0,0.015867576003074646,-1.229051113128662,-25.527272000000007,1848,53,0.0005,0.06820815801620483,35675,35574,672
23.594017028808594,17.04,0.0,0.015813345089554787,0.2412102073431015,-25.542782349999996,1852,53,0.0005,0.06268002092838287,35732,35631,673
23.668434143066406,16.96,0.0,0.015745190903544426,1.2933828830718994,-25.532122329999996,1856,53,0.0005,0.10471422225236893,35789,35688,674
23.978776931762695,16.93,0.0,0.015855686739087105,-0.38876235485076904,-25.626209709999998,1860,53,0.0005,0.07644912600517273,35858,35757,675
23.82770538330078,16.93,0.0,0.01581553742289543,-1.4834131002426147,-25.53724788,1864,53,0.0005,0.10828517377376556,35934,35833,676
23.884843826293945,16.97,0.0,0.015875855460762978,-0.9670483469963074,-25.566314890000005,1868,53,0.0005,0.054958924651145935,36007,35906,677
23.302865982055664,17.01,0.0,0.01579115353524685,0.27408742904663086,-25.530308100000003,1872,53,0.0005,0.1445426046848297,36089,35988,678
23.744033813476562,17.02,0.0,0.015818297863006592,0.6138406991958618,-25.398715770000003,1876,53,0.0005,0.10718006640672684,36156,36055,679
23.73414421081543,17.15,0.0,0.01593651995062828,0.7800999879837036,-25.32885269999999,1880,53,0.0005,0.08608980476856232,36230,36129,680
23.857467651367188,17.16,0.0,0.016032036393880844,1.0466564893722534,-25.357899800000006,1884,53,0.0005,0.07570655643939972,36301,36200,681
24.006567001342773,17.07,0.0,0.016042053699493408,0.18558785319328308,-25.362621390000005,1888,53,0.0005,0.11292660236358643,36367,36266,682
23.822275161743164,17.12,0.0,0.016040798276662827,0.4497068524360657,-25.25172117,1892,53,0.0005,0.10311142355203629,36437,36336,683
24.301918029785156,17.16,0.0,0.016334883868694305,0.7176641821861267,-25.180797790000007,1896,53,0.0005,0.07089510560035706,36502,36401,684
24.236740112304688,17.22,0.0,0.016280459240078926,0.06408295035362244,-25.18712254,1900,53,0.0005,0.05363234505057335,36579,36478,685
23.937734603881836,17.22,0.0,0.016119230538606644,1.0150479078292847,-25.125872299999997,1904,53,0.0005,0.11087693274021149,36645,36544,686
23.789453506469727,17.22,0.0,0.016420459374785423,0.5675265789031982,-25.214907100000005,1908,53,0.0005,0.11441385746002197,36711,36610,687
23.787813186645508,17.19,0.0,0.016415152698755264,0.3337615430355072,-25.219585020000004,1912,53,0.0005,0.06639605015516281,36783,36682,688
23.670761108398438,17.41,0.0,0.016227250918745995,-0.2031216323375702,-25.08161952,1916,53,0.0005,0.08423678576946259,36857,36756,689
23.766197204589844,17.43,0.0,0.016066022217273712,-0.09828783571720123,-24.96731733,1920,53,0.0005,0.10956073552370071,36935,36834,690
23.80270004272461,17.55,0.0,0.015844222158193588,0.3961086869239807,-24.90053422,1924,53,0.0005,0.089556485414505,37011,36910,692
23.74730110168457,17.43,0.0,0.01568830944597721,-0.17889125645160675,-24.949430129999996,1928,53,0.0005,0.0530354380607605,37069,36968,692
23.515703201293945,17.5,0.0,0.015636447817087173,-0.2135971486568451,-24.8955056,1932,53,0.0005,0.08466298133134842,37141,37040,693
23.450197219848633,17.59,0.0,0.015689700841903687,-0.8612794876098633,-24.8056999,1936,53,0.0005,0.05714884400367737,37214,37113,695
23.56696128845215,17.66,0.0,0.015647420659661293,-0.3638559579849243,-24.794134250000003,1940,53,0.0005,0.09075228124856949,37287,37186,696
23.62424087524414,17.49,0.0,0.015433738939464092,-0.8737859129905701,-24.87077975,1944,53,0.0005,0.09574804455041885,37342,37241,696
23.774280548095703,17.42,0.0,0.015279402956366539,0.4023163318634033,-24.947167049999997,1948,53,0.0005,0.20518359541893005,37417,37316,698
23.770774841308594,17.44,0.0,0.015272119082510471,-0.10581447184085846,-24.963943660000005,1952,53,0.0005,0.048356011509895325,37476,37375,698
23.753997802734375,17.58,0.0,0.015232989564538002,0.7827656865119934,-24.87498147,1956,53,0.0005,0.05387596786022186,37547,37446,699
23.648033142089844,17.55,0.0,0.015329530462622643,-0.626642107963562,-24.7309982,1960,53,0.0005,0.03952326253056526,37613,37512,700
23.580480575561523,17.4,0.0,0.015351621434092522,-0.1743316948413849,-24.85038005,1964,53,0.0005,0.12774719297885895,37674,37573,701
23.43275260925293,17.45,0.0,0.015186109580099583,0.05541673302650452,-24.85543689,1968,53,0.0005,0.057471826672554016,37752,37651,702
23.982791900634766,17.34,0.0,0.015374602749943733,-0.0520906001329422,-24.86656876,1972,53,0.0005,0.08549536764621735,37823,37722,703
23.854305267333984,17.37,0.0,0.015571321360766888,0.4718625545501709,-24.87426159,1976,53,0.0005,0.04085158929228783,37893,37792,705
23.947219848632812,17.27,0.0,0.015707343816757202,-0.973667562007904,-24.93449935,1980,53,0.0005,0.09986469894647598,37957,37856,705
23.734100341796875,17.23,0.0,0.015439569018781185,-1.0988366603851318,-24.975622730000005,1984,53,0.0005,0.06982675194740295,38024,37923,706
24.055768966674805,17.19,0.0,0.015211809426546097,0.23996113240718842,-25.046739260000003,1988,53,0.0005,0.05394948273897171,38086,37985,707
23.66437530517578,17.21,0.0,0.01515426766127348,-1.0846068859100342,-25.03550716,1992,53,0.0005,0.07300126552581787,38158,38057,708
23.81737518310547,17.31,0.0,0.015272249467670918,0.32187119126319885,-24.973332109999998,1996,53,0.0005,0.10233420133590698,38233,38132,709
23.597679138183594,17.16,0.0,0.015226170420646667,0.16805830597877502,-25.07883554,2000,53,0.0005,0.10730944573879242,38295,38194,710
23.879627227783203,17.19,0.0,0.015115656889975071,0.0069318413734436035,-25.083811120000004,2004,53,0.0005,0.055412717163562775,38364,38263,711
24.007888793945312,17.23,0.0,0.014983458444476128,0.19654135406017303,-24.99122823,2008,53,0.0005,0.07385146617889404,38434,38333,712
23.744709014892578,17.18,0.0,0.015074629336595535,-0.4656975269317627,-25.036815160000007,2012,53,0.0005,0.07599431276321411,38501,38400,713
23.45903778076172,17.16,0.0,0.015160705894231796,0.545610785484314,-25.005038690000003,2016,53,0.0005,0.08988644182682037,38573,38472,714
23.65686798095703,17.22,0.0,0.015110870823264122,-0.40872883796691895,-24.99913855,2020,53,0.0005,0.07634793221950531,38657,38556,716
23.722274780273438,17.11,0.0,0.015003182925283909,-0.6417250633239746,-25.063683990000005,2024,53,0.0005,0.10067346692085266,38722,38621,717
23.385576248168945,17.16,0.0,0.014712504111230373,0.5636957287788391,-25.02272082,2028,54,0.0005,0.07764167338609695,38785,38684,718
23.79900360107422,17.1,0.0,0.014908711425960064,-0.05926214158535004,-25.167186419999997,2032,54,0.0005,0.03186573088169098,38851,38750,719
23.53499984741211,17.09,0.0,0.01499783992767334,0.5731014013290405,-25.165949229999995,2036,54,0.0005,0.0699380412697792,38923,38822,720
23.834888458251953,17.0,0.0,0.015008105896413326,0.9462548494338989,-25.164908519999997,2040,54,0.0005,0.10585145652294159,38987,38886,721
23.449840545654297,16.93,0.0,0.014931505545973778,0.18058407306671143,-25.181351339999996,2044,54,0.0005,0.05349861830472946,39035,38934,721
23.892780303955078,16.87,0.0,0.014925406314432621,0.0859457403421402,-25.17137056,2048,54,0.0005,0.04573146626353264,39104,39003,722
23.992870330810547,17.01,0.0,0.015027247369289398,0.0758948028087616,-25.131071620000004,2052,54,0.0005,0.06942493468523026,39177,39076,723
23.971670150756836,16.97,0.0,0.01514837983995676,-0.06412267684936523,-25.16927847,2056,54,0.0005,0.17995133996009827,39244,39143,724
24.15483856201172,17.05,0.0,0.015421917662024498,-0.002118915319442749,-25.201042169999997,2060,54,0.0005,0.08532349765300751,39318,39217,725
23.64345932006836,17.11,0.0,0.01566794514656067,-0.8182462453842163,-25.191281520000004,2064,54,0.0005,0.12121373414993286,39385,39284,726
23.618865966796875,17.0,0.0,0.015744509175419807,-0.8947112560272217,-25.21945459,2068,54,0.0005,0.1722947061061859,39452,39351,727
23.830223083496094,16.92,0.0,0.015977729111909866,-0.7082909345626831,-25.29300061,2072,54,0.0005,0.09870365262031555,39515,39414,728
24.83772850036621,16.8,0.0,0.015964895486831665,-2.0844225883483887,-25.34500850000001,2076,54,0.0005,0.16095420718193054,39573,39472,729
24.043685913085938,16.83,0.0,0.01581660285592079,-0.6581376791000366,-25.240998220000005,2080,54,0.0005,0.129074364900589,39640,39539,730
24.139095306396484,16.85,0.0,0.01580999605357647,-1.3044623136520386,-25.215907520000002,2084,54,0.0005,0.12035968899726868,39709,39608,731
24.10691261291504,16.87,0.0,0.015771836042404175,-1.2335216999053955,-25.32369801,2088,54,0.0005,0.08034319430589676,39773,39672,732
23.73012924194336,16.8,0.0,0.015717091038823128,0.5666863322257996,-25.37063413,2092,54,0.0005,0.06239940971136093,39838,39737,733
23.601001739501953,16.66,0.0,0.015530316159129143,-0.16965487599372864,-25.517205099999998,2096,54,0.0005,0.2277175784111023,39899,39798,734
23.572254180908203,16.69,0.0,0.015407158061861992,-0.18474900722503662,-25.57103776,2100,54,0.0005,0.11825056374073029,39964,39863,735
22.985383987426758,16.65,0.0,0.015417600981891155,-0.7491064071655273,-25.633512570000004,2104,53,0.0005,0.04788326844573021,40029,39928,750
23.638233184814453,16.62,0.0,0.015182352624833584,-0.8768792748451233,-25.602055040000003,2108,53,0.0005,0.1031140461564064,40096,39995,751
23.365161895751953,16.56,0.0,0.015100053511559963,-0.37731224298477173,-25.5911709,2112,53,0.0005,0.057159945368766785,40157,40056,752
23.642959594726562,16.56,0.0,0.015128182247281075,-0.5637068152427673,-25.672581389999994,2116,53,0.0005,0.06285864114761353,40229,40128,753
23.49778938293457,16.38,0.0,0.015029611997306347,0.36562901735305786,-25.811218320000002,2120,53,0.0005,0.20512136816978455,40295,40194,754
23.59980010986328,16.5,0.0,0.01503810752183199,0.08760684728622437,-25.704358369999994,2124,53,0.0005,0.07474353164434433,40372,40271,755
23.47176742553711,16.56,0.0,0.01504085399210453,-0.20267298817634583,-25.645103179999996,2128,53,0.0005,0.08701702207326889,40441,40340,756
23.295429229736328,16.61,0.0,0.015040150843560696,-0.6317725777626038,-25.55598808,2132,53,0.0005,0.034530073404312134,40512,40411,757
23.353755950927734,16.53,0.0,0.015137388370931149,0.2066860795021057,-25.55734505,2136,53,0.0005,0.033700741827487946,40576,40475,758
23.30706024169922,16.56,0.0,0.015254170633852482,0.28954166173934937,-25.576150450000004,2140,53,0.0005,0.03354005515575409,40643,40542,759
23.00518798828125,16.7,0.0,0.015300159342586994,0.109535813331604,-25.54192778,2144,53,0.0005,0.07395637780427933,40705,40604,760
22.97421646118164,16.74,0.0,0.015268754214048386,0.11383524537086487,-25.483762140000007,2148,53,0.0005,0.06600941717624664,40778,40677,761
23.17452049255371,16.66,0.0,0.015162955038249493,-0.05301716923713684,-25.532673320000008,2152,53,0.0005,0.07332847267389297,40843,40742,762
23.69876480102539,16.73,0.0,0.015423388220369816,-0.09739552438259125,-25.466843579999995,2156,53,0.0005,0.08524537831544876,40917,40816,763
23.516345977783203,16.64,0.0,0.0155821293592453,-0.34843918681144714,-25.500659900000002,2160,53,0.0005,0.12412111461162567,40982,40881,764
23.211090087890625,16.58,0.0,0.015357661992311478,0.416459321975708,-25.572618479999996,2164,53,0.0005,0.09616421163082123,41043,40942,765
23.513551712036133,16.6,0.0,0.015197692438960075,0.06510576605796814,-25.620109450000005,2168,53,0.0005,0.07400324940681458,41112,41011,766
23.67755126953125,16.63,0.0,0.015142854303121567,-0.6361180543899536,-25.598270789999997,2172,53,0.0005,0.07152201980352402,41178,41077,767
23.533355712890625,16.83,0.0,0.014965271577239037,0.29315686225891113,-25.476721770000005,2176,53,0.0005,0.07473234832286835,41256,41155,768
23.75867462158203,16.84,0.0,0.01487640105187893,0.2008763551712036,-25.51992577,2180,53,0.0005,0.04392843693494797,41324,41223,769
23.32387351989746,16.94,0.0,0.014836820773780346,0.3477555513381958,-25.57145672,2184,53,0.0005,0.031036170199513435,41403,41302,770
23.364452362060547,16.93,0.0,0.014912678860127926,-0.3669082522392273,-25.39375716,2188,53,0.0005,0.09387949854135513,41466,41365,771
23.265535354614258,16.94,0.0,0.014989160932600498,-0.14262434840202332,-25.40488612,2192,53,0.0005,0.08144019544124603,41532,41431,772
23.371461868286133,17.11,0.0,0.015011369250714779,0.2393496334552765,-25.25269265,2196,53,0.0005,0.07223274558782578,41610,41509,773
23.683917999267578,17.2,0.0,0.015047252178192139,-0.40823155641555786,-25.127203590000004,2200,53,0.0005,0.07590817660093307,41684,41583,774
23.26439666748047,17.34,0.0,0.014994543045759201,-0.8635155558586121,-24.969675520000006,2204,53,0.0005,0.09201034158468246,41763,41662,775
23.5009765625,17.25,0.0,0.014681156724691391,1.4771517515182495,-25.02996716000001,2208,53,0.0005,0.1890328973531723,41821,41720,776
23.682945251464844,17.42,0.0,0.014995559118688107,0.5407927632331848,-25.067669100000003,2212,53,0.0005,0.05149997025728226,41899,41798,777
23.958240509033203,17.38,0.0,0.015080380253493786,-0.21429859101772308,-24.988565109999996,2216,53,0.0005,0.05423395708203316,41967,41866,778
23.903348922729492,17.37,0.0,0.015251044183969498,0.33426037430763245,-24.976342340000002,2220,53,0.0005,0.1145344078540802,42032,41931,779
24.28362464904785,17.38,0.0,0.01546250469982624,-1.1579586267471313,-24.950202729999997,2224,53,0.0005,0.06714867055416107,42110,42009,780
24.061397552490234,17.4,0.0,0.015517687425017357,-0.9764779806137085,-24.96226742,2228,53,0.0005,0.14526015520095825,42181,42080,781
23.985891342163086,17.33,0.0,0.015564403496682644,-0.338836669921875,-24.970832689999998,2232,53,0.0005,0.12712597846984863,42245,42144,782
23.299972534179688,17.39,0.0,0.015515008941292763,1.1214643716812134,-25.13303508,2236,53,0.0005,0.15855470299720764,42315,42214,783
23.60967445373535,17.36,0.0,0.01550157181918621,-0.8780076503753662,-25.078567330000002,2240,53,0.0005,0.1460174173116684,42379,42278,784
23.975881576538086,17.39,0.0,0.015219594351947308,0.480083703994751,-25.083510190000002,2244,54,0.0005,0.10622316598892212,42444,42343,785
23.488788604736328,17.46,0.0,0.015314471907913685,0.790863037109375,-25.11756038,2248,54,0.0005,0.08486808836460114,42524,42423,786
23.41018295288086,17.51,0.0,0.015168365091085434,-0.38772666454315186,-24.987989069999998,2252,54,0.0005,0.06960386037826538,42594,42493,787
23.769359588623047,17.48,0.0,0.015451787039637566,-1.2007718086242676,-25.003671080000004,2256,54,0.0005,0.07362794876098633,42665,42564,789
23.87601089477539,17.33,0.0,0.015463248826563358,-0.6277732253074646,-25.12555875,2260,54,0.0005,0.049342188984155655,42715,42614,789
23.562131881713867,17.38,0.0,0.015335788950324059,-1.2562175989151,-25.062188980000006,2264,54,0.0005,0.07293659448623657,42781,42680,790
23.397972106933594,17.31,0.0,0.015067349188029766,-0.1892898678779602,-25.09995724,2268,54,0.0005,0.04582546278834343,42843,42742,791
23.049903869628906,17.36,0.0,0.014967433176934719,0.8045583963394165,-25.044613719999997,2272,54,0.0005,0.057010628283023834,42914,42813,792
23.313264846801758,17.29,0.0,0.014856033958494663,-1.3814038038253784,-25.089795029999994,2276,54,0.0005,0.05302734673023224,42985,42884,793
23.195510864257812,17.24,0.0,0.014624443836510181,-0.0957501009106636,-25.152407970000002,2280,54,0.0005,0.07595282047986984,43048,42947,794
23.1082820892334,17.11,0.0,0.014564413577318192,0.8158183097839355,-25.198902789999998,2284,54,0.0005,0.05128343403339386,43114,43013,795
23.474468231201172,17.28,0.0,0.014760103076696396,0.23298053443431854,-25.22837497,2288,54,0.0005,0.03726595640182495,43194,43093,796
23.555322647094727,17.29,0.0,0.014609033241868019,0.41475558280944824,-25.352235989999993,2292,54,0.0005,0.09871137887239456,43261,43160,797
23.238521575927734,17.16,0.0,0.01469489187002182,0.4311702847480774,-25.409992129999996,2296,54,0.0005,0.05303655192255974,43326,43225,798
23.745018005371094,17.16,0.0,0.014625893905758858,1.0497562885284424,-25.447226680000004,2300,54,0.0005,0.06772542744874954,43400,43299,799
23.672252655029297,17.02,0.0,0.014519529417157173,-0.09707766771316528,-25.525853670000007,2304,54,0.0005,0.04901716113090515,43465,43364,800
23.244827270507812,17.23,0.0,0.014771354384720325,-0.3935146927833557,-25.40978765,2308,54,0.0005,0.13192574679851532,43544,43443,801
23.340373992919922,17.12,0.0,0.014901306480169296,-0.9774765372276306,-25.31298606,2312,54,0.0005,0.09856395423412323,43611,43510,802
23.264814376831055,17.21,0.0,0.014898641966283321,0.4972887337207794,-25.310423959999998,2316,54,0.0005,0.04334072768688202,43688,43587,804
23.050090789794922,17.2,0.0,0.014850283041596413,0.0961822047829628,-25.246827639999996,2320,54,0.0005,0.0725850760936737,43752,43651,804
23.35045051574707,17.1,0.0,0.014815463684499264,-0.058324024081230164,-25.376535129999997,2324,54,0.0005,0.082225501537323,43820,43719,805
23.08500862121582,17.06,0.0,0.014988982118666172,0.27245593070983887,-25.489113639999996,2328,54,0.0005,0.07309653609991074,43887,43786,806
23.586688995361328,17.08,0.0,0.01512889564037323,-0.05517459660768509,-25.472862669999998,2332,54,0.0005,0.03806225210428238,43953,43852,807
23.63843536376953,16.93,0.0,0.01513051986694336,-0.3390327990055084,-25.42372997,2336,54,0.0005,0.06796200573444366,44008,43907,808
23.385799407958984,16.92,0.0,0.01505664736032486,0.0058390796184539795,-25.461102809999996,2340,54,0.0005,0.06970389187335968,44071,43970,809
23.411544799804688,16.89,0.0,0.01524711586534977,-0.27859005331993103,-25.445250360000003,2344,54,0.0005,0.08133450895547867,44133,44032,810
23.38935089111328,16.81,0.0,0.01518988236784935,-0.2846032977104187,-25.392133889999997,2348,54,0.0005,0.1270286589860916,44205,44104,811
23.624847412109375,16.77,0.0,0.015124863013625145,1.0125880241394043,-25.543235739999997,2352,54,0.0005,0.07934354990720749,44271,44170,812
23.186107635498047,16.76,0.0,0.015359507873654366,0.4374622702598572,-25.591662840000005,2356,54,0.0005,0.05038455128669739,44341,44240,813
23.266422271728516,17.06,0.0,0.015249072574079037,-1.0323662757873535,-25.399945040000006,2360,54,0.0005,0.11241082102060318,44421,44320,814
23.603744506835938,17.15,0.0,0.015276385471224785,-0.40746602416038513,-25.268137300000003,2364,54,0.0005,0.06952667981386185,44496,44395,815
23.213294982910156,17.25,0.0,0.0154964504763484,-0.3468862771987915,-25.143881420000003,2368,54,0.0005,0.0542927086353302,44568,44467,816
23.312299728393555,17.25,0.0,0.015715772286057472,-0.4121168851852417,-25.143067379999998,2372,54,0.0005,0.035643696784973145,44639,44538,817
23.567638397216797,17.31,0.0,0.015496383421123028,-0.33611229062080383,-25.11426879,2376,54,0.0005,0.035793595016002655,44716,44615,819
23.336082458496094,17.33,0.0,0.015559371560811996,0.8572729825973511,-25.115452589999997,2380,54,0.0005,0.07332560420036316,44781,44680,820
23.10476303100586,17.39,0.0,0.015609221532940865,0.23762285709381104,-25.047508690000004,2384,54,0.0005,0.07558676600456238,44853,44752,821
22.943073272705078,17.4,0.0,0.015695776790380478,-1.0282483100891113,-24.99237701,2388,54,0.0005,0.049592453986406326,44934,44833,822
23.59441375732422,17.52,0.0,0.015458951704204082,-0.4823971092700958,-24.86930869999999,2392,54,0.0005,0.07799483835697174,45013,44912,823
23.569580078125,17.59,0.0,0.01563708297908306,0.7427528500556946,-24.799042259999993,2396,54,0.0005,0.07036896049976349,45085,44984,824
23.511262893676758,17.49,0.0,0.01552138663828373,0.3065851926803589,-24.765769059999997,2400,54,0.0005,0.06750810146331787,45149,45048,825
23.72171401977539,17.47,0.0,0.015656599774956703,-1.3734573125839233,-24.83295551,2404,54,0.0005,0.091844841837883,45212,45111,826
23.160266876220703,17.36,0.0,0.015786802396178246,-0.48963382840156555,-24.82129105,2408,54,0.0005,0.059345997869968414,45280,45179,827
23.18456268310547,17.36,0.0,0.01572393625974655,-0.055869728326797485,-24.95218573,2412,54,0.0005,0.07400631904602051,45347,45246,828
22.936687469482422,17.16,0.0,0.01557081751525402,0.3272174596786499,-25.160998960000008,2416,54,0.0005,0.07371644675731659,45404,45303,829
23.574275970458984,17.18,0.0,0.015424697659909725,0.010670848190784454,-25.086445899999998,2420,54,0.0005,0.07333014160394669,45470,45369,830
23.222932815551758,17.13,0.0,0.015752745792269707,0.2443014234304428,-25.10200061,2424,54,0.0005,0.08131864666938782,45533,45432,831
23.042503356933594,17.22,0.0,0.01574763096868992,0.1877630352973938,-25.05782667,2428,54,0.0005,0.08459725230932236,45609,45508,832
23.592857360839844,17.23,0.0,0.015795227140188217,-0.4058513939380646,-25.05605619,2432,54,0.0005,0.04859992489218712,45676,45575,833
23.73141860961914,17.4,0.0,0.015787087380886078,0.12951862812042236,-25.00573347,2436,54,0.0005,0.10433870553970337,45748,45647,834
23.84518051147461,17.5,0.0,0.016011850908398628,-0.4957024157047272,-25.00512037,2440,54,0.0005,0.060721106827259064,45821,45720,835
23.684192657470703,17.49,0.0,0.016130641102790833,-0.5067915320396423,-25.11088411,2444,54,0.0005,0.19458460807800293,45882,45781,836
23.903757095336914,17.38,0.0,0.016114328056573868,-1.084907054901123,-25.21456524,2448,54,0.0005,0.07862348109483719,45943,45842,837
23.875774383544922,17.53,0.0,0.01589745283126831,-0.15116265416145325,-25.104589810000004,2452,54,0.0005,0.07769925892353058,46024,45923,838
23.684595108032227,17.47,0.0,0.016065316274762154,-0.09431510418653488,-25.111306420000002,2456,54,0.0005,0.10142837464809418,46088,45987,839
23.281116485595703,17.33,0.0,0.015950065106153488,-0.3400583267211914,-25.266671080000002,2460,54,0.0005,0.12146872282028198,46154,46053,840
23.621517181396484,17.29,0.0,0.01593904197216034,-1.9014745950698853,-25.343794460000005,2464,54,0.0005,0.09314843267202377,46225,46124,841
23.28942108154297,17.38,0.0,0.015492637641727924,0.0866774246096611,-25.39040239,2468,54,0.0005,0.05552985146641731,46306,46205,842
23.538448333740234,17.36,0.0,0.015303866006433964,0.05845607817173004,-25.51905233,2472,54,0.0005,0.07606220245361328,46375,46274,843
23.134428024291992,17.3,0.0,0.015063663013279438,-0.8426567316055298,-25.618748019999998,2476,54,0.0005,0.06872828304767609,46446,46345,844
23.37563705444336,17.3,0.0,0.014902179129421711,-0.9438533186912537,-25.573686030000005,2480,55,0.0005,0.05689964443445206,46511,46410,845
23.073383331298828,17.24,0.0,0.014767326414585114,-0.213582381606102,-25.639656140000007,2484,55,0.0005,0.06563262641429901,46577,46476,846
23.179214477539062,17.15,0.0,0.014859002083539963,0.44324925541877747,-25.6223786,2488,55,0.0005,0.07949793338775635,46649,46548,847
23.608734130859375,17.07,0.0,0.014654111117124557,0.07396601140499115,-25.61888624,2492,55,0.0005,0.05423387140035629,46720,46619,848
22.88229751586914,17.04,0.0,0.014605403877794743,0.2770708501338959,-25.638591459999997,2496,55,0.0005,0.07093825936317444,46789,46688,849
23.66873550415039,16.98,0.0,0.014583572745323181,-0.7650930881500244,-25.71680694,2500,55,0.0005,0.04569258540868759,46847,46746,850
23.16371726989746,17.02,0.0,0.01443150918930769,0.5386949181556702,-25.641337829999998,2504,55,0.0005,0.04252980649471283,46914,46813,851
23.060047149658203,16.96,0.0,0.014450542628765106,0.8158970475196838,-25.75958805,2508,55,0.0005,0.09781084954738617,46976,46875,852
23.16053009033203,17.03,0.0,0.014536875300109386,0.5498877763748169,-25.646615140000005,2512,55,0.0005,0.039271872490644455,47050,46949,853
23.37766456604004,17.16,0.0,0.014688482508063316,0.08145590126514435,-25.412110289999998,2516,55,0.0005,0.1056331992149353,47120,47019,854
23.727907180786133,17.19,0.0,0.014857168309390545,0.037779033184051514,-25.483858369999997,2520,55,0.0005,0.06517285108566284,47189,47088,855
23.181842803955078,17.38,0.0,0.014781204983592033,-0.06723236292600632,-25.347741209999995,2524,55,0.0005,0.0729856863617897,47271,47170,856
23.30980682373047,17.38,0.0,0.014871790073812008,-0.5168503522872925,-25.32031764,2528,55,0.0005,0.09547068178653717,47347,47246,857
23.251235961914062,17.39,0.0,0.014685064554214478,0.14242927730083466,-25.321366819999998,2532,55,0.0005,0.07763993740081787,47415,47314,858
23.410249710083008,17.25,0.0,0.0147319994866848,0.25883543491363525,-25.36162505,2536,55,0.0005,0.08972412347793579,47473,47372,859
23.821889877319336,17.25,0.0,0.014779027551412582,-0.36182156205177307,-25.387650919999995,2540,55,0.0005,0.059727877378463745,47546,47445,860
23.518451690673828,17.23,0.0,0.014732785522937775,0.24958649277687073,-25.283758990000003,2544,55,0.0005,0.06088733300566673,47605,47504,861
23.05693817138672,17.29,0.0,0.01446853019297123,0.15467730164527893,-25.314303969999997,2548,55,0.0005,0.05332985892891884,47672,47571,862
22.98846435546875,17.24,0.0,0.014415091834962368,-0.5908340215682983,-25.346293,2552,55,0.0005,0.08506704121828079,47748,47647,863
22.95553970336914,17.31,0.0,0.014395680278539658,-0.2934802174568176,-25.333031640000005,2556,55,0.0005,0.05782982334494591,47819,47718,864
23.56446075439453,17.18,0.0,0.014488503336906433,-0.03290599584579468,-25.36579709,2560,55,0.0005,0.08979165554046631,47872,47771,865
23.309614181518555,17.23,0.0,0.0144615164026618,0.7698172330856323,-25.299290459999998,2564,55,0.0005,0.07190583646297455,47948,47847,866
23.386856079101562,17.13,0.0,0.014299244619905949,-0.9237691164016724,-25.292245210000004,2568,55,0.0005,0.10534583777189255,48019,47918,867
23.05694580078125,17.14,0.0,0.014154174365103245,0.6414044499397278,-25.20473137,2572,55,0.0005,0.029240207746624947,48089,47988,868
22.96674346923828,17.21,0.0,0.014568248763680458,0.4308583736419678,-25.05123947,2576,55,0.0005,0.07242512702941895,48167,48066,869
23.693714141845703,17.23,0.0,0.014554472640156746,0.9841881990432739,-25.04755774,2580,55,0.0005,0.06725818663835526,48234,48133,870
23.59708595275879,17.23,0.0,0.014891523867845535,0.015343904495239258,-24.97365439,2584,55,0.0005,0.14625492691993713,48300,48199,871
23.61129379272461,17.01,0.0,0.014954372309148312,1.3368726968765259,-25.225463320000003,2588,55,0.0005,0.08658397197723389,48350,48249,872
24.429168701171875,16.98,0.0,0.015369185246527195,-0.9041124582290649,-25.317348940000002,2592,55,0.0005,0.19565697014331818,48418,48317,873
23.736278533935547,16.86,0.0,0.015387129038572311,0.5817644596099854,-25.444674830000004,2596,55,0.0005,0.14314454793930054,48475,48374,874
23.54924774169922,16.94,0.0,0.015458914451301098,0.13338108360767365,-25.36035736,2600,55,0.0005,0.09292826056480408,48541,48440,875
23.29102897644043,16.96,0.0,0.015246869064867496,-0.20799925923347473,-25.36960888,2604,55,0.0005,0.058515604585409164,48610,48509,876
23.130355834960938,16.96,0.0,0.015083616599440575,-0.7315971851348877,-25.32430165,2608,55,0.0005,0.027306141331791878,48672,48571,877
23.22360610961914,16.94,0.0,0.014737550169229507,-0.7953222990036011,-25.374110459999997,2612,55,0.0005,0.05605154484510422,48744,48643,878
23.08262825012207,16.91,0.0,0.014811437577009201,0.6920859217643738,-25.457211179999998,2616,55,0.0005,0.0373428650200367,48811,48710,879
23.182594299316406,16.76,0.0,0.014760272577404976,-0.6568255424499512,-25.535858389999998,2620,55,0.0005,0.03357677161693573,48865,48764,879
23.500295639038086,16.59,0.0,0.014681661501526833,-0.5094489455223083,-25.65961852,2624,55,0.0005,0.06416074931621552,48930,48829,880
23.21536636352539,16.5,0.0,0.014578443020582199,0.4031517803668976,-25.65302766,2628,55,0.0005,0.06627240777015686,48997,48896,881
23.621810913085938,16.48,0.0,0.014677293598651886,0.0384238064289093,-25.6518952,2632,55,0.0005,0.03523339331150055,49063,48962,882
23.42577362060547,16.67,0.0,0.014514774084091187,0.37948596477508545,-25.629445050000005,2636,55,0.0005,0.04798537492752075,49140,49039,883
23.561769485473633,16.62,0.0,0.014712819829583168,-0.34074804186820984,-25.57881366999999,2640,55,0.0005,0.07869726419448853,49208,49107,884
23.810115814208984,16.75,0.0,0.01476101204752922,0.3724612593650818,-25.536888450000003,2644,55,0.0005,0.08534622937440872,49280,49179,886
23.267261505126953,16.86,0.0,0.014748833142220974,-1.518076777458191,-25.50117397,2648,55,0.0005,0.06129078567028046,49358,49257,887
23.410850524902344,16.82,0.0,0.014470269903540611,-0.907396137714386,-25.51555801,2652,55,0.0005,0.09537860751152039,49430,49329,888
23.15996551513672,16.84,0.0,0.014488918706774712,-0.09287022054195404,-25.5288614,2656,55,0.0005,0.05417012423276901,49503,49402,889
22.94770050048828,17.12,0.0,0.014174274168908596,0.19756712019443512,-25.362439230000003,2660,55,0.0005,0.06693752855062485,49584,49483,890
23.302602767944336,17.02,0.0,0.014387376606464386,-0.5051939487457275,-25.34123579,2664,55,0.0005,0.03939975053071976,49650,49549,891
23.485801696777344,17.04,0.0,0.01450380776077509,-0.6071597337722778,-25.295271250000006,2668,55,0.0005,0.08280376344919205,49723,49622,892
22.963397979736328,16.94,0.0,0.01425712089985609,0.18642082810401917,-25.300465049999993,2672,55,0.0005,0.06591305136680603,49783,49682,893
23.20508575439453,16.82,0.0,0.014168523252010345,1.2395057678222656,-25.387857889999996,2676,55,0.0005,0.030885323882102966,49849,49748,894
23.125497817993164,16.83,0.0,0.014325525611639023,0.28771182894706726,-25.32168786,2680,55,0.0005,0.10034996271133423,49917,49816,895
27.90908432006836,16.78,0.0,0.01604873314499855,-0.6174391508102417,-25.409443539999998,2684,55,0.0005,0.7704150080680847,49978,49877,896
23.347537994384766,16.99,0.0,0.016414087265729904,1.6284329891204834,-25.280353019999996,2688,54,0.0005,0.12088347226381302,50049,49948,912
23.48354148864746,17.36,0.0,0.01677730679512024,-0.1574569046497345,-25.51848729,2692,54,0.0005,0.1801542490720749,50154,50053,913
23.661231994628906,17.68,0.0,0.017078615725040436,-0.39717328548431396,-25.566657159999995,2696,54,0.0005,0.11709581315517426,50243,50142,915
23.424692153930664,17.63,0.0,0.01681065373122692,-0.8738106489181519,-25.569828619999996,2700,54,0.0005,0.14946617186069489,50304,50203,916
24.057876586914062,17.64,0.0,0.016707340255379677,-0.45786193013191223,-25.546594920000008,2704,54,0.0005,0.11288290470838547,50374,50273,917
23.536670684814453,17.58,0.0,0.016486575827002525,0.4930436611175537,-25.613316740000005,2708,54,0.0005,0.3099523186683655,50430,50329,917
23.477121353149414,17.59,0.0,0.0163081344217062,0.09809359908103943,-25.647084460000006,2712,54,0.0005,0.10040232539176941,50503,50402,918
23.477275848388672,17.58,0.0,0.01620120368897915,-0.41063612699508667,-25.672204680000004,2716,54,0.0005,0.07346300035715103,50569,50468,919
23.82087516784668,17.71,0.0,0.016021253541111946,-1.1964181661605835,-25.55327506,2720,54,0.0005,0.1743488311767578,50636,50535,920
23.327178955078125,17.82,0.0,0.0157899409532547,-1.309122085571289,-25.41881523,2724,54,0.0005,0.06264922022819519,50712,50611,922
23.393352508544922,17.84,0.0,0.01557810977101326,-0.44357162714004517,-25.370021190000003,2728,55,0.0005,0.031507935374975204,50781,50680,923
23.781005859375,17.95,0.0,0.015397426672279835,-1.323803186416626,-25.378511749999998,2732,55,0.0005,0.10571803897619247,50858,50757,924
23.249879837036133,17.86,0.0,0.015268026851117611,-0.6969383955001831,-25.36651002,2736,55,0.0005,0.1268777847290039,50926,50825,925
23.275646209716797,17.9,0.0,0.015014984644949436,0.12602131068706512,-25.344666599999996,2740,55,0.0005,0.061365269124507904,50998,50897,926
23.001686096191406,17.82,0.0,0.014917656779289246,-0.9869987964630127,-25.336149799999998,2744,55,0.0005,0.04363588988780975,51062,50961,927
23.686134338378906,17.78,0.0,0.014836261048913002,-1.1867263317108154,-25.24233276,2748,55,0.0005,0.11102588474750519,51136,51035,928
23.522876739501953,17.79,0.0,0.014519210904836655,-0.14185646176338196,-25.21429686,2752,55,0.0005,0.0997002124786377,51209,51108,929
23.874549865722656,17.77,0.0,0.014353739097714424,-0.6075218915939331,-25.273650349999997,2756,55,0.0005,0.15020602941513062,51280,51179,930
22.85923194885254,17.65,0.0,0.014196758158504963,-1.054250955581665,-25.421360449999998,2760,55,0.0005,0.08232045918703079,51349,51248,931
22.960235595703125,17.68,0.0,0.01403886266052723,-0.15143871307373047,-25.52911054,2764,55,0.0005,0.06644916534423828,51418,51317,932
23.092254638671875,17.71,0.0,0.013871151022613049,-0.8262028098106384,-25.53956819,2768,55,0.0005,0.08367899060249329,51494,51393,933
23.242408752441406,17.78,0.0,0.013696492649614811,0.4857892096042633,-25.540232660000004,2772,55,0.0005,0.07090205699205399,51561,51460,934
23.237415313720703,17.81,0.0,0.013564474880695343,0.3376908302307129,-25.541510790000004,2776,55,0.0005,0.07368816435337067,51630,51529,935
23.108081817626953,17.82,0.0,0.01357672456651926,-0.4533413052558899,-25.614238500000003,2780,55,0.0005,0.12584879994392395,51699,51598,936
23.70745086669922,17.85,0.0,0.013524129986763,-0.45463669300079346,-25.463491020000003,2784,55,0.0005,0.06930264830589294,51763,51662,937
23.394580841064453,17.79,0.0,0.013438926078379154,0.163522869348526,-25.46718066,2788,55,0.0005,0.0897480845451355,51828,51727,938
23.122825622558594,17.48,0.0,0.013314628042280674,0.24418345093727112,-25.084641270000002,2792,55,0.0005,0.052411943674087524,51902,51801,939
23.13150405883789,17.31,0.0,0.013402416370809078,-0.677718997001648,-24.98082819,2796,55,0.0005,0.12550261616706848,51974,51873,940
23.470375061035156,17.38,0.0,0.013394666835665703,-0.6069878339767456,-24.91501633,2800,55,0.0005,0.051176223903894424,52042,51941,941
23.22451400756836,17.34,0.0,0.013521318323910236,-0.6663132905960083,-24.949966999999997,2804,55,0.0005,0.13646139204502106,52108,52007,942
23.617446899414062,17.35,0.0,0.013653084635734558,-1.037278175354004,-25.01598267,2808,55,0.0005,0.0716768354177475,52165,52064,943
23.449716567993164,17.36,0.0,0.013698994182050228,0.6490068435668945,-25.00275758,2812,55,0.0005,0.040734972804784775,52239,52138,944
23.090728759765625,17.42,0.0,0.01366033311933279,-0.040809884667396545,-24.939621569999996,2816,55,0.0005,0.07270175963640213,52311,52210,945
23.42306137084961,17.43,0.0,0.01361644733697176,0.197315976023674,-24.919532989999993,2820,55,0.0005,0.049210306257009506,52379,52278,946
23.33814239501953,17.3,0.0,0.013525773771107197,0.36172279715538025,-25.04085511,2824,55,0.0005,0.05201627314090729,52442,52341,947
23.665729522705078,17.27,0.0,0.013583951629698277,0.9669956564903259,-25.152840009999995,2828,55,0.0005,0.13110953569412231,52508,52407,948
23.294647216796875,17.28,0.0,0.013596705161035061,0.43967050313949585,-25.161979549999998,2832,55,0.0005,0.04664364829659462,52586,52485,949
22.900712966918945,17.26,0.0,0.013599901460111141,0.4006325602531433,-25.09510634,2836,55,0.0005,0.055680811405181885,52652,52551,950
23.071029663085938,17.31,0.0,0.013597625307738781,0.19896501302719116,-25.10153815,2840,55,0.0005,0.0824320912361145,52729,52628,951
23.433988571166992,17.24,0.0,0.013605447486042976,-0.44266974925994873,-25.14842662,2844,55,0.0005,0.07578761875629425,52786,52685,952
23.00778579711914,17.2,0.0,0.01361766830086708,-0.39938175678253174,-25.297793700000007,2848,55,0.0005,0.04010625183582306,52856,52755,953
23.06439971923828,17.2,0.0,0.013471866026520729,0.19165056943893433,-25.26951493,2852,55,0.0005,0.13946083188056946,52929,52828,954
22.95571517944336,17.25,0.0,0.01348893903195858,-0.13632243871688843,-25.20919821,2856,55,0.0005,0.058599747717380524,53005,52904,955
23.46322250366211,17.23,0.0,0.013251353055238724,0.18358156085014343,-25.13745922,2860,55,0.0005,0.06412864476442337,53072,52971,956
22.78314208984375,17.2,0.0,0.013353044167160988,0.45818081498146057,-25.02193063,2864,55,0.0005,0.057419996708631516,53138,53037,957
23.143152236938477,17.08,0.0,0.013640062883496284,-0.3899844288825989,-25.06950348,2868,55,0.0005,0.1939440369606018,53202,53101,958
23.03274154663086,16.98,0.0,0.013674109242856503,0.24182692170143127,-25.11777845,2872,55,0.0005,0.06727369129657745,53259,53158,959
23.483325958251953,16.93,0.0,0.01397471223026514,-0.10382930934429169,-25.16830676,2876,55,0.0005,0.0499860905110836,53323,53222,960
23.228538513183594,16.94,0.0,0.014060797169804573,-0.5824013352394104,-25.08871351,2880,55,0.0005,0.029448281973600388,53393,53292,961
23.528528213500977,16.99,0.0,0.013985204510390759,-0.6961420178413391,-25.109195389999996,2884,55,0.0005,0.036272644996643066,53462,53361,962
23.1608943939209,16.97,0.0,0.01393880881369114,-0.12171561270952225,-25.106788780000002,2888,55,0.0005,0.15926890075206757,53525,53424,963
22.951763153076172,16.93,0.0,0.013939466327428818,-0.2346648871898651,-25.13272173,2892,55,0.0005,0.0859798938035965,53595,53494,964
23.395885467529297,16.91,0.0,0.013621409423649311,0.29962581396102905,-25.061521659999997,2896,55,0.0005,0.1443168967962265,53665,53564,965
23.43111801147461,17.02,0.0,0.013430533930659294,-1.005121111869812,-25.05476765,2900,55,0.0005,0.025007525458931923,53744,53643,966
23.27644920349121,17.02,0.0,0.013383903540670872,0.15276440978050232,-25.045883690000004,2904,55,0.0005,0.028934422880411148,53810,53709,967
22.79694938659668,17.2,0.0,0.013338361866772175,0.6982125043869019,-24.916785979999997,2908,55,0.0005,0.08538655936717987,53885,53784,968
23.029193878173828,17.18,0.0,0.0133981229737401,1.7304892539978027,-24.903847059999997,2912,55,0.0005,0.09108424186706543,53957,53856,969
23.13298225402832,17.15,0.0,0.013605400919914246,1.2053594589233398,-24.90118481,2916,55,0.0005,0.14594727754592896,54026,53925,970
23.62553596496582,17.08,0.0,0.013544646091759205,0.36191970109939575,-25.068913690000002,2920,55,0.0005,0.04429572820663452,54087,53986,971
23.445648193359375,17.16,0.0,0.013579534366726875,0.12609702348709106,-25.024820260000002,2924,55,0.0005,0.10070528835058212,54158,54057,972
22.940505981445312,17.17,0.0,0.013932614587247372,0.09253230690956116,-24.97631991,2928,55,0.0005,0.05162116512656212,54225,54124,973
22.710464477539062,17.09,0.0,0.014002440497279167,-0.908652663230896,-24.908522350000002,2932,55,0.0005,0.03175847604870796,54295,54194,974
23.3322696685791,17.09,0.0,0.013922765851020813,-0.06306600570678711,-24.879884750000002,2936,55,0.0005,0.053335048258304596,54361,54260,975
23.219947814941406,16.96,0.0,0.014050113968551159,0.06603515148162842,-24.909023010000002,2940,55,0.0005,0.08812952786684036,54425,54324,976
23.216060638427734,17.14,0.0,0.014074059203267097,0.6950032711029053,-24.851993240000006,2944,55,0.0005,0.14174839854240417,54500,54399,977
23.643756866455078,17.11,0.0,0.014128873124718666,0.1839933693408966,-24.74091468,2948,55,0.0005,0.024727191776037216,54567,54466,978
23.218469619750977,17.09,0.0,0.013981097377836704,0.16410782933235168,-24.711727810000003,2952,55,0.0005,0.04011610150337219,54638,54537,979
23.50992202758789,17.01,0.0,0.01383605320006609,-0.8537834286689758,-24.648770650000003,2956,55,0.0005,0.060492631047964096,54706,54605,980
23.397119522094727,17.09,0.0,0.013601820915937424,0.6233344078063965,-24.6528658,2960,55,0.0005,0.07809755206108093,54781,54680,981
23.596284866333008,17.03,0.0,0.01345305610448122,0.8844430446624756,-24.764241319999993,2964,55,0.0005,0.04502963274717331,54841,54740,982
23.290136337280273,17.03,0.0,0.013499684631824493,0.6949015259742737,-24.691130620000003,2968,55,0.0005,0.07397692650556564,54905,54804,983
23.142822265625,17.05,0.0,0.013464467599987984,0.7691829800605774,-24.768842749999994,2972,55,0.0005,0.13649001717567444,54964,54863,984
23.2156982421875,17.04,0.0,0.013574193231761456,0.9832636117935181,-24.77301332,2976,55,0.0005,0.11115975677967072,55027,54926,985
23.357927322387695,17.09,0.0,0.013638327829539776,-1.1478458642959595,-24.768850140000005,2980,55,0.0005,0.09273766726255417,55102,55001,986
23.24652099609375,17.13,0.0,0.013860763981938362,1.0661389827728271,-24.846600069999994,2984,55,0.0005,0.07459646463394165,55175,55074,987
23.206676483154297,17.18,0.0,0.013872805051505566,0.35475248098373413,-24.76429111,2988,55,0.0005,0.11772555112838745,55243,55142,988
23.043912887573242,17.14,0.0,0.013890432193875313,-0.43417736887931824,-24.84649398,2992,55,0.0005,0.030704215168952942,55309,55208,989
23.299667358398438,17.09,0.0,0.013808628544211388,-0.021697446703910828,-24.9683365,2996,55,0.0005,0.06310056149959564,55374,55273,990
23.169404983520508,16.97,0.0,0.013618811964988708,0.7154412269592285,-24.98899593,3000,55,0.0005,0.06779452413320541,55441,55340,991
23.050556182861328,16.97,0.0,0.013610254973173141,-0.010786056518554688,-24.97254686,3004,55,0.0005,0.030953068286180496,55507,55406,992
22.774810791015625,16.92,0.0,0.013434179127216339,0.16477751731872559,-24.983009779999996,3008,55,0.0005,0.031897976994514465,55577,55476,993
23.111961364746094,16.87,0.0,0.013520518317818642,0.5178716778755188,-25.000376319999997,3012,55,0.0005,0.049137331545352936,55644,55543,994
22.81472396850586,16.89,0.0,0.013514072634279728,0.36694127321243286,-24.983962029999997,3016,55,0.0005,0.10518662631511688,55715,55614,995
23.204797744750977,16.92,0.0,0.01348623726516962,-0.47912055253982544,-25.0095633,3020,55,0.0005,0.038600627332925797,55779,55678,996
22.743772506713867,16.94,0.0,0.013376285322010517,0.8883795142173767,-24.909166189999997,3024,55,0.0005,0.061079420149326324,55852,55751,997
23.17012596130371,16.97,0.0,0.0132365757599473,0.02903209626674652,-24.83722848,3028,56,0.0005,0.028321463614702225,55922,55821,998
23.685157775878906,16.97,0.0,0.013074339367449284,1.1059648990631104,-24.7986823,3032,56,0.0005,0.054066065698862076,55992,55891,999
23.040987014770508,16.99,0.0,0.013076197355985641,0.36998170614242554,-24.886371029999996,3036,56,0.0005,0.036027126014232635,56060,55959,1000
23.240787506103516,17.01,0.0,0.013310108333826065,-0.7011703848838806,-24.857344449999996,3040,56,0.0005,0.03535155951976776,56126,56025,1001
23.164688110351562,16.92,0.0,0.01311981026083231,-0.9026268720626831,-24.960721910000004,3044,56,0.0005,0.07876062393188477,56192,56091,1002
23.06692886352539,16.93,0.0,0.013046805746853352,0.5164700746536255,-25.00234071,3048,56,0.0005,0.062478676438331604,56260,56159,1003
23.00914764404297,16.77,0.0,0.013191070407629013,0.1096644401550293,-25.048527449999998,3052,56,0.0005,0.0429207980632782,56315,56214,1004
23.081077575683594,16.77,0.0,0.013155323453247547,-0.44221076369285583,-25.175251659999994,3056,56,0.0005,0.06439930200576782,56383,56282,1005
23.285842895507812,16.59,0.0,0.013121392577886581,-0.06286157667636871,-25.183870609999996,3060,56,0.0005,0.028447020798921585,56440,56339,1006
23.40252685546875,16.74,0.0,0.013238911516964436,0.4804237484931946,-25.09295483,3064,56,0.0005,0.055878449231386185,56515,56414,1007
23.318099975585938,16.91,0.0,0.013414181768894196,0.1397644728422165,-25.096139010000005,3068,56,0.0005,0.08024245500564575,56596,56495,1008
22.96834945678711,17.01,0.0,0.01348057296127081,0.23895485699176788,-24.90702386,3072,56,0.0005,0.025136837735772133,56665,56564,1009
22.73245620727539,17.04,0.0,0.01351597998291254,1.0748426914215088,-24.844988020000002,3076,56,0.0005,0.039669789373874664,56731,56630,1010
23.465957641601562,17.04,0.0,0.013442694209516048,0.46249470114707947,-24.824428280000006,3080,56,0.0005,0.055950842797756195,56806,56705,1011
23.68094253540039,17.03,0.0,0.013646751642227173,0.8016079664230347,-24.740620810000006,3084,56,0.0005,0.04358452185988426,56878,56777,1012
23.62271499633789,16.88,0.0,0.013487852178514004,1.4730416536331177,-24.84754766,3088,56,0.0005,0.06932622939348221,56931,56830,1013
23.59883689880371,16.97,0.0,0.013401982374489307,-1.6284335851669312,-24.786351829999997,3092,56,0.0005,0.07168131321668625,57006,56905,1014
23.513643264770508,17.04,0.0,0.01346205361187458,1.0299828052520752,-24.755204919999997,3096,56,0.0005,0.04773103818297386,57078,56977,1015
23.21450424194336,17.02,0.0,0.01338751520961523,-0.7175061702728271,-24.85623375,3100,56,0.0005,0.15819472074508667,57143,57042,1016
23.25128746032715,17.05,0.0,0.01357748918235302,-1.484473705291748,-24.899236550000005,3104,56,0.0005,0.16678878664970398,57212,57111,1017
23.553224563598633,16.97,0.0,0.013407242484390736,0.38723671436309814,-25.00258709,3108,56,0.0005,0.06427638232707977,57274,57173,1018
23.424747467041016,16.95,0.0,0.013376451097428799,-0.020944789052009583,-24.96220727,3112,56,0.0005,0.05690647289156914,57339,57238,1019
22.841018676757812,16.97,0.0,0.01332843117415905,-0.22357162833213806,-24.97894303,3116,56,0.0005,0.10042087733745575,57412,57311,1020
22.77780532836914,16.87,0.0,0.013137062080204487,0.054352447390556335,-24.97655205,3120,56,0.0005,0.07740137726068497,57466,57365,1021
23.53215980529785,16.81,0.0,0.013072531670331955,0.19215163588523865,-25.05215944,3124,56,0.0005,0.04382104426622391,57533,57432,1022
23.624919891357422,16.69,0.0,0.012914201244711876,1.1420438289642334,-25.146445250000003,3128,56,0.0005,0.050601355731487274,57591,57490,1023
22.653078079223633,16.74,0.0,0.013125586323440075,-0.2987506091594696,-25.256584310000004,3132,56,0.0005,0.07736700028181076,57666,57565,1024
22.679733276367188,16.78,0.0,0.013243072666227818,0.9404251575469971,-25.22036639,3136,56,0.0005,0.04031234234571457,57738,57637,1025
23.503225326538086,16.71,0.0,0.013277475722134113,-0.719281792640686,-25.315888210000004,3140,56,0.0005,0.06457773596048355,57797,57696,1026
23.17142677307129,16.8,0.0,0.013238483108580112,0.5072407722473145,-25.2135719,3144,56,0.0005,0.07572481036186218,57872,57771,1027
22.743818283081055,16.89,0.0,0.01349853165447712,-0.24932651221752167,-25.235845599999994,3148,56,0.0005,0.076987624168396,57949,57848,1028
23.086421966552734,17.02,0.0,0.013494987040758133,0.7981967926025391,-25.256038059999995,3152,56,0.0005,0.07118280231952667,58017,57916,1029
23.27619171142578,16.98,0.0,0.013514388352632523,0.3467905521392822,-25.23017953,3156,56,0.0005,0.42538031935691833,58081,57980,1030
23.03460693359375,17.08,0.0,0.013230152428150177,0.8689862489700317,-25.10590342,3160,56,0.0005,0.024536648765206337,58148,58047,1031
22.594608306884766,17.13,0.0,0.013184556737542152,0.44138702750205994,-25.143374959999996,3164,56,0.0005,0.077084481716156,58228,58127,1032
22.508359909057617,17.01,0.0,0.013279419392347336,-0.4823001027107239,-25.161914109999998,3168,56,0.0005,0.07333952933549881,58297,58196,1033
23.58661651611328,17.11,0.0,0.01416065450757742,1.9670133590698242,-25.232718449999997,3172,56,0.0005,0.0860302597284317,58376,58275,1034
23.040023803710938,17.22,0.0,0.014444265514612198,0.39700353145599365,-25.161759079999996,3176,56,0.0005,0.038319215178489685,58453,58352,1035
23.18880844116211,17.11,0.0,0.014439528807997704,-0.42598268389701843,-25.225543970000004,3180,56,0.0005,0.08655343949794769,58517,58416,1036
22.87968635559082,17.08,0.0,0.014300976879894733,-1.0926913022994995,-25.25208666,3184,56,0.0005,0.03930317983031273,58586,58485,1037
23.18008804321289,17.14,0.0,0.0140273068100214,-0.20813283324241638,-25.20501268,3188,56,0.0005,0.09065461903810501,58645,58544,1038
23.197847366333008,17.05,0.0,0.013777880929410458,-1.221696376800537,-25.18684935,3192,56,0.0005,0.08208083361387253,58711,58610,1039
23.24630355834961,17.02,0.0,0.013496954925358295,-0.6951698064804077,-25.221121830000005,3196,56,0.0005,0.06274405121803284,58780,58679,1040
22.839630126953125,17.04,0.0,0.013278445228934288,0.7992755770683289,-25.099625230000004,3200,56,0.0005,0.08040419965982437,58847,58746,1041
23.334182739257812,17.06,0.0,0.013252288103103638,-0.4570038914680481,-25.06207488,3204,56,0.0005,0.08541509509086609,58918,58817,1042
22.86415672302246,17.07,0.0,0.013060780242085457,-0.7011035680770874,-24.939139989999997,3208,56,0.0005,0.12573552131652832,58981,58880,1043
23.004179000854492,16.95,0.0,0.013024496845901012,-0.12067361921072006,-25.040037990000002,3212,56,0.0005,0.05575919896364212,59034,58933,1044
22.98611831665039,16.92,0.0,0.013249654322862625,-0.7151288390159607,-25.09159865,3216,56,0.0005,0.1093670129776001,59104,59003,1045
22.795425415039062,17.04,0.0,0.012963040731847286,-0.0465826541185379,-24.951413379999998,3220,56,0.0005,0.08525051176548004,59170,59069,1046
23.090797424316406,17.08,0.0,0.012883092276751995,0.3367139995098114,-24.905400290000003,3224,56,0.0005,0.08933183550834656,59241,59140,1047
22.835538864135742,17.17,0.0,0.013033046387135983,0.4721105098724365,-24.946000790000003,3228,56,0.0005,0.0600530281662941,59308,59207,1048
23.23103141784668,17.09,0.0,0.013012547045946121,-0.5481359362602234,-24.846126060000003,3232,56,0.0005,0.042961426079273224,59375,59274,1049
23.394086837768555,17.11,0.0,0.012860161252319813,-0.6336522698402405,-24.890585490000003,3236,56,0.0005,0.051494669169187546,59449,59348,1050
22.847923278808594,17.2,0.0,0.012957855127751827,6.102658271789551,-24.813066909999996,3240,56,0.0005,0.35816800594329834,59517,59416,1051
23.17986488342285,17.25,0.0,0.01404480915516615,0.6700498461723328,-25.073833809999996,3244,56,0.0005,0.14155369997024536,59597,59496,1052
23.295808792114258,17.07,0.0,0.014636986888945103,-0.8274774551391602,-25.116052290000003,3248,56,0.0005,0.09085404127836227,59656,59555,1053
22.75527572631836,17.13,0.0,0.01448065135627985,-1.127879023551941,-25.08248104999999,3252,56,0.0005,0.02642010524868965,59730,59629,1054
23.08047866821289,17.2,0.0,0.01434614323079586,-0.4374912679195404,-25.05415937,3256,56,0.0005,0.07727979123592377,59801,59700,1055
23.107324600219727,17.25,0.0,0.014235865324735641,0.011967673897743225,-25.0704019,3260,56,0.0005,0.0856625959277153,59873,59772,1056
23.22117042541504,17.17,0.0,0.01406119205057621,0.3809155821800232,-25.08330586,3264,56,0.0005,0.037086211144924164,59945,59844,1057
23.225204467773438,17.16,0.0,0.013902849517762661,0.39496147632598877,-25.210825290000002,3268,54,0.0005,0.0951995849609375,60013,59912,1109
23.20536994934082,17.14,0.0,0.013528534211218357,-0.4882071912288666,-25.152470010000002,3272,54,0.0005,0.03125390410423279,60090,59989,1110
23.072731018066406,17.04,0.0,0.013354508206248283,0.5448498725891113,-25.23050556,3276,54,0.0005,0.08570440858602524,60157,60056,1111
23.411109924316406,17.17,0.0,0.013203121721744537,-0.2532472014427185,-25.200375880000003,3280,54,0.0005,0.09612980484962463,60234,60133,1112
23.367111206054688,17.23,0.0,0.012986432760953903,-0.8219478130340576,-25.22401264,3284,54,0.0005,0.0677855908870697,60309,60208,1113
22.997108459472656,17.35,0.0,0.012686649337410927,0.7230491638183594,-25.11810025000001,3288,54,0.0005,0.192349374294281,60380,60279,1114
22.91817855834961,17.35,0.0,0.012499010190367699,0.10963228344917297,-25.128448560000002,3292,54,0.0005,0.0568467453122139,60446,60345,1115
22.995731353759766,17.43,0.0,0.01243919599801302,-0.36669811606407166,-24.994020099999997,3296,54,0.0005,0.08708347380161285,60523,60422,1116
23.030303955078125,17.44,0.0,0.012328000739216805,-0.6619744300842285,-25.137495710000003,3300,54,0.0005,0.0653693825006485,60591,60490,1117
23.042125701904297,17.39,0.0,0.012241223827004433,0.551791250705719,-25.13429644,3304,54,0.0005,0.07617355138063431,60657,60556,1118
22.938873291015625,17.48,0.0,0.012260882183909416,0.2826384902000427,-25.078896760000006,3308,54,0.0005,0.09190911054611206,60729,60628,1119
23.208398818969727,17.7,0.0,0.01230316050350666,-0.4441903829574585,-24.965457239999996,3312,54,0.0005,0.04788327217102051,60804,60703,1120
23.075849533081055,17.71,0.0,0.012089070864021778,0.09462428092956543,-24.989271400000003,3316,54,0.0005,0.07517512142658234,60875,60774,1121
22.791290283203125,17.81,0.0,0.01221986673772335,-1.5164446830749512,-24.936774489999994,3320,54,0.0005,0.05461243540048599,60951,60850,1123
22.787261962890625,22.59,0.0,0.012536704540252686,0.012054190039634705,-26.321133749999998,3324,54,0.0005,0.05617011338472366,61500,61399,1131
23.037090301513672,22.62,0.0,0.01234971173107624,0.43604031205177307,-26.32159795,3328,54,0.0005,0.06257631629705429,61570,61469,1132
22.612815856933594,22.69,0.0,0.012386642396450043,0.619941234588623,-26.39952037,3332,54,0.0005,0.04758220538496971,61644,61543,1133
23.276084899902344,22.53,0.0,0.012446452863514423,0.3001289963722229,-26.504059870000003,3336,54,0.0005,0.07884621620178223,61702,61601,1133
22.584705352783203,22.58,0.0,0.012466208077967167,0.05648021399974823,-26.51520325,3340,54,0.0005,0.07680018991231918,61775,61674,1135
23.206884384155273,22.49,0.0,0.01249967236071825,0.06956981122493744,-26.26507456,3344,54,0.0005,0.055198319256305695,61846,61745,1136
23.67513656616211,22.56,0.0,0.012393648736178875,-0.9169835448265076,-26.168508509999995,3348,54,0.0005,0.24053822457790375,61912,61811,1137
23.251331329345703,22.44,0.0,0.012194745242595673,-0.6866281032562256,-26.288238860000007,3352,54,0.0005,0.0724559873342514,61974,61873,1137
23.423376083374023,22.5,0.0,0.012145956978201866,0.40647730231285095,-26.196781390000005,3356,54,0.0005,0.04141947627067566,62051,61950,1139
22.968921661376953,22.43,0.0,0.012347574345767498,1.5938847064971924,-26.335591340000004,3360,54,0.0005,0.06789177656173706,62116,62015,1140
23.192466735839844,22.45,0.0,0.012470304034650326,-0.7334603071212769,-26.31554228,3364,54,0.0005,0.05301196500658989,62190,62089,1141
23.113182067871094,22.52,0.0,0.012320456095039845,-0.05820131301879883,-26.236892440000005,3368,54,0.0005,0.11935228854417801,62265,62164,1142
23.03223419189453,22.5,0.0,0.012388668954372406,0.12540292739868164,-26.19579175,3372,54,0.0005,0.060636281967163086,62340,62239,1143
23.16836166381836,22.51,0.0,0.012375843711197376,0.9297606348991394,-26.186029599999998,3376,54,0.0005,0.05202827602624893,62408,62307,1144
23.29770278930664,22.36,0.0,0.0124759366735816,-0.7610304951667786,-26.290699390000004,3380,54,0.0005,0.03433118760585785,62470,62369,1145
23.189281463623047,22.25,0.0,0.012614051811397076,-0.13061591982841492,-26.352639510000003,3384,54,0.0005,0.20925456285476685,62534,62433,1146
23.076210021972656,22.24,0.0,0.012603302486240864,0.9623051881790161,-26.412055630000005,3388,54,0.0005,0.06726448237895966,62604,62503,1147
22.87777328491211,22.28,0.0,0.01279914379119873,0.3150903582572937,-26.41477828,3392,54,0.0005,0.06252254545688629,62674,62573,1148
22.395904541015625,22.1,0.0,0.012907097116112709,0.6039337515830994,-26.443788619999996,3396,54,0.0005,0.030840499326586723,62733,62632,1149
23.226409912109375,22.17,0.0,0.013034598901867867,1.8787806034088135,-26.307377700000004,3400,54,0.0005,0.09226782619953156,62808,62707,1150
23.338653564453125,22.2,0.0,0.012795666232705116,1.0865826606750488,-26.311808759999998,3404,54,0.0005,0.14341428875923157,62877,62776,1151
22.832351684570312,22.22,0.0,0.01276972983032465,0.2317347377538681,-26.470542940000005,3408,54,0.0005,0.08486662060022354,62951,62850,1152
22.49029541015625,22.14,0.0,0.012896552681922913,0.9354273080825806,-26.48533547,3412,54,0.0005,0.022491972893476486,63018,62917,1153
23.090620040893555,22.16,0.0,0.012974190525710583,-1.0325043201446533,-26.39086038,3416,54,0.0005,0.024717271327972412,63091,62990,1154
23.351673126220703,22.15,0.0,0.01267764437943697,0.3022750914096832,-26.369189230000003,3420,54,0.0005,0.02597055211663246,63166,63065,1155
23.096994400024414,17.44,0.0,0.012592699378728867,0.33252716064453125,-25.051715680000008,3424,54,0.0005,0.036343302577733994,63244,63143,1156
23.16463279724121,17.35,0.0,0.012698287144303322,0.02260519564151764,-24.94369976,3428,54,0.0005,0.16298598051071167,63305,63204,1157
22.7051944732666,17.32,0.0,0.012730352580547333,0.358282208442688,-24.860932540000004,3432,54,0.0005,0.10383796691894531,63376,63275,1158
22.759666442871094,17.4,0.0,0.012866792269051075,-0.32184743881225586,-24.72180303,3436,54,0.0005,0.10030126571655273,63442,63341,1159
23.167095184326172,17.35,0.0,0.012778806500136852,-0.21888884902000427,-24.63994986,3440,54,0.0005,0.04420125484466553,63510,63409,1160
22.995094299316406,17.24,0.0,0.012717423029243946,0.007792860269546509,-24.69624865,3444,54,0.0005,0.037550684064626694,63570,63469,1161
22.54370880126953,17.27,0.0,0.012794549576938152,-0.09963339567184448,-24.710634570000003,3448,54,0.0005,0.03990277275443077,63639,63538,1162
23.268104553222656,17.39,0.0,0.012762005440890789,0.6447587013244629,-24.56071057,3452,54,0.0005,0.14178653061389923,63713,63612,1163
22.836931228637695,17.3,0.0,0.012841343879699707,-0.21992561221122742,-24.70894549999999,3456,54,0.0005,0.07339988648891449,63781,63680,1164
23.41721534729004,17.36,0.0,0.012595389038324356,-1.9437825679779053,-24.649820400000003,3460,54,0.0005,0.019780617207288742,63852,63751,1165
22.798423767089844,17.29,0.0,0.012239467352628708,-0.15520624816417694,-24.672580310000004,3464,54,0.0005,0.0744422972202301,63919,63818,1166
23.214693069458008,17.23,0.0,0.01233749184757471,-0.03328326344490051,-24.696787290000003,3468,54,0.0005,0.18700776994228363,63988,63887,1167
23.239463806152344,17.01,0.0,0.012259251438081264,1.1953381299972534,-24.909155339999998,3472,54,0.0005,0.08256840705871582,64041,63940,1168
22.644027709960938,16.94,0.0,0.012267835438251495,0.7287212014198303,-24.90342621,3476,54,0.0005,0.036975421011447906,64102,64001,1169
22.696094512939453,17.08,0.0,0.012392479926347733,-0.057153183966875076,-24.797409050000002,3480,54,0.0005,0.022095397114753723,64178,64077,1170
22.89173126220703,17.06,0.0,0.012321172282099724,0.5198687314987183,-24.803813109999997,3484,54,0.0005,0.12841926515102386,64240,64139,1171
23.062410354614258,17.07,0.0,0.012340305373072624,0.293678343296051,-24.799316970000003,3488,54,0.0005,0.045433130115270615,64311,64210,1172
23.23062515258789,17.16,0.0,0.012422503903508186,0.6366398334503174,-24.723296850000008,3492,54,0.0005,0.07504647970199585,64390,64289,1173
23.42087173461914,17.32,0.0,0.01233647484332323,0.940584659576416,-24.715282769999998,3496,54,0.0005,0.04374045878648758,64465,64364,1174
23.605609893798828,17.32,0.0,0.012424939312040806,1.533657193183899,-24.79429697,3500,54,0.0005,0.08311203122138977,64540,64439,1175
23.665348052978516,17.3,0.0,0.012564118951559067,-0.7015485167503357,-24.71972123,3504,54,0.0005,0.16545777022838593,64607,64506,1176
23.095890045166016,17.24,0.0,0.012591270729899406,-0.17409545183181763,-24.71054214000001,3508,54,0.0005,0.0786854475736618,64675,64574,1177
22.55904769897461,17.23,0.0,0.012869473546743393,-0.10287898778915405,-24.721622449999998,3512,54,0.0005,0.0643988698720932,64741,64640,1178
23.420551300048828,17.19,0.0,0.013147027231752872,-0.3680174946784973,-24.860860430000002,3516,54,0.0005,0.1196737140417099,64810,64709,1179
22.848079681396484,17.03,0.0,0.013020082376897335,0.16097882390022278,-25.057160370000005,3520,54,0.0005,0.10005144774913788,64869,64768,1180
23.422794342041016,16.85,0.0,0.012938887812197208,-0.07751414179801941,-25.147159,3524,54,0.0005,0.06283663958311081,64929,64828,1181
22.876243591308594,16.87,0.0,0.012784840539097786,1.078687310218811,-25.1633926,3528,54,0.0005,0.08521116524934769,64992,64891,1182
22.766401290893555,16.87,0.0,0.012635277584195137,-0.6703920364379883,-25.18754783,3532,54,0.0005,0.02731010504066944,65063,64962,1183
22.79341697692871,16.9,0.0,0.01279444620013237,-0.38845813274383545,-25.18861726,3536,54,0.0005,0.06072961539030075,65132,65031,1184
23.77780532836914,16.91,0.0,0.01285136491060257,-0.49639594554901123,-25.26618234,3540,55,0.0005,0.08486587554216385,65201,65100,1185
23.12299346923828,16.97,0.0,0.012660040520131588,-0.9414643049240112,-25.177613840000003,3544,55,0.0005,0.07654909789562225,65267,65166,1186
22.953369140625,17.0,0.0,0.012506462633609772,0.9494390487670898,-25.098849089999998,3548,55,0.0005,0.09285557270050049,65339,65238,1187
23.58334732055664,16.91,0.0,0.012500393204391003,0.16120031476020813,-25.15841903,3552,55,0.0005,0.10114903748035431,65404,65303,1188
22.78287124633789,16.92,0.0,0.012450114823877811,-1.2978588342666626,-25.078229670000006,3556,55,0.0005,0.034148089587688446,65473,65372,1189
22.9963321685791,16.88,0.0,0.012392379343509674,-0.16842950880527496,-25.0554839,3560,55,0.0005,0.08319605886936188,65540,65439,1190
22.952255249023438,16.91,0.0,0.012534691020846367,-0.857935905456543,-24.994752870000003,3564,55,0.0005,0.06239663064479828,65610,65509,1191
22.95215606689453,16.95,0.0,0.012632645666599274,0.8492029905319214,-24.947093090000003,3568,55,0.0005,0.061587076634168625,65683,65582,1192
23.16896629333496,17.06,0.0,0.012725109234452248,-0.3129902482032776,-24.81208519,3572,55,0.0005,0.049933239817619324,65747,65646,1193
22.958885192871094,17.13,0.0,0.012770290486514568,0.34392720460891724,-24.725774019999996,3576,55,0.0005,0.04143540561199188,65815,65714,1194
22.87616539001465,17.09,0.0,0.012836495414376259,-0.8424931168556213,-24.699791990000005,3580,55,0.0005,0.07234053313732147,65887,65786,1195
23.088623046875,17.12,0.0,0.01298439595848322,-0.14566843211650848,-24.77996288,3584,55,0.0005,0.05875083804130554,65952,65851,1196
22.73501205444336,17.16,0.0,0.012774371542036533,1.1408731937408447,-24.782983300000005,3588,55,0.0005,0.035998448729515076,66027,65926,1197
21.857402801513672,17.08,0.0,0.012706749141216278,1.7722233533859253,-24.93838274,3592,55,0.0005,0.2930953800678253,66098,65997,1198
23.642629623413086,17.08,0.0,0.013155115768313408,3.5350418090820312,-25.05052838,3596,55,0.0005,0.13191421329975128,66173,66072,1199
23.10782814025879,17.27,0.0,0.014582871459424496,1.6716270446777344,-25.1194761,3600,55,0.0005,0.21710562705993652,66267,66166,1201
23.26004409790039,17.29,0.0,0.014826863072812557,-0.12191767245531082,-25.140137999999993,3604,55,0.0005,0.10492537915706635,66336,66235,1202
23.07046127319336,17.35,0.0,0.014661505818367004,-1.013112187385559,-25.027999610000002,3608,55,0.0005,0.0921718180179596,66410,66309,1203
23.068056106567383,17.35,0.0,0.014448902569711208,-0.38162291049957275,-25.011911740000006,3612,55,0.0005,0.0351368747651577,66476,66375,1204
22.816804885864258,17.31,0.0,0.014307736419141293,-0.546054482460022,-25.00381756,3616,55,0.0005,0.07025887817144394,66541,66440,1205
22.765789031982422,17.39,0.0,0.014027467928826809,0.856545090675354,-24.864185859999992,3620,55,0.0005,0.08846583217382431,66608,66507,1206
22.537321090698242,17.38,0.0,0.013949778862297535,-1.388472557067871,-24.817861360000002,3624,55,0.0005,0.027389654889702797,66667,66566,1206
22.71662712097168,17.47,0.0,0.01369418017566204,-0.4841545522212982,-24.772784230000006,3628,55,0.0005,0.038369592279195786,66739,66638,1207
23.00491714477539,17.4,0.0,0.013411220163106918,-0.7774670124053955,-24.83283803,3632,55,0.0005,0.07867258042097092,66803,66702,1208
22.82611083984375,17.37,0.0,0.013210924342274666,-1.4592456817626953,-24.836297069999997,3636,55,0.0005,0.04405594244599342,66869,66768,1209
22.925296783447266,17.45,0.0,0.013078329153358936,-0.40173450112342834,-24.802774049999996,3640,55,0.0005,0.04917391389608383,66946,66845,1210
22.42998504638672,17.38,0.0,0.012926123104989529,-0.005320698022842407,-24.863805160000005,3644,55,0.0005,0.06288007646799088,67005,66904,1211
22.75147819519043,17.44,0.0,0.012835619039833546,-0.537188708782196,-24.959416060000002,3648,55,0.0005,0.12514430284500122,67083,66982,1213
23.08895492553711,17.47,0.0,0.012832229025661945,1.041137933731079,-24.901252009999997,3652,55,0.0005,0.07385365664958954,67151,67050,1214
22.982778549194336,17.45,0.0,0.012742352671921253,-0.19711093604564667,-24.856888599999998,3656,55,0.0005,0.04143556207418442,67218,67117,1214
23.05414390563965,17.51,0.0,0.012622824870049953,0.519460916519165,-24.801681450000004,3660,55,0.0005,0.08140271157026291,67291,67190,1216
22.67826271057129,17.45,0.0,0.012720364145934582,-0.10582323372364044,-24.86680129,3664,55,0.0005,0.2738966941833496,67355,67254,1217
22.94191551208496,17.48,0.0,0.012706270441412926,0.9155685901641846,-24.907510810000005,3668,55,0.0005,0.07196229696273804,67431,67330,1218
22.862667083740234,17.63,0.0,0.012848050333559513,-0.2810212969779968,-24.850986330000005,3672,55,0.0005,0.08747290819883347,67510,67409,1219
23.0291690826416,17.73,0.0,0.012900876812636852,0.10438576340675354,-24.86968516,3676,55,0.0005,0.05261082202196121,67588,67487,1220
23.03997802734375,17.69,0.0,0.013200094923377037,0.1483653485774994,-24.91862877,3680,55,0.0005,0.05826379358768463,67656,67555,1221
22.81635093688965,17.74,0.0,0.013245661742985249,-0.4900127649307251,-24.83415859,3684,55,0.0005,0.022396788001060486,67726,67625,1222
22.9781494140625,17.63,0.0,0.013319721445441246,-0.7176043391227722,-24.891419459999998,3688,55,0.0005,0.07518318295478821,67790,67689,1223
23.13754653930664,17.59,0.0,0.013303293846547604,1.1685521602630615,-24.886846830000003,3692,55,0.0005,0.047592394053936005,67857,67756,1224
23.061294555664062,17.61,0.0,0.013400429859757423,0.5433748364448547,-24.748928920000004,3696,55,0.0005,0.08899446576833725,67934,67833,1225
22.59552001953125,17.38,0.0,0.013470394536852837,0.4008415639400482,-24.74419073,3700,55,0.0005,0.05837949365377426,68005,67904,1226
22.808422088623047,17.34,0.0,0.013532986864447594,-1.202115535736084,-24.80554753,3704,55,0.0005,0.06923341006040573,68070,67969,1227
23.149978637695312,17.23,0.0,0.013459845446050167,-0.024466045200824738,-24.74996431,3708,55,0.0005,0.025071164593100548,68133,68032,1228
23.098886489868164,17.28,0.0,0.013507810421288013,-0.08000517636537552,-24.760466620000003,3712,55,0.0005,0.0772273987531662,68204,68103,1229
22.570140838623047,17.24,0.0,0.013382543809711933,0.7117866277694702,-24.69800051,3716,55,0.0005,0.05222474783658981,68265,68164,1230
22.909120559692383,17.21,0.0,0.013549956493079662,0.25523391366004944,-24.710652580000005,3720,55,0.0005,0.019291508942842484,68329,68228,1231
22.779239654541016,17.38,0.0,0.013705442659556866,-0.8555619716644287,-24.57091038,3724,55,0.0005,0.0593859925866127,68405,68304,1232
22.7943115234375,17.37,0.0,0.013578064739704132,-1.4251890182495117,-24.62927767,3728,55,0.0005,0.037539415061473846,68476,68375,1233
22.751739501953125,17.38,0.0,0.013554803095757961,-0.05061513930559158,-24.692101409999996,3732,55,0.0005,0.040216393768787384,68541,68440,1234
23.032011032104492,17.42,0.0,0.01365234237164259,-0.3066806197166443,-24.753563299999996,3736,55,0.0005,0.13567125797271729,68611,68510,1235
22.910987854003906,17.43,0.0,0.013572718016803265,-1.027383804321289,-24.765660420000003,3740,55,0.0005,0.054838038980960846,68689,68588,1236
22.810468673706055,17.52,0.0,0.013415537774562836,-0.8561395406723022,-24.719768919999996,3744,55,0.0005,0.07089895755052567,68757,68656,1237
22.92587661743164,17.41,0.0,0.013284213840961456,1.5874632596969604,-24.69599278,3748,55,0.0005,0.05194676294922829,68824,68723,1238
22.9321346282959,17.43,0.0,0.013394865207374096,-0.8385428190231323,-24.779539950000004,3752,55,0.0005,0.06122623383998871,68894,68793,1239
23.183330535888672,17.45,0.0,0.013376520946621895,2.0698561668395996,-24.82243153,3756,55,0.0005,0.07543715834617615,68963,68862,1240
23.130538940429688,17.4,0.0,0.013543140143156052,0.12568622827529907,-24.894694450000006,3760,55,0.0005,0.0774337649345398,69031,68930,1241
22.83151626586914,17.37,0.0,0.013708245940506458,-0.37744811177253723,-24.957665110000004,3764,55,0.0005,0.03852563351392746,69092,68991,1242
22.744796752929688,17.34,0.0,0.01368249673396349,0.26493939757347107,-24.955459330000004,3768,55,0.0005,0.06063755601644516,69165,69064,1243
22.679658889770508,17.19,0.0,0.013560239225625992,-0.013585887849330902,-25.100262930000003,3772,55,0.0005,0.03654938563704491,69229,69128,1244
22.55754852294922,17.04,0.0,0.013516779989004135,0.38883069157600403,-25.22412902,3776,55,0.0005,0.0832376480102539,69292,69191,1245
22.86261749267578,17.01,0.0,0.013478433713316917,0.0718935877084732,-25.228868890000005,3780,55,0.0005,0.054287537932395935,69357,69256,1246
23.097335815429688,16.96,0.0,0.013687729835510254,0.5947862863540649,-25.165313140000002,3784,55,0.0005,0.04711344838142395,69422,69321,1247
22.587677001953125,17.03,0.0,0.013763690367341042,0.3784429430961609,-25.097217259999997,3788,55,0.0005,0.029738545417785645,69493,69392,1248
22.553823471069336,16.99,0.0,0.01377037912607193,-1.6060067415237427,-25.06405934,3792,55,0.0005,0.07031254470348358,69556,69455,1249
22.80706024169922,16.92,0.0,0.013616260141134262,-0.4773379862308502,-25.127882409999998,3796,55,0.0005,0.03930668532848358,69626,69525,1250
23.33108901977539,16.88,0.0,0.01365078054368496,-0.6195008754730225,-25.06100767,3800,55,0.0005,0.06267217546701431,69693,69592,1251
22.58392906188965,16.84,0.0,0.013345086947083473,0.0544859915971756,-25.17869642,3804,55,0.0005,0.033751215785741806,69754,69653,1252
22.931354522705078,16.86,0.0,0.01339725498110056,-0.7840648889541626,-25.3123761,3808,55,0.0005,0.05414324626326561,69819,69718,1253
22.73508071899414,16.79,0.0,0.013319161720573902,-0.27012088894844055,-25.38770016000001,3812,55,0.0005,0.13828828930854797,69883,69782,1254
23.165565490722656,16.92,0.0,0.01330133993178606,0.7994527220726013,-25.325919159999998,3816,55,0.0005,0.07173512876033783,69957,69856,1255
22.54193878173828,17.02,0.0,0.013237624429166317,-0.11404840648174286,-25.271454589999998,3820,53,0.0005,0.04682706296443939,70031,69930,1300
22.983375549316406,16.93,0.0,0.013281255960464478,-0.4242100417613983,-25.34969903,3824,53,0.0005,0.05448970943689346,70098,69997,1301
22.898319244384766,16.92,0.0,0.01302352175116539,-1.962230920791626,-25.261358289999997,3828,53,0.0005,0.08643520623445511,70168,70067,1302
22.497161865234375,17.0,0.0,0.012871719896793365,2.277599811553955,-25.121621750000003,3832,53,0.0005,0.20963957905769348,70241,70140,1303
23.381065368652344,17.16,0.0,0.013568984344601631,0.9432120323181152,-25.1503284,3836,53,0.0005,0.051175206899642944,70327,70226,1304
23.02606773376465,16.98,0.0,0.014028256759047508,0.8299086093902588,-25.192200289999995,3840,53,0.0005,0.04779719188809395,70387,70286,1305
22.679367065429688,17.11,0.0,0.014375876635313034,0.5191490054130554,-25.167744929999998,3844,53,0.0005,0.04426417499780655,70468,70367,1306
22.981739044189453,17.16,0.0,0.014734015800058842,-0.3345131278038025,-25.116398640000003,3848,53,0.0005,0.03515683487057686,70540,70439,1307
22.710342407226562,17.22,0.0,0.014394320547580719,-1.279164433479309,-25.04656141,3852,53,0.0005,0.05719969794154167,70616,70515,1309
22.844058990478516,17.29,0.0,0.014015693217515945,0.39701440930366516,-25.062379649999993,3856,53,0.0005,0.06314636766910553,70692,70591,1310
22.705984115600586,17.34,0.0,0.014028958976268768,-0.3327479064464569,-24.96804102,3860,53,0.0005,0.05063866823911667,70765,70664,1311
22.601940155029297,17.46,0.0,0.013942311517894268,-0.7090082764625549,-24.905533350000006,3864,53,0.0005,0.060974329710006714,70838,70737,1312
23.10113525390625,17.42,0.0,0.013678080402314663,-1.326279878616333,-24.92820240000001,3868,53,0.0005,0.041508786380290985,70907,70806,1313
23.327808380126953,17.5,0.0,0.013425738550722599,-0.19435983896255493,-24.802784840000005,3872,54,0.0005,0.029213666915893555,70979,70878,1314
22.626483917236328,17.52,0.0,0.01355455070734024,-0.4891989231109619,-24.75326291,3876,54,0.0005,0.057335466146469116,71044,70943,1315
22.791351318359375,17.49,0.0,0.013646113686263561,0.6922850012779236,-24.827627700000008,3880,54,0.0005,0.11818370223045349,71106,71005,1316
23.093875885009766,17.6,0.0,0.013591758906841278,0.6556836366653442,-24.884743880000006,3884,54,0.0005,0.08218845725059509,71182,71081,1317
22.954076766967773,17.53,0.0,0.01351156085729599,0.7164998054504395,-24.96041311,3888,54,0.0005,0.023607244715094566,71246,71145,1318
22.418689727783203,17.52,0.0,0.013639289885759354,-0.5905681848526001,-24.97623948,3892,54,0.0005,0.047522954642772675,71308,71207,1319
22.929779052734375,17.5,0.0,0.013626509346067905,1.3401527404785156,-24.995440650000006,3896,54,0.0005,0.07929441332817078,71376,71275,1320
22.747615814208984,17.57,0.0,0.013551829382777214,0.23465344309806824,-24.937900939999995,3900,54,0.0005,0.061863113194704056,71450,71349,1321
22.911483764648438,17.69,0.0,0.013409781269729137,-0.5169875621795654,-24.751348629999992,3904,54,0.0005,0.045520149171352386,71523,71422,1322
22.783798217773438,17.73,0.0,0.013397624716162682,-0.6727287769317627,-24.762400850000002,3908,54,0.0005,0.026261791586875916,71592,71491,1323
22.867183685302734,17.9,0.0,0.013284968212246895,-0.6325810551643372,-24.63790364,3912,54,0.0005,0.06675486266613007,71673,71572,1324
22.979753494262695,17.8,0.0,0.013196797110140324,-0.30972087383270264,-24.69400486,3916,54,0.0005,0.047159310430288315,71737,71636,1325
22.90926742553711,17.85,0.0,0.013052929192781448,1.1592763662338257,-24.68772246,3920,54,0.0005,0.062240809202194214,71816,71715,1326
22.83649444580078,17.86,0.0,0.013106235302984715,0.5604385733604431,-24.67772276,3924,54,0.0005,0.07395221292972565,71884,71783,1327
22.875885009765625,17.76,0.0,0.012806006707251072,0.5207082629203796,-24.80411338,3928,54,0.0005,0.040370382368564606,71944,71843,1328
22.757261276245117,17.71,0.0,0.012989492155611515,0.4083189070224762,-24.862991199999996,3932,54,0.0005,0.02623562514781952,72012,71911,1329
23.12099838256836,17.52,0.0,0.013159714639186859,0.39465996623039246,-24.777670859999997,3936,54,0.0005,0.052568502724170685,72079,71978,1330
22.956836700439453,17.63,0.0,0.013120872899889946,-1.4018828868865967,-24.76993809,3940,54,0.0005,0.10591500252485275,72150,72049,1331
22.981548309326172,17.49,0.0,0.013022609055042267,0.18211036920547485,-24.78886893,3944,54,0.0005,0.05153794586658478,72217,72116,1332
22.666419982910156,17.41,0.0,0.013079103082418442,0.16532713174819946,-24.831646219999993,3948,54,0.0005,0.05671172961592674,72281,72180,1333
22.700767517089844,17.26,0.0,0.013065165840089321,-0.331717848777771,-24.933895399999997,3952,54,0.0005,0.08798360079526901,72342,72241,1334
22.809276580810547,17.19,0.0,0.013426654040813446,0.47025567293167114,-24.90055446,3956,54,0.0005,0.07203338295221329,72411,72310,1335
22.831619262695312,17.1,0.0,0.013614376075565815,0.1293638050556183,-24.962545999999996,3960,54,0.0005,0.03862413763999939,72475,72374,1336
23.090717315673828,17.07,0.0,0.013519597239792347,-1.708735704421997,-24.95463004,3964,54,0.0005,0.05197940394282341,72545,72444,1337
23.215478897094727,17.03,0.0,0.013416880741715431,0.38926032185554504,-24.96486656,3968,54,0.0005,0.08250714838504791,72610,72509,1338
23.084320068359375,16.95,0.0,0.013298530131578445,0.4663084149360657,-24.93175993,3972,54,0.0005,0.031726378947496414,72674,72573,1339
22.59939956665039,17.07,0.0,0.013493744656443596,0.7424347400665283,-24.851160359999998,3976,54,0.0005,0.11028824746608734,72751,72650,1340
22.616777420043945,17.19,0.0,0.013641975820064545,0.9694476127624512,-24.738235829999997,3980,54,0.0005,0.054469410330057144,72825,72724,1341
23.274829864501953,17.11,0.0,0.013771260157227516,-0.8499730825424194,-24.685382729999997,3984,54,0.0005,0.07436703145503998,72893,72792,1342
22.609264373779297,17.24,0.0,0.013573125004768372,0.5175712704658508,-24.68725942,3988,54,0.0005,0.0862705260515213,72970,72869,1343
22.670673370361328,17.32,0.0,0.013555655255913734,-0.49415093660354614,-24.53249526,3992,54,0.0005,0.10092387348413467,73040,72939,1344
22.675891876220703,17.46,0.0,0.013810163363814354,-0.7132910490036011,-24.449438749999995,3996,54,0.0005,0.06831996887922287,73122,73021,1345
22.308639526367188,17.46,0.0,0.013665466569364071,-0.1846722662448883,-24.39715979,4000,54,0.0005,0.04455740749835968,73196,73095,1346
22.807266235351562,17.42,0.0,0.013597657904028893,-0.587403416633606,-24.53668264,4004,54,0.0005,0.06783081591129303,73265,73164,1347
23.129901885986328,17.37,0.0,0.013590183109045029,0.03058403730392456,-24.45160863,4008,54,0.0005,0.07199874520301819,73329,73228,1348
23.06966209411621,17.3,0.0,0.01341615803539753,-1.239121437072754,-24.464117490000003,4012,54,0.0005,0.07017284631729126,73403,73302,1349
22.780773162841797,17.23,0.0,0.013405567966401577,-0.9848435521125793,-24.445852770000005,4016,54,0.0005,0.027076251804828644,73460,73359,1350
22.51995277404785,17.12,0.0,0.013416899368166924,-0.5718943476676941,-24.563989109999998,4020,54,0.0005,0.025162169709801674,73528,73427,1351
22.97195053100586,17.25,0.0,0.013236500322818756,-0.8561960458755493,-24.49728107,4024,54,0.0005,0.0614696741104126,73609,73508,1352
22.837549209594727,17.42,0.0,0.01309148222208023,-0.3508542776107788,-24.37986805,4028,54,0.0005,0.07494381070137024,73686,73585,1354
22.705947875976562,17.45,0.0,0.013049032539129257,0.4536590576171875,-24.486420499999998,4032,54,0.0005,0.09724989533424377,73757,73656,1355
22.864044189453125,17.49,0.0,0.013194147497415543,-0.22291511297225952,-24.477266519999997,4036,54,0.0005,0.03881262242794037,73828,73727,1356
23.05704689025879,17.44,0.0,0.013233034871518612,-1.8223638534545898,-24.37954303,4040,54,0.0005,0.04195774346590042,73894,73793,1357
23.10488510131836,17.41,0.0,0.012845306657254696,0.1738414168357849,-24.433002789999993,4044,54,0.0005,0.045817263424396515,73958,73857,1358
23.055110931396484,17.39,0.0,0.012898404151201248,0.7777870297431946,-24.4187308,4048,54,0.0005,0.04138171300292015,74020,73919,1358
22.721406936645508,17.48,0.0,0.013158065266907215,-0.2150588482618332,-24.27941604,4052,54,0.0005,0.1888226866722107,74090,73989,1360
22.624164581298828,17.44,0.0,0.013258742168545723,-0.33032476902008057,-24.44027677,4056,54,0.0005,0.03194527328014374,74155,74054,1360
22.476802825927734,17.5,0.0,0.013380681164562702,-0.14315412938594818,-24.44560973,4060,54,0.0005,0.1435539275407791,74225,74124,1361
23.40955352783203,17.57,0.0,0.013773184269666672,-0.24118301272392273,-24.527678169999998,4064,54,0.0005,0.08251956105232239,74302,74201,1363
23.087329864501953,17.58,0.0,0.013817309401929379,0.17714712023735046,-24.481275170000004,4068,54,0.0005,0.05572112277150154,74368,74267,1364
22.85211944580078,17.56,0.0,0.013679183088243008,0.006218120455741882,-24.606172859999997,4072,54,0.0005,0.037564586848020554,74430,74329,1364
23.028125762939453,17.5,0.0,0.013423952274024487,-0.6545376777648926,-24.606545880000002,4076,54,0.0005,0.042706750333309174,74501,74400,1366
23.001140594482422,17.41,0.0,0.013601912185549736,-2.261240243911743,-24.6350949,4080,54,0.0005,0.08744524419307709,74566,74465,1366
22.52179718017578,17.53,0.0,0.013363630510866642,-0.7643889784812927,-24.56585923,4084,54,0.0005,0.02502833493053913,74646,74545,1368
22.59148597717285,17.35,0.0,0.013349936343729496,-0.1210264042019844,-24.529410860000002,4088,54,0.0005,0.0727231353521347,74705,74604,1369
22.659523010253906,17.33,0.0,0.013351152651011944,0.8223053216934204,-24.643296799999998,4092,54,0.0005,0.12179742753505707,74773,74672,1370
22.733612060546875,17.34,0.0,0.01344999112188816,0.060187309980392456,-24.65025894,4096,54,0.0005,0.05366870015859604,74856,74755,1371
22.58917236328125,17.35,0.0,0.013335423544049263,0.6569139957427979,-24.722529699999996,4100,54,0.0005,0.11835059523582458,74931,74830,1372
22.66112518310547,17.37,0.0,0.013365688733756542,-0.24625298380851746,-24.59555454,4104,54,0.0005,0.03525744378566742,75002,74901,1373
22.686901092529297,17.42,0.0,0.01331234909594059,-0.4448360204696655,-24.67892367,4108,54,0.0005,0.048327453434467316,75071,74970,1374
22.6387882232666,17.49,0.0,0.013342032209038734,-0.3815775215625763,-24.645757489999998,4112,54,0.0005,0.06900864094495773,75152,75051,1375
22.59525489807129,17.52,0.0,0.013377484865486622,-1.392624020576477,-24.731285389999996,4116,54,0.0005,0.05008015036582947,75212,75111,1376
22.498159408569336,17.55,0.0,0.013459942303597927,-0.5281193852424622,-24.68419369,4120,54,0.0005,0.08959899097681046,75283,75182,1377
22.76934051513672,17.46,0.0,0.013599628582596779,-0.6224195957183838,-24.753537110000003,4124,54,0.0005,0.032239899039268494,75355,75254,1378
22.586029052734375,17.27,0.0,0.01338800135999918,-0.11574073135852814,-24.876797280000005,4128,54,0.0005,0.07836556434631348,75413,75312,1379
23.0413818359375,17.28,0.0,0.013273494318127632,1.1145339012145996,-24.698069340000004,4132,54,0.0005,0.030593816190958023,75485,75384,1380
23.323719024658203,17.32,0.0,0.01357249729335308,-0.8938117623329163,-24.75623058,4136,54,0.0005,0.06247981637716293,75560,75459,1381
22.804855346679688,17.17,0.0,0.013446246273815632,0.13897180557250977,-24.94150479,4140,54,0.0005,0.041044801473617554,75611,75510,1382
22.369478225708008,17.22,0.0,0.013548599556088448,-0.04121784865856171,-24.969888519999994,4144,54,0.0005,0.03252118453383446,75680,75579,1383
22.793502807617188,17.3,0.0,0.013491382822394371,-0.7621477246284485,-24.978581189999996,4148,54,0.0005,0.040852755308151245,75750,75649,1384
22.738643646240234,17.36,0.0,0.013361763209104538,0.2677416503429413,-24.998146070000004,4152,54,0.0005,0.059978973120450974,75826,75725,1385
23.336444854736328,17.32,0.0,0.01371768768876791,-0.4389447867870331,-24.82917531,4156,54,0.0005,0.05144326388835907,75887,75786,1386
22.91759490966797,17.35,0.0,0.01358658168464899,0.02228868007659912,-24.76080726,4160,54,0.0005,0.04194619506597519,75960,75859,1387
22.535743713378906,17.32,0.0,0.01345608476549387,0.7111988067626953,-24.596963499999998,4164,54,0.0005,0.08681051433086395,76034,75933,1388
22.895153045654297,17.38,0.0,0.013677507638931274,0.3596457839012146,-24.594332529999996,4168,54,0.0005,0.08541406691074371,76106,76005,1389
22.633010864257812,17.41,0.0,0.013605433516204357,-0.10266189277172089,-24.63587008,4172,54,0.0005,0.11111687123775482,76171,76070,1390
22.689329147338867,17.4,0.0,0.013246918097138405,1.619455337524414,-24.697341690000002,4176,54,0.0005,0.06709528714418411,76241,76140,1391
23.119293212890625,17.49,0.0,0.013090713880956173,-0.18754276633262634,-24.715538200000005,4180,54,0.0005,0.061282381415367126,76315,76214,1392
22.378787994384766,17.44,0.0,0.012885039672255516,0.3555026650428772,-24.697782269999998,4184,54,0.0005,0.0597270131111145,76390,76289,1393
22.3797607421875,17.53,0.0,0.012777484022080898,-0.3092597723007202,-24.65693882,4188,54,0.0005,0.0624614842236042,76458,76357,1394
22.592952728271484,17.49,0.0,0.01291465200483799,0.17187416553497314,-24.682800129999997,4192,54,0.0005,0.06603740155696869,76522,76421,1395
22.630611419677734,17.34,0.0,0.01288275420665741,-0.24598701298236847,-24.80670261,4196,54,0.0005,0.04376353695988655,76590,76489,1396
22.689966201782227,17.26,0.0,0.013080324977636337,-0.09170468151569366,-24.809350999999996,4200,54,0.0005,0.04474696144461632,76657,76556,1397
22.412506103515625,17.22,0.0,0.013090251944959164,-1.0772991180419922,-24.941087039999992,4204,54,0.0005,0.04171212017536163,76724,76623,1398
23.03530502319336,17.15,0.0,0.01303559448570013,0.4898415803909302,-24.938089789999996,4208,54,0.0005,0.06428039819002151,76786,76685,1399
22.955913543701172,17.05,0.0,0.013119234703481197,0.45626261830329895,-24.923711890000003,4212,54,0.0005,0.0655299574136734,76857,76756,1400
22.615808486938477,17.01,0.0,0.013196154497563839,-0.2733113765716553,-24.988259700000004,4216,54,0.0005,0.08829820156097412,76913,76812,1401
23.02594566345215,16.88,0.0,0.013201510533690453,-0.5590284466743469,-25.037126970000003,4220,54,0.0005,0.0697280615568161,76971,76870,1402
22.939624786376953,16.83,0.0,0.013132628984749317,0.46693098545074463,-25.109501350000006,4224,54,0.0005,0.053791869431734085,77038,76937,1403
22.752397537231445,17.0,0.0,0.013150118291378021,0.15362763404846191,-25.1512164,4228,54,0.0005,0.0359816700220108,77113,77012,1404
22.370817184448242,16.98,0.0,0.013114318251609802,-0.5824965238571167,-25.22630024,4232,54,0.0005,0.042190201580524445,77183,77082,1405
22.328636169433594,16.81,0.0,0.01328236423432827,0.5325645208358765,-25.32362982,4236,54,0.0005,0.057427551597356796,77241,77140,1406
22.412078857421875,17.04,0.0,0.01322152465581894,-0.08979403972625732,-25.210973199999998,4240,54,0.0005,0.11551867425441742,77315,77214,1407
22.872032165527344,17.05,0.0,0.013216129504144192,1.5848758220672607,-25.12158325,4244,54,0.0005,0.0828169584274292,77385,77284,1408
23.065935134887695,17.02,0.0,0.013326308690011501,0.6786580681800842,-25.11763803,4248,54,0.0005,0.05847115069627762,77452,77351,1409
22.937179565429688,17.0,0.0,0.013377374969422817,-1.6189123392105103,-25.12317702,4252,54,0.0005,0.10079105943441391,77526,77425,1410
22.79473114013672,17.08,0.0,0.013159094378352165,-0.07303369045257568,-25.217044780000002,4256,54,0.0005,0.046074409037828445,77595,77494,1411
22.871829986572266,17.09,0.0,0.013635206036269665,2.3949122428894043,-25.396137810000006,4260,54,0.0005,0.0808742567896843,77669,77568,1412
23.284759521484375,16.95,0.0,0.014091887511312962,0.9313009977340698,-25.536955219999996,4264,54,0.0005,0.08916667848825455,77729,77628,1413
22.674419403076172,16.94,0.0,0.014089972712099552,0.9634076356887817,-25.64612117,4268,55,0.0005,0.07184566557407379,77800,77699,1414
22.907115936279297,17.03,0.0,0.014257923699915409,0.1777043640613556,-25.456161849999997,4272,55,0.0005,0.0353032723069191,77874,77773,1415
22.939882278442383,17.07,0.0,0.014207376167178154,-0.0718645453453064,-25.450206429999998,4276,55,0.0005,0.045528344810009,77948,77847,1416
22.81538200378418,17.09,0.0,0.014184145256876945,0.06880375742912292,-25.362579120000007,4280,55,0.0005,0.035106949508190155,78024,77923,1417
22.98125457763672,17.11,0.0,0.014059382490813732,-0.854652464389801,-25.359071189999998,4284,55,0.0005,0.06538237631320953,78101,78000,1418
22.38048553466797,17.01,0.0,0.013850542716681957,-0.635755181312561,-25.48535149,4288,55,0.0005,0.10054048895835876,78159,78058,1419
22.645339965820312,17.13,0.0,0.01350987795740366,0.286945104598999,-25.37558948999999,4292,55,0.0005,0.030995594337582588,78235,78134,1420
23.18765640258789,17.06,0.0,0.013485433533787727,-0.5638173818588257,-25.34548513999999,4296,55,0.0005,0.06382188200950623,78296,78195,1421
22.762638092041016,17.0,0.0,0.013287235982716084,0.054948851466178894,-25.337564510000004,4300,55,0.0005,0.07820428907871246,78357,78256,1422
22.83779525756836,17.04,0.0,0.013205520808696747,-0.7930413484573364,-25.26376897,4304,55,0.0005,0.06891153752803802,78428,78327,1423
23.079757690429688,17.07,0.0,0.012929470278322697,-0.5287519693374634,-25.169774899999993,4308,55,0.0005,0.05000276118516922,78493,78392,1424
22.325857162475586,17.05,0.0,0.01291961595416069,0.1854182928800583,-25.246760129999995,4312,55,0.0005,0.033070407807826996,78562,78461,1425
22.402318954467773,17.1,0.0,0.013130687177181244,0.973077654838562,-25.156502109999998,4316,55,0.0005,0.023018695414066315,78623,78522,1426
23.012849807739258,17.25,0.0,0.013141335919499397,-0.5578724145889282,-25.09365278,4320,55,0.0005,0.07174383103847504,78696,78595,1427
22.36475372314453,17.24,0.0,0.01299590989947319,0.8583561182022095,-24.934835080000003,4324,55,0.0005,0.10000404715538025,78762,78661,1428
22.425912857055664,17.09,0.0,0.01296735554933548,-0.8600174784660339,-24.88665911,4328,55,0.0005,0.030804617330431938,78822,78721,1429
22.547489166259766,17.08,0.0,0.013084298931062222,0.22867020964622498,-24.893156420000004,4332,55,0.0005,0.1178504005074501,78891,78790,1430
22.51487159729004,17.14,0.0,0.012981931678950787,1.4139413833618164,-24.82556606,4336,55,0.0005,0.059247735887765884,78955,78854,1431
22.759624481201172,17.09,0.0,0.013063477352261543,-0.007580235600471497,-24.764182130000005,4340,55,0.0005,0.08890974521636963,79024,78923,1432
22.893028259277344,17.01,0.0,0.0129379378631711,-0.3777972459793091,-24.835132710000007,4344,55,0.0005,0.05713634938001633,79086,78985,1433
22.19506072998047,17.16,0.0,0.012570795603096485,0.5764284133911133,-24.78419941,4348,55,0.0005,0.05766373872756958,79168,79067,1434
22.4656982421875,17.13,0.0,0.012490972876548767,-0.48592787981033325,-24.761192610000002,4352,55,0.0005,0.031059574335813522,79239,79138,1435
22.94293212890625,17.11,0.0,0.012286802753806114,0.05558176338672638,-24.59558405,4356,55,0.0005,0.09087014198303223,79306,79205,1436
22.540691375732422,17.08,0.0,0.0124150849878788,-1.4848487377166748,-24.487808479999998,4360,55,0.0005,0.10313402861356735,79377,79276,1437
22.510587692260742,16.93,0.0,0.012412184849381447,4.372224807739258,-24.496354800000002,4364,55,0.0005,0.0802818015217781,79422,79321,1438
23.008285522460938,16.94,0.0,0.013415389694273472,3.9304349422454834,-24.330376210000004,4368,55,0.0005,0.08502297103404999,79494,79393,1439
23.071002960205078,17.08,0.0,0.01388742495328188,-1.0639365911483765,-24.567198710000003,4372,55,0.0005,0.03522791340947151,79582,79481,1440
23.21516990661621,17.04,0.0,0.01366540789604187,0.19987976551055908,-24.57627673,4376,55,0.0005,0.08519574999809265,79652,79551,1441
23.1296443939209,16.94,0.0,0.01387751568108797,0.5382097959518433,-24.670919759999993,4380,55,0.0005,0.0343841053545475,79718,79617,1442
22.6257381439209,16.84,0.0,0.013936076313257217,1.0053930282592773,-24.761104669999998,4384,55,0.0005,0.03534964844584465,79785,79684,1443
22.62788200378418,16.97,0.0,0.014114214107394218,-0.20893388986587524,-24.629251269999994,4388,55,0.0005,0.06882402300834656,79856,79755,1444
22.494356155395508,16.87,0.0,0.01413689274340868,-0.41504549980163574,-24.74066567,4392,55,0.0005,0.05472186952829361,79922,79821,1445
23.06268310546875,16.98,0.0,0.014068972319364548,-0.45815011858940125,-24.61770573,4396,55,0.0005,0.021003833040595055,79994,79893,1446
22.49117088317871,17.17,0.0,0.013867003843188286,-0.7880070209503174,-24.56924108,4400,54,0.0005,0.06516203284263611,80074,79973,1479
22.79326057434082,17.16,0.0,0.013630076311528683,0.4719592034816742,-24.47602956,4404,54,0.0005,0.09545467793941498,80144,80043,1480
22.734514236450195,17.16,0.0,0.013434037566184998,0.3453349471092224,-24.473590950000002,4408,54,0.0005,0.03899100422859192,80209,80108,1481
22.589664459228516,17.25,0.0,0.013331526890397072,-0.7309073209762573,-24.495502860000006,4412,54,0.0005,0.056224994361400604,80287,80186,1482
22.609172821044922,17.4,0.0,0.013021125458180904,-0.675042986869812,-24.3690443,4416,54,0.0005,0.017373844981193542,80363,80262,1483
22.790386199951172,17.43,0.0,0.012936431914567947,-0.6086568236351013,-24.37492746,4420,54,0.0005,0.031855758279561996,80439,80338,1484
22.34749984741211,17.36,0.0,0.012745414860546589,0.196468785405159,-24.510565489999994,4424,54,0.0005,0.09521908313035965,80498,80397,1485
22.492870330810547,17.47,0.0,0.012779135257005692,0.12467777729034424,-24.457151009999997,4428,54,0.0005,0.059993766248226166,80569,80468,1486
23.019702911376953,17.45,0.0,0.012811625376343727,-1.3707005977630615,-24.52945959,4432,54,0.0005,0.04811442270874977,80636,80535,1487
22.740962982177734,17.49,0.0,0.012721450068056583,-0.01846766471862793,-24.39043961,4436,54,0.0005,0.057361334562301636,80704,80603,1488
22.512956619262695,17.53,0.0,0.01273004338145256,0.2437269538640976,-24.497326559999998,4440,54,0.0005,0.05063334107398987,80777,80676,1489
22.695911407470703,17.68,0.0,0.012624491937458515,0.6512596607208252,-24.3738152,4444,54,0.0005,0.020222125574946404,80854,80753,1490
22.230602264404297,17.64,0.0,0.012788505293428898,0.2954399585723877,-24.353052010000003,4448,54,0.0005,0.06256786733865738,80932,80831,1491
22.52275276184082,17.67,0.0,0.012946540489792824,-0.15199127793312073,-24.351376529999996,4452,54,0.0005,0.018853895366191864,81006,80905,1492
22.777568817138672,17.64,0.0,0.013046669773757458,0.2578326463699341,-24.59866734,4456,54,0.0005,0.04954185336828232,81070,80969,1493
22.51507568359375,17.72,0.0,0.012927114963531494,-0.8474473357200623,-24.612559540000003,4460,54,0.0005,0.05558681860566139,81149,81048,1495
22.832073211669922,17.93,0.0,0.012892481870949268,-0.4599757194519043,-24.53997255,4464,54,0.0005,0.08389195799827576,81215,81114,1496
22.419776916503906,18.0,0.0,0.012843584641814232,-0.40952831506729126,-24.519906189999997,4468,54,0.0005,0.0908723920583725,81294,81193,1497
22.47273826599121,17.85,0.0,0.01296474039554596,-0.006729148328304291,-24.29740654,4472,54,0.0005,0.07572505623102188,81367,81266,1498
22.3594970703125,17.89,0.0,0.013034923002123833,-0.05172699689865112,-24.238254780000002,4476,54,0.0005,0.037707775831222534,81441,81340,1499
22.993934631347656,17.97,0.0,0.013072132132947445,0.27023938298225403,-24.23038194,4480,54,0.0005,0.05677296966314316,81515,81414,1500
23.048751831054688,18.1,0.0,0.013125886209309101,0.4557470679283142,-24.135199840000006,4484,54,0.0005,0.09691740572452545,81595,81494,1501
22.64897918701172,18.02,0.0,0.013331901282072067,0.9121304154396057,-24.21699752,4488,54,0.0005,0.150448739528656,81658,81557,1502
22.573949813842773,18.12,0.0,0.013397649861872196,-0.34223899245262146,-24.116951880000002,4492,54,0.0005,0.14260387420654297,81734,81633,1503
22.420703887939453,18.08,0.0,0.013181627728044987,0.1050710678100586,-24.09250054,4496,54,0.0005,0.03618616983294487,81802,81701,1504
22.71245574951172,17.95,0.0,0.013070717453956604,-0.1563282459974289,-24.06855118,4500,54,0.0005,0.04903624579310417,81869,81768,1505
22.884441375732422,18.01,0.0,0.013067925348877907,0.03758740425109863,-24.07100013,4504,54,0.0005,0.05931659787893295,81945,81844,1506
22.9240779876709,18.09,0.0,0.013210874050855637,-1.0180120468139648,-24.184099519999997,4508,54,0.0005,0.044609908014535904,82018,81917,1507
22.475910186767578,18.05,0.0,0.013032050803303719,-0.6677807569503784,-24.094656670000003,4512,54,0.0005,0.05511078983545303,82092,81991,1508
22.58380126953125,17.94,0.0,0.013078092597424984,-1.0773653984069824,-24.2503698,4516,54,0.0005,0.03889939934015274,82157,82056,1509
22.720417022705078,17.9,0.0,0.013135033659636974,-0.8495781421661377,-24.16517021,4520,54,0.0005,0.0431724414229393,82229,82128,1510
22.560474395751953,18.09,0.0,0.013030056841671467,0.5094220638275146,-24.128306900000002,4524,54,0.0005,0.059688180685043335,82307,82206,1512
22.70395278930664,18.02,0.0,0.013034935109317303,0.10897533595561981,-24.213943669999995,4528,54,0.0005,0.043688856065273285,82371,82270,1513
22.556427001953125,18.09,0.0,0.012998184189200401,-0.7003278732299805,-24.047831669999997,4532,54,0.0005,0.09042754769325256,82445,82344,1514
22.540382385253906,18.11,0.0,0.012751098722219467,-1.367119312286377,-24.10798577,4536,54,0.0005,0.0320148766040802,82515,82414,1515
22.663965225219727,18.06,0.0,0.012716750614345074,0.24241816997528076,-24.05675573,4540,54,0.0005,0.03182520717382431,82583,82482,1516
22.60413360595703,18.0,0.0,0.01279049925506115,0.18378521502017975,-24.039946360000002,4544,54,0.0005,0.054234784096479416,82654,82553,1517
22.957115173339844,17.95,0.0,0.012706827372312546,0.6061237454414368,-24.14733077,4548,54,0.0005,0.04972990229725838,82727,82626,1518
22.470088958740234,17.89,0.0,0.012584440410137177,-0.560961127281189,-24.306512659999996,4552,54,0.0005,0.041453778743743896,82795,82694,1519
22.42923355102539,18.01,0.0,0.012567403726279736,0.13015633821487427,-24.073853439999993,4556,54,0.0005,0.02345861867070198,82871,82770,1520
22.60013198852539,18.03,0.0,0.012776795774698257,-0.5060912370681763,-24.017905419999998,4560,54,0.0005,0.06683021783828735,82952,82851,1521
22.44243812561035,18.1,0.0,0.012877779081463814,-1.739997386932373,-23.95673492,4564,54,0.0005,0.04083068668842316,83025,82924,1522
22.308696746826172,18.0,0.0,0.012874973937869072,-0.9783229827880859,-24.01667665,4568,54,0.0005,0.025062013417482376,83094,82993,1523
22.589513778686523,17.96,0.0,0.012779153883457184,1.3382651805877686,-24.09123484,4572,54,0.0005,0.07265439629554749,83163,83062,1524
22.137372970581055,17.8,0.0,0.012814643792808056,-0.8246012926101685,-24.126184140000007,4576,54,0.0005,0.0661868080496788,83221,83120,1525
22.1529541015625,17.74,0.0,0.012975749559700489,0.23056069016456604,-24.038011580000003,4580,54,0.0005,0.05891554057598114,83289,83188,1526
22.778793334960938,17.75,0.0,0.012897979468107224,0.08219429850578308,-24.064657669999995,4584,54,0.0005,0.07360231131315231,83370,83269,1527
22.914724349975586,17.92,0.0,0.012867405079305172,-0.8961437940597534,-23.940560319999996,4588,54,0.0005,0.027721695601940155,83450,83349,1528
22.821643829345703,17.89,0.0,0.012853743508458138,-0.46299687027931213,-24.00208909,4592,54,0.0005,0.019203342497348785,83523,83422,1529
22.378562927246094,17.87,0.0,0.012778440490365028,-0.2711910307407379,-24.155372890000002,4596,54,0.0005,0.03537319600582123,83589,83488,1530
22.55752944946289,18.03,0.0,0.012683534063398838,0.10052734613418579,-24.19339382,4600,54,0.0005,0.038018327206373215,83672,83571,1532
22.356403350830078,18.02,0.0,0.012742340564727783,-0.6929909586906433,-24.276175009999996,4604,54,0.0005,0.07730718702077866,83747,83646,1533
22.5335693359375,18.03,0.0,0.012657909654080868,-0.47072654962539673,-24.18265969,4608,54,0.0005,0.025606324896216393,83821,83720,1534
22.769229888916016,18.02,0.0,0.012512732297182083,0.977482795715332,-24.171032629999996,4612,54,0.0005,0.04293874278664589,83894,83793,1535
23.338769912719727,17.94,0.0,0.012561939656734467,1.2485978603363037,-24.16002183,4616,54,0.0005,0.05904367193579674,83951,83850,1536
22.55438232421875,17.88,0.0,0.012539646588265896,0.2555820941925049,-24.326108409999996,4620,54,0.0005,0.05590112507343292,84017,83916,1537
22.616226196289062,17.85,0.0,0.012696840800344944,-0.6240917444229126,-24.30606886,4624,54,0.0005,0.019226204603910446,84092,83991,1538
22.650938034057617,17.88,0.0,0.012561597861349583,-1.347825527191162,-24.315544699999997,4628,54,0.0005,0.05150291323661804,84159,84058,1539
22.805063247680664,17.85,0.0,0.012575585395097733,-0.541890561580658,-24.485609179999997,4632,54,0.0005,0.10034976899623871,84230,84129,1540
22.90302848815918,17.89,0.0,0.012388544157147408,0.5380550622940063,-24.403370600000002,4636,54,0.0005,0.03421221673488617,84304,84203,1541
22.604171752929688,17.83,0.0,0.012607184238731861,-0.155116468667984,-24.567389299999995,4640,54,0.0005,0.07918135076761246,84366,84265,1542
22.28951644897461,17.77,0.0,0.0126958591863513,-0.47510287165641785,-24.698237989999992,4644,54,0.0005,0.03182872012257576,84431,84330,1543
22.44085693359375,17.78,0.0,0.012604461051523685,0.38606175780296326,-24.683114379999996,4648,54,0.0005,0.0796085000038147,84505,84404,1544
22.585731506347656,17.9,0.0,0.012610689736902714,0.9506053924560547,-24.520514359999996,4652,54,0.0005,0.06474745273590088,84585,84484,1545
22.439334869384766,17.71,0.0,0.01262038666754961,-0.3041868805885315,-24.566764579999997,4656,54,0.0005,0.019706955179572105,84642,84541,1546
22.544418334960938,17.54,0.0,0.01261373981833458,-0.21835874021053314,-24.700174689999997,4660,54,0.0005,0.044447287917137146,84706,84605,1547
22.72142791748047,17.58,0.0,0.01244878489524126,1.2200350761413574,-24.7819127,4664,54,0.0005,0.04351180046796799,84783,84682,1548
22.488019943237305,17.61,0.0,0.012498068623244762,0.27995216846466064,-24.794856980000006,4668,54,0.0005,0.04236384481191635,84855,84754,1549
22.472429275512695,17.67,0.0,0.012567414902150631,0.3622363805770874,-24.734626890000005,4672,54,0.0005,0.029556788504123688,84930,84829,1550
22.64826202392578,17.84,0.0,0.012659781612455845,-1.0221041440963745,-24.76069217,4676,54,0.0005,0.025651346892118454,85005,84904,1551
22.645889282226562,17.85,0.0,0.012416837736964226,-0.5366389751434326,-24.919190290000003,4680,54,0.0005,0.050788890570402145,85074,84973,1552
22.430025100708008,17.72,0.0,0.012521069496870041,0.35533392429351807,-24.87933392,4684,54,0.0005,0.053972452878952026,85142,85041,1553
22.379276275634766,17.65,0.0,0.012546601705253124,0.9263170957565308,-24.844348130000004,4688,54,0.0005,0.040819767862558365,85215,85114,1554
22.417724609375,17.55,0.0,0.012862209230661392,-0.0562468096613884,-24.800553020000002,4692,54,0.0005,0.04542403668165207,85278,85177,1555
22.58820343017578,17.54,0.0,0.012961297295987606,-0.24936483800411224,-24.81368321,4696,54,0.0005,0.06156177073717117,85343,85242,1556
22.906875610351562,17.4,0.0,0.012937716208398342,1.1337932348251343,-24.804749899999997,4700,54,0.0005,0.05072148144245148,85412,85311,1557
22.749168395996094,17.42,0.0,0.013140691444277763,0.19143328070640564,-24.79932886,4704,54,0.0005,0.0636545717716217,85489,85388,1558
22.772274017333984,17.34,0.0,0.013096114620566368,0.04821529984474182,-24.873472720000006,4708,54,0.0005,0.032154977321624756,85555,85454,1559
22.09652328491211,17.36,0.0,0.012906174175441265,-1.0450611114501953,-24.95332034,4712,54,0.0005,0.08963751792907715,85630,85529,1560
22.623287200927734,17.48,0.0,0.012925475835800171,0.7209527492523193,-24.868002580000002,4716,54,0.0005,0.02489524707198143,85699,85598,1561
22.457962036132812,17.48,0.0,0.012962150387465954,0.8106934428215027,-24.769861129999995,4720,54,0.0005,0.036870077252388,85765,85664,1562
22.135143280029297,17.42,0.0,0.013010283000767231,0.1841348558664322,-24.686029239999996,4724,54,0.0005,0.04848438873887062,85834,85733,1563
22.7850341796875,17.44,0.0,0.013146813958883286,-0.6948782801628113,-24.660235850000003,4728,54,0.0005,0.025870319455862045,85903,85802,1564
22.82427215576172,17.36,0.0,0.013213129714131355,0.04659596085548401,-24.656680060000003,4732,54,0.0005,0.026670072227716446,85966,85865,1565
22.695755004882812,17.33,0.0,0.013308686204254627,0.19713646173477173,-24.672032569999995,4736,54,0.0005,0.03706585615873337,86037,85936,1566
22.4722900390625,17.4,0.0,0.013272235170006752,0.024388328194618225,-24.423193170000005,4740,54,0.0005,0.054291028529405594,86106,86005,1567
22.479381561279297,17.4,0.0,0.013246388174593449,0.1460311859846115,-24.283544090000007,4744,54,0.0005,0.021079447120428085,86171,86070,1568
22.220014572143555,17.18,0.0,0.013277590274810791,-0.8499652147293091,-24.313357500000006,4748,54,0.0005,0.03222128003835678,86223,86122,1569
22.378273010253906,16.99,0.0,0.013217762112617493,-0.47927066683769226,-24.35692431,4752,54,0.0005,0.09148605167865753,86284,86183,1570
22.312711715698242,17.14,0.0,0.013246886432170868,0.22049489617347717,-24.318911410000002,4756,54,0.0005,0.030452225357294083,86356,86255,1571
22.82953453063965,17.19,0.0,0.013086196035146713,-1.0016624927520752,-24.1445852,4760,54,0.0005,0.04791193827986717,86425,86324,1572
22.62530517578125,17.03,0.0,0.012859081849455833,-0.7715843915939331,-24.173764849999998,4764,54,0.0005,0.09924747049808502,86486,86385,1573
22.385215759277344,17.04,0.0,0.01266165915876627,-0.553480863571167,-24.177927179999998,4768,54,0.0005,0.05132515728473663,86559,86458,1574
22.384004592895508,16.99,0.0,0.01255620177835226,-0.3746376931667328,-24.320793280000004,4772,54,0.0005,0.022187091410160065,86629,86528,1575
22.601587295532227,16.9,0.0,0.012447389774024487,0.27675557136535645,-24.399803809999998,4776,54,0.0005,0.06547190994024277,86695,86594,1576
23.215621948242188,16.86,0.0,0.01254151202738285,1.9802671670913696,-24.46677457,4780,55,0.0005,0.12059526145458221,86760,86659,1577
22.791881561279297,16.82,0.0,0.012475520372390747,1.4534556865692139,-24.54723121,4784,55,0.0005,0.08451065421104431,86824,86723,1578
22.363449096679688,16.8,0.0,0.01273554377257824,-0.8711656332015991,-24.614889280000003,4788,55,0.0005,0.02049892023205757,86895,86794,1579
22.47125816345215,16.86,0.0,0.012805407866835594,-0.3107476830482483,-24.633376209999998,4792,55,0.0005,0.022071311250329018,86964,86863,1580
22.158905029296875,17.02,0.0,0.012870823964476585,0.4266568422317505,-24.513784889999997,4796,55,0.0005,0.05286463722586632,87045,86944,1581
22.49474334716797,17.07,0.0,0.01294979453086853,0.5922513008117676,-24.48362862,4800,55,0.0005,0.033279769122600555,87119,87018,1582
22.98302459716797,16.98,0.0,0.013044169172644615,-0.22089391946792603,-24.47605726,4804,55,0.0005,0.039212629199028015,87187,87086,1583
22.492773056030273,17.1,0.0,0.012922567315399647,-0.198745459318161,-24.329437289999998,4808,55,0.0005,0.06375830620527267,87265,87164,1584
22.927974700927734,17.12,0.0,0.013106641359627247,-0.7908083200454712,-24.332470960000002,4812,55,0.0005,0.07520362734794617,87342,87241,1585
22.835731506347656,17.15,0.0,0.013082794845104218,0.19161763787269592,-24.27865039,4816,55,0.0005,0.016958916559815407,87414,87313,1587
22.548297882080078,17.26,0.0,0.012915187515318394,0.0013715028762817383,-24.372816129999997,4820,55,0.0005,0.031144391745328903,87491,87390,1588
22.992473602294922,17.36,0.0,0.012742030434310436,1.9184050559997559,-24.471428589999995,4824,55,0.0005,0.039671141654253006,87570,87469,1589
22.764923095703125,17.43,0.0,0.01284108031541109,0.07054644823074341,-24.32309105,4828,55,0.0005,0.06406368315219879,87646,87545,1590
22.004894256591797,17.51,0.0,0.012769176624715328,-0.8822132349014282,-24.253462859999996,4832,55,0.0005,0.07610388100147247,87717,87616,1591
22.748926162719727,17.46,0.0,0.01272786408662796,-1.3454843759536743,-24.39329535,4836,55,0.0005,0.02571076899766922,87783,87682,1592
21.8731689453125,17.47,0.0,0.012652219273149967,-1.1279513835906982,-24.426013510000004,4840,55,0.0005,0.09284847974777222,87853,87752,1593
22.43108367919922,17.46,0.0,0.0127196554094553,-1.043022871017456,-24.5154927,4844,55,0.0005,0.03352811560034752,87917,87816,1594
22.382780075073242,17.77,0.0,0.012656365521252155,-0.23776817321777344,-24.40580185,4848,55,0.0005,0.05924519523978233,88000,87899,1595
23.03300666809082,17.87,0.0,0.012843296863138676,0.28302550315856934,-24.432125550000002,4852,55,0.0005,0.04946547746658325,88071,87970,1596
22.781572341918945,17.81,0.0,0.01271524652838707,0.33196407556533813,-24.428703109999997,4856,55,0.0005,0.043314818292856216,88137,88036,1597
22.164093017578125,17.73,0.0,0.012853884138166904,-0.1997443437576294,-24.66502301,4860,55,0.0005,0.07038319855928421,88198,88097,1598
22.808197021484375,17.71,0.0,0.013016102835536003,-1.1228140592575073,-24.671476879999997,4864,55,0.0005,0.04035336524248123,88257,88156,1599
22.233041763305664,17.64,0.0,0.013093036599457264,-0.9690734148025513,-24.73054429,4868,55,0.0005,0.04357592761516571,88323,88222,1600
22.78441047668457,17.71,0.0,0.012912415899336338,-0.9721946716308594,-24.5763252,4872,55,0.0005,0.0357077531516552,88400,88299,1601
22.632944107055664,17.72,0.0,0.012996374629437923,-0.43872135877609253,-24.660660740000004,4876,55,0.0005,0.040331073105335236,88467,88366,1602
22.84514045715332,17.74,0.0,0.012858138419687748,0.5654337406158447,-24.659569950000005,4880,55,0.0005,0.027151668444275856,88534,88433,1603
22.48054313659668,17.74,0.0,0.012868780642747879,0.4826771020889282,-24.741394290000002,4884,55,0.0005,0.07770632207393646,88598,88497,1604
22.784461975097656,17.82,0.0,0.012948676943778992,-0.08191372454166412,-24.67477675,4888,55,0.0005,0.029993543401360512,88677,88576,1605
22.740575790405273,17.89,0.0,0.012942750938236713,0.918320894241333,-24.616529980000006,4892,55,0.0005,0.02819092571735382,88753,88652,1606
22.476791381835938,17.73,0.0,0.012807569466531277,0.6363844275474548,-24.615838350000004,4896,55,0.0005,0.02840542420744896,88818,88717,1607
23.01165771484375,17.77,0.0,0.01281281653791666,0.7583221197128296,-24.80142615,4900,55,0.0005,0.025958599522709846,88896,88795,1608
22.678173065185547,17.74,0.0,0.013019398786127567,-0.04994482547044754,-24.860458209999997,4904,55,0.0005,0.04420597851276398,88961,88860,1609
22.067245483398438,17.77,0.0,0.013030883856117725,-0.5836020708084106,-24.881427520000003,4908,55,0.0005,0.031749095767736435,89042,88941,1610
22.817691802978516,17.73,0.0,0.01312168687582016,-0.5726277232170105,-24.78204114,4912,55,0.0005,0.03813105821609497,89115,89014,1611
22.501041412353516,17.69,0.0,0.013078466057777405,0.1261705607175827,-24.946010779999998,4916,55,0.0005,0.09499314427375793,89183,89082,1612
22.769775390625,17.65,0.0,0.012966143898665905,-0.04983127489686012,-24.859377550000005,4920,55,0.0005,0.020194247364997864,89256,89155,1614
23.091461181640625,17.69,0.0,0.012862547300755978,-0.37907469272613525,-24.786118300000002,4924,55,0.0005,0.07592429220676422,89339,89238,1615
22.285873413085938,17.57,0.0,0.012725885957479477,0.4137272834777832,-24.94593156,4928,55,0.0005,0.049424439668655396,89403,89302,1616
22.314128875732422,17.64,0.0,0.01259638648480177,-0.6793426275253296,-24.862168079999996,4932,55,0.0005,0.04435041546821594,89481,89380,1617
22.365928649902344,17.68,0.0,0.012442678213119507,-0.4329187870025635,-24.823860899999996,4936,55,0.0005,0.030132725834846497,89551,89450,1618
22.420583724975586,17.66,0.0,0.01243177242577076,-0.16833117604255676,-24.877567120000002,4940,55,0.0005,0.11507471650838852,89619,89518,1619
22.293659210205078,17.8,0.0,0.012465844862163067,-0.16615600883960724,-24.79614917,4944,55,0.0005,0.10040347278118134,89697,89596,1620
22.176246643066406,17.55,0.0,0.01262012217193842,-0.23881615698337555,-24.91667573,4948,55,0.0005,0.04425148665904999,89755,89654,1621
22.547969818115234,17.57,0.0,0.01264610979706049,-0.5536535978317261,-24.891586890000003,4952,55,0.0005,0.026860311627388,89828,89727,1622
22.639728546142578,17.61,0.0,0.012683086097240448,-0.1100190207362175,-24.86564596,4956,55,0.0005,0.02822675183415413,89898,89797,1623
23.25760269165039,17.71,0.0,0.012574339285492897,-0.1842527985572815,-24.72912848,4960,55,0.0005,0.06373412162065506,89969,89868,1624
22.749385833740234,17.87,0.0,0.012484828010201454,1.3278992176055908,-24.62012091,4964,53,0.0005,0.03939708322286606,90044,89943,1673
22.803264617919922,17.88,0.0,0.012761300429701805,0.8334543704986572,-24.542203290000007,4968,53,0.0005,0.05378442257642746,90111,90010,1674
22.551279067993164,17.87,0.0,0.012729502283036709,-0.32116279006004333,-24.5201508,4972,53,0.0005,0.06404979526996613,90187,90086,1675
22.242713928222656,17.94,0.0,0.01276637613773346,0.8080877661705017,-24.269476200000003,4976,53,0.0005,0.03605102747678757,90261,90160,1676
22.56955337524414,17.91,0.0,0.012984421104192734,0.06935596466064453,-24.070792850000004,4980,53,0.0005,0.06508927792310715,90325,90224,1677
21.952272415161133,18.11,0.0,0.012916043400764465,-1.0773086547851562,-23.92945659,4984,53,0.0005,0.04251118749380112,90409,90308,1679
22.431446075439453,17.96,0.0,0.012602081522345543,0.7503795027732849,-24.069076729999995,4988,53,0.0005,0.03621414303779602,90473,90372,1679
22.15709114074707,17.88,0.0,0.01257198303937912,0.23299962282180786,-24.12450115,4992,53,0.0005,0.055483102798461914,90541,90440,1680
22.45829963684082,17.9,0.0,0.012681006453931332,0.5961630344390869,-24.26696464,4996,53,0.0005,0.07912088185548782,90608,90507,1681
22.424503326416016,17.79,0.0,0.013155041262507439,0.6604117751121521,-24.15246347,5000,53,0.0005,0.08163709938526154,90675,90574,1682
23.58893585205078,17.92,0.0,0.013549942523241043,-1.8958009481430054,-24.03577161,5004,53,0.0005,0.2498520314693451,90753,90652,1684
23.24085235595703,17.8,0.0,0.013819865882396698,-1.1730165481567383,-24.01637859,5008,53,0.0005,0.09955139458179474,90822,90721,1685
22.135936737060547,17.63,0.0,0.013784490525722504,-0.8093565106391907,-24.243357839999998,5012,53,0.0005,0.03562896326184273,90878,90777,1685
22.499258041381836,17.66,0.0,0.013640967197716236,0.3578086197376251,-24.172173939999997,5016,53,0.0005,0.05919043719768524,90949,90848,1686
22.965150833129883,17.63,0.0,0.013707383535802364,0.14046035706996918,-24.277887570000004,5020,53,0.0005,0.0562635138630867,91019,90918,1687
22.440963745117188,17.53,0.0,0.013587391003966331,1.2607715129852295,-24.334679449999996,5024,53,0.0005,0.03330757096409798,91092,90991,1689
22.964336395263672,17.67,0.0,0.013469835743308067,-0.3882167339324951,-24.27338261,5028,53,0.0005,0.03741902485489845,91170,91069,1690
22.94183921813965,17.71,0.0,0.01325170136988163,0.13348230719566345,-24.29019253,5032,53,0.0005,0.0250837542116642,91252,91151,1691
22.507591247558594,17.7,0.0,0.013426448218524456,0.13779662549495697,-24.22611304,5036,53,0.0005,0.03508324921131134,91321,91220,1692
22.146556854248047,17.71,0.0,0.013516508974134922,0.019333161413669586,-24.223603119999996,5040,53,0.0005,0.02797553688287735,91390,91289,1693
22.37406349182129,17.67,0.0,0.013687273487448692,0.031832605600357056,-24.306211440000002,5044,53,0.0005,0.07924070954322815,91464,91363,1694
22.29084587097168,17.88,0.0,0.013780093751847744,-0.6093164682388306,-24.18242499,5048,53,0.0005,0.023698804900050163,91543,91442,1695
22.19818115234375,17.93,0.0,0.013717792928218842,0.6352843046188354,-24.16187316,5052,53,0.0005,0.03315769135951996,91621,91520,1696
21.934600830078125,17.9,0.0,0.01364109106361866,-0.22391200065612793,-24.318951529999996,5056,54,0.0005,0.08272887766361237,91688,91587,1697
22.851444244384766,17.87,0.0,0.013483678922057152,-0.08177725970745087,-24.299174590000003,5060,54,0.0005,0.05130067840218544,91756,91655,1698
22.80060577392578,17.83,0.0,0.0134857427328825,0.3289341926574707,-24.28283378,5064,54,0.0005,0.0454089418053627,91827,91726,1699
22.648292541503906,17.83,0.0,0.013264257460832596,0.3437473177909851,-24.438320409999996,5068,54,0.0005,0.04244294762611389,91894,91793,1700
22.745798110961914,17.67,0.0,0.013033909723162651,1.2425671815872192,-24.518289149999998,5072,54,0.0005,0.047542087733745575,91954,91853,1701
22.455900192260742,17.67,0.0,0.013354080729186535,0.14908412098884583,-24.55580838,5076,54,0.0005,0.02712918445467949,92028,91927,1702
22.349891662597656,17.77,0.0,0.013424650765955448,0.40549057722091675,-24.54435813,5080,54,0.0005,0.04031503200531006,92102,92001,1703
22.439125061035156,17.6,0.0,0.013443656265735626,1.1073455810546875,-24.694180509999995,5084,54,0.0005,0.049089476466178894,92169,92068,1704
22.598621368408203,17.47,0.0,0.013324905186891556,0.6217807531356812,-24.822313820000005,5088,54,0.0005,0.019249819219112396,92220,92119,1705
22.32642364501953,17.54,0.0,0.013302291743457317,0.6754410862922668,-24.7587403,5092,54,0.0005,0.035649508237838745,92295,92194,1706
22.61319923400879,17.58,0.0,0.013254677876830101,0.5212631821632385,-24.668967310000003,5096,54,0.0005,0.06791310012340546,92366,92265,1707
22.311111450195312,17.54,0.0,0.01328905951231718,-0.17956098914146423,-24.73043933,5100,54,0.0005,0.0231558158993721,92429,92328,1708
22.479766845703125,17.41,0.0,0.013351884670555592,0.18082880973815918,-24.691205669999995,5104,54,0.0005,0.04878093674778938,92494,92393,1709
22.407175064086914,17.39,0.0,0.013446713797748089,0.3177650570869446,-24.754750350000005,5108,54,0.0005,0.05072430521249771,92561,92460,1710
22.494991302490234,17.45,0.0,0.01361775305122137,-0.8617926836013794,-24.75840547,5112,54,0.0005,0.025308383628726006,92623,92522,1711
22.382488250732422,17.48,0.0,0.013516186736524105,-0.8520019054412842,-24.725668779999996,5116,54,0.0005,0.039352111518383026,92697,92596,1712
22.14889907836914,17.57,0.0,0.013491724617779255,-0.9709755182266235,-24.631989820000005,5120,54,0.0005,0.04419317841529846,92776,92675,1713
21.99897575378418,17.61,0.0,0.013408234342932701,-0.7767056226730347,-24.660925419999998,5124,54,0.0005,0.051687344908714294,92853,92752,1714
22.139127731323242,17.6,0.0,0.01351322140544653,-0.4678412079811096,-24.59755348,5128,54,0.0005,0.048727042973041534,92930,92829,1716
22.546062469482422,17.39,0.0,0.01345532201230526,-0.4593767821788788,-24.77724425,5132,54,0.0005,0.06721960008144379,92991,92890,1716
22.862918853759766,17.48,0.0,0.013345322571694851,-0.12366664409637451,-24.93039568,5136,54,0.0005,0.054631367325782776,93069,92968,1718
22.64820671081543,17.44,0.0,0.013169363141059875,-0.12983611226081848,-25.005139619999994,5140,54,0.0005,0.1294529139995575,93134,93033,1719
22.337806701660156,17.37,0.0,0.012981317937374115,-0.3084370195865631,-24.966200889999996,5144,54,0.0005,0.023138536140322685,93201,93100,1720
22.4271183013916,17.31,0.0,0.013053346425294876,-1.0619193315505981,-25.036439039999994,5148,54,0.0005,0.01973213069140911,93274,93173,1721
22.59807014465332,17.25,0.0,0.013257762417197227,-1.5534560680389404,-25.04480629,5152,54,0.0005,0.03405793011188507,93346,93245,1722
22.45716094970703,17.26,0.0,0.013311250135302544,0.518842875957489,-24.96067159,5156,54,0.0005,0.03262241929769516,93414,93313,1723
22.846548080444336,17.38,0.0,0.013537498190999031,-0.41298115253448486,-24.884011259999998,5160,54,0.0005,0.06385171413421631,93494,93393,1724
22.108875274658203,17.37,0.0,0.013504198752343655,-0.9495288729667664,-24.950613030000003,5164,54,0.0005,0.044173382222652435,93564,93463,1725
21.87848663330078,17.35,0.0,0.013275443576276302,-0.5937337279319763,-24.874296320000006,5168,54,0.0005,0.051446013152599335,93629,93528,1726
22.02770233154297,17.39,0.0,0.0131808090955019,-0.7715693116188049,-24.961531739999995,5172,54,0.0005,0.04819825291633606,93693,93592,1727
22.708498001098633,17.3,0.0,0.012962255626916885,-0.539758026599884,-25.068078110000002,5176,54,0.0005,0.04774271324276924,93758,93657,1728
22.60668182373047,17.2,0.0,0.013020509853959084,0.48507922887802124,-25.18708351,5180,54,0.0005,0.08583199232816696,93822,93721,1729
22.275957107543945,17.39,0.0,0.012904456816613674,-1.1497987508773804,-25.065028740000002,5184,54,0.0005,0.06106026470661163,93908,93807,1730
22.31937026977539,17.6,0.0,0.012795104645192623,-1.8177990913391113,-24.88050248,5188,54,0.0005,0.050191715359687805,93980,93879,1731
22.806631088256836,17.54,0.0,0.012764214538037777,-0.625908613204956,-24.884003560000007,5192,54,0.0005,0.07662376761436462,94049,93948,1732
22.18832778930664,17.6,0.0,0.01262353453785181,0.2937268614768982,-24.793330360000006,5196,54,0.0005,0.04099763184785843,94126,94025,1733
22.322174072265625,17.5,0.0,0.012688172981142998,-0.2068202942609787,-24.782183410000002,5200,54,0.0005,0.09585021436214447,94179,94078,1734
22.242557525634766,17.54,0.0,0.01291600614786148,0.1652713119983673,-24.780189230000005,5204,54,0.0005,0.038834452629089355,94248,94147,1735
22.770278930664062,17.56,0.0,0.013026130385696888,-0.6931791305541992,-24.701955299999995,5208,54,0.0005,0.06979796290397644,94317,94216,1736
22.737987518310547,17.61,0.0,0.012900937348604202,-0.3311455249786377,-24.566156659999997,5212,54,0.0005,0.0652911365032196,94384,94283,1737
22.722122192382812,17.56,0.0,0.012682808563113213,0.581346333026886,-24.55569063,5216,54,0.0005,0.10244628041982651,94453,94352,1738
22.792139053344727,17.47,0.0,0.01255278941243887,0.0813729465007782,-24.55042925,5220,54,0.0005,0.04221276193857193,94523,94422,1739
22.30200958251953,17.39,0.0,0.012628092430531979,0.4515702426433563,-24.440610470000003,5224,54,0.0005,0.02893264964222908,94592,94491,1740
22.42973518371582,17.18,0.0,0.012712693773210049,0.5973261594772339,-24.53028218,5228,54,0.0005,0.05987752974033356,94648,94547,1741
22.4957275390625,17.35,0.0,0.012690939009189606,0.39152050018310547,-24.35550192,5232,54,0.0005,0.04422711580991745,94726,94625,1742
22.74971580505371,17.35,0.0,0.012629133649170399,1.4494686126708984,-24.167920210000002,5236,54,0.0005,0.07226170599460602,94804,94703,1743
22.083702087402344,17.45,0.0,0.013064678758382797,-0.3645240068435669,-24.03514077,5240,54,0.0005,0.09477134048938751,94879,94778,1744
22.451913833618164,17.45,0.0,0.013052014634013176,-0.6786884069442749,-24.136995040000002,5244,54,0.0005,0.05347838252782822,94946,94845,1745
22.125368118286133,17.35,0.0,0.012960444204509258,-0.4099540710449219,-24.12940708,5248,54,0.0005,0.04304606094956398,95009,94908,1746
22.54469871520996,17.35,0.0,0.01274570170789957,-0.00979575514793396,-24.14792665,5252,54,0.0005,0.020306091755628586,95081,94980,1747
22.309314727783203,17.25,0.0,0.01251809112727642,-0.31296998262405396,-24.20840411,5256,54,0.0005,0.023947294801473618,95139,95038,1748
22.704116821289062,17.14,0.0,0.012158235535025597,0.9314420819282532,-24.363498689999997,5260,54,0.0005,0.017364582046866417,95208,95107,1749
22.09857940673828,17.1,0.0,0.012125251814723015,0.4860336184501648,-24.33027106,5264,54,0.0005,0.03464260697364807,95274,95173,1750
22.2648868560791,17.17,0.0,0.012234536930918694,-0.13168443739414215,-24.24669767,5268,54,0.0005,0.08136267960071564,95346,95245,1751
22.319194793701172,17.21,0.0,0.012185078114271164,-0.36013585329055786,-24.19163447,5272,54,0.0005,0.018090270459651947,95414,95313,1752
22.490663528442383,17.14,0.0,0.012115075252950191,0.2655903100967407,-24.19220824,5276,54,0.0005,0.06282860040664673,95472,95371,1753
22.217710494995117,17.19,0.0,0.012282656505703926,2.1263620853424072,-24.106434959999998,5280,54,0.0005,0.08408625423908234,95541,95440,1754
22.426288604736328,17.14,0.0,0.012670670635998249,0.9876691102981567,-24.100070119999994,5284,54,0.0005,0.05171657353639603,95622,95521,1755
22.637739181518555,17.2,0.0,0.012947744689881802,-0.8357160091400146,-24.009832959999997,5288,54,0.0005,0.05696803331375122,95700,95599,1756
22.278894424438477,17.21,0.0,0.012661049142479897,-0.6199896335601807,-24.074301590000008,5292,54,0.0005,0.028647085651755333,95770,95669,1757
22.58091926574707,17.1,0.0,0.012715035118162632,0.06188187003135681,-24.063701379999998,5296,54,0.0005,0.0909045860171318,95836,95735,1758
22.42083740234375,17.29,0.0,0.012533745728433132,-1.2493634223937988,-24.02330317,5300,54,0.0005,0.06728631258010864,95908,95807,1759
22.404342651367188,17.24,0.0,0.012611165642738342,-0.14548435807228088,-24.10382468,5304,54,0.0005,0.11862127482891083,95972,95871,1760
22.2843017578125,17.26,0.0,0.012592513114213943,0.1352853924036026,-24.174384659999998,5308,54,0.0005,0.050749875605106354,96043,95942,1761
22.160327911376953,17.28,0.0,0.012585772201418877,1.100014328956604,-24.223635689999995,5312,54,0.0005,0.024330984801054,96112,96011,1762
22.544025421142578,17.3,0.0,0.012686043977737427,-0.2640284299850464,-24.14335399,5316,54,0.0005,0.05523443967103958,96183,96082,1763
22.322406768798828,17.37,0.0,0.012641768902540207,-0.3392723798751831,-24.05194373,5320,54,0.0005,0.05698440223932266,96260,96159,1764
22.48636245727539,17.41,0.0,0.012488584965467453,-0.4637448489665985,-24.12670157,5324,54,0.0005,0.043955300003290176,96333,96232,1766
22.107587814331055,17.6,0.0,0.012323111295700073,-0.5955674052238464,-24.073888610000004,5328,54,0.0005,0.046688541769981384,96408,96307,1767
22.33233070373535,17.49,0.0,0.012051516212522984,-1.6262822151184082,-24.062718850000007,5332,54,0.0005,0.0811966210603714,96475,96374,1768
21.957454681396484,17.52,0.0,0.011841502040624619,-1.5103857517242432,-24.056539989999997,5336,54,0.0005,0.058524198830127716,96556,96455,1769
22.197269439697266,17.46,0.0,0.011735246516764164,0.6812481880187988,-24.187358760000002,5340,54,0.0005,0.06522900611162186,96625,96524,1770
22.376426696777344,17.51,0.0,0.011767197400331497,0.691072940826416,-24.038329840000003,5344,54,0.0005,0.07572677731513977,96697,96596,1771
22.03307342529297,17.53,0.0,0.01191909983754158,0.5173530578613281,-24.00584758,5348,54,0.0005,0.10937245935201645,96762,96661,1772
23.285503387451172,17.54,0.0,0.0128299780189991,-1.2706515789031982,-24.032247280000007,5352,54,0.0005,0.2043352723121643,96835,96734,1773
22.694950103759766,17.63,0.0,0.013157092034816742,0.30079779028892517,-24.096118,5356,54,0.0005,0.06995999813079834,96902,96801,1774
21.96072006225586,17.76,0.0,0.013347486034035683,-0.057989876717329025,-23.958449650000002,5360,54,0.0005,0.10073619335889816,96984,96883,1775
22.203052520751953,17.71,0.0,0.013415063731372356,0.11638447642326355,-23.93038857,5364,54,0.0005,0.04693662002682686,97045,96944,1776
22.47810173034668,17.64,0.0,0.013580855913460255,0.08543944358825684,-23.915931740000005,5368,54,0.0005,0.01702367700636387,97110,97009,1777
22.515289306640625,17.73,0.0,0.01354785542935133,0.4100022614002228,-23.912476270000006,5372,54,0.0005,0.0635872632265091,97187,97086,1778
22.20625877380371,17.73,0.0,0.013694546185433865,-0.767113447189331,-23.83705098,5376,54,0.0005,0.04969232156872749,97245,97144,1779
22.689796447753906,17.79,0.0,0.013706350699067116,-1.2874181270599365,-23.892411439999997,5380,54,0.0005,0.06133997067809105,97320,97219,1780
22.17152214050293,17.72,0.0,0.013616234064102173,-0.8142470121383667,-23.858352139999997,5384,54,0.0005,0.050880298018455505,97394,97293,1781
22.402908325195312,17.59,0.0,0.013532443903386593,-0.5788474082946777,-23.934297270000002,5388,54,0.0005,0.02309131994843483,97459,97358,1782
22.26682472229004,17.65,0.0,0.013407006859779358,-1.1301398277282715,-23.87359309,5392,54,0.0005,0.046370431780815125,97535,97434,1783
22.489192962646484,17.64,0.0,0.01333797350525856,-0.033788830041885376,-23.951601070000002,5396,54,0.0005,0.05331715941429138,97600,97499,1784
22.402544021606445,17.6,0.0,0.013218706473708153,-1.4014382362365723,-24.03824513,5400,54,0.0005,0.062177836894989014,97668,97567,1785
22.68560028076172,17.8,0.0,0.012984729371964931,-0.44570040702819824,-24.08690727,5404,54,0.0005,0.03099730610847473,97752,97651,1786
22.519861221313477,17.79,0.0,0.012662546709179878,-0.5017518401145935,-24.076342510000003,5408,54,0.0005,0.038975827395915985,97822,97721,1787
22.172557830810547,17.75,0.0,0.012667112052440643,0.0249776691198349,-24.023622339999996,5412,54,0.0005,0.038443274796009064,97887,97786,1788
22.542930603027344,17.79,0.0,0.012662389315664768,-0.011789858341217041,-24.12081341,5416,54,0.0005,0.027293600142002106,97962,97861,1789
22.564159393310547,17.73,0.0,0.012698148377239704,0.28157514333724976,-24.144162979999997,5420,54,0.0005,0.05407538264989853,98033,97932,1791
22.187644958496094,17.66,0.0,0.012533070519566536,0.14942485094070435,-24.13804351,5424,54,0.0005,0.08453309535980225,98099,97998,1791
22.294776916503906,17.67,0.0,0.012650277465581894,-0.5838425159454346,-24.08279025,5428,54,0.0005,0.06588049232959747,98175,98074,1793
22.586929321289062,17.7,0.0,0.012486333958804607,-0.33631253242492676,-24.303508569999998,5432,54,0.0005,0.04530077427625656,98245,98144,1794
22.3784236907959,17.61,0.0,0.012381486594676971,1.0176033973693848,-24.375764990000004,5436,54,0.0005,0.021613311022520065,98317,98216,1795
22.35295867919922,17.61,0.0,0.01212129183113575,0.20739611983299255,-24.415905489999997,5440,54,0.0005,0.03782223165035248,98386,98285,1796
22.27904510498047,17.58,0.0,0.012037750333547592,0.5847918391227722,-24.472674259999998,5444,54,0.0005,0.05251191556453705,98455,98354,1797
22.29483413696289,17.64,0.0,0.012097571976482868,0.12520132958889008,-24.51844216,5448,54,0.0005,0.05082269012928009,98526,98425,1798
22.191505432128906,17.59,0.0,0.01211086381226778,0.21342509984970093,-24.573994040000002,5452,54,0.0005,0.02226005122065544,98594,98493,1799
22.86752700805664,17.55,0.0,0.012315474450588226,1.488248348236084,-24.55553192,5456,54,0.0005,0.029738809913396835,98657,98556,1800
22.554523468017578,17.58,0.0,0.012435619719326496,-0.30570781230926514,-24.560030919999996,5460,54,0.0005,0.029507998377084732,98742,98641,1801
22.271739959716797,17.55,0.0,0.01260273065418005,-0.22260282933712006,-24.66677347,5464,54,0.0005,0.04891711473464966,98800,98699,1802
21.9860897064209,17.64,0.0,0.01277393288910389,0.0307064950466156,-24.62042229,5468,54,0.0005,0.014301604591310024,98874,98773,1803
22.540302276611328,17.52,0.0,0.012901011854410172,0.6800950765609741,-24.667099340000004,5472,54,0.0005,0.04960057884454727,98939,98838,1804
22.423381805419922,17.6,0.0,0.01300826109945774,1.4023712873458862,-24.6584508,5476,54,0.0005,0.08489443361759186,99005,98904,1805
22.553312301635742,17.63,0.0,0.012985100969672203,0.42104655504226685,-24.568340679999995,5480,54,0.0005,0.05731654912233353,99083,98982,1806
22.394577026367188,17.6,0.0,0.012914934195578098,0.43839704990386963,-24.715998900000002,5484,54,0.0005,0.05924113094806671,99154,99053,1807
22.354148864746094,17.7,0.0,0.012885807082057,-0.9187058210372925,-24.635937959999996,5488,54,0.0005,0.021398702636361122,99229,99128,1808
22.04144859313965,17.56,0.0,0.012894376181066036,-0.42987632751464844,-24.753163869999998,5492,54,0.0005,0.07346631586551666,99291,99190,1809
22.086591720581055,17.63,0.0,0.012848399579524994,-0.755490779876709,-24.68642133,5496,54,0.0005,0.01622411236166954,99363,99262,1810
22.177398681640625,17.62,0.0,0.01281682588160038,0.21086478233337402,-24.66666766,5500,54,0.0005,0.02483273297548294,99430,99329,1811
22.31731414794922,17.44,0.0,0.013033113442361355,0.07181942462921143,-24.609067450000012,5504,54,0.0005,0.0234201829880476,99496,99395,1812
21.867183685302734,17.44,0.0,0.013080456294119358,-0.9517104029655457,-24.61831921,5508,54,0.0005,0.02758702263236046,99566,99465,1813
22.48984718322754,17.4,0.0,0.013152808882296085,1.3209853172302246,-24.759169960000005,5512,54,0.0005,0.030166449025273323,99627,99526,1814
21.851865768432617,17.3,0.0,0.013938489370048046,1.0204527378082275,-24.73516583,5516,54,0.0005,0.07474713027477264,99692,99591,1815
22.562610626220703,17.2,0.0,0.01423397846519947,-0.5112956762313843,-24.885617000000003,5520,54,0.0005,0.052217014133930206,99753,99652,1816
22.361480712890625,17.26,0.0,0.013874306343495846,-0.1711081862449646,-24.978760360000003,5524,54,0.0005,0.031631115823984146,99825,99724,1817
22.565526962280273,17.16,0.0,0.013731516897678375,-0.9063453674316406,-24.95455157,5528,54,0.0005,0.04795868694782257,99891,99790,1818
22.2232723236084,17.21,0.0,0.013371903449296951,-1.24692964553833,-24.819710519999997,5532,54,0.0005,0.08143550157546997,99966,99865,1819
22.1469783782959,17.12,0.0,0.013234688900411129,0.13666221499443054,-24.712176909999997,5536,53,0.0005,0.038263678550720215,100029,99928,1866
22.411697387695312,17.26,0.0,0.013214213773608208,-0.3264539837837219,-24.54824375,5540,53,0.0005,0.05463775247335434,100112,100011,1867
22.47584342956543,17.36,0.0,0.012900513596832752,-1.589566946029663,-24.602250010000002,5544,53,0.0005,0.08701537549495697,100191,100090,1869
22.415283203125,17.37,0.0,0.01251328643411398,-1.402044415473938,-24.612047509999996,5548,53,0.0005,0.027555301785469055,100263,100162,1870
22.244400024414062,17.39,0.0,0.012463918887078762,-0.2535884380340576,-24.46031234,5552,53,0.0005,0.05271446704864502,100333,100232,1871
22.16644859313965,17.4,0.0,0.012523823417723179,0.5351400375366211,-24.33104682,5556,53,0.0005,0.027755605056881905,100397,100296,1872
22.380849838256836,17.27,0.0,0.012766236439347267,0.3712214529514313,-24.410414539999998,5560,53,0.0005,0.08424317836761475,100469,100368,1873
22.51192855834961,17.48,0.0,0.0127993393689394,-0.7977175116539001,-24.37080486,5564,53,0.0005,0.04118525981903076,100548,100447,1874
22.1939697265625,17.47,0.0,0.012819123454391956,-0.24217385053634644,-24.44738468,5568,53,0.0005,0.03169194236397743,100621,100520,1875
22.090869903564453,17.53,0.0,0.012731366790831089,-0.1616385579109192,-24.391801290000004,5572,53,0.0005,0.04820137098431587,100692,100591,1876
22.17713165283203,17.6,0.0,0.013360482640564442,-0.6458664536476135,-24.328610900000008,5576,53,0.0005,0.27870628237724304,100765,100664,1877
22.388795852661133,17.52,0.0,0.013748656027019024,0.43385639786720276,-24.503975330000003,5580,53,0.0005,0.06900255382061005,100835,100734,1878
22.582237243652344,17.53,0.0,0.013798314146697521,-0.7508171796798706,-24.466207039999993,5584,53,0.0005,0.058637723326683044,100907,100806,1879
22.19051742553711,17.48,0.0,0.013689748011529446,-0.7095838785171509,-24.56494363,5588,53,0.0005,0.039145469665527344,100977,100876,1880
22.113157272338867,17.58,0.0,0.013513311743736267,-0.8921141624450684,-24.42839904,5592,53,0.0005,0.02835261821746826,101049,100948,1881
22.168052673339844,17.61,0.0,0.013443207368254662,0.20732532441616058,-24.443947270000002,5596,53,0.0005,0.06109464913606644,101124,101023,1882
22.41013526916504,17.58,0.0,0.013386978767812252,-0.3794993460178375,-24.450214550000005,5600,53,0.0005,0.055814698338508606,101188,101087,1883
22.85443878173828,17.59,0.0,0.013445381075143814,-0.08461728692054749,-24.3771542,5604,53,0.0005,0.05631643906235695,101255,101154,1884
22.547042846679688,17.54,0.0,0.013372477144002914,1.66740083694458,-24.474150209999994,5608,53,0.0005,0.08286857604980469,101320,101219,1885
22.275787353515625,17.62,0.0,0.01324746198952198,-0.7240820527076721,-24.23461233,5612,53,0.0005,0.04283744469285011,101389,101288,1886
21.966623306274414,17.74,0.0,0.013130906969308853,1.0849568843841553,-24.16801529,5616,53,0.0005,0.024207796901464462,101466,101365,1887
22.555572509765625,17.81,0.0,0.01323443092405796,-0.23519887030124664,-24.053854540000007,5620,53,0.0005,0.06606195122003555,101534,101433,1888
22.391010284423828,17.79,0.0,0.013227837160229683,-0.4769429862499237,-23.87764517,5624,53,0.0005,0.09009796380996704,101604,101503,1889
22.472225189208984,17.87,0.0,0.013122156262397766,-0.2579702138900757,-23.886005340000008,5628,53,0.0005,0.04558701813220978,101678,101577,1890
22.20538330078125,17.83,0.0,0.013048330321907997,0.2108086347579956,-23.755460910000007,5632,53,0.0005,0.035117119550704956,101749,101648,1891
22.06307601928711,17.79,0.0,0.012989361770451069,-1.036569356918335,-23.91108043,5636,53,0.0005,0.05213267356157303,101808,101707,1892
22.60407257080078,17.68,0.0,0.012959344312548637,-1.8059461116790771,-23.953039869999998,5640,53,0.0005,0.06805956363677979,101880,101779,1893
22.31906509399414,17.46,0.0,0.012722615152597427,0.7512428760528564,-23.88718385,5644,53,0.0005,0.054839540272951126,101937,101836,1894
22.471010208129883,17.42,0.0,0.0126462671905756,-0.14594078063964844,-23.8597125,5648,53,0.0005,0.10319559276103973,102005,101904,1895
22.559471130371094,17.44,0.0,0.012862198054790497,0.8501543998718262,-23.94708571,5652,53,0.0005,0.04728051275014877,102077,101976,1896
22.152446746826172,17.52,0.0,0.012876704335212708,0.06411813944578171,-23.95737807,5656,53,0.0005,0.023258155211806297,102149,102048,1897
22.293254852294922,17.42,0.0,0.012870155274868011,0.8143245577812195,-23.926882130000003,5660,53,0.0005,0.04729246720671654,102211,102110,1898
22.601486206054688,17.37,0.0,0.012815156951546669,0.6963086128234863,-23.927219589999996,5664,53,0.0005,0.043827321380376816,102285,102184,1899
22.894454956054688,17.38,0.0,0.012749135494232178,-0.5594756603240967,-23.9968617,5668,53,0.0005,0.09648698568344116,102359,102258,1900
22.213903427124023,17.48,0.0,0.01253378763794899,-0.5037167072296143,-24.011466569999996,5672,53,0.0005,0.028229214251041412,102440,102339,1902
22.30957794189453,17.52,0.0,0.012518730014562607,-0.4632165729999542,-24.037648960000002,5676,53,0.0005,0.027875490486621857,102517,102416,1903
22.152141571044922,17.57,0.0,0.01231928076595068,-0.4816609025001526,-23.897102259999997,5680,53,0.0005,0.11764497309923172,102592,102491,1904
22.728322982788086,17.62,0.0,0.012159731239080429,1.909539818763733,-23.8226475,5684,53,0.0005,0.03895788639783859,102669,102568,1905
22.761951446533203,17.55,0.0,0.01242732722312212,0.26992660760879517,-23.900335560000002,5688,53,0.0005,0.02482665702700615,102732,102631,1906
22.529903411865234,17.5,0.0,0.012671020813286304,-0.8100998401641846,-23.968921759999997,5692,53,0.0005,0.020519811660051346,102799,102698,1907
22.509225845336914,17.56,0.0,0.012750320136547089,-1.6703511476516724,-24.04902285,5696,53,0.0005,0.013433569110929966,102880,102779,1908
21.749740600585938,17.67,0.0,0.012720940634608269,-0.15368102490901947,-23.889808440000003,5700,53,0.0005,0.029898706823587418,102955,102854,1909
22.10926055908203,17.62,0.0,0.01265107374638319,0.23409652709960938,-24.024844799999997,5704,53,0.0005,0.021875876933336258,103017,102916,1910
22.322372436523438,17.74,0.0,0.01276456844061613,0.6202290058135986,-23.891447979999995,5708,53,0.0005,0.04573532193899155,103094,102993,1911
22.04738426208496,17.78,0.0,0.013160355389118195,3.586578607559204,-23.902824869999996,5712,53,0.0005,0.08482018113136292,103167,103066,1912
22.48246192932129,17.75,0.0,0.013823326677083969,-0.3532572090625763,-23.8991664,5716,53,0.0005,0.09044581651687622,103241,103140,1913
22.624361038208008,17.68,0.0,0.013795459643006325,-0.20677536725997925,-24.03199205,5720,53,0.0005,0.07824144512414932,103302,103201,1914
22.20805549621582,17.68,0.0,0.013800485990941525,-0.8299870491027832,-24.232553720000002,5724,53,0.0005,0.033720895648002625,103372,103271,1915
21.974937438964844,17.72,0.0,0.013614442199468613,0.11721852421760559,-24.27691376,5728,53,0.0005,0.029155006632208824,103450,103349,1916
21.853412628173828,17.71,0.0,0.01346543151885271,-0.4736381769180298,-24.457178470000002,5732,53,0.0005,0.028184030205011368,103520,103419,1917
22.2733211517334,17.82,0.0,0.013439317233860493,-0.5615619421005249,-24.39082945,5736,53,0.0005,0.029486432671546936,103590,103489,1919
22.23694610595703,17.84,0.0,0.013464679010212421,-0.6232863664627075,-24.38346742,5740,53,0.0005,0.049615755677223206,103664,103563,1920
22.606517791748047,17.89,0.0,0.013502723537385464,-0.6842740774154663,-24.395312630000003,5744,53,0.0005,0.025702573359012604,103726,103625,1921
22.379878997802734,17.9,0.0,0.01341546792536974,0.4000774621963501,-24.38938644,5748,54,0.0005,0.06346596032381058,103795,103694,1922
22.746440887451172,17.92,0.0,0.01332663930952549,0.38522982597351074,-24.451141250000006,5752,54,0.0005,0.04210603982210159,103869,103768,1923
21.98015594482422,17.8,0.0,0.013229894451797009,0.438125342130661,-24.52936307,5756,54,0.0005,0.02222452312707901,103929,103828,1923
22.41562271118164,17.83,0.0,0.013330954127013683,-0.21767209470272064,-24.478460959999996,5760,54,0.0005,0.01756245829164982,103994,103893,1924
22.168136596679688,17.76,0.0,0.013085266575217247,0.8321059346199036,-24.532192910000003,5764,54,0.0005,0.06740449368953705,104061,103960,1925
21.83928680419922,17.77,0.0,0.013035625219345093,1.5877220630645752,-24.386984500000008,5768,54,0.0005,0.06343613564968109,104136,104035,1927
22.572017669677734,17.72,0.0,0.013150946237146854,1.1355738639831543,-24.289668459999998,5772,54,0.0005,0.0722121149301529,104212,104111,1928
21.90789031982422,17.63,0.0,0.01305052638053894,0.4457581639289856,-24.361855570000007,5776,54,0.0005,0.09122879803180695,104280,104179,1929
22.767345428466797,17.3,0.0,0.013473658822476864,2.678983449935913,-24.45067571,5780,54,0.0005,0.04826425760984421,104322,104221,1929
23.060836791992188,17.15,0.0,0.01372157409787178,1.3255914449691772,-24.48522798,5784,54,0.0005,0.11603438854217529,104384,104283,1930
22.755977630615234,17.29,0.0,0.013979397714138031,-0.5857488512992859,-24.425661450000003,5788,54,0.0005,0.021754296496510506,104461,104360,1931
22.376859664916992,17.25,0.0,0.013630336150527,0.1732405573129654,-24.486204159999996,5792,54,0.0005,0.059234458953142166,104524,104423,1932
22.407913208007812,17.22,0.0,0.013390937820076942,0.6356865167617798,-24.433549399999993,5796,54,0.0005,0.07436343282461166,104602,104501,1933
22.142894744873047,17.26,0.0,0.01314519066363573,-0.6996380090713501,-24.48131637,5800,54,0.0005,0.05553324893116951,104681,104580,1935
22.471920013427734,17.33,0.0,0.01287057250738144,-0.38457268476486206,-24.358776869999996,5804,54,0.0005,0.013084327802062035,104750,104649,1936
22.645244598388672,17.08,0.0,0.012860389426350594,-0.5085563659667969,-24.511538510000005,5808,54,0.0005,0.0531589649617672,104802,104701,1936
21.974254608154297,17.02,0.0,0.012595683336257935,0.4090249240398407,-24.675336560000005,5812,54,0.0005,0.07331930100917816,104869,104768,1937
22.77577781677246,17.01,0.0,0.0125284343957901,0.5816556215286255,-24.72148771,5816,54,0.0005,0.035156309604644775,104942,104841,1938
22.160438537597656,17.03,0.0,0.012470387853682041,0.5561335682868958,-24.66786699999999,5820,54,0.0005,0.05106931924819946,105005,104904,1939
21.89809226989746,17.06,0.0,0.012432804331183434,0.22282707691192627,-24.476381099999998,5824,54,0.0005,0.09427902102470398,105078,104977,1940
22.179000854492188,17.0,0.0,0.012384498491883278,0.3640519380569458,-24.541778969999996,5828,54,0.0005,0.07366358488798141,105150,105049,1941
22.084819793701172,16.94,0.0,0.012255661189556122,0.6280853152275085,-24.447359679999998,5832,54,0.0005,0.06500175595283508,105214,105113,1942
22.343002319335938,17.11,0.0,0.012157413177192211,0.7082993984222412,-24.43280718,5836,54,0.0005,0.013469075784087181,105301,105200,1944
22.315834045410156,17.12,0.0,0.012264460325241089,-0.2521989941596985,-24.382730700000003,5840,54,0.0005,0.06767832487821579,105376,105275,1945
22.116296768188477,17.16,0.0,0.012336980551481247,-0.01724684238433838,-24.365413190000005,5844,54,0.0005,0.03494507074356079,105442,105341,1946
22.083271026611328,17.18,0.0,0.012337827123701572,-1.034269094467163,-24.377900320000002,5848,54,0.0005,0.034182026982307434,105513,105412,1947
22.05891990661621,17.1,0.0,0.012046569027006626,-0.16256298124790192,-24.30774969,5852,54,0.0005,0.061250317841768265,105579,105478,1948
22.274600982666016,17.24,0.0,0.011968507431447506,0.6329161524772644,-24.20576655,5856,54,0.0005,0.033074136823415756,105653,105552,1949
22.36860466003418,17.25,0.0,0.01202339120209217,0.022596191614866257,-24.33224992,5860,54,0.0005,0.045184969902038574,105719,105618,1950
22.663949966430664,17.35,0.0,0.01209738664329052,1.0761876106262207,-24.20586438,5864,54,0.0005,0.02395828440785408,105796,105695,1951
22.03821563720703,17.29,0.0,0.012429798021912575,0.4313713610172272,-24.264261889999997,5868,54,0.0005,0.046600982546806335,105865,105764,1952
22.132953643798828,17.23,0.0,0.012453624978661537,-0.0011597275733947754,-24.417673639999997,5872,54,0.0005,0.10531289875507355,105935,105834,1953
22.047117233276367,17.16,0.0,0.01219163928180933,0.6799440979957581,-24.39414179,5876,54,0.0005,0.0745302066206932,105996,105895,1954
22.379074096679688,17.44,0.0,0.012212644331157207,0.7311633825302124,-24.415401680000006,5880,54,0.0005,0.05421590059995651,106066,105965,1955
22.455032348632812,17.55,0.0,0.012666375376284122,0.2792929708957672,-24.339723989999996,5884,54,0.0005,0.026116127148270607,106139,106038,1956
22.296463012695312,17.5,0.0,0.012412350624799728,0.5791788101196289,-24.292866600000004,5888,54,0.0005,0.03356408700346947,106211,106110,1957
21.988523483276367,17.55,0.0,0.012405806221067905,0.09658235311508179,-24.182468719999996,5892,54,0.0005,0.028905348852276802,106279,106178,1958
22.663654327392578,17.5,0.0,0.012627947144210339,0.23518091440200806,-24.12858178,5896,54,0.0005,0.02465643361210823,106352,106251,1959
22.262714385986328,17.41,0.0,0.012950696051120758,-0.3960796296596527,-24.160102099999996,5900,54,0.0005,0.059605322778224945,106422,106321,1960
22.213279724121094,17.32,0.0,0.01302131824195385,0.4094403088092804,-24.214889669999998,5904,54,0.0005,0.05844680964946747,106482,106381,1961
22.31017303466797,17.54,0.0,0.012876066379249096,-0.9502755999565125,-24.03047242999999,5908,54,0.0005,0.04323231056332588,106556,106455,1962
22.224994659423828,17.55,0.0,0.012453059665858746,-0.5274628400802612,-23.94325854,5912,54,0.0005,0.02798709273338318,106624,106523,1963
22.013774871826172,17.48,0.0,0.012270708568394184,-0.21591705083847046,-23.951957409999995,5916,54,0.0005,0.020331181585788727,106690,106589,1964
22.227664947509766,17.42,0.0,0.012463117018342018,2.2168214321136475,-23.842364539999995,5920,54,0.0005,0.11176767945289612,106747,106646,1965
23.150840759277344,17.43,0.0,0.013338114134967327,-1.2209303379058838,-24.11680451,5924,54,0.0005,0.1319710910320282,106821,106720,1966
22.71721076965332,17.51,0.0,0.013041320256888866,0.007579408586025238,-24.097437729999996,5928,54,0.0005,0.06108351796865463,106901,106800,1967
22.74538230895996,17.56,0.0,0.012839745730161667,-0.16054126620292664,-24.101024669999997,5932,54,0.0005,0.029077665880322456,106970,106869,1968
22.118534088134766,17.33,0.0,0.01296590268611908,0.04162439703941345,-24.12140052,5936,54,0.0005,0.09756549447774887,107034,106933,1969
22.377811431884766,17.19,0.0,0.012913795188069344,-0.21713218092918396,-24.231396860000004,5940,54,0.0005,0.03128988295793533,107095,106994,1970
22.515708923339844,17.21,0.0,0.012914478778839111,0.274488627910614,-24.178082379999996,5944,54,0.0005,0.04540497809648514,107163,107062,1971
22.311138153076172,17.17,0.0,0.012969346717000008,0.00739172101020813,-24.195415779999998,5948,54,0.0005,0.12173689156770706,107230,107129,1972
22.545154571533203,17.21,0.0,0.012950326316058636,-0.16404882073402405,-24.180681480000004,5952,54,0.0005,0.02404794655740261,107300,107199,1973
22.549102783203125,17.12,0.0,0.013004948385059834,0.6593865156173706,-24.30095998,5956,54,0.0005,0.02995608188211918,107365,107264,1974
22.139522552490234,17.09,0.0,0.012976671569049358,0.3511660695075989,-24.19058864,5960,54,0.0005,0.04114813357591629,107428,107327,1975
22.062232971191406,17.01,0.0,0.013174506835639477,0.704401433467865,-24.335530830000003,5964,54,0.0005,0.05813045799732208,107497,107396,1976
21.960304260253906,17.12,0.0,0.013123746030032635,-0.6478999257087708,-24.366435429999996,5968,54,0.0005,0.05568018928170204,107577,107476,1977
22.504087448120117,17.23,0.0,0.01314364280551672,0.5219933390617371,-24.310861680000002,5972,54,0.0005,0.04823730140924454,107658,107557,1978
22.588844299316406,17.44,0.0,0.013141166418790817,-0.3565882444381714,-24.229339749999994,5976,54,0.0005,0.03687991201877594,107740,107639,1980
22.127124786376953,17.43,0.0,0.012802569195628166,-0.9263361692428589,-24.062116799999995,5980,54,0.0005,0.06157373636960983,107809,107708,1981
21.871910095214844,17.29,0.0,0.012754230760037899,0.8527911901473999,-24.19835413,5984,54,0.0005,0.10717815160751343,107868,107767,1981
22.352264404296875,17.26,0.0,0.012707112357020378,0.36518746614456177,-24.24094583,5988,54,0.0005,0.06528924405574799,107937,107836,1982
22.051353454589844,17.25,0.0,0.012628796510398388,-0.846630334854126,-24.312418589999996,5992,54,0.0005,0.05034303665161133,108004,107903,1983
22.484901428222656,17.2,0.0,0.012460300698876381,0.11728212237358093,-24.38769691,5996,54,0.0005,0.04860968887805939,108072,107971,1984
22.464550018310547,17.15,0.0,0.012528368271887302,-1.1243786811828613,-24.38658304,6000,54,0.0005,0.04221174493432045,108137,108036,1985
22.418960571289062,17.25,0.0,0.012268805876374245,0.42897382378578186,-24.478647459999998,6004,54,0.0005,0.028608672320842743,108207,108106,1986
22.15184783935547,17.29,0.0,0.012389371171593666,-0.28711998462677,-24.480726719999993,6008,54,0.0005,0.03872369974851608,108285,108184,1988
22.279136657714844,17.22,0.0,0.012456902302801609,-0.15981778502464294,-24.51386716,6012,54,0.0005,0.030058909207582474,108346,108245,1988
22.908329010009766,17.18,0.0,0.012551754713058472,0.6753619909286499,-24.516962980000002,6016,54,0.0005,0.049595367163419724,108408,108307,1989
22.061885833740234,17.32,0.0,0.012482136487960815,-0.33935803174972534,-24.550213409999998,6020,54,0.0005,0.0397295206785202,108479,108378,1990
21.997283935546875,17.31,0.0,0.012355554848909378,0.1695246696472168,-24.263731540000002,6024,54,0.0005,0.01858123019337654,108552,108451,1992
22.175189971923828,17.31,0.0,0.012522862292826176,-0.5801265239715576,-24.16042571,6028,54,0.0005,0.04430851340293884,108632,108531,1993
21.871932983398438,17.36,0.0,0.012484506703913212,1.8782470226287842,-24.073166480000005,6032,54,0.0005,0.043252699077129364,108706,108605,1994
24.090652465820312,17.35,0.0,0.013270835392177105,3.5551397800445557,-24.079959679999998,6036,54,0.0005,0.2778359055519104,108769,108668,1995
22.780384063720703,17.48,0.0,0.01342422142624855,0.5301390290260315,-24.027956790000008,6040,54,0.0005,0.03250502794981003,108843,108742,1996
22.516639709472656,17.39,0.0,0.013028565794229507,0.9596326351165771,-24.161817459999998,6044,54,0.0005,0.061477918177843094,108902,108801,1997
22.446300506591797,17.44,0.0,0.012872290797531605,-0.31039249897003174,-24.06995448,6048,54,0.0005,0.038052037358284,108974,108873,1998
22.25348472595215,17.41,0.0,0.012858751229941845,-0.10512444376945496,-24.095184059999998,6052,54,0.0005,0.09621978551149368,109041,108940,1999
21.867862701416016,17.56,0.0,0.012548026628792286,-1.1834869384765625,-23.93832406,6056,54,0.0005,0.032940156757831573,109121,109020,2000
22.15459442138672,17.67,0.0,0.012124610133469105,-0.42412108182907104,-23.979054230000006,6060,54,0.0005,0.06130211800336838,109195,109094,2001
22.11879539489746,17.67,0.0,0.011914855800569057,-0.7494816780090332,-23.88785473,6064,54,0.0005,0.058080121874809265,109264,109163,2002
22.006996154785156,17.66,0.0,0.011641484685242176,-0.07553562521934509,-23.798975189999997,6068,54,0.0005,0.03816186264157295,109343,109242,2003
22.074533462524414,17.43,0.0,0.011756406165659428,3.1549057960510254,-23.83039437,6072,54,0.0005,0.039225537329912186,109401,109300,2004
21.88206672668457,17.32,0.0,0.012521535158157349,-0.5461151599884033,-23.816678899999992,6076,54,0.0005,0.04964849725365639,109472,109371,2005
22.27562713623047,17.38,0.0,0.01253996416926384,-0.1910301148891449,-23.916031840000002,6080,54,0.0005,0.15601900219917297,109547,109446,2006
22.471765518188477,17.34,0.0,0.012626780197024345,-0.7851821184158325,-23.98584083,6084,54,0.0005,0.11208397150039673,109602,109501,2007
22.108976364135742,17.37,0.0,0.012375636957585812,-0.46744775772094727,-23.86068324,6088,54,0.0005,0.06612464785575867,109674,109573,2008
21.908489227294922,17.48,0.0,0.01198828686028719,0.29736995697021484,-23.78565346,6092,54,0.0005,0.046890050172805786,109752,109651,2009
22.425355911254883,17.46,0.0,0.011753760278224945,0.13672766089439392,-23.860708739999996,6096,54,0.0005,0.04047265648841858,109818,109717,2010
22.20389175415039,17.46,0.0,0.011738570407032967,0.47031858563423157,-23.96669642,6100,54,0.0005,0.012101462110877037,109883,109782,2011
22.41307830810547,17.52,0.0,0.011736639775335789,0.4306364357471466,-23.83129339,6104,54,0.0005,0.05192115530371666,109959,109858,2012
21.82276153564453,17.49,0.0,0.011548676528036594,-0.6221826076507568,-23.898241269999993,6108,53,0.0005,0.07483658939599991,110034,109933,2059
22.41674041748047,17.46,0.0,0.011578286066651344,-0.3537312150001526,-23.999122650000004,6112,53,0.0005,0.0281219445168972,110092,109991,2060
21.881053924560547,17.59,0.0,0.011892826296389103,2.146836996078491,-23.969756880000006,6116,53,0.0005,0.09675492346286774,110167,110066,2061
21.632278442382812,17.67,0.0,0.012427267618477345,-0.6464769244194031,-23.937174650000006,6120,53,0.0005,0.06645957380533218,110246,110145,2062
22.568199157714844,17.7,0.0,0.012294539250433445,-1.3404980897903442,-23.990407659999992,6124,53,0.0005,0.05045849829912186,110322,110221,2064
22.283878326416016,17.62,0.0,0.012019412592053413,-0.9950616359710693,-24.139956829999996,6128,53,0.0005,0.0480504147708416,110394,110293,2065
22.027294158935547,17.58,0.0,0.011639258824288845,0.3194839358329773,-24.23043201,6132,53,0.0005,0.04059920459985733,110464,110363,2066
22.191082000732422,17.63,0.0,0.012080749496817589,1.0044134855270386,-24.230011649999998,6136,53,0.0005,0.04714484140276909,110532,110431,2067
22.15383529663086,17.63,0.0,0.012594020925462246,-0.2949714958667755,-24.22430531,6140,53,0.0005,0.05548848956823349,110606,110505,2068
22.0052490234375,17.76,0.0,0.01265040971338749,-0.7376470565795898,-24.256324910000004,6144,53,0.0005,0.03076583705842495,110678,110577,2069
22.344757080078125,17.71,0.0,0.012601355090737343,-0.3449527621269226,-24.330368869999997,6148,53,0.0005,0.04723304510116577,110745,110644,2070
22.304880142211914,17.71,0.0,0.012356804683804512,-0.24928459525108337,-24.290993439999998,6152,53,0.0005,0.05275774002075195,110812,110711,2071
21.357709884643555,17.58,0.0,0.012299735099077225,-0.5630985498428345,-24.37276898,6156,53,0.0005,0.04354368522763252,110879,110778,2072
23.028099060058594,17.4,0.0,0.012259023264050484,-0.33628571033477783,-24.515798010000005,6160,53,0.0005,0.14359749853610992,110935,110834,2073
22.29483413696289,17.3,0.0,0.012085014022886753,0.1086127907037735,-24.565454259999996,6164,53,0.0005,0.05616536736488342,110994,110893,2073
21.59372329711914,17.2,0.0,0.012097859755158424,1.5053412914276123,-24.69558794,6168,53,0.0005,0.09740708768367767,111063,110962,2074
22.762744903564453,17.31,0.0,0.0128483260050416,-1.2808929681777954,-24.644954460000005,6172,53,0.0005,0.09530524164438248,111132,111031,2075
22.865962982177734,17.28,0.0,0.013088829815387726,-0.6923296451568604,-24.73097252,6176,53,0.0005,0.037116728723049164,111200,111099,2076
22.03485870361328,17.26,0.0,0.012992799282073975,-0.49884361028671265,-24.81202288,6180,53,0.0005,0.01916351169347763,111273,111172,2078
21.66234588623047,17.41,0.0,0.012909024022519588,0.2802315056324005,-24.68101659,6184,53,0.0005,0.03684736043214798,111343,111242,2079
21.995052337646484,17.35,0.0,0.012926018796861172,0.22157494723796844,-24.806325119999997,6188,53,0.0005,0.051326628774404526,111409,111308,2080
21.910572052001953,17.24,0.0,0.01279858872294426,-0.177341490983963,-24.82767988,6192,53,0.0005,0.05208611860871315,111476,111375,2080
21.868440628051758,17.35,0.0,0.012753081507980824,-1.1571965217590332,-24.695275640000006,6196,53,0.0005,0.030770692974328995,111553,111452,2082
22.019779205322266,17.31,0.0,0.012638411484658718,-0.8271951675415039,-24.559496850000006,6200,53,0.0005,0.059961240738630295,111614,111513,2083
21.980876922607422,17.15,0.0,0.012703956104815006,0.7009221315383911,-24.674768590000003,6204,53,0.0005,0.0411040261387825,111674,111573,2083
22.10865592956543,17.08,0.0,0.012963027693331242,-0.543245792388916,-24.66833579,6208,53,0.0005,0.021691644564270973,111742,111641,2084
22.327800750732422,17.16,0.0,0.0130990631878376,-0.0695171058177948,-24.509675379999994,6212,53,0.0005,0.02740483358502388,111808,111707,2085
22.470443725585938,16.96,0.0,0.013147572055459023,0.8976278305053711,-24.63293691,6216,53,0.0005,0.044930458068847656,111863,111762,2086
22.166831970214844,16.96,0.0,0.013186982832849026,-0.7063928842544556,-24.60317463,6220,53,0.0005,0.03437725827097893,111942,111841,2087
22.473548889160156,16.72,0.0,0.013110379688441753,0.6910857558250427,-24.852857910000008,6224,53,0.0005,0.0295342318713665,111994,111893,2088
22.333335876464844,16.62,0.0,0.013185299001634121,-0.25130054354667664,-24.92702474,6228,53,0.0005,0.025068514049053192,112056,111955,2089
22.31593894958496,16.68,0.0,0.013200351968407631,-0.3379260301589966,-24.863879019999995,6232,53,0.0005,0.05957476794719696,112132,112031,2090
21.76799774169922,16.73,0.0,0.013046271167695522,-0.6521810293197632,-24.759367409999996,6236,53,0.0005,0.05941087007522583,112205,112104,2091
21.85428237915039,16.66,0.0,0.013027839362621307,0.2650773227214813,-24.761325189999994,6240,53,0.0005,0.02491351217031479,112272,112171,2092
21.784805297851562,16.66,0.0,0.013066205196082592,-0.4951285719871521,-24.69458925,6244,53,0.0005,0.03529650345444679,112344,112243,2093
21.794689178466797,16.66,0.0,0.013042501173913479,-0.7290239930152893,-24.846820039999997,6248,53,0.0005,0.045814983546733856,112411,112310,2094
22.014217376708984,16.59,0.0,0.013295842334628105,0.9429404735565186,-24.84244889,6252,53,0.0005,0.026952486485242844,112471,112370,2095
21.91999053955078,16.59,0.0,0.013673737645149231,0.40117985010147095,-24.85521181,6256,53,0.0005,0.029387835413217545,112538,112437,2096
22.040006637573242,16.86,0.0,0.013505788519978523,0.5992408990859985,-24.64444023,6260,53,0.0005,0.028867706656455994,112621,112520,2097
21.900737762451172,16.91,0.0,0.013397765345871449,0.015555411577224731,-24.572238850000005,6264,53,0.0005,0.017462531104683876,112685,112584,2098
22.486942291259766,16.92,0.0,0.01320293266326189,0.23850783705711365,-24.42789089,6268,53,0.0005,0.049652762711048126,112755,112654,2099
22.40496253967285,17.01,0.0,0.013690570369362831,-0.36747997999191284,-24.321096269999998,6272,53,0.0005,0.057711146771907806,112833,112732,2100
22.162933349609375,17.08,0.0,0.013933916576206684,1.0274953842163086,-24.321245820000005,6276,53,0.0005,0.06034987419843674,112908,112807,2102
22.30055046081543,17.03,0.0,0.014089159667491913,0.4460098147392273,-24.160508849999996,6280,53,0.0005,0.05624903738498688,112976,112875,2103
21.96694564819336,17.02,0.0,0.013851276598870754,-0.04829375445842743,-24.115951589999998,6284,53,0.0005,0.09030532836914062,113045,112944,2104
22.2714900970459,16.96,0.0,0.013757587410509586,-1.5994257926940918,-24.21665328,6288,53,0.0005,0.05001399293541908,113105,113004,2104
21.853240966796875,16.99,0.0,0.01344309188425541,-0.3578360080718994,-24.265130680000006,6292,53,0.0005,0.027349160984158516,113175,113074,2105
22.30480194091797,16.86,0.0,0.013283061794936657,0.08446161448955536,-24.404546229999998,6296,53,0.0005,0.054008521139621735,113239,113138,2106
21.584548950195312,16.74,0.0,0.013183336704969406,-1.0991363525390625,-24.577995689999998,6300,53,0.0005,0.12173179537057877,113288,113187,2107
22.111736297607422,16.84,0.0,0.012974090874195099,-1.8164455890655518,-24.439209669999997,6304,53,0.0005,0.020882796496152878,113358,113257,2108
23.110733032226562,16.9,0.0,0.013394258916378021,-1.9458264112472534,-24.366100730000003,6308,53,0.0005,0.13746169209480286,113432,113331,2109
22.497238159179688,16.86,0.0,0.01354627963155508,-1.6196953058242798,-24.40208033,6312,53,0.0005,0.06537529826164246,113494,113393,2110
21.981067657470703,17.05,0.0,0.013242940418422222,-0.19636860489845276,-24.37000742,6316,53,0.0005,0.09549875557422638,113568,113467,2111
22.023040771484375,16.89,0.0,0.0131828086450696,-0.36656200885772705,-24.508238260000002,6320,53,0.0005,0.029454737901687622,113631,113530,2112
22.173782348632812,17.06,0.0,0.013064666651189327,0.521593451499939,-24.296299040000005,6324,53,0.0005,0.05960024893283844,113700,113599,2113
22.017902374267578,17.11,0.0,0.013224059715867043,0.45907455682754517,-24.142170259999997,6328,53,0.0005,0.03394031524658203,113767,113666,2114
22.196260452270508,17.16,0.0,0.01338246650993824,0.4730607271194458,-24.14657066,6332,53,0.0005,0.053308434784412384,113848,113747,2115
21.924171447753906,17.17,0.0,0.013465501368045807,0.19726046919822693,-24.215042689999997,6336,53,0.0005,0.0626029223203659,113922,113821,2116
22.35879135131836,17.13,0.0,0.013499588705599308,-0.21480198204517365,-24.181424340000003,6340,53,0.0005,0.029904577881097794,113985,113884,2117
21.65902328491211,17.1,0.0,0.013413535431027412,1.6765525341033936,-24.158781450000003,6344,53,0.0005,0.09178431332111359,114054,113953,2118
22.45809555053711,17.09,0.0,0.013674963265657425,0.5558271408081055,-23.907894480000003,6348,53,0.0005,0.44083064794540405,114120,114019,2119
22.260372161865234,17.32,0.0,0.0136013925075531,-1.6025855541229248,-24.145044990000002,6352,53,0.0005,0.04576784372329712,114203,114102,2121
22.081745147705078,17.35,0.0,0.012955736368894577,-0.1754157841205597,-24.226729139999996,6356,53,0.0005,0.06271080672740936,114273,114172,2122
22.289142608642578,17.21,0.0,0.012692179530858994,-0.00014676153659820557,-24.29243602,6360,53,0.0005,0.04600842297077179,114342,114241,2123
22.10268211364746,17.21,0.0,0.012423855252563953,-0.09108173847198486,-24.37203396,6364,53,0.0005,0.061750248074531555,114406,114305,2124
21.995182037353516,17.22,0.0,0.012355590239167213,-0.3506213128566742,-24.44376778,6368,53,0.0005,0.08629454672336578,114477,114376,2125
22.10981559753418,17.12,0.0,0.012217175215482712,0.44046550989151,-24.549043889999997,6372,53,0.0005,0.04364439472556114,114545,114444,2126
22.82410430908203,17.12,0.0,0.012257029302418232,0.4696662425994873,-24.67291147,6376,53,0.0005,0.0327816978096962,114620,114519,2127
22.19293785095215,17.07,0.0,0.012056333012878895,-0.8038966655731201,-24.812931430000003,6380,53,0.0005,0.13151927292346954,114683,114582,2128
22.0767822265625,17.04,0.0,0.011796079576015472,0.44035059213638306,-25.02134098,6384,53,0.0005,0.059919241815805435,114749,114648,2129
21.493362426757812,17.11,0.0,0.011858238838613033,-0.674445629119873,-24.790410719999997,6388,53,0.0005,0.06262928992509842,114816,114715,2130
22.073694229125977,17.09,0.0,0.011837577447295189,0.7246493101119995,-24.762219719999997,6392,53,0.0005,0.0354478694498539,114884,114783,2131
22.5292911529541,17.28,0.0,0.011762804351747036,0.10468566417694092,-24.707350419999994,6396,53,0.0005,0.09144949913024902,114967,114866,2132
21.883655548095703,17.51,0.0,0.011698472313582897,0.23447902500629425,-24.58258092,6400,53,0.0005,0.025141380727291107,115039,114938,2133
22.13676643371582,17.57,0.0,0.011674482375383377,-0.1137675940990448,-24.672791499999995,6404,53,0.0005,0.044544726610183716,115115,115014,2134
22.251558303833008,17.47,0.0,0.011620897799730301,-0.025447510182857513,-24.833043559999997,6408,53,0.0005,0.05347137525677681,115179,115078,2135
21.88617515563965,17.54,0.0,0.011741033755242825,0.32127276062965393,-24.843263750000002,6412,53,0.0005,0.04116276651620865,115248,115147,2136
21.341278076171875,17.55,0.0,0.012122430838644505,1.816882848739624,-24.774048629999996,6416,53,0.0005,0.02337794378399849,115323,115222,2137
21.90521240234375,17.6,0.0,0.012682204134762287,-0.7996515035629272,-24.676323460000003,6420,53,0.0005,0.2278798520565033,115391,115290,2138
22.201099395751953,17.66,0.0,0.01231808215379715,-0.5163958072662354,-24.617758999999996,6424,53,0.0005,0.06540600955486298,115466,115365,2139
21.84622573852539,17.63,0.0,0.012382756918668747,0.13061639666557312,-24.56241815,6428,53,0.0005,0.04173952341079712,115530,115429,2140
22.021352767944336,17.39,0.0,0.012263664975762367,0.026562273502349854,-24.66222221,6432,53,0.0005,0.06721832603216171,115587,115486,2141
22.16675567626953,17.44,0.0,0.01201539020985365,-0.026384837925434113,-24.644797360000002,6436,53,0.0005,0.04154689237475395,115666,115565,2142
21.77332305908203,17.43,0.0,0.011936498805880547,-0.6301692724227905,-24.73440861,6440,53,0.0005,0.05081413686275482,115728,115627,2143
21.686115264892578,17.46,0.0,0.012000554241240025,-0.7342970371246338,-24.753323780000002,6444,53,0.0005,0.044881343841552734,115800,115699,2144
22.192853927612305,17.61,0.0,0.011923636309802532,0.11099344491958618,-24.767939639999998,6448,54,0.0005,0.04954040050506592,115881,115780,2145
22.15511703491211,17.46,0.0,0.01190855074673891,-0.04764609783887863,-24.538220220000003,6452,54,0.0005,0.02771378681063652,115949,115848,2146
21.967750549316406,17.42,0.0,0.012134679593145847,-0.32964828610420227,-24.52259481,6456,54,0.0005,0.03124731406569481,116015,115914,2147
21.852991104125977,17.3,0.0,0.012294533662497997,1.2326374053955078,-24.55629809,6460,54,0.0005,0.06476700305938721,116072,115971,2148
22.45781707763672,17.36,0.0,0.01243626605719328,0.28526127338409424,-24.50733417,6464,54,0.0005,0.06399719417095184,116142,116041,2149
22.051589965820312,17.35,0.0,0.012322952039539814,0.10961489379405975,-24.5879148,6468,54,0.0005,0.027726689353585243,116212,116111,2150
21.786569595336914,17.42,0.0,0.012547899968922138,0.14791777729988098,-24.50281343,6472,54,0.0005,0.041847579181194305,116287,116186,2151
22.396732330322266,17.35,0.0,0.012904820963740349,0.7727410793304443,-24.36936611,6476,54,0.0005,0.09691429138183594,116355,116254,2152
21.924640655517578,17.48,0.0,0.012955822981894016,-0.6668289303779602,-24.237659049999998,6480,54,0.0005,0.029777536168694496,116431,116330,2153
22.406070709228516,17.54,0.0,0.01279775332659483,0.17503981292247772,-24.065570049999998,6484,54,0.0005,0.06559264659881592,116503,116402,2154
22.291973114013672,17.58,0.0,0.01292961835861206,0.44164055585861206,-24.165500459999997,6488,54,0.0005,0.03180505335330963,116574,116473,2155
22.07198715209961,17.6,0.0,0.012765316292643547,-0.031185626983642578,-24.231925200000006,6492,54,0.0005,0.05133957788348198,116644,116543,2156
22.24868392944336,17.45,0.0,0.012545004487037659,0.18740195035934448,-24.21368843,6496,54,0.0005,0.08138659596443176,116712,116611,2157
23.002342224121094,17.56,0.0,0.01214939821511507,2.6680946350097656,-24.136359250000005,6500,54,0.0005,0.424375057220459,116795,116694,2159
22.41202163696289,22.31,0.0,0.012990730814635754,0.0406496524810791,-24.61649657,6504,54,0.0005,0.049382902681827545,117346,117245,2167
22.36697006225586,22.39,0.0,0.012863663025200367,-0.5324853658676147,-24.527927529999996,6508,54,0.0005,0.029867535457015038,117418,117317,2168
22.220401763916016,22.37,0.0,0.012639924883842468,-0.5745815634727478,-24.511441900000005,6512,54,0.0005,0.11201125383377075,117485,117384,2169
22.457319259643555,22.24,0.0,0.012544388882815838,0.10067561268806458,-24.50267097,6516,54,0.0005,0.03358479589223862,117547,117446,2170
22.0964412689209,22.21,0.0,0.012537553906440735,-0.2125474065542221,-24.42144681,6520,54,0.0005,0.01879045180976391,117612,117511,2171
22.414474487304688,22.17,0.0,0.012357434257864952,-0.07539098709821701,-24.405950230000002,6524,54,0.0005,0.035349130630493164,117683,117582,2172
22.422548294067383,22.26,0.0,0.012287359684705734,0.19753685593605042,-24.564330100000006,6528,54,0.0005,0.044205375015735626,117756,117655,2173
22.193998336791992,22.39,0.0,0.012483244761824608,0.15985804796218872,-24.42573482,6532,54,0.0005,0.045392878353595734,117826,117725,2174
22.35926055908203,22.43,0.0,0.012959672138094902,0.3168395161628723,-24.443913499999997,6536,54,0.0005,0.07805158197879791,117909,117808,2175
22.236690521240234,22.27,0.0,0.01297556422650814,0.20051735639572144,-24.51553436,6540,54,0.0005,0.07777928560972214,117955,117854,2176
22.473857879638672,22.33,0.0,0.013032523915171623,0.7479851245880127,-24.41340371,6544,54,0.0005,0.053810857236385345,118033,117932,2177
22.452449798583984,22.31,0.0,0.012960562482476234,-1.071752667427063,-24.522322640000006,6548,54,0.0005,0.07609051465988159,118112,118011,2178
21.73680305480957,22.31,0.0,0.012691599316895008,0.44727879762649536,-24.492833060000002,6552,54,0.0005,0.09585350006818771,118180,118079,2179
22.170391082763672,22.25,0.0,0.012925894930958748,0.6873747110366821,-24.460370239999996,6556,54,0.0005,0.10024251788854599,118240,118139,2180
21.96648406982422,22.2,0.0,0.013283954001963139,1.54066002368927,-24.44228104,6560,54,0.0005,0.052468933165073395,118292,118191,2181
22.14780044555664,22.11,0.0,0.013655910268425941,1.2437222003936768,-24.461364980000003,6564,54,0.0005,0.042642444372177124,118353,118252,2182
21.85064697265625,22.13,0.0,0.013988605700433254,-0.056286945939064026,-24.280730700000003,6568,54,0.0005,0.0662979856133461,118425,118324,2183
22.284669876098633,22.08,0.0,0.014053511433303356,0.44544458389282227,-24.2683513,6572,54,0.0005,0.06230210140347481,118495,118394,2184
21.79115104675293,22.03,0.0,0.014365309849381447,0.9889508485794067,-24.278362369999996,6576,54,0.0005,0.10186600685119629,118558,118457,2185
22.21746063232422,21.97,0.0,0.014419685117900372,-0.16742870211601257,-24.3923061,6580,54,0.0005,0.07410359382629395,118628,118527,2186
22.541898727416992,22.0,0.0,0.013843233697116375,-0.5376348495483398,-24.421505510000003,6584,54,0.0005,0.06168701499700546,118703,118602,2187
22.304218292236328,21.99,0.0,0.013603553175926208,-1.0043950080871582,-24.41063124999999,6588,54,0.0005,0.04333016276359558,118773,118672,2188
22.24644660949707,22.05,0.0,0.013108335435390472,-0.8429840803146362,-24.403826979999995,6592,54,0.0005,0.024456776678562164,118849,118748,2189
22.09903907775879,21.88,0.0,0.0127983083948493,0.37375372648239136,-24.465996869999998,6596,54,0.0005,0.06591547280550003,118900,118799,2190
21.49578857421875,21.72,0.0,0.01282547041773796,-0.19584891200065613,-24.451418690000004,6600,54,0.0005,0.03843480721116066,118967,118866,2191
22.288864135742188,16.84,0.0,0.013172849081456661,-0.40895140171051025,-23.95344598,6604,54,0.0005,0.01906452886760235,119030,118929,2192
21.722251892089844,16.7,0.0,0.013220017775893211,1.0971378087997437,-24.007925789999998,6608,54,0.0005,0.03006717748939991,119088,118987,2192
21.72328758239746,16.79,0.0,0.013454070314764977,0.6389820575714111,-23.914262120000004,6612,54,0.0005,0.04864224046468735,119164,119063,2194
21.634389877319336,16.69,0.0,0.013640635646879673,-0.3605494201183319,-23.986707370000005,6616,54,0.0005,0.0523202121257782,119216,119115,2194
21.984130859375,16.7,0.0,0.013932129368185997,-0.05421556532382965,-24.083472110000002,6620,54,0.0005,0.06236623227596283,119282,119181,2195
22.137897491455078,16.68,0.0,0.01416954305022955,-0.39340469241142273,-24.10623963,6624,54,0.0005,0.04832277446985245,119351,119250,2196
22.251113891601562,16.73,0.0,0.01383682619780302,0.8909311294555664,-23.94262199,6628,54,0.0005,0.06398633867502213,119429,119328,2197
22.333816528320312,16.69,0.0,0.013679306954145432,0.7455419898033142,-24.03731346,6632,54,0.0005,0.0628654807806015,119495,119394,2198
22.02392578125,16.6,0.0,0.013660794124007225,-2.1866884231567383,-23.998555200000002,6636,54,0.0005,0.04462975263595581,119569,119468,2200
22.26866912841797,16.92,0.0,0.013333160430192947,-1.1098376512527466,-23.905603720000002,6640,54,0.0005,0.030509281903505325,119647,119546,2201
22.01111602783203,16.75,0.0,0.013349529355764389,0.8809595108032227,-24.01112636,6644,54,0.0005,0.04457484185695648,119708,119607,2202
21.527849197387695,16.73,0.0,0.0132867731153965,-0.39386147260665894,-23.91947562,6648,54,0.0005,0.028735242784023285,119785,119684,2203
22.341934204101562,16.79,0.0,0.013147002086043358,0.1531299352645874,-23.9855486,6652,54,0.0005,0.01744268648326397,119859,119758,2204
21.98455238342285,16.74,0.0,0.01297562476247549,-0.41981247067451477,-23.967605430000003,6656,54,0.0005,0.026344308629631996,119914,119813,2205
21.933509826660156,16.96,0.0,0.012730509974062443,-0.8617334961891174,-23.873093860000004,6660,54,0.0005,0.03665449097752571,119988,119887,2206
22.488758087158203,17.05,0.0,0.012643806636333466,0.6895195245742798,-23.750417329999994,6664,53,0.0005,0.060930486768484116,120058,119957,2253
22.466522216796875,17.03,0.0,0.013010244816541672,0.07900860160589218,-23.839937589999998,6668,53,0.0005,0.09589727967977524,120128,120027,2254
22.502370834350586,16.96,0.0,0.013023733161389828,-0.4963662624359131,-23.919994739999996,6672,53,0.0005,0.051023803651332855,120191,120090,2255
22.187129974365234,17.03,0.0,0.01278440747410059,-0.052859142422676086,-23.92990318,6676,53,0.0005,0.11263953894376755,120261,120160,2256
21.94306182861328,17.12,0.0,0.012583407573401928,-0.4757803678512573,-23.808206300000002,6680,53,0.0005,0.037334758788347244,120340,120239,2257
21.649620056152344,17.09,0.0,0.012508651241660118,-0.3376600444316864,-23.79166066999999,6684,53,0.0005,0.06570062041282654,120412,120311,2258
22.030380249023438,17.08,0.0,0.012413575313985348,1.4405797719955444,-23.775222520000003,6688,53,0.0005,0.029180310666561127,120481,120380,2259
22.643918991088867,16.93,0.0,0.012481577694416046,1.0096904039382935,-23.785624719999998,6692,53,0.0005,0.05597966909408569,120542,120441,2260
22.367353439331055,17.18,0.0,0.012418229132890701,-0.2833130955696106,-23.682604069999996,6696,53,0.0005,0.02582412213087082,120618,120517,2261
22.25397300720215,17.16,0.0,0.012466398067772388,2.2885971069335938,-23.82673313,6700,53,0.0005,0.0731402337551117,120683,120582,2262
22.166797637939453,17.17,0.0,0.012984421104192734,1.5626442432403564,-23.83020535,6704,53,0.0005,0.06705428659915924,120747,120646,2263
23.151844024658203,17.23,0.0,0.013118653558194637,0.5062282085418701,-23.76818476,6708,53,0.0005,0.1243680939078331,120811,120710,2264
22.58496856689453,17.17,0.0,0.013243842869997025,1.8328900337219238,-23.940530909999996,6712,53,0.0005,0.04396803304553032,120881,120780,2265
22.058002471923828,17.41,0.0,0.013343820348381996,-1.2638676166534424,-23.92017273,6716,53,0.0005,0.0410650297999382,120957,120856,2266
22.215801239013672,17.45,0.0,0.013221033848822117,0.054445236921310425,-24.02451326,6720,53,0.0005,0.043387170881032944,121027,120926,2267
21.96845054626465,17.42,0.0,0.013315770775079727,0.37248802185058594,-24.138719009999996,6724,53,0.0005,0.06547978520393372,121093,120992,2268
22.165790557861328,17.34,0.0,0.013284454122185707,0.12360642105340958,-24.306645160000002,6728,53,0.0005,0.05815109610557556,121163,121062,2269
22.405838012695312,17.31,0.0,0.013341784477233887,1.939854383468628,-24.269681850000005,6732,53,0.0005,0.06254063546657562,121226,121125,2270
21.93784523010254,17.23,0.0,0.014011363498866558,-0.3387553095817566,-24.343958,6736,53,0.0005,0.08955283463001251,121292,121191,2271
21.65646743774414,17.05,0.0,0.01409182045608759,1.0480031967163086,-24.311120829999997,6740,53,0.0005,0.04939878731966019,121352,121251,2272
22.310087203979492,16.91,0.0,0.0142738688737154,-0.44279205799102783,-24.39134892,6744,53,0.0005,0.03213662654161453,121399,121298,2272
22.154272079467773,16.74,0.0,0.01406137365847826,0.5817498564720154,-24.507766699999998,6748,53,0.0005,0.057650160044431686,121459,121358,2273
21.97513198852539,16.63,0.0,0.013957097195088863,-0.4672015309333801,-24.458332279999993,6752,53,0.0005,0.060799453407526016,121522,121421,2274
22.29778289794922,16.73,0.0,0.013706815429031849,-0.9179392457008362,-24.474102529999996,6756,53,0.0005,0.06984702497720718,121587,121486,2275
21.773475646972656,16.77,0.0,0.013164038769900799,-1.6299128532409668,-24.472496569999997,6760,53,0.0005,0.09098279476165771,121665,121564,2276
21.970867156982422,16.79,0.0,0.012887787073850632,0.21034479141235352,-24.486822589999996,6764,53,0.0005,0.07411724328994751,121737,121636,2277
21.655471801757812,16.7,0.0,0.012865908443927765,0.5519541501998901,-24.508902540000005,6768,53,0.0005,0.07090713828802109,121798,121697,2278
21.9981689453125,16.64,0.0,0.012955420650541782,-0.6353155374526978,-24.49914703,6772,53,0.0005,0.04204057529568672,121855,121754,2279
22.067975997924805,16.56,0.0,0.012931110337376595,0.4081074893474579,-24.48336788,6776,53,0.0005,0.04604494571685791,121917,121816,2280
22.151103973388672,16.36,0.0,0.013079645112156868,0.35024023056030273,-24.558951099999994,6780,53,0.0005,0.03241894021630287,121976,121875,2281
21.83355712890625,16.25,0.0,0.013094604015350342,-0.25327831506729126,-24.579223889999998,6784,53,0.0005,0.055248361080884933,122037,121936,2282
22.02124786376953,16.33,0.0,0.012931696139276028,-0.24358335137367249,-24.525782500000002,6788,53,0.0005,0.03770200163125992,122114,122013,2283
22.41130256652832,16.32,0.0,0.012997855432331562,0.2713468074798584,-24.489952900000002,6792,53,0.0005,0.03808331489562988,122174,122073,2284
21.996910095214844,16.13,0.0,0.013003039173781872,0.5336672067642212,-24.658809159999997,6796,53,0.0005,0.050179168581962585,122231,122130,2285
22.180862426757812,16.13,0.0,0.012955495156347752,-0.34383517503738403,-24.658862510000002,6800,53,0.0005,0.05893854424357414,122296,122195,2286
21.714031219482422,16.1,0.0,0.013118846341967583,1.3204596042633057,-24.746893489999998,6804,53,0.0005,0.016506614163517952,122357,122256,2286
22.053789138793945,16.15,0.0,0.013257471844553947,-0.2565934658050537,-24.673748919999998,6808,53,0.0005,0.039858728647232056,122426,122325,2287
22.135908126831055,16.33,0.0,0.013248623348772526,-0.08258006721735,-24.678070390000002,6812,53,0.0005,0.07152906060218811,122514,122413,2289
22.274755477905273,16.23,0.0,0.013180420733988285,0.6215206980705261,-24.6344068,6816,53,0.0005,0.034949302673339844,122580,122479,2290
21.996234893798828,16.05,0.0,0.013409769162535667,-0.39461708068847656,-24.560305170000003,6820,53,0.0005,0.043516598641872406,122632,122531,2290
22.028358459472656,15.98,0.0,0.013548579066991806,0.5410292148590088,-24.48028502,6824,53,0.0005,0.03275860846042633,122691,122590,2291
22.052696228027344,15.85,0.0,0.013526341877877712,-0.03230658173561096,-24.421897790000003,6828,53,0.0005,0.05477100610733032,122748,122647,2292
22.303035736083984,15.84,0.0,0.013498377986252308,0.604461133480072,-24.431477149999996,6832,53,0.0005,0.044265471398830414,122810,122709,2293
22.33654022216797,15.87,0.0,0.013186769559979439,-1.060125708580017,-24.337141980000002,6836,53,0.0005,0.03407813236117363,122879,122778,2294
21.773860931396484,16.01,0.0,0.012945522554218769,-0.566218376159668,-24.359318130000002,6840,53,0.0005,0.025210274383425713,122953,122852,2295
22.24997901916504,16.3,0.0,0.01300767157226801,-0.34876662492752075,-24.388358900000007,6844,53,0.0005,0.05134695768356323,123029,122928,2296
22.085800170898438,16.46,0.0,0.013316983357071877,0.805791974067688,-24.267314170000006,6848,53,0.0005,0.0699116587638855,123105,123004,2297
22.884620666503906,16.55,0.0,0.013297154568135738,1.143697738647461,-24.237136610000004,6852,53,0.0005,0.18441647291183472,123177,123076,2298
22.290855407714844,16.65,0.0,0.013681896030902863,-0.421681672334671,-24.21717666,6856,53,0.0005,0.13394777476787567,123252,123151,2300
22.141319274902344,16.53,0.0,0.013584151864051819,1.1445505619049072,-24.351218060000004,6860,53,0.0005,0.0794992744922638,123318,123217,2301
22.54934310913086,16.43,0.0,0.013796504586935043,-0.22675715386867523,-24.475992319999996,6864,53,0.0005,0.042203158140182495,123380,123279,2301
21.94721794128418,16.56,0.0,0.013907929882407188,0.7773795127868652,-24.51097066,6868,53,0.0005,0.09946100413799286,123454,123353,2303
22.441368103027344,16.68,0.0,0.013700476847589016,-1.3356839418411255,-24.451129169999998,6872,53,0.0005,0.02588236704468727,123523,123422,2304
21.93600845336914,16.75,0.0,0.01322826649993658,0.1897643506526947,-24.46253657,6876,53,0.0005,0.0718853697180748,123592,123491,2305
21.71053695678711,16.88,0.0,0.013483813963830471,1.0979292392730713,-24.350515669999997,6880,53,0.0005,0.04534142464399338,123664,123563,2306
21.589628219604492,17.0,0.0,0.01391124539077282,-0.3088049292564392,-24.23835604,6884,53,0.0005,0.05001446604728699,123737,123636,2307
22.465961456298828,17.03,0.0,0.013498223386704922,-0.6196891665458679,-24.249022480000004,6888,53,0.0005,0.06763702630996704,123817,123716,2308
21.927461624145508,17.24,0.0,0.013434960506856441,-0.13675689697265625,-24.440262269999998,6892,53,0.0005,0.01425960287451744,123898,123797,2309
22.02398109436035,17.53,0.0,0.012981436215341091,1.0025711059570312,-24.29790678,6896,53,0.0005,0.08417361974716187,123984,123883,2310
22.148279190063477,17.51,0.0,0.012948553077876568,-0.09102797508239746,-24.287399190000002,6900,53,0.0005,0.040263570845127106,124047,123946,2311
21.939617156982422,17.41,0.0,0.01315040048211813,0.2527081370353699,-24.228950389999994,6904,53,0.0005,0.09105507284402847,124098,123997,2312
22.347145080566406,17.41,0.0,0.013031361624598503,-0.10227937996387482,-24.398661779999998,6908,53,0.0005,0.03605877608060837,124167,124066,2313
22.173965454101562,17.34,0.0,0.013180332258343697,0.6896089315414429,-24.2299517,6912,53,0.0005,0.03217393532395363,124248,124147,2314
22.197589874267578,17.46,0.0,0.013431655243039131,-0.22996585071086884,-24.265258709999998,6916,53,0.0005,0.0409221388399601,124326,124225,2315
22.410293579101562,17.66,0.0,0.0134670939296484,0.23027794063091278,-24.162823989999993,6920,53,0.0005,0.05916815251111984,124398,124297,2316
21.963279724121094,17.81,0.0,0.013287311419844627,0.8156501054763794,-24.087600409999997,6924,53,0.0005,0.022337058559060097,124472,124371,2317
22.504093170166016,17.99,0.0,0.013550124131143093,0.4967631995677948,-24.069841119999996,6928,53,0.0005,0.028073932975530624,124547,124446,2319
21.789594650268555,17.93,0.0,0.013607555069029331,0.005227118730545044,-24.150613229999994,6932,53,0.0005,0.04930267482995987,124603,124502,2319
21.78389549255371,17.88,0.0,0.013350286521017551,-0.7196977734565735,-24.268537069999994,6936,53,0.0005,0.03429567813873291,124667,124566,2320
22.27646255493164,17.87,0.0,0.01309411134570837,0.3231259882450104,-24.361778449999996,6940,53,0.0005,0.04195787012577057,124740,124639,2321
22.20598602294922,17.8,0.0,0.013272563926875591,0.4522954821586609,-24.221510820000002,6944,53,0.0005,0.039615899324417114,124809,124708,2322
22.22501564025879,17.63,0.0,0.013173740357160568,-0.6964089870452881,-24.387736670000002,6948,53,0.0005,0.05501926690340042,124868,124767,2323
21.713119506835938,17.66,0.0,0.013018387369811535,1.2393368482589722,-24.45501215,6952,53,0.0005,0.02067798748612404,124943,124842,2324
21.661685943603516,17.6,0.0,0.013135183602571487,0.28531762957572937,-24.42279005,6956,53,0.0005,0.028139889240264893,125012,124911,2325
21.925289154052734,17.6,0.0,0.013203802518546581,-0.9608146548271179,-24.442335840000005,6960,53,0.0005,0.0632467269897461,125078,124977,2326
22.295730590820312,17.73,0.0,0.012977128848433495,0.08061051368713379,-24.363520880000006,6964,53,0.0005,0.05356951802968979,125153,125052,2328
22.38758659362793,17.79,0.0,0.013034598901867867,-0.3935573101043701,-24.352016400000004,6968,53,0.0005,0.05358317494392395,125233,125132,2329
21.91680908203125,17.77,0.0,0.012999151833355427,0.22541218996047974,-24.34496645,6972,53,0.0005,0.048208434134721756,125300,125199,2330
21.79912757873535,17.77,0.0,0.013502588495612144,0.447159081697464,-24.340709060000005,6976,53,0.0005,0.04226730763912201,125369,125268,2331
22.19157600402832,17.65,0.0,0.013881043531000614,0.32660937309265137,-24.39123287,6980,53,0.0005,0.03870087489485741,125429,125328,2332
21.747228622436523,17.67,0.0,0.013295442797243595,0.20450210571289062,-24.495723329999997,6984,53,0.0005,0.05411326140165329,125504,125403,2333
21.971271514892578,17.66,0.0,0.013157481327652931,0.5403175950050354,-24.458439409999997,6988,53,0.0005,0.0413702055811882,125583,125482,2334
21.9050350189209,17.49,0.0,0.013332607224583626,-2.492908477783203,-24.31697298,6992,53,0.0005,0.04475381225347519,125647,125546,2335
21.81116485595703,17.38,0.0,0.013156691566109657,0.007564455270767212,-24.28603412,6996,53,0.0005,0.041905611753463745,125722,125621,2336
22.216224670410156,17.48,0.0,0.013329695910215378,1.8060500621795654,-24.21517331,7000,53,0.0005,0.07916509360074997,125795,125694,2337
21.856964111328125,17.65,0.0,0.013605725951492786,0.05492173135280609,-24.096718090000003,7004,53,0.0005,0.01820380799472332,125863,125762,2338
21.885608673095703,17.71,0.0,0.01369826216250658,-0.9350388646125793,-23.961673229999995,7008,53,0.0005,0.04353111982345581,125938,125837,2339
22.137413024902344,17.66,0.0,0.013757751323282719,-0.029557079076766968,-23.957628890000002,7012,53,0.0005,0.0411268025636673,126014,125913,2340
22.494335174560547,17.67,0.0,0.01428646594285965,-0.8904039263725281,-23.868834070000002,7016,53,0.0005,0.041095633059740067,126093,125992,2341
21.84699821472168,17.51,0.0,0.013951136730611324,-0.36433666944503784,-23.987497360000003,7020,53,0.0005,0.06411327421665192,126149,126048,2342
22.204849243164062,17.49,0.0,0.013559656217694283,0.4875789284706116,-24.05957695,7024,53,0.0005,0.052773796021938324,126221,126120,2343
22.048969268798828,17.46,0.0,0.013544296845793724,0.7694350481033325,-23.98793745,7028,53,0.0005,0.04446563869714737,126293,126192,2344
21.875213623046875,17.73,0.0,0.01351496297866106,0.03200675547122955,-23.901085349999995,7032,53,0.0005,0.046902529895305634,126376,126275,2346
22.40868377685547,17.72,0.0,0.013342923484742641,-0.23559525609016418,-23.840734730000005,7036,53,0.0005,0.08386027812957764,126439,126338,2346
22.234941482543945,17.62,0.0,0.013357055373489857,0.751315712928772,-23.72831435,7040,53,0.0005,0.05741158127784729,126502,126401,2347
21.894704818725586,17.64,0.0,0.013395976275205612,-0.9206582307815552,-23.73771148999999,7044,53,0.0005,0.05989538133144379,126573,126472,2348
22.228805541992188,17.7,0.0,0.013470516540110111,0.9686052799224854,-23.711339570000003,7048,53,0.0005,0.06675587594509125,126638,126537,2349
22.32796859741211,17.61,0.0,0.013707103207707405,-0.3185299038887024,-23.78676282,7052,53,0.0005,0.05573093518614769,126704,126603,2350
21.87042999267578,17.67,0.0,0.01367933303117752,1.010277271270752,-23.75199764,7056,53,0.0005,0.030585531145334244,126779,126678,2351
21.744403839111328,17.57,0.0,0.013584592379629612,0.48357412219047546,-23.709677820000003,7060,53,0.0005,0.036647044122219086,126835,126734,2352
22.311084747314453,17.63,0.0,0.013739769347012043,-0.22134056687355042,-23.694634609999998,7064,53,0.0005,0.044135160744190216,126916,126815,2353
21.907316207885742,17.49,0.0,0.013648209162056446,-0.3048856556415558,-23.687373320000003,7068,53,0.0005,0.037079282104969025,126982,126881,2354
22.46178436279297,17.49,0.0,0.013366740196943283,0.36666810512542725,-23.75178465,7072,53,0.0005,0.05235225707292557,127049,126948,2355
21.783084869384766,17.31,0.0,0.013244966976344585,0.6810851097106934,-23.84272304,7076,53,0.0005,0.06989353895187378,127100,126999,2356
21.56039047241211,17.45,0.0,0.013677578419446945,-0.7512499094009399,-23.869609150000002,7080,53,0.0005,0.054924376308918,127174,127073,2357
22.085363388061523,17.39,0.0,0.013437887653708458,-0.318968266248703,-23.84464161,7084,53,0.0005,0.025713998824357986,127243,127142,2358
21.815940856933594,17.19,0.0,0.013268026523292065,0.24235793948173523,-23.887111350000005,7088,53,0.0005,0.09428636729717255,127302,127201,2359
21.806705474853516,17.27,0.0,0.013689388521015644,0.8969881534576416,-23.827890340000003,7092,53,0.0005,0.03345952555537224,127374,127273,2360
22.055011749267578,17.2,0.0,0.013833421282470226,0.14804133772850037,-23.839341320000003,7096,53,0.0005,0.037301383912563324,127442,127341,2361
22.208845138549805,17.19,0.0,0.013835097663104534,-0.0338408499956131,-23.7722109,7100,53,0.0005,0.05624814331531525,127514,127413,2362
21.871768951416016,17.18,0.0,0.013976631686091423,0.7081552743911743,-23.854121379999995,7104,53,0.0005,0.09585796296596527,127581,127480,2363
21.769134521484375,16.9,0.0,0.013918611221015453,0.09816792607307434,-24.00205743,7108,53,0.0005,0.03696204721927643,127628,127527,2364
21.81997299194336,16.78,0.0,0.014048955403268337,0.25665512681007385,-24.019806060000004,7112,53,0.0005,0.04384423419833183,127692,127591,2365
22.163015365600586,16.71,0.0,0.014081650413572788,0.7489114999771118,-24.017466830000004,7116,53,0.0005,0.05143772065639496,127764,127663,2366
21.721946716308594,16.88,0.0,0.014185295440256596,0.7718471884727478,-23.889571099999998,7120,53,0.0005,0.02927428111433983,127837,127736,2367
22.19965171813965,16.63,0.0,0.014194185845553875,0.32376694679260254,-24.001026910000004,7124,53,0.0005,0.03722972050309181,127884,127783,2368
21.772842407226562,16.4,0.0,0.014111017808318138,0.11510543525218964,-24.098274199999995,7128,54,0.0005,0.07917417585849762,127933,127832,2368
21.730995178222656,16.18,0.0,0.014158541336655617,0.4204120337963104,-24.17281457,7132,54,0.0005,0.029820213094353676,127994,127893,2369
21.899459838867188,16.29,0.0,0.014276421628892422,-0.761025071144104,-24.422858749999996,7136,54,0.0005,0.02786928415298462,128068,127967,2370
21.774829864501953,16.34,0.0,0.013922526501119137,-0.5790199041366577,-24.429864990000006,7140,54,0.0005,0.04828997328877449,128136,128035,2371
21.654186248779297,16.33,0.0,0.014033127576112747,-0.6523969173431396,-24.31144496,7144,54,0.0005,0.049041666090488434,128206,128105,2373
21.1728572845459,16.46,0.0,0.013882347382605076,-0.8158612847328186,-24.148755650000002,7148,54,0.0005,0.03546115756034851,128284,128183,2374
21.723241806030273,16.38,0.0,0.014248911291360855,-1.4277369976043701,-24.103782289999995,7152,54,0.0005,0.07422976195812225,128342,128241,2375
21.91352081298828,16.41,0.0,0.013650129549205303,0.08464044332504272,-24.06650385,7156,54,0.0005,0.031223293393850327,128420,128319,2376
22.200820922851562,16.67,0.0,0.013634913600981236,1.389519453048706,-23.9639286,7160,54,0.0005,0.025233060121536255,128502,128401,2377
22.017562866210938,16.62,0.0,0.013454378582537174,-1.0287203788757324,-23.91338513,7164,54,0.0005,0.0481831431388855,128578,128477,2378
22.25216293334961,16.73,0.0,0.013353909365832806,0.2629569172859192,-23.791575190000007,7168,54,0.0005,0.053485412150621414,128655,128554,2379
21.79239273071289,16.68,0.0,0.013506729155778885,-0.19466125965118408,-23.847148530000005,7172,54,0.0005,0.07603548467159271,128717,128616,2380
21.78751564025879,16.87,0.0,0.013552436605095863,0.7254761457443237,-23.751246260000006,7176,54,0.0005,0.04696166515350342,128787,128686,2381
22.212356567382812,16.83,0.0,0.013497895561158657,-0.04085087776184082,-23.66752145,7180,54,0.0005,0.05848180502653122,128857,128756,2382
21.941661834716797,16.85,0.0,0.013119309209287167,0.9493299126625061,-23.584800830000002,7184,54,0.0005,0.03593894839286804,128928,128827,2383
21.613758087158203,16.9,0.0,0.013390988111495972,-0.05871634930372238,-23.801670220000005,7188,54,0.0005,0.0626772791147232,128992,128891,2384
21.808982849121094,16.98,0.0,0.013456624001264572,0.19191715121269226,-23.762893039999994,7192,54,0.0005,0.04170309752225876,129072,128971,2385
22.183834075927734,16.99,0.0,0.013481505215168,-0.4739552140235901,-23.68636605,7196,54,0.0005,0.02144143357872963,129141,129040,2386
21.54274559020996,17.0,0.0,0.013010425493121147,1.557281494140625,-23.762702280000003,7200,54,0.0005,0.04489843174815178,129214,129113,2387
22.109886169433594,17.06,0.0,0.013592931441962719,-0.3875771760940552,-23.78522488,7204,54,0.0005,0.08761700987815857,129287,129186,2388
21.946956634521484,17.1,0.0,0.013650012202560902,0.5818933248519897,-23.70773894,7208,54,0.0005,0.03251644968986511,129338,129237,2389
21.96949005126953,17.2,0.0,0.013952493667602539,0.5234049558639526,-23.668242490000008,7212,54,0.0005,0.0774659663438797,129412,129311,2390
22.470775604248047,17.1,0.0,0.014124952256679535,0.9324643611907959,-23.712275420000005,7216,54,0.0005,0.10400429368019104,129474,129373,2391
21.617883682250977,17.15,0.0,0.014182102866470814,-0.0643749088048935,-23.73882925,7220,54,0.0005,0.07348842918872833,129552,129451,2392
21.911483764648438,17.24,0.0,0.014155442826449871,0.18159061670303345,-23.68255065,7224,54,0.0005,0.0911879912018776,129608,129507,2393
22.203903198242188,17.31,0.0,0.014479215256869793,0.6602945923805237,-23.67024128,7228,54,0.0005,0.05115412548184395,129664,129563,2394
21.860301971435547,17.38,0.0,0.014383384957909584,0.4071819484233856,-23.609607779999997,7232,54,0.0005,0.08011458814144135,129732,129631,2395
22.096181869506836,17.36,0.0,0.01451864279806614,-1.219102382659912,-23.30133405,7236,54,0.0005,0.03609578311443329,129804,129703,2396
22.10477638244629,17.23,0.0,0.01449570432305336,1.7559657096862793,-23.331272640000005,7240,54,0.0005,0.08394687622785568,129859,129758,2397
22.3629093170166,17.26,0.0,0.014380401000380516,0.8005399703979492,-23.373073450000003,7244,54,0.0005,0.036909542977809906,129932,129831,2398
22.170629501342773,17.19,0.0,0.014075260609388351,-0.17951014637947083,-23.46214676,7248,53,0.0005,0.03918817266821861,130003,129902,2446
21.71440887451172,17.27,0.0,0.013817639090120792,0.21825182437896729,-23.323624909999992,7252,53,0.0005,0.05204704776406288,130069,129968,2447
22.200414657592773,17.15,0.0,0.014060139656066895,1.5382616519927979,-23.3861808,7256,53,0.0005,0.04120665043592453,130135,130034,2448
21.68468475341797,17.04,0.0,0.01458041649311781,-0.6820328235626221,-23.41834867,7260,53,0.0005,0.0438823327422142,130206,130105,2449
21.919940948486328,17.05,0.0,0.015313114039599895,-0.19244177639484406,-23.44016238,7264,53,0.0005,0.04051537066698074,130283,130182,2450
22.082130432128906,16.94,0.0,0.015536803752183914,1.4912140369415283,-23.540546910000007,7268,53,0.0005,0.03173898532986641,130349,130248,2451
21.90593719482422,17.02,0.0,0.01567736826837063,0.5488176941871643,-23.4763597,7272,53,0.0005,0.03642409294843674,130419,130318,2452
22.39973258972168,17.1,0.0,0.01565801165997982,-1.4259333610534668,-23.40345699,7276,53,0.0005,0.11444180458784103,130497,130396,2453
22.525684356689453,17.14,0.0,0.015590988099575043,-0.21802794933319092,-23.409375379999997,7280,53,0.0005,0.059934258460998535,130571,130470,2454
21.475181579589844,17.18,0.0,0.015312953852117062,-1.19948148727417,-23.464947189999993,7284,53,0.0005,0.035092148929834366,130646,130545,2455
22.129793167114258,17.31,0.0,0.014962024986743927,-0.2546578049659729,-23.333778030000005,7288,53,0.0005,0.0376645028591156,130723,130622,2457
21.480716705322266,17.32,0.0,0.01492144912481308,0.9748654365539551,-23.292554340000002,7292,53,0.0005,0.02238287776708603,130804,130703,2458
21.559370040893555,17.35,0.0,0.015258281491696835,-1.2455583810806274,-23.384511730000003,7296,53,0.0005,0.030718224123120308,130876,130775,2459
21.959135055541992,17.16,0.0,0.015102479606866837,0.5481758117675781,-23.433703209999994,7300,53,0.0005,0.03620697185397148,130930,130829,2460
21.85189437866211,17.11,0.0,0.015161704272031784,0.7472459673881531,-23.404709269999994,7304,53,0.0005,0.01864968240261078,130998,130897,2461
21.989774703979492,17.27,0.0,0.01503475196659565,-0.8501232862472534,-23.362007800000004,7308,53,0.0005,0.029165444895625114,131065,130964,2462
22.084699630737305,17.11,0.0,0.014860646799206734,-1.084092140197754,-23.47701544000001,7312,53,0.0005,0.04274839907884598,131123,131022,2462
21.96454620361328,17.14,0.0,0.014593695290386677,-0.5168273448944092,-23.464651800000002,7316,53,0.0005,0.023075375705957413,131188,131087,2463
21.703035354614258,16.91,0.0,0.014422593638300896,-0.42186009883880615,-23.56944521999999,7320,53,0.0005,0.038296379148960114,131243,131142,2464
22.040904998779297,17.03,0.0,0.014433808624744415,0.4523284435272217,-23.497435769999996,7324,53,0.0005,0.03230933099985123,131311,131210,2465
22.242996215820312,16.98,0.0,0.01440141350030899,0.7008489966392517,-23.48046026,7328,53,0.0005,0.051571521908044815,131362,131261,2466
21.739612579345703,16.98,0.0,0.01460793986916542,1.1565066576004028,-23.45576354,7332,53,0.0005,0.04076321795582771,131430,131329,2467
21.95134735107422,16.94,0.0,0.014761039987206459,0.44142603874206543,-23.500161519999995,7336,53,0.0005,0.13748154044151306,131498,131397,2468
21.645198822021484,17.06,0.0,0.014625802636146545,0.05019402503967285,-23.41956719,7340,53,0.0005,0.05510324612259865,131565,131464,2469
21.38729476928711,17.02,0.0,0.014556366950273514,0.2669503092765808,-23.395605959999997,7344,53,0.0005,0.03296094760298729,131634,131533,2470
22.07028579711914,16.87,0.0,0.01452803984284401,0.3855981230735779,-23.410555119999998,7348,53,0.0005,0.03270917013287544,131690,131589,2471
21.864900588989258,16.97,0.0,0.014663604088127613,-0.2548513412475586,-23.426649689999998,7352,53,0.0005,0.011426160112023354,131766,131665,2472
22.247142791748047,16.99,0.0,0.014504886232316494,-0.08326259255409241,-23.319688749999997,7356,53,0.0005,0.051937028765678406,131834,131733,2473
21.669418334960938,17.01,0.0,0.014511355198919773,0.38427451252937317,-23.23001752,7360,53,0.0005,0.04255903884768486,131907,131806,2474
21.854564666748047,16.82,0.0,0.014592901803553104,0.49077489972114563,-23.32266318,7364,53,0.0005,0.050449300557374954,131965,131864,2475
21.62029266357422,16.91,0.0,0.014510545879602432,-0.012080490589141846,-23.217979419999995,7368,53,0.0005,0.020417502149939537,132040,131939,2476
21.81560516357422,16.96,0.0,0.014606894925236702,-0.15136095881462097,-23.149035080000004,7372,53,0.0005,0.035234514623880386,132115,132014,2477
21.61580467224121,16.85,0.0,0.014130955561995506,-0.17035427689552307,-23.192756200000005,7376,53,0.0005,0.062209952622652054,132182,132081,2478
21.61050796508789,16.62,0.0,0.014325791969895363,1.245710015296936,-23.334989730000004,7380,53,0.0005,0.0862053707242012,132233,132132,2479
21.918899536132812,16.49,0.0,0.014754888601601124,-0.31004321575164795,-23.379517219999997,7384,53,0.0005,0.07420049607753754,132295,132194,2480
21.844327926635742,16.45,0.0,0.014599701389670372,-0.8500697612762451,-23.334355619999997,7388,53,0.0005,0.08664596080780029,132368,132267,2481
21.69647216796875,16.35,0.0,0.014564212411642075,-0.713638961315155,-23.279026489999996,7392,53,0.0005,0.03194231912493706,132439,132338,2482
22.235198974609375,16.28,0.0,0.014542089775204659,-0.3738641142845154,-23.254663970000003,7396,53,0.0005,0.0556974783539772,132504,132403,2483
22.25749969482422,16.48,0.0,0.01466920506209135,-0.06888625025749207,-23.087037370000004,7400,53,0.0005,0.14407044649124146,132578,132477,2484
22.144691467285156,16.44,0.0,0.014402821660041809,0.05343547463417053,-22.998352510000004,7404,53,0.0005,0.035357750952243805,132642,132541,2485
21.643144607543945,16.47,0.0,0.014464068226516247,-0.29313814640045166,-23.009775489999996,7408,53,0.0005,0.014020835980772972,132712,132611,2486
21.929323196411133,16.32,0.0,0.014439769089221954,1.182257890701294,-23.107354009999995,7412,53,0.0005,0.030260397121310234,132755,132654,2487
21.86935043334961,16.34,0.0,0.01478185411542654,-0.18184198439121246,-23.1216628,7416,53,0.0005,0.09925288707017899,132822,132721,2488
21.76430892944336,16.52,0.0,0.014622490853071213,-0.9719372987747192,-23.00374363,7420,53,0.0005,0.09858329594135284,132895,132794,2489
21.990617752075195,16.51,0.0,0.014336747117340565,-0.6634584665298462,-23.024721110000005,7424,53,0.0005,0.025310838595032692,132962,132861,2490
22.10763168334961,16.53,0.0,0.014615763910114765,0.33022022247314453,-23.04458296,7428,53,0.0005,0.02832643687725067,133015,132914,2490
21.747798919677734,16.5,0.0,0.014403116889297962,-0.9227726459503174,-23.106186010000002,7432,53,0.0005,0.048356618732213974,133080,132979,2491
22.28921890258789,16.53,0.0,0.014451424591243267,0.2664033770561218,-23.0535555,7436,53,0.0005,0.06325196474790573,133151,133050,2492
21.930042266845703,16.66,0.0,0.014650541357696056,-0.08658468723297119,-23.034379320000003,7440,53,0.0005,0.04825996235013008,133231,133130,2494
21.97002410888672,16.58,0.0,0.014780119992792606,0.36641812324523926,-23.208778430000002,7444,53,0.0005,0.07265743613243103,133292,133191,2494
21.18826675415039,16.56,0.0,0.01453413162380457,1.7699322700500488,-23.22658101,7448,53,0.0005,0.08666238188743591,133346,133245,2495
22.100399017333984,16.49,0.0,0.014948069117963314,-0.27546900510787964,-23.277723929999997,7452,53,0.0005,0.07784629613161087,133415,133314,2496
21.90021324157715,16.42,0.0,0.01488972082734108,0.07336964458227158,-23.381006080000002,7456,53,0.0005,0.05511762201786041,133476,133375,2497
21.900516510009766,16.22,0.0,0.014613276347517967,0.4517452120780945,-23.617066309999995,7460,53,0.0005,0.046487726271152496,133529,133428,2498
21.363182067871094,16.36,0.0,0.014539357274770737,0.48983946442604065,-23.55531569,7464,53,0.0005,0.09899318963289261,133601,133500,2499
22.086196899414062,16.19,0.0,0.014740985818207264,0.646016538143158,-23.61937998999999,7468,53,0.0005,0.03604009002447128,133659,133558,2500
22.306915283203125,16.1,0.0,0.014887392520904541,-0.07708241045475006,-23.61544324,7472,53,0.0005,0.06814686954021454,133725,133624,2501
21.897790908813477,16.03,0.0,0.014701585285365582,-0.3603883981704712,-23.674070139999998,7476,53,0.0005,0.01722828857600689,133785,133684,2502
21.617145538330078,16.2,0.0,0.014393792487680912,-0.122963085770607,-23.62543739,7480,53,0.0005,0.018359379842877388,133853,133752,2503
21.909393310546875,16.17,0.0,0.014330528676509857,-0.5839499235153198,-23.62351937,7484,53,0.0005,0.08131289482116699,133912,133811,2504
21.64877700805664,16.19,0.0,0.014345185831189156,-0.42146027088165283,-23.547426320000003,7488,53,0.0005,0.029142536222934723,133987,133886,2505
21.83289337158203,16.19,0.0,0.014210994355380535,-0.4080577492713928,-23.55639803,7492,53,0.0005,0.025075701996684074,134058,133957,2506
21.43488311767578,16.34,0.0,0.014504948630928993,-0.7841908931732178,-23.525477960000003,7496,53,0.0005,0.028635850176215172,134138,134037,2507
22.01355743408203,16.37,0.0,0.01471000723540783,0.9994422793388367,-23.56266092,7500,53,0.0005,0.07756049185991287,134215,134114,2508
21.872161865234375,16.39,0.0,0.014597960747778416,0.8046033382415771,-23.67380203,7504,53,0.0005,0.038336507976055145,134281,134180,2509
21.640628814697266,16.34,0.0,0.01457938738167286,0.7176710963249207,-23.655934069999997,7508,53,0.0005,0.028676768764853477,134346,134245,2510
21.706462860107422,16.53,0.0,0.014438392594456673,-0.024811148643493652,-23.501618280000002,7512,53,0.0005,0.024886934086680412,134408,134307,2511
21.791648864746094,16.39,0.0,0.014290103688836098,-0.3134761452674866,-23.539581390000002,7516,53,0.0005,0.026848778128623962,134461,134360,2512
22.03687858581543,16.35,0.0,0.014533971436321735,0.225670725107193,-23.592108699999994,7520,53,0.0005,0.07775390148162842,134530,134429,2513
21.99049949645996,16.26,0.0,0.015247582457959652,0.17057891190052032,-23.55022142,7524,53,0.0005,0.028918681666254997,134588,134487,2514
21.74272346496582,16.41,0.0,0.015280742198228836,0.5090959072113037,-23.481114379999994,7528,53,0.0005,0.034162744879722595,134656,134555,2515
21.722614288330078,16.48,0.0,0.015244623646140099,0.1958499550819397,-23.45049952999999,7532,53,0.0005,0.021715432405471802,134728,134627,2516
21.557872772216797,16.59,0.0,0.01515788771212101,-0.6970027089118958,-23.470520739999998,7536,53,0.0005,0.05436035990715027,134810,134709,2517
21.575342178344727,16.49,0.0,0.015097921714186668,-1.4356943368911743,-23.41836537999999,7540,53,0.0005,0.04545513913035393,134880,134779,2518
21.365535736083984,16.52,0.0,0.014908398501574993,0.24755597114562988,-23.305436159999996,7544,53,0.0005,0.030666671693325043,134944,134843,2519
21.53449249267578,16.54,0.0,0.015221799723803997,-0.4958680272102356,-23.299326769999997,7548,53,0.0005,0.015200912952423096,135000,134899,2520
21.70185089111328,16.62,0.0,0.01487708743661642,1.408090353012085,-23.27634105,7552,53,0.0005,0.013846039772033691,135077,134976,2521
21.438831329345703,16.78,0.0,0.015146580524742603,-0.36728185415267944,-23.19011567,7556,53,0.0005,0.04855858534574509,135154,135053,2522
21.79906463623047,16.98,0.0,0.015383988618850708,-0.333129346370697,-22.955525669999997,7560,53,0.0005,0.025394923985004425,135227,135126,2523
21.62192153930664,17.08,0.0,0.015429618768393993,-0.5974485874176025,-22.932022579999998,7564,53,0.0005,0.02848561853170395,135309,135208,2524
22.16330337524414,17.22,0.0,0.015173066407442093,-1.048298716545105,-22.867969070000004,7568,53,0.0005,0.040850747376680374,135381,135280,2525
20.898717880249023,17.23,0.0,0.015126841142773628,0.58016437292099,-22.854443199999995,7572,53,0.0005,0.0567750409245491,135448,135347,2526
22.02753448486328,17.24,0.01,0.01526905968785286,-0.7141801118850708,-22.687226800000005,7576,53,0.0005,0.07185196876525879,135509,135408,2527
22.447582244873047,17.26,0.01,0.015133853070437908,1.089598536491394,-22.65961003,7580,53,0.0005,0.11383276432752609,135579,135478,2528
22.075748443603516,17.23,0.01,0.01501930970698595,-0.4426615536212921,-22.709061530000003,7584,53,0.0005,0.05244448781013489,135635,135534,2529
21.661832809448242,17.09,0.01,0.014705833978950977,-0.24497227370738983,-22.777205270000003,7588,53,0.0005,0.03890097141265869,135696,135595,2530
22.16584014892578,17.03,0.01,0.01478966511785984,-0.5243605971336365,-22.865304720000005,7592,53,0.0005,0.034689851105213165,135761,135660,2531
22.05104637145996,16.99,0.01,0.014797494746744633,1.2884701490402222,-22.8896389,7596,53,0.0005,0.02683815360069275,135837,135736,2532
21.722763061523438,16.75,0.01,0.014955926686525345,-0.4224430024623871,-23.02027975,7600,53,0.0005,0.03758198022842407,135890,135789,2533
21.67047882080078,16.63,0.01,0.014992855489253998,0.2609725594520569,-23.04465953,7604,53,0.0005,0.07201968133449554,135944,135843,2534
21.696208953857422,16.66,0.01,0.014884205535054207,-0.723625123500824,-23.06641061,7608,53,0.0005,0.05355973169207573,136012,135911,2535
21.53314208984375,16.7,0.01,0.014536653645336628,-0.42441418766975403,-23.07100708,7612,53,0.0005,0.015819665044546127,136078,135977,2536
22.279605865478516,16.82,0.02,0.014806501567363739,0.34152114391326904,-22.814269659999994,7616,53,0.0005,0.02613185904920101,136143,136042,2537
21.599756240844727,16.81,0.02,0.014726254157721996,-0.010852113366127014,-22.734546840000004,7620,53,0.0005,0.051241301000118256,136211,136110,2538
21.911975860595703,16.96,0.02,0.014840167947113514,-0.45242252945899963,-22.697509049999997,7624,53,0.0005,0.07680100202560425,136284,136183,2539
21.664806365966797,17.11,0.02,0.014490715228021145,-0.7534410953521729,-22.670021390000002,7628,53,0.0005,0.029937805607914925,136367,136266,2540
21.4283447265625,17.11,0.02,0.01436522789299488,0.2331562340259552,-22.65666248,7632,53,0.0005,0.05455274507403374,136439,136338,2541
21.647205352783203,16.91,0.02,0.014523047022521496,-0.6679009199142456,-22.690404129999997,7636,53,0.0005,0.023531794548034668,136501,136400,2542
21.77462387084961,16.71,0.02,0.014539885334670544,-0.5792513489723206,-22.883051429999995,7640,53,0.0005,0.031974151730537415,136551,136450,2543
21.750450134277344,16.78,0.02,0.01468292810022831,0.15033948421478271,-22.813769710000003,7644,53,0.0005,0.054924871772527695,136622,136521,2544
21.481170654296875,17.0,0.02,0.014722300693392754,-0.16844341158866882,-22.70072962,7648,53,0.0005,0.05417773872613907,136700,136599,2545
21.70810890197754,16.87,0.02,0.015086522325873375,0.7994604110717773,-22.709783879999996,7652,53,0.0005,0.10271480679512024,136764,136663,2546
22.248851776123047,16.79,0.02,0.015299656428396702,-0.1473398506641388,-22.706524180000002,7656,53,0.0005,0.020588574931025505,136833,136732,2547
22.038740158081055,16.76,0.02,0.015449443832039833,0.5742411613464355,-22.79235025,7660,53,0.0005,1.1214137077331543,136903,136802,2548
22.028690338134766,16.56,0.02,0.01548917405307293,0.18456897139549255,-22.833431309999995,7664,53,0.0005,0.01641024649143219,136965,136864,2549
21.556276321411133,16.48,0.02,0.015305420383810997,-0.06409189105033875,-22.8736171,7668,53,0.0005,0.045927830040454865,137029,136928,2550
21.361364364624023,16.41,0.02,0.015326314605772495,-0.1657206118106842,-22.928740859999998,7672,53,0.0005,0.07720370590686798,137089,136988,2551
21.572011947631836,16.32,0.01,0.015031281858682632,0.3826913833618164,-23.098724540000003,7676,53,0.0005,0.016905128955841064,137141,137040,2551
21.861835479736328,16.21,0.01,0.01514336746186018,-0.055155739188194275,-23.063039009999997,7680,53,0.0005,0.01786789298057556,137200,137099,2552
21.924545288085938,16.34,0.01,0.0153583362698555,0.38789695501327515,-22.999262280000007,7684,53,0.0005,0.051875609904527664,137269,137168,2553
21.772130966186523,16.36,0.01,0.015516865067183971,0.7867617011070251,-22.95669921,7688,53,0.0005,0.03208254650235176,137332,137231,2554
21.792980194091797,16.5,0.01,0.015067312866449356,0.1921110302209854,-22.899334989999996,7692,53,0.0005,0.05604327842593193,137411,137310,2555
21.91991424560547,16.3,0.01,0.015376325696706772,0.7126458883285522,-22.960570819999997,7696,53,0.0005,0.0493050292134285,137467,137366,2556
21.714662551879883,16.49,0.01,0.015404432080686092,1.225473403930664,-22.81548832,7700,53,0.0005,0.05482449010014534,137539,137438,2557
22.0860595703125,16.66,0.01,0.015687186270952225,-0.908282458782196,-22.743016609999994,7704,53,0.0005,0.10438337922096252,137610,137509,2558
21.78237533569336,16.53,0.01,0.015472719445824623,0.8431316018104553,-22.76239364,7708,53,0.0005,0.05551183223724365,137665,137564,2559
21.3525390625,16.44,0.01,0.015361390076577663,0.42161259055137634,-22.824744249999995,7712,53,0.0005,0.04078388959169388,137722,137621,2560
21.8874454498291,16.41,0.01,0.015611497685313225,0.8608183860778809,-22.876647270000003,7716,53,0.0005,0.07208612561225891,137784,137683,2561
21.55781364440918,16.52,0.01,0.015155264176428318,-1.8452277183532715,-23.000193089999996,7720,53,0.0005,0.03728959709405899,137863,137762,2562
21.844608306884766,16.26,0.01,0.014777159318327904,0.11517998576164246,-23.16923162,7724,53,0.0005,0.17629678547382355,137910,137809,2563
22.24374008178711,16.13,0.02,0.014895928092300892,0.0039366185665130615,-22.94938753,7728,53,0.0005,0.03201667219400406,137980,137879,2564
21.504451751708984,16.09,0.03,0.014605431817471981,0.3542323112487793,-22.789581810000005,7732,53,0.0005,0.10100354254245758,138048,137947,2565
21.599994659423828,16.94,0.03,0.014555958099663258,0.29696276783943176,-23.07710265,7736,53,0.0005,0.06912804394960403,138195,138094,2567
21.952768325805664,17.08,0.03,0.014711985364556313,-0.5853757262229919,-23.02287261,7740,53,0.0005,0.047315701842308044,138259,138158,2568
22.36621856689453,17.03,0.03,0.014418729580938816,0.5351648926734924,-23.104003419999998,7744,53,0.0005,0.06969162821769714,138325,138224,2569
21.788288116455078,16.91,0.03,0.01463177427649498,-0.8874489068984985,-23.197246129999993,7748,53,0.0005,0.07851430773735046,138391,138290,2570
21.492469787597656,16.96,0.03,0.014767643064260483,0.23009151220321655,-23.224229620000003,7752,53,0.0005,0.04336037114262581,138460,138359,2571
21.87974739074707,16.9,0.03,0.015139454044401646,-0.3054698705673218,-23.2788353,7756,53,0.0005,0.043203286826610565,138523,138422,2572
21.765329360961914,16.96,0.03,0.015238729305565357,-0.7549111247062683,-23.310936390000006,7760,53,0.0005,0.0384800061583519,138599,138498,2573
21.679441452026367,16.96,0.03,0.015190564095973969,0.5470417737960815,-23.28830187,7764,53,0.0005,0.08347003161907196,138661,138560,2574
22.149890899658203,17.09,0.03,0.015152648091316223,0.061360180377960205,-23.384284750000003,7768,53,0.0005,0.0617922842502594,138738,138637,2575
22.099422454833984,17.04,0.03,0.01466334518045187,-1.5276920795440674,-23.455525479999995,7772,53,0.0005,0.06445076316595078,138793,138692,2576
22.153274536132812,17.14,0.03,0.014259304851293564,0.1612001210451126,-23.453625029999994,7776,53,0.0005,0.06207359582185745,138855,138754,2577
21.475425720214844,17.2,0.03,0.013811077922582626,0.3356514573097229,-23.479434950000005,7780,53,0.0005,0.03942859172821045,138920,138819,2578
21.574289321899414,17.17,0.03,0.014130767434835434,1.2354131937026978,-23.448941259999998,7784,53,0.0005,0.016307055950164795,138986,138885,2579
21.732694625854492,17.18,0.03,0.014463633298873901,0.4617958068847656,-23.440029080000002,7788,53,0.0005,0.12076631188392639,139050,138949,2580
21.464982986450195,17.21,0.03,0.014551730826497078,0.12023302912712097,-23.457815500000002,7792,53,0.0005,0.0232254546135664,139132,139031,2581
21.602710723876953,17.34,0.03,0.014931733720004559,-0.3701586127281189,-23.39856204,7796,53,0.0005,0.08314633369445801,139201,139100,2582
21.843082427978516,17.28,0.03,0.014979364350438118,-0.48802056908607483,-23.46542744,7800,53,0.0005,0.02849113941192627,139267,139166,2583
22.087566375732422,17.31,0.03,0.015164841897785664,0.49163559079170227,-23.411446700000003,7804,53,0.0005,0.032590288668870926,139341,139240,2584
21.947742462158203,17.45,0.03,0.015254992060363293,1.0114890336990356,-23.26000358,7808,53,0.0005,0.10064022243022919,139410,139309,2585
21.889497756958008,17.67,0.04,0.015164134092628956,-0.5726500749588013,-23.020800060000003,7812,53,0.0005,0.05096015706658363,139489,139388,2586
21.830562591552734,17.76,0.03,0.014896034263074398,0.2596070170402527,-23.20534758,7816,53,0.0005,0.048405639827251434,139560,139459,2587
21.768524169921875,17.61,0.03,0.014831770211458206,-1.201312780380249,-23.158787489999998,7820,53,0.0005,0.11065860837697983,139624,139523,2588
21.23235511779785,17.79,0.03,0.014470407739281654,0.23101353645324707,-23.046872650000005,7824,53,0.0005,0.07995140552520752,139689,139588,2589
21.318004608154297,17.82,0.02,0.014773735776543617,0.165155291557312,-23.225671969999997,7828,53,0.0005,0.03860582783818245,139762,139661,2590
21.40923309326172,17.81,0.01,0.014969375915825367,-0.04793433099985123,-23.39323759,7832,53,0.0005,0.03221311420202255,139829,139728,2591
21.13384246826172,16.97,0.01,0.015233665704727173,0.26974791288375854,-23.110125380000003,7836,53,0.0005,0.06801967322826385,139892,139791,2592
21.575878143310547,16.91,0.01,0.015187318436801434,-0.04716513305902481,-23.125787600000002,7840,53,0.0005,0.08037818968296051,139950,139849,2593
21.577817916870117,16.83,0.01,0.015353788621723652,-0.7439887523651123,-23.127902030000005,7844,53,0.0005,0.057563088834285736,140008,139907,2639
22.162893295288086,16.83,0.01,0.015143156982958317,0.8175159096717834,-23.105223379999998,7848,53,0.0005,0.05724328011274338,140074,139973,2640
21.790571212768555,16.8,0.01,0.015279758721590042,-0.45077505707740784,-23.123121540000003,7852,53,0.0005,0.06797832250595093,140140,140039,2641
21.696123123168945,16.78,0.01,0.015332703478634357,-0.770287275314331,-23.2145056,7856,53,0.0005,0.14512750506401062,140201,140100,2642
21.864418029785156,16.76,0.01,0.014883629977703094,-1.0228550434112549,-23.145849119999998,7860,53,0.0005,0.040859155356884,140275,140174,2643
22.248199462890625,16.82,0.02,0.015047561377286911,1.3811081647872925,-22.9989658,7864,53,0.0005,0.09103365242481232,140343,140242,2644
21.766098022460938,16.95,0.02,0.015047862194478512,0.622160792350769,-22.93727512,7868,53,0.0005,0.0821264237165451,140433,140332,2646
22.09156036376953,17.09,0.02,0.014697380363941193,0.616685152053833,-22.869741880000003,7872,53,0.0005,0.06562317907810211,140502,140401,2647
21.447542190551758,17.08,0.02,0.014948012307286263,0.24143250286579132,-22.849811810000002,7876,53,0.0005,0.07177239656448364,140563,140462,2647
21.36495018005371,17.2,0.02,0.015008935704827309,0.6498591303825378,-22.893017720000007,7880,53,0.0005,0.09254880249500275,140640,140539,2649
22.00890350341797,17.35,0.02,0.015005422756075859,-0.5591201186180115,-22.919488160000004,7884,53,0.0005,0.09117689728736877,140721,140620,2650
21.762422561645508,17.35,0.02,0.014908668585121632,0.710861325263977,-23.009079309999997,7888,53,0.0005,0.06432542949914932,140785,140684,2651
21.654144287109375,17.25,0.02,0.014813408255577087,0.10371939092874527,-23.010709479999996,7892,53,0.0005,0.08609248697757721,140857,140756,2652
21.951465606689453,17.11,0.02,0.015165644697844982,1.326906442642212,-23.08954143,7896,53,0.0005,0.03131517022848129,140912,140811,2653
21.80290985107422,17.18,0.02,0.014990825206041336,0.11299927532672882,-23.139647019999998,7900,53,0.0005,0.11306758224964142,140985,140884,2654
21.578296661376953,17.05,0.02,0.015102905221283436,0.3688531219959259,-23.28632479,7904,53,0.0005,0.05747990310192108,141046,140945,2654
21.847213745117188,16.99,0.02,0.015415998175740242,1.0292766094207764,-23.39936778,7908,53,0.0005,0.024330681189894676,141109,141008,2655
21.868267059326172,16.85,0.01,0.015826914459466934,1.0102225542068481,-23.62787859,7912,53,0.0005,0.056491561233997345,141174,141073,2656
21.450374603271484,16.89,0.01,0.015694383531808853,-0.5025772452354431,-23.62129677,7916,53,0.0005,0.04967457801103592,141249,141148,2657
21.56304931640625,16.9,0.01,0.01598210260272026,-0.2532237470149994,-23.586110929999997,7920,53,0.0005,0.031192012131214142,141314,141213,2658
21.502845764160156,16.87,0.01,0.0159714687615633,-0.3670596778392792,-23.640873969999998,7924,53,0.0005,0.05295037850737572,141376,141275,2658
21.82468032836914,16.69,0.01,0.015989823266863823,-0.605770468711853,-23.78999976,7928,53,0.0005,0.02017504908144474,141431,141330,2659
21.947021484375,16.69,0.01,0.01593325100839138,0.5729682445526123,-23.783890449999998,7932,53,0.0005,0.027984611690044403,141498,141397,2660
21.586030960083008,16.71,0.01,0.015934200957417488,0.33767470717430115,-23.781041879999997,7936,53,0.0005,0.04874464496970177,141563,141462,2661
21.710786819458008,16.79,0.01,0.016110839322209358,0.3372178077697754,-23.66623529,7940,53,0.0005,0.11260530352592468,141629,141528,2661
21.559032440185547,16.82,0.01,0.016127625480294228,0.4596254825592041,-23.691103700000003,7944,53,0.0005,0.022725939750671387,141690,141589,2662
21.863880157470703,16.68,0.01,0.016315694898366928,-0.32530954480171204,-23.693031410000003,7948,53,0.0005,0.05470498651266098,141742,141641,2663
21.72167205810547,16.62,0.01,0.016390841454267502,0.18038247525691986,-23.714341519999998,7952,53,0.0005,0.028593428432941437,141802,141701,2664
21.87911033630371,16.64,0.01,0.016513247042894363,0.7016675472259521,-23.702324379999997,7956,53,0.0005,0.02790863625705242,141865,141764,2664
21.62261199951172,16.52,0.01,0.016607103869318962,-0.11707904934883118,-23.78306383,7960,53,0.0005,0.025620246306061745,141927,141826,2665
21.550220489501953,16.47,0.0,0.01660318672657013,-0.650566816329956,-24.00676071,7964,53,0.0005,0.029339376837015152,141990,141889,2666
21.733551025390625,16.3,0.0,0.016959136351943016,-0.01806589961051941,-23.972960949999994,7968,53,0.0005,0.032950714230537415,142063,141962,2667
21.73526954650879,16.3,0.0,0.016882533207535744,-0.43714606761932373,-23.99867142,7972,53,0.0005,0.1689075529575348,142132,142031,2668
21.11909294128418,16.48,0.0,0.016609108075499535,1.6351330280303955,-23.900972220000003,7976,53,0.0005,0.03462948650121689,142211,142110,2668
21.70568084716797,16.34,0.0,0.016977719962596893,-1.0382747650146484,-23.82857623,7980,53,0.0005,0.05865932255983353,142274,142173,2669
21.84271240234375,16.21,0.0,0.01651727221906185,-0.6087424159049988,-23.771629320000002,7984,53,0.0005,0.0675133764743805,142342,142241,2670
21.537734985351562,16.22,0.0,0.01669817417860031,0.42999887466430664,-23.778924779999997,7988,53,0.0005,0.017208142206072807,142407,142306,2671
21.72626495361328,16.04,0.0,0.0169384628534317,1.3986382484436035,-23.84134797,7992,53,0.0005,0.037210993468761444,142461,142360,2671
21.641929626464844,16.06,0.0,0.016805339604616165,-1.5879915952682495,-23.796988929999994,7996,53,0.0005,0.23116552829742432,142518,142417,2672
21.70311737060547,16.02,0.0,0.016733301803469658,-1.0361886024475098,-23.751419679999998,8000,53,0.0005,0.07737746089696884,142587,142486,2673
21.612138748168945,16.04,0.0,0.016450727358460426,-0.9637365937232971,-23.66239205999999,8004,53,0.0005,0.09039368480443954,142650,142549,2674
21.857715606689453,16.19,0.0,0.016049589961767197,-0.44664666056632996,-23.632157019999994,8008,53,0.0005,0.06076750159263611,142728,142627,2675
21.287399291992188,16.27,0.01,0.015646278858184814,-0.14554664492607117,-23.42159894,8012,53,0.0005,0.10573690384626389,142801,142700,2676
21.28536605834961,16.11,0.01,0.015761438757181168,0.6628497242927551,-23.45204565,8016,53,0.0005,0.04650261253118515,142860,142759,2676
21.80267333984375,16.34,0.01,0.016184989362955093,0.292346715927124,-23.47233232,8020,53,0.0005,0.02775752544403076,142948,142847,2677
21.774423599243164,16.44,0.01,0.01615690439939499,0.6591825485229492,-23.35746193,8024,53,0.0005,0.052046120166778564,143020,142919,2678
21.913387298583984,16.39,0.01,0.016214806586503983,-0.9944078326225281,-23.37965681,8028,53,0.0005,0.057294853031635284,143070,142969,2679
21.70594596862793,16.34,0.01,0.016028322279453278,0.3596375286579132,-23.35866123,8032,53,0.0005,0.04796924069523811,143132,143031,2680
21.927661895751953,16.38,0.02,0.01619943603873253,-0.5746272206306458,-23.226864499999998,8036,53,0.0005,0.07386704534292221,143201,143100,2680
21.59528350830078,16.46,0.02,0.01631729118525982,-1.170109748840332,-23.203816840000005,8040,53,0.0005,0.05370129644870758,143275,143174,2681
21.748798370361328,16.5,0.02,0.016027327626943588,1.316986322402954,-23.131836719999995,8044,53,0.0005,0.07832515984773636,143340,143239,2682
21.6737060546875,16.72,0.02,0.016407310962677002,1.011479377746582,-23.132994070000006,8048,53,0.0005,0.02245551347732544,143414,143313,2683
21.608203887939453,16.77,0.02,0.01692233979701996,0.4197108745574951,-23.077885310000003,8052,53,0.0005,0.07570818066596985,143479,143378,2684
21.364381790161133,16.89,0.02,0.016870630905032158,0.21926946938037872,-22.97379531,8056,53,0.0005,0.03366509824991226,143554,143453,2685
22.052425384521484,16.81,0.02,0.017271505668759346,-0.4163737893104553,-22.93054094,8060,53,0.0005,0.13550765812397003,143608,143507,2685
21.470537185668945,16.71,0.02,0.016585785895586014,0.5697277188301086,-22.99338244,8064,53,0.0005,0.046058669686317444,143661,143560,2686
21.734474182128906,16.67,0.02,0.01676846295595169,-0.8724991083145142,-23.055868430000004,8068,53,0.0005,1.014268398284912,143730,143629,2687
22.102195739746094,16.79,0.03,0.016393547877669334,0.4372801184654236,-22.81321738,8072,53,0.0005,0.04689215496182442,143811,143710,2688
21.747055053710938,16.66,0.03,0.016272099688649178,-0.2047789990901947,-22.863696680000004,8076,53,0.0005,0.08201709389686584,143877,143776,2688
21.685409545898438,16.51,0.03,0.01608000136911869,-0.3747375011444092,-22.991157679999997,8080,53,0.0005,0.08246710896492004,143925,143824,2689
22.056793212890625,16.57,0.03,0.016178546473383904,-1.216888666152954,-23.011022150000002,8084,53,0.0005,0.0980144515633583,143999,143898,2690
22.141708374023438,16.58,0.03,0.016298674046993256,0.18518531322479248,-22.973845469999997,8088,53,0.0005,0.06809442490339279,144065,143964,2691
21.22694969177246,16.77,0.03,0.016140004619956017,0.5691006183624268,-22.99227943,8092,53,0.0005,0.05605218559503555,144138,144037,2692
21.571901321411133,16.83,0.03,0.015943747013807297,-1.246037244796753,-23.053846259999997,8096,53,0.0005,0.05836376175284386,144201,144100,2692
21.872539520263672,16.67,0.04,0.016318200156092644,1.52115797996521,-22.90322745,8100,53,0.0005,0.05091870576143265,144254,144153,2693
21.274993896484375,16.83,0.04,0.016569722443819046,0.013192243874073029,-22.872394120000003,8104,53,0.0005,0.07817845791578293,144333,144232,2694
21.572994232177734,16.6,0.05,0.016960332170128822,0.08132077753543854,-22.769374499999998,8108,53,0.0005,0.036019571125507355,144388,144287,2695
21.217105865478516,16.53,0.04,0.016873599961400032,0.35464245080947876,-22.948510040000002,8112,53,0.0005,0.04067524895071983,144454,144353,2695
21.448402404785156,16.73,0.05,0.016949782148003578,-0.7422662377357483,-22.68982003,8116,53,0.0005,0.0468868650496006,144533,144432,2696
22.0081787109375,16.4,0.05,0.01701497659087181,0.7114135026931763,-22.752112830000005,8120,53,0.0005,0.08272437006235123,144588,144487,2697
21.538555145263672,16.36,0.05,0.01697535626590252,-0.04201793670654297,-22.808884620000008,8124,53,0.0005,0.03335287421941757,144656,144555,2698
21.668399810791016,16.59,0.05,0.016957299783825874,0.9153679013252258,-22.634690139999996,8128,53,0.0005,0.07597925513982773,144729,144628,2699
21.562942504882812,16.71,0.05,0.017258942127227783,-1.1404285430908203,-22.59374238,8132,53,0.0005,0.10620006918907166,144803,144702,2700
22.060226440429688,16.77,0.04,0.017493488267064095,1.2020442485809326,-22.677497869999996,8136,53,0.0005,0.08719193935394287,144878,144777,2700
21.719093322753906,17.13,0.04,0.017384877428412437,0.6469355821609497,-22.874403259999994,8140,53,0.0005,0.05281231179833412,144988,144887,2702
21.268091201782227,17.14,0.05,0.01724374108016491,-1.413959264755249,-22.72475061,8144,53,0.0005,1.1526110172271729,145054,144953,2703
21.916080474853516,17.08,0.05,0.017316332086920738,0.2253376692533493,-22.69999366,8148,53,0.0005,0.03176065534353256,145122,145021,2703
21.122852325439453,17.19,0.05,0.017196403816342354,0.6802226901054382,-22.735593570000002,8152,53,0.0005,0.07546353340148926,145198,145097,2704
21.719802856445312,17.1,0.05,0.017425568774342537,-0.8561447858810425,-22.773806880000002,8156,53,0.0005,0.03671794384717941,145264,145163,2705
21.487751007080078,17.3,0.05,0.01766056939959526,-0.04322041571140289,-22.689899219999997,8160,53,0.0005,0.18287816643714905,145338,145237,2706
21.7432804107666,17.58,0.05,0.017910564318299294,0.03465765714645386,-22.5738152,8164,53,0.0005,0.09591743350028992,145419,145318,2707
21.055810928344727,17.51,0.05,0.017712460830807686,0.33359676599502563,-22.61339968,8168,53,0.0005,0.03315388783812523,145481,145380,2708
21.399690628051758,17.32,0.04,0.01769828610122204,0.4513876736164093,-22.827856219999997,8172,53,0.0005,0.0441618412733078,145543,145442,2708
20.92849349975586,17.27,0.04,0.0175471231341362,0.22284844517707825,-22.9210726,8176,53,0.0005,0.0446305051445961,145604,145503,2709
21.58662223815918,17.52,0.04,0.01785295642912388,-0.4740343987941742,-22.831074059999995,8180,53,0.0005,0.07750283926725388,145677,145576,2710
21.969560623168945,17.55,0.04,0.0175495408475399,0.343114972114563,-22.80704693,8184,53,0.0005,0.9927875399589539,145754,145653,2711
21.35932159423828,17.61,0.04,0.01731257513165474,-0.10978811234235764,-22.86076578,8188,53,0.0005,0.08181056380271912,145826,145725,2712
21.64447784423828,17.47,0.04,0.01758630760014057,0.4692229628562927,-22.861901120000002,8192,53,0.0005,0.08865446597337723,145885,145784,2713
21.461925506591797,17.51,0.04,0.01725771650671959,0.016024470329284668,-22.8085526,8196,53,0.0005,0.051364704966545105,145952,145851,2713
21.829025268554688,17.68,0.03,0.01779807358980179,-0.3550153970718384,-22.958845629999995,8200,53,0.0005,0.03435635566711426,146022,145921,2714
22.000873565673828,17.57,0.04,0.01810040883719921,0.27078911662101746,-22.76404141,8204,53,0.0005,0.050608858466148376,146090,145989,2715
21.974761962890625,17.81,0.03,0.01805116795003414,0.4019430875778198,-22.88209448,8208,53,0.0005,0.035564910620450974,146169,146068,2716
21.373580932617188,17.93,0.03,0.018651073798537254,-0.47413370013237,-22.853155740000002,8212,53,0.0005,0.028749655932188034,146247,146146,2717
21.41843032836914,17.86,0.02,0.018775595352053642,-0.41788947582244873,-23.01777601,8216,53,0.0005,0.04866311699151993,146319,146218,2718
21.542142868041992,17.93,0.03,0.018549807369709015,-1.277301549911499,-22.774746910000005,8220,53,0.0005,0.05648967623710632,146381,146280,2718
21.523330688476562,17.98,0.04,0.018174665048718452,-0.30305129289627075,-22.54738646,8224,53,0.0005,0.04439375922083855,146454,146353,2719
21.497121810913086,17.91,0.04,0.017922302708029747,-0.40565645694732666,-22.62147031,8228,53,0.0005,0.03975310176610947,146520,146419,2720
22.139677047729492,17.75,0.04,0.017961973324418068,-1.0343893766403198,-22.703287590000006,8232,53,0.0005,0.08607551455497742,146578,146477,2721
21.826648712158203,17.69,0.04,0.017618203535676003,0.5931444764137268,-22.699470629999997,8236,53,0.0005,0.05725838243961334,146647,146546,2722
21.29778289794922,17.34,0.04,0.017266277223825455,1.0937509536743164,-22.530561849999998,8240,53,0.0005,0.062096189707517624,146722,146621,2723
21.62952423095703,17.23,0.03,0.01777016557753086,0.09805058687925339,-22.730151919999997,8244,53,0.0005,0.059800129383802414,146777,146676,2723
21.57059097290039,17.3,0.03,0.017906319350004196,-0.3270385265350342,-22.67842183,8248,53,0.0005,0.09196735173463821,146852,146751,2724
21.3559627532959,17.12,0.03,0.01827876828610897,-0.11164098978042603,-22.69456975,8252,53,0.0005,0.040160562843084335,146910,146809,2725
21.80526351928711,17.06,0.04,0.018186716362833977,0.5911372303962708,-22.501932200000002,8256,53,0.0005,0.023871155455708504,146970,146869,2726
21.427005767822266,16.99,0.04,0.01817847043275833,-0.4834907054901123,-22.62185605,8260,53,0.0005,0.052009664475917816,147037,146936,2727
22.37220001220703,16.73,0.04,0.018585121259093285,0.738205075263977,-22.663042989999997,8264,53,0.0005,0.09031887352466583,147092,146991,2728
21.980976104736328,16.55,0.04,0.01857057958841324,-0.0030367374420166016,-22.722380020000006,8268,53,0.0005,0.05105402320623398,147136,147035,2729
21.14896011352539,16.62,0.04,0.01825658045709133,-0.21689370274543762,-22.76019659,8272,53,0.0005,0.07590031623840332,147205,147104,2730
21.920366287231445,16.73,0.04,0.01831412874162197,-0.06894050538539886,-22.664844959999996,8276,53,0.0005,0.10427646338939667,147277,147176,2731
21.841655731201172,16.76,0.04,0.017516877502202988,0.34650593996047974,-22.62305098,8280,53,0.0005,0.09903058409690857,147353,147252,2732
20.99658203125,16.69,0.04,0.017660055309534073,-1.191605567932129,-22.649428969999995,8284,53,0.0005,0.09404859691858292,147423,147322,2733
21.26896858215332,16.65,0.04,0.01728064939379692,0.09957011044025421,-22.498093060000002,8288,53,0.0005,0.9381870627403259,147491,147390,2734
21.260372161865234,16.87,0.04,0.017215296626091003,-0.9392910003662109,-22.60421,8292,53,0.0005,0.06028662994503975,147572,147471,2735
21.34278106689453,16.88,0.04,0.017210520803928375,-0.21305938065052032,-22.60752237,8296,53,0.0005,0.0903642475605011,147640,147539,2736
21.507781982421875,16.96,0.05,0.017227912321686745,0.5277262330055237,-22.400223459999996,8300,53,0.0005,0.03867620974779129,147718,147617,2737
22.09346580505371,18.61,0.04,0.018628185614943504,-0.7935372591018677,-22.935736490000004,8304,53,0.0005,0.0643765926361084,147951,147850,2741
21.456008911132812,18.54,0.04,0.018508633598685265,0.22660914063453674,-22.975585780000003,8308,53,0.0005,0.09082076698541641,148023,147922,2742
21.363927841186523,18.52,0.05,0.01846029795706272,0.22219370305538177,-22.753836819999997,8312,53,0.0005,0.05440305173397064,148099,147998,2743
21.116371154785156,18.32,0.06,0.01847621612250805,-0.6969872117042542,-22.666521770000003,8316,53,0.0005,0.06639589369297028,148151,148050,2744
21.119491577148438,18.53,0.05,0.017855945974588394,-0.5320876836776733,-22.959319179999998,8320,53,0.0005,0.04654033109545708,148234,148133,2745
21.292415618896484,18.48,0.04,0.01815175823867321,-0.6278437376022339,-23.23219127,8324,54,0.0005,0.05131673067808151,148302,148201,2746
21.6547908782959,18.63,0.04,0.017926858738064766,0.7398063540458679,-23.177703809999997,8328,54,0.0005,1.0717148780822754,148383,148282,2747
20.919635772705078,18.8,0.05,0.017858969047665596,-0.5701549649238586,-22.931666859999996,8332,54,0.0005,0.048947468400001526,148458,148357,2748
21.548070907592773,18.8,0.05,0.017750035971403122,-0.21644893288612366,-22.988256819999997,8336,54,0.0005,0.03921664506196976,148527,148426,2749
21.21097183227539,18.72,0.05,0.017484523355960846,1.148869276046753,-23.03010199,8340,54,0.0005,0.04302022606134415,148594,148493,2750
21.36859893798828,18.72,0.06,0.01779439114034176,0.9316768050193787,-22.867673890000006,8344,54,0.0005,0.08986477553844452,148649,148548,2751
21.62274742126465,18.67,0.06,0.018434958532452583,-0.31844666600227356,-22.949466589999997,8348,54,0.0005,0.050000403076410294,148719,148618,2752
21.30739402770996,18.78,0.07,0.018290948122739792,0.2529020607471466,-22.7250018,8352,54,0.0005,0.033866919577121735,148788,148687,2753
21.117237091064453,18.83,0.06,0.01845826394855976,0.14612796902656555,-22.913823830000005,8356,54,0.0005,0.057984497398138046,148853,148752,2754
21.714008331298828,18.85,0.06,0.018978256732225418,-0.9563970565795898,-22.80372203,8360,54,0.0005,0.06148891896009445,148922,148821,2755
21.231687545776367,19.07,0.06,0.018968969583511353,0.35249316692352295,-22.708675510000003,8364,54,0.0005,0.06279344856739044,148999,148898,2756
20.985153198242188,19.37,0.06,0.01894204691052437,-0.7728583812713623,-22.505979259999993,8368,54,0.0005,0.6525094509124756,149073,148972,2757
21.649539947509766,19.47,0.06,0.018481731414794922,-0.7698118686676025,-22.50600517,8372,54,0.0005,0.11942937970161438,149152,149051,2758
20.94998550415039,19.35,0.06,0.01885981298983097,0.2972096800804138,-22.610877529999996,8376,54,0.0005,0.09204848855733871,149212,149111,2759
21.861183166503906,19.18,0.06,0.018912674859166145,0.4580868184566498,-22.683296209999998,8380,54,0.0005,0.03549416363239288,149271,149170,2760
21.601848602294922,19.05,0.07,0.018961241468787193,1.4643045663833618,-22.493078949999997,8384,54,0.0005,0.08891963958740234,149328,149227,2761
20.789644241333008,19.0,0.07,0.0190383642911911,-0.8105087280273438,-22.639540899999997,8388,54,0.0005,0.04779752343893051,149391,149290,2762
21.53903579711914,18.81,0.08,0.01927340403199196,-0.08867766708135605,-22.290747339999992,8392,54,0.0005,0.03406834974884987,149453,149352,2763
21.173538208007812,18.76,0.08,0.019151883199810982,0.7283816933631897,-22.325938770000008,8396,54,0.0005,0.05258584022521973,149516,149415,2764
21.950416564941406,18.66,0.07,0.019496913999319077,0.8857718706130981,-22.55193912,8400,54,0.0005,0.059257470071315765,149584,149483,2765
22.176088333129883,17.07,0.07,0.01950737088918686,0.3581719994544983,-22.271866480000003,8404,54,0.0005,0.12476731836795807,149658,149557,2766
21.306320190429688,17.03,0.08,0.019205648452043533,1.1641778945922852,-22.086985690000002,8408,54,0.0005,0.1598273664712906,149726,149625,2767
21.57857894897461,16.9,0.07,0.01980219967663288,0.6884149312973022,-22.3126376,8412,54,0.0005,0.047519393265247345,149789,149688,2768
21.220043182373047,17.02,0.06,0.01952005922794342,-0.14251774549484253,-22.45739031,8416,54,0.0005,0.06524313986301422,149853,149752,2769
21.52761459350586,16.76,0.07,0.019776027649641037,-0.3774093985557556,-22.250525630000006,8420,54,0.0005,0.07734186202287674,149910,149809,2770
21.459211349487305,16.73,0.07,0.019353682175278664,0.2843497395515442,-22.21448345,8424,54,0.0005,0.08570873737335205,149975,149874,2770
21.93058967590332,16.46,0.07,0.01981210708618164,-0.4139374792575836,-22.356624849999992,8428,53,0.0005,0.09544182568788528,150029,149928,2816
21.601795196533203,16.24,0.06,0.019364725798368454,-0.5080567002296448,-22.63981867,8432,53,0.0005,0.1261296570301056,150082,149981,2817
21.467002868652344,16.26,0.06,0.01942148245871067,-0.8106873631477356,-22.682328499999993,8436,53,0.0005,0.049432702362537384,150153,150052,2818
21.8341064453125,16.42,0.06,0.01890825666487217,-0.8303731679916382,-22.680076189999994,8440,53,0.0005,0.059114616364240646,150236,150135,2819
21.133792877197266,16.41,0.05,0.018705500289797783,-0.7940345406532288,-22.87875731,8444,53,0.0005,0.09292320162057877,150290,150189,2820
21.426055908203125,16.44,0.06,0.018605701625347137,0.11164411902427673,-22.610640119999992,8448,53,0.0005,0.04102226719260216,150363,150262,2821
21.26447296142578,16.4,0.05,0.018451450392603874,0.8227614760398865,-22.788070129999998,8452,53,0.0005,0.8308042287826538,150428,150327,2822
21.577014923095703,16.49,0.05,0.018726911395788193,0.42849200963974,-22.81550015,8456,53,0.0005,0.08341715484857559,150502,150401,2823
21.022281646728516,16.44,0.07,0.018758641555905342,-0.15822391211986542,-22.531455459999993,8460,53,0.0005,0.06226886436343193,150566,150465,2824
21.127819061279297,16.35,0.07,0.018832698464393616,-0.5570464730262756,-22.57848479,8464,53,0.0005,0.06299209594726562,150634,150533,2825
21.011096954345703,16.29,0.07,0.01838824525475502,0.3490220606327057,-22.72082788,8468,53,0.0005,0.0715128630399704,150702,150601,2826
21.580726623535156,16.18,0.08,0.018638942390680313,-0.39595574140548706,-22.4487079,8472,53,0.0005,0.7180126905441284,150770,150669,2827
21.59530258178711,16.17,0.08,0.01879267767071724,0.040755745023489,-22.402232980000004,8476,53,0.0005,0.09552651643753052,150829,150728,2828
21.33853530883789,16.14,0.08,0.018612315878272057,0.1620662957429886,-22.396177079999998,8480,53,0.0005,0.09974101185798645,150885,150784,2829
21.46971893310547,16.3,0.07,0.018605323508381844,1.6558029651641846,-22.55402526,8484,53,0.0005,0.04822254180908203,150958,150857,2830
21.627634048461914,16.14,0.07,0.01900634355843067,0.7031155824661255,-22.56540984,8488,53,0.0005,0.05702671781182289,151005,150904,2831
21.063610076904297,16.3,0.06,0.019427970051765442,-0.7344359159469604,-22.69257999,8492,53,0.0005,0.05510678142309189,151083,150982,2832
21.081172943115234,16.29,0.07,0.019402364268898964,0.9939286112785339,-22.43630465,8496,53,0.0005,0.07151168584823608,151145,151044,2833
21.107898712158203,16.29,0.09,0.01987570710480213,-0.09081539511680603,-22.045663919999996,8500,53,0.0005,0.034278079867362976,151213,151112,2834
21.49846649169922,16.15,0.09,0.0196591317653656,1.2252697944641113,-22.08712427,8504,53,0.0005,0.09219948202371597,151273,151172,2835
21.19841766357422,16.21,0.08,0.020051511004567146,-0.19477257132530212,-22.200164020000003,8508,53,0.0005,0.6387813091278076,151347,151246,2836
21.325424194335938,16.27,0.08,0.0201247688382864,-0.45419833064079285,-22.225229999999996,8512,53,0.0005,0.11620087921619415,151416,151315,2837
21.779916763305664,16.38,0.08,0.020419204607605934,0.07090361416339874,-22.197781879999997,8516,53,0.0005,0.05999693274497986,151491,151390,2838
21.520736694335938,16.49,0.07,0.01964368112385273,-1.0876259803771973,-22.245600800000002,8520,53,0.0005,0.04131893813610077,151559,151458,2839
21.934778213500977,16.44,0.07,0.019586868584156036,-0.987531304359436,-22.321842160000006,8524,53,0.0005,0.23329104483127594,151619,151518,2840
21.101816177368164,16.6,0.09,0.018977351486682892,0.10357561707496643,-21.83690182,8528,53,0.0005,0.09235736727714539,151689,151588,2841
21.200393676757812,16.59,0.09,0.01904251240193844,-0.61515873670578,-21.90016068,8532,53,0.0005,0.054423365741968155,151741,151640,2842
21.41045379638672,16.46,0.11,0.018563801422715187,0.2726552486419678,-21.567650829999998,8536,53,0.0005,0.0772547572851181,151799,151698,2843
20.898588180541992,16.33,0.11,0.01829354651272297,-0.6949843168258667,-21.570817420000004,8540,53,0.0005,0.112839475274086,151869,151768,2844
21.032306671142578,16.4,0.11,0.0181357953697443,0.3643850088119507,-21.50871627,8544,53,0.0005,0.11480161547660828,151930,151829,2844
21.074352264404297,16.42,0.1,0.01813364215195179,0.29728198051452637,-21.694536560000003,8548,53,0.0005,0.8750520348548889,152005,151904,2846
21.342884063720703,16.53,0.11,0.018556473776698112,-0.9685406684875488,-21.46399119,8552,53,0.0005,0.0517655685544014,152081,151980,2847
21.040369033813477,16.41,0.11,0.018402734771370888,0.7243859171867371,-21.495984479999997,8556,53,0.0005,0.3401891589164734,152143,152042,2848
21.4212646484375,16.36,0.09,0.018487902358174324,-1.1166002750396729,-21.930070299999997,8560,53,0.0005,0.08794976770877838,152202,152101,2848
20.94345474243164,16.41,0.09,0.018980419263243675,-0.5128107070922852,-21.95131706,8564,53,0.0005,0.246343731880188,152275,152174,2850
22.010147094726562,16.36,0.1,0.01850583776831627,-0.739793062210083,-21.741472839999997,8568,53,0.0005,0.21961063146591187,152338,152237,2850
20.099777221679688,16.24,0.09,0.01823950931429863,1.375600814819336,-22.071793700000004,8572,53,0.0005,0.10185045003890991,152394,152293,2851
21.45138168334961,16.44,0.1,0.01866600289940834,-0.5622120499610901,-21.89464444,8576,53,0.0005,0.1940915882587433,152473,152372,2852
21.262935638427734,16.57,0.11,0.018835581839084625,2.2003095149993896,-21.722908490000005,8580,53,0.0005,0.19797638058662415,152542,152441,2853
21.95458984375,16.38,0.11,0.019355250522494316,-0.996747612953186,-21.83788269,8584,53,0.0005,0.0816054716706276,152596,152495,2854
20.497371673583984,16.45,0.11,0.01885111629962921,0.17788439989089966,-21.8488636,8588,53,0.0005,0.07416191697120667,152650,152549,2855
21.20620346069336,16.36,0.11,0.019695773720741272,0.7269868850708008,-21.942691830000005,8592,53,0.0005,0.05435368791222572,152719,152618,2856
21.318119049072266,16.46,0.11,0.0199704822152853,-0.3334847092628479,-21.902453719999997,8596,53,0.0005,0.09191058576107025,152791,152690,2857
21.204965591430664,16.41,0.09,0.020159471780061722,0.9611002206802368,-22.17623638,8600,53,0.0005,0.13553400337696075,152854,152753,2858
21.328214645385742,16.46,0.09,0.020447706803679466,-0.8490490913391113,-22.137272949999993,8604,53,0.0005,0.08849374204874039,152919,152818,2859
21.86578369140625,16.31,0.09,0.02014222741127014,0.23898755013942719,-22.21259929,8608,53,0.0005,1.1807284355163574,152978,152877,2860
20.864089965820312,16.32,0.09,0.01991386152803898,-0.31240710616111755,-22.23682472,8612,53,0.0005,0.08361311256885529,153048,152947,2861
20.988229751586914,16.21,0.09,0.020299101248383522,-0.3727421164512634,-22.27813761000001,8616,53,0.0005,0.781710147857666,153112,153011,2862
20.868606567382812,16.26,0.09,0.020512761548161507,1.485588788986206,-22.4108617,8620,53,0.0005,0.11395280808210373,153185,153084,2863
21.442787170410156,16.25,0.1,0.021224265918135643,-0.25674277544021606,-22.13563931,8624,53,0.0005,0.17107899487018585,153244,153143,2864
21.51548194885254,16.19,0.09,0.02069978229701519,-0.8820326328277588,-22.3382524,8628,53,0.0005,0.0844421237707138,153308,153207,2865
21.404579162597656,16.34,0.1,0.020282695069909096,0.002171248197555542,-22.03907734,8632,53,0.0005,0.08764198422431946,153375,153274,2866
21.29503059387207,16.44,0.08,0.020344499498605728,-0.12304037809371948,-22.34258266999999,8636,53,0.0005,0.050166063010692596,153443,153342,2867
21.01581382751465,16.5,0.08,0.019926581531763077,-0.05478543043136597,-22.354278329999996,8640,53,0.0005,0.11441352963447571,153519,153418,2868
21.224273681640625,16.46,0.08,0.0199945829808712,-0.3495352268218994,-22.417394100000003,8644,53,0.0005,0.05241193622350693,153576,153475,2869
21.628215789794922,16.46,0.09,0.01984204351902008,-0.25553664565086365,-22.25663433,8648,53,0.0005,0.06481491029262543,153651,153550,2870
21.37630844116211,16.14,0.08,0.01975809969007969,-0.4494491219520569,-22.645248459999998,8652,53,0.0005,0.04440945386886597,153695,153594,2871
20.751548767089844,16.26,0.09,0.01985166408121586,0.5321133136749268,-22.370078350000004,8656,53,0.0005,0.058776162564754486,153769,153668,2872
21.320316314697266,16.27,0.1,0.019620539620518684,-0.24812555313110352,-22.165600999999995,8660,53,0.0005,0.04011504352092743,153829,153728,2872
21.53943634033203,16.17,0.1,0.019721565768122673,-0.20702619850635529,-22.18686642,8664,53,0.0005,0.043215312063694,153892,153791,2873
21.41303253173828,16.25,0.09,0.019938215613365173,0.3036037087440491,-22.29349655,8668,53,0.0005,0.08084450662136078,153963,153862,2874
21.231172561645508,16.28,0.1,0.019874798133969307,-1.1658570766448975,-22.08876854,8672,53,0.0005,0.08517464995384216,154022,153921,2875
21.132305145263672,16.14,0.11,0.01990303210914135,1.253497838973999,-21.806888080000004,8676,53,0.0005,0.04086771607398987,154087,153986,2876
21.151716232299805,16.17,0.1,0.020382393151521683,0.1310790777206421,-21.887172569999997,8680,53,0.0005,0.037461258471012115,154159,154058,2877
21.08559226989746,16.35,0.11,0.020247507840394974,0.9521873593330383,-21.583251739999994,8684,53,0.0005,0.1290704905986786,154231,154130,2878
21.155555725097656,16.51,0.11,0.020495280623435974,-0.5378369092941284,-21.43892724,8688,53,0.0005,0.06548777222633362,154301,154200,2879
21.030094146728516,16.64,0.12,0.020335551351308823,-0.3391192555427551,-21.22932309,8692,53,0.0005,0.05722082033753395,154383,154282,2881
21.65312957763672,16.61,0.11,0.020159874111413956,-0.383417010307312,-21.435616160000006,8696,53,0.0005,0.09309805929660797,154452,154351,2882
20.747819900512695,16.74,0.11,0.02045152708888054,0.0638079047203064,-21.477471370000004,8700,53,0.0005,0.1019073948264122,154528,154427,2883
21.391742706298828,16.74,0.11,0.0203410554677248,0.29306644201278687,-21.3716735,8704,53,0.0005,0.15323612093925476,154593,154492,2884
21.217891693115234,16.82,0.11,0.020653851330280304,0.6965242624282837,-21.387920379999997,8708,53,0.0005,0.07954169809818268,154660,154559,2885
21.25619888305664,16.63,0.11,0.021228400990366936,0.716882586479187,-21.446849399999998,8712,53,0.0005,0.06796786189079285,154711,154610,2885
21.270431518554688,16.68,0.11,0.02144218422472477,-0.17654341459274292,-21.42736394,8716,53,0.0005,0.03782033175230026,154780,154679,2886
20.9090576171875,16.65,0.12,0.021131709218025208,0.9694535136222839,-21.20118258,8720,53,0.0005,0.08744650334119797,154850,154749,2888
20.974924087524414,16.66,0.11,0.021067891269922256,-1.0663567781448364,-21.365553670000004,8724,53,0.0005,0.09927462786436081,154910,154809,2888
20.90411376953125,16.72,0.11,0.020792696624994278,-0.6547222137451172,-21.34193065,8728,53,0.0005,0.048369742929935455,154980,154879,2889
21.18427848815918,16.76,0.11,0.020717496052384377,0.4872525930404663,-21.351607499999997,8732,53,0.0005,0.07122081518173218,155051,154950,2891
20.87556266784668,16.56,0.11,0.020909473299980164,-0.9281253814697266,-21.48770704,8736,53,0.0005,0.1005353182554245,155099,154998,2891
20.769672393798828,16.48,0.12,0.02093963511288166,0.27075767517089844,-21.299494669999994,8740,53,0.0005,0.04833464324474335,155167,155066,2892
21.776914596557617,16.55,0.12,0.021155724301934242,-0.9496017694473267,-21.24849128,8744,53,0.0005,0.07660830765962601,155231,155130,2893
20.821636199951172,16.37,0.11,0.020732250064611435,0.5881187915802002,-21.5718216,8748,53,0.0005,0.07425523549318314,155288,155187,2894
20.99530792236328,16.52,0.12,0.02081231214106083,-0.13418006896972656,-21.278519990000003,8752,53,0.0005,0.9589738845825195,155347,155246,2895
21.17477035522461,16.41,0.11,0.021284162998199463,0.06986995041370392,-21.542641599999996,8756,53,0.0005,0.4842197895050049,155410,155309,2896
21.084962844848633,16.51,0.1,0.02132709138095379,-1.5366017818450928,-21.653023550000004,8760,53,0.0005,0.4329208433628082,155480,155379,2897
21.097261428833008,16.43,0.1,0.02036109007894993,-0.11585624516010284,-21.717928319999995,8764,53,0.0005,0.23098254203796387,155535,155434,2897
21.392009735107422,16.46,0.1,0.020201310515403748,-1.0050773620605469,-21.86362829,8768,53,0.0005,0.7087870240211487,155609,155508,2898
21.083179473876953,16.54,0.09,0.01997104287147522,0.34546273946762085,-21.99004411,8772,53,0.0005,0.11544039845466614,155676,155575,2899
21.347824096679688,16.51,0.07,0.019934626296162605,0.2302730679512024,-22.45813322,8776,53,0.0005,0.09803737699985504,155738,155637,2900
20.903057098388672,16.43,0.07,0.020283227786421776,1.4578831195831299,-22.504309800000005,8780,53,0.0005,0.5131037831306458,155802,155701,2900
20.954275131225586,16.46,0.06,0.02109750732779503,1.1911088228225708,-22.70405501,8784,53,0.0005,0.20660212635993958,155877,155776,2901
20.66936492919922,16.34,0.06,0.02131214179098606,0.8957555294036865,-22.826538490000004,8788,53,0.0005,0.0930517241358757,155935,155834,2902
21.347919464111328,16.1,0.05,0.02171609178185463,-0.32530272006988525,-23.055937009999997,8792,53,0.0005,0.13691140711307526,155993,155892,2903
21.508739471435547,16.1,0.06,0.020941801369190216,-0.7332204580307007,-22.90215337999999,8796,53,0.0005,0.05183125287294388,156062,155961,2904
21.027366638183594,16.02,0.07,0.0212918221950531,0.4649004340171814,-22.7897659,8800,53,0.0005,0.42208996415138245,156130,156029,2904
21.344951629638672,16.03,0.09,0.021569665521383286,-0.9928501844406128,-22.524500149999998,8804,53,0.0005,0.11544640362262726,156196,156095,2905
21.606992721557617,16.02,0.09,0.02103949710726738,-0.24823954701423645,-22.537235959999997,8808,53,0.0005,0.1711944043636322,156262,156161,2906
21.21037483215332,16.21,0.09,0.021321214735507965,-0.08862996101379395,-22.45585916,8812,53,0.0005,0.4719197750091553,156332,156231,2907
21.111949920654297,16.1,0.09,0.021325930953025818,0.3586546778678894,-22.446581130000006,8816,53,0.0005,0.06857508420944214,156390,156289,2908
20.993635177612305,16.17,0.08,0.02154020592570305,0.23976117372512817,-22.75260446,8820,53,0.0005,0.13819746673107147,156467,156366,2908
22.19118881225586,16.27,0.09,0.02198910340666771,-0.814300537109375,-22.59995849,8824,53,0.0005,0.11906502395868301,156537,156436,2909
21.05182456970215,16.25,0.08,0.020876143127679825,-1.1025556325912476,-22.777543889999997,8828,53,0.0005,0.1360267996788025,156605,156504,2910
20.815814971923828,16.22,0.07,0.020792156457901,1.0145565271377563,-22.970591449999997,8832,53,0.0005,0.16825440526008606,156673,156572,2911
20.72572898864746,16.32,0.07,0.021414341405034065,-0.5184866786003113,-22.779922820000003,8836,53,0.0005,0.09711986780166626,156731,156630,2912
21.423322677612305,16.25,0.08,0.021043900400400162,-0.392168790102005,-22.60804379,8840,53,0.0005,0.12524384260177612,156792,156691,2912
20.989906311035156,16.17,0.08,0.02117925137281418,-0.38102275133132935,-22.685885990000003,8844,53,0.0005,0.10173991322517395,156848,156747,2913
21.050025939941406,16.17,0.08,0.020986171439290047,-0.3814074993133545,-22.67934622,8848,53,0.0005,0.06764397770166397,156905,156804,2914
21.322824478149414,16.05,0.07,0.020833387970924377,-0.14730560779571533,-22.94419092,8852,53,0.0005,0.07834375649690628,156952,156851,2914
21.217140197753906,15.86,0.07,0.02075308933854103,0.3248661458492279,-23.05611831,8856,53,0.0005,0.1703575998544693,156996,156895,2915
20.447233200073242,15.84,0.08,0.02083549275994301,1.2970423698425293,-22.878458250000005,8860,53,0.0005,0.14961470663547516,157064,156963,2916
21.286996841430664,15.99,0.08,0.021219074726104736,-0.9569825530052185,-22.772785869999996,8864,53,0.0005,0.1847275048494339,157134,157033,2916
21.274078369140625,15.97,0.08,0.020648077130317688,-1.244359016418457,-22.693291289999998,8868,53,0.0005,0.08070549368858337,157206,157105,2917
21.446754455566406,15.86,0.08,0.020924074575304985,1.5368201732635498,-22.801753469999994,8872,53,0.0005,0.12240636348724365,157262,157161,2918
20.636924743652344,15.94,0.08,0.021091829985380173,-0.8222900032997131,-22.74479003,8876,53,0.0005,0.2024795413017273,157332,157231,2919
20.573055267333984,15.98,0.08,0.02112722210586071,0.9000319242477417,-22.763530939999995,8880,53,0.0005,0.3258979320526123,157400,157299,2920
21.39133071899414,15.97,0.08,0.02120489813387394,0.5449670553207397,-22.766051060000006,8884,53,0.0005,0.6878640651702881,157474,157373,2921
21.42901611328125,16.06,0.08,0.02133493311703205,0.7731024026870728,-22.75259777000001,8888,53,0.0005,0.1293862760066986,157541,157440,2921
20.613487243652344,16.06,0.08,0.021446852013468742,0.06433437764644623,-22.78028077,8892,53,0.0005,0.49492689967155457,157599,157498,2922
21.100751876831055,15.97,0.07,0.02244134061038494,-0.7918552756309509,-22.942688120000003,8896,53,0.0005,0.0569242462515831,157659,157558,2923
20.760068893432617,16.01,0.06,0.02222290076315403,-0.5412077903747559,-23.22674689,8900,53,0.0005,0.05825360119342804,157731,157630,2924
21.533946990966797,16.12,0.04,0.022115280851721764,0.5146845579147339,-23.68984923,8904,53,0.0005,0.21295776963233948,157808,157707,2925
21.333683013916016,16.05,0.04,0.022496046498417854,-0.5839357376098633,-23.612550419999998,8908,53,0.0005,0.33662667870521545,157867,157766,2925
21.094078063964844,15.98,0.05,0.02213256061077118,0.0041197240352630615,-23.40259018,8912,53,0.0005,0.3267478346824646,157930,157829,2926
21.193931579589844,16.07,0.05,0.02227756194770336,-0.15207958221435547,-23.455322659999997,8916,53,0.0005,1.671311378479004,157997,157896,2927
21.191883087158203,16.08,0.06,0.021884625777602196,0.10460284352302551,-23.118505480000003,8920,53,0.0005,0.12316680699586868,158075,157974,2928
21.052448272705078,16.13,0.06,0.021803509443998337,-0.9089744091033936,-23.098127520000002,8924,53,0.0005,0.12813657522201538,158150,158049,2929
20.59100341796875,16.28,0.07,0.02063225395977497,-1.7219489812850952,-22.928894240000005,8928,54,0.0005,0.057560995221138,158233,158132,2930
21.360557556152344,16.2,0.07,0.020059941336512566,0.12230141460895538,-22.87506729,8932,54,0.0005,0.12925884127616882,158293,158192,2930
20.17928695678711,16.31,0.08,0.019853848963975906,-0.4687456488609314,-22.67008312,8936,54,0.0005,0.07414767146110535,158362,158261,2931
21.14375114440918,16.34,0.06,0.020245730876922607,-0.05307263135910034,-23.172634430000002,8940,54,0.0005,0.05982474982738495,158426,158325,2932
21.392135620117188,16.44,0.06,0.020230194553732872,0.6950784921646118,-23.163397070000002,8944,54,0.0005,0.09057101607322693,158492,158391,2933
20.410205841064453,16.53,0.07,0.020364245399832726,0.564839243888855,-22.88556713,8948,54,0.0005,0.12542179226875305,158558,158457,2934
21.35792350769043,16.63,0.08,0.021243853494524956,2.037585973739624,-22.62702135,8952,54,0.0005,0.12747865915298462,158615,158514,2934
20.151683807373047,16.86,0.09,0.02160324901342392,-0.3835222125053406,-22.308145460000006,8956,54,0.0005,0.06621386110782623,158682,158581,2935
20.92856788635254,16.8,0.08,0.021623872220516205,1.8366502523422241,-22.496988929999997,8960,54,0.0005,0.10206387937068939,158744,158643,2936
20.11676788330078,16.66,0.1,0.021730538457632065,-1.2694220542907715,-22.186844689999994,8964,54,0.0005,0.057565368711948395,158800,158699,2936
20.728755950927734,16.61,0.1,0.021812953054904938,1.2279672622680664,-22.355297789999998,8968,54,0.0005,1.003374457359314,158867,158766,2937
21.236644744873047,16.62,0.1,0.0221711378544569,-0.6401161551475525,-22.303840039999997,8972,54,0.0005,0.10151900351047516,158924,158823,2938
21.599882125854492,16.57,0.1,0.02155265212059021,-1.0603997707366943,-22.39293738,8976,54,0.0005,0.07681921869516373,158989,158888,2939
20.782154083251953,16.46,0.1,0.020988881587982178,-1.2851054668426514,-22.44852999,8980,54,0.0005,0.09592393040657043,159046,158945,2939
20.53441619873047,16.36,0.1,0.020306767895817757,-0.47056686878204346,-22.506351150000004,8984,54,0.0005,0.27437248826026917,159110,159009,2940
21.012493133544922,16.33,0.1,0.02034721150994301,-0.7920382022857666,-22.443431929999996,8988,54,0.0005,0.11547015607357025,159174,159073,2941
20.52566909790039,16.55,0.11,0.01999019645154476,0.2945007383823395,-22.128598269999998,8992,54,0.0005,0.24486348032951355,159254,159153,2942
21.147069931030273,16.66,0.11,0.020364759489893913,0.11908730864524841,-22.15093753,8996,54,0.0005,0.05315844714641571,159325,159224,2943
20.38437271118164,16.65,0.11,0.020591480657458305,0.24378331005573273,-22.01399006,9000,54,0.0005,0.20935457944869995,159396,159295,2944
20.40247917175293,16.68,0.11,0.020942281931638718,0.5519846081733704,-21.88186149000001,9004,54,0.0005,0.10005033016204834,159476,159375,2945
20.24690818786621,16.74,0.11,0.021393587812781334,0.8199242949485779,-21.94639696,9008,54,0.0005,0.12878157198429108,159541,159440,2945
20.895835876464844,16.7,0.11,0.02188962884247303,-0.17678502202033997,-21.98059006,9012,54,0.0005,0.050393808633089066,159600,159499,2946
21.117000579833984,16.66,0.11,0.022072529420256615,0.7477647662162781,-21.94639776,9016,54,0.0005,0.0660373643040657,159663,159562,2947
20.209983825683594,16.66,0.1,0.0218853447586298,1.5988128185272217,-22.068371740000003,9020,54,0.0005,0.20829156041145325,159741,159640,2948
20.975570678710938,16.5,0.09,0.02302582561969757,-0.9898531436920166,-22.286191110000008,9024,54,0.0005,0.09161554276943207,159800,159699,2948
20.307937622070312,16.25,0.08,0.022729797288775444,-0.034243568778038025,-22.530206330000006,9028,54,0.0005,0.1466861069202423,159858,159757,2949
20.43010711669922,16.33,0.08,0.02252260223031044,0.8954585790634155,-22.537480589999994,9032,54,0.0005,0.4376176595687866,159926,159825,2950
20.405193328857422,16.31,0.07,0.022947415709495544,0.585708498954773,-22.77796873,9036,54,0.0005,0.10762146860361099,159993,159892,2951
21.22471046447754,16.31,0.08,0.02308483235538006,0.4716850519180298,-22.445364459999997,9040,53,0.0005,0.08995264023542404,160057,159956,2997
20.36874008178711,16.39,0.09,0.022870659828186035,-0.7896450161933899,-22.212957839999998,9044,53,0.0005,0.2457781434059143,160131,160030,2998
20.167448043823242,16.5,0.09,0.022780392318964005,0.030302677303552628,-22.16465731,9048,53,0.0005,0.07179997861385345,160208,160107,2999
20.901241302490234,16.81,0.09,0.022843601182103157,0.3673035800457001,-22.093707159999994,9052,53,0.0005,0.12174183875322342,160296,160195,3000
20.228153228759766,16.65,0.08,0.022843200713396072,0.8057655096054077,-22.36649665,9056,53,0.0005,0.09558379650115967,160347,160246,3001
20.48831558227539,16.66,0.08,0.02348138391971588,1.9013099670410156,-22.35622171,9060,53,0.0005,0.1157103180885315,160410,160309,3001
20.532527923583984,16.81,0.07,0.023804867640137672,0.42523080110549927,-22.4097817,9064,53,0.0005,0.05476336181163788,160481,160380,3002
20.84487533569336,16.78,0.07,0.02410740591585636,-0.9612506628036499,-22.190255660000002,9068,53,0.0005,0.1011311486363411,160545,160444,3003
20.29462242126465,16.9,0.07,0.02342270314693451,-0.7678943872451782,-22.150072820000002,9072,53,0.0005,0.09895617514848709,160614,160513,3004
20.929332733154297,16.98,0.08,0.02375458925962448,-1.055151104927063,-21.862484859999995,9076,53,0.0005,0.12667126953601837,160687,160586,3005
20.835145950317383,17.18,0.09,0.023555831983685493,-0.12982673943042755,-21.58023703,9080,53,0.0005,0.07833842188119888,160764,160663,3006
20.453575134277344,17.22,0.09,0.02311035618185997,-1.5951281785964966,-21.58609422,9084,53,0.0005,0.1779567301273346,160832,160731,3006
19.881427764892578,17.26,0.1,0.022714221850037575,-0.7940284013748169,-21.416218139999998,9088,53,0.0005,0.24092626571655273,160900,160799,3007
20.49608039855957,17.03,0.09,0.022702760994434357,2.350060224533081,-21.722525969999996,9092,53,0.0005,0.2042374610900879,160957,160856,3008
21.97415542602539,17.08,0.09,0.02316112630069256,-0.10671551525592804,-21.65952893,9096,53,0.0005,0.06864634156227112,161033,160932,3009
20.852773666381836,17.01,0.09,0.022535385563969612,-0.0972265899181366,-21.661213040000003,9100,53,0.0005,0.0976514145731926,161097,160996,3010
20.99011993408203,16.93,0.09,0.022339848801493645,0.023169994354248047,-21.61391374999999,9104,53,0.0005,0.3570097088813782,161169,161068,3010
20.448976516723633,16.85,0.09,0.02267550677061081,0.7680812478065491,-21.59944922,9108,53,0.0005,0.06608561426401138,161226,161125,3011
21.627941131591797,16.99,0.08,0.022840384393930435,-0.022480688989162445,-21.909100450000004,9112,53,0.0005,0.17095975577831268,161299,161198,3012
20.377567291259766,16.9,0.08,0.02262035384774208,-0.536019504070282,-22.000773669999997,9116,53,0.0005,0.1170869991183281,161353,161252,3013
20.855379104614258,16.74,0.09,0.022796131670475006,0.8794170618057251,-22.072464649999993,9120,53,0.0005,0.0870542898774147,161415,161314,3013
22.055116653442383,16.94,0.09,0.02343003638088703,-0.11520479619503021,-22.00202026,9124,53,0.0005,1.3713067770004272,161494,161393,3014
20.8074951171875,17.01,0.09,0.02278258092701435,-1.4340434074401855,-21.96453708,9128,53,0.0005,0.44057798385620117,161559,161458,3015
20.396440505981445,17.08,0.11,0.02247450314462185,0.8374245166778564,-21.60368335,9132,53,0.0005,0.05898354947566986,161634,161533,3016
20.721588134765625,17.0,0.12,0.02273676171898842,-0.0014306753873825073,-21.46239426,9136,53,0.0005,0.06281182914972305,161693,161592,3017
20.995990753173828,16.82,0.11,0.022827116772532463,1.0073362588882446,-21.7143152,9140,53,0.0005,0.16507300734519958,161739,161638,3017
21.40542984008789,16.72,0.11,0.022887781262397766,-1.2539892196655273,-21.779837160000003,9144,53,0.0005,0.14710955321788788,161803,161702,3018
19.947227478027344,16.78,0.1,0.02183251455426216,0.06255492568016052,-22.0050927,9148,53,0.0005,0.16998739540576935,161886,161785,3019
21.488954544067383,16.53,0.09,0.022619200870394707,0.4615778625011444,-22.270657089999997,9152,53,0.0005,0.07635150849819183,161949,161848,3020
21.056556701660156,16.54,0.09,0.022562222555279732,-1.0039581060409546,-22.286477760000004,9156,53,0.0005,0.1193479672074318,162001,161900,3020
20.863405227661133,16.5,0.09,0.022134317085146904,0.2715507745742798,-22.281469729999998,9160,53,0.0005,0.13003772497177124,162060,161959,3021
20.040132522583008,16.49,0.1,0.022419866174459457,-0.41001495718955994,-22.17352298,9164,53,0.0005,0.45614248514175415,162130,162029,3022
20.49164390563965,16.62,0.11,0.02210506983101368,-0.8055000305175781,-22.013472930000006,9168,53,0.0005,0.060999784618616104,162207,162106,3023
20.45618438720703,16.6,0.12,0.021959826350212097,0.834635853767395,-21.882147950000004,9172,53,0.0005,0.12199438363313675,162274,162173,3024
20.204753875732422,16.42,0.13,0.022311052307486534,0.2748578190803528,-21.78120907,9176,53,0.0005,0.1251947432756424,162329,162228,3024
20.5628719329834,16.33,0.13,0.023108720779418945,1.0706956386566162,-21.761247260000005,9180,53,0.0005,0.14307981729507446,162397,162296,3025
20.542688369750977,16.18,0.13,0.023547690361738205,-0.503896176815033,-21.84617856,9184,53,0.0005,0.10467846691608429,162450,162349,3026
20.442155838012695,16.22,0.12,0.02341110073029995,-0.07943549007177353,-22.020155950000003,9188,53,0.0005,0.06267261505126953,162522,162421,3027
20.339359283447266,16.37,0.12,0.02297274023294449,-0.9921742677688599,-21.974183879999995,9192,53,0.0005,0.14454111456871033,162594,162493,3028
20.462493896484375,16.26,0.12,0.022251131013035774,-1.4521253108978271,-22.03469503,9196,53,0.0005,0.0591924749314785,162659,162558,3028
20.980104446411133,16.32,0.14,0.02248491533100605,0.7701641321182251,-21.62671987,9200,53,0.0005,0.12075188010931015,162729,162628,3029
19.65984344482422,16.26,0.14,0.02210322581231594,-1.1607332229614258,-21.817884879999998,9204,53,0.0005,0.30040624737739563,162795,162694,3030
20.830108642578125,16.26,0.14,0.022051148116588593,0.8176280856132507,-21.841367129999995,9208,53,0.0005,0.10365764796733856,162852,162751,3031
21.07310676574707,16.27,0.14,0.022412044927477837,0.45951786637306213,-21.728386709999995,9212,53,0.0005,0.08121862262487411,162926,162825,3031
19.935924530029297,16.49,0.14,0.022466711699962616,-0.10314112901687622,-21.672663879999995,9216,53,0.0005,0.1369708776473999,163002,162901,3032
20.54242706298828,16.41,0.14,0.022832084447145462,1.4205548763275146,-21.573445890000002,9220,53,0.0005,0.0943315252661705,163056,162955,3033
20.528282165527344,16.38,0.16,0.02366158552467823,0.04682207107543945,-21.2636109,9224,53,0.0005,0.2380100041627884,163132,163031,3034
22.633068084716797,16.54,0.17,0.023535611107945442,-0.7250125408172607,-21.04898561,9228,53,0.0005,0.1288456916809082,163213,163112,3035
21.065406799316406,16.66,0.15,0.022091371938586235,-0.5345068573951721,-21.45192216,9232,53,0.0005,0.13820436596870422,163300,163199,3036
19.978229522705078,16.78,0.15,0.022136688232421875,-0.5111991167068481,-21.469313299999996,9236,53,0.0005,0.09673619270324707,163371,163270,3037
21.090848922729492,17.04,0.16,0.02250661514699459,0.5061815977096558,-21.28066756,9240,53,0.0005,0.18746128678321838,163443,163342,3038
20.202472686767578,17.08,0.15,0.022031940519809723,0.1814558207988739,-21.38244506,9244,53,0.0005,0.07939739525318146,163511,163410,3038
20.2172794342041,16.93,0.16,0.022570442408323288,-0.34123510122299194,-21.198919979999996,9248,53,0.0005,0.1635551154613495,163579,163478,3039
20.322284698486328,16.98,0.17,0.023032495751976967,0.23866987228393555,-20.95229707,9252,53,0.0005,0.04038567841053009,163647,163546,3040
20.51959800720215,17.26,0.18,0.023451413959264755,-0.023860663175582886,-20.647871730000002,9256,53,0.0005,0.06474809348583221,163727,163626,3041
19.57600975036621,17.45,0.18,0.023565830662846565,-0.051315389573574066,-20.590374309999998,9260,53,0.0005,0.12726294994354248,163805,163704,3042
20.111125946044922,17.46,0.17,0.02362138405442238,-0.004737492650747299,-20.695518019999998,9264,53,0.0005,0.23679864406585693,163876,163775,3043
20.533267974853516,17.41,0.17,0.02397334761917591,-0.6697219610214233,-20.642317129999995,9268,53,0.0005,0.09480983763933182,163948,163847,3044
20.528533935546875,17.46,0.16,0.02318638004362583,-0.496673583984375,-20.866839440000003,9272,53,0.0005,0.09318699687719345,164020,163919,3045
19.096939086914062,17.6,0.14,0.022749943658709526,-1.292717456817627,-21.18959973,9276,53,0.0005,0.9724003672599792,164089,163988,3045
21.050569534301758,17.69,0.13,0.022712208330631256,0.2240244597196579,-21.49082045,9280,53,0.0005,0.15905886888504028,164166,164065,3046
20.11831283569336,17.93,0.14,0.02307080291211605,0.7762354016304016,-21.1799196,9284,53,0.0005,0.13037985563278198,164243,164142,3047
20.82880401611328,17.89,0.15,0.023537233471870422,-0.6541476845741272,-20.989797580000005,9288,53,0.0005,0.10856740176677704,164311,164210,3048
20.614322662353516,17.8,0.15,0.02330426312983036,0.2865503430366516,-20.96051233,9292,53,0.0005,0.05892227217555046,164374,164273,3049
20.166799545288086,17.8,0.16,0.02353236824274063,-0.05671340227127075,-20.76396254000001,9296,53,0.0005,0.201186403632164,164439,164338,3050
19.53241539001465,17.88,0.15,0.022978568449616432,-0.7801186442375183,-20.97561107,9300,53,0.0005,0.37813305854797363,164517,164416,3051
20.726364135742188,17.88,0.15,0.022940048947930336,0.8544676303863525,-20.83457261,9304,53,0.0005,0.046622760593891144,164583,164482,3051
20.152137756347656,17.98,0.15,0.023504221811890602,-0.0750502198934555,-20.777738440000004,9308,53,0.0005,0.5153943300247192,164650,164549,3052
20.04338264465332,17.96,0.15,0.023281347006559372,0.007385965436697006,-20.68655746,9312,53,0.0005,0.5024917125701904,164722,164621,3053
21.012794494628906,17.74,0.15,0.02378072962164879,0.046316370368003845,-20.67466489,9316,53,0.0005,0.09881967306137085,164776,164675,3054
20.593542098999023,17.93,0.14,0.02383975312113762,-0.6031329035758972,-20.79719866,9320,53,0.0005,0.49910035729408264,164849,164748,3054
20.64276695251465,17.89,0.12,0.02307390421628952,-0.5005314946174622,-21.197285070000003,9324,53,0.0005,0.31905102729797363,164921,164820,3055
19.746807098388672,17.72,0.11,0.02250785566866398,0.32151204347610474,-21.39982731,9328,53,0.0005,0.5416889190673828,164985,164884,3056
21.87839698791504,17.52,0.11,0.023706616833806038,0.16482417285442352,-21.400863149999996,9332,53,0.0005,0.6567319631576538,165052,164951,3057
20.942325592041016,17.41,0.1,0.023332688957452774,-0.8339930772781372,-21.51928997,9336,53,0.0005,0.291300505399704,165112,165011,3058
19.719242095947266,17.45,0.09,0.02290911227464676,0.34940305352211,-21.7014174,9340,53,0.0005,0.22497686743736267,165188,165087,3059
20.152896881103516,17.54,0.11,0.0231705941259861,-0.5074883699417114,-21.32299739,9344,54,0.0005,0.3747273087501526,165265,165164,3059
20.690479278564453,17.53,0.1,0.022346774116158485,0.23585760593414307,-21.526545469999995,9348,54,0.0005,0.14279457926750183,165332,165231,3060
19.903697967529297,17.45,0.09,0.022633977234363556,0.6921336650848389,-21.73914005,9352,54,0.0005,0.28418591618537903,165392,165291,3061
20.846786499023438,17.34,0.08,0.02327575348317623,2.273638963699341,-21.93964822,9356,54,0.0005,2.328754425048828,165461,165360,3062
20.08782958984375,17.3,0.08,0.023152431473135948,-0.1281289905309677,-22.00275988,9360,54,0.0005,0.3804599940776825,165535,165434,3063
22.133352279663086,17.35,0.07,0.02211463265120983,0.1276189386844635,-22.32097361,9364,54,0.0005,2.27018404006958,165611,165510,3064
21.666141510009766,17.21,0.06,0.02124677039682865,-1.2760632038116455,-22.591014760000004,9368,54,0.0005,0.2893163561820984,165669,165568,3064
19.828336715698242,17.33,0.07,0.02041628398001194,0.24843597412109375,-22.288444180000003,9372,54,0.0005,0.562894344329834,165753,165652,3065
21.567726135253906,17.15,0.07,0.02068682201206684,0.4164494276046753,-22.357995090000003,9376,54,0.0005,0.1141112819314003,165804,165703,3066
21.700565338134766,16.9,0.07,0.02085162326693535,-0.9019025564193726,-22.378688710000002,9380,54,0.0005,0.19372409582138062,165856,165755,3067
20.493579864501953,16.91,0.06,0.020358217880129814,-0.42644089460372925,-22.53567228,9384,54,0.0005,0.08254124969244003,165934,165833,3067
20.118986129760742,16.82,0.06,0.020078759640455246,-0.5233906507492065,-22.58320844,9388,54,0.0005,0.06235731020569801,165993,165892,3068
19.57559585571289,16.83,0.07,0.020305084064602852,0.45267462730407715,-22.343290359999997,9392,54,0.0005,0.3275699019432068,166057,165956,3069
21.265766143798828,16.86,0.06,0.02050737477838993,1.206125020980835,-22.439818470000006,9396,54,0.0005,0.45289260149002075,166125,166024,3070
20.121143341064453,16.56,0.05,0.02108141779899597,0.9373814463615417,-22.77370354,9400,54,0.0005,0.2811067998409271,166173,166072,3070
21.19359588623047,16.49,0.05,0.02208121307194233,1.078583002090454,-22.827071340000003,9404,54,0.0005,0.10005438327789307,166232,166131,3071
19.954517364501953,16.48,0.05,0.022684093564748764,-0.5893436670303345,-22.82060862,9408,54,0.0005,0.09689843654632568,166298,166197,3072
20.411941528320312,16.44,0.06,0.02267778292298317,0.44036921858787537,-22.6697276,9412,54,0.0005,0.08510135114192963,166366,166265,3073
20.934558868408203,16.68,0.08,0.023030001670122147,-1.1874492168426514,-22.24229588,9416,54,0.0005,0.8373352289199829,166444,166343,3074
20.450359344482422,16.65,0.08,0.02261151745915413,-0.25888192653656006,-22.214438130000005,9420,54,0.0005,0.3264633119106293,166514,166413,3074
19.75034523010254,16.62,0.08,0.023226246237754822,0.16319821774959564,-22.168217220000006,9424,54,0.0005,0.26042473316192627,166583,166482,3075
20.05934715270996,16.59,0.08,0.023668557405471802,-1.011070966720581,-22.247777509999995,9428,54,0.0005,0.07349297404289246,166644,166543,3076
20.045316696166992,16.6,0.08,0.023469507694244385,0.22557801008224487,-22.244037440000003,9432,54,0.0005,0.6591137647628784,166712,166611,3077
21.07611846923828,16.7,0.09,0.023884275928139687,-0.206232488155365,-22.079923569999995,9436,54,0.0005,0.07095088809728622,166782,166681,3078
21.232898712158203,16.6,0.1,0.02404365874826908,1.607251763343811,-21.8353669,9440,54,0.0005,0.14951536059379578,166848,166747,3078
20.368919372558594,16.52,0.08,0.024225950241088867,-1.2773569822311401,-22.21893618,9444,54,0.0005,0.21758824586868286,166917,166816,3079
19.91884994506836,16.62,0.08,0.023497216403484344,-1.4067723751068115,-22.204072470000007,9448,54,0.0005,0.42519938945770264,166994,166893,3080
20.663333892822266,16.75,0.1,0.023381715640425682,0.44852152466773987,-21.776668020000002,9452,54,0.0005,0.06890372931957245,167067,166966,3081
20.295528411865234,16.81,0.1,0.022866396233439445,0.4421493113040924,-21.75971109,9456,54,0.0005,0.20886489748954773,167142,167041,3082
21.808712005615234,16.59,0.1,0.023034408688545227,-0.8180463910102844,-21.875674330000002,9460,54,0.0005,0.14725828170776367,167194,167093,3083
21.316177368164062,16.51,0.1,0.022181393578648567,-0.3175264000892639,-21.754577700000006,9464,54,0.0005,0.15555670857429504,167262,167161,3083
20.41385841369629,16.48,0.1,0.02162156067788601,-1.7438852787017822,-21.73957042,9468,54,0.0005,0.3755466938018799,167317,167216,3084
22.010147094726562,16.3,0.09,0.021052828058600426,0.2957291603088379,-21.943485779999996,9472,54,0.0005,0.3617073595523834,167383,167282,3085
21.503263473510742,16.45,0.09,0.02076607756316662,-1.2325599193572998,-21.865511830000006,9476,54,0.0005,1.5730891227722168,167449,167348,3086
21.01483917236328,16.45,0.09,0.01994643174111843,-0.9169137477874756,-21.894688389999995,9480,54,0.0005,0.25998061895370483,167501,167400,3086
20.52829360961914,16.44,0.09,0.01974182203412056,-0.3441588878631592,-21.915812959999997,9484,54,0.0005,0.14814966917037964,167578,167477,3087
20.91081428527832,16.55,0.08,0.020153919234871864,1.6003731489181519,-22.000956629999997,9488,54,0.0005,0.18515875935554504,167648,167547,3088
19.86872100830078,16.66,0.08,0.020429713651537895,0.4476453959941864,-22.024088889999998,9492,54,0.0005,0.08379243314266205,167723,167622,3089
21.486879348754883,16.65,0.1,0.021276554092764854,0.9710003137588501,-21.729198939999993,9496,54,0.0005,0.17922811210155487,167790,167689,3090
22.119787216186523,16.8,0.11,0.021681003272533417,-1.6768674850463867,-21.516225649999992,9500,54,0.0005,0.5439291000366211,167853,167752,3091
20.52193260192871,16.98,0.12,0.02135135978460312,0.981549859046936,-21.29725181,9504,54,0.0005,0.7150761485099792,167930,167829,3091
21.409870147705078,16.96,0.12,0.021728772670030594,0.18450883030891418,-21.41379659,9508,54,0.0005,0.28858280181884766,167994,167893,3092
20.569618225097656,16.88,0.12,0.021448764950037003,-0.8482372164726257,-21.441789869999997,9512,54,0.0005,0.4138493537902832,168054,167953,3093
21.002376556396484,16.63,0.12,0.02159447968006134,0.7964515686035156,-21.53050113,9516,54,0.0005,0.8832880258560181,168107,168006,3094
20.38542366027832,16.59,0.13,0.021588394418358803,0.059591345489025116,-21.369514389999996,9520,54,0.0005,0.1840490847826004,168173,168072,3094
21.22724151611328,16.39,0.13,0.021458497270941734,0.01477745920419693,-21.479068029999997,9524,54,0.0005,0.14016428589820862,168222,168121,3095
19.908924102783203,16.51,0.14,0.02146298624575138,-0.41790851950645447,-21.26097158,9528,54,0.0005,0.21459491550922394,168295,168194,3096
20.1319522857666,16.62,0.14,0.02148536406457424,1.170924186706543,-21.246397,9532,54,0.0005,0.08071450889110565,168374,168273,3097
19.895896911621094,16.62,0.15,0.02249300107359886,1.0641093254089355,-21.011078799999996,9536,54,0.0005,0.38574087619781494,168444,168343,3098
19.57085418701172,16.56,0.14,0.0230475515127182,0.31388354301452637,-21.24884587,9540,54,0.0005,0.08391360938549042,168504,168403,3098
20.154075622558594,16.61,0.15,0.02395985834300518,0.6845226287841797,-21.093239249999996,9544,54,0.0005,0.1336280107498169,168578,168477,3099
20.17472267150879,16.49,0.15,0.024808712303638458,1.2253098487854004,-21.102915949999993,9548,54,0.0005,0.5446937084197998,168643,168542,3100
19.903728485107422,16.55,0.14,0.025284063071012497,-0.05337848514318466,-21.288630850000004,9552,54,0.0005,0.07723301649093628,168722,168621,3101
20.50811767578125,16.31,0.16,0.025811215862631798,-0.47938674688339233,-20.984764499999997,9556,54,0.0005,0.12721028923988342,168773,168672,3102
20.312406539916992,16.47,0.18,0.02585606835782528,0.39121341705322266,-20.53703916,9560,54,0.0005,0.19988642632961273,168841,168740,3102
21.025070190429688,16.45,0.18,0.02586962841451168,-0.4356863498687744,-20.6622973,9564,54,0.0005,0.06811834871768951,168907,168806,3103
20.1077880859375,16.47,0.18,0.025424841791391373,-1.0316933393478394,-20.648932660000003,9568,54,0.0005,0.06887054443359375,168964,168863,3104
19.96966552734375,16.46,0.18,0.025225233286619186,-1.1594011783599854,-20.64217386,9572,54,0.0005,0.17820611596107483,169029,168928,3105
20.476268768310547,16.5,0.18,0.024577613919973373,-1.8495879173278809,-20.53551737,9576,54,0.0005,0.1910342574119568,169099,168998,3105
19.968441009521484,16.74,0.19,0.024392984807491302,0.6877343058586121,-20.2001879,9580,54,0.0005,0.13988347351551056,169175,169074,3106
20.951635360717773,16.65,0.19,0.02478945441544056,-0.2479388415813446,-20.21727714,9584,54,0.0005,0.08329032361507416,169243,169142,3107
21.49697494506836,16.63,0.19,0.024240143597126007,-1.139186143875122,-20.27705588,9588,54,0.0005,0.23921535909175873,169311,169210,3108
20.311655044555664,16.52,0.18,0.02324553020298481,-0.4498339593410492,-20.578347649999998,9592,54,0.0005,0.23908039927482605,169375,169274,3109
20.431934356689453,16.5,0.17,0.02325626276433468,0.06731665134429932,-20.77680942,9596,54,0.0005,0.04981109872460365,169440,169339,3110
20.128313064575195,16.45,0.17,0.02341565489768982,-0.12018615007400513,-20.651010800000005,9600,54,0.0005,0.0795803815126419,169498,169397,3110
20.245100021362305,16.35,0.17,0.023751679807901382,-0.22466564178466797,-20.657089579999997,9604,54,0.0005,0.7057237029075623,169565,169464,3111
19.960704803466797,16.3,0.18,0.02346685528755188,-0.45814430713653564,-20.41301976,9608,54,0.0005,0.08521796762943268,169624,169523,3112
19.686904907226562,16.47,0.18,0.02372063882648945,0.08214989304542542,-20.43604575,9612,54,0.0005,0.09516323357820511,169701,169600,3113
21.91804313659668,16.6,0.16,0.024095406755805016,-0.5895956158638,-20.72941811,9616,54,0.0005,0.4709513783454895,169767,169666,3113
20.275524139404297,16.64,0.15,0.02376382239162922,0.34486767649650574,-20.968757990000004,9620,54,0.0005,0.18928836286067963,169837,169736,3114
19.565460205078125,16.86,0.16,0.024000370875000954,-1.1463311910629272,-20.69373873,9624,54,0.0005,0.10129860043525696,169908,169807,3115
20.723155975341797,16.93,0.15,0.023935474455356598,0.16734683513641357,-20.78509916,9628,54,0.0005,0.07445730268955231,169988,169887,3116
20.31268882751465,16.82,0.16,0.024003610014915466,0.284263014793396,-20.611190150000002,9632,54,0.0005,0.2788677513599396,170056,169955,3130
19.55694580078125,16.86,0.15,0.02452494390308857,-1.1613132953643799,-20.824193340000008,9636,54,0.0005,0.3394162058830261,170130,170029,3131
20.74630355834961,16.93,0.16,0.023874135687947273,-0.8183689117431641,-20.599637670000003,9640,54,0.0005,0.6067792773246765,170197,170096,3132
19.625865936279297,16.88,0.15,0.022442325949668884,-1.716026782989502,-20.815300699999998,9644,54,0.0005,0.3667583167552948,170266,170165,3133
21.865047454833984,16.82,0.15,0.022546138614416122,1.8330615758895874,-20.872663980000002,9648,54,0.0005,0.2236260622739792,170325,170224,3134
21.324892044067383,16.54,0.14,0.022494465112686157,-0.9880538582801819,-21.20820675,9652,54,0.0005,0.13538822531700134,170376,170275,3134
20.492761611938477,16.57,0.12,0.0218509491533041,0.5482395887374878,-21.5576181,9656,54,0.0005,0.2297869622707367,170430,170329,3135
21.121116638183594,16.45,0.1,0.02220182865858078,1.1648427248001099,-21.972308150000003,9660,54,0.0005,0.20509999990463257,170486,170385,3136
21.471759796142578,16.44,0.11,0.023193374276161194,-1.6924995183944702,-21.73485313,9664,54,0.0005,0.28201591968536377,170551,170450,3136
21.16151237487793,16.63,0.12,0.021944638341665268,-0.02214161306619644,-21.582888490000002,9668,54,0.0005,0.3198365271091461,170627,170526,3137
20.004711151123047,16.7,0.12,0.022000407800078392,-0.2951580584049225,-21.569551179999994,9672,54,0.0005,0.26350080966949463,170699,170598,3138
20.12757110595703,16.46,0.12,0.02254176326096058,1.6512101888656616,-21.75811157,9676,54,0.0005,0.16900470852851868,170745,170644,3139
20.45705795288086,16.42,0.13,0.022779572755098343,-0.5814625024795532,-21.57234703,9680,54,0.0005,0.12043367326259613,170817,170716,3140
20.430709838867188,16.53,0.13,0.0228828564286232,0.5142659544944763,-21.622911529999996,9684,54,0.0005,0.19815820455551147,170896,170795,3140
19.733884811401367,16.61,0.13,0.022473998367786407,0.3188297748565674,-21.651070119999996,9688,54,0.0005,0.2749592661857605,170972,170871,3141
20.52446746826172,16.59,0.14,0.022694570943713188,-0.08339250087738037,-21.376404419999993,9692,54,0.0005,0.14982201159000397,171034,170933,3142
20.200918197631836,16.41,0.13,0.022705938667058945,0.34669429063796997,-21.647245780000002,9696,54,0.0005,0.14735734462738037,171081,170980,3143
19.07541847229004,16.56,0.14,0.022453609853982925,-0.7391406297683716,-21.443925550000003,9700,54,0.0005,0.40028852224349976,171154,171053,3144
19.923845291137695,16.61,0.13,0.02225629985332489,0.3071008324623108,-21.54862815,9704,54,0.0005,0.2268630564212799,171226,171125,3144
19.854087829589844,16.73,0.13,0.022851839661598206,0.44320225715637207,-21.519757770000002,9708,54,0.0005,0.10703325271606445,171297,171196,3145
19.425125122070312,16.62,0.13,0.0233185775578022,-0.8429281711578369,-21.5141535,9712,54,0.0005,0.41480574011802673,171363,171262,3146
21.202699661254883,16.63,0.13,0.02309735305607319,-0.2500744163990021,-21.58674876,9716,54,0.0005,0.12866464257240295,171430,171329,3147
20.50390625,16.51,0.13,0.023079412057995796,0.8861370086669922,-21.546989189999998,9720,54,0.0005,0.0963769257068634,171488,171387,3148
19.66507339477539,16.48,0.13,0.023239584639668465,-0.7653942108154297,-21.5532539,9724,54,0.0005,0.3155818581581116,171556,171455,3148
19.74887466430664,16.3,0.14,0.023211121559143066,1.5250294208526611,-21.42073446,9728,54,0.0005,0.25391221046447754,171618,171517,3149
20.061656951904297,16.31,0.15,0.02361811324954033,0.5536556243896484,-21.225112709999998,9732,54,0.0005,0.08420180529356003,171687,171586,3150
20.11254119873047,16.3,0.15,0.023584621027112007,-0.5306576490402222,-21.179748350000004,9736,54,0.0005,0.23358061909675598,171760,171659,3151
20.945018768310547,16.35,0.17,0.023646701127290726,0.08885924518108368,-20.767056580000002,9740,54,0.0005,0.35518020391464233,171832,171731,3152
19.615184783935547,16.45,0.17,0.024286897853016853,1.0234458446502686,-20.6333932,9744,54,0.0005,0.17500436305999756,171911,171810,3153
20.721946716308594,16.55,0.19,0.024600565433502197,-0.31299811601638794,-20.222489489999997,9748,54,0.0005,0.17710143327713013,171980,171879,3153
20.607587814331055,16.59,0.21,0.02437612973153591,-0.7127994894981384,-19.78253454,9752,54,0.0005,0.24041743576526642,172035,171934,3154
20.409040451049805,16.69,0.22,0.02421463094651699,-0.41266241669654846,-19.56564616,9756,54,0.0005,0.32059183716773987,172099,171998,3155
20.033424377441406,16.73,0.22,0.023930160328745842,-0.10490553826093674,-19.52887865,9760,54,0.0005,0.12435446679592133,172159,172058,3156
20.433076858520508,16.73,0.21,0.023889662697911263,0.6967611312866211,-19.87066185,9764,54,0.0005,0.4856102764606476,172224,172123,3156
19.806564331054688,16.63,0.2,0.024310285225510597,0.10062932968139648,-19.99715886,9768,54,0.0005,1.026637315750122,172290,172189,3157
20.158462524414062,16.67,0.2,0.024800121784210205,-0.463958203792572,-19.94588613,9772,54,0.0005,0.35806354880332947,172366,172265,3158
20.996841430664062,16.82,0.2,0.024746708571910858,-0.29458165168762207,-19.875083959999998,9776,54,0.0005,0.18652591109275818,172427,172326,3159
20.88165283203125,16.74,0.19,0.024507157504558563,-0.8799683451652527,-20.15533699,9780,54,0.0005,1.2702288627624512,172491,172390,3160
21.985462188720703,16.69,0.19,0.02254492975771427,0.81734299659729,-20.19146571,9784,54,0.0005,0.46960824728012085,172565,172464,3161
21.386375427246094,16.87,0.19,0.02117406763136387,-1.608891487121582,-20.25861104,9788,54,0.0005,0.12620124220848083,172659,172558,3162
18.807937622070312,17.03,0.18,0.020294513553380966,0.11677485704421997,-20.501640449999996,9792,54,0.0005,0.46519041061401367,172737,172636,3163
21.810651779174805,17.23,0.18,0.020320354029536247,-1.8103418350219727,-20.543331089999995,9796,54,0.0005,1.1275715827941895,172804,172703,3163
20.678903579711914,17.08,0.17,0.019615639001131058,0.3946959972381592,-20.85436819,9800,54,0.0005,0.8672077655792236,172862,172761,3164
20.38636016845703,16.82,0.17,0.019489096477627754,-1.0418579578399658,-21.07549544,9804,54,0.0005,0.8514000773429871,172908,172807,3165
20.101884841918945,16.72,0.17,0.019354017451405525,0.8864337205886841,-21.066175180000005,9808,54,0.0005,0.15524134039878845,172969,172868,3165
20.915836334228516,16.71,0.16,0.01973857916891575,0.8733139634132385,-21.262366080000003,9812,54,0.0005,0.1471531242132187,173034,172933,3166
20.079811096191406,16.76,0.16,0.020173409953713417,1.0139429569244385,-21.255680010000003,9816,54,0.0005,0.5254822969436646,173106,173005,3167
19.221824645996094,16.91,0.17,0.020412573590874672,-0.6258981227874756,-21.00758039,9820,54,0.0005,0.28790849447250366,173179,173078,3168
19.29474639892578,16.84,0.16,0.020669404417276382,0.8778693675994873,-21.22233951999999,9824,54,0.0005,0.18986299633979797,173240,173139,3169
21.121044158935547,16.99,0.15,0.02146371826529503,-0.1370803415775299,-21.50631197,9828,54,0.0005,0.23292455077171326,173317,173216,3170
19.894514083862305,16.87,0.15,0.02156391367316246,-1.4104634523391724,-21.56246462,9832,54,0.0005,0.2164837121963501,173374,173273,3170
19.689476013183594,16.82,0.14,0.021732652559876442,1.322607398033142,-21.90100076,9836,54,0.0005,0.5815764665603638,173442,173341,3171
20.820785522460938,16.8,0.12,0.022317688912153244,1.8382532596588135,-22.31740258,9840,54,0.0005,0.633263111114502,173512,173411,3172
19.81438636779785,16.64,0.14,0.02280559577047825,0.4541251063346863,-22.032366140000004,9844,54,0.0005,0.18014416098594666,173575,173474,3173
20.534706115722656,16.58,0.12,0.023292401805520058,1.5530047416687012,-22.41447792,9848,54,0.0005,0.10608989000320435,173638,173537,3173
20.75477409362793,16.64,0.1,0.023975593969225883,0.3747006058692932,-22.78351037000001,9852,54,0.0005,0.5684167742729187,173699,173598,3174
19.610774993896484,16.69,0.09,0.02415795810520649,1.7172932624816895,-22.92579068,9856,54,0.0005,0.3115989565849304,173768,173667,3175
19.779258728027344,16.75,0.1,0.024647491052746773,0.7086230516433716,-22.6248622,9860,54,0.0005,0.17515012621879578,173834,173733,3176
19.51047134399414,16.75,0.11,0.024393850937485695,-0.7477362751960754,-22.284375110000006,9864,54,0.0005,0.3378763198852539,173899,173798,3177
21.791444778442383,16.68,0.12,0.02382006123661995,0.744017481803894,-22.178315740000002,9868,54,0.0005,0.3209409713745117,173958,173857,3177
21.92625617980957,16.53,0.13,0.024036269634962082,-0.6187353730201721,-22.055933340000003,9872,54,0.0005,0.2745136618614197,174019,173918,3178
19.724637985229492,16.59,0.14,0.02345956116914749,-0.6953023672103882,-21.90141978,9876,54,0.0005,0.6781398057937622,174086,173985,3179
22.06850242614746,16.48,0.13,0.02374320477247238,0.8613204956054688,-22.065500640000003,9880,54,0.0005,0.16437862813472748,174139,174038,3179
20.185260772705078,16.36,0.13,0.02342572994530201,-0.6735275387763977,-22.060158150000007,9884,54,0.0005,1.3049900531768799,174201,174100,3180
19.455026626586914,16.13,0.13,0.02297907881438732,0.39785000681877136,-22.032798520000007,9888,54,0.0005,0.23957139253616333,174272,174171,3181
20.21084213256836,15.93,0.14,0.02333877421915531,-0.12483016401529312,-21.862280050000003,9892,54,0.0005,0.2368612438440323,174330,174229,3182
20.144533157348633,15.85,0.15,0.023589441552758217,-0.4203268885612488,-21.528996019999994,9896,54,0.0005,0.16875799000263214,174389,174288,3182
18.888214111328125,16.03,0.14,0.023443110287189484,-0.09832428395748138,-21.590950989999996,9900,54,0.0005,0.3545437455177307,174465,174364,3183
21.83148193359375,16.18,0.14,0.023789457976818085,-0.19871798157691956,-21.550139679999997,9904,54,0.0005,0.3367065191268921,174526,174425,3184
20.80571937561035,16.2,0.13,0.02299809642136097,-1.152461051940918,-21.798079219999998,9908,54,0.0005,0.6425539255142212,174589,174488,3185
21.64690589904785,16.31,0.13,0.022601205855607986,-1.5369129180908203,-21.758092359999996,9912,54,0.0005,0.10687883198261261,174665,174564,3186
20.927255630493164,16.37,0.13,0.021928314119577408,-0.7297378778457642,-21.69460376,9916,54,0.0005,0.8278306722640991,174743,174642,3187
20.552974700927734,16.36,0.12,0.021894963458180428,1.203822135925293,-21.920373760000004,9920,54,0.0005,0.9949768781661987,174815,174714,3188
20.094833374023438,16.25,0.12,0.0224001444876194,1.2438619136810303,-21.95669753,9924,54,0.0005,0.15942583978176117,174865,174764,3188
20.6721134185791,16.08,0.13,0.023267380893230438,0.5504313707351685,-21.71019476,9928,54,0.0005,0.15020374953746796,174925,174824,3189
20.05829620361328,16.22,0.12,0.02311077155172825,0.08844301104545593,-21.832864800000003,9932,54,0.0005,0.29941120743751526,174996,174895,3190
21.03201675415039,16.09,0.13,0.023272501304745674,-0.2698357403278351,-21.620978049999998,9936,54,0.0005,0.18059441447257996,175051,174950,3190
20.097875595092773,16.09,0.12,0.02338934876024723,1.4726405143737793,-21.85010653,9940,54,0.0005,0.1669923961162567,175121,175020,3191
21.233707427978516,16.2,0.1,0.023960040882229805,0.2334257811307907,-22.220084490000005,9944,54,0.0005,0.1984083652496338,175195,175094,3192
21.565074920654297,16.24,0.11,0.024237845093011856,-0.18241633474826813,-22.048746769999997,9948,54,0.0005,0.779202938079834,175262,175161,3193
21.000347137451172,16.33,0.11,0.02499854564666748,0.0015175342559814453,-21.960001979999998,9952,54,0.0005,0.14305442571640015,175332,175231,3194
20.124900817871094,16.33,0.12,0.024888603016734123,-0.761091947555542,-21.87334417,9956,54,0.0005,0.22743543982505798,175401,175300,3195
19.834054946899414,16.4,0.12,0.024666056036949158,0.8669285774230957,-21.948175949999996,9960,54,0.0005,0.21592609584331512,175474,175373,3195
20.43759536743164,16.27,0.11,0.02502341754734516,0.48277613520622253,-22.15394479,9964,54,0.0005,0.2817304730415344,175526,175425,3196
19.51407241821289,16.44,0.11,0.024655859917402267,-0.5757735967636108,-22.058169379999995,9968,54,0.0005,0.4184776246547699,175602,175501,3197
20.966161727905273,16.53,0.1,0.02396666817367077,0.3640727698802948,-22.28127637,9972,54,0.0005,0.48060157895088196,175672,175571,3198
21.839519500732422,16.43,0.09,0.024399133399128914,-0.40796002745628357,-22.463936880000006,9976,54,0.0005,0.8001401424407959,175729,175628,3198
19.476926803588867,16.61,0.09,0.023445453494787216,-1.6466689109802246,-22.3914725,9980,54,0.0005,0.47661012411117554,175800,175699,3199
22.48488998413086,16.63,0.1,0.023671159520745277,1.3643635511398315,-22.164122990000006,9984,54,0.0005,1.6670701503753662,175864,175763,3200
21.193233489990234,16.72,0.1,0.023201432079076767,-1.810401439666748,-22.15782093,9988,54,0.0005,0.4244244694709778,175944,175843,3201
20.803028106689453,16.71,0.09,0.022792920470237732,1.240476369857788,-22.354412500000002,9992,54,0.0005,0.5413097739219666,176001,175900,3202
20.188173294067383,16.89,0.08,0.023453744128346443,1.8108335733413696,-22.612036439999997,9996,54,0.0005,0.18103614449501038,176078,175977,3203
19.665475845336914,16.73,0.08,0.024268947541713715,-0.029389500617980957,-22.62518422,10000,54,0.0005,0.25998160243034363,176138,176037,3203
20.294254302978516,16.73,0.09,0.024768447503447533,0.768890917301178,-22.4012535,10004,54,0.0005,0.3554922044277191,176199,176098,3204
19.920154571533203,16.66,0.09,0.025008875876665115,0.25194990634918213,-22.364306749999997,10008,54,0.0005,0.26409024000167847,176255,176154,3205
20.92319107055664,16.65,0.1,0.024798406288027763,0.0787857174873352,-22.141258670000003,10012,54,0.0005,0.13698408007621765,176330,176229,3206
19.256732940673828,16.59,0.11,0.024800291284918785,0.8791052103042603,-21.938274,10016,55,0.0005,0.6485218405723572,176402,176301,3207
20.225486755371094,16.46,0.11,0.025057489052414894,0.5348403453826904,-21.877198990000007,10020,55,0.0005,0.28862231969833374,176461,176360,3207
21.00594711303711,16.58,0.11,0.025422334671020508,-0.8715018033981323,-21.85102402,10024,55,0.0005,0.14684471487998962,176523,176422,3208
19.92995834350586,16.64,0.1,0.025670289993286133,1.0439538955688477,-22.05594182,10028,55,0.0005,0.5039077401161194,176589,176488,3209
21.766469955444336,16.53,0.1,0.02635924518108368,-0.9091874361038208,-22.117414550000007,10032,55,0.0005,0.0730709433555603,176649,176548,3210
19.121801376342773,16.7,0.1,0.026100318878889084,-0.6658027172088623,-22.0008448,10036,55,0.0005,0.8243416547775269,176721,176620,3210
21.370044708251953,16.6,0.1,0.02542797662317753,0.22677063941955566,-22.016377090000002,10040,55,0.0005,0.3915533721446991,176781,176680,3211
22.572612762451172,16.51,0.1,0.02514820732176304,-1.6569056510925293,-22.020724689999998,10044,55,0.0005,0.22966864705085754,176846,176745,3212
21.369129180908203,16.39,0.09,0.023768186569213867,-1.593313217163086,-22.287716070000002,10048,55,0.0005,1.0123413801193237,176901,176800,3213
20.723270416259766,16.25,0.09,0.022885648533701897,-0.0029037967324256897,-22.3714766,10052,55,0.0005,0.5062649250030518,176957,176856,3213
20.336576461791992,16.28,0.09,0.023201826959848404,1.097548246383667,-22.2977957,10056,55,0.0005,1.0957472324371338,177029,176928,3214
20.210769653320312,16.1,0.09,0.02349044382572174,0.6892824769020081,-22.345502189999998,10060,55,0.0005,0.19367274641990662,177084,176983,3215
20.934865951538086,16.33,0.1,0.02396564558148384,1.1273573637008667,-22.16420784,10064,55,0.0005,0.12031678855419159,177159,177058,3216
19.189603805541992,16.3,0.09,0.024285387247800827,0.7766311168670654,-22.380194879999998,10068,55,0.0005,0.5484724044799805,177232,177131,3217
22.738630294799805,16.34,0.1,0.025026395916938782,-0.10701954364776611,-22.121100779999995,10072,55,0.0005,1.4914932250976562,177306,177205,3217
20.650001525878906,16.38,0.11,0.024395495653152466,-0.9186065196990967,-21.961826409999993,10076,55,0.0005,0.9597745537757874,177367,177266,3218
20.286624908447266,16.39,0.11,0.02407490834593773,0.32045066356658936,-22.020262150000004,10080,55,0.0005,0.2580259144306183,177439,177338,3219
19.515453338623047,16.42,0.11,0.024655019864439964,0.3799954652786255,-21.918276920000004,10084,55,0.0005,0.555894136428833,177506,177405,3220
19.692073822021484,16.41,0.11,0.025208713486790657,1.5008440017700195,-21.8255596,10088,55,0.0005,0.5752590298652649,177585,177484,3221
21.392127990722656,16.47,0.12,0.026129115372896194,0.9831975102424622,-21.608789749999996,10092,55,0.0005,0.2204475998878479,177648,177547,3221
20.44854736328125,16.4,0.12,0.025885971263051033,-0.7388318777084351,-21.577581050000003,10096,55,0.0005,0.07423855364322662,177718,177617,3222
21.701251983642578,16.52,0.13,0.026179112493991852,0.008758097887039185,-21.430318879999994,10100,55,0.0005,0.2652014195919037,177790,177689,3223
20.89850616455078,16.67,0.13,0.025958873331546783,-0.4967467784881592,-21.335327949999996,10104,55,0.0005,0.9597914218902588,177866,177765,3224
19.418991088867188,16.86,0.13,0.025435524061322212,0.9312833547592163,-21.322575159999996,10108,55,0.0005,0.8720670938491821,177941,177840,3225
20.43651008605957,16.65,0.12,0.02576964907348156,0.4705203175544739,-21.57743483,10112,55,0.0005,1.0321972370147705,177995,177894,3226
20.16269874572754,16.47,0.11,0.025788135826587677,-0.3537619411945343,-21.818581560000002,10116,55,0.0005,0.2930317521095276,178049,177948,3226
20.97866439819336,16.52,0.14,0.025306038558483124,0.6861947178840637,-21.26398175,10120,55,0.0005,0.6404491662979126,178113,178012,3227
19.687599182128906,16.6,0.15,0.02489624172449112,-1.1925079822540283,-21.03659992,10124,55,0.0005,0.1485435962677002,178183,178082,3228
19.89590835571289,16.5,0.15,0.02494104392826557,0.29171615839004517,-21.08478354,10128,55,0.0005,0.24555552005767822,178239,178138,3229
20.06256103515625,16.62,0.16,0.025213124230504036,0.4328289031982422,-20.866710529999995,10132,55,0.0005,0.4862028956413269,178311,178210,3229
19.604326248168945,16.65,0.15,0.02545144408941269,0.4050977826118469,-21.05239813,10136,55,0.0005,0.734519362449646,178386,178285,3230
20.245162963867188,16.62,0.16,0.025886261835694313,0.41134268045425415,-20.796341970000004,10140,55,0.0005,0.23727452754974365,178443,178342,3231
20.01813507080078,16.61,0.18,0.026130255311727524,0.5133184790611267,-20.42455561,10144,55,0.0005,0.11024931818246841,178507,178406,3232
19.576961517333984,16.66,0.18,0.02606804296374321,0.14172443747520447,-20.331334990000002,10148,55,0.0005,0.20959514379501343,178567,178466,3233
20.0765380859375,16.65,0.19,0.026527950540184975,-0.4755343198776245,-20.15443953,10152,55,0.0005,0.2529870271682739,178622,178521,3233
21.197383880615234,16.6,0.19,0.02645239420235157,0.5220617055892944,-20.064043019999996,10156,55,0.0005,0.19903773069381714,178689,178588,3234
19.805557250976562,16.79,0.18,0.02637924998998642,-0.1694120466709137,-20.157306199999997,10160,55,0.0005,0.16471023857593536,178763,178662,3235
19.39476203918457,16.55,0.17,0.026035303249955177,-0.3769713044166565,-20.409356599999995,10164,55,0.0005,0.13984666764736176,178814,178713,3236
20.8297061920166,16.5,0.18,0.025896575301885605,-0.9983301758766174,-20.19876587,10168,55,0.0005,0.09505584090948105,178882,178781,3236
19.6490421295166,16.48,0.18,0.025306032970547676,0.10047886520624161,-20.261974699999996,10172,55,0.0005,0.2368324249982834,178954,178853,3237
19.404367446899414,16.49,0.18,0.02592376247048378,0.8891913294792175,-20.23997241,10176,55,0.0005,0.12301071733236313,179016,178915,3238
21.041967391967773,16.44,0.19,0.02666500024497509,1.2411835193634033,-20.090079520000003,10180,55,0.0005,0.13865353167057037,179083,178982,3239
19.550735473632812,16.34,0.18,0.02678014524281025,-0.49971815943717957,-20.38386197,10184,55,0.0005,0.32095420360565186,179140,179039,3239
20.87176513671875,16.13,0.19,0.026432693004608154,0.5070561170578003,-20.29303729,10188,55,0.0005,0.5824701189994812,179198,179097,3240
19.53673553466797,16.25,0.19,0.0259234718978405,-1.3263092041015625,-20.20536602,10192,55,0.0005,0.6187902688980103,179273,179172,3241
19.885812759399414,16.25,0.19,0.025582071393728256,0.5194306373596191,-20.19528926,10196,55,0.0005,0.307050883769989,179343,179242,3242
20.159961700439453,16.32,0.18,0.026023296639323235,0.1470843255519867,-20.34197488,10200,55,0.0005,0.34957611560821533,179422,179321,3243
20.99526596069336,16.38,0.17,0.02610226720571518,0.7732784748077393,-20.57037767,10204,55,0.0005,0.08795571327209473,179504,179403,3244
19.977005004882812,16.26,0.18,0.025418739765882492,-0.3826897144317627,-20.361541540000005,10208,55,0.0005,0.4598435163497925,179567,179466,3245
18.65115737915039,16.45,0.19,0.025584857910871506,-0.06123776733875275,-20.09731401,10212,55,0.0005,0.5492693185806274,179640,179539,3245
20.815780639648438,16.55,0.19,0.025909675285220146,0.12178682535886765,-20.06662621,10216,55,0.0005,0.08423221111297607,179704,179603,3246
20.090641021728516,16.7,0.16,0.025886347517371178,0.24421215057373047,-20.69974554,10220,55,0.0005,0.38070201873779297,179783,179682,3247
20.168479919433594,16.59,0.16,0.026091067120432854,-1.0874834060668945,-20.659231910000003,10224,55,0.0005,0.6916537284851074,179842,179741,3248
19.32188606262207,16.62,0.16,0.02595081739127636,0.12106622010469437,-20.60093957,10228,55,0.0005,0.4352063536643982,179901,179800,3249
20.471389770507812,16.52,0.15,0.025714216753840446,-0.3523041307926178,-20.81173116,10232,55,0.0005,0.10997612774372101,179963,179862,3249
20.74837303161621,16.44,0.17,0.025858860462903976,0.5717058777809143,-20.507298430000002,10236,54,0.0005,0.07442931830883026,180030,179929,3275
19.8480167388916,16.44,0.17,0.02584010548889637,0.5568253397941589,-20.557625179999995,10240,54,0.0005,0.3039882779121399,180087,179986,3276
19.56948471069336,16.49,0.17,0.026232389733195305,-0.5653961896896362,-20.496247249999996,10244,54,0.0005,0.2701305150985718,180156,180055,3277
20.6322021484375,16.53,0.18,0.026178263127803802,0.2732001841068268,-20.272960219999998,10248,54,0.0005,0.8187767267227173,180220,180119,3277
19.44025421142578,16.5,0.17,0.025808170437812805,-0.9474716782569885,-20.50254927,10252,54,0.0005,0.24866127967834473,180272,180171,3278
20.024452209472656,16.55,0.16,0.02563602663576603,-0.44386282563209534,-20.92479799,10256,54,0.0005,0.30187851190567017,180344,180243,3279
18.749752044677734,16.61,0.16,0.02464265003800392,0.5933617949485779,-20.9490816,10260,55,0.0005,0.12851278483867645,180424,180323,3280
19.1779727935791,16.8,0.19,0.02499118447303772,0.2731337547302246,-20.324581560000002,10264,55,0.0005,0.2975434958934784,180494,180393,3281
20.534069061279297,16.79,0.18,0.025559410452842712,-0.7121222019195557,-20.53043822,10268,55,0.0005,0.0744737982749939,180561,180460,3281
19.891265869140625,16.61,0.17,0.02502179518342018,-0.7108135223388672,-20.725171770000003,10272,55,0.0005,0.23807072639465332,180615,180514,3282
20.501441955566406,16.66,0.16,0.02454051934182644,-0.6597270965576172,-20.87115562,10276,55,0.0005,0.10680611431598663,180682,180581,3283
17.99645233154297,16.73,0.15,0.024085236713290215,1.1755704879760742,-20.947639830000004,10280,55,0.0005,0.3656237721443176,180756,180655,3284
20.354412078857422,16.75,0.15,0.02443740889430046,0.6130770444869995,-21.00260882,10284,55,0.0005,0.2764451205730438,180815,180714,3284
19.960073471069336,16.86,0.14,0.024310650303959846,0.07668417692184448,-21.132154710000005,10288,55,0.0005,0.6678745150566101,180884,180783,3285
22.0821533203125,16.84,0.13,0.02361876145005226,0.6145743131637573,-21.49128858,10292,55,0.0005,1.1399754285812378,180957,180856,3286
18.96240997314453,16.71,0.14,0.022697992622852325,-0.7764463424682617,-21.388425709999996,10296,55,0.0005,0.5740295648574829,181014,180913,3287
21.033641815185547,16.51,0.14,0.02230140008032322,1.2547998428344727,-21.473862229999998,10300,55,0.0005,0.18381904065608978,181073,180972,3288
22.00902557373047,16.24,0.14,0.022628240287303925,-1.6559799909591675,-21.552580210000006,10304,55,0.0005,1.3377304077148438,181128,181027,3288
20.558351516723633,16.23,0.13,0.021396320313215256,-1.9301197528839111,-21.80984795,10308,55,0.0005,0.46072959899902344,181190,181089,3289
18.996435165405273,16.35,0.12,0.019817346706986427,0.8176796436309814,-22.154839730000003,10312,55,0.0005,0.3794237971305847,181275,181174,3290
19.85565185546875,16.28,0.12,0.02033422887325287,0.9253259897232056,-22.255842639999997,10316,55,0.0005,0.6339212656021118,181332,181231,3291
20.124439239501953,16.08,0.12,0.02087339572608471,1.8900830745697021,-22.270260590000003,10320,55,0.0005,0.3167320787906647,181391,181290,3291
18.824735641479492,16.18,0.13,0.021643467247486115,0.6679994463920593,-22.138610240000002,10324,55,0.0005,0.2593221068382263,181460,181359,3292
19.902591705322266,16.2,0.13,0.02191183716058731,-0.4450516104698181,-22.145372410000004,10328,55,0.0005,0.18372371792793274,181521,181420,3293
20.626806259155273,16.16,0.12,0.021997064352035522,0.15640246868133545,-22.305598709999998,10332,55,0.0005,0.25986775755882263,181579,181478,3294
19.913860321044922,16.2,0.1,0.022025689482688904,-0.861030101776123,-22.66420829,10336,55,0.0005,0.4846673905849457,181650,181549,3294
19.747974395751953,16.11,0.09,0.022057509049773216,-0.11777685582637787,-22.864386210000003,10340,55,0.0005,0.31510621309280396,181698,181597,3295
19.650707244873047,16.0,0.07,0.02203313820064068,0.4176952838897705,-23.318126900000003,10344,55,0.0005,0.1298430860042572,181756,181655,3296
19.70736312866211,16.15,0.07,0.022352971136569977,0.4384930431842804,-23.2731608,10348,55,0.0005,0.08402888476848602,181835,181734,3297
19.54594612121582,16.23,0.07,0.02279381826519966,0.16059979796409607,-23.22816581,10352,55,0.0005,0.3238118290901184,181895,181794,3297
19.722400665283203,16.1,0.07,0.023203834891319275,0.8113695979118347,-23.14043826,10356,55,0.0005,0.40302956104278564,181954,181853,3298
19.881755828857422,15.83,0.07,0.02295198105275631,-0.05086490511894226,-23.25508739,10360,55,0.0005,0.8378204703330994,182007,181906,3299
21.55169677734375,15.79,0.04,0.02293449640274048,-0.27093619108200073,-23.784783179999994,10364,55,0.0005,0.41073596477508545,182073,181972,3300
21.611997604370117,15.78,0.04,0.02281688153743744,-0.1725911796092987,-23.843604479999996,10368,55,0.0005,0.13762886822223663,182139,182038,3300
20.470611572265625,15.89,0.05,0.022291172295808792,-0.6499949097633362,-23.639510020000003,10372,55,0.0005,0.5525223016738892,182204,182103,3301
19.734375,15.91,0.07,0.022404581308364868,0.6266425251960754,-23.22279023,10376,55,0.0005,0.4329730272293091,182273,182172,3302
19.95139503479004,15.81,0.08,0.022448303177952766,0.7004868388175964,-23.130516269999998,10380,55,0.0005,0.15155382454395294,182337,182236,3303
19.219249725341797,15.82,0.09,0.02270146645605564,0.1586359143257141,-22.832981389999997,10384,55,0.0005,0.11709211766719818,182397,182296,3303
19.48371696472168,15.92,0.1,0.023082802072167397,-0.023624412715435028,-22.609071739999994,10388,55,0.0005,0.06162964552640915,182476,182375,3304
19.324756622314453,15.88,0.12,0.02332010306417942,-0.8780719637870789,-22.069703399999998,10392,55,0.0005,0.3102187514305115,182545,182444,3305
19.934864044189453,16.01,0.12,0.022980665788054466,-0.14822885394096375,-22.005863980000004,10396,55,0.0005,0.06695988774299622,182615,182514,3306
19.526166915893555,15.96,0.13,0.023321686312556267,-0.08265829086303711,-21.80669445,10400,55,0.0005,0.47596290707588196,182669,182568,3307
19.55284881591797,16.1,0.15,0.022788507863879204,-0.879213273525238,-21.350655340000003,10404,55,0.0005,0.4414002299308777,182738,182637,3308
20.228792190551758,16.1,0.15,0.023071104660630226,1.2406773567199707,-21.259977900000003,10408,55,0.0005,0.1942530870437622,182800,182699,3308
20.93463897705078,15.86,0.15,0.023672644048929214,-0.04544128477573395,-21.206977270000003,10412,55,0.0005,0.19507473707199097,182861,182760,3309
19.654735565185547,16.12,0.15,0.02344147488474846,-0.35471028089523315,-21.091714300000003,10416,55,0.0005,0.3646508455276489,182944,182843,3310
19.260963439941406,16.16,0.17,0.02329711802303791,1.172650694847107,-20.678897850000002,10420,55,0.0005,0.5475175380706787,183007,182906,3311
20.2466983795166,16.24,0.15,0.023848723620176315,-0.1360168159008026,-21.05736803,10424,55,0.0005,0.341545045375824,183084,182983,3312
18.678508758544922,16.28,0.15,0.02373376302421093,0.6150581240653992,-21.072270940000003,10428,55,0.0005,0.8277829885482788,183149,183048,3312
19.580318450927734,16.36,0.16,0.023991107940673828,0.05181775987148285,-20.895445689999995,10432,55,0.0005,0.5028005838394165,183215,183114,3313
21.153648376464844,16.45,0.16,0.024105917662382126,-1.698711633682251,-20.92181627,10436,55,0.0005,0.1093529760837555,183295,183194,3314
20.707551956176758,16.57,0.16,0.022966206073760986,-1.9210673570632935,-20.86709535,10440,55,0.0005,0.14402660727500916,183355,183254,3315
20.372310638427734,16.55,0.16,0.022845808416604996,-0.12217874079942703,-20.867404500000003,10444,55,0.0005,1.0847866535186768,183411,183310,3316
20.340415954589844,16.49,0.16,0.023247674107551575,-0.555010974407196,-20.872037480000003,10448,55,0.0005,0.08777560293674469,183484,183383,3316
20.294204711914062,16.52,0.17,0.022449705749750137,-1.0796767473220825,-20.618631450000002,10452,55,0.0005,0.4910356402397156,183547,183446,3317
19.519224166870117,16.74,0.17,0.022331245243549347,0.6481992602348328,-20.54999891,10456,55,0.0005,0.3461616635322571,183628,183527,3318
20.084835052490234,16.75,0.17,0.02262122370302677,-0.3135709762573242,-20.559931519999996,10460,55,0.0005,0.10013627260923386,183682,183581,3319
18.64627456665039,16.69,0.18,0.022549046203494072,0.09248605370521545,-20.359866170000004,10464,55,0.0005,0.2875833809375763,183742,183641,3320
21.06625747680664,16.7,0.18,0.022669723257422447,-0.6973775029182434,-20.29346187,10468,55,0.0005,0.14282485842704773,183809,183708,3320
18.50328254699707,16.7,0.17,0.02209927886724472,-1.0724546909332275,-20.47155837,10472,55,0.0005,2.8792288303375244,183874,183773,3321
21.4208927154541,16.67,0.15,0.021816691383719444,0.25411930680274963,-20.96021542,10476,55,0.0005,0.18208016455173492,183940,183839,3322
20.941884994506836,16.64,0.14,0.02145313285291195,0.055572763085365295,-21.156438200000004,10480,55,0.0005,0.39367562532424927,184001,183900,3323
20.642955780029297,16.66,0.13,0.022085005417466164,0.6167348027229309,-21.44569251,10484,55,0.0005,0.754228949546814,184063,183962,3323
19.849313735961914,16.44,0.12,0.022566944360733032,1.1030426025390625,-21.736163859999998,10488,55,0.0005,0.9071587324142456,184120,184019,3324
19.821136474609375,16.36,0.1,0.023944804444909096,1.2066380977630615,-22.239479659999997,10492,55,0.0005,0.3726644515991211,184181,184080,3325
20.50307846069336,16.45,0.09,0.025350742042064667,0.000641554594039917,-22.425282329999995,10496,55,0.0005,0.17960891127586365,184260,184159,3326
19.897886276245117,16.68,0.08,0.025065697729587555,-0.5527467131614685,-22.686137830000003,10500,55,0.0005,0.37267160415649414,184337,184236,3327
19.41034698486328,16.64,0.06,0.024840371683239937,-0.8192421197891235,-23.079292870000003,10504,55,0.0005,0.5015487670898438,184402,184301,3328
20.212963104248047,16.56,0.06,0.02471228688955307,0.41080451011657715,-23.17962266,10508,55,0.0005,0.8770445585250854,184456,184355,3329
21.090839385986328,16.69,0.08,0.025091366842389107,0.2876272201538086,-22.733161090000003,10512,55,0.0005,0.2819274067878723,184530,184429,3330
20.563737869262695,16.52,0.09,0.02482645772397518,0.05139875411987305,-22.578763280000004,10516,55,0.0005,0.7220638990402222,184596,184495,3331
19.85065460205078,16.6,0.07,0.024808820337057114,-0.3616248071193695,-22.886275360000003,10520,55,0.0005,0.9973968863487244,184667,184566,3332
19.527355194091797,16.49,0.07,0.02455318532884121,0.021423783153295517,-22.87706508,10524,55,0.0005,0.24963420629501343,184733,184632,3333
19.670482635498047,16.44,0.07,0.025040635839104652,1.0643281936645508,-22.869169060000004,10528,55,0.0005,0.16895337402820587,184793,184692,3334
20.147361755371094,16.53,0.06,0.025682466104626656,-0.23597067594528198,-23.03197467,10532,55,0.0005,0.739920973777771,184868,184767,3335
19.601518630981445,16.36,0.06,0.025295494124293327,0.030193738639354706,-23.04837133,10536,55,0.0005,0.18971037864685059,184931,184830,3336
19.69293785095215,16.54,0.06,0.025853384286165237,-0.11523932218551636,-23.004631220000007,10540,55,0.0005,0.6807922124862671,185009,184908,3337
19.626941680908203,16.68,0.06,0.02659093774855137,0.24916107952594757,-22.991328950000003,10544,55,0.0005,0.3965795636177063,185079,184978,3338
19.677112579345703,16.81,0.06,0.027058351784944534,0.16255328059196472,-23.04370372,10548,55,0.0005,0.14657019078731537,185165,185064,3339
20.161785125732422,16.95,0.05,0.026683086529374123,0.308200478553772,-23.372347149999996,10552,55,0.0005,0.15976959466934204,185242,185141,3340
19.710792541503906,16.83,0.05,0.026721276342868805,0.22908222675323486,-23.31762369,10556,55,0.0005,0.10702823847532272,185311,185210,3341
20.344402313232422,16.97,0.06,0.02635158970952034,0.45959189534187317,-23.053228680000004,10560,55,0.0005,0.7900736331939697,185379,185278,3342
19.255535125732422,17.11,0.06,0.026116685941815376,-0.3140643537044525,-23.013132419999998,10564,55,0.0005,0.20262578129768372,185453,185352,3343
21.24466323852539,16.96,0.06,0.02659221738576889,-0.3690209686756134,-23.091795419999997,10568,55,0.0005,0.3527505099773407,185505,185404,3344
19.682601928710938,16.93,0.06,0.026001885533332825,0.1681440770626068,-23.14617681,10572,55,0.0005,0.887610912322998,185567,185466,3345
19.835853576660156,16.93,0.07,0.026395076885819435,-1.35850191116333,-22.9211212,10576,55,0.0005,0.33046841621398926,185633,185532,3346
19.687686920166016,17.04,0.08,0.026680437847971916,0.6255145072937012,-22.687290199999993,10580,55,0.0005,0.1380678117275238,185705,185604,3347
20.15695571899414,17.02,0.08,0.026684008538722992,-0.685961902141571,-22.631834089999998,10584,55,0.0005,0.6056736707687378,185765,185664,3348
19.818893432617188,17.08,0.08,0.026286093518137932,0.12657992541790009,-22.560794660000003,10588,55,0.0005,0.4007081389427185,185828,185727,3349
20.21880340576172,17.16,0.1,0.026340842247009277,-0.12238205969333649,-22.154663239999994,10592,55,0.0005,0.30973994731903076,185897,185796,3350
20.397144317626953,16.98,0.11,0.025937102735042572,-0.7178068161010742,-22.00416065,10596,55,0.0005,0.3127672076225281,185958,185857,3351
19.346141815185547,16.81,0.12,0.025752807036042213,0.18741536140441895,-21.762894049999996,10600,55,0.0005,1.3850657939910889,186018,185917,3352
19.60167694091797,16.83,0.12,0.026425838470458984,0.1464965045452118,-21.73411626,10604,55,0.0005,0.5664700269699097,186085,185984,3353
19.89232635498047,16.91,0.12,0.026175806298851967,-0.30855876207351685,-21.662441460000004,10608,55,0.0005,0.19447734951972961,186147,186046,3354
19.61774444580078,16.87,0.1,0.025479208678007126,-0.17288467288017273,-21.981192389999997,10612,55,0.0005,0.23130697011947632,186217,186116,3355
20.844505310058594,16.98,0.1,0.024627462029457092,-1.0885738134384155,-21.993992159999998,10616,55,0.0005,0.4428541958332062,186294,186193,3356
20.714656829833984,16.98,0.1,0.023760775104165077,0.5390366911888123,-22.040162870000003,10620,55,0.0005,0.3982618451118469,186365,186264,3357
22.462276458740234,16.94,0.11,0.024511387571692467,-0.4630671441555023,-21.81404783,10624,55,0.0005,0.1448490172624588,186427,186326,3358
20.267452239990234,16.95,0.11,0.02415201999247074,-1.0084865093231201,-21.81099275,10628,55,0.0005,0.46474069356918335,186488,186387,3359
20.41522789001465,16.77,0.11,0.02353040501475334,-0.4111437201499939,-21.895931530000002,10632,55,0.0005,0.3471031188964844,186545,186444,3359
20.057266235351562,16.72,0.11,0.023530103266239166,-1.750380039215088,-21.927573559999995,10636,55,0.0005,0.14503279328346252,186603,186502,3360
18.472618103027344,16.66,0.11,0.022717120125889778,0.30720648169517517,-21.885404240000003,10640,55,0.0005,0.10604864358901978,186675,186574,3361
19.32041358947754,16.59,0.12,0.022737234830856323,-0.0828922688961029,-21.741577189999997,10644,55,0.0005,0.07122190296649933,186738,186637,3362
21.052570343017578,16.41,0.11,0.022165080532431602,-1.2579129934310913,-21.911562800000002,10648,55,0.0005,0.33575940132141113,186806,186705,3363
19.445343017578125,16.34,0.11,0.021667582914233208,0.3707095980644226,-21.857159269999997,10652,55,0.0005,0.8913500308990479,186876,186775,3364
18.580509185791016,16.34,0.11,0.02234603837132454,1.6820839643478394,-21.926031830000003,10656,55,0.0005,0.19063898921012878,186945,186844,3365
18.9620304107666,16.3,0.1,0.022572843357920647,0.6078079342842102,-22.196895750000003,10660,55,0.0005,0.32527822256088257,187009,186908,3366
20.792272567749023,16.24,0.11,0.022454464808106422,-1.2411348819732666,-22.075465440000002,10664,55,0.0005,0.42414987087249756,187077,186976,3367
17.782331466674805,16.43,0.13,0.021847199648618698,0.569948136806488,-21.60736293,10668,55,0.0005,0.9807057976722717,187148,187047,3368
19.107009887695312,16.46,0.14,0.022448768839240074,1.0713739395141602,-21.35953792,10672,55,0.0005,0.35493186116218567,187213,187112,3369
20.043697357177734,16.49,0.13,0.022449657320976257,-0.7457830905914307,-21.511332980000002,10676,55,0.0005,0.25509703159332275,187282,187181,3370
19.03519058227539,16.36,0.12,0.02222796529531479,1.1436728239059448,-21.75375506,10680,55,0.0005,0.5266153812408447,187341,187240,3371
20.051040649414062,16.51,0.13,0.02247602865099907,0.8764829635620117,-21.559689109999994,10684,55,0.0005,0.741326630115509,187416,187315,3372
18.786571502685547,16.5,0.14,0.022296078503131866,-0.30238980054855347,-21.403679710000002,10688,55,0.0005,0.558102548122406,187478,187377,3373
19.091564178466797,16.46,0.13,0.021894581615924835,0.22043269872665405,-21.54011007,10692,55,0.0005,0.3009914755821228,187543,187442,3374
19.250703811645508,16.32,0.13,0.022201884537935257,0.6227409839630127,-21.57300089,10696,55,0.0005,0.06306660175323486,187590,187489,3375
19.34029769897461,16.44,0.15,0.02230173535645008,-0.22119727730751038,-21.124416999999998,10700,55,0.0005,0.07368498295545578,187662,187561,3376
20.506669998168945,16.58,0.16,0.022023536264896393,-1.3330645561218262,-20.91776685,10704,55,0.0005,0.09990955889225006,187743,187642,3377
18.524703979492188,16.61,0.16,0.02131318487226963,-0.7385129928588867,-20.975707800000006,10708,55,0.0005,0.5637648105621338,187808,187707,3378
19.36815071105957,16.68,0.17,0.02162731997668743,0.9618951082229614,-20.86644834,10712,55,0.0005,0.41560906171798706,187885,187784,3379
20.171127319335938,16.54,0.16,0.021973976865410805,-0.03970789909362793,-21.03143204,10716,55,0.0005,0.5273112058639526,187948,187847,3380
19.076141357421875,16.56,0.17,0.021329130977392197,0.5573426485061646,-20.875458980000005,10720,55,0.0005,0.5822043418884277,188021,187920,3381
18.284406661987305,16.59,0.16,0.021475305780768394,1.0258753299713135,-21.14305477,10724,55,0.0005,0.913925290107727,188086,187985,3382
21.71263885498047,16.67,0.16,0.022372715175151825,0.48725858330726624,-21.025644279999998,10728,55,0.0005,0.15985596179962158,188155,188054,3383
19.296951293945312,16.84,0.16,0.02266731858253479,0.013012170791625977,-20.855978190000002,10732,55,0.0005,0.2592114806175232,188229,188128,3384
19.837268829345703,16.8,0.17,0.022742681205272675,-0.4781450927257538,-20.633091090000004,10736,55,0.0005,0.11514414846897125,188283,188182,3385
20.416475296020508,16.84,0.19,0.023159613832831383,0.17956626415252686,-20.299207350000003,10740,55,0.0005,0.15683355927467346,188359,188258,3386
20.45402717590332,16.74,0.18,0.023095054551959038,-0.31957072019577026,-20.48259697,10744,55,0.0005,0.2784397602081299,188412,188311,3387
19.520427703857422,16.81,0.19,0.023166311904788017,0.016309164464473724,-20.247467170000004,10748,55,0.0005,0.464284747838974,188487,188386,3388
19.547710418701172,16.87,0.2,0.023206351324915886,0.07628712058067322,-19.948635769999996,10752,55,0.0005,0.6372894048690796,188563,188462,3389
19.555757522583008,16.78,0.21,0.023191124200820923,-0.5360608696937561,-19.745378669999997,10756,55,0.0005,0.5202481746673584,188623,188522,3390
18.85843276977539,16.86,0.21,0.02306213416159153,0.5492895841598511,-19.578235149999998,10760,55,0.0005,0.5051359534263611,188695,188594,3391
20.53997802734375,16.78,0.2,0.02340569905936718,-0.08668697625398636,-19.7580983,10764,55,0.0005,0.16644316911697388,188755,188654,3392
20.238136291503906,16.88,0.18,0.023350847885012627,-0.008726164698600769,-20.160003810000003,10768,55,0.0005,0.9302378296852112,188836,188735,3393
19.77859115600586,16.86,0.17,0.023652927950024605,0.0017766207456588745,-20.37025838,10772,55,0.0005,0.5291671752929688,188899,188798,3394
19.42896270751953,16.88,0.18,0.02357403002679348,0.8063340187072754,-20.20353914,10776,55,0.0005,0.23787277936935425,188970,188869,3395
19.611682891845703,17.0,0.19,0.02437760680913925,-0.0007162541151046753,-19.93789786,10780,55,0.0005,0.34910619258880615,189041,188940,3396
21.624887466430664,16.86,0.18,0.024233916774392128,-1.3569066524505615,-20.15421538,10784,55,0.0005,0.2785002589225769,189102,189001,3397
18.797012329101562,16.98,0.17,0.02317195199429989,-1.2281231880187988,-20.37091569,10788,55,0.0005,0.3457462191581726,189176,189075,3398
20.335168838500977,16.83,0.16,0.022828100249171257,0.9594242572784424,-20.66243147,10792,55,0.0005,0.16675187647342682,189226,189125,3399
19.319324493408203,17.01,0.15,0.0233587808907032,0.5547528266906738,-20.859156260000006,10796,55,0.0005,0.1977793574333191,189291,189190,3400
19.773414611816406,16.84,0.12,0.023746276274323463,-0.14018197357654572,-21.45830971,10800,55,0.0005,0.14436766505241394,189346,189245,3401
20.04938507080078,16.62,0.12,0.023837104439735413,0.7756549715995789,-21.53369771,10804,55,0.0005,0.9190689325332642,189405,189304,3402
19.925724029541016,16.57,0.12,0.024142343550920486,0.5260884761810303,-21.509942109999997,10808,55,0.0005,0.16497954726219177,189465,189364,3402
20.589664459228516,16.55,0.11,0.02390350215137005,0.3996165990829468,-21.62500262,10812,55,0.0005,0.17457182705402374,189540,189439,3404
19.774822235107422,16.54,0.12,0.023670528084039688,-0.6955908536911011,-21.4775069,10816,55,0.0005,0.15251848101615906,189602,189501,3405
19.10320281982422,16.31,0.13,0.023834580555558205,0.1888231337070465,-21.324323400000004,10820,55,0.0005,0.1449432075023651,189652,189551,3405
19.69613265991211,16.37,0.14,0.024040373042225838,0.13769406080245972,-21.069941310000004,10824,55,0.0005,0.7464814186096191,189723,189622,3406
18.610050201416016,16.53,0.16,0.023568622767925262,-0.39234545826911926,-20.78459871,10828,55,0.0005,2.1549301147460938,189808,189707,3408
20.19426727294922,16.48,0.17,0.02395687624812126,-0.08660078048706055,-20.68389877,10832,55,0.0005,0.1200614869594574,189877,189776,3409
20.336925506591797,16.52,0.17,0.02431386336684227,-0.08690030872821808,-20.612686769999996,10836,55,0.0005,0.4028979539871216,189935,189834,3409
19.712203979492188,16.36,0.15,0.024122169241309166,0.03997043892741203,-21.05758426,10840,55,0.0005,0.16993582248687744,189995,189894,3410
20.32366943359375,16.49,0.15,0.02335410937666893,-1.00154709815979,-21.03042473,10844,54,0.0005,0.15532997250556946,190061,189960,3458
19.127281188964844,16.5,0.14,0.022410539910197258,-0.7057875394821167,-21.21242841,10848,54,0.0005,0.5054551959037781,190137,190036,3460
19.727867126464844,16.51,0.15,0.02287556231021881,-0.5676754713058472,-21.03740179,10852,54,0.0005,0.10485967248678207,190214,190113,3461
21.132720947265625,16.49,0.14,0.022959664463996887,-0.2119143009185791,-21.28659403,10856,54,0.0005,0.5996631383895874,190272,190171,3462
19.0291748046875,16.72,0.14,0.02221051976084709,0.2513466477394104,-21.391248599999997,10860,54,0.0005,0.730760931968689,190367,190266,3463
19.329391479492188,16.76,0.13,0.023290209472179413,1.326200246810913,-21.55608684,10864,54,0.0005,0.455888569355011,190431,190330,3464
20.7623291015625,16.68,0.15,0.023651646450161934,-0.4300152659416199,-21.187506890000005,10868,54,0.0005,0.41867518424987793,190504,190403,3465
19.323728561401367,16.69,0.16,0.022927723824977875,-1.4556753635406494,-21.03467741,10872,54,0.0005,0.11563530564308167,190568,190467,3466
19.660308837890625,16.53,0.18,0.022344311699271202,0.8675354719161987,-20.633567239999998,10876,54,0.0005,0.12473990023136139,190623,190522,3467
19.16515350341797,16.37,0.18,0.022883400321006775,0.012903213500976562,-20.74877698,10880,54,0.0005,0.2541968822479248,190678,190577,3468
19.767974853515625,16.49,0.19,0.023231657221913338,0.48522165417671204,-20.49469271,10884,54,0.0005,0.3267170488834381,190751,190650,3469
19.922588348388672,16.31,0.2,0.02320948988199234,0.6547461748123169,-20.272247979999996,10888,54,0.0005,0.11173860728740692,190807,190706,3469
19.42333984375,16.41,0.2,0.023545024916529655,0.22002887725830078,-20.214693389999994,10892,54,0.0005,0.20511320233345032,190867,190766,3470
19.681060791015625,16.42,0.21,0.024042489007115364,0.9059395790100098,-19.924053839999996,10896,54,0.0005,0.08425989747047424,190933,190832,3471
19.463245391845703,16.59,0.25,0.024772729724645615,0.3259753882884979,-19.14351142,10900,54,0.0005,0.10410340875387192,191005,190904,3472
19.66781234741211,16.55,0.24,0.024932248517870903,0.033002644777297974,-19.354639089999996,10904,55,0.0005,0.3841856122016907,191060,190959,3473
19.778575897216797,16.5,0.24,0.024507269263267517,0.38365674018859863,-19.41105891,10908,55,0.0005,2.0446088314056396,191115,191014,3474
19.531780242919922,16.45,0.24,0.024319177493453026,-0.37008240818977356,-19.494893750000003,10912,55,0.0005,0.6961926221847534,191185,191084,3475
19.56332015991211,16.45,0.23,0.023868126794695854,0.8985869288444519,-19.67723449,10916,55,0.0005,0.23579315841197968,191247,191146,3476
21.134971618652344,16.61,0.22,0.023556802421808243,-0.7428302764892578,-19.851222069999995,10920,55,0.0005,0.17286796867847443,191313,191212,3477
21.229673385620117,16.6,0.22,0.02327052690088749,0.9815958738327026,-19.860639430000003,10924,55,0.0005,0.3442683815956116,191383,191282,3478
20.065364837646484,16.26,0.2,0.023525295779109,1.4812037944793701,-20.321735320000002,10928,55,0.0005,0.5600439310073853,191434,191333,3479
19.414369583129883,16.18,0.19,0.02439936436712742,1.0455701351165771,-20.505101420000003,10932,55,0.0005,0.17194513976573944,191495,191394,3480
19.695466995239258,16.36,0.18,0.025199079886078835,-0.5094621181488037,-20.737460239999997,10936,55,0.0005,0.0930493026971817,191571,191470,3481
18.855731964111328,16.58,0.18,0.024642374366521835,0.17450135946273804,-20.65996928,10940,55,0.0005,0.13299071788787842,191653,191552,3482
19.660877227783203,16.67,0.18,0.024955281987786293,0.12355625629425049,-20.560856169999997,10944,55,0.0005,0.5529581308364868,191728,191627,3483
18.695566177368164,16.57,0.18,0.024860912933945656,0.364707887172699,-20.615514440000002,10948,55,0.0005,0.7010703086853027,191794,191693,3484
20.294269561767578,16.57,0.16,0.025011571124196053,-0.4349058270454407,-21.00129083,10952,55,0.0005,0.46447426080703735,191871,191770,3485
19.138961791992188,16.74,0.18,0.024967864155769348,0.13444724678993225,-20.622414819999996,10956,55,0.0005,0.2417098432779312,191946,191845,3486
20.034931182861328,16.58,0.2,0.025221873074769974,-0.22977948188781738,-20.241055069999998,10960,55,0.0005,0.1167389452457428,192025,191924,3487
19.224544525146484,16.64,0.2,0.02458551898598671,-0.5983154773712158,-20.2446099,10964,55,0.0005,0.2746966481208801,192095,191994,3488
20.382747650146484,16.65,0.19,0.024370528757572174,0.17168305814266205,-20.373747160000004,10968,55,0.0005,0.10988418012857437,192169,192068,3490
18.905771255493164,16.67,0.18,0.024390418082475662,-0.5457639694213867,-20.482374500000002,10972,55,0.0005,0.7330466508865356,192235,192134,3490
21.392333984375,16.76,0.15,0.023913772776722908,-0.9818529486656189,-21.02169477,10976,55,0.0005,0.2614182233810425,192299,192198,3491
19.587440490722656,16.84,0.15,0.023583076894283295,0.8372266292572021,-20.99463264,10980,55,0.0005,0.4880563020706177,192362,192261,3492
19.03603744506836,16.73,0.15,0.024646932259202003,0.3864961266517639,-21.01137695,10984,55,0.0005,0.479637086391449,192424,192323,3493
19.607929229736328,16.9,0.14,0.02440793439745903,0.35599377751350403,-21.22396291,10988,55,0.0005,0.12426121532917023,192497,192396,3494
19.620038986206055,17.14,0.14,0.022970931604504585,0.04052281379699707,-21.119068470000002,10992,55,0.0005,0.6053046584129333,192581,192480,3496
19.646991729736328,17.09,0.13,0.02316371165215969,0.19123922288417816,-21.356277139999996,10996,55,0.0005,0.23981690406799316,192642,192541,3497
18.009124755859375,17.01,0.1,0.0229578148573637,0.46420612931251526,-21.85342052,11000,55,0.0005,0.2480827271938324,192706,192605,3497
19.13142967224121,17.19,0.1,0.02320782281458378,0.6473283767700195,-21.801641540000002,11004,55,0.0005,0.14496634900569916,192779,192678,3499
20.942848205566406,17.27,0.11,0.02361072041094303,0.014126360416412354,-21.49292312,11008,55,0.0005,0.20743978023529053,192842,192741,3499
20.107994079589844,17.25,0.11,0.023532183840870857,0.5730186104774475,-21.5326804,11012,55,0.0005,0.8335232734680176,192910,192809,3500
19.051340103149414,17.2,0.11,0.024047458544373512,0.41103482246398926,-21.543819030000005,11016,55,0.0005,0.3169139325618744,192967,192866,3501
21.06927490234375,17.21,0.1,0.024088330566883087,0.3437705636024475,-21.677506299999994,11020,55,0.0005,0.413869172334671,193034,192933,3502
19.571287155151367,17.23,0.1,0.023654967546463013,0.4272811710834503,-21.679027130000005,11024,55,0.0005,1.121488332748413,193106,193005,3503
19.11955451965332,17.27,0.1,0.024022016674280167,1.3465816974639893,-21.61040302,11028,55,0.0005,0.4260796308517456,193161,193060,3504
19.907058715820312,17.34,0.1,0.024513935670256615,-0.01871679723262787,-21.57122935,11032,55,0.0005,0.6300628185272217,193229,193128,3505
19.48868179321289,17.2,0.11,0.02412668615579605,-1.237074851989746,-21.371838699999994,11036,55,0.0005,0.678619384765625,193291,193190,3506
19.7504825592041,17.14,0.14,0.02311786264181137,-0.43765777349472046,-20.833639400000006,11040,55,0.0005,0.10297542065382004,193367,193266,3507
18.9713134765625,17.06,0.14,0.02295444719493389,-0.008979618549346924,-20.887014499999996,11044,55,0.0005,0.3541642427444458,193434,193333,3508
20.423240661621094,16.94,0.14,0.022751078009605408,-0.5556575059890747,-20.90726664,11048,55,0.0005,0.1306840032339096,193488,193387,3509
20.309917449951172,16.85,0.15,0.022606633603572845,-1.101467251777649,-20.73358022,11052,55,0.0005,0.1694033145904541,193556,193455,3510
18.697086334228516,16.78,0.15,0.02242797613143921,0.18270857632160187,-20.71772867,11056,55,0.0005,0.40031570196151733,193624,193523,3511
20.02330207824707,16.73,0.13,0.023153286427259445,-0.2190227210521698,-21.00398909,11060,55,0.0005,1.2865039110183716,193698,193597,3512
19.309288024902344,16.69,0.13,0.023627573624253273,-0.22036272287368774,-21.02059274,11064,55,0.0005,0.6957598924636841,193764,193663,3513
20.428035736083984,16.49,0.12,0.024097172543406487,1.3904945850372314,-21.35039609,11068,55,0.0005,0.27378028631210327,193818,193717,3514
21.00112533569336,16.4,0.12,0.024517197161912918,-0.3844326138496399,-21.41146773,11072,55,0.0005,0.23666241765022278,193875,193774,3515
19.19780731201172,16.51,0.14,0.024212587624788284,-0.04786837100982666,-21.04567442,11076,55,0.0005,0.20886078476905823,193950,193849,3516
18.032421112060547,16.61,0.14,0.023515576496720314,-0.2428419142961502,-20.93473734,11080,55,0.0005,0.2226412296295166,194023,193922,3517
18.99979591369629,16.67,0.13,0.02329418621957302,-0.1947559267282486,-21.091753129999997,11084,55,0.0005,0.3534929156303406,194091,193990,3518
18.43036460876465,16.7,0.13,0.02320566587150097,-0.7998591065406799,-20.994772030000004,11088,55,0.0005,0.17869767546653748,194167,194066,3519
20.095197677612305,16.58,0.13,0.022799311205744743,-0.971153974533081,-21.272189260000005,11092,55,0.0005,0.7386431694030762,194239,194138,3520
19.403520584106445,16.48,0.13,0.02293875254690647,0.11023221909999847,-21.324473070000003,11096,55,0.0005,0.25056666135787964,194290,194189,3521
18.760801315307617,16.64,0.13,0.02326894737780094,-0.18329903483390808,-21.357616739999994,11100,55,0.0005,0.09626612812280655,194370,194269,3522
20.917648315429688,16.7,0.13,0.023690063506364822,0.12308093905448914,-21.36958237,11104,55,0.0005,0.372810423374176,194449,194348,3523
19.836345672607422,16.87,0.12,0.023316139355301857,-0.3975173234939575,-21.648269690000003,11108,55,0.0005,0.2901536822319031,194529,194428,3524
18.79595947265625,16.98,0.12,0.023652030155062675,1.6752980947494507,-21.733042259999998,11112,55,0.0005,0.2948988080024719,194608,194507,3525
20.439313888549805,17.07,0.12,0.02444474585354328,-0.8372828960418701,-21.668832930000004,11116,55,0.0005,0.684840977191925,194674,194573,3526
20.506240844726562,17.08,0.13,0.023289525881409645,-0.2574465274810791,-21.560145970000004,11120,55,0.0005,0.5752882361412048,194742,194641,3527
19.108131408691406,16.98,0.12,0.023567430675029755,1.242989182472229,-21.9226324,11124,55,0.0005,1.2769895792007446,194804,194703,3528
19.61619758605957,17.12,0.13,0.025168033316731453,0.9366936683654785,-21.73671278999999,11128,55,0.0005,0.21581175923347473,194873,194772,3529
19.796356201171875,17.17,0.13,0.025663163512945175,0.3864217698574066,-21.793700730000005,11132,55,0.0005,0.657250165939331,194946,194845,3530
18.992504119873047,17.25,0.12,0.025592820718884468,0.21698276698589325,-21.94788715,11136,55,0.0005,0.628259539604187,195016,194915,3531
19.07117462158203,17.09,0.09,0.025487452745437622,-0.10372402518987656,-22.538508219999997,11140,55,0.0005,0.20380473136901855,195076,194975,3532
21.099334716796875,17.05,0.11,0.025928707793354988,-0.5818219780921936,-22.179600989999994,11144,55,0.0005,0.12565645575523376,195139,195038,3533
21.13063621520996,17.14,0.11,0.024967225268483162,-0.8182855844497681,-22.137366979999996,11148,55,0.0005,0.22486217319965363,195202,195101,3534
19.13912582397461,16.98,0.1,0.024233747273683548,-0.6997618675231934,-22.42912648,11152,55,0.0005,0.6158409714698792,195254,195153,3535
19.745487213134766,16.91,0.08,0.023722223937511444,0.1414545774459839,-22.809040690000003,11156,55,0.0005,0.32761847972869873,195315,195214,3536
21.253009796142578,16.81,0.08,0.0235286932438612,0.10606694221496582,-22.831723110000002,11160,55,0.0005,0.18035432696342468,195379,195278,3537
19.581523895263672,16.84,0.08,0.023435533046722412,0.21596413850784302,-22.8087586,11164,55,0.0005,0.22272950410842896,195448,195347,3538
18.17056655883789,16.94,0.08,0.023314110934734344,-0.053461670875549316,-22.689703569999995,11168,55,0.0005,0.9485390186309814,195512,195411,3539
20.232879638671875,17.07,0.09,0.023575574159622192,0.8898338675498962,-22.488997759999997,11172,55,0.0005,0.2748969793319702,195582,195481,3540
19.47555160522461,16.87,0.07,0.024012194946408272,1.021667242050171,-22.98941732,11176,55,0.0005,0.22914284467697144,195637,195536,3541
19.59297752380371,16.68,0.06,0.02448790706694126,0.3132476210594177,-23.30195,11180,55,0.0005,0.19095203280448914,195691,195590,3541
19.33974838256836,16.7,0.07,0.024267999455332756,-0.24676482379436493,-23.14009645,11184,55,0.0005,0.13195198774337769,195761,195660,3542
20.568798065185547,16.47,0.08,0.024741068482398987,-0.02908642590045929,-23.03373943,11188,55,0.0005,0.25600799918174744,195814,195713,3543
19.869586944580078,16.36,0.09,0.02450764738023281,0.39407971501350403,-22.602652359999997,11192,55,0.0005,0.13937848806381226,195875,195774,3544
19.91584014892578,16.55,0.09,0.024838747456669807,0.04220670461654663,-22.40237279,11196,55,0.0005,0.8482366800308228,195945,195844,3545
19.462862014770508,16.37,0.08,0.025246798992156982,0.6848570704460144,-22.67956724,11200,55,0.0005,0.30339914560317993,196007,195906,3546
19.154756546020508,16.12,0.08,0.025660449638962746,0.9791661500930786,-22.678815670000002,11204,55,0.0005,0.28903278708457947,196061,195960,3547
19.68545150756836,16.07,0.09,0.026431860402226448,-0.0333833321928978,-22.441478710000005,11208,55,0.0005,0.1023256704211235,196136,196035,3549
19.212074279785156,15.95,0.09,0.026645349338650703,0.06080740690231323,-22.290291950000004,11212,55,0.0005,0.17226040363311768,196203,196102,3551
19.28421401977539,15.97,0.09,0.02708265371620655,-0.6114094257354736,-22.317262330000002,11216,55,0.0005,0.20401892066001892,196271,196170,3553
19.25258445739746,16.05,0.08,0.027152536436915398,0.060833364725112915,-22.39799694,11220,55,0.0005,0.22152677178382874,196347,196246,3554
19.418384552001953,16.08,0.08,0.026808617636561394,-0.3865363299846649,-22.18965898,11224,55,0.0005,0.11423945426940918,196412,196311,3556
19.519039154052734,16.04,0.07,0.026361048221588135,-0.19920408725738525,-22.380629319999997,11228,55,0.0005,0.5001793503761292,196477,196376,3558
19.654949188232422,15.87,0.08,0.026068024337291718,-0.29829150438308716,-22.204549440000005,11232,55,0.0005,0.11321340501308441,196533,196432,3559
19.322208404541016,15.79,0.08,0.025759445503354073,-0.14474543929100037,-22.26602631,11236,55,0.0005,0.5107768774032593,196595,196494,3561
19.47402572631836,15.93,0.09,0.02595522254705429,1.0084500312805176,-22.071253459999998,11240,55,0.0005,0.19377535581588745,196669,196568,3562
18.095962524414062,15.91,0.07,0.026026807725429535,0.40147972106933594,-22.48682524,11244,55,0.0005,2.131847858428955,196730,196629,3564
20.58993148803711,15.89,0.07,0.026212802156805992,1.1406757831573486,-22.4794869,11248,55,0.0005,1.1004433631896973,196791,196690,3565
22.233482360839844,15.9,0.07,0.02559083141386509,-1.079872965812683,-22.475332690000005,11252,55,0.0005,0.7580925822257996,196844,196743,3567
21.738866806030273,16.05,0.07,0.024017618969082832,-0.1082620620727539,-22.50188158,11256,55,0.0005,0.7489075064659119,196920,196819,3569
21.285980224609375,16.06,0.07,0.025033937767148018,-0.506618857383728,-22.556510320000008,11260,55,0.0005,0.24488011002540588,196985,196884,3570
19.873916625976562,16.03,0.07,0.024683941155672073,-1.91416335105896,-22.586585650000004,11264,55,0.0005,0.44325172901153564,197051,196950,3572
19.63957977294922,16.0,0.07,0.024665603414177895,1.696784496307373,-22.633365910000002,11268,55,0.0005,0.6568906307220459,197112,197011,3573
20.776273727416992,15.94,0.08,0.025600722059607506,-0.4490222632884979,-22.442068730000006,11272,55,0.0005,0.5037003755569458,197176,197075,3575
19.620677947998047,16.02,0.09,0.02522253431379795,0.5828975439071655,-22.20747728,11276,55,0.0005,0.3296314775943756,197239,197138,3576
19.70029640197754,16.13,0.1,0.024927541613578796,-0.3169531226158142,-22.020924789999995,11280,55,0.0005,0.21239185333251953,197304,197203,3578
19.603439331054688,16.11,0.09,0.024644453078508377,-0.09419965744018555,-22.138215549999998,11284,55,0.0005,0.16628696024417877,197372,197271,3580
20.320999145507812,16.28,0.08,0.02501096948981285,0.536340594291687,-22.29585828,11288,55,0.0005,0.5331307649612427,197442,197341,3581
18.806825637817383,16.29,0.07,0.025188034400343895,0.1391153484582901,-22.478220989999997,11292,55,0.0005,0.15122394263744354,197504,197403,3583
18.814781188964844,16.35,0.08,0.025485891848802567,1.182755470275879,-22.34713394,11296,55,0.0005,0.4258081912994385,197580,197479,3585
17.774017333984375,16.48,0.09,0.026010684669017792,-0.0084591805934906,-22.075584709999998,11300,55,0.0005,0.23814049363136292,197655,197554,3587
20.063922882080078,16.48,0.09,0.02668742462992668,0.7695294618606567,-22.088347439999996,11304,55,0.0005,0.3466129004955292,197709,197608,3588
18.732608795166016,16.34,0.08,0.026694750413298607,0.08234567195177078,-22.294804680000002,11308,55,0.0005,0.21607010066509247,197770,197669,3589
19.963417053222656,16.34,0.09,0.026762425899505615,-0.8453309535980225,-22.178396780000003,11312,55,0.0005,0.11736051738262177,197837,197736,3591
19.900833129882812,16.43,0.1,0.026045914739370346,-0.008115619421005249,-21.948637530000006,11316,55,0.0005,0.2139613926410675,197914,197813,3593
17.182666778564453,16.29,0.11,0.02652190998196602,0.23610034584999084,-21.79307037,11320,55,0.0005,0.4461044371128082,197976,197875,3594
20.793170928955078,16.34,0.12,0.027102993801236153,-0.7287372350692749,-21.64446883,11324,55,0.0005,0.17085763812065125,198046,197945,3596
20.010772705078125,16.36,0.12,0.026073915883898735,-1.1857776641845703,-21.603122479999996,11328,55,0.0005,0.7003239393234253,198113,198012,3598
18.917865753173828,16.46,0.11,0.02556605450809002,-0.1217573881149292,-21.751727080000006,11332,55,0.0005,0.5139870643615723,198179,198078,3599
18.791893005371094,16.53,0.11,0.025710655376315117,0.5343070030212402,-21.72937121,11336,55,0.0005,0.3452340364456177,198248,198147,3601
19.83221435546875,16.57,0.1,0.02565300650894642,-1.595499038696289,-21.83908432,11340,55,0.0005,0.11246335506439209,198326,198225,3603
18.814855575561523,16.59,0.12,0.025295674800872803,0.6056240797042847,-21.431702549999997,11344,55,0.0005,0.49235934019088745,198389,198288,3605
19.133342742919922,16.7,0.13,0.025362035259604454,0.035355716943740845,-21.21620907,11348,55,0.0005,0.3200332522392273,198461,198360,3606
21.361740112304688,16.75,0.13,0.025659911334514618,0.28347814083099365,-21.164996179999992,11352,55,0.0005,0.9035110473632812,198519,198418,3608
19.164901733398438,16.57,0.13,0.02547706849873066,0.20124571025371552,-21.193544699999997,11356,55,0.0005,0.536380410194397,198577,198476,3609
20.405899047851562,16.47,0.14,0.02511347085237503,0.02542085200548172,-21.043177729999996,11360,55,0.0005,0.15815387666225433,198632,198531,3610
21.175891876220703,16.48,0.15,0.025018149986863136,-0.42133331298828125,-20.83313928,11364,55,0.0005,0.13027706742286682,198699,198598,3612
20.1328067779541,16.64,0.17,0.02490093559026718,-0.4692215323448181,-20.479153609999997,11368,54,0.0005,0.14400452375411987,198776,198675,3614
18.57332992553711,16.72,0.16,0.025697460398077965,0.8562329411506653,-20.578794589999998,11372,54,0.0005,0.21842163801193237,198848,198747,3616
20.633203506469727,16.68,0.16,0.02681991457939148,-0.8529933094978333,-20.560174569999994,11376,54,0.0005,0.7282681465148926,198907,198806,3617
20.086406707763672,16.72,0.15,0.02599075436592102,-0.1198987364768982,-20.66299919,11380,54,0.0005,0.158780038356781,198976,198875,3619
20.128082275390625,16.7,0.17,0.025406554341316223,-0.013135090470314026,-20.307216490000002,11384,54,0.0005,0.3429766893386841,199042,198941,3621
20.24338150024414,16.61,0.17,0.025583967566490173,-0.06371892988681793,-20.330203559999998,11388,54,0.0005,0.12851384282112122,199103,199002,3622
20.504043579101562,16.73,0.18,0.025302637368440628,-0.3833257555961609,-20.114109130000003,11392,54,0.0005,0.3982194662094116,199177,199076,3624
18.735177993774414,16.66,0.19,0.024840833619236946,0.8884968161582947,-19.92406866,11396,54,0.0005,0.2190781533718109,199246,199145,3625
19.221948623657227,16.47,0.2,0.025011034682393074,-0.3835955262184143,-19.75833776,11400,54,0.0005,0.774477481842041,199302,199201,3626
19.912050247192383,16.62,0.2,0.024923233315348625,-0.6335110664367676,-19.69440568,11404,54,0.0005,0.14899690449237823,199371,199270,3627
19.233104705810547,16.66,0.21,0.02460370399057865,-0.7230762243270874,-19.4808074,11408,54,0.0005,0.262942373752594,199436,199335,3628
18.595890045166016,16.72,0.22,0.02491011656820774,0.6597060561180115,-19.21056605,11412,54,0.0005,0.176107719540596,199509,199408,3629
20.136077880859375,16.47,0.22,0.025530261918902397,-0.004756506532430649,-19.32872459,11416,54,0.0005,0.08355364203453064,199561,199460,3629
19.530792236328125,16.52,0.22,0.02574697509407997,0.6763933897018433,-19.341578630000004,11420,54,0.0005,0.668681800365448,199628,199527,3630
19.12764549255371,16.51,0.22,0.026484621688723564,0.2264656126499176,-19.277191970000004,11424,54,0.0005,0.8930281400680542,199697,199596,3631
20.29345703125,16.48,0.22,0.026538120582699776,0.11247718334197998,-19.290517910000002,11428,54,0.0005,0.12067309021949768,199761,199660,3632
19.453365325927734,16.64,0.23,0.026120612397789955,0.7224692106246948,-19.11156607,11432,54,0.0005,0.47426408529281616,199843,199742,3634
18.851987838745117,16.69,0.23,0.026554305106401443,0.7507078051567078,-19.102125359999995,11436,54,0.0005,0.756222128868103,199917,199816,3635
20.324485778808594,16.55,0.23,0.02644335851073265,-0.7726855278015137,-19.137126239999997,11440,54,0.0005,0.11824174970388412,199981,199880,3636
18.70353126525879,16.71,0.22,0.025683483108878136,-0.3599061369895935,-19.2861782,11444,54,0.0005,0.15200158953666687,200060,199959,3683
19.32132339477539,16.54,0.23,0.025666307657957077,0.14947974681854248,-19.142292600000005,11448,54,0.0005,0.8925584554672241,200115,200014,3684
18.94028663635254,16.66,0.26,0.02609923668205738,0.4614759087562561,-18.494198400000002,11452,54,0.0005,0.07515405118465424,200185,200084,3685
18.889188766479492,16.6,0.26,0.026475777849555016,0.8727743625640869,-18.435819940000002,11456,54,0.0005,0.2329467386007309,200237,200136,3685
19.120826721191406,16.76,0.25,0.026642940938472748,0.5719062089920044,-18.56684181,11460,54,0.0005,0.1350100189447403,200308,200207,3686
19.23828887939453,16.78,0.25,0.026955971494317055,-0.6236587166786194,-18.590094799999996,11464,54,0.0005,0.626493513584137,200377,200276,3687
19.612781524658203,16.68,0.25,0.02667386271059513,-0.7803992033004761,-18.48796486,11468,54,0.0005,0.2258048802614212,200444,200343,3688
18.495826721191406,16.71,0.25,0.026666568592190742,0.25024867057800293,-18.52008028,11472,54,0.0005,0.518031120300293,200519,200418,3690
19.068607330322266,16.87,0.24,0.026761112734675407,-0.5049084424972534,-18.66113567,11476,54,0.0005,0.5173054933547974,200594,200493,3691
18.64031982421875,16.85,0.26,0.02585354447364807,-0.2861342430114746,-18.24884359,11480,54,0.0005,0.5037385821342468,200661,200560,3692
20.58601188659668,16.93,0.24,0.025716271251440048,-0.30470630526542664,-18.603753349999998,11484,54,0.0005,0.1178366169333458,200735,200634,3693
19.51171112060547,17.07,0.26,0.02463104948401451,-0.1499466896057129,-18.169603409999997,11488,54,0.0005,0.3518989086151123,200810,200709,3694
18.456008911132812,16.91,0.25,0.024856586009263992,1.3630274534225464,-18.424391240000002,11492,54,0.0005,0.2836989164352417,200868,200767,3695
19.240304946899414,16.9,0.24,0.02616564743220806,0.7623924612998962,-18.592975680000002,11496,54,0.0005,0.27844613790512085,200936,200835,3696
20.040485382080078,17.03,0.22,0.02655797079205513,-0.7975760102272034,-18.95068199,11500,54,0.0005,0.05110369995236397,201005,200904,3697
17.99921989440918,17.07,0.24,0.026324061676859856,1.1079802513122559,-18.6135094,11504,54,0.0005,0.4189889430999756,201078,200977,3698
20.867897033691406,17.11,0.24,0.026748232543468475,-0.8648243546485901,-18.60942657,11508,54,0.0005,0.2628043591976166,201147,201046,3699
19.474454879760742,17.12,0.22,0.025846630334854126,1.1807894706726074,-18.959210470000002,11512,54,0.0005,0.6414358019828796,201221,201120,3700
18.751754760742188,17.36,0.22,0.026711009442806244,-0.581993818283081,-18.84656687,11516,54,0.0005,0.28873711824417114,201297,201196,3701
19.601228713989258,17.35,0.22,0.026671623811125755,0.11988065391778946,-18.85037934,11520,54,0.0005,0.3179742097854614,201363,201262,3702
20.082908630371094,17.45,0.22,0.026806578040122986,0.9779036045074463,-18.86979457,11524,54,0.0005,0.2657124996185303,201442,201341,3703
18.66883659362793,17.48,0.23,0.02718331664800644,0.2806452512741089,-18.6644103,11528,54,0.0005,0.350973904132843,201509,201408,3704
18.28974723815918,17.44,0.23,0.026835720986127853,-0.13820546865463257,-18.607904360000003,11532,54,0.0005,0.28380945324897766,201587,201486,3705
20.285009384155273,17.45,0.24,0.026489119976758957,0.005464792251586914,-18.44195963,11536,54,0.0005,0.16514742374420166,201662,201561,3706
19.74648094177246,17.4,0.25,0.026712073013186455,0.26631641387939453,-18.334164109999996,11540,54,0.0005,0.41596680879592896,201721,201620,3707
19.457096099853516,17.26,0.26,0.026294875890016556,-0.16657587885856628,-18.10390457,11544,54,0.0005,0.1541016697883606,201786,201685,3708
18.255279541015625,17.51,0.25,0.026758164167404175,0.16040900349617004,-18.328911230000003,11548,54,0.0005,0.614826500415802,201866,201765,3709
20.03165626525879,17.54,0.25,0.027059398591518402,-0.6555370092391968,-18.345959459999996,11552,54,0.0005,0.26814186573028564,201939,201838,3710
20.56062126159668,17.74,0.25,0.026059230789542198,-0.2240389883518219,-18.396526139999995,11556,54,0.0005,0.43172430992126465,202011,201910,3712
19.62356948852539,17.59,0.25,0.02587704174220562,1.069645881652832,-18.43045653,11560,54,0.0005,0.5616517066955566,202067,201966,3712
17.488914489746094,17.58,0.24,0.02741246670484543,1.320724606513977,-18.63545034,11564,54,0.0005,0.29465508460998535,202135,202034,3713
17.677515029907227,17.59,0.22,0.02799154259264469,-0.5954930186271667,-19.056591930000003,11568,54,0.0005,0.16671772301197052,202203,202102,3714
21.454566955566406,17.45,0.22,0.0280623659491539,-0.09113886952400208,-19.07971972,11572,54,0.0005,2.3405675888061523,202264,202163,3715
20.63188362121582,17.38,0.23,0.026897115632891655,-0.5823075771331787,-18.888235020000003,11576,54,0.0005,0.9308581948280334,202332,202231,3716
18.82508087158203,17.51,0.24,0.026442063972353935,-1.3666168451309204,-18.806999860000005,11580,54,0.0005,0.5424307584762573,202412,202311,3717
18.32126235961914,17.56,0.24,0.025710711255669594,0.21127286553382874,-18.82877115,11584,54,0.0005,0.16865180432796478,202491,202390,3719
19.823760986328125,17.51,0.22,0.025216437876224518,-0.9047835469245911,-19.22849569,11588,54,0.0005,0.3935583531856537,202561,202460,3720
18.994064331054688,17.78,0.24,0.024867363274097443,-0.8814393281936646,-18.832725540000002,11592,54,0.0005,0.34764164686203003,202646,202545,3721
17.92889404296875,17.79,0.24,0.024766327813267708,0.3465336561203003,-18.904677399999997,11596,54,0.0005,0.14363564550876617,202715,202614,3722
20.12071990966797,17.78,0.24,0.025058528408408165,-0.7733814716339111,-18.95109578,11600,54,0.0005,0.48740988969802856,202783,202682,3723
17.832889556884766,17.82,0.22,0.02438756451010704,-0.12787090241909027,-19.247055609999997,11604,54,0.0005,0.24396875500679016,202860,202759,3724
17.807464599609375,17.74,0.21,0.024661187082529068,-0.11356793344020844,-19.486629929999996,11608,54,0.0005,0.41904425621032715,202921,202820,3725
19.230934143066406,17.52,0.21,0.02472851425409317,0.40089619159698486,-19.638313650000004,11612,54,0.0005,0.6077699661254883,202973,202872,3726
19.45323944091797,17.52,0.2,0.025057554244995117,0.3091614246368408,-19.798962550000002,11616,54,0.0005,0.38562291860580444,203049,202948,3727
19.941831588745117,17.55,0.2,0.02501251921057701,0.048610933125019073,-19.79318713,11620,54,0.0005,0.44735392928123474,203118,203017,3728
18.93405532836914,17.5,0.2,0.025215493515133858,1.3905766010284424,-19.832504630000003,11624,54,0.0005,0.2281610369682312,203192,203091,3729
17.718631744384766,17.5,0.19,0.026713741943240166,1.173388957977295,-20.002361210000004,11628,54,0.0005,0.47211265563964844,203259,203158,3730
18.437185287475586,17.4,0.2,0.02643343061208725,-0.08540548384189606,-19.87354436,11632,54,0.0005,0.10787758231163025,203327,203226,3731
19.146434783935547,17.27,0.19,0.026474300771951675,-0.01608864963054657,-20.01755075,11636,54,0.0005,0.16811394691467285,203389,203288,3732
19.025794982910156,17.26,0.19,0.02598685771226883,-0.8416836261749268,-20.00566242,11640,54,0.0005,0.1813020557165146,203447,203346,3733
20.56742286682129,17.27,0.18,0.025073297321796417,-1.0771007537841797,-20.2579274,11644,54,0.0005,0.12314120680093765,203513,203412,3734
20.895469665527344,17.21,0.17,0.02484293468296528,1.0989388227462769,-20.46746631,11648,54,0.0005,0.34008923172950745,203587,203486,3735
20.376140594482422,17.08,0.14,0.025824744254350662,-0.358607679605484,-21.06336208,11652,54,0.0005,0.585692286491394,203647,203546,3736
19.742778778076172,16.96,0.14,0.025581803172826767,0.17775778472423553,-20.989774999999998,11656,54,0.0005,0.18895359337329865,203707,203606,3737
18.178081512451172,16.97,0.14,0.0261967945843935,-0.03721979260444641,-20.988602709999995,11660,54,0.0005,0.19449880719184875,203764,203663,3737
18.518234252929688,16.99,0.16,0.026675838977098465,0.8859291076660156,-20.5392679,11664,54,0.0005,0.10393165051937103,203834,203733,3738
18.989620208740234,16.87,0.17,0.027010753750801086,-0.4723814129829407,-20.399095850000002,11668,54,0.0005,0.08843518793582916,203890,203789,3739
17.96356964111328,16.9,0.17,0.027062127366662025,-0.3518843352794647,-20.46728601,11672,54,0.0005,0.43715906143188477,203954,203853,3740
19.51938247680664,16.87,0.16,0.026618292555212975,0.4763742685317993,-20.64384588,11676,54,0.0005,0.2888948321342468,204019,203918,3741
18.80057716369629,16.91,0.15,0.02596805989742279,-1.0061360597610474,-20.82037498,11680,54,0.0005,0.7622478008270264,204103,204002,3742
20.446680068969727,16.74,0.16,0.025165777653455734,-1.1730120182037354,-20.66603234,11684,54,0.0005,0.46421974897384644,204165,204064,3743
18.468055725097656,16.76,0.17,0.024739794433116913,-0.1145162433385849,-20.442267529999995,11688,54,0.0005,1.356457233428955,204237,204136,3744
21.911083221435547,16.53,0.15,0.025299932807683945,1.0661009550094604,-20.88545105,11692,54,0.0005,0.41780534386634827,204299,204198,3745
21.7429256439209,16.49,0.15,0.025991380214691162,-0.3464968204498291,-20.886899209999996,11696,54,0.0005,0.09613305330276489,204364,204263,3746
21.09430694580078,16.54,0.15,0.02650275267660618,-0.41493868827819824,-20.850645019999998,11700,54,0.0005,0.5126998424530029,204437,204336,3747
21.213998794555664,16.34,0.15,0.026006249710917473,0.19084224104881287,-20.951691269999998,11704,54,0.0005,0.2493106722831726,204494,204393,3748
20.485572814941406,16.45,0.15,0.025345509871840477,-0.5847697257995605,-20.845902799999994,11708,54,0.0005,0.16797655820846558,204566,204465,3749
19.840206146240234,16.5,0.15,0.024710049852728844,0.3495729863643646,-20.78739185,11712,54,0.0005,0.6793763041496277,204623,204522,3750
19.654586791992188,16.31,0.15,0.024576934054493904,-0.6977399587631226,-20.901879340000004,11716,54,0.0005,0.36046072840690613,204680,204579,3751
19.510887145996094,16.35,0.14,0.02512127347290516,1.747633695602417,-21.031345750000003,11720,54,0.0005,0.4430660903453827,204753,204652,3752
18.778501510620117,16.18,0.13,0.02659486047923565,1.4648158550262451,-21.271194380000008,11724,54,0.0005,0.5969053506851196,204810,204709,3753
19.810251235961914,16.25,0.14,0.0276225246489048,0.7209555506706238,-21.070225630000003,11728,54,0.0005,0.1505664587020874,204884,204783,3754
19.644914627075195,16.19,0.13,0.02799186296761036,-0.6045310497283936,-21.289746800000003,11732,54,0.0005,0.8351110219955444,204946,204845,3755
20.285036087036133,16.09,0.13,0.027723470702767372,0.9765942096710205,-21.328099069999997,11736,54,0.0005,0.2549467384815216,204998,204897,3756
19.59490203857422,16.34,0.12,0.02747475728392601,-0.6236346364021301,-21.42979862,11740,54,0.0005,1.391781210899353,205081,204980,3757
19.05712127685547,16.23,0.11,0.027379371225833893,0.5821422338485718,-21.63909757,11744,54,0.0005,0.14274166524410248,205136,205035,3758
19.19561767578125,16.23,0.12,0.02805168367922306,0.21973034739494324,-21.38027521,11748,54,0.0005,0.381660133600235,205210,205109,3759
19.1204833984375,16.3,0.13,0.028398986905813217,-0.35999220609664917,-21.11179482,11752,54,0.0005,0.8225934505462646,205277,205176,3760
19.035350799560547,16.26,0.13,0.02829832024872303,-0.1058695986866951,-21.154993329999996,11756,54,0.0005,0.12272264063358307,205333,205232,3761
18.131025314331055,16.26,0.15,0.028124650940299034,-0.8633516430854797,-20.811019100000003,11760,54,0.0005,0.5058201551437378,205390,205289,3761
19.590045928955078,16.18,0.15,0.027541223913431168,0.291616290807724,-20.927972219999997,11764,54,0.0005,0.7322829961776733,205452,205351,3762
19.295068740844727,16.35,0.15,0.027941487729549408,-0.8495728373527527,-20.90654709,11768,54,0.0005,0.1568663865327835,205525,205424,3763
19.82353401184082,16.36,0.15,0.027597345411777496,-0.11946757882833481,-20.84486962,11772,54,0.0005,0.1557508409023285,205590,205489,3764
18.715959548950195,16.42,0.15,0.027041854336857796,0.30264580249786377,-20.82110197,11776,54,0.0005,0.28766584396362305,205661,205560,3765
18.976865768432617,16.22,0.14,0.026890914887189865,0.14496442675590515,-20.94408018,11780,54,0.0005,0.25533533096313477,205725,205624,3766
20.562973022460938,16.43,0.15,0.027439679950475693,1.0390212535858154,-20.746589179999997,11784,54,0.0005,0.9545941352844238,205808,205707,3767
21.26528549194336,16.33,0.14,0.027278274297714233,-0.8838697671890259,-20.94989897,11788,54,0.0005,0.585625410079956,205870,205769,3768
22.3045654296875,16.62,0.14,0.02662578970193863,-2.229931592941284,-20.876015949999996,11792,54,0.0005,1.3626303672790527,205961,205860,3769
21.14276695251465,16.74,0.13,0.024268386885523796,-0.8558045625686646,-20.99982633,11796,54,0.0005,0.2622791528701782,206038,205937,3770
19.304908752441406,16.73,0.13,0.023261701688170433,-0.22239625453948975,-20.936053420000004,11800,54,0.0005,0.9557482600212097,206110,206009,3771
19.528316497802734,16.75,0.14,0.023166362196207047,0.9690116047859192,-20.750835589999998,11804,54,0.0005,0.5975929498672485,206169,206068,3771
19.56620216369629,16.71,0.14,0.02342219464480877,1.297133207321167,-20.783305639999995,11808,54,0.0005,0.23293659090995789,206237,206136,3772
19.19359016418457,16.76,0.15,0.024436593055725098,1.3293733596801758,-20.608372930000005,11812,54,0.0005,0.4864327907562256,206299,206198,3773
19.101499557495117,16.63,0.15,0.025228379294276237,0.7200879454612732,-20.68654215,11816,54,0.0005,0.28933820128440857,206343,206242,3773
18.86396598815918,16.52,0.15,0.025820711627602577,0.3288419842720032,-20.71635346,11820,54,0.0005,0.1634402573108673,206405,206304,3774
20.431934356689453,16.53,0.15,0.0259957667440176,0.31600695848464966,-20.73224905,11824,54,0.0005,0.45027345418930054,206463,206362,3775
19.04995346069336,16.53,0.15,0.026061704382300377,0.4304097592830658,-20.70418681,11828,54,0.0005,0.10524436831474304,206537,206436,3776
18.294967651367188,16.59,0.15,0.02624652162194252,0.45268791913986206,-20.665136239999995,11832,54,0.0005,0.28238150477409363,206605,206504,3776
19.73335838317871,16.69,0.15,0.026726584881544113,0.5352814197540283,-20.6059632,11836,54,0.0005,0.7865712642669678,206667,206566,3777
18.667301177978516,16.55,0.16,0.02683660201728344,0.1563078761100769,-20.40835645,11840,54,0.0005,0.30206918716430664,206736,206635,3778
19.74481773376465,16.7,0.18,0.026731330901384354,0.35228073596954346,-20.04458173,11844,54,0.0005,0.29919227957725525,206806,206705,3779
19.845321655273438,16.63,0.17,0.027439948171377182,1.872559666633606,-20.20933302,11848,54,0.0005,0.19309160113334656,206873,206772,3780
19.290565490722656,16.7,0.16,0.028173448517918587,-0.8374207019805908,-20.395111789999998,11852,54,0.0005,0.25870397686958313,206947,206846,3781
19.357044219970703,16.66,0.16,0.02730403281748295,-0.11161898076534271,-20.45548216,11856,54,0.0005,0.5714115500450134,206999,206898,3781
19.912220001220703,16.8,0.16,0.026792138814926147,-0.8973217010498047,-20.34285234,11860,54,0.0005,0.6190010905265808,207070,206969,3782
19.062381744384766,16.88,0.15,0.02646271325647831,0.13876429200172424,-20.39270365,11864,54,0.0005,0.9279941916465759,207140,207039,3783
18.722013473510742,16.9,0.17,0.02678782120347023,-0.500505805015564,-19.98014711,11868,54,0.0005,0.13620001077651978,207215,207114,3784
18.48318099975586,16.89,0.16,0.02638275921344757,-1.1450682878494263,-20.15368411,11872,54,0.0005,0.4201964735984802,207279,207178,3785
19.075057983398438,16.92,0.17,0.025540685281157494,0.0171700119972229,-20.0174381,11876,54,0.0005,0.2469554841518402,207353,207252,3785
19.429502487182617,16.85,0.16,0.025623073801398277,0.6183435916900635,-20.231447210000002,11880,54,0.0005,0.2661060094833374,207410,207309,3786
18.671493530273438,16.69,0.15,0.02549446001648903,-0.4777756929397583,-20.424953490000004,11884,54,0.0005,0.8301998376846313,207477,207376,3787
19.869400024414062,16.96,0.17,0.025315839797258377,-0.24935570359230042,-20.079637440000003,11888,54,0.0005,0.1477256715297699,207566,207465,3788
18.45043182373047,16.8,0.18,0.025425679981708527,-0.33318039774894714,-19.922475340000002,11892,54,0.0005,0.2275228351354599,207641,207540,3789
19.535247802734375,16.73,0.19,0.02502249740064144,0.7714024186134338,-19.77087637,11896,54,0.0005,0.1406376212835312,207711,207610,3790
18.74629783630371,16.79,0.21,0.025526762008666992,-0.8566792607307434,-19.524257629999997,11900,54,0.0005,0.3515676259994507,207789,207688,3791
19.522188186645508,16.87,0.21,0.02495504356920719,-0.2163563370704651,-19.46506944,11904,54,0.0005,0.22184209525585175,207856,207755,3791
21.23410415649414,16.78,0.21,0.025379927828907967,-0.9900830388069153,-19.506163599999997,11908,54,0.0005,0.8707792162895203,207915,207814,3792
19.561771392822266,16.89,0.2,0.025370115414261818,0.07029366493225098,-19.63892155,11912,54,0.0005,0.9305896162986755,207988,207887,3793
19.382061004638672,17.11,0.2,0.025711605325341225,-0.6993281245231628,-19.5101601,11916,54,0.0005,0.9010281562805176,208054,207953,3794
18.80268096923828,17.18,0.2,0.024637369439005852,-0.24397337436676025,-19.46309793,11920,54,0.0005,0.7011030912399292,208123,208022,3795
19.425548553466797,17.3,0.2,0.024549923837184906,0.5142492651939392,-19.368322969999998,11924,54,0.0005,0.4961351752281189,208193,208092,3795
19.388832092285156,17.19,0.19,0.024979135021567345,0.30770331621170044,-19.72825637,11928,54,0.0005,0.16472914814949036,208256,208155,3796
20.372718811035156,17.26,0.18,0.02537769079208374,0.34332308173179626,-20.015764809999997,11932,54,0.0005,0.6583700180053711,208331,208230,3797
18.24115753173828,17.44,0.18,0.02548225037753582,1.036885142326355,-20.04147904,11936,54,0.0005,0.4506240487098694,208411,208310,3798
18.963560104370117,17.3,0.17,0.025993840768933296,0.929692268371582,-20.32507185,11940,54,0.0005,0.391052782535553,208466,208365,3799
19.763147354125977,17.21,0.15,0.026874380186200142,0.41340935230255127,-20.72149108,11944,54,0.0005,0.1694437861442566,208527,208426,3799
18.848899841308594,17.3,0.16,0.02655748464167118,-1.031250238418579,-20.521876539999997,11948,54,0.0005,0.5881912112236023,208603,208502,3800
19.290800094604492,17.19,0.17,0.0254527535289526,-0.7021550536155701,-20.389836609999996,11952,54,0.0005,0.21369948983192444,208666,208565,3801
19.352458953857422,17.36,0.18,0.024896234273910522,-0.3216908574104309,-20.071126910000004,11956,54,0.0005,0.24501514434814453,208735,208634,3802
19.609241485595703,17.19,0.16,0.02445031888782978,0.42558401823043823,-20.4914822,11960,54,0.0005,0.10406050086021423,208789,208688,3803
18.86585235595703,17.12,0.15,0.024885356426239014,0.5411977767944336,-20.78315222,11964,54,0.0005,0.16624537110328674,208852,208751,3803
18.651397705078125,17.13,0.13,0.025153061375021935,-0.7591010928153992,-21.132353009999996,11968,54,0.0005,0.29915133118629456,208928,208827,3804
17.970699310302734,17.16,0.13,0.024878494441509247,-1.0218110084533691,-21.130298160000002,11972,54,0.0005,0.17662391066551208,208995,208894,3805
19.148897171020508,17.14,0.13,0.02484627068042755,0.1553221344947815,-21.1346073,11976,54,0.0005,1.5195952653884888,209067,208966,3806
19.091909408569336,17.25,0.14,0.02454773522913456,-0.0009737685322761536,-21.01298927,11980,54,0.0005,0.11119326949119568,209135,209034,3807
18.43515968322754,17.26,0.13,0.024662187322974205,-0.1072905957698822,-21.24212125,11984,54,0.0005,0.5546467900276184,209203,209102,3808
19.379688262939453,17.03,0.11,0.02415710687637329,-0.3258330225944519,-21.599281519999995,11988,54,0.0005,2.3393681049346924,209269,209168,3808
19.622669219970703,16.97,0.1,0.02386276051402092,-0.05665118247270584,-21.75184509999999,11992,54,0.0005,0.8100661635398865,209338,209237,3809
18.574058532714844,16.96,0.09,0.024091605097055435,-0.2439095377922058,-22.005616159999995,11996,54,0.0005,0.1730894148349762,209407,209306,3810
18.336271286010742,16.85,0.07,0.02328392304480076,-0.6059225797653198,-22.321297429999994,12000,54,0.0005,0.7084477543830872,209474,209373,3811
20.04837417602539,16.96,0.06,0.023564044386148453,1.0158965587615967,-22.462446710000005,12004,54,0.0005,0.4728863835334778,209552,209451,3812
19.044082641601562,17.13,0.06,0.024641087278723717,-0.45400935411453247,-22.50311574,12008,54,0.0005,0.17701098322868347,209628,209527,3813
17.707427978515625,17.01,0.06,0.024361494928598404,1.1560986042022705,-22.5306148,12012,54,0.0005,0.37388449907302856,209689,209588,3813
17.122514724731445,16.93,0.06,0.024966446682810783,0.25043487548828125,-22.567909559999993,12016,54,0.0005,0.2606907784938812,209747,209646,3814
17.885950088500977,17.1,0.06,0.024695683270692825,-0.1488627791404724,-22.566095290000003,12020,54,0.0005,0.23069636523723602,209833,209732,3815
19.094987869262695,17.07,0.07,0.02429278753697872,-0.054509520530700684,-22.393333390000002,12024,54,0.0005,0.1572766751050949,209900,209799,3816
18.3538818359375,17.2,0.08,0.023676933720707893,-0.4181268811225891,-22.034545580000003,12028,55,0.0005,0.722867488861084,209976,209875,3817
19.80350685119629,17.18,0.09,0.02322595752775669,0.42585402727127075,-21.761701140000003,12032,54,0.0005,0.49490994215011597,210049,209948,3854
19.238445281982422,17.22,0.11,0.024039633572101593,-0.001333087682723999,-21.375720660000002,12036,54,0.0005,0.8887421488761902,210133,210032,3855
18.241016387939453,17.4,0.12,0.023671796545386314,-0.4418991506099701,-21.09572731,12040,54,0.0005,0.3966763913631439,210206,210105,3855
19.8886775970459,17.37,0.13,0.023475781083106995,-0.19039680063724518,-20.836436099999997,12044,54,0.0005,0.7742761373519897,210264,210163,3856
18.855627059936523,17.2,0.12,0.023330718278884888,-0.39265939593315125,-21.117569170000003,12048,54,0.0005,0.7914245128631592,210323,210222,3857
18.50339126586914,17.48,0.13,0.02323882468044758,-0.1428624987602234,-20.967844539999998,12052,54,0.0005,0.12399441748857498,210414,210313,3858
18.190773010253906,17.44,0.12,0.02279512584209442,-0.3514307141304016,-21.225488509999995,12056,54,0.0005,0.3038015067577362,210479,210378,3859
18.181228637695312,17.54,0.13,0.02259395457804203,0.06879402697086334,-21.02628534,12060,54,0.0005,0.2779325246810913,210543,210442,3859
19.058408737182617,17.63,0.13,0.022997016087174416,0.3943791389465332,-20.90121644,12064,54,0.0005,0.2508736848831177,210615,210514,3860
17.979022979736328,17.58,0.14,0.02297898940742016,0.2769569158554077,-20.78063519,12068,54,0.0005,0.08571584522724152,210686,210585,3861
19.562530517578125,17.6,0.14,0.023088328540325165,-0.25733068585395813,-20.71928841,12072,54,0.0005,0.4130575954914093,210755,210654,3862
18.431015014648438,17.42,0.13,0.023108383640646935,-0.7434934377670288,-20.984896839999998,12076,54,0.0005,0.13833341002464294,210809,210708,3863
19.105140686035156,17.32,0.12,0.023125387728214264,1.0033341646194458,-21.114384049999998,12080,54,0.0005,1.0555541515350342,210867,210766,3863
18.659404754638672,17.22,0.12,0.023538298904895782,0.0007821023464202881,-21.11370328,12084,54,0.0005,1.1180903911590576,210925,210824,3864
21.00003433227539,17.32,0.12,0.024068858474493027,0.7324376702308655,-21.14494522,12088,54,0.0005,0.16384868323802948,211001,210900,3865
21.517017364501953,17.52,0.12,0.023225048556923866,-0.9791136980056763,-21.166931899999998,12092,54,0.0005,0.21474429965019226,211090,210989,3866
20.5926513671875,17.72,0.13,0.02166489139199257,0.8118356466293335,-21.021406709999997,12096,54,0.0005,0.23977425694465637,211179,211078,3867
19.455978393554688,17.8,0.14,0.021399257704615593,0.36024391651153564,-20.80168662,12100,54,0.0005,0.37147852778434753,211254,211153,3868
18.220046997070312,17.69,0.15,0.022368524223566055,0.8908740282058716,-20.669254799999997,12104,54,0.0005,0.4965357184410095,211321,211220,3869
18.351566314697266,17.63,0.15,0.023011336103081703,0.24537800252437592,-20.60760109,12108,54,0.0005,0.43191108107566833,211391,211290,3870
19.40899658203125,17.69,0.16,0.023237045854330063,-0.14001679420471191,-20.39001514,12112,54,0.0005,1.0699342489242554,211458,211357,3870
19.95684814453125,17.55,0.16,0.023447321727871895,-0.03307250887155533,-20.486693889999998,12116,54,0.0005,0.0850810557603836,211502,211401,3871
19.565269470214844,17.41,0.17,0.023428166285157204,0.3776261806488037,-20.394126359999998,12120,54,0.0005,0.75271075963974,211574,211473,3872
18.589113235473633,17.5,0.16,0.02384541928768158,-0.22388672828674316,-20.539097899999998,12124,54,0.0005,0.1999969184398651,211650,211549,3873
22.986709594726562,17.32,0.17,0.02461046352982521,0.8764303922653198,-20.451225209999997,12128,54,0.0005,1.7970174551010132,211708,211607,3873
21.495281219482422,17.31,0.16,0.02512650191783905,1.0790936946868896,-20.607270299999996,12132,54,0.0005,0.4816356301307678,211780,211679,3874
19.07171058654785,17.15,0.14,0.025333222001791,-0.2570343613624573,-21.043304889999995,12136,54,0.0005,2.2670469284057617,211848,211747,3875
19.43101692199707,17.09,0.13,0.02524011768400669,-0.13596583902835846,-21.28165281,12140,54,0.0005,0.23912057280540466,211915,211814,3876
18.004220962524414,17.03,0.12,0.025857873260974884,0.4817633628845215,-21.584810810000004,12144,54,0.0005,0.4973093271255493,211967,211866,3877
18.551794052124023,17.11,0.12,0.026766197755932808,1.2166887521743774,-21.53808917,12148,54,0.0005,0.34515243768692017,212034,211933,3877
17.536457061767578,16.83,0.11,0.02706068940460682,-0.21313831210136414,-21.700468179999998,12152,54,0.0005,0.677336573600769,212097,211996,3878
20.130521774291992,16.83,0.11,0.02708282694220543,-0.1303292214870453,-21.63205741,12156,54,0.0005,1.6180410385131836,212162,212061,3879
19.799299240112305,16.99,0.1,0.025509368628263474,0.15748295187950134,-21.77770809,12160,54,0.0005,0.5164947509765625,212242,212141,3880
18.30255889892578,16.94,0.1,0.02585909329354763,1.1510207653045654,-21.844417240000002,12164,54,0.0005,1.1339128017425537,212309,212208,3881
18.741796493530273,16.97,0.08,0.025867894291877747,-0.3581600785255432,-22.14122228,12168,54,0.0005,0.640131950378418,212383,212282,3881
19.1283016204834,16.9,0.08,0.025266272947192192,-0.5470623970031738,-22.200527730000005,12172,54,0.0005,0.16294237971305847,212445,212344,3882
19.750141143798828,17.15,0.1,0.025184808298945427,-0.5252553820610046,-21.696254059999998,12176,54,0.0005,1.109738826751709,212524,212423,3883
18.685949325561523,17.42,0.11,0.025047542527318,-0.11658129096031189,-21.465600050000003,12180,54,0.0005,0.689233124256134,212609,212508,3884
18.58171844482422,17.59,0.14,0.025256184861063957,-0.9411822557449341,-20.863207349999996,12184,54,0.0005,0.4868828058242798,212684,212583,3885
18.808639526367188,17.54,0.14,0.02470220811665058,-0.6329954266548157,-20.78133599,12188,54,0.0005,0.37362632155418396,212755,212654,3886
19.08589744567871,17.23,0.15,0.024277299642562866,0.8835892677307129,-20.62829638,12192,54,0.0005,0.852342963218689,212813,212712,3887
18.9774169921875,17.02,0.14,0.025187421590089798,1.6406197547912598,-20.704697200000002,12196,54,0.0005,0.27907493710517883,212881,212780,3888
19.154401779174805,16.88,0.14,0.02558557316660881,0.2768106758594513,-20.816440730000004,12200,54,0.0005,0.9522669315338135,212942,212841,3888
19.620201110839844,17.03,0.14,0.025661498308181763,0.13935011625289917,-20.79414414,12204,54,0.0005,0.9635763168334961,213024,212923,3889
19.295146942138672,17.04,0.15,0.025715172290802002,0.04830196499824524,-20.615275140000005,12208,54,0.0005,0.5447289943695068,213095,212994,3890
19.59001922607422,17.18,0.15,0.025499140843749046,-0.013902038335800171,-20.654199000000002,12212,54,0.0005,0.3919709324836731,213176,213075,3891
17.88140869140625,17.45,0.15,0.024765945971012115,-0.5800665616989136,-20.50534398,12216,54,0.0005,0.3012065291404724,213247,213146,3892
18.536338806152344,17.63,0.16,0.023934096097946167,-0.6754090189933777,-20.29865598,12220,54,0.0005,0.24130478501319885,213337,213236,3893
18.88692855834961,17.64,0.16,0.023626599460840225,0.2703395485877991,-20.34297019,12224,54,0.0005,0.13980409502983093,213414,213313,3894
18.930946350097656,17.72,0.14,0.024025268852710724,0.017857342958450317,-20.73198005,12228,54,0.0005,0.21051514148712158,213480,213379,3895
18.883512496948242,17.68,0.15,0.023905273526906967,-0.17251726984977722,-20.56094744,12232,54,0.0005,0.16491571068763733,213548,213447,3896
18.998538970947266,17.7,0.15,0.023678768426179886,-0.9354777932167053,-20.50986594,12236,54,0.0005,0.14989785850048065,213618,213517,3896
19.98241424560547,17.65,0.16,0.023161711171269417,0.4127539396286011,-20.308796670000003,12240,54,0.0005,1.0402309894561768,213680,213579,3897
19.673141479492188,17.6,0.16,0.023568134754896164,0.634820282459259,-20.361289570000004,12244,54,0.0005,0.5589423775672913,213727,213626,3898
18.871917724609375,17.76,0.17,0.023713145405054092,1.0887402296066284,-20.145978680000006,12248,54,0.0005,0.5765832662582397,213810,213709,3899
19.101608276367188,17.88,0.16,0.02320833131670952,0.022892162203788757,-20.260892230000003,12252,54,0.0005,1.391451120376587,213885,213784,3900
18.819753646850586,17.86,0.16,0.023327236995100975,0.026785671710968018,-20.32217894,12256,54,0.0005,0.3718745708465576,213948,213847,3900
18.452058792114258,17.73,0.18,0.023116182535886765,-0.16900688409805298,-20.028987,12260,54,0.0005,0.18491679430007935,214015,213914,3901
17.518510818481445,17.63,0.19,0.02271532081067562,0.027509644627571106,-19.978199609999997,12264,54,0.0005,1.7330132722854614,214072,213971,3902
19.326854705810547,17.57,0.19,0.02300887368619442,0.2585488557815552,-20.095198689999997,12268,54,0.0005,2.957571506500244,214140,214039,3903
19.094226837158203,17.73,0.19,0.0228427741676569,-0.9932876825332642,-20.146136270000003,12272,54,0.0005,0.6596163511276245,214218,214117,3904
17.205154418945312,17.69,0.18,0.021474312990903854,-0.25060492753982544,-20.34135201,12276,54,0.0005,0.4173562526702881,214293,214192,3905
16.929929733276367,17.67,0.19,0.021100128069519997,0.9479057788848877,-20.152956120000002,12280,54,0.0005,0.21258962154388428,214376,214275,3906
19.17854881286621,17.6,0.16,0.022371072322130203,1.6259257793426514,-20.70579861,12284,54,0.0005,0.8090082406997681,214444,214343,3906
18.943191528320312,17.51,0.18,0.023035209625959396,0.5478131771087646,-20.47952432,12288,54,0.0005,0.18864521384239197,214506,214405,3907
18.3437442779541,17.53,0.17,0.0229988694190979,-1.1414942741394043,-20.675758010000003,12292,54,0.0005,0.534095287322998,214566,214465,3908
19.08061408996582,17.6,0.18,0.0225197933614254,-0.12742897868156433,-20.542392409999998,12296,54,0.0005,0.46466389298439026,214641,214540,3909
18.35936164855957,17.66,0.17,0.02277143858373165,0.8477953672409058,-20.63598999,12300,54,0.0005,0.32571136951446533,214708,214607,3910
19.028005599975586,17.46,0.16,0.022847699001431465,-0.6883569955825806,-20.86108804,12304,54,0.0005,0.178412526845932,214770,214669,3910
18.908008575439453,17.54,0.16,0.022911351174116135,1.0324935913085938,-20.8728171,12308,54,0.0005,0.34881868958473206,214849,214748,3911
18.20167350769043,17.41,0.15,0.02237173356115818,-1.3283026218414307,-21.004812880000003,12312,54,0.0005,0.2051348239183426,214917,214816,3912
18.473487854003906,17.28,0.15,0.02193267084658146,-0.34873008728027344,-20.975894609999997,12316,54,0.0005,0.4914376735687256,214975,214874,3913
19.890682220458984,17.05,0.13,0.021911131218075752,0.8155223727226257,-21.323670590000003,12320,54,0.0005,0.40998607873916626,215042,214941,3914
18.597558975219727,17.02,0.14,0.021721286699175835,-0.12171006947755814,-21.152994610000004,12324,54,0.0005,1.1834965944290161,215116,215015,3915
19.021610260009766,17.09,0.15,0.021402454003691673,1.8977575302124023,-20.92273063,12328,54,0.0005,1.8440287113189697,215189,215088,3916
18.530132293701172,17.04,0.15,0.021501537412405014,-0.5110551118850708,-20.90765816,12332,54,0.0005,0.7380002737045288,215252,215151,3916
18.889545440673828,17.17,0.15,0.020933670923113823,0.993908166885376,-20.89384939,12336,54,0.0005,0.7372207045555115,215335,215234,3917
19.046405792236328,17.24,0.15,0.02123614214360714,0.1882462352514267,-20.91072071,12340,54,0.0005,0.10817036777734756,215404,215303,3918
18.447141647338867,17.46,0.16,0.021083056926727295,1.0096676349639893,-20.59112074,12344,54,0.0005,0.12293995916843414,215473,215372,3919
19.848844528198242,17.34,0.16,0.020902683958411217,-0.2832867503166199,-20.567365220000003,12348,54,0.0005,0.29901444911956787,215544,215443,3920
19.52008819580078,17.28,0.17,0.021641578525304794,0.4328020215034485,-20.4630602,12352,54,0.0005,0.08967213332653046,215613,215512,3921
18.05150604248047,17.21,0.17,0.021819239482283592,-1.334619402885437,-20.458934579999998,12356,54,0.0005,0.24925941228866577,215669,215568,3921
18.901630401611328,17.36,0.16,0.021466193720698357,1.5277915000915527,-20.602173580000002,12360,54,0.0005,1.5400601625442505,215751,215650,3922
20.286609649658203,17.28,0.15,0.022085804492235184,-0.33197256922721863,-20.740795669999997,12364,55,0.0005,0.9259254336357117,215800,215699,3923
19.04839324951172,17.35,0.15,0.02232103981077671,0.17490988969802856,-20.62006117,12368,55,0.0005,0.3769156336784363,215875,215774,3924
16.98818016052246,17.28,0.15,0.022484466433525085,0.37742936611175537,-20.611550249999997,12372,55,0.0005,0.7652031183242798,215946,215845,3925
18.99917984008789,17.26,0.15,0.02218335121870041,-0.4889260530471802,-20.582677439999994,12376,55,0.0005,0.6104989051818848,216019,215918,3926
21.069814682006836,17.15,0.14,0.022997571155428886,-0.5664821863174438,-20.82042936,12380,55,0.0005,0.4835849404335022,216091,215990,3926
19.927227020263672,17.17,0.14,0.022587405517697334,-0.6295780539512634,-20.84388561,12384,55,0.0005,0.20145532488822937,216161,216060,3927
18.809215545654297,17.12,0.12,0.0228338111191988,0.09515120089054108,-21.176895480000002,12388,55,0.0005,0.27117881178855896,216218,216117,3928
19.74054718017578,17.08,0.13,0.022742871195077896,0.0902898907661438,-20.99452964,12392,55,0.0005,0.49725374579429626,216274,216173,3929
18.74689483642578,17.01,0.14,0.022556079551577568,0.20647065341472626,-20.79668443,12396,55,0.0005,0.1988610327243805,216342,216241,3930
19.380565643310547,17.03,0.14,0.02171175368130207,-0.5157070159912109,-20.808913989999997,12400,55,0.0005,0.18544085323810577,216411,216310,3930
19.40465545654297,17.06,0.14,0.021526934579014778,0.2259528636932373,-20.84395064,12404,55,0.0005,0.13650113344192505,216476,216375,3931
19.36161231994629,16.93,0.14,0.021548643708229065,0.08482719957828522,-20.811419159999996,12408,55,0.0005,0.24973377585411072,216542,216441,3932
19.952465057373047,16.86,0.14,0.02113928273320198,-0.6449734568595886,-20.85063789,12412,55,0.0005,0.33039647340774536,216603,216502,3933
18.816486358642578,17.09,0.14,0.02193496562540531,1.158660650253296,-20.85362269,12416,55,0.0005,2.1820976734161377,216684,216583,3934
18.604736328125,17.22,0.14,0.02152903750538826,-0.9483283758163452,-20.816244159999997,12420,55,0.0005,0.1562107801437378,216764,216663,3935
18.578266143798828,17.1,0.13,0.021700261160731316,0.9927669167518616,-20.978275960000005,12424,55,0.0005,0.38122135400772095,216826,216725,3935
17.731536865234375,17.16,0.12,0.022306814789772034,0.10931669920682907,-21.151512590000006,12428,55,0.0005,0.12383051961660385,216905,216804,3936
17.059043884277344,17.37,0.11,0.022571729496121407,0.7490053176879883,-21.29220236,12432,55,0.0005,0.5667871236801147,216989,216888,3937
19.660472869873047,17.23,0.11,0.022678107023239136,0.5135678052902222,-21.419603430000002,12436,55,0.0005,0.40041863918304443,217058,216957,3938
21.073732376098633,17.26,0.1,0.02358435094356537,-0.4176182150840759,-21.598509569999997,12440,55,0.0005,0.4726370573043823,217130,217029,3939
18.775455474853516,17.12,0.09,0.02401968464255333,-0.5040247440338135,-21.870119199999998,12444,55,0.0005,0.9614570140838623,217185,217084,3940
18.773517608642578,17.05,0.08,0.023089947178959846,-0.9670557379722595,-22.185947929999998,12448,55,0.0005,0.19033502042293549,217249,217148,3941
19.29371452331543,17.11,0.07,0.02206207439303398,-0.27967146039009094,-22.359595670000004,12452,55,0.0005,1.7901952266693115,217324,217223,3941
18.409793853759766,17.08,0.08,0.021938957273960114,0.01763424277305603,-22.183536650000004,12456,55,0.0005,0.4421650767326355,217377,217276,3942
18.62485122680664,16.7,0.07,0.022035937756299973,-0.167586088180542,-22.52912157,12460,55,0.0005,0.8138948082923889,217421,217320,3943
19.201330184936523,16.85,0.08,0.021953854709863663,-0.7222241759300232,-22.192537039999998,12464,55,0.0005,0.15132416784763336,217485,217384,3943
18.757080078125,16.74,0.08,0.021639307960867882,-1.1298032999038696,-22.22310109,12468,55,0.0005,0.1537884771823883,217549,217448,3944
19.236019134521484,16.72,0.08,0.021293675526976585,-0.8861355781555176,-22.201935159999998,12472,55,0.0005,0.35271233320236206,217618,217517,3945
18.8865966796875,16.49,0.08,0.02095043659210205,0.4893837571144104,-22.35798054,12476,55,0.0005,0.19429877400398254,217668,217567,3946
18.952159881591797,16.46,0.07,0.021458717063069344,0.45258867740631104,-22.494512749999995,12480,55,0.0005,0.22153563797473907,217737,217636,3946
18.162128448486328,16.34,0.08,0.021416526287794113,-0.9504770636558533,-22.350572300000003,12484,55,0.0005,0.18830245733261108,217795,217694,3947
18.961021423339844,16.38,0.09,0.02076008729636669,0.4880068302154541,-22.186632660000004,12488,55,0.0005,0.7396115660667419,217856,217755,3948
18.411787033081055,16.57,0.09,0.021386492997407913,1.3482714891433716,-22.072396569999995,12492,55,0.0005,0.18152646720409393,217931,217830,3950
18.886859893798828,16.57,0.08,0.0219098050147295,-0.7492088079452515,-22.246828559999997,12496,55,0.0005,0.22694000601768494,217999,217898,3951
21.25508689880371,16.52,0.1,0.02224159426987171,0.3267212510108948,-21.897733570000003,12500,55,0.0005,1.243220567703247,218063,217962,3951
18.5579833984375,16.55,0.1,0.023086797446012497,0.872355580329895,-21.828694719999998,12504,55,0.0005,2.245321035385132,218131,218030,3952
18.86517333984375,16.36,0.09,0.023431411013007164,0.09100724011659622,-22.115539510000005,12508,55,0.0005,0.5493238568305969,218178,218077,3953
18.95486068725586,16.38,0.09,0.022810734808444977,-1.1316817998886108,-22.10328115,12512,55,0.0005,0.23531946539878845,218241,218140,3953
18.913116455078125,16.17,0.09,0.021877728402614594,-1.3122129440307617,-22.1860651,12516,55,0.0005,0.19727161526679993,218301,218200,3954
17.931591033935547,16.04,0.09,0.021113073453307152,-1.7080296277999878,-22.30718214,12520,55,0.0005,0.22056055068969727,218368,218267,3955
18.592498779296875,16.07,0.09,0.020648689940571785,-1.0235629081726074,-22.26994681,12524,55,0.0005,0.7002533674240112,218433,218332,3956
18.636720657348633,15.98,0.09,0.020409567281603813,0.6779537796974182,-22.245317460000003,12528,55,0.0005,0.28916648030281067,218503,218402,3957
19.294185638427734,15.96,0.1,0.020731385797262192,0.5745513439178467,-22.08164535,12532,55,0.0005,0.3591018319129944,218585,218484,3958
18.909175872802734,16.01,0.12,0.02093539759516716,0.7478306293487549,-21.650693789999995,12536,55,0.0005,1.3491333723068237,218659,218558,3959
19.128040313720703,15.91,0.12,0.021091729402542114,-0.2731093168258667,-21.689016090000006,12540,55,0.0005,0.6145764589309692,218721,218620,3959
19.535890579223633,15.97,0.12,0.021105512976646423,0.10665716975927353,-21.631629949999997,12544,55,0.0005,0.26889973878860474,218782,218681,3960
18.698497772216797,16.11,0.14,0.02092570997774601,0.20089329779148102,-21.16329620000001,12548,55,0.0005,0.8863199949264526,218860,218759,3961
19.644481658935547,15.99,0.15,0.020979013293981552,0.09443554282188416,-21.012250099999996,12552,55,0.0005,0.459892213344574,218923,218822,3962
19.492687225341797,16.24,0.16,0.020865365862846375,-0.41924870014190674,-20.74859484,12556,55,0.0005,0.7394705414772034,219001,218900,3963
19.163833618164062,16.61,0.17,0.020852986723184586,1.4907501935958862,-20.37641743,12560,55,0.0005,1.2161389589309692,219082,218981,3964
18.212060928344727,16.76,0.18,0.02141576074063778,-1.1988896131515503,-20.313617269999998,12564,55,0.0005,1.146301031112671,219161,219060,3965
20.287853240966797,16.8,0.18,0.021374493837356567,1.4952094554901123,-20.38447182,12568,55,0.0005,0.34899115562438965,219229,219128,3965
17.794689178466797,16.72,0.2,0.021840188652276993,-1.6804362535476685,-20.09946015,12572,55,0.0005,0.6413777470588684,219290,219189,3966
19.67376136779785,16.89,0.19,0.020650841295719147,-0.32243144512176514,-20.17203789,12576,55,0.0005,0.13781166076660156,219357,219256,3967
18.451557159423828,16.93,0.21,0.019926471635699272,0.0466858446598053,-19.85631046,12580,55,0.0005,0.801715075969696,219430,219329,3968
19.31426239013672,17.1,0.21,0.019746707752346992,0.6374365091323853,-19.82536309,12584,55,0.0005,2.975346803665161,219505,219404,3969
18.498767852783203,17.08,0.21,0.02024458721280098,0.4702446758747101,-19.78189966,12588,55,0.0005,0.26159021258354187,219564,219463,3970
19.516735076904297,16.98,0.2,0.020214853808283806,-1.4164568185806274,-20.006723830000002,12592,55,0.0005,0.45329415798187256,219629,219528,3970
18.862049102783203,17.0,0.2,0.01993561163544655,-0.34048983454704285,-19.995196639999996,12596,55,0.0005,1.5163874626159668,219699,219598,3971
18.563678741455078,16.99,0.18,0.020191805437207222,0.4015401303768158,-20.34209344,12600,55,0.0005,1.2063493728637695,219762,219661,3972
18.527271270751953,17.04,0.18,0.02058294042944908,0.01759408414363861,-20.287360000000003,12604,55,0.0005,0.3634425401687622,219835,219734,3973
18.354602813720703,17.24,0.19,0.0200351532548666,-1.3936094045639038,-19.94581103,12608,55,0.0005,0.3720278739929199,219902,219801,3974
21.233060836791992,17.23,0.2,0.019935928285121918,-0.05312615633010864,-19.723313860000005,12612,55,0.0005,0.5058656930923462,219964,219863,3974
18.755956649780273,17.15,0.2,0.02037450671195984,2.3750147819519043,-19.797460100000002,12616,54,0.0005,1.8723267316818237,220016,219915,4001
18.334577560424805,17.08,0.2,0.021133512258529663,0.38561809062957764,-19.74429016,12620,54,0.0005,0.47368571162223816,220076,219975,4002
19.04898452758789,17.13,0.2,0.02175152488052845,1.8866157531738281,-19.77593902,12624,54,0.0005,0.47049739956855774,220146,220045,4003
19.053730010986328,16.95,0.2,0.022011972963809967,-0.364360511302948,-19.82478889,12628,54,0.0005,0.3742877244949341,220198,220097,4004
19.352741241455078,16.78,0.2,0.021410992369055748,-0.6283732652664185,-19.867016960000004,12632,54,0.0005,0.2463366538286209,220263,220162,4005
18.706256866455078,16.78,0.18,0.02081984095275402,-0.8343359231948853,-20.134387639999996,12636,55,0.0005,0.10298121720552444,220337,220236,4006
18.957935333251953,16.78,0.19,0.020287256687879562,-0.493605375289917,-19.94789095,12640,55,0.0005,0.383173406124115,220399,220298,4007
19.159278869628906,16.76,0.2,0.020092595368623734,-0.26768091320991516,-19.6753137,12644,55,0.0005,0.08231931179761887,220458,220357,4007
18.227861404418945,16.59,0.18,0.020184652879834175,0.33121681213378906,-20.05878383,12648,55,0.0005,0.2338169515132904,220519,220418,4008
18.69804573059082,16.7,0.18,0.01992199197411537,0.037293463945388794,-19.968795390000004,12652,55,0.0005,0.2854798436164856,220593,220492,4009
17.667041778564453,16.56,0.16,0.020053556188941002,0.16389526426792145,-20.41905457,12656,55,0.0005,1.1307532787322998,220657,220556,4010
18.743457794189453,16.36,0.15,0.02001482993364334,-0.12588971853256226,-20.679513429999997,12660,55,0.0005,0.8257982730865479,220718,220617,4011
18.470813751220703,16.34,0.13,0.020318105816841125,-0.4194004535675049,-20.943421079999993,12664,55,0.0005,0.08298399299383163,220795,220694,4012
18.417591094970703,16.19,0.13,0.020228121429681778,0.011743083596229553,-20.92931873,12668,55,0.0005,1.093100666999817,220848,220747,4013
18.26264190673828,16.27,0.12,0.020493121817708015,0.13771075010299683,-21.047538310000004,12672,55,0.0005,0.929772138595581,220917,220816,4014
18.98162078857422,16.35,0.12,0.020673010498285294,-0.9562822580337524,-20.99471615,12676,55,0.0005,1.2649236917495728,220992,220891,4015
18.57451629638672,16.35,0.11,0.020539699122309685,-0.66802978515625,-21.078463289999995,12680,55,0.0005,0.26184606552124023,221065,220964,4016
19.043506622314453,16.37,0.11,0.020097145810723305,0.31138181686401367,-21.03479128,12684,55,0.0005,0.3740636110305786,221142,221041,4017
19.463512420654297,16.48,0.1,0.020193152129650116,0.9745276570320129,-21.182108609999997,12688,55,0.0005,0.4518239498138428,221212,221111,4019
17.727672576904297,16.58,0.12,0.020628128200769424,-1.7151235342025757,-20.859791439999995,12692,55,0.0005,0.4328329265117645,221287,221186,4020
18.452457427978516,16.54,0.12,0.01960602030158043,-0.9771828055381775,-20.85470639,12696,55,0.0005,0.3094557523727417,221353,221252,4021
19.926769256591797,16.63,0.12,0.018927954137325287,0.21120686829090118,-20.862608820000002,12700,55,0.0005,1.2543134689331055,221425,221324,4022
18.50879669189453,16.48,0.13,0.019809797406196594,0.4055359959602356,-20.77610369,12704,55,0.0005,0.33829259872436523,221483,221382,4023
17.99640655517578,16.5,0.12,0.01961350068449974,-0.7156212329864502,-21.00527192,12708,55,0.0005,0.17203444242477417,221552,221451,4024
18.56439971923828,16.65,0.11,0.019061582162976265,0.5810874104499817,-21.15622636,12712,55,0.0005,1.0120947360992432,221629,221528,4025
18.540237426757812,16.9,0.11,0.01892235316336155,-0.008527114987373352,-21.02934397,12716,55,0.0005,0.25493159890174866,221706,221605,4026
18.620262145996094,17.03,0.11,0.019472336396574974,0.4951048195362091,-20.962242720000003,12720,55,0.0005,0.186845064163208,221779,221678,4027
18.034297943115234,17.0,0.12,0.019602622836828232,-0.7377563118934631,-20.8559108,12724,55,0.0005,0.31880825757980347,221846,221745,4028
18.279972076416016,17.11,0.13,0.019486909732222557,0.07740035653114319,-20.692513400000003,12728,55,0.0005,0.2725479006767273,221909,221808,4029
18.202659606933594,17.27,0.13,0.01983695849776268,1.4581787586212158,-20.66854767,12732,55,0.0005,0.5724226236343384,221990,221889,4030
18.462890625,17.22,0.14,0.02034091204404831,0.22691525518894196,-20.47960329,12736,55,0.0005,0.21784761548042297,222059,221958,4031
19.106582641601562,17.36,0.13,0.020202649757266045,1.413133144378662,-20.55478466,12740,55,0.0005,0.47955185174942017,222135,222034,4032
18.080270767211914,17.52,0.13,0.020704904571175575,-0.08309298008680344,-20.61727127,12744,55,0.0005,0.10373692959547043,222210,222109,4033
17.017261505126953,17.54,0.14,0.02121385931968689,0.0027267560362815857,-20.42848675,12748,55,0.0005,0.5665138959884644,222273,222172,4034
18.732637405395508,17.49,0.13,0.021654769778251648,0.175429105758667,-20.67406923,12752,55,0.0005,0.9292702674865723,222342,222241,4035
19.865543365478516,17.63,0.13,0.02147013507783413,-1.2933695316314697,-20.63744205,12756,55,0.0005,0.47353458404541016,222420,222319,4036
21.247102737426758,19.25,0.13,0.02068992704153061,-0.39983662962913513,-20.98218968,12760,55,0.0005,0.2876540720462799,222643,222542,4040
19.919830322265625,19.3,0.13,0.020093455910682678,-0.045379891991615295,-21.08312332,12764,55,0.0005,0.3144863545894623,222725,222624,4041
19.57441520690918,19.57,0.14,0.019897641614079475,-0.18706300854682922,-20.836949020000002,12768,55,0.0005,0.3345649242401123,222805,222704,4042
19.249183654785156,19.44,0.13,0.01969820074737072,0.13385194540023804,-21.048893640000003,12772,55,0.0005,0.4494323432445526,222861,222760,4043
19.77355194091797,19.37,0.13,0.019477209076285362,0.18172019720077515,-21.179107650000002,12776,55,0.0005,0.22785936295986176,222929,222828,4044
19.573410034179688,19.42,0.14,0.019330011680722237,-0.570387601852417,-21.026921139999995,12780,55,0.0005,0.07676129043102264,223007,222906,4045
19.643646240234375,19.35,0.16,0.01941029727458954,0.9268021583557129,-20.65402808,12784,55,0.0005,0.16931526362895966,223077,222976,4046
19.098270416259766,19.47,0.17,0.019399283453822136,0.49901238083839417,-20.46856465,12788,55,0.0005,0.8528634309768677,223159,223058,4047
19.048988342285156,19.51,0.16,0.019457804039120674,0.08414298295974731,-20.63141521,12792,55,0.0005,0.12532275915145874,223238,223137,4048
19.835391998291016,19.44,0.15,0.01920958049595356,-0.5007107853889465,-20.86550185,12796,55,0.0005,0.7388328313827515,223297,223196,4049
18.607288360595703,19.28,0.16,0.019159000366926193,0.7182854413986206,-20.7321877,12800,55,0.0005,0.6373030543327332,223353,223252,4050
19.604324340820312,19.38,0.16,0.019102536141872406,0.4129267930984497,-20.71203269,12804,55,0.0005,0.6934522986412048,223421,223320,4051
19.661544799804688,19.36,0.17,0.019521500915288925,-0.6590110659599304,-20.546654750000002,12808,55,0.0005,0.6353973746299744,223488,223387,4052
18.760812759399414,19.26,0.17,0.01971251517534256,0.2914446294307709,-20.507517350000004,12812,55,0.0005,0.39078477025032043,223555,223454,4053
18.705913543701172,19.23,0.18,0.019986718893051147,0.23023802042007446,-20.39633776,12816,55,0.0005,0.47189950942993164,223629,223528,4054
18.75113296508789,19.11,0.19,0.019840050488710403,-0.1539137065410614,-20.3307735,12820,55,0.0005,0.4468654990196228,223690,223589,4055
18.709545135498047,19.11,0.19,0.019774915650486946,-0.3305603861808777,-20.351238799999997,12824,55,0.0005,1.7164182662963867,223757,223656,4056
18.720911026000977,19.03,0.19,0.01950187422335148,-0.07089698314666748,-20.34266434,12828,55,0.0005,0.941508412361145,223812,223711,4057
18.70279884338379,18.82,0.19,0.01957855001091957,0.04358017444610596,-20.475504649999998,12832,55,0.0005,0.1456265151500702,223872,223771,4058
18.83606719970703,18.69,0.19,0.019717494025826454,0.6583540439605713,-20.58348431,12836,55,0.0005,0.6173007488250732,223928,223827,4059
19.22083282470703,18.72,0.2,0.01951010152697563,0.9786190986633301,-20.42398789,12840,55,0.0005,0.21703320741653442,224007,223906,4060
18.20038604736328,18.73,0.2,0.02036047726869583,-0.5745426416397095,-20.4303858,12844,55,0.0005,0.4310758113861084,224083,223982,4061
19.53886604309082,18.8,0.19,0.01995231583714485,-1.4551050662994385,-20.56265655,12848,55,0.0005,0.27557072043418884,224153,224052,4062
17.744037628173828,18.76,0.19,0.019636226817965508,0.35571733117103577,-20.55484226,12852,55,0.0005,1.3193093538284302,224218,224117,4063
18.829803466796875,18.75,0.2,0.0198723953217268,-0.3998234272003174,-20.39418566,12856,55,0.0005,0.8769028782844543,224295,224194,4064
19.332199096679688,17.3,0.2,0.019503749907016754,0.22371485829353333,-19.969029369999998,12860,55,0.0005,0.16200992465019226,224373,224272,4065
18.13704490661621,17.27,0.22,0.01970093324780464,-0.29805856943130493,-19.540906639999996,12864,55,0.0005,1.2167222499847412,224452,224351,4066
21.94261932373047,17.17,0.21,0.01909988559782505,0.0183001309633255,-19.73589679,12868,55,0.0005,0.8360474109649658,224522,224421,4067
19.698612213134766,17.28,0.21,0.01883561909198761,0.4556456208229065,-19.66613625,12872,55,0.0005,1.2709115743637085,224589,224488,4068
19.147035598754883,17.4,0.21,0.017779691144824028,-1.0298975706100464,-19.630717349999998,12876,55,0.0005,0.22794482111930847,224669,224568,4069
17.352325439453125,17.35,0.19,0.01749574951827526,0.5527337193489075,-20.02186905,12880,55,0.0005,0.5814225673675537,224742,224641,4071
18.587753295898438,17.23,0.16,0.01810341328382492,1.0601096153259277,-20.636541479999995,12884,55,0.0005,0.14905044436454773,224800,224699,4071
18.9217529296875,17.11,0.16,0.018964912742376328,0.8207178711891174,-20.716725119999996,12888,55,0.0005,1.5015268325805664,224870,224769,4072
19.48989486694336,17.07,0.15,0.02016162872314453,1.0382099151611328,-20.832232509999997,12892,55,0.0005,1.2235255241394043,224945,224844,4074
18.72286605834961,17.25,0.15,0.020730648189783096,-0.4678780734539032,-20.740307790000003,12896,55,0.0005,0.16901811957359314,225022,224921,4075
19.343063354492188,17.3,0.14,0.02100052684545517,0.14113427698612213,-20.91397066,12900,55,0.0005,0.97820645570755,225083,224982,4076
18.77167320251465,17.19,0.13,0.02096639759838581,-0.976797342300415,-21.176066860000002,12904,55,0.0005,0.38092201948165894,225140,225039,4076
20.771474838256836,17.2,0.12,0.02030104212462902,-0.5419726371765137,-21.321060620000004,12908,55,0.0005,0.657960832118988,225208,225107,4077
18.63566780090332,17.46,0.12,0.01971212588250637,-1.3761136531829834,-21.476431010000006,12912,55,0.0005,0.37604498863220215,225301,225200,4079
17.92306137084961,17.42,0.12,0.019306087866425514,-0.1593271940946579,-21.4078751,12916,55,0.0005,0.16758772730827332,225371,225270,4080
17.864910125732422,17.5,0.11,0.019086511805653572,-0.7883718013763428,-21.51491115,12920,55,0.0005,0.3564416170120239,225440,225339,4081
18.256664276123047,17.61,0.11,0.01915040798485279,0.2915786802768707,-21.50582253,12924,55,0.0005,0.12926317751407623,225518,225417,4082
18.191835403442383,17.77,0.1,0.01922709308564663,0.4566059410572052,-21.65662459,12928,55,0.0005,0.2676679790019989,225589,225488,4083
19.47240447998047,17.79,0.09,0.019632799550890923,1.045878291130066,-21.747756289999998,12932,55,0.0005,0.2271611988544464,225651,225550,4084
17.598766326904297,18.03,0.09,0.02004537731409073,-0.7059602737426758,-21.667964139999995,12936,55,0.0005,0.4310310482978821,225731,225630,4085
18.83742904663086,17.87,0.08,0.019689058884978294,0.06446516513824463,-21.995259689999997,12940,55,0.0005,0.8795883655548096,225794,225693,4086
19.404865264892578,17.83,0.08,0.01996304839849472,0.9460912942886353,-21.959095010000002,12944,55,0.0005,0.5132381319999695,225866,225765,4087
18.313201904296875,17.63,0.08,0.02036796137690544,0.0926530659198761,-22.118583859999998,12948,55,0.0005,0.8610706329345703,225916,225815,4088
17.583751678466797,17.48,0.08,0.020420771092176437,-0.8619027733802795,-22.21817554,12952,55,0.0005,0.2503686249256134,225966,225865,4089
18.73400115966797,17.34,0.08,0.02027728594839573,0.06377241015434265,-22.179992150000004,12956,55,0.0005,0.25550901889801025,226029,225928,4089
19.60405731201172,17.26,0.08,0.020103592425584793,-0.7822437286376953,-22.229202930000007,12960,55,0.0005,1.3783149719238281,226099,225998,4091
17.376068115234375,17.07,0.06,0.01953446865081787,0.3701690435409546,-22.66728996,12964,55,0.0005,0.5878403186798096,226159,226058,4091
18.389280319213867,17.17,0.06,0.020075807347893715,0.11849227547645569,-22.660620600000005,12968,55,0.0005,0.5060396194458008,226239,226138,4093
20.93056869506836,17.19,0.07,0.020036304369568825,-0.11592000722885132,-22.436795999999994,12972,55,0.0005,3.6624863147735596,226308,226207,4094
18.61978530883789,17.54,0.07,0.01968958042562008,0.24705779552459717,-22.530024559999998,12976,55,0.0005,1.068880319595337,226423,226322,4095
19.581560134887695,17.31,0.08,0.02016959898173809,1.013857364654541,-22.455539849999994,12980,55,0.0005,0.19399426877498627,226473,226372,4096
19.27140235900879,17.38,0.08,0.020436536520719528,-1.145015001296997,-22.33189019,12984,55,0.0005,0.12269411981105804,226538,226437,4097
19.071189880371094,17.27,0.07,0.019738296046853065,-0.3100148141384125,-22.49733974,12988,55,0.0005,0.39593029022216797,226597,226496,4098
19.366111755371094,17.19,0.09,0.019726134836673737,1.1067978143692017,-22.27910284,12992,55,0.0005,0.30052846670150757,226664,226563,4099
18.26436424255371,17.04,0.1,0.020113738253712654,1.000986933708191,-22.130881239999997,12996,55,0.0005,0.41214922070503235,226726,226625,4100
17.886608123779297,16.9,0.1,0.020003685727715492,-0.2943215072154999,-22.23075724,13000,55,0.0005,0.3580749034881592,226773,226672,4100
20.458194732666016,17.01,0.1,0.01996951922774315,0.6272044777870178,-22.13196072,13004,55,0.0005,1.7941193580627441,226841,226740,4101
20.58983612060547,16.87,0.1,0.020408524200320244,1.2363743782043457,-22.198159289999992,13008,55,0.0005,0.4669342637062073,226895,226794,4102
18.991897583007812,16.62,0.1,0.021008433774113655,-0.10844330489635468,-22.15157289,13012,55,0.0005,0.9492760300636292,226963,226862,4103
18.687164306640625,16.61,0.09,0.02118479646742344,0.7708309292793274,-22.333089820000005,13016,55,0.0005,0.6064987182617188,227032,226931,4104
18.759403228759766,16.66,0.11,0.021599890664219856,-0.2134793996810913,-21.959301440000008,13020,55,0.0005,0.9982057809829712,227106,227005,4105
19.671772003173828,16.47,0.12,0.021468564867973328,-0.19970014691352844,-21.693884959999995,13024,55,0.0005,0.29655009508132935,227165,227064,4106
19.07730484008789,16.5,0.13,0.021223794668912888,0.5844737887382507,-21.530588449999996,13028,55,0.0005,0.14888927340507507,227239,227138,4107
19.173078536987305,16.5,0.13,0.021544236689805984,0.021289847791194916,-21.471265190000004,13032,55,0.0005,0.10284211486577988,227301,227200,4108
18.64853858947754,16.46,0.12,0.02124924398958683,-0.09387929737567902,-21.730638189999993,13036,55,0.0005,0.27309450507164,227377,227276,4109
18.111419677734375,16.39,0.12,0.02120979316532612,0.20590899884700775,-21.732130980000008,13040,55,0.0005,0.6062792539596558,227433,227332,4110
17.798778533935547,16.24,0.12,0.020824294537305832,-0.39064839482307434,-21.776726479999997,13044,55,0.0005,0.11548721790313721,227490,227389,4111
18.575273513793945,16.45,0.12,0.020858019590377808,0.31037190556526184,-21.697844549999996,13048,55,0.0005,0.4005371928215027,227561,227460,4112
17.942108154296875,16.63,0.12,0.02087154984474182,-0.305254727602005,-21.58790505,13052,55,0.0005,0.08345089852809906,227629,227528,4113
18.92913055419922,16.69,0.11,0.02059527300298214,0.8740004897117615,-21.761577159999998,13056,55,0.0005,0.2924078404903412,227698,227597,4114
18.983915328979492,16.7,0.11,0.0210045725107193,-0.09666392207145691,-21.772663089999995,13060,55,0.0005,0.8556654453277588,227769,227668,4115
20.056278228759766,16.72,0.11,0.02104869671165943,-0.46784141659736633,-21.774208809999994,13064,55,0.0005,0.5192027688026428,227831,227730,4116
18.674434661865234,16.75,0.12,0.02062823623418808,-1.209218978881836,-21.597148250000004,13068,55,0.0005,0.18529127538204193,227914,227813,4117
19.966190338134766,16.81,0.13,0.01978893391788006,-0.06778711825609207,-21.433636139999997,13072,55,0.0005,0.5484836101531982,227989,227888,4118
19.353870391845703,16.32,0.14,0.02009725198149681,-0.5331771373748779,-21.18900525,13076,55,0.0005,0.12839481234550476,228055,227954,4119
19.361480712890625,16.48,0.15,0.020561952143907547,0.09442892670631409,-20.83263598,13080,55,0.0005,0.31640541553497314,228121,228020,4120
19.356201171875,16.47,0.15,0.020631546154618263,0.6024945378303528,-20.97348067,13084,55,0.0005,1.3765608072280884,228185,228084,4121
18.899778366088867,16.62,0.16,0.020591402426362038,0.07641710340976715,-20.765032079999997,13088,55,0.0005,0.13823524117469788,228259,228158,4122
18.72607421875,16.66,0.17,0.020893342792987823,0.8481737971305847,-20.5267281,13092,55,0.0005,0.16416171193122864,228330,228229,4123
18.588027954101562,16.72,0.18,0.020649336278438568,1.075839877128601,-20.29958086,13096,55,0.0005,0.24454908072948456,228398,228297,4124
18.55086898803711,16.93,0.18,0.02125314436852932,0.19635313749313354,-20.15161905,13100,55,0.0005,0.7979233264923096,228466,228365,4125
19.058320999145508,16.92,0.2,0.021605901420116425,-0.46087807416915894,-19.72554707,13104,55,0.0005,0.09440560638904572,228533,228432,4126
18.637632369995117,17.17,0.22,0.02195991575717926,0.12059901654720306,-19.29580985,13108,55,0.0005,0.534906268119812,228612,228511,4128
19.959827423095703,17.12,0.22,0.021929021924734116,1.4193170070648193,-19.253330660000003,13112,55,0.0005,0.4259704351425171,228675,228574,4129
19.13080596923828,17.08,0.23,0.02201317623257637,0.5610986948013306,-19.057897080000004,13116,55,0.0005,0.25530385971069336,228740,228639,4129
17.88463592529297,17.16,0.23,0.021422194316983223,-0.8544813394546509,-19.05673722,13120,55,0.0005,0.23295778036117554,228822,228721,4131
18.765775680541992,17.2,0.22,0.020801037549972534,0.2135721743106842,-19.296332770000003,13124,55,0.0005,0.5186473727226257,228885,228784,4132
18.3394775390625,17.1,0.22,0.020615119487047195,0.7962278723716736,-19.25699399,13128,55,0.0005,0.9333398938179016,228949,228848,4133
17.901519775390625,17.26,0.22,0.020675722509622574,0.09962856769561768,-19.224720500000004,13132,55,0.0005,0.4166867434978485,229027,228926,4134
19.030797958374023,17.28,0.23,0.020682312548160553,0.3578099012374878,-18.95245254,13136,55,0.0005,0.5162863731384277,229105,229004,4135
19.649070739746094,17.26,0.24,0.021145658567547798,0.668300986289978,-18.713127529999998,13140,55,0.0005,0.5821546912193298,229159,229058,4136
18.612417221069336,17.35,0.23,0.021031014621257782,-0.6606501340866089,-18.82640095,13144,55,0.0005,0.29418039321899414,229225,229124,4137
17.93722152709961,17.43,0.25,0.02053031697869301,-0.5564467906951904,-18.41551115,13148,55,0.0005,0.18720784783363342,229304,229203,4138
18.531814575195312,17.48,0.26,0.019792137667536736,0.01460351049900055,-18.189873260000002,13152,55,0.0005,0.21406526863574982,229377,229276,4139
18.6490535736084,17.51,0.26,0.019966594874858856,-0.3354128897190094,-18.19863295,13156,55,0.0005,0.7529296278953552,229449,229348,4140
17.42839813232422,17.38,0.27,0.019932880997657776,0.06021634861826897,-17.98016455,13160,55,0.0005,0.19800816476345062,229507,229406,4141
17.918235778808594,17.29,0.27,0.020132217556238174,0.3769944906234741,-17.935801110000003,13164,55,0.0005,0.16900689899921417,229560,229459,4142
18.034473419189453,17.24,0.27,0.020143475383520126,-0.4647349715232849,-17.90948573,13168,55,0.0005,0.7935068011283875,229638,229537,4143
17.930362701416016,17.23,0.27,0.020031360909342766,-0.02041880041360855,-17.987978770000005,13172,55,0.0005,0.24612870812416077,229712,229611,4144
18.216537475585938,17.14,0.27,0.020038072019815445,0.9906827211380005,-17.94509705,13176,55,0.0005,0.17383292317390442,229769,229668,4145
18.009857177734375,17.17,0.27,0.020541641861200333,-0.5598162412643433,-18.024228570000002,13180,55,0.0005,1.3231428861618042,229838,229737,4146
20.218494415283203,17.15,0.28,0.020922573283314705,0.9183657169342041,-17.771451580000004,13184,55,0.0005,0.25095322728157043,229900,229799,4147
17.991971969604492,17.1,0.28,0.021667033433914185,-0.39142853021621704,-17.755153229999998,13188,55,0.0005,0.7183133363723755,229969,229868,4148
17.872909545898438,17.01,0.25,0.0208803191781044,-0.4901525676250458,-18.36755933,13192,55,0.0005,0.4913768172264099,230031,229930,4173
18.828832626342773,16.98,0.24,0.02062859944999218,0.02684319019317627,-18.59661296,13196,55,0.0005,0.6427404880523682,230096,229995,4174
19.98053550720215,16.92,0.25,0.020534072071313858,0.9143140316009521,-18.48481718,13200,55,0.0005,0.5719141960144043,230158,230057,4175
20.13181495666504,16.79,0.23,0.020846299827098846,-1.8829121589660645,-19.0794164,13204,55,0.0005,1.3678059577941895,230212,230111,4176
19.895296096801758,16.44,0.21,0.020164456218481064,-0.349202036857605,-19.62272279,13208,55,0.0005,0.3360311985015869,230256,230155,4177
18.588308334350586,16.57,0.22,0.021177273243665695,0.14602982997894287,-19.428186269999998,13212,55,0.0005,0.24648717045783997,230332,230231,4178
18.737367630004883,16.61,0.22,0.02175573632121086,0.6515453457832336,-19.445369609999997,13216,55,0.0005,0.22140198945999146,230401,230300,4179
18.946136474609375,16.26,0.2,0.022189592942595482,1.0353925228118896,-19.918924190000002,13220,55,0.0005,0.3613305985927582,230448,230347,4179
17.723636627197266,16.35,0.21,0.022672252729535103,0.7728157043457031,-19.77247536,13224,55,0.0005,0.502009391784668,230520,230419,4180
18.80234146118164,16.4,0.2,0.02316839061677456,-0.2246410846710205,-19.879537279999997,13228,55,0.0005,0.1639467179775238,230589,230488,4181
17.915191650390625,16.3,0.2,0.02311437577009201,-0.1117333173751831,-19.91099218,13232,55,0.0005,0.28512802720069885,230657,230556,4182
19.714008331298828,16.33,0.2,0.023181814700365067,-0.40491819381713867,-20.230890849999998,13236,55,0.0005,0.5393185615539551,230738,230637,4183
19.29587173461914,16.57,0.22,0.023929109796881676,0.9902273416519165,-19.80863174,13240,55,0.0005,0.7994568347930908,230816,230715,4184
18.014432907104492,16.66,0.23,0.02403760515153408,0.2428918182849884,-19.699757469999998,13244,55,0.0005,0.2376859486103058,230891,230790,4185
18.684173583984375,16.47,0.21,0.023646341636776924,0.022637546062469482,-20.14380152,13248,55,0.0005,0.2899453639984131,230951,230850,4185
18.553022384643555,16.31,0.21,0.023495327681303024,0.0711858719587326,-20.170275370000002,13252,55,0.0005,0.5447707772254944,231008,230907,4186
18.556228637695312,16.16,0.22,0.0237735528498888,0.6850384473800659,-19.97584929,13256,55,0.0005,0.5173982381820679,231065,230964,4187
18.06400489807129,16.25,0.22,0.02352559193968773,0.11649475246667862,-19.97905229,13260,55,0.0005,1.6052111387252808,231132,231031,4188
19.021345138549805,16.31,0.24,0.02364836074411869,1.4727479219436646,-19.63451586,13264,55,0.0005,0.2065512239933014,231191,231090,4188
17.006641387939453,16.16,0.24,0.02445605956017971,-0.2283814698457718,-19.59880931,13268,55,0.0005,0.15467821061611176,231254,231153,4189
18.981124877929688,16.18,0.22,0.023536425083875656,-0.3525768220424652,-19.94668218,13272,55,0.0005,1.3142931461334229,231330,231229,4190
19.9516544342041,16.45,0.21,0.023549189791083336,-2.0382845401763916,-20.18774593,13276,55,0.0005,0.5625474452972412,231414,231313,4191
18.356151580810547,16.3,0.19,0.022923925891518593,1.4082449674606323,-20.66866184,13280,55,0.0005,1.1053426265716553,231468,231367,4192
19.593952178955078,16.44,0.18,0.023420915007591248,-0.63653564453125,-21.002136800000002,13284,55,0.0005,0.22472327947616577,231544,231443,4193
18.701595306396484,16.53,0.17,0.023591747507452965,0.4993533194065094,-21.30776718,13288,55,0.0005,0.36943185329437256,231622,231521,4194
19.067781448364258,16.64,0.17,0.023688210174441338,0.24566294252872467,-21.21459609,13292,55,0.0005,1.0205998420715332,231695,231594,4195
18.768688201904297,16.77,0.16,0.023441249504685402,0.1638353168964386,-21.43321631,13296,55,0.0005,0.6102825999259949,231773,231672,4196
17.79277801513672,16.86,0.15,0.023698806762695312,-0.4164326786994934,-21.600432600000005,13300,55,0.0005,0.862334132194519,231844,231743,4197
18.487735748291016,17.01,0.15,0.023576874285936356,-0.7169936895370483,-21.43965293,13304,55,0.0005,0.30771565437316895,231913,231812,4198
18.952224731445312,17.21,0.15,0.02286653220653534,-0.8700066804885864,-21.194079009999996,13308,55,0.0005,0.12290320545434952,231977,231876,4199
18.426118850708008,17.13,0.14,0.02198789268732071,-0.8965867161750793,-21.395799680000003,13312,55,0.0005,0.47926825284957886,232045,231944,4200
18.065757751464844,17.17,0.14,0.02162468060851097,-0.21605849266052246,-21.329622210000004,13316,55,0.0005,0.4595261812210083,232118,232017,4201
18.220626831054688,17.48,0.16,0.02165488339960575,0.13410750031471252,-20.925267610000002,13320,55,0.0005,0.524962306022644,232196,232095,4202
19.583072662353516,17.45,0.15,0.02170073613524437,-0.05406010150909424,-21.01728309,13324,55,0.0005,0.6166321039199829,232265,232164,4203
18.53055191040039,17.54,0.16,0.02139693684875965,-0.7582533359527588,-20.876733779999995,13328,55,0.0005,0.2530019283294678,232343,232242,4204
18.354217529296875,17.49,0.17,0.02124243602156639,0.6222778558731079,-20.70533405,13332,55,0.0005,1.1637098789215088,232406,232305,4205
18.414140701293945,17.41,0.18,0.02140546403825283,1.0092790126800537,-20.2868774,13336,55,0.0005,0.9630024433135986,232479,232378,4206
18.963281631469727,17.45,0.17,0.021546080708503723,-0.5781501531600952,-20.533224949999997,13340,55,0.0005,0.4216887950897217,232561,232460,4207
17.753253936767578,17.25,0.16,0.02140451967716217,0.32834580540657043,-20.776710389999998,13344,55,0.0005,0.19793632626533508,232616,232515,4208
19.569456100463867,17.29,0.16,0.021958574652671814,0.64549720287323,-20.70887747,13348,55,0.0005,0.665882408618927,232680,232579,4209
17.965045928955078,17.42,0.16,0.02192305214703083,1.1135157346725464,-20.749202419999996,13352,55,0.0005,0.43724513053894043,232750,232649,4210
18.179208755493164,17.5,0.15,0.022390281781554222,0.3803861737251282,-20.998755509999995,13356,55,0.0005,1.0671744346618652,232815,232714,4211
20.267597198486328,17.48,0.15,0.022340936586260796,0.20649075508117676,-21.012618789999998,13360,55,0.0005,1.2435534000396729,232880,232779,4212
19.88343048095703,17.55,0.13,0.02271723374724388,0.016095459461212158,-21.345881130000002,13364,55,0.0005,0.20736433565616608,232946,232845,4213
18.490978240966797,17.61,0.14,0.021896714344620705,-2.507636547088623,-21.282612980000003,13368,55,0.0005,0.3432829976081848,233015,232914,4214
17.552688598632812,17.73,0.15,0.019410302862524986,-1.916056752204895,-21.09820464,13372,55,0.0005,0.3701508343219757,233103,233002,4215
16.83766746520996,17.53,0.15,0.018495505675673485,-0.8440037965774536,-21.04256753,13376,55,0.0005,0.15133169293403625,233167,233066,4216
17.69314956665039,17.73,0.15,0.018271325156092644,0.45867282152175903,-20.85797494,13380,55,0.0005,0.2172946333885193,233241,233140,4217
18.028459548950195,17.74,0.15,0.018657032400369644,1.1330840587615967,-20.66346157,13384,55,0.0005,0.39372846484184265,233318,233217,4219
18.881547927856445,17.77,0.17,0.019230205565690994,0.7145014405250549,-20.154613760000004,13388,55,0.0005,0.38593441247940063,233399,233298,4220
17.865341186523438,17.75,0.17,0.019574502483010292,-2.0142621994018555,-20.117109559999996,13392,55,0.0005,0.3086000084877014,233470,233369,4221
17.874046325683594,17.55,0.17,0.01932075433433056,-0.16781233251094818,-20.13351398,13396,55,0.0005,0.19252274930477142,233528,233427,4222
18.63918685913086,17.74,0.18,0.01947222277522087,0.38868284225463867,-19.872700650000002,13400,55,0.0005,0.6318750381469727,233618,233517,4223
17.938129425048828,17.72,0.19,0.019973203539848328,-0.5775975584983826,-19.6985101,13404,55,0.0005,0.1181359514594078,233685,233584,4224
18.667394638061523,17.67,0.19,0.02017129398882389,0.8749104142189026,-19.82707918,13408,55,0.0005,0.26724594831466675,233744,233643,4225
18.128835678100586,17.8,0.21,0.020608853548765182,1.0657320022583008,-19.45889133,13412,55,0.0005,0.10511887073516846,233825,233724,4226
18.729324340820312,17.7,0.21,0.021198272705078125,0.8994698524475098,-19.50831809,13416,55,0.0005,0.1362060159444809,233888,233787,4227
18.31021499633789,17.58,0.2,0.02182159200310707,0.21600434184074402,-19.64131545,13420,55,0.0005,0.19012340903282166,233954,233853,4228
18.242778778076172,17.59,0.21,0.022108284756541252,0.10457416623830795,-19.41100857,13424,55,0.0005,0.14671921730041504,234024,233923,4229
18.464447021484375,17.46,0.21,0.022148502990603447,0.013680890202522278,-19.52317281,13428,55,0.0005,0.9536904096603394,234089,233988,4230
18.983491897583008,17.61,0.2,0.022097492590546608,0.17952707409858704,-19.66895876,13432,55,0.0005,0.1437595635652542,234167,234066,4231
18.506370544433594,17.68,0.19,0.022374214604496956,0.41868916153907776,-19.79198581,13436,55,0.0005,0.08452050387859344,234247,234146,4232
17.874698638916016,17.58,0.19,0.022753816097974777,0.04769688844680786,-19.69857982,13440,55,0.0005,0.38885506987571716,234319,234218,4233
17.7615966796875,17.75,0.2,0.02289552241563797,-0.1285627782344818,-19.408335870000002,13444,55,0.0005,0.2640603184700012,234391,234290,4234
17.948001861572266,17.77,0.21,0.022546347230672836,-1.272292137145996,-19.295473930000004,13448,55,0.0005,0.14226076006889343,234457,234356,4235
18.101512908935547,17.81,0.22,0.022036047652363777,0.6612323522567749,-19.17036231,13452,55,0.0005,0.36384153366088867,234531,234430,4236
18.047258377075195,17.81,0.24,0.021839672699570656,-0.2728131115436554,-18.8216395,13456,55,0.0005,0.2402101755142212,234596,234495,4237
17.706012725830078,17.92,0.25,0.021714534610509872,0.4883441627025604,-18.678190009999998,13460,55,0.0005,0.5913853645324707,234672,234571,4239
17.96457290649414,17.91,0.27,0.022016875445842743,0.5785500407218933,-18.324726740000003,13464,55,0.0005,1.0167839527130127,234737,234636,4240
18.521045684814453,17.76,0.26,0.02200876735150814,-0.966418981552124,-18.50265658,13468,55,0.0005,0.15802006423473358,234791,234690,4240
18.394411087036133,17.63,0.26,0.02180320955812931,-0.34784364700317383,-18.5096911,13472,55,0.0005,1.2516897916793823,234866,234765,4241
19.785367965698242,17.64,0.28,0.021857310086488724,-0.2690690755844116,-18.120044370000002,13476,55,0.0005,0.4577025771141052,234931,234830,4242
17.894386291503906,17.65,0.3,0.02184676006436348,-0.8013424277305603,-17.83270229,13480,55,0.0005,0.8599120378494263,235006,234905,4243
18.081809997558594,17.55,0.31,0.021226167678833008,-0.6814694404602051,-17.64874918,13484,55,0.0005,0.26296594738960266,235073,234972,4244
18.303760528564453,17.39,0.29,0.021210184320807457,-0.2227432131767273,-18.026692609999998,13488,55,0.0005,0.21791395545005798,235138,235037,4245
18.514928817749023,17.37,0.29,0.02143239602446556,0.145097553730011,-17.96070432,13492,55,0.0005,0.4105033278465271,235207,235106,4246
18.39055633544922,17.45,0.29,0.021692262962460518,0.13817259669303894,-17.90184116,13496,55,0.0005,0.3345474600791931,235273,235172,4247
17.743743896484375,17.3,0.29,0.022011779248714447,-0.2086072713136673,-17.93137966,13500,55,0.0005,0.6987930536270142,235348,235247,4249
18.29265594482422,17.23,0.28,0.021473519504070282,-0.9595235586166382,-18.202336869999996,13504,55,0.0005,0.2395564317703247,235408,235307,4249
18.72402572631836,17.37,0.29,0.021089669317007065,0.20838448405265808,-17.999440959999998,13508,55,0.0005,0.4437801241874695,235481,235380,4251
19.10272216796875,17.3,0.28,0.02080371603369713,0.174587681889534,-18.164707339999996,13512,55,0.0005,0.637742280960083,235555,235454,4252
17.75350570678711,17.37,0.28,0.020647188648581505,0.15760551393032074,-18.17887566,13516,55,0.0005,0.574366569519043,235625,235524,4253
17.35894012451172,17.32,0.27,0.02043817564845085,0.4561740756034851,-18.40320036,13520,55,0.0005,0.19233155250549316,235686,235585,4254
20.242252349853516,17.34,0.28,0.020320896059274673,1.071128010749817,-18.240299779999997,13524,55,0.0005,1.0969789028167725,235758,235657,4255
18.688854217529297,17.29,0.27,0.02073686197400093,-0.7205678820610046,-18.39929877,13528,55,0.0005,2.3874621391296387,235818,235717,4255
18.006729125976562,17.11,0.27,0.02039165236055851,0.05093961954116821,-18.506213780000003,13532,55,0.0005,0.5518359541893005,235878,235777,4256
19.468093872070312,16.96,0.27,0.020927386358380318,1.6360552310943604,-18.52877838,13536,55,0.0005,2.280292272567749,235943,235842,4257
21.0423526763916,17.0,0.26,0.021187596023082733,-1.0346806049346924,-18.74352736,13540,55,0.0005,0.42866700887680054,236019,235918,4258
19.603511810302734,16.99,0.25,0.0199129655957222,-0.23120135068893433,-18.98568334,13544,55,0.0005,0.41352519392967224,236090,235989,4259
19.03166389465332,16.98,0.24,0.019763406366109848,0.6699931025505066,-19.14318742,13548,55,0.0005,0.8360413312911987,236155,236054,4260
17.877395629882812,16.84,0.23,0.020222710445523262,0.7940911650657654,-19.294374440000002,13552,55,0.0005,0.3754977583885193,236215,236114,4261
18.38481330871582,16.94,0.22,0.020868808031082153,0.07680130004882812,-19.353290889999997,13556,55,0.0005,0.21064463257789612,236290,236189,4262
19.121688842773438,16.78,0.2,0.02071618288755417,-0.1261259764432907,-19.725294509999998,13560,55,0.0005,0.19461947679519653,236350,236249,4263
18.785724639892578,16.89,0.19,0.020775198936462402,0.39022690057754517,-19.841012239999998,13564,55,0.0005,0.5121694803237915,236426,236325,4264
17.879392623901367,17.0,0.18,0.020460499450564384,-0.3201632499694824,-19.97041989,13568,55,0.0005,0.4666600227355957,236491,236390,4265
17.866418838500977,16.95,0.18,0.01999460719525814,-0.5726305842399597,-19.882658910000004,13572,55,0.0005,0.3275127112865448,236561,236460,4266
18.601886749267578,16.85,0.18,0.019630445167422295,-0.1698831021785736,-19.92334754,13576,55,0.0005,0.24106881022453308,236616,236515,4267
19.62163734436035,16.83,0.16,0.02038135938346386,1.0066654682159424,-20.20491463,13580,55,0.0005,0.5357654094696045,236689,236588,4268
18.041772842407227,16.86,0.16,0.01992458663880825,-1.416518211364746,-20.258134809999998,13584,55,0.0005,0.09984740614891052,236759,236658,4269
17.805843353271484,17.12,0.18,0.01914812996983528,-0.2124273031949997,-19.9331196,13588,55,0.0005,0.1293795257806778,236850,236749,4270
19.32706642150879,17.16,0.19,0.019103629514575005,0.5328318476676941,-19.86386044,13592,55,0.0005,0.3408960700035095,236923,236822,4271
18.79665756225586,17.07,0.19,0.019326969981193542,0.5959586501121521,-19.91836997,13596,55,0.0005,1.2955596446990967,236980,236879,4272
18.56203842163086,17.1,0.2,0.018821321427822113,-0.06382451951503754,-19.786709469999995,13600,55,0.0005,0.3171139061450958,237058,236957,4273
18.567779541015625,17.06,0.2,0.018731817603111267,0.17457902431488037,-19.76732669,13604,55,0.0005,0.3633912205696106,237114,237013,4273
18.56014633178711,17.03,0.19,0.01951766200363636,0.43444931507110596,-19.99224954,13608,55,0.0005,3.9621975421905518,237184,237083,4274
17.81043243408203,16.98,0.18,0.02011743374168873,-0.41414231061935425,-20.13659063,13612,55,0.0005,0.36028119921684265,237253,237152,4275
17.924182891845703,17.06,0.18,0.02017781138420105,-0.15832288563251495,-20.098107159999998,13616,55,0.0005,0.3020150065422058,237331,237230,4276
18.561389923095703,17.08,0.19,0.020077921450138092,0.6898555755615234,-19.868127450000003,13620,55,0.0005,0.7487320899963379,237394,237293,4277
17.797767639160156,17.23,0.18,0.020262695848941803,-0.8920041918754578,-20.07794077,13624,55,0.0005,0.2518465518951416,237481,237380,4278
18.475765228271484,17.13,0.19,0.01997794397175312,0.0503695011138916,-19.951497149999998,13628,55,0.0005,0.10585245490074158,237531,237430,4278
17.489009857177734,17.2,0.19,0.019477127119898796,0.0850178450345993,-19.818043199999998,13632,55,0.0005,0.16778135299682617,237598,237497,4279
17.598966598510742,17.25,0.18,0.019686535000801086,0.7132457494735718,-19.99497448,13636,55,0.0005,1.0292737483978271,237668,237567,4280
17.967124938964844,17.18,0.18,0.020140264183282852,0.11020665615797043,-20.079170190000003,13640,55,0.0005,1.1883502006530762,237737,237636,4281
19.046419143676758,17.34,0.2,0.02019650489091873,0.20358173549175262,-19.646092090000003,13644,55,0.0005,0.8853811025619507,237824,237723,4282
19.745018005371094,17.41,0.22,0.020927177742123604,2.4294300079345703,-19.301295619999998,13648,55,0.0005,0.4483962655067444,237896,237795,4283
17.228504180908203,17.44,0.22,0.021516023203730583,-0.20263364911079407,-19.34761875,13652,55,0.0005,0.6046944856643677,237959,237858,4284
17.685029983520508,17.5,0.22,0.021143285557627678,-0.5833427906036377,-19.644435809999997,13656,55,0.0005,0.4260472357273102,238040,237939,4285
23.29127311706543,17.53,0.22,0.021189920604228973,-0.013113036751747131,-19.579241469999996,13660,55,0.0005,1.6575291156768799,238103,238002,4286
17.584575653076172,17.47,0.22,0.022662054747343063,1.6281397342681885,-19.74408297,13664,55,0.0005,0.8025712966918945,238173,238072,4287
19.94156265258789,18.84,0.23,0.022556809708476067,-1.2127877473831177,-19.863588949999997,13668,55,0.0005,0.14176547527313232,238375,238274,4290
18.775602340698242,18.89,0.23,0.02137617953121662,-0.8929540514945984,-19.879189380000003,13672,55,0.0005,0.45609983801841736,238450,238349,4291
17.584924697875977,19.11,0.22,0.02108968235552311,-0.41553884744644165,-20.05967008,13676,55,0.0005,0.9291423559188843,238527,238426,4292
17.803661346435547,19.17,0.22,0.021224873140454292,-0.3380295932292938,-20.080822620000003,13680,55,0.0005,1.551722526550293,238606,238505,4293
18.0955810546875,19.1,0.22,0.020828327164053917,-0.3457062542438507,-20.09773142,13684,55,0.0005,0.4248965382575989,238669,238568,4294
18.56561279296875,19.0,0.21,0.020294517278671265,-0.4265008270740509,-20.27867637,13688,55,0.0005,0.11963042616844177,238750,238649,4295
18.356094360351562,19.01,0.21,0.020111622288823128,-0.07235137373209,-20.22328474,13692,55,0.0005,0.2242729514837265,238824,238723,4296
18.339826583862305,19.12,0.23,0.019953465089201927,-0.247345432639122,-19.88803028,13696,55,0.0005,0.25553059577941895,238892,238791,4297
18.169036865234375,19.05,0.22,0.0198089387267828,-0.32594579458236694,-19.964214029999997,13700,55,0.0005,0.35080569982528687,238963,238862,4298
18.795839309692383,19.24,0.23,0.019845938310027122,-0.552933931350708,-19.651583459999998,13704,55,0.0005,0.21560949087142944,239038,238937,4299
18.046567916870117,19.16,0.24,0.01995399408042431,-0.3176058828830719,-19.44986349,13708,55,0.0005,0.8869709968566895,239100,238999,4299
18.84006118774414,19.1,0.24,0.01967354118824005,-0.10216239094734192,-19.55864829,13712,55,0.0005,0.43552297353744507,239163,239062,4300
19.60757827758789,18.92,0.23,0.019650323316454887,-0.6782517433166504,-19.81285882,13716,55,0.0005,0.2218938022851944,239223,239122,4301
18.118019104003906,19.0,0.24,0.019963836297392845,0.323721706867218,-19.595191850000003,13720,55,0.0005,1.1666004657745361,239294,239193,4302
18.254119873046875,18.82,0.23,0.02025168389081955,-0.237515389919281,-19.783884970000003,13724,55,0.0005,0.28620269894599915,239363,239262,4303
18.698760986328125,19.09,0.24,0.019498877227306366,-0.41698917746543884,-19.472157850000002,13728,55,0.0005,0.11130468547344208,239440,239339,4304
17.81200408935547,19.1,0.26,0.019617360085248947,0.766890823841095,-19.206700169999998,13732,55,0.0005,0.43880030512809753,239508,239407,4305
17.91604232788086,19.15,0.27,0.019879475235939026,0.47569602727890015,-19.10494176,13736,55,0.0005,0.3034248352050781,239583,239482,4307
17.366798400878906,19.07,0.28,0.020112965255975723,-0.19530938565731049,-18.90868635,13740,55,0.0005,1.312837839126587,239644,239543,4307
18.196205139160156,18.91,0.28,0.02022015117108822,0.8236219882965088,-18.86980179,13744,55,0.0005,0.995991051197052,239715,239614,4309
18.502595901489258,18.96,0.27,0.02113267593085766,1.0981796979904175,-18.96370332,13748,55,0.0005,0.3953155279159546,239792,239691,4310
18.259557723999023,19.15,0.28,0.021258743479847908,-0.29394280910491943,-18.747359359999997,13752,55,0.0005,0.15428920090198517,239874,239773,4311
18.681617736816406,18.91,0.27,0.020955251529812813,0.07257582247257233,-18.72129948,13756,55,0.0005,0.5377882719039917,239931,239830,4312
17.655399322509766,18.93,0.29,0.02092164009809494,-0.640668511390686,-18.36867369,13760,55,0.0005,0.17494355142116547,239996,239895,4313
17.972658157348633,18.84,0.28,0.02075670100748539,-0.24649903178215027,-18.534831370000003,13764,55,0.0005,0.22771930694580078,240057,239956,4350
17.047712326049805,17.53,0.27,0.020817041397094727,-0.5838741660118103,-18.427008899999997,13768,55,0.0005,0.27180594205856323,240128,240027,4351
17.69717025756836,17.53,0.27,0.020688887685537338,0.36891642212867737,-18.48305232,13772,55,0.0005,0.1396302580833435,240203,240102,4352
17.196533203125,17.48,0.28,0.020694272592663765,0.1107712984085083,-18.28573668,13776,55,0.0005,0.766478419303894,240275,240174,4353
17.5806884765625,17.43,0.29,0.02082092873752117,0.8690274953842163,-18.162891589999997,13780,55,0.0005,0.14859604835510254,240349,240248,4354
18.853179931640625,17.53,0.29,0.020712533965706825,-0.7513925433158875,-18.11642687,13784,55,0.0005,0.11694811284542084,240422,240321,4356
18.568557739257812,17.41,0.29,0.020826807245612144,0.2198564112186432,-18.00956179,13788,55,0.0005,0.8177927732467651,240491,240390,4357
18.160228729248047,17.41,0.29,0.021015312522649765,-0.30178356170654297,-17.983779,13792,55,0.0005,0.5414575338363647,240565,240464,4358
19.377777099609375,17.32,0.29,0.021682223305106163,0.46753010153770447,-17.98327675,13796,55,0.0005,0.40237581729888916,240624,240523,4359
16.98038101196289,17.3,0.29,0.022055763751268387,0.8864514231681824,-17.972035700000003,13800,55,0.0005,0.8967745900154114,240693,240592,4360
17.633079528808594,17.32,0.29,0.021921085193753242,-0.6347010135650635,-17.97648992,13804,55,0.0005,0.3742021918296814,240770,240669,4361
20.722389221191406,17.42,0.28,0.022265013307332993,-0.07973656803369522,-18.228158689999997,13808,55,0.0005,0.944376528263092,240842,240741,4362
19.686500549316406,17.56,0.29,0.022062527015805244,-0.29200583696365356,-18.041159399999998,13812,55,0.0005,2.635157346725464,240919,240818,4363
18.402769088745117,17.66,0.3,0.02271353453397751,0.42541319131851196,-17.76460622,13816,55,0.0005,1.6833285093307495,240989,240888,4364
17.823482513427734,17.57,0.29,0.022876368835568428,0.5179657340049744,-18.05053371,13820,55,0.0005,0.15711504220962524,241051,240950,4365
17.793842315673828,17.61,0.29,0.022820472717285156,-0.3510538935661316,-18.119726870000004,13824,55,0.0005,0.2652040719985962,241124,241023,4366
18.158058166503906,17.51,0.27,0.022389769554138184,-0.2633960247039795,-18.507744919999997,13828,55,0.0005,0.5360377430915833,241191,241090,4367
18.349220275878906,17.59,0.28,0.02148902229964733,-0.32134076952934265,-18.287476320000003,13832,55,0.0005,0.18065831065177917,241267,241166,4368
18.14569854736328,17.45,0.28,0.020933784544467926,-0.4201142191886902,-18.198382650000003,13836,55,0.0005,0.7923424243927002,241328,241227,4369
18.67116355895996,17.47,0.27,0.020774001255631447,0.33311691880226135,-18.313652790000003,13840,55,0.0005,1.6990602016448975,241391,241290,4370
18.17022705078125,17.42,0.25,0.020772194489836693,-0.26213914155960083,-18.71448487,13844,55,0.0005,0.1440703570842743,241457,241356,4371
18.851314544677734,17.42,0.26,0.02047707699239254,1.1712324619293213,-18.539519860000002,13848,55,0.0005,0.7088536024093628,241534,241433,4372
17.739633560180664,17.31,0.25,0.020680928602814674,-0.027615725994110107,-18.6733434,13852,55,0.0005,0.9012200236320496,241605,241504,4373
18.66042137145996,17.38,0.25,0.020710952579975128,0.6950820088386536,-18.67213369,13856,55,0.0005,0.18964482843875885,241669,241568,4374
18.478626251220703,17.58,0.27,0.020873842760920525,0.7729029655456543,-18.330687159999997,13860,55,0.0005,1.679492473602295,241754,241653,4375
18.78868865966797,17.77,0.28,0.02193063125014305,0.19567158818244934,-18.01328092,13864,55,0.0005,0.10320083051919937,241834,241733,4376
17.751968383789062,17.7,0.28,0.0214865580201149,-1.4212055206298828,-17.98958907,13868,55,0.0005,0.18754802644252777,241898,241797,4377
20.022686004638672,17.55,0.28,0.020532401278614998,0.670037567615509,-18.03052089,13872,55,0.0005,0.5421180725097656,241958,241857,4378
18.224773406982422,17.44,0.27,0.020961908623576164,1.5897859334945679,-18.21531113,13876,55,0.0005,0.43046802282333374,242019,241918,4379
17.947914123535156,17.27,0.27,0.021235091611742973,-0.14730392396450043,-18.216946890000003,13880,55,0.0005,0.1436639130115509,242076,241975,4380
19.025775909423828,17.12,0.27,0.021021345630288124,1.0370304584503174,-18.379671039999998,13884,55,0.0005,0.7157877087593079,242134,242033,4381
20.33753776550293,17.01,0.26,0.021471211686730385,0.3048723042011261,-18.670252549999997,13888,55,0.0005,1.472676396369934,242192,242091,4382
18.483600616455078,17.0,0.26,0.021801039576530457,1.8694467544555664,-18.71174707,13892,55,0.0005,0.48073065280914307,242265,242164,4383
17.84474754333496,17.14,0.26,0.023190682753920555,0.2914541959762573,-18.656838370000003,13896,55,0.0005,0.1834292709827423,242338,242237,4384
18.07284164428711,17.09,0.25,0.024147454649209976,1.3973658084869385,-18.8855273,13900,55,0.0005,0.22919151186943054,242402,242301,4385
20.086732864379883,16.9,0.24,0.024733571335673332,-0.0019832104444503784,-19.155494930000003,13904,55,0.0005,1.727400302886963,242460,242359,4386
20.5572509765625,16.78,0.24,0.024451833218336105,-0.7131195664405823,-19.03269586,13908,55,0.0005,0.6720104217529297,242520,242419,4387
19.219676971435547,16.65,0.23,0.023975897580385208,-0.8662513494491577,-19.18498418,13912,55,0.0005,0.7008171081542969,242584,242483,4387
18.40367317199707,16.54,0.23,0.022992141544818878,-1.1676743030548096,-19.297649240000002,13916,55,0.0005,0.9773243069648743,242643,242542,4388
17.806644439697266,16.63,0.24,0.0226062573492527,-0.5285789370536804,-19.14998549,13920,55,0.0005,0.8345297574996948,242714,242613,4389
18.726409912109375,16.61,0.24,0.022340616211295128,0.4685969650745392,-19.135332759999997,13924,55,0.0005,0.41168898344039917,242785,242684,4390
18.38500213623047,16.58,0.25,0.022397655993700027,0.3158224821090698,-18.94798914,13928,55,0.0005,0.5344223380088806,242849,242748,4391
18.273433685302734,16.68,0.24,0.022541580721735954,0.8321284651756287,-19.14632113,13932,55,0.0005,0.2184920758008957,242935,242834,4393
18.058679580688477,16.68,0.23,0.022983340546488762,0.3950955271720886,-19.38497017,13936,55,0.0005,0.47043469548225403,242996,242895,4394
17.592578887939453,16.71,0.22,0.022928718477487564,-0.6036416292190552,-19.548262549999993,13940,55,0.0005,0.10172726213932037,243062,242961,4394
17.734779357910156,16.62,0.22,0.02270866557955742,-0.7498105764389038,-19.581540139999998,13944,55,0.0005,0.16044685244560242,243119,243018,4395
17.943050384521484,16.51,0.21,0.022556917741894722,0.007169783115386963,-19.780629459999997,13948,55,0.0005,0.42374834418296814,243185,243084,4396
18.109222412109375,16.48,0.2,0.022615399211645126,0.06529805064201355,-19.94206636,13952,55,0.0005,0.5460848212242126,243253,243152,4397
18.39305877685547,16.46,0.22,0.022648686543107033,0.6930448412895203,-19.521996759999997,13956,55,0.0005,0.21654686331748962,243315,243214,4398
18.4208984375,16.27,0.18,0.02277321368455887,-0.46201130747795105,-20.221723219999998,13960,55,0.0005,0.36394089460372925,243381,243280,4399
18.276548385620117,16.22,0.17,0.021776922047138214,-0.5988452434539795,-20.488030509999998,13964,55,0.0005,0.5983877182006836,243456,243355,4400
17.443607330322266,16.27,0.18,0.020998183637857437,-0.6817589998245239,-20.344207869999995,13968,55,0.0005,0.508678138256073,243525,243424,4401
17.96715545654297,16.55,0.19,0.021059444174170494,0.41282185912132263,-20.10311404,13972,55,0.0005,0.39255425333976746,243613,243512,4403
18.469860076904297,16.61,0.19,0.021484872326254845,0.3879740238189697,-20.07038413,13976,55,0.0005,0.3589767813682556,243680,243579,4404
17.554279327392578,16.77,0.2,0.021711450070142746,-0.16627570986747742,-19.90374042,13980,55,0.0005,0.111344113945961,243753,243652,4405
17.974590301513672,16.93,0.2,0.021143460646271706,-0.7247482538223267,-19.78846231,13984,55,0.0005,0.40965062379837036,243827,243726,4406
18.20636558532715,16.95,0.2,0.02096795104444027,0.02962842583656311,-19.796949910000002,13988,55,0.0005,0.24722003936767578,243887,243786,4407
19.139524459838867,16.89,0.22,0.020869772881269455,-0.02882993221282959,-19.486208240000003,13992,55,0.0005,0.5650167465209961,243954,243853,4408
18.589189529418945,16.94,0.2,0.021308204159140587,0.6909359693527222,-19.781868550000002,13996,55,0.0005,0.9002889394760132,244032,243931,4409
17.4222412109375,17.06,0.22,0.020989537239074707,-0.43583664298057556,-19.46705897,14000,55,0.0005,0.13588181138038635,244108,244007,4410
17.929292678833008,17.08,0.24,0.020663850009441376,0.007133930921554565,-19.054750249999998,14004,55,0.0005,0.21607182919979095,244168,244067,4411
18.303956985473633,17.11,0.24,0.020901434123516083,0.6535056233406067,-19.111905140000005,14008,55,0.0005,0.6377091407775879,244231,244130,4412
18.37093162536621,17.18,0.24,0.021536383777856827,0.7309406995773315,-19.088813,14012,55,0.0005,0.3039388656616211,244302,244201,4413
17.021106719970703,17.22,0.25,0.021538663655519485,-0.19998173415660858,-18.78195165,14016,55,0.0005,0.6447826027870178,244365,244264,4414
17.133657455444336,17.15,0.24,0.02142677642405033,0.07704132795333862,-18.85369009,14020,55,0.0005,1.3122165203094482,244429,244328,4415
19.279075622558594,16.97,0.23,0.021144544705748558,-0.38738709688186646,-19.000689140000002,14024,55,0.0005,0.3329409062862396,244482,244381,4415
17.450191497802734,16.92,0.23,0.021499942988157272,1.633381962776184,-19.058916940000003,14028,55,0.0005,1.335162878036499,244541,244440,4416
17.65195083618164,16.86,0.23,0.02158435992896557,-0.2814967632293701,-19.036893590000002,14032,55,0.0005,0.36221733689308167,244621,244520,4418
20.214282989501953,16.71,0.23,0.021639050915837288,0.00412595272064209,-19.084174810000004,14036,55,0.0005,1.854567050933838,244667,244566,4418
18.38556671142578,16.77,0.24,0.02212161011993885,0.26838117837905884,-18.914271760000002,14040,55,0.0005,1.4527426958084106,244739,244638,4419
17.547231674194336,17.09,0.24,0.0217183455824852,-0.017917558550834656,-18.868498459999998,14044,55,0.0005,0.49476170539855957,244828,244727,4421
17.709247589111328,17.07,0.23,0.021806426346302032,-0.5807816982269287,-19.11443134,14048,55,0.0005,0.7773202061653137,244892,244791,4421
17.35433578491211,17.12,0.23,0.021872324869036674,0.7169250249862671,-19.03218765,14052,55,0.0005,0.6405011415481567,244965,244864,4423
17.063385009765625,17.18,0.21,0.022154439240694046,-1.0847115516662598,-19.33011066,14056,55,0.0005,0.07507555186748505,245033,244932,4424
16.257930755615234,17.16,0.22,0.021876908838748932,-0.4640238881111145,-19.14727355,14060,55,0.0005,0.18108274042606354,245097,244996,4425
17.75060272216797,17.18,0.24,0.020935317501425743,-0.4739866852760315,-18.704967110000002,14064,55,0.0005,0.10367803275585175,245174,245073,4426
17.804603576660156,17.1,0.24,0.020796574652194977,0.08268880844116211,-18.67935596,14068,55,0.0005,0.1852228045463562,245235,245134,4427
18.096033096313477,16.91,0.23,0.02042831853032112,-0.10997515916824341,-18.801000239999997,14072,55,0.0005,0.22310122847557068,245304,245203,4428
17.573827743530273,16.95,0.22,0.020562319085001945,-0.43715226650238037,-18.901117480000003,14076,55,0.0005,0.1541127860546112,245375,245274,4429
17.847644805908203,16.99,0.21,0.02067669667303562,0.12528815865516663,-19.01416206,14080,55,0.0005,0.8472375869750977,245452,245351,4430
17.623680114746094,16.88,0.2,0.020914090797305107,-0.33439159393310547,-19.169869719999998,14084,55,0.0005,0.12806245684623718,245515,245414,4431
18.19084930419922,17.01,0.21,0.020757276564836502,0.42696380615234375,-18.89561814,14088,55,0.0005,0.36997348070144653,245588,245487,4432
19.33987808227539,17.04,0.19,0.02064046636223793,1.29752779006958,-19.160932970000005,14092,55,0.0005,0.5392532348632812,245658,245557,4433
17.429386138916016,16.92,0.19,0.021378464996814728,-0.1017121970653534,-19.181509000000002,14096,55,0.0005,0.17790532112121582,245724,245623,4434
16.917308807373047,16.86,0.18,0.021305974572896957,-0.40892937779426575,-19.340943749999997,14100,55,0.0005,0.8118401765823364,245794,245693,4435
18.052593231201172,16.88,0.17,0.021404871717095375,1.1413993835449219,-19.58144471,14104,55,0.0005,0.43570441007614136,245856,245755,4436
18.68140983581543,16.86,0.18,0.022143254056572914,-0.29928410053253174,-19.41933526,14108,55,0.0005,0.279585063457489,245917,245816,4437
17.384456634521484,16.73,0.18,0.022419389337301254,-0.478691428899765,-19.52385943,14112,55,0.0005,0.9565005302429199,245975,245874,4437
17.978275299072266,16.83,0.16,0.0214666910469532,-1.046197533607483,-19.9505186,14116,55,0.0005,0.3394542336463928,246048,245947,4439
17.59284782409668,17.01,0.17,0.021133478730916977,-0.2692335247993469,-19.76853145,14120,55,0.0005,0.1702049970626831,246130,246029,4440
18.931209564208984,17.23,0.19,0.02118687890470028,-0.41307947039604187,-19.33824158,14124,55,0.0005,0.16267627477645874,246205,246104,4441
18.62129020690918,17.27,0.19,0.021893978118896484,1.718709111213684,-19.370930209999997,14128,55,0.0005,1.8989180326461792,246268,246167,4442
18.765037536621094,17.24,0.19,0.02264999970793724,-0.613195538520813,-19.43513747,14132,55,0.0005,0.6181658506393433,246345,246244,4443
17.374786376953125,17.52,0.2,0.022764792665839195,0.46044105291366577,-19.187630689999995,14136,55,0.0005,0.19979313015937805,246419,246318,4444
18.86526107788086,17.48,0.2,0.022501422092318535,-0.44210654497146606,-19.11012211,14140,55,0.0005,0.39492952823638916,246487,246386,4445
17.56687355041504,17.28,0.21,0.021928085014224052,-0.314821720123291,-18.9466788,14144,55,0.0005,0.17187535762786865,246556,246455,4446
18.45867919921875,17.27,0.22,0.02169003337621689,-0.5458099246025085,-18.83550839,14148,55,0.0005,0.3630381226539612,246619,246518,4447
19.253807067871094,17.31,0.23,0.021463818848133087,0.19325831532478333,-18.69748918,14152,55,0.0005,0.6939069032669067,246696,246595,4448
18.148517608642578,17.22,0.24,0.021479608491063118,0.43131253123283386,-18.71778351,14156,55,0.0005,0.16553722321987152,246755,246654,4449
18.058521270751953,17.18,0.25,0.021085213869810104,-0.27326542139053345,-18.617271519999996,14160,55,0.0005,0.8389923572540283,246815,246714,4450
17.603981018066406,17.21,0.25,0.020800024271011353,0.11365142464637756,-18.626061819999997,14164,55,0.0005,0.7705976963043213,246895,246794,4451
18.214569091796875,17.15,0.24,0.02092396467924118,-0.25282153487205505,-18.852364429999998,14168,55,0.0005,0.24137486517429352,246950,246849,4452
18.838119506835938,17.1,0.23,0.02108130231499672,0.7052727937698364,-19.11906101,14172,55,0.0005,1.0789895057678223,247014,246913,4453
17.52666473388672,16.94,0.23,0.021476585417985916,-1.4427683353424072,-19.286454739999996,14176,55,0.0005,0.34262168407440186,247069,246968,4454
17.931926727294922,16.85,0.22,0.020402327179908752,-0.5799663662910461,-19.508526409999998,14180,55,0.0005,0.08009151369333267,247137,247036,4455
17.772174835205078,16.88,0.23,0.019976962357759476,-0.015636563301086426,-19.353047220000004,14184,55,0.0005,1.235901117324829,247203,247102,4456
18.208662033081055,16.84,0.23,0.020013492554426193,-0.07657122611999512,-19.395641130000005,14188,55,0.0005,0.8185713291168213,247272,247171,4456
17.50909423828125,16.87,0.23,0.019837090745568275,-0.566729724407196,-19.395264289999997,14192,55,0.0005,0.1669255793094635,247345,247244,4457
17.783945083618164,16.89,0.24,0.019794339314103127,0.13646529614925385,-19.202865510000002,14196,55,0.0005,0.17760717868804932,247413,247312,4458
17.254125595092773,16.83,0.24,0.01982152834534645,0.21537455916404724,-19.250272609999996,14200,55,0.0005,0.11617928743362427,247477,247376,4459
18.65618133544922,16.84,0.24,0.019831761717796326,0.3435342311859131,-19.17836407,14204,55,0.0005,0.7696397304534912,247540,247439,4460
17.97924041748047,16.74,0.23,0.01981898583471775,0.1586228311061859,-19.39278366,14208,55,0.0005,0.16788235306739807,247591,247490,4460
16.61409568786621,16.79,0.24,0.020249545574188232,-0.23916280269622803,-19.17722636,14212,55,0.0005,0.32678478956222534,247654,247553,4461
18.629661560058594,16.79,0.25,0.020646175369620323,-0.015981942415237427,-18.928747480000002,14216,55,0.0005,0.1208697110414505,247727,247626,4462
17.619831085205078,16.75,0.25,0.020928604528307915,0.5386733412742615,-18.98886687,14220,55,0.0005,0.5710888504981995,247805,247704,4463
17.958786010742188,16.62,0.24,0.021418998017907143,1.2436996698379517,-19.19907522,14224,55,0.0005,0.2693564295768738,247867,247766,4464
19.295692443847656,16.68,0.24,0.022186068817973137,0.3130316138267517,-19.0282891,14228,55,0.0005,0.2722932994365692,247936,247835,4464
19.716632843017578,16.57,0.22,0.022915804758667946,0.5516522526741028,-19.38628686,14232,55,0.0005,2.4229578971862793,248002,247901,4465
22.22504425048828,16.46,0.22,0.022628024220466614,-0.6916844844818115,-19.35126228,14236,55,0.0005,1.2077401876449585,248065,247964,4466
20.379623413085938,16.46,0.21,0.022492369636893272,-1.0168578624725342,-19.626338909999998,14240,55,0.0005,0.46612077951431274,248133,248032,4467
20.316312789916992,16.37,0.2,0.0224275104701519,-1.3480195999145508,-19.867527210000002,14244,55,0.0005,0.27723148465156555,248193,248092,4468
19.504867553710938,16.45,0.19,0.02285035140812397,0.6831350326538086,-19.886237949999998,14248,55,0.0005,0.3610987663269043,248264,248163,4468
17.38907241821289,16.36,0.18,0.022016165778040886,-1.4458696842193604,-20.218288210000004,14252,55,0.0005,2.204946517944336,248332,248231,4469
17.984874725341797,16.58,0.18,0.02144511230289936,0.3219400644302368,-20.111083150000002,14256,55,0.0005,0.26201778650283813,248413,248312,4470
18.660602569580078,16.62,0.16,0.02168162912130356,0.27967891097068787,-20.458397390000002,14260,55,0.0005,0.3442150354385376,248477,248376,4471
18.646888732910156,16.45,0.15,0.02184951677918434,0.40648287534713745,-20.72341089,14264,55,0.0005,0.17657434940338135,248540,248439,4472
17.726856231689453,16.56,0.17,0.021687181666493416,-0.1316220462322235,-20.40157776,14268,55,0.0005,0.3799690306186676,248606,248505,4472
18.591060638427734,16.51,0.19,0.021728796884417534,-0.11069665849208832,-20.00201451,14272,55,0.0005,0.1936802864074707,248665,248564,4473
18.072187423706055,16.67,0.2,0.021722979843616486,0.5955389738082886,-19.749692070000002,14276,55,0.0005,0.23918139934539795,248736,248635,4474
18.83323860168457,16.68,0.2,0.022076517343521118,0.14035138487815857,-19.65006902,14280,55,0.0005,0.4219827950000763,248805,248704,4475
18.35997772216797,16.76,0.21,0.02274857647716999,1.2966599464416504,-19.421089650000003,14284,55,0.0005,0.9643328785896301,248879,248778,4476
17.013774871826172,16.64,0.2,0.023230277001857758,0.05033081769943237,-19.6416161,14288,55,0.0005,0.7794530391693115,248936,248835,4476
17.707502365112305,16.68,0.21,0.02337627485394478,-0.40839847922325134,-19.56891779,14292,55,0.0005,1.3127882480621338,249013,248912,4477
19.128366470336914,16.64,0.2,0.022902531549334526,-0.48514318466186523,-19.76281561,14296,55,0.0005,0.14736801385879517,249077,248976,4478
17.9813232421875,16.67,0.2,0.022604791447520256,0.3537933826446533,-19.71021591,14300,55,0.0005,0.3972019851207733,249144,249043,4479
18.103134155273438,16.55,0.19,0.022424980998039246,-0.9474920630455017,-19.99982299,14304,55,0.0005,0.7084107995033264,249195,249094,4480
17.79111099243164,16.72,0.2,0.02212684229016304,-0.7247328758239746,-19.79558642,14308,55,0.0005,0.6729598045349121,249263,249162,4480
18.99581527709961,16.74,0.2,0.022495828568935394,0.27043360471725464,-19.730688269999998,14312,55,0.0005,0.8814109563827515,249328,249227,4481
18.109445571899414,16.71,0.21,0.02216251567006111,-0.5068926215171814,-19.638095740000004,14316,55,0.0005,1.405268669128418,249398,249297,4482
17.848514556884766,16.63,0.19,0.021971777081489563,0.27203401923179626,-19.939852719999998,14320,55,0.0005,0.2623467445373535,249468,249367,4483
17.53949737548828,16.64,0.18,0.021703634411096573,-1.0206992626190186,-20.10383405,14324,55,0.0005,0.383225679397583,249531,249430,4484
16.58244514465332,16.5,0.18,0.021192990243434906,0.5973690748214722,-20.22715781,14328,55,0.0005,0.33250391483306885,249586,249485,4484
18.564006805419922,16.56,0.19,0.021503394469618797,0.9584869742393494,-19.94060002,14332,55,0.0005,0.12988582253456116,249658,249557,4485
16.487627029418945,16.58,0.18,0.022024761885404587,0.373115599155426,-20.180156209999996,14336,55,0.0005,0.2340858429670334,249723,249622,4486
18.086139678955078,16.63,0.19,0.022136211395263672,1.1287946701049805,-20.00438852,14340,55,0.0005,0.3084612488746643,249796,249695,4487
16.99320411682129,16.77,0.19,0.02244851365685463,-0.19469083845615387,-19.88586456,14344,55,0.0005,0.38765937089920044,249870,249769,4488
18.47913932800293,16.76,0.2,0.022391824051737785,-0.24807870388031006,-19.83189984,14348,55,0.0005,0.10778408497571945,249940,249839,4488
19.851200103759766,16.61,0.21,0.022583696991205215,0.49243515729904175,-19.576291459999997,14352,55,0.0005,0.7787265777587891,249993,249892,4489
18.554954528808594,16.43,0.21,0.022182784974575043,-0.7374083995819092,-19.55132699,14356,55,0.0005,0.18185502290725708,250056,249955,4505
17.373668670654297,16.41,0.21,0.02232145518064499,1.0183829069137573,-19.51269642,14360,55,0.0005,0.5419726967811584,250118,250017,4506
17.604106903076172,16.44,0.21,0.022621983662247658,-0.20949378609657288,-19.362580679999997,14364,55,0.0005,0.1673879623413086,250184,250083,4507
18.038349151611328,16.46,0.2,0.02323096990585327,0.3797455132007599,-19.47137425,14368,55,0.0005,0.36851274967193604,250252,250151,4507
17.237628936767578,16.42,0.19,0.022893693298101425,-0.7515933513641357,-19.722320330000002,14372,55,0.0005,0.10572773963212967,250307,250206,4508
18.195941925048828,16.35,0.19,0.02259749360382557,0.3600490987300873,-19.60402107,14376,55,0.0005,0.22895248234272003,250371,250270,4509
18.67196273803711,16.45,0.22,0.022367844358086586,-0.11509832739830017,-19.13983604,14380,55,0.0005,0.751254677772522,250450,250349,4510
17.822124481201172,16.34,0.22,0.022997498512268066,0.33469897508621216,-19.10913896,14384,55,0.0005,0.4857274293899536,250513,250412,4511
17.232250213623047,16.43,0.23,0.02292356826364994,0.04658842831850052,-18.80856292,14388,55,0.0005,0.3118343949317932,250579,250478,4511
17.657377243041992,16.41,0.22,0.02199796587228775,-0.8783169984817505,-19.1264577,14392,55,0.0005,0.6151984930038452,250654,250553,4512
18.31589126586914,16.37,0.22,0.02208584174513817,0.6057758927345276,-19.1837475,14396,55,0.0005,0.3308274745941162,250714,250613,4513
16.670392990112305,16.25,0.22,0.02241365984082222,-0.7987018823623657,-19.21702414,14400,55,0.0005,1.4134432077407837,250769,250668,4514
17.844465255737305,16.33,0.23,0.022017935290932655,-0.10166579484939575,-19.0559078,14404,55,0.0005,0.22884556651115417,250828,250727,4514
17.88751220703125,16.33,0.24,0.0217851921916008,-0.5105379819869995,-18.823160060000003,14408,55,0.0005,0.10394864529371262,250896,250795,4515
17.807403564453125,16.46,0.26,0.02139044925570488,0.20211026072502136,-18.469989839999997,14412,55,0.0005,0.16387656331062317,250974,250873,4516
18.457700729370117,16.4,0.24,0.021235736086964607,-0.9032287001609802,-18.82829235,14416,55,0.0005,2.2014517784118652,251038,250937,4517
17.422868728637695,16.29,0.25,0.021602455526590347,0.15700550377368927,-18.729414260000002,14420,55,0.0005,1.5538922548294067,251097,250996,4518
17.457632064819336,16.33,0.28,0.021555446088314056,0.9978559017181396,-18.17331799,14424,55,0.0005,0.5390738248825073,251164,251063,4518
17.581012725830078,16.31,0.29,0.022221639752388,1.7115628719329834,-17.99828393,14428,55,0.0005,0.33410513401031494,251217,251116,4519
18.526844024658203,16.33,0.29,0.022816071286797523,-0.2953460216522217,-18.0243697,14432,55,0.0005,0.18128590285778046,251291,251190,4520
17.966529846191406,16.46,0.31,0.02277434431016445,0.15833404660224915,-17.65668839,14436,55,0.0005,0.23219437897205353,251369,251268,4521
17.534738540649414,16.45,0.3,0.022792045027017593,0.5724111795425415,-17.8156127,14440,55,0.0005,0.6824101805686951,251441,251340,4522
17.35623550415039,16.26,0.31,0.02236424759030342,-1.1581628322601318,-17.7210885,14444,55,0.0005,1.6027004718780518,251496,251395,4522
17.858007431030273,16.26,0.31,0.02196861431002617,0.4087810814380646,-17.646399189999997,14448,55,0.0005,1.5976684093475342,251566,251465,4523
18.055683135986328,16.25,0.31,0.022359417751431465,-0.0721161961555481,-17.714984020000003,14452,55,0.0005,0.18291501700878143,251618,251517,4524
18.735048294067383,16.28,0.32,0.022121815010905266,-0.5812944769859314,-17.54977024,14456,55,0.0005,0.07868797332048416,251684,251583,4525
17.917097091674805,16.29,0.33,0.021873336285352707,0.3980437219142914,-17.256371310000002,14460,55,0.0005,0.21487146615982056,251747,251646,4526
17.18508529663086,16.32,0.35,0.022172944620251656,0.9164947867393494,-16.941559659999996,14464,55,0.0005,0.1144799143075943,251816,251715,4526
17.88821792602539,16.25,0.35,0.022158944979310036,-0.09572159498929977,-16.931940339999997,14468,55,0.0005,0.1613152027130127,251877,251776,4527
18.137645721435547,16.29,0.34,0.022249620407819748,1.0113974809646606,-17.14152009,14472,55,0.0005,0.10595671087503433,251936,251835,4528
17.833463668823242,16.12,0.34,0.02240810915827751,-0.1957148015499115,-17.338970130000003,14476,55,0.0005,0.10786522924900055,251983,251882,4528
18.043182373046875,15.93,0.32,0.021857332438230515,-1.7014539241790771,-17.68851164,14480,55,0.0005,0.17716139554977417,252043,251942,4529
17.797136306762695,15.99,0.31,0.022109491750597954,1.9147474765777588,-17.94257272,14484,55,0.0005,1.8632699251174927,252112,252011,4530
17.410537719726562,15.98,0.33,0.02217070385813713,-0.22539936006069183,-17.68650761,14488,55,0.0005,0.4231951832771301,252177,252076,4531
16.73155975341797,16.07,0.32,0.021861262619495392,-0.8814886212348938,-17.64881879,14492,55,0.0005,0.10526997596025467,252261,252160,4532
18.208866119384766,16.11,0.32,0.02246652916073799,0.5808229446411133,-17.575467019999998,14496,55,0.0005,0.9527055025100708,252325,252224,4533
16.313535690307617,16.3,0.32,0.02255200408399105,0.7293688058853149,-17.548144179999998,14500,55,0.0005,0.4748055636882782,252399,252298,4533
16.167530059814453,16.45,0.31,0.022501887753605843,0.03519436717033386,-17.5374722,14504,55,0.0005,0.43197697401046753,252473,252372,4534
19.482261657714844,16.3,0.29,0.022426407784223557,1.0202174186706543,-17.981107719999997,14508,55,0.0005,1.0236194133758545,252526,252425,4535
17.889501571655273,16.06,0.26,0.022528206929564476,-0.5172566771507263,-18.60787722,14512,55,0.0005,1.1441640853881836,252580,252479,4536
17.654563903808594,16.03,0.27,0.021822482347488403,-1.3295780420303345,-18.378847360000005,14516,55,0.0005,0.8388209939002991,252641,252540,4536
16.88898468017578,16.03,0.27,0.021340738981962204,1.32731032371521,-18.36449042,14520,55,0.0005,0.25177139043807983,252700,252599,4537
17.946672439575195,16.05,0.24,0.021565722301602364,0.5421140193939209,-18.86221961,14524,55,0.0005,0.9577809572219849,252769,252668,4538
18.178802490234375,16.12,0.23,0.02135292813181877,0.3319815397262573,-19.06465932,14528,55,0.0005,0.33621641993522644,252829,252728,4539
20.345199584960938,16.11,0.22,0.020949456840753555,-2.7491135597229004,-19.4004456,14532,55,0.0005,1.137487530708313,252902,252801,4540
18.799564361572266,15.96,0.2,0.021027466282248497,0.5432372093200684,-19.76995907,14536,55,0.0005,1.6541107892990112,252965,252864,4540
18.365846633911133,15.95,0.2,0.022066881880164146,0.9439024329185486,-19.71483619,14540,55,0.0005,0.6633388996124268,253036,252935,4541
18.412588119506836,16.11,0.19,0.02257033996284008,0.4488469064235687,-19.7926828,14544,55,0.0005,0.4251817762851715,253107,253006,4542
18.390037536621094,16.13,0.18,0.022543704137206078,-0.38608890771865845,-19.95444814,14548,55,0.0005,1.6133813858032227,253179,253078,4543
17.557743072509766,16.15,0.17,0.022311633452773094,0.4827314615249634,-20.06264942,14552,55,0.0005,0.6379702687263489,253233,253132,4544
17.773685455322266,16.17,0.16,0.022215286269783974,0.24740034341812134,-20.22189415,14556,55,0.0005,0.3092104196548462,253301,253200,4544
19.83676528930664,16.33,0.15,0.022364869713783264,1.109895944595337,-20.45004389,14560,55,0.0005,0.8641729354858398,253380,253279,4545
18.422739028930664,16.24,0.13,0.02244514599442482,0.5567030906677246,-20.827350060000004,14564,55,0.0005,0.4085298776626587,253440,253339,4546
17.883697509765625,16.18,0.12,0.02240736037492752,0.27148884534835815,-21.039769590000002,14568,55,0.0005,0.30619049072265625,253495,253394,4547
18.0317440032959,16.34,0.14,0.022629346698522568,-0.16362614929676056,-20.568346189999996,14572,55,0.0005,0.43135350942611694,253570,253469,4548
19.029970169067383,16.38,0.15,0.0231305044144392,-0.12261059880256653,-20.338534359999997,14576,55,0.0005,0.5114149451255798,253621,253520,4548
18.65087127685547,16.41,0.15,0.023392537608742714,0.6297026872634888,-20.43642001,14580,55,0.0005,0.2677035927772522,253684,253583,4549
17.969636917114258,16.41,0.14,0.02408415824174881,-0.3095357418060303,-20.613356510000003,14584,55,0.0005,1.1888573169708252,253753,253652,4550
16.895034790039062,16.37,0.12,0.024040235206484795,-0.4687579274177551,-20.93166543,14588,55,0.0005,0.29054296016693115,253814,253713,4551
18.52335548400879,16.21,0.12,0.02382178045809269,-0.5125543475151062,-20.972145370000003,14592,55,0.0005,0.2181110680103302,253882,253781,4552
17.308597564697266,16.26,0.14,0.023495277389883995,-0.8574603796005249,-20.674998010000003,14596,55,0.0005,0.34749549627304077,253951,253850,4552
17.7135009765625,16.3,0.13,0.022276556119322777,-0.45902132987976074,-20.781454189999998,14600,55,0.0005,1.424980878829956,254029,253928,4553
18.220172882080078,16.19,0.13,0.021292172372341156,-1.0713475942611694,-20.826525199999995,14604,55,0.0005,1.0660881996154785,254092,253991,4554
19.699918746948242,16.45,0.14,0.02091551572084427,0.8703137040138245,-20.500814220000002,14608,55,0.0005,0.7359365820884705,254171,254070,4555
18.142986297607422,16.84,0.14,0.02091361954808235,-0.32945942878723145,-20.40773758,14612,55,0.0005,0.7653605341911316,254264,254163,4556
17.622093200683594,17.11,0.14,0.020255228504538536,0.26644864678382874,-20.451802879999995,14616,55,0.0005,1.006378173828125,254352,254251,4557
17.826095581054688,17.18,0.15,0.02077590301632881,0.6272423267364502,-20.158000809999997,14620,55,0.0005,0.17350491881370544,254418,254317,4558
17.944580078125,17.1,0.16,0.020845191553235054,0.03134360909461975,-20.05394085,14624,55,0.0005,1.44357430934906,254479,254378,4559
17.681692123413086,17.07,0.15,0.020593872293829918,0.15429985523223877,-20.17864307,14628,55,0.0005,0.33213406801223755,254536,254435,4559
17.871536254882812,16.96,0.17,0.020932652056217194,-0.19620947539806366,-19.70422488,14632,55,0.0005,0.5658859014511108,254598,254497,4560
17.61251449584961,17.03,0.17,0.021436888724565506,-0.19011425971984863,-19.65165004,14636,55,0.0005,0.18057185411453247,254668,254567,4561
17.729591369628906,16.96,0.17,0.021197225898504257,0.2065471112728119,-19.76044804,14640,55,0.0005,1.4407130479812622,254732,254631,4562
18.34454345703125,16.91,0.18,0.021554498001933098,0.10453057289123535,-19.70788214,14644,55,0.0005,0.5889387130737305,254798,254697,4563
18.726360321044922,16.87,0.18,0.021562526002526283,-0.6562013626098633,-19.75817186,14648,55,0.0005,0.10901033133268356,254866,254765,4563
18.132404327392578,17.06,0.2,0.02130313031375408,-0.0066094771027565,-19.40354494,14652,55,0.0005,0.3393974304199219,254939,254838,4564
17.707658767700195,17.19,0.22,0.021370161324739456,0.5259748697280884,-19.0558996,14656,55,0.0005,0.1402050256729126,255020,254919,4566
17.277212142944336,17.03,0.24,0.021619215607643127,-0.14112433791160583,-18.75024608,14660,55,0.0005,0.22659184038639069,255083,254982,4567
18.348787307739258,17.21,0.24,0.021654190495610237,-0.15808016061782837,-18.798651830000004,14664,55,0.0005,0.4802827537059784,255161,255060,4568
17.788511276245117,17.22,0.24,0.02195790596306324,0.6838188171386719,-18.908267379999998,14668,55,0.0005,0.7581392526626587,255217,255116,4569
17.427478790283203,17.16,0.23,0.022360816597938538,-0.27218812704086304,-19.11207248,14672,55,0.0005,0.28703397512435913,255286,255185,4570
17.629249572753906,17.4,0.21,0.022136282175779343,-0.19882285594940186,-19.43150236,14676,55,0.0005,0.9742276668548584,255361,255260,4571
17.074037551879883,17.44,0.21,0.022015824913978577,-0.18584232032299042,-19.3649217,14680,55,0.0005,0.4750617742538452,255428,255327,4572
17.081806182861328,17.47,0.22,0.021924881264567375,0.0840679407119751,-19.1235924,14684,55,0.0005,0.116233691573143,255500,255399,4573
16.88318634033203,17.47,0.22,0.021618742495775223,-0.8069520592689514,-19.19595463,14688,55,0.0005,0.494159072637558,255561,255460,4574
17.529403686523438,17.48,0.24,0.021149007603526115,-0.28478920459747314,-18.841454510000002,14692,55,0.0005,0.11470665037631989,255630,255529,4575
17.908735275268555,17.45,0.22,0.020851241424679756,-0.5085629224777222,-19.22885926,14696,55,0.0005,0.5448881983757019,255696,255595,4576
17.70383644104004,17.54,0.24,0.020114777609705925,-0.49602043628692627,-18.91965066,14700,55,0.0005,0.08706893026828766,255783,255682,4577
19.167709350585938,17.51,0.25,0.02008761279284954,0.3762974739074707,-18.818812190000003,14704,55,0.0005,0.5776294469833374,255843,255742,4578
18.674835205078125,17.3,0.24,0.020296400412917137,0.11683119833469391,-19.057566880000003,14708,55,0.0005,0.4498862624168396,255901,255800,4579
18.476829528808594,17.11,0.25,0.020494718104600906,-0.5850661396980286,-18.95033673,14712,55,0.0005,0.2534022629261017,255975,255874,4580
17.047607421875,16.89,0.25,0.019825167953968048,-0.5883743762969971,-18.93230028,14716,55,0.0005,0.17607134580612183,256041,255940,4581
18.29338836669922,16.85,0.23,0.020008493214845657,0.9900795221328735,-19.32315457,14720,55,0.0005,1.0966507196426392,256103,256002,4582
17.019563674926758,17.0,0.23,0.02076076529920101,0.9860022664070129,-19.343326150000003,14724,55,0.0005,0.4088728427886963,256179,256078,4583
17.247955322265625,17.13,0.25,0.02101432904601097,0.33316874504089355,-18.912402080000003,14728,55,0.0005,0.6532464027404785,256249,256148,4584
17.218490600585938,17.21,0.24,0.021132919937372208,0.24082574248313904,-19.097201860000002,14732,55,0.0005,0.6266525983810425,256319,256218,4585
18.784582138061523,17.1,0.24,0.0215105302631855,0.8794469833374023,-19.05368542,14736,55,0.0005,0.381697416305542,256378,256277,4586
17.65349006652832,17.24,0.27,0.021449143067002296,0.1933024674654007,-18.45265743,14740,55,0.0005,0.1583811342716217,256456,256355,4587
18.04987335205078,17.15,0.27,0.021669814363121986,-0.4106418490409851,-18.45019423,14744,55,0.0005,0.5731282234191895,256513,256412,4588
16.872392654418945,17.16,0.28,0.021169787272810936,-0.5195441246032715,-18.150008420000002,14748,55,0.0005,0.14222010970115662,256582,256481,4589
19.485919952392578,17.11,0.27,0.021099083125591278,-0.4006403684616089,-18.23721357,14752,55,0.0005,0.519640326499939,256650,256549,4590
18.045778274536133,17.01,0.25,0.021223068237304688,0.18336530029773712,-18.68179225,14756,55,0.0005,0.3379043936729431,256721,256620,4591
17.041383743286133,17.22,0.24,0.021346569061279297,0.2195260226726532,-18.832958670000004,14760,55,0.0005,0.21304166316986084,256805,256704,4592
17.568931579589844,17.27,0.26,0.02095295861363411,-1.0094377994537354,-18.439727270000002,14764,55,0.0005,1.1474318504333496,256888,256787,4593
17.67609977722168,17.38,0.26,0.0208249744027853,-1.0325536727905273,-18.293096709999997,14768,55,0.0005,0.10990685224533081,256955,256854,4594
17.09774398803711,17.53,0.27,0.021287953481078148,1.2065372467041016,-18.105481530000002,14772,55,0.0005,0.4346228837966919,257039,256938,4595
18.591867446899414,17.32,0.28,0.021865760907530785,0.37773576378822327,-17.956071480000002,14776,55,0.0005,0.14479795098304749,257093,256992,4596
17.194351196289062,17.3,0.29,0.02186138741672039,0.1681152880191803,-17.776739879999997,14780,55,0.0005,0.6345665454864502,257158,257057,4597
17.35856056213379,17.16,0.29,0.021511588245630264,-0.4648502469062805,-17.87265207,14784,55,0.0005,0.08975846320390701,257216,257115,4598
16.66865348815918,17.18,0.29,0.021408403292298317,-0.7275532484054565,-17.85326092,14788,55,0.0005,0.17002379894256592,257279,257178,4599
17.693532943725586,17.25,0.29,0.021398866549134254,0.37698113918304443,-17.875868949999997,14792,55,0.0005,0.09190424531698227,257355,257254,4600
17.576309204101562,17.18,0.29,0.021367620676755905,-1.6428966522216797,-17.79410345,14796,55,0.0005,0.44888192415237427,257414,257313,4601
17.700271606445312,16.97,0.27,0.02114594727754593,0.20151136815547943,-18.13605148,14800,55,0.0005,0.21359911561012268,257480,257379,4602
17.439468383789062,16.99,0.26,0.021377652883529663,-0.15291133522987366,-18.22543745,14804,55,0.0005,0.08230992406606674,257542,257441,4603
17.701435089111328,17.05,0.28,0.02121591940522194,0.918130099773407,-17.7724067,14808,55,0.0005,0.3845869302749634,257606,257505,4604
16.721059799194336,16.99,0.27,0.021448686718940735,-0.4394727349281311,-17.93289514,14812,55,0.0005,0.12151288241147995,257674,257573,4605
17.26519012451172,17.04,0.28,0.021039074286818504,-0.23159514367580414,-17.779021349999997,14816,55,0.0005,0.18123464286327362,257745,257644,4606
17.535751342773438,17.03,0.28,0.021453440189361572,0.140176922082901,-17.86321662,14820,55,0.0005,0.5964876413345337,257806,257705,4607
18.234575271606445,17.09,0.28,0.021731559187173843,0.44413918256759644,-17.810622409999997,14824,55,0.0005,0.6737806797027588,257888,257787,4608
17.40731430053711,17.01,0.26,0.021960590034723282,-0.6398053765296936,-18.20193273,14828,55,0.0005,0.1327774077653885,257950,257849,4609
17.715946197509766,17.02,0.26,0.02180996723473072,0.996835470199585,-18.2020884,14832,55,0.0005,0.15438751876354218,258021,257920,4610
17.53801727294922,17.13,0.27,0.021923573687672615,0.05162492394447327,-18.06472017,14836,55,0.0005,0.4494347870349884,258091,257990,4611
17.722301483154297,16.99,0.25,0.02221973054111004,0.3933422565460205,-18.41858325,14840,55,0.0005,0.703965425491333,258155,258054,4612
17.839797973632812,17.11,0.24,0.0217820443212986,-0.6078888177871704,-18.592194210000002,14844,55,0.0005,0.08970625698566437,258224,258123,4613
18.464643478393555,17.0,0.24,0.021675854921340942,0.11705100536346436,-18.63748666,14848,55,0.0005,0.1900462508201599,258282,258181,4614
16.641826629638672,16.94,0.26,0.02226441353559494,0.6147949695587158,-18.36638171,14852,55,0.0005,0.2737867832183838,258344,258243,4615
17.840133666992188,16.92,0.27,0.022419491782784462,0.4144613742828369,-18.04661376,14856,55,0.0005,0.2338297814130783,258413,258312,4616
17.720884323120117,16.73,0.27,0.02224705182015896,-0.3867414593696594,-18.131301039999997,14860,55,0.0005,0.2959558367729187,258478,258377,4617
16.87051773071289,16.66,0.25,0.022156456485390663,0.09419254958629608,-18.44597616,14864,55,0.0005,0.15993930399417877,258554,258453,4618
17.637371063232422,16.55,0.25,0.02228071168065071,-0.017177388072013855,-18.4966136,14868,55,0.0005,0.11563222110271454,258610,258509,4619
18.40228843688965,16.38,0.24,0.022122325375676155,0.11212538182735443,-18.61869586,14872,55,0.0005,0.2033967673778534,258677,258576,4620
18.182918548583984,16.37,0.23,0.022221161052584648,0.7195640206336975,-18.852752170000002,14876,55,0.0005,0.7591285705566406,258730,258629,4620
17.421112060546875,16.4,0.21,0.022121861577033997,-0.23111382126808167,-19.12273508,14880,55,0.0005,0.0901462510228157,258798,258697,4621
17.178081512451172,16.53,0.23,0.022073691710829735,-0.3251502215862274,-18.686076200000006,14884,55,0.0005,1.9499666690826416,258869,258768,4622
17.960294723510742,16.48,0.23,0.02143944799900055,0.3601508140563965,-18.617504609999997,14888,55,0.0005,0.7079464197158813,258927,258826,4623
17.920997619628906,16.45,0.21,0.02130717784166336,0.6727378368377686,-18.872954519999997,14892,56,0.0005,1.567473292350769,259000,258899,4624
17.75597381591797,16.47,0.22,0.02160976082086563,0.576154351234436,-18.76383207,14896,56,0.0005,0.9288336038589478,259061,258960,4625
18.098772048950195,16.55,0.23,0.021593917161226273,-0.9535324573516846,-18.63462087,14900,56,0.0005,1.351407527923584,259135,259034,4626
16.816307067871094,16.61,0.23,0.020980777218937874,-0.34165626764297485,-18.71027157,14904,56,0.0005,1.1057299375534058,259203,259102,4627
16.99686050415039,16.59,0.23,0.02115156501531601,0.7105617523193359,-18.77000572,14908,56,0.0005,0.1549845188856125,259265,259164,4628
17.87950325012207,16.56,0.24,0.021122759208083153,0.14428041875362396,-18.45087058,14912,56,0.0005,0.09007400274276733,259330,259229,4629
17.502954483032227,16.48,0.22,0.02085987851023674,-0.368277907371521,-18.7541245,14916,56,0.0005,0.07401402294635773,259393,259292,4630
17.656219482421875,16.5,0.23,0.02049257978796959,-0.6309508085250854,-18.50068827,14920,56,0.0005,0.3442263901233673,259456,259355,4631
17.630964279174805,16.32,0.23,0.020508037880063057,0.1622648537158966,-18.501935489999997,14924,56,0.0005,0.26340562105178833,259520,259419,4632
17.753324508666992,16.43,0.24,0.02044251188635826,0.3040492534637451,-18.2877079,14928,56,0.0005,0.18668124079704285,259593,259492,4633
17.655807495117188,16.41,0.23,0.020706405863165855,0.5480217933654785,-18.36543819,14932,56,0.0005,0.07810752093791962,259662,259561,4634
17.327083587646484,16.49,0.23,0.020975830033421516,0.41888290643692017,-18.31329538,14936,56,0.0005,0.06989844888448715,259740,259639,4635
17.730932235717773,16.54,0.23,0.0209595188498497,0.055276453495025635,-18.25850562,14940,56,0.0005,0.12475329637527466,259809,259708,4636
17.751445770263672,16.58,0.25,0.020387234166264534,-0.3621572256088257,-17.95695437,14944,56,0.0005,1.4915707111358643,259882,259781,4637
16.716291427612305,16.77,0.26,0.0200036708265543,0.8068581819534302,-17.82989222,14948,56,0.0005,0.13618040084838867,259959,259858,4639
17.887893676757812,16.89,0.24,0.020375221967697144,0.763486385345459,-18.170175020000002,14952,55,0.0005,1.3001224994659424,260033,259932,4654
16.672222137451172,17.0,0.24,0.021252809092402458,0.08701200038194656,-18.1982519,14956,55,0.0005,0.638228714466095,260113,260012,4655
17.14017105102539,17.16,0.24,0.0214273389428854,-0.10997709631919861,-18.099876480000002,14960,55,0.0005,0.23253396153450012,260194,260093,4657
17.488285064697266,17.15,0.25,0.021267889067530632,0.36305445432662964,-17.92277651,14964,55,0.0005,0.29094576835632324,260269,260168,4658
19.7183837890625,17.25,0.25,0.021180277690291405,1.0219063758850098,-17.84195106,14968,55,0.0005,0.4619043469429016,260335,260234,4659
19.036571502685547,17.46,0.24,0.02187461033463478,0.9942930936813354,-18.076389149999997,14972,55,0.0005,1.1299515962600708,260423,260322,4660
21.835838317871094,17.59,0.25,0.022344442084431648,0.16860443353652954,-17.8016745,14976,55,0.0005,0.3521748185157776,260489,260388,4661
20.68783950805664,17.48,0.26,0.023111354559659958,1.9090927839279175,-17.68247383,14980,55,0.0005,0.39989715814590454,260546,260445,4662
21.083293914794922,17.39,0.23,0.02442946843802929,-0.0534273236989975,-18.28419462,14984,55,0.0005,0.49863171577453613,260608,260507,4663
21.356895446777344,17.33,0.22,0.02498612180352211,0.7510334253311157,-18.76337708,14988,55,0.0005,0.23451007902622223,260660,260559,4663
18.883533477783203,17.24,0.22,0.026166632771492004,3.136859178543091,-18.853621620000002,14992,55,0.0005,1.3588749170303345,260724,260623,4664
18.847965240478516,17.15,0.21,0.027790535241365433,1.2850873470306396,-19.021507160000002,14996,55,0.0005,0.7949701547622681,260776,260675,4665
19.206195831298828,16.94,0.2,0.028376786038279533,0.36662569642066956,-19.30323019,15000,55,0.0005,0.20679955184459686,260829,260728,4666
18.115371704101562,16.99,0.22,0.02832891419529915,-0.8027915358543396,-18.85715712,15004,55,0.0005,0.24650481343269348,260902,260801,4667
17.554489135742188,16.94,0.21,0.027958814054727554,-0.5556756258010864,-19.07911115,15008,55,0.0005,0.2872978150844574,260959,260858,4668
17.48402214050293,17.15,0.2,0.026967303827404976,-0.9624987840652466,-19.30566833,15012,55,0.0005,0.3755353093147278,261045,260944,4669
18.14995574951172,17.09,0.21,0.026197800412774086,-0.6057018041610718,-19.19531493,15016,55,0.0005,0.26070547103881836,261102,261001,4670
17.65635871887207,17.14,0.2,0.02568812482059002,-1.5060577392578125,-19.378438789999997,15020,55,0.0005,0.35725855827331543,261170,261069,4671
18.07470703125,17.0,0.19,0.025055093690752983,0.3741203248500824,-19.694641920000002,15024,55,0.0005,0.6671525239944458,261220,261119,4672
18.56159782409668,16.93,0.2,0.02484508603811264,-0.7325047254562378,-19.66420931,15028,55,0.0005,0.3674938380718231,261286,261185,4673
18.00914764404297,16.88,0.2,0.02461049146950245,-0.5406438708305359,-19.80698793,15032,55,0.0005,0.37888026237487793,261350,261249,4674
17.594863891601562,16.86,0.2,0.02391914092004299,-0.33210697770118713,-19.861012010000003,15036,55,0.0005,0.15260320901870728,261426,261325,4675
17.574186325073242,16.95,0.21,0.023162446916103363,-0.5514698028564453,-19.72297939,15040,55,0.0005,0.05060063675045967,261504,261403,4676
18.690269470214844,17.08,0.21,0.02255704067647457,-1.1958932876586914,-19.612423439999997,15044,55,0.0005,0.10523311793804169,261590,261489,4677
17.46060562133789,17.08,0.19,0.021848583593964577,0.7394771575927734,-19.959639739999997,15048,55,0.0005,0.10535183548927307,261667,261566,4678
17.97454071044922,17.08,0.18,0.021658621728420258,-0.40070658922195435,-20.06281993,15052,55,0.0005,0.2632410526275635,261741,261640,4679
18.861305236816406,16.89,0.17,0.02124905027449131,0.33015042543411255,-20.330337100000005,15056,55,0.0005,0.3486776351928711,261802,261701,4680
17.084964752197266,16.93,0.18,0.02102562226355076,-0.6791980266571045,-20.178678379999997,15060,55,0.0005,0.8073524236679077,261887,261786,4682
17.959609985351562,16.7,0.16,0.020967500284314156,0.7226760983467102,-20.65498321,15064,55,0.0005,0.16316360235214233,261939,261838,4682
18.164060592651367,16.81,0.18,0.020991627126932144,-0.3565579056739807,-20.303566970000002,15068,55,0.0005,1.011924386024475,262016,261915,4683
18.11664581298828,16.46,0.18,0.020679118111729622,-1.044881820678711,-20.40691555,15072,55,0.0005,0.35607224702835083,262069,261968,4684
17.768646240234375,16.54,0.18,0.020312035456299782,-0.14640206098556519,-20.42667413,15076,55,0.0005,0.12975315749645233,262143,262042,4685
17.061458587646484,16.53,0.17,0.02033447101712227,0.4924825131893158,-20.72380134,15080,55,0.0005,0.23875421285629272,262199,262098,4686
17.654083251953125,16.6,0.17,0.0207621231675148,-0.03753545135259628,-20.6862796,15084,55,0.0005,0.6440759897232056,262268,262167,4687
17.490402221679688,16.77,0.21,0.020622659474611282,-0.28103160858154297,-19.66838644,15088,55,0.0005,1.2020950317382812,262337,262236,4688
17.133316040039062,16.82,0.22,0.020586920902132988,-0.6231914758682251,-19.49655617,15092,55,0.0005,0.3125734329223633,262406,262305,4689
17.37961196899414,16.91,0.22,0.020458947867155075,1.5266907215118408,-19.43966492,15096,55,0.0005,2.194061040878296,262467,262366,4690
18.3371524810791,17.25,0.24,0.020922532305121422,0.23972271382808685,-18.95099265,15100,55,0.0005,1.4674335718154907,262554,262453,4692
20.19063949584961,17.08,0.23,0.021218281239271164,-0.3197516202926636,-19.242763949999997,15104,55,0.0005,0.5655738711357117,262610,262509,4694
17.666545867919922,17.14,0.23,0.02113080769777298,-0.09445324540138245,-19.191306670000003,15108,55,0.0005,1.7461071014404297,262673,262572,4695
17.308059692382812,16.97,0.24,0.020851241424679756,1.347123384475708,-19.062860009999998,15112,55,0.0005,0.3809579014778137,262742,262641,4697
17.948165893554688,17.24,0.24,0.021672867238521576,-0.07360604405403137,-19.05148596,15116,55,0.0005,0.6278654336929321,262826,262725,4699
18.327054977416992,17.28,0.24,0.0213942751288414,-0.6825244426727295,-19.068691960000002,15120,55,0.0005,0.22141233086585999,262898,262797,4701
17.768983840942383,17.55,0.24,0.02079218253493309,-1.6083745956420898,-18.992400890000003,15124,55,0.0005,0.7413594126701355,262975,262874,4703
17.686805725097656,17.43,0.22,0.01999146118760109,-0.0057230144739151,-19.37049918,15128,55,0.0005,0.26188206672668457,263029,262928,4704
17.652835845947266,17.55,0.23,0.019486194476485252,-0.3236153721809387,-19.090548639999998,15132,55,0.0005,0.5173771381378174,263105,263004,4706
19.23392105102539,17.47,0.22,0.019284851849079132,-0.5112433433532715,-19.252475690000004,15136,55,0.0005,0.5555106401443481,263173,263072,4707
17.644262313842773,17.49,0.21,0.019577180966734886,0.922819972038269,-19.49539215,15140,55,0.0005,0.3974248766899109,263253,263152,4709
18.14019775390625,17.31,0.2,0.019989773631095886,0.9501148462295532,-19.59116404,15144,55,0.0005,0.19679129123687744,263321,263220,4711
17.688640594482422,17.3,0.21,0.020567983388900757,0.3094403147697449,-19.353383509999997,15148,55,0.0005,0.40192821621894836,263397,263296,4713
17.662694931030273,17.25,0.22,0.020488450303673744,0.028451859951019287,-19.24740769,15152,55,0.0005,0.8027822971343994,263466,263365,4715
17.912193298339844,17.35,0.24,0.020548054948449135,0.03945013880729675,-18.802262199999998,15156,55,0.0005,0.17132151126861572,263537,263436,4716
17.596895217895508,17.25,0.24,0.0207130815833807,0.7512906789779663,-18.84236006,15160,55,0.0005,0.445442259311676,263612,263511,4718
18.004924774169922,17.41,0.24,0.02066275104880333,0.27896490693092346,-18.81715776,15164,55,0.0005,0.18059289455413818,263680,263579,4720
17.263349533081055,17.3,0.23,0.020240051671862602,-0.48969191312789917,-19.03284445,15168,55,0.0005,0.29229167103767395,263746,263645,4722
17.818260192871094,17.36,0.23,0.01967743970453739,-0.5688680410385132,-18.898086359999997,15172,55,0.0005,1.107404351234436,263805,263704,4723
17.531768798828125,17.42,0.23,0.019813694059848785,-0.45086801052093506,-18.908209090000003,15176,55,0.0005,0.07786694169044495,263885,263784,4725
17.520814895629883,17.74,0.25,0.0198756642639637,1.5638000965118408,-18.44382752,15180,55,0.0005,0.18321293592453003,263973,263872,4727
17.464237213134766,17.79,0.26,0.020602339878678322,0.0667075514793396,-18.30436567,15184,55,0.0005,0.4912210702896118,264047,263946,4729
16.209880828857422,17.76,0.23,0.020695477724075317,0.41413724422454834,-18.85147664,15188,55,0.0005,1.9193658828735352,264113,264012,4731
18.5296688079834,17.68,0.22,0.02093605138361454,-0.6451753377914429,-18.96784632,15192,55,0.0005,0.4031081795692444,264174,264073,4732
17.104320526123047,17.65,0.22,0.021322643384337425,0.8233932256698608,-19.04296855,15196,55,0.0005,0.9409810304641724,264232,264131,4733
18.23129653930664,17.47,0.2,0.021084202453494072,0.3570045232772827,-19.53931873,15200,55,0.0005,1.5248634815216064,264301,264200,4735
18.271203994750977,17.52,0.21,0.021504079923033714,1.450400710105896,-19.299153840000002,15204,55,0.0005,0.3357585668563843,264362,264261,4737
17.647438049316406,17.74,0.24,0.02213072031736374,-0.3334139585494995,-18.801223110000002,15208,55,0.0005,0.26474642753601074,264447,264346,4739
17.17351531982422,17.74,0.25,0.02131243236362934,-0.3934679329395294,-18.685559549999997,15212,55,0.0005,0.14506518840789795,264516,264415,4740
19.467327117919922,17.61,0.25,0.02151843160390854,-0.19499129056930542,-18.652201559999998,15216,55,0.0005,0.24424150586128235,264587,264486,4742
18.23389434814453,17.63,0.25,0.02152843587100506,-0.3093717098236084,-18.692500640000002,15220,55,0.0005,0.08235220611095428,264661,264560,4744
17.323280334472656,17.46,0.25,0.021338189020752907,-0.21762710809707642,-18.726463960000004,15224,55,0.0005,0.3983631730079651,264721,264620,4745
17.46300506591797,17.51,0.26,0.021293263882398605,-0.4970014691352844,-18.563200940000005,15228,55,0.0005,0.19427232444286346,264780,264679,4747
19.134689331054688,17.58,0.26,0.020670166239142418,0.18573260307312012,-18.631726689999997,15232,55,0.0005,0.8527936935424805,264863,264762,4749
18.41629981994629,17.76,0.28,0.02082790806889534,0.05858128145337105,-18.34556937,15236,55,0.0005,0.3194989264011383,264949,264848,4751
17.135135650634766,17.64,0.3,0.0213154349476099,-0.4298709034919739,-17.904533240000003,15240,55,0.0005,0.1153487041592598,265017,264916,4753
17.706525802612305,17.75,0.3,0.020334016531705856,-1.146909236907959,-17.977916590000003,15244,55,0.0005,0.374702513217926,265096,264995,4755
18.42028045654297,17.68,0.3,0.01982988975942135,0.1083926260471344,-18.04777333,15248,55,0.0005,0.10913138091564178,265165,265064,4756
16.380075454711914,17.6,0.29,0.019888924434781075,-0.2371516227722168,-18.26675407,15252,55,0.0005,1.828130841255188,265226,265125,4758
17.60601043701172,17.7,0.28,0.019944291561841965,0.17033851146697998,-18.45165182,15256,55,0.0005,0.30189642310142517,265307,265206,4760
17.40208625793457,17.51,0.27,0.020084979012608528,-0.3297055959701538,-18.62263256,15260,55,0.0005,0.3340148329734802,265363,265262,4761
17.092981338500977,17.46,0.27,0.02019485831260681,0.14095549285411835,-18.614314449999995,15264,55,0.0005,0.9423251152038574,265426,265325,4763
18.037866592407227,17.48,0.26,0.0203578919172287,2.148890733718872,-18.828641089999998,15268,55,0.0005,0.18234843015670776,265494,265393,4764
17.869464874267578,17.44,0.28,0.02158692292869091,0.4453505873680115,-18.50651182,15272,55,0.0005,0.3004137873649597,265549,265448,4766
17.13043975830078,17.47,0.29,0.02166031114757061,0.5429724454879761,-18.35304567,15276,55,0.0005,0.17592474818229675,265632,265531,4768
17.687875747680664,17.25,0.28,0.021723343059420586,-1.0160794258117676,-18.53698117,15280,55,0.0005,0.10104978084564209,265698,265597,4769
19.044082641601562,17.25,0.28,0.02157909981906414,0.11069661378860474,-18.44399347,15284,55,0.0005,0.1307743787765503,265772,265671,4771
16.883792877197266,17.37,0.27,0.021647337824106216,0.2178487777709961,-18.70200879,15288,55,0.0005,0.31324511766433716,265850,265749,4773
16.67458152770996,17.44,0.29,0.02107136882841587,-1.0319161415100098,-18.31693971,15292,55,0.0005,0.579008936882019,265918,265817,4775
18.309925079345703,17.61,0.3,0.020787179470062256,-0.45618659257888794,-18.041819899999997,15296,55,0.0005,0.13800525665283203,265993,265892,4777
17.053298950195312,17.64,0.3,0.020458368584513664,-0.3512127995491028,-17.90447547,15300,55,0.0005,0.06950059533119202,266065,265964,4778
17.42270278930664,17.81,0.29,0.02030232921242714,0.5541361570358276,-18.101010629999998,15304,55,0.0005,0.5386949181556702,266143,266042,4780
16.811832427978516,17.75,0.26,0.020627154037356377,0.8514266610145569,-18.5922044,15308,55,0.0005,0.31281518936157227,266222,266121,4782
17.964427947998047,17.56,0.24,0.020614510402083397,-0.3572610020637512,-18.97428841,15312,55,0.0005,0.1643744856119156,266272,266171,4783
17.07122802734375,17.55,0.24,0.02063506469130516,-0.3964884877204895,-18.984524959999998,15316,55,0.0005,0.09345275163650513,266342,266241,4785
17.888051986694336,17.55,0.25,0.020398391410708427,-0.31095314025878906,-18.69742991,15320,55,0.0005,0.28417691588401794,266416,266315,4787
17.506309509277344,17.58,0.27,0.021001102402806282,1.1069376468658447,-18.284768449999998,15324,55,0.0005,0.15893518924713135,266479,266378,4788
16.932510375976562,17.53,0.27,0.02124277874827385,0.19549889862537384,-18.27793079,15328,55,0.0005,0.1397157460451126,266533,266432,4790
18.083946228027344,17.3,0.27,0.020824166014790535,0.21971294283866882,-18.24510095,15332,55,0.0005,0.8305603265762329,266593,266492,4791
17.197956085205078,16.97,0.26,0.02143711969256401,0.8784332275390625,-18.449942140000005,15336,55,0.0005,0.20337611436843872,266646,266545,4793
17.533475875854492,17.04,0.24,0.0216278787702322,0.13392210006713867,-18.8920952,15340,55,0.0005,0.1923312395811081,266721,266620,4794
16.761436462402344,16.81,0.23,0.021896738559007645,0.47779130935668945,-19.17081596,15344,55,0.0005,0.5247591733932495,266777,266676,4796
16.84388542175293,16.8,0.22,0.022019116207957268,0.42460498213768005,-19.302115550000003,15348,55,0.0005,1.5074235200881958,266845,266744,4797
18.21034049987793,16.71,0.22,0.021865129470825195,-0.4952331483364105,-19.29274659,15352,55,0.0005,0.1898648887872696,266897,266796,4799
17.38492202758789,16.46,0.2,0.02207847684621811,-0.04777609556913376,-19.709587059999997,15356,55,0.0005,0.2551664113998413,266953,266852,4800
16.9461669921875,16.7,0.19,0.02200821042060852,-0.0011040866374969482,-19.79966529,15360,55,0.0005,0.1141437441110611,267033,266932,4802
18.03404998779297,16.69,0.19,0.021946683526039124,0.046496421098709106,-19.79946116,15364,55,0.0005,0.5896366834640503,267095,266994,4804
16.404123306274414,16.72,0.21,0.021933533251285553,-0.3219115734100342,-19.3496694,15368,55,0.0005,0.0651959776878357,267166,267065,4805
16.7204647064209,16.79,0.21,0.021096769720315933,-0.7385531663894653,-19.3441028,15372,55,0.0005,0.27776819467544556,267228,267127,4807
18.053417205810547,16.82,0.22,0.021298108622431755,0.04025985300540924,-19.11419986,15376,55,0.0005,0.06564837694168091,267314,267213,4809
17.34623146057129,16.92,0.24,0.02092851884663105,0.43203508853912354,-18.808493350000003,15380,55,0.0005,0.0868404433131218,267390,267289,4811
18.232017517089844,16.98,0.25,0.02125484123826027,0.4103720188140869,-18.750246109999996,15384,55,0.0005,1.0442291498184204,267470,267369,4813
17.436344146728516,16.95,0.26,0.022254712879657745,-0.7494803667068481,-18.4720052,15388,55,0.0005,0.5262604355812073,267545,267444,4815
17.839054107666016,16.98,0.25,0.022180531173944473,0.47253382205963135,-18.723172160000004,15392,55,0.0005,0.41276317834854126,267616,267515,4816
18.964176177978516,16.73,0.25,0.0229012593626976,0.8612812757492065,-18.86068509,15396,55,0.0005,0.4129381775856018,267666,267565,4818
17.400527954101562,16.63,0.26,0.023324688896536827,-1.003129243850708,-18.80383702,15400,55,0.0005,0.17652331292629242,267728,267627,4819
17.921398162841797,16.47,0.26,0.022343849763274193,-0.6504274010658264,-18.837376680000002,15404,55,0.0005,0.22347500920295715,267790,267689,4821
17.062965393066406,16.29,0.26,0.022304868325591087,-0.5606229305267334,-18.846510899999995,15408,55,0.0005,0.18001487851142883,267851,267750,4822
17.373428344726562,16.44,0.27,0.021959679201245308,-0.5660563707351685,-18.57843176,15412,55,0.0005,0.168118417263031,267916,267815,4824
16.828142166137695,16.54,0.27,0.02172849141061306,0.25852710008621216,-18.53717811,15416,55,0.0005,0.1396203488111496,267996,267895,4826
17.334877014160156,16.39,0.27,0.021906640380620956,-0.45121777057647705,-18.669593220000003,15420,55,0.0005,0.2500094175338745,268055,267954,4827
16.64712905883789,16.35,0.25,0.021462714299559593,0.1867225021123886,-18.985312220000004,15424,55,0.0005,1.0873157978057861,268114,268013,4829
16.49071502685547,16.42,0.24,0.021239113062620163,0.055497199296951294,-19.063271479999997,15428,55,0.0005,2.0821304321289062,268175,268074,4830
16.51211166381836,16.41,0.23,0.020993327721953392,-0.37717387080192566,-19.35151418,15432,55,0.0005,0.22015312314033508,268234,268133,4832
17.869752883911133,16.44,0.22,0.020979473367333412,0.78973388671875,-19.51973713,15436,55,0.0005,0.1643761545419693,268290,268189,4833
17.94870376586914,16.25,0.23,0.021413804963231087,0.025305837392807007,-19.29634271,15440,55,0.0005,0.36386334896087646,268346,268245,4834
17.515949249267578,16.46,0.26,0.020971186459064484,-0.010945826768875122,-18.71446436,15444,55,0.0005,1.0578639507293701,268423,268322,4836
17.504018783569336,16.45,0.29,0.021218160167336464,0.852267861366272,-18.14780945,15448,55,0.0005,0.17514663934707642,268490,268389,4838
18.499774932861328,16.73,0.3,0.021304912865161896,-0.635222315788269,-17.90584186,15452,55,0.0005,0.3840564489364624,268570,268469,4840
17.119384765625,16.87,0.33,0.02115316316485405,0.39175501465797424,-17.293737869999998,15456,55,0.0005,0.17501166462898254,268640,268539,4842
17.080364227294922,16.83,0.35,0.021120717748999596,0.3422093987464905,-16.954524869999997,15460,55,0.0005,0.2032938003540039,268716,268615,4843
17.0703182220459,16.92,0.36,0.022023258730769157,0.9450528621673584,-16.748825959999998,15464,55,0.0005,2.58486008644104,268787,268686,4845
17.669775009155273,16.77,0.35,0.022059420123696327,-1.0054550170898438,-17.039566279999995,15468,55,0.0005,0.28462696075439453,268843,268742,4847
16.702184677124023,16.94,0.36,0.021625444293022156,0.005354017019271851,-16.85478663,15472,55,0.0005,0.26589447259902954,268922,268821,4849
17.283775329589844,16.77,0.35,0.021994691342115402,0.4185837507247925,-17.056365619999998,15476,55,0.0005,0.24412760138511658,268991,268890,4850
16.282793045043945,16.8,0.34,0.02209504321217537,-1.2869689464569092,-17.203607879999996,15480,55,0.0005,0.1729939579963684,269070,268969,4852
16.828136444091797,16.75,0.34,0.021421117708086967,-0.7701922655105591,-17.109265349999998,15484,55,0.0005,0.48998260498046875,269145,269044,4854
17.39920425415039,16.68,0.34,0.02113029547035694,-0.44014880061149597,-17.07244744,15488,55,0.0005,0.21523715555667877,269213,269112,4856
17.390830993652344,16.72,0.35,0.021191157400608063,0.34633955359458923,-16.91549086,15492,55,0.0005,0.28437018394470215,269288,269187,4858
18.060718536376953,16.92,0.34,0.021261325106024742,-0.045869432389736176,-16.979878499999998,15496,55,0.0005,0.7849804162979126,269358,269257,4859
17.848453521728516,16.92,0.35,0.021147282794117928,-0.09826712310314178,-16.68408269,15500,55,0.0005,0.07386703044176102,269420,269319,4861
17.055431365966797,17.07,0.37,0.021221498027443886,-0.47782158851623535,-16.25037591,15504,55,0.0005,0.07307770848274231,269497,269396,4863
17.059112548828125,17.15,0.36,0.021244142204523087,-0.3193998634815216,-16.341174089999996,15508,55,0.0005,0.07500223070383072,269566,269465,4864
18.251203536987305,17.16,0.36,0.021430736407637596,0.16185589134693146,-16.3434502,15512,55,0.0005,0.09775221347808838,269632,269531,4866
17.401641845703125,16.98,0.36,0.020747890695929527,0.03607932850718498,-16.42241287,15516,55,0.0005,0.1400965452194214,269694,269593,4868
17.4158935546875,17.1,0.39,0.020974956452846527,0.254643052816391,-15.792256649999999,15520,55,0.0005,0.7224662899971008,269765,269664,4869
16.811931610107422,17.38,0.42,0.020998705178499222,-0.5646700859069824,-15.297000310000001,15524,55,0.0005,0.06831835955381393,269852,269751,4871
15.823188781738281,17.44,0.43,0.021134259179234505,0.9329279065132141,-15.014812900000003,15528,55,0.0005,0.5625712871551514,269919,269818,4873
17.31931495666504,17.58,0.45,0.021288949996232986,-0.12872937321662903,-14.511788119999999,15532,55,0.0005,2.49187970161438,269992,269891,4875
17.096538543701172,17.8,0.46,0.02106849104166031,-0.11494645476341248,-14.27521603,15536,55,0.0005,0.7595095634460449,270070,269969,4891
17.56719970703125,17.85,0.45,0.02107076533138752,-0.32413750886917114,-14.577673859999996,15540,55,0.0005,0.8053708076477051,270131,270030,4892
16.179746627807617,17.71,0.42,0.021333828568458557,-1.0450241565704346,-15.043186210000002,15544,55,0.0005,0.686339259147644,270194,270093,4893
17.19256591796875,17.57,0.4,0.02106679603457451,-0.5078798532485962,-15.49085952,15548,55,0.0005,0.11767213046550751,270247,270146,4893
18.296646118164062,17.38,0.4,0.020777642726898193,-0.07291483879089355,-15.491414859999999,15552,55,0.0005,1.1768968105316162,270308,270207,4894
17.739452362060547,17.29,0.38,0.021652808412909508,-0.39781200885772705,-15.874629770000002,15556,55,0.0005,0.9509894251823425,270369,270268,4895
16.747539520263672,17.05,0.36,0.02136826701462269,0.1877705156803131,-16.37589323,15560,55,0.0005,0.1079540029168129,270421,270320,4896
16.773895263671875,17.03,0.35,0.021672092378139496,0.6594215035438538,-16.53782129,15564,55,0.0005,0.5531260967254639,270490,270389,4897
16.28125762939453,17.0,0.34,0.021991724148392677,-0.3890032470226288,-16.75590771,15568,55,0.0005,0.2893757224082947,270543,270442,4898
16.74368667602539,16.81,0.31,0.022245779633522034,0.5420916080474854,-17.3407766,15572,55,0.0005,0.371277391910553,270603,270502,4899
16.943328857421875,16.79,0.31,0.0224058385938406,-0.20718476176261902,-17.322693389999998,15576,55,0.0005,0.20437681674957275,270670,270569,4900
17.504684448242188,16.72,0.31,0.021837331354618073,-0.9696755409240723,-17.2495133,15580,55,0.0005,0.13901835680007935,270742,270641,4901
17.84869384765625,16.59,0.29,0.021687598899006844,0.6562594175338745,-17.68251528,15584,55,0.0005,0.1429593712091446,270804,270703,4902
16.968482971191406,16.71,0.29,0.02224796451628208,0.5133683681488037,-17.72378369,15588,55,0.0005,0.94367516040802,270884,270783,4903
18.187328338623047,16.76,0.29,0.0224593598395586,-0.10229180008172989,-17.66043569,15592,55,0.0005,0.1960141658782959,270964,270863,4904
17.52499771118164,16.66,0.3,0.023507779464125633,1.2480194568634033,-17.615259260000002,15596,55,0.0005,0.7138438820838928,271024,270923,4905
17.96033477783203,16.77,0.3,0.023625237867236137,0.728571891784668,-17.57232222,15600,55,0.0005,1.3198566436767578,271097,270996,4906
16.90510368347168,16.6,0.28,0.024887779727578163,1.2173405885696411,-18.017652209999998,15604,55,0.0005,0.5176510810852051,271157,271056,4907
17.897125244140625,16.62,0.29,0.024975353851914406,-0.7114213705062866,-17.88439957,15608,55,0.0005,0.1929195672273636,271228,271127,4908
16.80105972290039,16.62,0.3,0.024489285424351692,0.8129190802574158,-17.730521760000002,15612,55,0.0005,0.1305149644613266,271294,271193,4909
17.891761779785156,16.66,0.3,0.024737274274230003,0.005460619926452637,-17.68082446,15616,55,0.0005,0.18378426134586334,271360,271259,4910
17.381284713745117,16.63,0.27,0.024054117500782013,-0.6152616739273071,-18.226377890000002,15620,55,0.0005,0.15139465034008026,271428,271327,4911
17.44317626953125,16.25,0.24,0.023966258391737938,0.8906888961791992,-18.842236470000003,15624,55,0.0005,0.45633119344711304,271477,271376,4911
16.613704681396484,16.25,0.25,0.023901041597127914,-0.026554733514785767,-18.80968795,15628,55,0.0005,1.3303236961364746,271544,271443,4912
16.425004959106445,16.19,0.23,0.023645952343940735,1.4061970710754395,-19.25505988,15632,55,0.0005,0.24100029468536377,271611,271510,4913
18.05720329284668,16.1,0.24,0.024313190951943398,0.0913049578666687,-19.079399170000002,15636,55,0.0005,0.3180882930755615,271680,271579,4914
17.967498779296875,16.14,0.24,0.024418557062745094,0.11513975262641907,-19.023356590000002,15640,55,0.0005,0.3695398271083832,271745,271644,4915
17.49175262451172,16.14,0.25,0.02442658133804798,-1.4120090007781982,-18.868001120000002,15644,55,0.0005,0.9153575301170349,271808,271707,4916
18.166648864746094,16.23,0.26,0.02333816885948181,-0.925839900970459,-18.73246869,15648,55,0.0005,0.2184276282787323,271870,271769,4917
17.660268783569336,16.21,0.25,0.023049574345350266,0.46590858697891235,-18.95968025,15652,55,0.0005,0.1758449673652649,271929,271828,4918
17.527225494384766,16.26,0.26,0.02302466705441475,-0.29452604055404663,-18.813426540000002,15656,55,0.0005,0.22605572640895844,271995,271894,4919
17.642601013183594,16.43,0.28,0.022767622023820877,0.19392499327659607,-18.434545569999997,15660,55,0.0005,0.053712233901023865,272064,271963,4920
15.65594482421875,16.41,0.3,0.022431768476963043,0.24243424832820892,-18.02826032,15664,55,0.0005,0.17275510728359222,272131,272030,4921
17.50440216064453,16.54,0.33,0.02222534269094467,-0.4474691152572632,-17.339077079999996,15668,55,0.0005,0.15966837108135223,272197,272096,4922
17.590003967285156,16.72,0.36,0.022157639265060425,-0.6095405220985413,-16.764869519999998,15672,55,0.0005,0.10817503929138184,272275,272174,4923
16.333751678466797,16.76,0.35,0.02192298322916031,0.4031911790370941,-16.949570959999996,15676,55,0.0005,0.13702109456062317,272346,272245,4924
16.893999099731445,16.79,0.35,0.02235453389585018,-0.3589012622833252,-17.03904299,15680,55,0.0005,0.1519850641489029,272421,272320,4925
16.102617263793945,16.66,0.36,0.022303979843854904,0.1768900752067566,-16.92285867,15684,55,0.0005,1.8952062129974365,272470,272369,4926
17.43267822265625,16.52,0.36,0.022494368255138397,1.2174793481826782,-16.92962096,15688,55,0.0005,0.8388977646827698,272536,272435,4927
17.231021881103516,16.42,0.35,0.023100104182958603,-0.013548791408538818,-17.14903369,15692,55,0.0005,0.25986239314079285,272606,272505,4928
17.066146850585938,16.35,0.35,0.022967394441366196,0.2804276943206787,-17.14290712,15696,55,0.0005,1.2359219789505005,272659,272558,4929
17.981441497802734,16.29,0.35,0.022921258583664894,0.7524036765098572,-17.12228386,15700,55,0.0005,2.4281325340270996,272726,272625,4930
17.986419677734375,16.46,0.37,0.024000708013772964,0.2077716737985611,-16.689404439999997,15704,55,0.0005,0.6454914808273315,272803,272702,4931
17.03957748413086,16.65,0.38,0.023436103016138077,0.1284026801586151,-16.580162979999997,15708,55,0.0005,0.19065523147583008,272893,272792,4932
16.879343032836914,16.65,0.37,0.023908181115984917,0.27482396364212036,-16.822003579999997,15712,55,0.0005,0.3328404426574707,272959,272858,4933
17.473419189453125,16.7,0.38,0.02364964410662651,0.4276869297027588,-16.69210287,15716,55,0.0005,0.7932707667350769,273030,272929,4934
17.07904052734375,16.74,0.39,0.023317916318774223,-0.4085387587547302,-16.480174410000004,15720,55,0.0005,0.6254080533981323,273102,273001,4935
17.712196350097656,16.91,0.42,0.02319861203432083,0.6347366571426392,-15.80704513,15724,55,0.0005,0.526154100894928,273168,273067,4936
17.53487777709961,16.93,0.41,0.023278480395674706,-0.32650071382522583,-15.86786734,15728,55,0.0005,0.49490296840667725,273237,273136,4937
17.969982147216797,17.09,0.43,0.022686511278152466,0.3115425109863281,-15.46446198,15732,55,0.0005,0.23273736238479614,273320,273219,4939
17.639440536499023,17.2,0.42,0.02261543832719326,-0.4099927544593811,-15.57669469,15736,55,0.0005,0.4337075650691986,273400,273299,4940
16.984817504882812,17.17,0.42,0.022359266877174377,0.5694811344146729,-15.504033639999998,15740,55,0.0005,0.7642537951469421,273462,273361,4941
17.115903854370117,17.14,0.44,0.022503970190882683,-0.22629442811012268,-15.170935719999997,15744,55,0.0005,0.11191322654485703,273522,273421,4942
17.11723518371582,17.07,0.43,0.022641127929091454,0.6363555192947388,-15.318167099999998,15748,55,0.0005,0.39898091554641724,273577,273476,4943
16.565114974975586,17.02,0.44,0.022899659350514412,0.22632358968257904,-15.15890915,15752,55,0.0005,1.2633697986602783,273631,273530,4943
17.015249252319336,17.07,0.43,0.022890783846378326,0.6473615765571594,-15.31175175,15756,55,0.0005,0.7664288282394409,273702,273601,4944
17.22565269470215,17.13,0.43,0.023511091247200966,0.06737074255943298,-15.199656339999999,15760,55,0.0005,0.3098371624946594,273777,273676,4945
17.051897048950195,17.21,0.42,0.02414736896753311,0.34402942657470703,-15.43472747,15764,55,0.0005,0.17478299140930176,273852,273751,4947
17.083547592163086,17.25,0.42,0.02513323724269867,0.40242427587509155,-15.500742840000001,15768,55,0.0005,0.4327963888645172,273922,273821,4948
16.652912139892578,17.12,0.4,0.02546335756778717,-0.576339602470398,-15.845596639999998,15772,55,0.0005,0.5554812550544739,273987,273886,4949
17.679115295410156,17.08,0.39,0.024265378713607788,-1.5654505491256714,-16.06052473,15776,55,0.0005,0.21421965956687927,274054,273953,4950
16.331363677978516,17.09,0.38,0.023499255999922752,-0.8177088499069214,-16.23395486,15780,55,0.0005,0.3959597647190094,274130,274029,4951
17.337158203125,17.19,0.38,0.022944560274481773,0.1835433393716812,-16.11513868,15784,55,0.0005,1.3101043701171875,274189,274088,4952
17.460186004638672,17.2,0.39,0.023248085752129555,-0.11576326191425323,-15.902310929999999,15788,55,0.0005,0.23496779799461365,274256,274155,4953
17.450042724609375,17.11,0.39,0.023305457085371017,0.29296261072158813,-15.943353379999998,15792,55,0.0005,0.5613129734992981,274317,274216,4953
16.67291259765625,17.34,0.38,0.023959573358297348,-0.41533130407333374,-15.951460950000001,15796,55,0.0005,1.0881471633911133,274393,274292,4955
17.48971176147461,17.47,0.39,0.02361305244266987,0.5692219138145447,-15.890064810000002,15800,55,0.0005,0.14793556928634644,274473,274372,4956
17.291576385498047,17.37,0.38,0.024414928629994392,0.4501041769981384,-16.02693166,15804,55,0.0005,1.4245240688323975,274540,274439,4957
16.680736541748047,17.16,0.36,0.023795925080776215,-0.31114912033081055,-16.3764443,15808,55,0.0005,0.2400415539741516,274609,274508,4958
16.253490447998047,17.27,0.36,0.023208366706967354,-0.28525272011756897,-16.23616835,15812,55,0.0005,0.3636724352836609,274686,274585,4959
16.638015747070312,17.38,0.35,0.02322220802307129,-0.5556025505065918,-16.34315088,15816,55,0.0005,0.15897145867347717,274768,274667,4960
16.150386810302734,17.18,0.34,0.02315707877278328,0.02974311262369156,-16.612261339999996,15820,55,0.0005,2.230360746383667,274820,274719,4961
16.359426498413086,17.1,0.31,0.023314187303185463,0.15777069330215454,-17.249302139999998,15824,55,0.0005,1.178727388381958,274878,274777,4962
17.213897705078125,17.11,0.31,0.023716872557997704,-0.3421900272369385,-17.331187879999998,15828,55,0.0005,1.008917212486267,274948,274847,4963
17.46526527404785,16.96,0.29,0.023244943469762802,0.4405495226383209,-17.674180489999998,15832,55,0.0005,1.418569803237915,275016,274915,4964
17.0726375579834,16.75,0.3,0.023576295003294945,0.03527103364467621,-17.537868,15836,55,0.0005,0.09515838325023651,275075,274974,4965
16.826738357543945,16.71,0.3,0.024470129981637,0.9775799512863159,-17.601522250000002,15840,55,0.0005,0.21725809574127197,275133,275032,4965
17.24115753173828,16.71,0.27,0.024782806634902954,0.11839037388563156,-18.16409639,15844,55,0.0005,0.18977154791355133,275193,275092,4966
16.860883712768555,16.85,0.27,0.02459021657705307,-0.31233614683151245,-18.129046360000004,15848,55,0.0005,0.1309138834476471,275262,275161,4967
17.676267623901367,17.0,0.28,0.02458374947309494,0.08997415006160736,-17.846509610000002,15852,55,0.0005,0.13401874899864197,275331,275230,4968
16.567241668701172,17.14,0.3,0.02389419637620449,-0.5807190537452698,-17.50043933,15856,55,0.0005,0.1450168788433075,275416,275315,4970
17.17519187927246,16.92,0.29,0.024010546505451202,-0.5670763254165649,-17.799288830000002,15860,55,0.0005,0.12423369288444519,275469,275368,4970
16.905593872070312,16.83,0.29,0.02369941771030426,-0.2733011245727539,-17.86765003,15864,55,0.0005,0.15553610026836395,275535,275434,4971
16.179338455200195,16.78,0.29,0.023446867242455482,0.47886204719543457,-17.80548309,15868,55,0.0005,0.9103537797927856,275600,275499,4972
16.789958953857422,16.85,0.3,0.02373466268181801,0.2849370539188385,-17.591794059999998,15872,55,0.0005,0.5712083578109741,275672,275571,4973
17.466991424560547,16.83,0.31,0.024336928501725197,-0.3927963376045227,-17.35548457,15876,55,0.0005,0.737054705619812,275737,275636,4974
17.08565902709961,16.76,0.32,0.024247808381915092,0.07457480579614639,-17.22900393,15880,55,0.0005,0.4738050103187561,275806,275705,4975
16.73126983642578,16.7,0.32,0.024295499548316002,0.8285772800445557,-17.34675347,15884,55,0.0005,0.18873509764671326,275859,275758,4976
16.71271514892578,16.64,0.3,0.024639936164021492,-1.2743706703186035,-17.824268149999998,15888,55,0.0005,0.18426145613193512,275920,275819,4977
17.28903579711914,16.8,0.31,0.023936379700899124,-0.46641603112220764,-17.55064539,15892,55,0.0005,2.494500160217285,275997,275896,4978
16.78854751586914,16.66,0.32,0.02397911250591278,-0.004827998578548431,-17.41072855,15896,55,0.0005,1.01974356174469,276059,275958,4979
16.679738998413086,16.64,0.33,0.024294519796967506,-0.31369951367378235,-17.1749584,15900,55,0.0005,0.29099953174591064,276137,276036,4980
16.8236083984375,16.67,0.33,0.02445097640156746,0.7742066979408264,-17.24288442,15904,55,0.0005,0.11509139835834503,276207,276106,4981
16.084613800048828,16.69,0.37,0.024680832400918007,-0.9972101449966431,-16.50405239,15908,55,0.0005,1.1441209316253662,276278,276177,4982
17.374113082885742,16.49,0.36,0.023885272443294525,0.3316982090473175,-16.769691339999998,15912,55,0.0005,0.16854041814804077,276335,276234,4983
15.899410247802734,16.34,0.37,0.02449466846883297,-1.0210390090942383,-16.721757070000002,15916,55,0.0005,0.35689467191696167,276402,276301,4984
16.941425323486328,16.48,0.38,0.024030722677707672,-0.7159086465835571,-16.503634530000003,15920,55,0.0005,0.19152717292308807,276468,276367,4985
17.449737548828125,16.7,0.39,0.023823274299502373,0.5296049118041992,-16.23248144,15924,55,0.0005,0.10631847381591797,276548,276447,4986
17.310686111450195,16.79,0.41,0.02432936802506447,0.07767550647258759,-15.828931020000002,15928,55,0.0005,0.3592742085456848,276627,276526,4987
16.68218994140625,16.69,0.42,0.0239967480301857,0.251020222902298,-15.65294312,15932,55,0.0005,0.09094970673322678,276685,276584,4988
17.593008041381836,16.78,0.41,0.023875758051872253,0.36344534158706665,-15.85052187,15936,55,0.0005,0.13896264135837555,276753,276652,4989
17.50618553161621,16.87,0.43,0.024099964648485184,-0.6866853833198547,-15.405349120000004,15940,55,0.0005,0.14610764384269714,276820,276719,4990
17.447223663330078,16.86,0.44,0.02406737394630909,0.4639902710914612,-15.235893229999999,15944,55,0.0005,1.6222820281982422,276879,276778,4991
17.51446533203125,16.81,0.44,0.02393471449613571,-1.0050817728042603,-15.211393150000001,15948,55,0.0005,0.8241473436355591,276943,276842,4992
17.265682220458984,16.73,0.43,0.02373887225985527,-0.24914029240608215,-15.47488688,15952,55,0.0005,0.09858126193284988,277004,276903,4993
16.69352912902832,16.52,0.41,0.024206360802054405,-0.2710588276386261,-15.89479744,15956,55,0.0005,0.5557975769042969,277068,276967,4994
16.608444213867188,16.6,0.42,0.024307968094944954,0.39532098174095154,-15.702670910000002,15960,55,0.0005,1.0064136981964111,277129,277028,4995
17.157135009765625,16.59,0.42,0.02458781749010086,-0.8088587522506714,-15.61046888,15964,55,0.0005,0.2981783151626587,277194,277093,4996
18.58905029296875,16.56,0.4,0.024119030684232712,0.6760762333869934,-16.05472861,15968,55,0.0005,1.3630025386810303,277256,277155,4997
16.615467071533203,16.54,0.41,0.023782091215252876,-0.7279241681098938,-15.888791780000002,15972,55,0.0005,0.27412310242652893,277326,277225,4998
16.79265594482422,16.59,0.41,0.02367284707725048,0.04896533489227295,-15.91024795,15976,55,0.0005,0.5961188077926636,277396,277295,4999
15.692233085632324,16.42,0.4,0.023497048765420914,-0.137642502784729,-16.12698703,15980,55,0.0005,0.081060029566288,277448,277347,5000
16.024877548217773,16.49,0.4,0.023619800806045532,0.36506223678588867,-16.1581754,15984,55,0.0005,0.34144121408462524,277508,277407,5000
18.14077377319336,16.63,0.42,0.024730047211050987,0.9766629934310913,-15.763647720000002,15988,55,0.0005,0.12061242014169693,277583,277482,5002
16.415000915527344,16.55,0.42,0.025670787319540977,0.7298970222473145,-15.74261646,15992,55,0.0005,0.4462808668613434,277652,277551,5003
17.849910736083984,16.55,0.43,0.026096336543560028,0.1376989781856537,-15.612329970000003,15996,55,0.0005,0.9932398796081543,277714,277613,5004
15.71302318572998,16.44,0.41,0.02627592161297798,-0.12046703696250916,-16.04838179,16000,55,0.0005,0.4318782091140747,277781,277680,5005
17.117389678955078,16.36,0.4,0.026225604116916656,-0.14729724824428558,-16.211044599999997,16004,55,0.0005,0.24182064831256866,277843,277742,5005
18.305269241333008,16.18,0.38,0.026762036606669426,0.9139745235443115,-16.6545327,16008,55,0.0005,0.12296304106712341,277896,277795,5006
16.064233779907227,16.31,0.39,0.026809116825461388,-0.9791675209999084,-16.56985963,16012,55,0.0005,2.086275577545166,277966,277865,5007
17.05723762512207,16.31,0.39,0.026220621541142464,0.19330796599388123,-16.49046562,16016,55,0.0005,0.39003586769104004,278033,277932,5008
16.803524017333984,16.33,0.38,0.026446403935551643,0.3842112421989441,-16.66902687,16020,55,0.0005,0.6214261054992676,278101,278000,5009
17.919158935546875,16.17,0.38,0.026426643133163452,0.5967121720314026,-16.779552409999997,16024,55,0.0005,0.783839762210846,278165,278064,5010
16.97598648071289,16.21,0.38,0.02543065696954727,0.48438799381256104,-16.8027578,16028,55,0.0005,0.5258065462112427,278248,278147,5011
17.271852493286133,16.39,0.37,0.02567104995250702,-0.15161609649658203,-16.95222378,16032,55,0.0005,0.05272086709737778,278324,278223,5013
17.75434112548828,16.33,0.39,0.025871489197015762,0.2312946915626526,-16.513273069999997,16036,55,0.0005,1.8974648714065552,278386,278285,5013
16.23699188232422,16.34,0.37,0.025376686826348305,0.7694637775421143,-16.8533441,16040,55,0.0005,0.19182834029197693,278454,278353,5014
16.283443450927734,16.5,0.38,0.025551069527864456,-0.05240863561630249,-16.57600527,16044,55,0.0005,0.23135188221931458,278529,278428,5016
16.183212280273438,16.48,0.39,0.02492961660027504,-0.3551488518714905,-16.326531910000003,16048,55,0.0005,0.8077772259712219,278591,278490,5016
15.870490074157715,16.48,0.38,0.024562213569879532,0.7328411340713501,-16.58620106,16052,55,0.0005,0.23432135581970215,278652,278551,5017
17.58695411682129,16.45,0.38,0.02547505870461464,-0.9309324026107788,-16.505480450000004,16056,55,0.0005,0.9006083011627197,278713,278612,5018
14.882014274597168,16.46,0.39,0.024681203067302704,-0.4651886224746704,-16.24917316,16060,55,0.0005,2.368274688720703,278775,278674,5019
16.036762237548828,16.44,0.39,0.024990012869238853,1.6955628395080566,-16.32014126,16064,55,0.0005,1.1914281845092773,278838,278737,5020
17.619251251220703,16.36,0.39,0.025673381984233856,0.11574942618608475,-16.39467066,16068,55,0.0005,0.2112603783607483,278892,278791,5021
16.126754760742188,16.3,0.37,0.026117438450455666,-0.3128052055835724,-16.81323327,16072,55,0.0005,1.0167392492294312,278956,278855,5022
16.49215316772461,16.22,0.37,0.02578345313668251,0.41800129413604736,-16.875159049999997,16076,55,0.0005,0.208091139793396,279018,278917,5023
16.078136444091797,16.44,0.39,0.025611737743020058,-0.822483479976654,-16.36829239,16080,55,0.0005,0.19824641942977905,279092,278991,5024
17.282079696655273,16.46,0.41,0.025450197979807854,0.8412103652954102,-15.903708360000001,16084,55,0.0005,0.20402690768241882,279154,279053,5025
17.871524810791016,16.37,0.43,0.02607983537018299,0.35074836015701294,-15.493390860000002,16088,55,0.0005,0.5663397312164307,279220,279119,5026
16.96510124206543,16.3,0.41,0.02578536979854107,-0.33871299028396606,-15.966102410000003,16092,55,0.0005,0.6347559690475464,279282,279181,5027
17.18909454345703,16.22,0.39,0.025583919137716293,-0.13697905838489532,-16.416772429999995,16096,55,0.0005,0.5508021116256714,279336,279235,5028
17.033199310302734,16.15,0.37,0.025719642639160156,-0.3589589297771454,-16.72224833,16100,55,0.0005,0.4888080954551697,279396,279295,5028
16.51268768310547,16.14,0.37,0.02600398100912571,0.21539446711540222,-16.776567229999998,16104,55,0.0005,0.16436134278774261,279457,279356,5029
15.970041275024414,16.16,0.35,0.026440709829330444,0.005564510822296143,-17.08970618,16108,55,0.0005,0.22327828407287598,279512,279411,5030
17.507080078125,16.18,0.35,0.026507599279284477,-0.465000182390213,-16.96684054,16112,55,0.0005,0.43515074253082275,279584,279483,5031
17.931068420410156,16.13,0.34,0.026253556832671165,0.3251942992210388,-17.175548590000002,16116,55,0.0005,0.16140125691890717,279646,279545,5032
19.5438232421875,16.06,0.36,0.0268488060683012,2.2195260524749756,-16.8214655,16120,55,0.0005,1.0128936767578125,279707,279606,5033
18.517189025878906,15.95,0.35,0.027850722894072533,1.50299072265625,-16.97531676,16124,55,0.0005,1.3257795572280884,279760,279659,5034
17.206066131591797,15.81,0.33,0.028287243098020554,-0.1688794493675232,-17.42149423,16128,55,0.0005,1.4377672672271729,279829,279728,5035
17.268157958984375,15.67,0.33,0.027375774458050728,-0.4881613850593567,-17.58665165,16132,55,0.0005,0.20205998420715332,279891,279790,5036
16.350383758544922,15.68,0.3,0.027483318001031876,1.0000110864639282,-18.15502038,16136,55,0.0005,0.25972357392311096,279954,279853,5037
16.757427215576172,15.73,0.3,0.028962330892682076,0.6892096400260925,-18.2185935,16140,55,0.0005,0.1545543670654297,280027,279926,5052
17.668502807617188,15.6,0.28,0.02988811954855919,-0.821047306060791,-18.645072329999998,16144,55,0.0005,0.40004876255989075,280089,279988,5053
17.30459976196289,15.65,0.27,0.029457971453666687,0.2934545874595642,-18.90899646,16148,55,0.0005,0.5728120803833008,280156,280055,5054
18.559917449951172,15.68,0.29,0.0305880568921566,1.0811647176742554,-18.47067548,16152,55,0.0005,0.8248018026351929,280220,280119,5055
17.694246292114258,15.69,0.28,0.03031710535287857,-1.438117504119873,-18.638665900000003,16156,55,0.0005,0.34403666853904724,280282,280181,5055
17.127361297607422,15.74,0.28,0.029304658994078636,-0.37633654475212097,-18.67840313,16160,55,0.0005,1.5960394144058228,280349,280248,5056
17.509437561035156,15.82,0.28,0.029051337391138077,0.004634201526641846,-18.56712747,16164,55,0.0005,0.22561785578727722,280420,280319,5058
16.47685432434082,16.02,0.29,0.02896866388618946,0.7193365097045898,-18.343655820000002,16168,55,0.0005,0.3810514509677887,280494,280393,5059
18.855709075927734,16.1,0.29,0.03035365603864193,0.02634468674659729,-18.37610741,16172,55,0.0005,0.5772935152053833,280566,280465,5060
18.853145599365234,16.21,0.3,0.02923527918756008,0.26982808113098145,-18.13949232,16176,55,0.0005,1.5843000411987305,280639,280538,5061
17.480525970458984,16.09,0.29,0.02882138080894947,-0.1382608413696289,-18.4230171,16180,55,0.0005,0.5464075207710266,280701,280600,5062
17.78675651550293,16.06,0.27,0.028749093413352966,0.8227329254150391,-18.832699880000003,16184,55,0.0005,0.29654085636138916,280760,280659,5063
17.865827560424805,16.04,0.25,0.02829180285334587,0.07187782227993011,-19.1597273,16188,55,0.0005,0.5510619878768921,280824,280723,5063
17.65576934814453,16.12,0.26,0.027718935161828995,0.39615118503570557,-18.97892739,16192,55,0.0005,1.9582607746124268,280894,280793,5065
16.478317260742188,16.16,0.27,0.027746668085455894,0.9228612184524536,-18.778740080000002,16196,55,0.0005,0.2710823118686676,280952,280851,5065
17.540390014648438,16.28,0.29,0.027871526777744293,0.74858558177948,-18.39584557,16200,55,0.0005,1.030949592590332,281024,280923,5066
17.337854385375977,16.29,0.3,0.0281674861907959,0.10815392434597015,-18.16835596,16204,55,0.0005,0.3251110315322876,281086,280985,5067
18.15907859802246,16.33,0.31,0.028132732957601547,0.6118587255477905,-17.98279089,16208,55,0.0005,0.1367063969373703,281145,281044,5068
18.282180786132812,16.15,0.32,0.028105977922677994,-0.09536592662334442,-17.84990586,16212,55,0.0005,0.4427986443042755,281199,281098,5069
17.935091018676758,16.2,0.33,0.029094422236084938,1.5227699279785156,-17.54869749,16216,55,0.0005,0.34283554553985596,281266,281165,5070
16.78909683227539,16.24,0.3,0.029942382127046585,0.18381109833717346,-18.094327149999998,16220,55,0.0005,0.2240753471851349,281331,281230,5071
17.660829544067383,16.22,0.3,0.02986753359436989,-0.8827229738235474,-18.17172476,16224,55,0.0005,0.3580376207828522,281382,281281,5072
17.404621124267578,16.26,0.29,0.028965169563889503,0.056399911642074585,-18.27275756,16228,55,0.0005,0.22552432119846344,281455,281354,5073
16.222728729248047,16.3,0.29,0.02884409949183464,0.14181101322174072,-18.11893497,16232,55,0.0005,0.32603445649147034,281521,281420,5074
17.224140167236328,16.27,0.29,0.02894965559244156,-0.4050061106681824,-18.21718676,16236,55,0.0005,0.341770201921463,281581,281480,5075
16.92394256591797,16.34,0.29,0.02875635400414467,-0.670407235622406,-18.22515362,16240,55,0.0005,0.4124419391155243,281661,281560,5076
16.99097442626953,16.42,0.31,0.02901432476937771,-0.00791865587234497,-17.79226689,16244,55,0.0005,0.2960449755191803,281731,281630,5077
16.142112731933594,16.28,0.31,0.028964873403310776,0.832951009273529,-17.885074430000003,16248,55,0.0005,0.21583059430122375,281784,281683,5078
16.785829544067383,16.23,0.3,0.02924463339149952,0.8206349611282349,-18.10993709,16252,55,0.0005,1.118983268737793,281843,281742,5079
16.60576629638672,16.35,0.32,0.028611870482563972,0.34660810232162476,-17.81196702,16256,55,0.0005,0.14041182398796082,281917,281816,5080
16.93246078491211,16.23,0.29,0.028473904356360435,0.6380071043968201,-18.34340194,16260,55,0.0005,1.4689288139343262,281972,281871,5080
17.383930206298828,16.31,0.31,0.028266707435250282,-0.12543220818042755,-18.10439283,16264,55,0.0005,1.4769688844680786,282051,281950,5082
17.070316314697266,16.07,0.29,0.02880733832716942,0.5415090322494507,-18.49285406,16268,55,0.0005,0.41021981835365295,282101,282000,5082
17.451322555541992,15.96,0.3,0.02967139333486557,-0.644842803478241,-18.337697799999997,16272,55,0.0005,0.7372329831123352,282162,282061,5083
17.24077606201172,15.94,0.3,0.029929466545581818,0.047090910375118256,-18.34004172,16276,55,0.0005,0.09317193180322647,282233,282132,5084
16.87104606628418,16.06,0.3,0.029947001487016678,-1.0314849615097046,-18.222585930000005,16280,55,0.0005,0.7245994806289673,282307,282206,5085
17.04159927368164,16.13,0.32,0.028938019648194313,-0.9130238890647888,-17.81713219,16284,55,0.0005,0.45990678668022156,282373,282272,5086
17.973041534423828,16.22,0.32,0.027748659253120422,-0.3563721776008606,-17.8199256,16288,55,0.0005,0.150126114487648,282446,282345,5087
17.262271881103516,16.14,0.33,0.026838747784495354,0.2508138418197632,-17.595263720000002,16292,55,0.0005,0.16361571848392487,282508,282407,5088
16.8460693359375,16.11,0.33,0.02700919285416603,-0.0058276355266571045,-17.601559480000002,16296,55,0.0005,0.2473050355911255,282563,282462,5089
17.276700973510742,15.97,0.31,0.02756141684949398,0.27609437704086304,-17.90986384,16300,55,0.0005,0.8836077451705933,282621,282520,5090
17.826942443847656,16.08,0.3,0.027954302728176117,-0.5282593965530396,-18.085096189999998,16304,55,0.0005,1.187882661819458,282694,282593,5091
17.10607147216797,16.25,0.3,0.027549106627702713,0.3069697618484497,-18.03246376,16308,55,0.0005,0.6219322681427002,282770,282669,5092
17.435941696166992,16.46,0.31,0.027212897315621376,0.10198533535003662,-17.848135159999998,16312,55,0.0005,2.1039886474609375,282845,282744,5093
15.912069320678711,16.53,0.32,0.026944676414132118,-0.23311513662338257,-17.77878435,16316,55,0.0005,0.20675179362297058,282919,282818,5094
17.01046371459961,16.61,0.33,0.027091260999441147,-0.01532985270023346,-17.57637168,16320,55,0.0005,0.25171637535095215,282992,282891,5095
17.142974853515625,16.81,0.34,0.027076834812760353,-0.3547881841659546,-17.253252399999997,16324,55,0.0005,0.14801055192947388,283063,282962,5097
16.672290802001953,16.72,0.36,0.027762729674577713,-0.06236056238412857,-16.88692581,16328,55,0.0005,0.781317412853241,283127,283026,5097
16.200843811035156,16.67,0.38,0.027116959914565086,-0.2465924322605133,-16.64776424,16332,55,0.0005,0.14935916662216187,283188,283087,5098
17.61240577697754,16.73,0.41,0.026669487357139587,-0.014573946595191956,-16.069082129999998,16336,55,0.0005,0.23118914663791656,283254,283153,5099
16.462308883666992,16.54,0.4,0.027354413643479347,0.16723589599132538,-16.25635783,16340,55,0.0005,0.5058026313781738,283315,283214,5100
16.949249267578125,16.53,0.38,0.027323413640260696,-0.14551715552806854,-16.64819562,16344,55,0.0005,0.29675209522247314,283384,283283,5101
16.526870727539062,16.66,0.39,0.02709515020251274,0.14425604045391083,-16.41733378,16348,55,0.0005,0.9650506973266602,283450,283349,5102
16.748462677001953,16.76,0.39,0.027370721101760864,-0.0010499954223632812,-16.40480123,16352,55,0.0005,2.048535108566284,283519,283418,5103
16.873119354248047,16.6,0.38,0.027793359011411667,0.6320617198944092,-16.63067595,16356,55,0.0005,0.13888990879058838,283577,283476,5104
16.888912200927734,16.81,0.39,0.028424179181456566,0.2659303545951843,-16.50096457,16360,55,0.0005,0.3050276041030884,283653,283552,5105
17.353389739990234,16.73,0.38,0.028284410014748573,-0.21211275458335876,-16.659491000000003,16364,55,0.0005,1.2102696895599365,283724,283623,5106
16.499908447265625,16.95,0.4,0.028370793908834457,-0.5549627542495728,-16.149552059999998,16368,55,0.0005,0.3544212579727173,283796,283695,5107
16.385732650756836,17.02,0.4,0.027859749272465706,0.5012020468711853,-16.076756760000002,16372,55,0.0005,0.4570942223072052,283864,283763,5108
16.037269592285156,16.86,0.39,0.027997611090540886,0.09681272506713867,-16.35168471,16376,55,0.0005,0.20921437442302704,283919,283818,5109
17.151721954345703,16.85,0.39,0.02726287581026554,-0.544653594493866,-16.40509975,16380,55,0.0005,0.0553596131503582,283992,283891,5110
16.297807693481445,16.94,0.36,0.02641761675477028,-0.5777272582054138,-16.915245379999998,16384,55,0.0005,0.555223286151886,284067,283966,5111
16.622722625732422,16.89,0.36,0.026366446167230606,1.293365716934204,-16.91536648,16388,55,0.0005,1.1064023971557617,284135,284034,5112
17.841522216796875,17.12,0.35,0.028396256268024445,-0.6482555270195007,-17.076081620000004,16392,55,0.0005,0.5902536511421204,284220,284119,5114
18.860088348388672,17.19,0.35,0.02712312899529934,-1.05422043800354,-17.01746599,16396,55,0.0005,0.17603370547294617,284282,284181,5114
16.62316131591797,17.29,0.37,0.02729632705450058,1.057051181793213,-16.69613879,16400,55,0.0005,0.32138586044311523,284350,284249,5116
17.387218475341797,17.25,0.39,0.027674930170178413,-0.6754567623138428,-16.29589605,16404,55,0.0005,0.8749521970748901,284419,284318,5117
17.080968856811523,17.23,0.41,0.026467395946383476,-0.6727714538574219,-15.952219849999999,16408,55,0.0005,0.4894692003726959,284493,284392,5118
17.416851043701172,17.14,0.4,0.025982124730944633,-0.4973844885826111,-16.09949101,16412,55,0.0005,0.19392669200897217,284559,284458,5119
15.861424446105957,17.19,0.39,0.026210907846689224,0.1933738887310028,-16.211035669999998,16416,55,0.0005,0.8402208685874939,284638,284537,5120
16.816654205322266,17.13,0.39,0.02608632855117321,-0.21013367176055908,-16.205095569999997,16420,55,0.0005,2.550135374069214,284705,284604,5121
17.569923400878906,17.15,0.39,0.02538556419312954,-0.007072240114212036,-16.16632756,16424,55,0.0005,0.14602184295654297,284778,284677,5122
15.857670783996582,17.15,0.37,0.02530255727469921,0.08846533298492432,-16.499542259999995,16428,55,0.0005,0.24947720766067505,284842,284741,5123
18.204978942871094,17.21,0.36,0.025927063077688217,0.2080245465040207,-16.606541589999996,16432,55,0.0005,1.6694531440734863,284909,284808,5124
18.33651351928711,17.29,0.33,0.025657545775175095,-0.32665494084358215,-17.11275898,16436,55,0.0005,1.205841302871704,284983,284882,5125
16.912559509277344,17.41,0.33,0.02481233887374401,-1.5706945657730103,-17.17971182,16440,55,0.0005,0.5430394411087036,285056,284955,5126
17.424816131591797,17.47,0.36,0.024496687576174736,1.7330944538116455,-16.67627744,16444,55,0.0005,0.41418832540512085,285131,285030,5127
17.471805572509766,17.56,0.36,0.02570221573114395,0.9024724960327148,-16.71959953,16448,55,0.0005,0.38457322120666504,285206,285105,5128
17.049095153808594,17.48,0.38,0.026361951604485512,0.5034669637680054,-16.23664621,16452,55,0.0005,0.9322479963302612,285267,285166,5129
16.905563354492188,17.53,0.4,0.02689400501549244,1.1114225387573242,-15.794163229999999,16456,55,0.0005,0.7454394102096558,285330,285229,5130
17.254985809326172,17.48,0.4,0.02760443277657032,-0.688010573387146,-15.717728110000003,16460,55,0.0005,1.0923638343811035,285401,285300,5131
17.20952033996582,17.51,0.39,0.027588550001382828,-0.17056290805339813,-15.856373450000001,16464,55,0.0005,1.4506361484527588,285475,285374,5132
17.042566299438477,17.43,0.39,0.027705589309334755,-0.005661636590957642,-15.915718839999997,16468,55,0.0005,0.35105812549591064,285539,285438,5133
16.201736450195312,17.52,0.38,0.027926471084356308,0.790798008441925,-16.039976739999997,16472,55,0.0005,0.43668830394744873,285616,285515,5134
16.026344299316406,17.79,0.38,0.02864660508930683,-0.05010314658284187,-15.899562969999998,16476,55,0.0005,0.5875818729400635,285698,285597,5135
16.65500831604004,17.8,0.38,0.028364671394228935,-0.3402799367904663,-15.854032039999998,16480,55,0.0005,2.619609832763672,285772,285671,5136
18.51819610595703,17.65,0.39,0.028628995642066002,-0.9628355503082275,-15.72339369,16484,55,0.0005,1.0046364068984985,285832,285731,5137
16.685291290283203,17.67,0.38,0.027930419892072678,0.5618863105773926,-15.91563584,16488,55,0.0005,2.030684471130371,285902,285801,5138
19.29836082458496,17.64,0.38,0.028418995440006256,0.5657917857170105,-15.96901958,16492,55,0.0005,1.898624062538147,285984,285883,5140
17.41468048095703,18.22,0.37,0.02730804868042469,-0.5441620349884033,-16.33092564,16496,55,0.0005,0.17494207620620728,286104,286003,5141
17.093772888183594,18.07,0.35,0.027095388621091843,0.9865195751190186,-16.80020557,16500,55,0.0005,0.41484761238098145,286157,286056,5142
16.644878387451172,18.03,0.33,0.027148880064487457,0.9391844272613525,-17.188256999999997,16504,55,0.0005,0.6044425368309021,286222,286121,5143
16.241626739501953,18.1,0.32,0.027176978066563606,0.02879825234413147,-17.37622052,16508,55,0.0005,0.8424791693687439,286303,286202,5144
16.39227294921875,18.18,0.31,0.02714487351477146,0.9374111890792847,-17.489687399999998,16512,55,0.0005,0.15496322512626648,286377,286276,5145
16.515047073364258,18.09,0.32,0.028114857152104378,-0.06885915994644165,-17.357238979999998,16516,55,0.0005,0.5268430113792419,286447,286346,5146
16.84808349609375,18.17,0.34,0.0283221323043108,-0.6320584416389465,-16.98690559,16520,55,0.0005,0.6625611782073975,286522,286421,5148
16.3925838470459,18.18,0.36,0.0277092307806015,0.07960495352745056,-16.7441276,16524,55,0.0005,0.14583715796470642,286596,286495,5149
16.608972549438477,18.03,0.37,0.02739683724939823,-0.08601658046245575,-16.6861545,16528,55,0.0005,0.6415567994117737,286645,286544,5149
18.63507843017578,18.02,0.37,0.02747650444507599,0.7412687540054321,-16.68806306,16532,55,0.0005,0.2850165367126465,286711,286610,5150
17.347797393798828,17.95,0.4,0.028526047244668007,0.239524245262146,-16.19175097,16536,55,0.0005,1.402268648147583,286778,286677,5151
16.22888946533203,17.91,0.41,0.027522079646587372,-0.962378203868866,-15.93720665,16540,55,0.0005,0.2239236831665039,286847,286746,5152
15.501649856567383,17.88,0.39,0.026710644364356995,0.22339186072349548,-16.22994576,16544,55,0.0005,0.6016878485679626,286919,286818,5153
16.329120635986328,17.68,0.38,0.027139635756611824,-0.3028005063533783,-16.36322068,16548,55,0.0005,0.8525557518005371,286974,286873,5154
17.03774642944336,17.77,0.36,0.02682710811495781,-0.11102639138698578,-16.848401199999998,16552,55,0.0005,1.22659170627594,287044,286943,5155
17.051042556762695,17.74,0.35,0.026193810626864433,-0.17970304191112518,-17.092479140000002,16556,55,0.0005,0.41679227352142334,287104,287003,5156
16.27252960205078,17.73,0.35,0.025321675464510918,-0.6025679707527161,-17.03025531,16560,55,0.0005,0.9332890510559082,287174,287073,5157
16.19724464416504,17.65,0.35,0.0249599888920784,0.22027885913848877,-17.196617919999998,16564,55,0.0005,0.6019715070724487,287240,287139,5158
16.86197853088379,17.58,0.34,0.025203797966241837,0.991115927696228,-17.42850089,16568,55,0.0005,0.5248680114746094,287297,287196,5159
17.657747268676758,17.59,0.34,0.025661878287792206,1.8182612657546997,-17.48782857,16572,55,0.0005,1.0037184953689575,287375,287274,5160
16.487529754638672,17.3,0.34,0.026491619646549225,0.6537782549858093,-17.54307084,16576,55,0.0005,1.8591489791870117,287428,287327,5161
17.0131893157959,17.13,0.34,0.027501069009304047,0.8037590980529785,-17.56124906,16580,55,0.0005,1.4235906600952148,287485,287384,5162
16.39983367919922,17.14,0.37,0.028216209262609482,-0.1210821270942688,-16.925541959999997,16584,55,0.0005,0.49399667978286743,287546,287445,5163
16.674903869628906,17.01,0.37,0.02810344286262989,-0.5231876373291016,-17.0268815,16588,55,0.0005,0.15735402703285217,287603,287502,5163
16.44083595275879,16.84,0.36,0.028081776574254036,-0.17814572155475616,-17.13919194,16592,55,0.0005,0.6280168294906616,287668,287567,5164
17.298126220703125,16.31,0.38,0.028199080377817154,0.024359434843063354,-16.62740882,16596,55,0.0005,0.5700710415840149,287735,287634,5165
17.435226440429688,16.49,0.38,0.027801476418972015,0.5208655595779419,-16.56474797,16600,55,0.0005,0.20672573149204254,287806,287705,5166
16.735855102539062,16.57,0.39,0.02781921997666359,0.3731921911239624,-16.4590255,16604,55,0.0005,0.09906478971242905,287879,287778,5168
18.518146514892578,16.54,0.37,0.027773626148700714,0.2479402869939804,-16.83488004,16608,55,0.0005,1.1541438102722168,287957,287856,5169
19.472412109375,17.21,0.39,0.028047805652022362,-0.4158581495285034,-16.61593581,16612,55,0.0005,0.8412284851074219,288098,287997,5171
18.777477264404297,17.28,0.36,0.026962939649820328,-0.7045857310295105,-17.150750839999997,16616,55,0.0005,0.5338916778564453,288175,288074,5172
17.99221420288086,17.17,0.33,0.026371274143457413,-0.15725122392177582,-17.78731299,16620,55,0.0005,0.2576422393321991,288239,288138,5173
17.830841064453125,17.03,0.3,0.02661726623773575,-0.500471830368042,-18.328762259999998,16624,55,0.0005,0.22627922892570496,288299,288198,5174
17.582487106323242,17.11,0.3,0.026601342484354973,0.28008031845092773,-18.35459428,16628,55,0.0005,0.2548702359199524,288356,288255,5175
16.816293716430664,17.03,0.29,0.02646530047059059,-0.25362882018089294,-18.63232356,16632,55,0.0005,0.43144503235816956,288414,288313,5175
17.06745719909668,17.16,0.28,0.02692970633506775,-0.3122110962867737,-18.756742290000002,16636,55,0.0005,0.709317684173584,288494,288393,5177
17.735671997070312,17.15,0.28,0.027262810617685318,0.3116700351238251,-18.84271469,16640,55,0.0005,0.27141422033309937,288562,288461,5178
16.91287612915039,17.15,0.28,0.027241656556725502,-0.6777637004852295,-18.9140492,16644,55,0.0005,2.1143126487731934,288634,288533,5179
17.140026092529297,17.21,0.28,0.02713821269571781,-0.2875940799713135,-18.930664249999996,16648,55,0.0005,2.1386706829071045,288695,288594,5180
17.82437515258789,17.13,0.27,0.026274826377630234,-0.07998768985271454,-19.126084129999995,16652,55,0.0005,1.1987522840499878,288757,288656,5180
17.566776275634766,17.12,0.27,0.02575933001935482,-0.4361855089664459,-19.115756499999996,16656,55,0.0005,0.10839864611625671,288816,288715,5181
17.220407485961914,17.23,0.28,0.025179477408528328,-0.8921190500259399,-18.983140470000002,16660,55,0.0005,1.1106696128845215,288897,288796,5183
18.247520446777344,17.3,0.3,0.02490611933171749,0.23308610916137695,-18.502435979999998,16664,55,0.0005,0.6433143615722656,288970,288869,5184
17.28029441833496,17.42,0.3,0.025314638391137123,0.8458830714225769,-18.469990619999997,16668,55,0.0005,0.5139004588127136,289039,288938,5185
17.56041717529297,17.26,0.3,0.02553115040063858,1.427834153175354,-18.527329509999998,16672,55,0.0005,1.7753499746322632,289101,289000,5186
17.1563777923584,17.39,0.31,0.025894617661833763,-0.5788386464118958,-18.35986382,16676,55,0.0005,0.3923560380935669,289167,289066,5187
16.80582046508789,17.51,0.31,0.02508052997291088,-1.1598299741744995,-18.377614910000002,16680,55,0.0005,0.5390576720237732,289236,289135,5188
16.04705810546875,17.48,0.28,0.024900848045945168,1.4759299755096436,-18.994863849999998,16684,55,0.0005,1.3613331317901611,289294,289193,5188
16.227346420288086,17.49,0.3,0.025012126192450523,-0.438767671585083,-18.581279119999998,16688,55,0.0005,0.15279273688793182,289352,289251,5189
16.68577003479004,17.5,0.31,0.024933677166700363,-0.5454131960868835,-18.483944310000002,16692,55,0.0005,0.1948743611574173,289418,289317,5190
16.018224716186523,17.49,0.29,0.025323716923594475,1.5359320640563965,-18.853455659999998,16696,55,0.0005,0.30781617760658264,289484,289383,5191
16.19753074645996,17.45,0.33,0.02631228417158127,-0.41948455572128296,-18.06777466,16700,55,0.0005,1.0994648933410645,289551,289450,5192
17.44359588623047,17.43,0.33,0.026942575350403786,1.1455758810043335,-17.97544871,16704,55,0.0005,0.23640799522399902,289622,289521,5193
17.484943389892578,17.32,0.35,0.026721550151705742,-0.1569840908050537,-17.71154896,16708,55,0.0005,0.6013467311859131,289689,289588,5194
16.725032806396484,16.66,0.34,0.02628168836236,-0.13550713658332825,-17.773958400000005,16712,55,0.0005,1.2004343271255493,289764,289663,5195
16.780349731445312,16.59,0.37,0.026370514184236526,1.441002368927002,-17.24517177,16716,55,0.0005,1.098315954208374,289834,289733,5196
17.3492374420166,16.65,0.39,0.027614109218120575,0.4178372025489807,-16.84144714,16720,55,0.0005,0.22624243795871735,289904,289803,5197
17.55181121826172,16.88,0.42,0.028216982260346413,0.2323046326637268,-16.252899749999997,16724,55,0.0005,0.6528559923171997,289987,289886,5199
16.58431625366211,16.95,0.43,0.028331708163022995,0.9970934987068176,-16.000582959999996,16728,55,0.0005,0.5659193992614746,290051,289950,5214
16.099689483642578,16.98,0.45,0.02888970449566841,0.6298441886901855,-15.605214779999999,16732,55,0.0005,1.5227910280227661,290112,290011,5215
18.511775970458984,16.92,0.45,0.028781449422240257,-1.0461875200271606,-15.677314670000001,16736,55,0.0005,0.27769163250923157,290186,290085,5216
16.945764541625977,16.88,0.45,0.027005882933735847,-2.4313578605651855,-15.589696189999998,16740,55,0.0005,0.35407698154449463,290250,290149,5217
16.597461700439453,16.69,0.45,0.026349807158112526,0.6127501726150513,-15.636915750000004,16744,55,0.0005,0.5498673915863037,290303,290202,5218
15.941729545593262,16.75,0.47,0.026451077312231064,0.6437234878540039,-15.210043810000002,16748,55,0.0005,1.1496073007583618,290370,290269,5219
16.667964935302734,16.64,0.49,0.02695801667869091,0.5227911472320557,-14.82780902,16752,55,0.0005,0.20281106233596802,290421,290320,5219
17.56234359741211,16.63,0.49,0.027166996151208878,0.3908151388168335,-14.854206889999999,16756,55,0.0005,0.1919221132993698,290479,290378,5220
16.824926376342773,16.47,0.48,0.026757119223475456,-0.7585977911949158,-15.13742676,16760,55,0.0005,0.9019366502761841,290544,290443,5222
17.054031372070312,16.45,0.48,0.026213839650154114,1.1337225437164307,-15.054314360000001,16764,55,0.0005,1.2533259391784668,290615,290514,5224
18.20427703857422,16.44,0.48,0.027344711124897003,0.8781566619873047,-14.947031600000003,16768,55,0.0005,0.26491084694862366,290683,290582,5225
16.960765838623047,16.33,0.48,0.02763434313237667,-0.1276584416627884,-14.925682339999998,16772,55,0.0005,0.7523937225341797,290734,290633,5227
15.938192367553711,16.38,0.48,0.027605243027210236,-1.2718993425369263,-14.94368073,16776,55,0.0005,1.5602657794952393,290805,290704,5228
16.8140926361084,16.41,0.47,0.027159463614225388,-0.32440704107284546,-15.112229800000001,16780,55,0.0005,0.20795723795890808,290877,290776,5230
20.476001739501953,16.4,0.48,0.02630942314863205,-1.523800253868103,-14.93726896,16784,55,0.0005,0.931342601776123,290934,290833,5231
20.020442962646484,16.53,0.47,0.025075526908040047,-2.6665024757385254,-15.120243850000001,16788,55,0.0005,1.0378544330596924,291005,290904,5233
18.5196590423584,16.7,0.46,0.023080363869667053,0.8001265525817871,-15.29685931,16792,55,0.0005,0.5407860279083252,291088,290987,5235
16.828899383544922,16.71,0.46,0.024558061733841896,1.9634513854980469,-15.22294764,16796,55,0.0005,0.6804516315460205,291155,291054,5237
16.757678985595703,16.59,0.44,0.025590643286705017,1.4015368223190308,-15.648180220000004,16800,55,0.0005,0.3832983672618866,291210,291109,5238
17.287078857421875,16.48,0.42,0.026470152661204338,1.900965690612793,-16.13733562,16804,55,0.0005,0.6750103235244751,291270,291169,5240
16.35614776611328,16.43,0.43,0.027380643412470818,0.0964406430721283,-15.801186249999999,16808,55,0.0005,0.5354282259941101,291332,291231,5241
15.924121856689453,16.33,0.41,0.02761729434132576,-0.01393166184425354,-16.18538934,16812,55,0.0005,1.1732847690582275,291397,291296,5243
16.22505760192871,16.3,0.4,0.027727635577321053,1.006251335144043,-16.382385329999998,16816,55,0.0005,0.33009153604507446,291464,291363,5244
16.43618392944336,16.16,0.39,0.028196537867188454,0.46628105640411377,-16.635724210000003,16820,55,0.0005,0.27130281925201416,291520,291419,5246
15.393674850463867,15.87,0.37,0.028501015156507492,1.6058043241500854,-17.03458451,16824,55,0.0005,0.24315479397773743,291574,291473,5247
16.83233642578125,15.82,0.36,0.02905822917819023,0.69731605052948,-17.254358030000002,16828,55,0.0005,1.5435214042663574,291633,291532,5249
16.008668899536133,16.0,0.36,0.029662607237696648,-0.40283942222595215,-17.142873859999998,16832,55,0.0005,0.41502898931503296,291712,291611,5251
17.074827194213867,15.88,0.36,0.029849102720618248,0.03058338165283203,-17.05931401,16836,55,0.0005,0.15180787444114685,291774,291673,5252
15.718852043151855,15.95,0.37,0.029230063781142235,-0.302782267332077,-16.95007235,16840,55,0.0005,0.7258614301681519,291845,291744,5254
16.048418045043945,16.18,0.38,0.029277317225933075,-0.13768398761749268,-16.669083009999998,16844,55,0.0005,0.8764944076538086,291921,291820,5256
17.963394165039062,16.24,0.36,0.02943703532218933,0.09960242360830307,-17.09710124,16848,55,0.0005,1.4870455265045166,291994,291893,5257
16.678356170654297,16.42,0.36,0.028776291757822037,-1.2236337661743164,-16.998992599999998,16852,55,0.0005,0.4486205279827118,292063,291962,5259
16.913082122802734,16.49,0.36,0.028066489845514297,0.09953407943248749,-16.961420029999996,16856,55,0.0005,0.6895798444747925,292128,292027,5261
17.096981048583984,16.53,0.36,0.028611822053790092,0.5810164213180542,-16.81695233,16860,55,0.0005,0.26864755153656006,292197,292096,5262
17.842397689819336,16.61,0.35,0.028895607218146324,0.15323926508426666,-17.023302519999998,16864,55,0.0005,1.1541050672531128,292276,292175,5264
16.356481552124023,16.68,0.36,0.02912214584648609,0.06928974390029907,-16.90840481,16868,55,0.0005,0.24210286140441895,292351,292250,5266
18.194101333618164,16.87,0.37,0.028855105862021446,-1.1550525426864624,-16.68349259,16872,55,0.0005,0.8090891242027283,292421,292320,5268
16.127681732177734,16.84,0.36,0.02775675058364868,-0.0836232453584671,-16.918330689999998,16876,55,0.0005,0.24881596863269806,292489,292388,5270
17.58737564086914,16.87,0.37,0.028246942907571793,-0.6168222427368164,-16.763326929999998,16880,55,0.0005,1.9191505908966064,292564,292463,5271
18.79092025756836,16.97,0.36,0.028177432715892792,0.3699111342430115,-16.90851409,16884,55,0.0005,1.1404470205307007,292631,292530,5273
17.351783752441406,16.99,0.35,0.029501046985387802,1.836199164390564,-17.12060331,16888,55,0.0005,1.7366602420806885,292704,292603,5275
17.539527893066406,16.82,0.36,0.030212270095944405,-0.933112382888794,-16.951141970000002,16892,55,0.0005,0.32922303676605225,292770,292669,5276
17.213729858398438,16.92,0.37,0.029431356117129326,-0.27784979343414307,-16.85562729,16896,55,0.0005,0.8764885663986206,292847,292746,5278
17.134496688842773,16.89,0.37,0.029279837384819984,-0.11713917553424835,-16.871367120000002,16900,55,0.0005,0.5531142950057983,292899,292798,5280
16.66229248046875,16.95,0.4,0.029032938182353973,0.08924953639507294,-16.181845910000003,16904,55,0.0005,1.3788063526153564,292965,292864,5281
17.545413970947266,16.99,0.39,0.029065711423754692,0.15690547227859497,-16.4973187,16908,55,0.0005,0.6411963105201721,293031,292930,5283
16.940895080566406,17.13,0.4,0.02865421399474144,-0.5429583787918091,-16.30601399,16912,55,0.0005,1.2480789422988892,293110,293009,5285
16.385183334350586,17.16,0.41,0.028567476198077202,-0.10719656944274902,-16.065023059999998,16916,55,0.0005,0.3390102982521057,293180,293079,5286
17.64227867126465,17.37,0.43,0.028661945834755898,0.5282297134399414,-15.647040319999999,16920,55,0.0005,1.4964098930358887,293257,293156,5288
15.109975814819336,17.42,0.44,0.02834060601890087,0.005210906267166138,-15.470821379999997,16924,55,0.0005,1.378403663635254,293316,293215,5290
18.7869873046875,17.6,0.46,0.029272710904479027,0.8645784854888916,-15.05669627,16928,55,0.0005,0.4895608425140381,293393,293292,5292
17.67962646484375,17.35,0.45,0.030113259330391884,0.37713193893432617,-15.388075719999996,16932,55,0.0005,0.6278855204582214,293447,293346,5293
16.340017318725586,17.37,0.46,0.03090166673064232,-0.07230783998966217,-15.209822229999997,16936,55,0.0005,0.6478480100631714,293511,293410,5295
17.056406021118164,17.32,0.45,0.03157429024577141,0.28481319546699524,-15.36801373,16940,55,0.0005,0.239577054977417,293577,293476,5296
16.39511489868164,17.19,0.46,0.03210410848259926,0.43812769651412964,-15.188615089999999,16944,55,0.0005,0.8374669551849365,293640,293539,5298
16.48821449279785,17.05,0.46,0.032314226031303406,0.03070240467786789,-15.228276289999998,16948,55,0.0005,0.20539923012256622,293699,293598,5299
16.933303833007812,17.0,0.46,0.03171877562999725,-0.2441587746143341,-15.339383660000001,16952,55,0.0005,0.21308866143226624,293763,293662,5301
16.30797004699707,16.96,0.46,0.03131198510527611,-0.23060807585716248,-15.309438670000002,16956,55,0.0005,0.28868091106414795,293824,293723,5302
15.9876708984375,16.93,0.48,0.03127594664692879,-0.4100726544857025,-14.951360640000003,16960,55,0.0005,1.9559597969055176,293890,293789,5304
16.941932678222656,16.85,0.48,0.0313953161239624,-0.1280883252620697,-15.033713570000002,16964,55,0.0005,1.987847089767456,293961,293860,5306
15.801565170288086,16.81,0.49,0.03180966153740883,-0.12172824144363403,-14.829527640000004,16968,55,0.0005,1.1120212078094482,294032,293931,5307
16.048633575439453,16.81,0.5,0.03219602257013321,0.30886825919151306,-14.642502479999997,16972,55,0.0005,0.14710427820682526,294102,294001,5309
16.025867462158203,16.84,0.5,0.031756095588207245,-0.41378843784332275,-14.576844180000002,16976,55,0.0005,0.19935104250907898,294173,294072,5311
16.407623291015625,16.73,0.5,0.030532782897353172,-0.7107234001159668,-14.57552283,16980,55,0.0005,0.5349977016448975,294237,294136,5312
16.801063537597656,16.64,0.51,0.02990994043648243,-0.6835821270942688,-14.464408529999998,16984,55,0.0005,0.7831720113754272,294295,294194,5314
16.711275100708008,16.52,0.51,0.029482604935765266,-0.12954548001289368,-14.50483037,16988,55,0.0005,1.3243663311004639,294356,294255,5315
16.700395584106445,16.5,0.52,0.029524296522140503,-0.1558387726545334,-14.27897985,16992,55,0.0005,0.11756431311368942,294420,294319,5317
16.17119598388672,16.49,0.53,0.02922266349196434,0.11459873616695404,-13.98489562,16996,55,0.0005,0.11142252385616302,294496,294395,5319
15.350156784057617,16.65,0.53,0.028592238202691078,-0.2352396845817566,-13.96053707,17000,55,0.0005,0.380404531955719,294564,294463,5320
15.275895118713379,16.68,0.53,0.02906971052289009,0.15672656893730164,-14.055155559999998,17004,55,0.0005,0.260585218667984,294633,294532,5322
15.741300582885742,16.66,0.54,0.029359402135014534,0.1969127058982849,-13.82632453,17008,55,0.0005,0.2549125850200653,294697,294596,5324
15.454288482666016,16.47,0.55,0.029493318870663643,0.02095407247543335,-13.73830192,17012,55,0.0005,0.22594758868217468,294757,294656,5325
16.085514068603516,16.3,0.53,0.029384907335042953,0.23999622464179993,-14.2338283,17016,55,0.0005,1.0159181356430054,294810,294709,5326
16.49474334716797,16.02,0.52,0.029744453728199005,0.8156036138534546,-14.41973542,17020,55,0.0005,0.36152422428131104,294859,294758,5328
16.24312973022461,15.91,0.52,0.030581077560782433,0.5603174567222595,-14.42517789,17024,55,0.0005,0.2311914563179016,294907,294806,5329
17.071430206298828,15.89,0.52,0.030187558382749557,-0.7449058294296265,-14.383150969999997,17028,55,0.0005,0.14741134643554688,294982,294881,5331
15.912944793701172,16.0,0.52,0.02960389107465744,0.1572309136390686,-14.283490780000001,17032,55,0.0005,1.4832279682159424,295047,294946,5332
16.75783348083496,15.96,0.51,0.029762137681245804,-0.9632666110992432,-14.491268160000002,17036,55,0.0005,0.9511358141899109,295107,295006,5334
17.255163192749023,16.03,0.52,0.029965242370963097,0.4277387261390686,-14.218283329999998,17040,55,0.0005,0.4462600350379944,295180,295079,5336
15.8213472366333,15.93,0.51,0.03089270368218422,0.096509650349617,-14.497731850000001,17044,55,0.0005,0.44259101152420044,295233,295132,5337
17.126750946044922,16.03,0.54,0.030423371121287346,0.31719574332237244,-13.82961651,17048,55,0.0005,0.3330612778663635,295302,295201,5339
16.009403228759766,16.15,0.54,0.030633006244897842,1.1331944465637207,-13.79009106,17052,55,0.0005,0.9687471389770508,295378,295277,5340
15.894067764282227,16.19,0.55,0.031315214931964874,-0.28536176681518555,-13.622081939999998,17056,55,0.0005,0.24315382540225983,295443,295342,5342
15.610372543334961,16.23,0.53,0.030863739550113678,-0.7820990085601807,-14.11292646,17060,55,0.0005,0.27649301290512085,295513,295412,5344
16.778762817382812,16.04,0.51,0.030721532180905342,0.48423564434051514,-14.559746410000002,17064,55,0.0005,0.20253628492355347,295565,295464,5345
15.383904457092285,16.02,0.51,0.03097909316420555,0.9016977548599243,-14.565884320000002,17068,55,0.0005,0.2753313183784485,295634,295533,5347
16.194599151611328,15.99,0.5,0.03082575649023056,-0.2552183270454407,-14.811181460000002,17072,55,0.0005,0.45530077815055847,295701,295600,5348
16.516128540039062,15.91,0.52,0.030029883608222008,-0.2745433747768402,-14.421785599999998,17076,55,0.0005,0.3497389853000641,295764,295663,5350
14.968905448913574,15.73,0.5,0.029848257079720497,0.3848488926887512,-14.937528530000002,17080,55,0.0005,0.4925631880760193,295810,295709,5351
15.961240768432617,15.77,0.5,0.03096168115735054,-0.2870030999183655,-14.94877222,17084,55,0.0005,0.8874611854553223,295872,295771,5352
15.207436561584473,15.75,0.51,0.03166764974594116,0.765661895275116,-14.707160960000001,17088,55,0.0005,0.7758224010467529,295931,295830,5354
16.19904327392578,15.65,0.5,0.03205263987183571,-0.3620052933692932,-14.988128199999998,17092,55,0.0005,0.19643816351890564,295985,295884,5355
16.028026580810547,15.64,0.49,0.031871866434812546,-0.731328010559082,-15.215940739999999,17096,55,0.0005,0.29257234930992126,296060,295959,5357
16.803354263305664,15.54,0.49,0.031316932290792465,0.3446122109889984,-15.191134800000002,17100,55,0.0005,1.1459002494812012,296118,296017,5358
15.373470306396484,15.34,0.48,0.031782858073711395,1.4794044494628906,-15.38248302,17104,55,0.0005,0.9612448215484619,296167,296066,5359
15.54605484008789,15.2,0.45,0.03249182179570198,0.20010092854499817,-16.06758452,17108,55,0.0005,0.8163818717002869,296217,296116,5360
16.01648712158203,15.24,0.46,0.0336059108376503,0.7479934692382812,-15.838222530000003,17112,55,0.0005,0.17465171217918396,296281,296180,5362
15.369527816772461,15.39,0.48,0.033685777336359024,-0.44365453720092773,-15.395072209999999,17116,55,0.0005,2.239717960357666,296349,296248,5364
15.222555160522461,15.52,0.46,0.033952485769987106,0.10797038674354553,-15.805144609999997,17120,55,0.0005,0.7598005533218384,296411,296310,5365
16.16582489013672,15.72,0.45,0.03259933739900589,-1.6940345764160156,-16.11120902,17124,55,0.0005,1.0130265951156616,296479,296378,5367
16.558792114257812,15.61,0.42,0.031644631177186966,-0.6400598883628845,-16.755496020000002,17128,55,0.0005,0.30160850286483765,296543,296442,5368
16.51091766357422,15.68,0.44,0.031932953745126724,0.08018199354410172,-16.35640028,17132,55,0.0005,0.3462355136871338,296615,296514,5370
15.254192352294922,15.69,0.46,0.031992003321647644,-0.5656616687774658,-15.951093770000002,17136,55,0.0005,0.5314404964447021,296676,296575,5371
16.134885787963867,15.76,0.47,0.031863123178482056,0.30106741189956665,-15.819655169999997,17140,55,0.0005,0.35877135396003723,296756,296655,5373
16.54076385498047,15.81,0.47,0.03203690052032471,0.17128586769104004,-15.819374970000002,17144,55,0.0005,0.9389214515686035,296814,296713,5375
15.761974334716797,15.74,0.47,0.032507892698049545,1.3907026052474976,-15.80705285,17148,55,0.0005,1.3339459896087646,296876,296775,5376
17.531814575195312,15.55,0.47,0.03252051770687103,0.2268534153699875,-15.834972749999999,17152,55,0.0005,0.7732236385345459,296933,296832,5377
16.87881851196289,15.53,0.45,0.031431566923856735,-0.2693088948726654,-16.190893080000002,17156,55,0.0005,0.8860254883766174,296996,296895,5379
16.83116912841797,15.39,0.44,0.03058476746082306,-0.23347552120685577,-16.409064500000003,17160,55,0.0005,0.19062793254852295,297052,296951,5380
16.884809494018555,15.63,0.46,0.02946542389690876,-0.42728790640830994,-15.895825929999999,17164,55,0.0005,0.19597597420215607,297128,297027,5382
16.508167266845703,15.68,0.46,0.029610546305775642,0.27850401401519775,-15.978264730000001,17168,55,0.0005,0.6498789191246033,297202,297101,5384
15.07386589050293,15.61,0.45,0.03041769191622734,0.3665362000465393,-16.19912824,17172,55,0.0005,0.5532288551330566,297262,297161,5385
15.879829406738281,15.75,0.45,0.030723027884960175,0.8012861013412476,-16.235135930000002,17176,55,0.0005,0.7775806784629822,297339,297238,5387
15.676055908203125,15.81,0.46,0.031434617936611176,0.3817174434661865,-15.948629670000003,17180,55,0.0005,0.2167404294013977,297391,297290,5388
16.481937408447266,15.88,0.46,0.03185095638036728,0.3054826855659485,-15.916629189999998,17184,55,0.0005,0.8659263849258423,297460,297359,5390
16.701122283935547,16.01,0.45,0.0321568138897419,0.9277130365371704,-16.22722393,17188,55,0.0005,0.3361324071884155,297532,297431,5392
15.666830062866211,16.08,0.47,0.032357871532440186,-0.4320300817489624,-15.766263910000003,17192,55,0.0005,1.5875294208526611,297593,297492,5393
16.71854019165039,15.94,0.47,0.03234567865729332,0.27945005893707275,-15.814519120000002,17196,55,0.0005,0.48337244987487793,297654,297553,5395
16.620460510253906,15.98,0.46,0.032555319368839264,0.1439201384782791,-16.06193441,17200,55,0.0005,0.5890522003173828,297716,297615,5396
15.271955490112305,16.23,0.46,0.0323542058467865,0.9019439220428467,-16.042807380000003,17204,55,0.0005,0.43123865127563477,297790,297689,5398
15.312541007995605,16.29,0.49,0.032936688512563705,1.0303900241851807,-15.334939540000004,17208,55,0.0005,0.16547110676765442,297846,297745,5399
16.584400177001953,16.29,0.49,0.033558961004018784,-0.5147446393966675,-15.330825019999999,17212,55,0.0005,0.3286474943161011,297910,297809,5401
16.3815975189209,16.38,0.5,0.032923974096775055,-0.5084104537963867,-15.112670859999996,17216,55,0.0005,0.4335145056247711,297987,297886,5403
16.604196548461914,16.3,0.52,0.03314770385622978,0.6104488372802734,-14.71332217,17220,55,0.0005,1.1436331272125244,298041,297940,5404
15.720235824584961,16.18,0.54,0.033413130789995193,-0.21416176855564117,-14.177300870000002,17224,55,0.0005,0.3345813751220703,298097,297996,5405
14.553276062011719,16.18,0.56,0.03381801396608353,0.0003492981195449829,-13.718460340000002,17228,55,0.0005,0.536220908164978,298161,298060,5407
19.27483367919922,16.38,0.53,0.03267839923501015,-0.35586312413215637,-14.276352059999999,17232,55,0.0005,1.3249285221099854,298253,298152,5409
17.831256866455078,16.52,0.49,0.03291220963001251,2.448906183242798,-15.24469702,17236,55,0.0005,1.8707295656204224,298328,298227,5411
16.92807388305664,16.53,0.48,0.035667795687913895,-0.29747676849365234,-15.53206408,17240,55,0.0005,0.6678742170333862,298409,298308,5413
16.034029006958008,16.65,0.47,0.036303937435150146,0.3691369295120239,-15.85474914,17244,55,0.0005,0.36258140206336975,298479,298378,5414
16.372419357299805,16.57,0.45,0.03689631074666977,0.20700865983963013,-16.31196926,17248,55,0.0005,0.4362846314907074,298533,298432,5416
16.237628936767578,16.68,0.44,0.037082962691783905,-1.0427266359329224,-16.44028887,17252,55,0.0005,1.1534212827682495,298601,298500,5417
15.925835609436035,16.81,0.45,0.03734169900417328,0.7558748722076416,-16.4070426,17256,55,0.0005,0.4514034688472748,298677,298576,5419
15.667372703552246,16.93,0.47,0.03864940628409386,0.6169580221176147,-15.898949370000002,17260,55,0.0005,1.7637075185775757,298745,298644,5421
15.994832992553711,16.77,0.47,0.03940054401755333,0.18287363648414612,-15.975754790000002,17264,55,0.0005,0.32019108533859253,298805,298704,5422
16.382064819335938,16.72,0.47,0.03964448347687721,-0.05460875481367111,-15.96133278,17268,55,0.0005,0.18859335780143738,298874,298773,5424
16.662687301635742,16.67,0.47,0.03890451416373253,-0.45108991861343384,-15.992892620000003,17272,55,0.0005,0.3737586736679077,298929,298828,5425
15.627299308776855,16.55,0.46,0.03780118748545647,-1.023187279701233,-16.192699230000002,17276,55,0.0005,0.32617443799972534,298994,298893,5427
15.612945556640625,16.7,0.46,0.03651229292154312,-0.5442854166030884,-16.165848020000002,17280,55,0.0005,0.30887818336486816,299061,298960,5428
16.41952896118164,16.63,0.46,0.03590298071503639,-0.7964138984680176,-16.185333619999998,17284,55,0.0005,0.3571866750717163,299123,299022,5430
15.59282112121582,16.63,0.48,0.03516370430588722,0.08824241161346436,-15.646984919999998,17288,55,0.0005,0.1534237265586853,299195,299094,5431
15.007863998413086,16.69,0.45,0.034231361001729965,0.5113903880119324,-16.21179436,17292,55,0.0005,0.5233961343765259,299262,299161,5433
15.09366226196289,16.77,0.45,0.03414833918213844,0.15978243947029114,-16.15378957,17296,55,0.0005,0.30450716614723206,299331,299230,5435
16.05095863342285,16.74,0.45,0.033884890377521515,-0.6697230935096741,-16.16168014,17300,55,0.0005,0.3137308955192566,299390,299289,5436
16.315011978149414,16.72,0.44,0.033335503190755844,0.4464130103588104,-16.33034598,17304,55,0.0005,0.5551068782806396,299462,299361,5438
15.41248607635498,16.98,0.43,0.033308107405900955,-0.09505949169397354,-16.527167579999997,17308,55,0.0005,0.4900296926498413,299544,299443,5440
15.599940299987793,17.09,0.41,0.03330399468541145,-0.5768179297447205,-16.875505659999998,17312,55,0.0005,0.5288540720939636,299619,299518,5441
15.151874542236328,17.05,0.39,0.033711012452840805,0.18432742357254028,-17.21011976,17316,55,0.0005,0.6161458492279053,299692,299591,5443
15.045926094055176,17.13,0.38,0.034088168293237686,0.10610298812389374,-17.394401300000002,17320,55,0.0005,0.2977873682975769,299754,299653,5445
14.70059585571289,17.21,0.38,0.034425705671310425,-0.375159353017807,-17.41544498,17324,55,0.0005,0.37285593152046204,299818,299717,5446
15.818195343017578,17.31,0.4,0.03411422669887543,0.2728605568408966,-17.04133102,17328,55,0.0005,0.4563007056713104,299892,299791,5448
15.338865280151367,17.09,0.43,0.03395510092377663,-0.01001882553100586,-16.538838870000003,17332,55,0.0005,2.4405040740966797,299962,299861,5450
16.419063568115234,17.15,0.45,0.03317755088210106,-0.9762932062149048,-16.047726679999997,17336,54,0.0005,0.7295109033584595,300043,299942,5466
15.742435455322266,17.03,0.44,0.03237304836511612,-0.19097255170345306,-16.308375490000003,17340,54,0.0005,1.306702733039856,300112,300011,5467
16.500049591064453,16.98,0.45,0.033103007823228836,0.5544642210006714,-15.90623521,17344,54,0.0005,0.3404388725757599,300177,300076,5468
16.91107940673828,17.05,0.44,0.033804092556238174,0.5927463173866272,-16.09234009,17348,54,0.0005,1.0954194068908691,300238,300137,5469
15.9014892578125,16.93,0.44,0.035056982189416885,1.3525216579437256,-16.2074249,17352,54,0.0005,1.6963577270507812,300294,300193,5469
16.389497756958008,16.94,0.43,0.03645018860697746,-0.4829241931438446,-16.226455450000003,17356,54,0.0005,0.5944116115570068,300371,300270,5471
16.34061050415039,16.9,0.42,0.03566458076238632,-0.8930267691612244,-16.52328405,17360,54,0.0005,1.382822036743164,300435,300334,5471
16.418315887451172,16.97,0.42,0.03450844809412956,0.3353336453437805,-16.43209716,17364,54,0.0005,0.7599059343338013,300502,300401,5472
14.633394241333008,16.88,0.4,0.03450251370668411,-1.0486016273498535,-16.808343620000002,17368,54,0.0005,1.0474531650543213,300562,300461,5473
16.368165969848633,17.02,0.42,0.0329626239836216,-1.1709264516830444,-16.28114445,17372,54,0.0005,0.9371095895767212,300631,300530,5474
18.18317413330078,17.04,0.41,0.0316612534224987,-0.09100623428821564,-16.44614239,17376,54,0.0005,2.2669456005096436,300698,300597,5475
15.912261962890625,17.24,0.42,0.031025106087327003,-0.4402353763580322,-16.300077230000003,17380,54,0.0005,0.2893833518028259,300785,300684,5477
14.921330451965332,17.22,0.41,0.030361488461494446,0.24480627477169037,-16.449362429999997,17384,54,0.0005,0.5290771722793579,300845,300744,5478
14.978605270385742,17.15,0.4,0.030991066247224808,0.534089207649231,-16.66873399,17388,54,0.0005,0.19937989115715027,300910,300809,5478
15.66243839263916,17.34,0.43,0.03098168596625328,-0.9011062383651733,-16.1071891,17392,54,0.0005,0.13620051741600037,300996,300895,5480
16.422027587890625,17.49,0.44,0.03056432120501995,0.8519970178604126,-16.03894989,17396,54,0.0005,0.7110713720321655,301080,300979,5481
15.400971412658691,17.44,0.44,0.030707363039255142,-0.7109882235527039,-16.00333766,17400,54,0.0005,2.984940528869629,301134,301033,5482
14.761921882629395,17.33,0.45,0.03015468455851078,0.07010909914970398,-15.8707537,17404,54,0.0005,0.5036472678184509,301195,301094,5483
15.603288650512695,17.06,0.44,0.03000376932322979,-0.1860055923461914,-16.126815880000002,17408,54,0.0005,1.2997307777404785,301250,301149,5484
16.3018798828125,16.76,0.43,0.030236929655075073,0.6922210454940796,-16.452409390000003,17412,54,0.0005,0.33120930194854736,301295,301194,5484
14.866488456726074,16.7,0.41,0.03066604770720005,-0.1806964874267578,-16.94607045,17416,54,0.0005,0.2449580430984497,301362,301261,5485
14.613496780395508,16.73,0.44,0.0314360149204731,0.562213659286499,-16.30290109,17420,54,0.0005,0.43865489959716797,301427,301326,5486
15.678070068359375,16.74,0.43,0.03256132826209068,-0.6082744598388672,-16.43794836,17424,54,0.0005,0.379656583070755,301492,301391,5487
16.119232177734375,16.73,0.41,0.0314406119287014,-0.8745067715644836,-16.788623039999994,17428,54,0.0005,1.0154504776000977,301565,301464,5488
15.68379020690918,16.64,0.4,0.031208224594593048,0.47260165214538574,-17.02351796,17432,54,0.0005,0.28012195229530334,301626,301525,5489
17.055347442626953,16.43,0.4,0.031393859535455704,0.7641137838363647,-17.036631240000002,17436,54,0.0005,0.4756025969982147,301686,301585,5490
16.664037704467773,16.25,0.4,0.03137712553143501,0.21989379823207855,-16.963408079999997,17440,54,0.0005,0.36091411113739014,301737,301636,5491
15.459121704101562,16.27,0.39,0.032006748020648956,0.3310321867465973,-17.270422599999996,17444,54,0.0005,0.6809237003326416,301804,301703,5492
16.170734405517578,16.29,0.39,0.031478650867938995,-0.8815997242927551,-17.25755917,17448,54,0.0005,0.6160596609115601,301867,301766,5493
16.876489639282227,16.54,0.39,0.03166981041431427,1.3968431949615479,-17.159791990000002,17452,54,0.0005,0.7704853415489197,301948,301847,5494
16.600011825561523,16.48,0.4,0.033892467617988586,1.076345682144165,-16.941290669999997,17456,54,0.0005,0.5452992916107178,302019,301918,5495
15.856832504272461,16.6,0.41,0.03490880876779556,1.27494215965271,-16.702790949999997,17460,54,0.0005,0.39823973178863525,302095,301994,5496
15.292047500610352,16.57,0.43,0.035552848130464554,-0.6026344895362854,-16.31724877,17464,54,0.0005,0.46674075722694397,302159,302058,5497
16.21772575378418,16.72,0.44,0.03581542894244194,0.34589847922325134,-16.14333474,17468,54,0.0005,0.6610571146011353,302234,302133,5498
15.739672660827637,16.62,0.42,0.036312445998191833,1.3016377687454224,-16.592899159999998,17472,54,0.0005,0.8043277263641357,302293,302192,5499
16.459339141845703,16.7,0.44,0.03535161912441254,-1.4206316471099854,-16.146299839999998,17476,54,0.0005,0.4172811806201935,302368,302267,5500
16.014802932739258,16.37,0.43,0.03395746648311615,-0.13357126712799072,-16.370204069999996,17480,54,0.0005,0.3004937469959259,302422,302321,5501
16.396562576293945,16.38,0.45,0.03295256942510605,0.22018681466579437,-15.967035489999999,17484,54,0.0005,0.16060274839401245,302483,302382,5502
15.186034202575684,16.43,0.47,0.033034343272447586,0.3620550334453583,-15.581525999999997,17488,54,0.0005,0.30974727869033813,302553,302452,5503
16.912755966186523,16.22,0.46,0.0333387590944767,0.3402059078216553,-15.89666563,17492,54,0.0005,0.9115539789199829,302618,302517,5504
17.003372192382812,15.94,0.47,0.034207627177238464,0.0950070321559906,-15.595892380000002,17496,54,0.0005,0.46898123621940613,302674,302573,5505
17.2902774810791,16.15,0.47,0.0330619141459465,-1.6834514141082764,-15.590862629999998,17500,54,0.0005,0.21745383739471436,302749,302648,5506
15.881500244140625,16.17,0.48,0.03260744363069534,1.2923822402954102,-15.365258259999997,17504,54,0.0005,0.5225610733032227,302812,302711,5507
14.936745643615723,16.24,0.48,0.03357561677694321,0.4894852638244629,-15.330639420000002,17508,54,0.0005,0.24605396389961243,302874,302773,5507
15.21475601196289,16.68,0.5,0.03432588651776314,0.2926299571990967,-14.946538870000001,17512,54,0.0005,0.6528726816177368,302963,302862,5509
15.486634254455566,16.82,0.53,0.03517128527164459,1.1493487358093262,-14.327147880000002,17516,54,0.0005,0.9997106194496155,303044,302943,5510
15.233437538146973,16.69,0.5,0.03585859760642052,0.97556471824646,-15.00248223,17520,54,0.0005,0.9335377216339111,303096,302995,5511
16.125286102294922,16.65,0.48,0.03661193698644638,0.09357215464115143,-15.47537785,17524,54,0.0005,0.6231018304824829,303157,303056,5512
15.03872299194336,16.57,0.47,0.03571544960141182,-0.19728800654411316,-15.736672800000003,17528,55,0.0005,0.24043387174606323,303222,303121,5513
15.183076858520508,16.66,0.47,0.03576166555285454,0.19999399781227112,-15.679561120000002,17532,55,0.0005,1.3596305847167969,303292,303191,5514
15.794856071472168,16.97,0.48,0.03439811244606972,-1.5766894817352295,-15.440760870000004,17536,55,0.0005,0.26275473833084106,303383,303282,5515
15.894392013549805,17.22,0.48,0.03344477340579033,0.826014518737793,-15.33553991,17540,55,0.0005,0.8465728759765625,303459,303358,5516
15.375747680664062,17.29,0.49,0.034399546682834625,0.6797828078269958,-15.074376050000001,17544,55,0.0005,1.4181621074676514,303533,303432,5517
16.765178680419922,17.43,0.5,0.03368929401040077,0.8827290534973145,-15.03089894,17548,55,0.0005,2.280579090118408,303610,303509,5518
16.357501983642578,17.2,0.5,0.03354283422231674,-1.2371478080749512,-15.092779520000004,17552,55,0.0005,2.5236153602600098,303668,303567,5519
18.663854598999023,17.1,0.49,0.03335510566830635,1.5974806547164917,-15.524534350000001,17556,55,0.0005,1.7749749422073364,303729,303628,5520
18.661998748779297,16.85,0.48,0.03504122793674469,1.440119743347168,-15.875601000000001,17560,55,0.0005,1.6478512287139893,303780,303679,5521
18.116680145263672,16.67,0.44,0.035603318363428116,-0.09236565977334976,-16.94362757,17564,55,0.0005,3.5984277725219727,303826,303725,5521
16.195106506347656,16.74,0.43,0.03463074192404747,-0.660580575466156,-17.21729054,17568,55,0.0005,0.30412939190864563,303908,303807,5523
16.895030975341797,17.0,0.46,0.034596312791109085,0.4041444659233093,-16.64194117,17572,55,0.0005,0.6264678239822388,303993,303892,5524
16.368663787841797,16.82,0.45,0.03502412512898445,0.7986357808113098,-16.90217482,17576,55,0.0005,0.3715605139732361,304050,303949,5525
16.172035217285156,16.84,0.46,0.03563803806900978,-0.26281070709228516,-16.685701659999996,17580,55,0.0005,0.17609138786792755,304106,304005,5526
16.48870086669922,16.81,0.43,0.03565485402941704,0.1676304042339325,-17.251296640000003,17584,55,0.0005,0.32074543833732605,304164,304063,5526
17.048362731933594,16.7,0.4,0.03570665419101715,0.05080658197402954,-17.89106661,17588,55,0.0005,0.41159892082214355,304223,304122,5527
16.318470001220703,16.79,0.42,0.036309756338596344,-0.06593336164951324,-17.36810043,17592,55,0.0005,0.3697717487812042,304297,304196,5528
15.07568359375,16.76,0.41,0.036858368664979935,0.5080140829086304,-17.600816690000002,17596,55,0.0005,0.5074903964996338,304350,304249,5529
17.50137710571289,16.71,0.43,0.036059536039829254,-0.7910329699516296,-17.2448008,17600,55,0.0005,0.48137009143829346,304420,304319,5530
17.567127227783203,16.71,0.42,0.03389228135347366,-1.5719575881958008,-17.452303260000004,17604,55,0.0005,0.25549429655075073,304483,304382,5531
16.556007385253906,16.71,0.42,0.0328291691839695,-0.164700448513031,-17.4186789,17608,55,0.0005,0.26011207699775696,304545,304444,5532
15.885918617248535,16.46,0.42,0.0322217233479023,-0.26385578513145447,-17.35925061,17612,55,0.0005,0.20856443047523499,304609,304508,5533
14.65384292602539,16.2,0.41,0.03201384097337723,0.3485454320907593,-17.57352612,17616,55,0.0005,1.3984651565551758,304664,304563,5534
14.870089530944824,16.22,0.43,0.032750654965639114,1.7996503114700317,-17.119863249999998,17620,55,0.0005,1.6648690700531006,304718,304617,5535
16.0657901763916,16.21,0.44,0.033502425998449326,-0.8890746831893921,-16.916881449999998,17624,55,0.0005,0.9523772597312927,304778,304677,5536
17.99486541748047,16.24,0.45,0.032527435570955276,-0.651250958442688,-16.69529404,17628,55,0.0005,0.9461449384689331,304846,304745,5537
16.626379013061523,16.2,0.45,0.032642900943756104,-0.11827999353408813,-16.68606535,17632,55,0.0005,0.9514128565788269,304912,304811,5538
15.496112823486328,15.85,0.42,0.03271346166729927,0.021420061588287354,-17.3345139,17636,55,0.0005,0.5847545266151428,304968,304867,5538
16.32743263244629,15.62,0.43,0.03294886648654938,0.4622410535812378,-17.18165413,17640,55,0.0005,0.6315039992332458,305021,304920,5539
16.897525787353516,15.57,0.43,0.032330404967069626,-1.3896914720535278,-17.230420179999996,17644,55,0.0005,0.18596556782722473,305090,304989,5540
16.345890045166016,15.59,0.43,0.030373934656381607,-0.22592364251613617,-17.030778409999996,17648,55,0.0005,0.3152182400226593,305169,305068,5541
14.450186729431152,15.91,0.44,0.031228244304656982,0.7400814890861511,-16.76947659,17652,55,0.0005,0.9335927963256836,305259,305158,5543
16.263460159301758,16.0,0.44,0.03232849761843681,0.4680582880973816,-16.58866996,17656,55,0.0005,1.9031645059585571,305329,305228,5544
16.934146881103516,16.13,0.43,0.03298748657107353,0.30115771293640137,-16.65708279,17660,55,0.0005,0.4315040111541748,305393,305292,5545
15.672130584716797,16.24,0.43,0.03250772878527641,-1.5264805555343628,-16.40713807,17664,55,0.0005,0.48067182302474976,305450,305349,5545
15.589120864868164,16.2,0.45,0.031556688249111176,0.4662242531776428,-15.891727019999998,17668,55,0.0005,1.499491572380066,305528,305427,5547
17.1080322265625,16.06,0.42,0.031542252749204636,-1.210181474685669,-16.443220779999997,17672,55,0.0005,2.752002477645874,305599,305498,5548
16.784366607666016,16.17,0.41,0.030475039035081863,-0.31853169202804565,-16.643036699999996,17676,55,0.0005,0.330135703086853,305667,305566,5549
16.301023483276367,16.37,0.43,0.0301874577999115,-0.14139440655708313,-16.20426837,17680,55,0.0005,1.6774803400039673,305743,305642,5550
16.964614868164062,16.52,0.45,0.029554693028330803,0.007115311920642853,-15.848769049999998,17684,55,0.0005,0.28456950187683105,305816,305715,5551
16.033140182495117,16.6,0.45,0.02966243028640747,0.5980903506278992,-15.75833355,17688,55,0.0005,1.3049579858779907,305883,305782,5552
16.033031463623047,16.42,0.42,0.030445806682109833,0.27248114347457886,-16.42170908,17692,55,0.0005,0.8693825006484985,305939,305838,5553
16.201187133789062,16.66,0.4,0.030976463109254837,2.05133056640625,-16.970624299999997,17696,55,0.0005,1.946663498878479,306016,305915,5554
14.48031997680664,16.6,0.38,0.032319072633981705,0.6288948059082031,-17.30306891,17700,55,0.0005,1.27315092086792,306080,305979,5555
16.17163848876953,16.62,0.38,0.03269733861088753,-0.1425853967666626,-17.263663870000002,17704,55,0.0005,0.3726593255996704,306145,306044,5556
16.76569366455078,16.8,0.4,0.032513365149497986,-0.04351705312728882,-16.895092499999997,17708,55,0.0005,0.29137665033340454,306225,306124,5557
15.12504768371582,16.74,0.39,0.0326857715845108,0.5688811540603638,-17.04199589,17712,55,0.0005,2.501389741897583,306283,306182,5558
15.718151092529297,17.0,0.4,0.03324003517627716,0.3480674624443054,-16.85755038,17716,55,0.0005,0.8530802726745605,306364,306263,5559
15.490056037902832,17.19,0.38,0.03273098170757294,-0.26825639605522156,-17.28740926,17720,55,0.0005,1.1228314638137817,306437,306336,5560
15.557427406311035,17.17,0.39,0.032960157841444016,0.3205161392688751,-17.056246190000003,17724,55,0.0005,0.5697237849235535,306495,306394,5561
14.600142478942871,16.96,0.38,0.03347359597682953,-1.0584087371826172,-17.33821812,17728,55,0.0005,0.5256665349006653,306542,306441,5562
17.563154220581055,17.1,0.37,0.03279948607087135,-0.0965210497379303,-17.538702230000002,17732,55,0.0005,0.47100433707237244,306622,306521,5563
15.03653621673584,17.12,0.4,0.03289944306015968,-0.8479961156845093,-16.876794089999997,17736,55,0.0005,0.7307560443878174,306680,306579,5564
14.705142974853516,17.23,0.39,0.03358425199985504,1.6065456867218018,-17.10705187,17740,55,0.0005,0.6613134145736694,306744,306643,5565
14.660343170166016,17.08,0.37,0.034701716154813766,-0.20900069177150726,-17.54103496,17744,55,0.0005,0.893739640712738,306798,306697,5565
15.150508880615234,16.91,0.36,0.035168882459402084,0.5087313055992126,-17.789638659999998,17748,55,0.0005,0.9703302383422852,306860,306759,5566
15.787267684936523,16.71,0.35,0.03529227524995804,-0.5786155462265015,-18.035184840000003,17752,55,0.0005,0.8896509408950806,306930,306829,5567
14.652750968933105,16.6,0.35,0.03487618267536163,0.09528064727783203,-18.11732786,17756,55,0.0005,1.1964010000228882,306989,306888,5568
14.238269805908203,16.72,0.36,0.03457972779870033,0.26196664571762085,-17.898200749999997,17760,55,0.0005,0.30923032760620117,307065,306964,5569
14.835908889770508,16.87,0.37,0.03406576067209244,-0.7863195538520813,-17.684038339999997,17764,55,0.0005,0.807701051235199,307137,307036,5570
17.617658615112305,16.7,0.35,0.03352882340550423,-0.2763373851776123,-18.17697118,17768,55,0.0005,0.5989342927932739,307198,307097,5571
16.695751190185547,16.53,0.36,0.033220451325178146,0.07796262204647064,-18.038733219999997,17772,55,0.0005,1.2956757545471191,307252,307151,5572
15.771584510803223,16.66,0.39,0.03278476372361183,-0.2989993095397949,-17.426292659999998,17776,55,0.0005,1.1999711990356445,307333,307232,5573
15.965250968933105,16.65,0.35,0.03306562453508377,0.7739439606666565,-18.11995155,17780,55,0.0005,1.0415117740631104,307408,307307,5574
17.960058212280273,16.64,0.35,0.033389925956726074,-2.061347007751465,-18.074513699999997,17784,55,0.0005,1.0994396209716797,307480,307379,5575
14.927202224731445,16.73,0.35,0.032780855894088745,0.6092973947525024,-18.276518209999995,17788,55,0.0005,0.7035980224609375,307556,307455,5577
15.682323455810547,17.11,0.37,0.032912254333496094,-1.2106726169586182,-17.85728048,17792,55,0.0005,0.4493115544319153,307650,307549,5578
16.521005630493164,17.09,0.37,0.031364478170871735,-1.0310786962509155,-17.65784963,17796,55,0.0005,0.3663817346096039,307725,307624,5579
14.666614532470703,17.1,0.36,0.030382299795746803,-0.12964299321174622,-17.85150453,17800,55,0.0005,1.7605185508728027,307790,307689,5580
15.969330787658691,17.14,0.36,0.030407171696424484,0.2336750477552414,-17.86973658,17804,55,0.0005,0.23532021045684814,307859,307758,5581
15.843231201171875,16.93,0.35,0.030330488458275795,-0.04864788055419922,-18.09664882,17808,55,0.0005,0.3150359094142914,307918,307817,5582
15.335222244262695,16.87,0.35,0.030294200405478477,-0.26466280221939087,-18.154379749999997,17812,55,0.0005,0.515877366065979,307970,307869,5583
15.617973327636719,16.76,0.35,0.030703872442245483,1.0210800170898438,-18.13539721,17816,55,0.0005,0.5574555397033691,308040,307939,5584
15.981924057006836,16.66,0.35,0.031116830185055733,0.23325584828853607,-18.14761132,17820,55,0.0005,0.2738184332847595,308103,308002,5585
14.447078704833984,16.7,0.35,0.031011074781417847,0.15198370814323425,-18.142477059999997,17824,55,0.0005,1.4511895179748535,308165,308064,5585
15.581175804138184,16.95,0.38,0.03157674893736839,0.9164259433746338,-17.46401246,17828,55,0.0005,0.9797576069831848,308237,308136,5587
17.232555389404297,16.92,0.38,0.03194320946931839,-1.0098316669464111,-17.49181042,17832,55,0.0005,1.9528071880340576,308314,308213,5588
16.123249053955078,16.93,0.37,0.030736442655324936,-0.10948796570301056,-17.733083609999998,17836,55,0.0005,1.6248639822006226,308373,308272,5589
15.370368003845215,17.06,0.39,0.030954301357269287,0.3818877339363098,-17.256775700000002,17840,55,0.0005,0.8845051527023315,308450,308349,5590
14.334454536437988,17.21,0.41,0.031821951270103455,0.6826821565628052,-16.76742461,17844,55,0.0005,0.33277183771133423,308519,308418,5591
15.737659454345703,17.4,0.42,0.03265444189310074,0.1516713798046112,-16.51881395,17848,55,0.0005,0.26615166664123535,308600,308499,5592
14.586467742919922,17.34,0.44,0.03249865770339966,-0.4453207552433014,-16.11723671,17852,55,0.0005,0.6020640730857849,308664,308563,5593
14.855241775512695,17.32,0.45,0.03261994943022728,0.15405166149139404,-15.893244490000003,17856,55,0.0005,0.7901932597160339,308721,308620,5594
16.16084861755371,17.39,0.47,0.032932132482528687,-0.7407937049865723,-15.48550108,17860,55,0.0005,0.265022337436676,308804,308703,5595
15.001225471496582,17.33,0.48,0.03189944103360176,0.4831582307815552,-15.36055453,17864,55,0.0005,0.5978444814682007,308870,308769,5596
15.050162315368652,17.42,0.48,0.0320269800722599,0.3911648988723755,-15.246515039999998,17868,55,0.0005,0.38434094190597534,308940,308839,5597
15.217056274414062,17.61,0.5,0.03209083899855614,0.0020001381635665894,-14.808022190000004,17872,55,0.0005,0.12909264862537384,309013,308912,5598
20.627525329589844,17.61,0.46,0.031239476054906845,-0.22965289652347565,-15.71850515,17876,55,0.0005,1.1957783699035645,309094,308993,5599
17.362274169921875,17.41,0.46,0.03095100261271,1.67383873462677,-15.906921930000001,17880,55,0.0005,1.1697548627853394,309149,309048,5600
16.058795928955078,17.56,0.48,0.032931555062532425,0.7691788673400879,-15.595850930000001,17884,55,0.0005,0.592512309551239,309236,309135,5601
15.709163665771484,17.28,0.47,0.03346890211105347,0.009740710258483887,-15.736742120000004,17888,55,0.0005,1.0416337251663208,309284,309183,5602
16.992822647094727,17.07,0.45,0.033028602600097656,-0.9209132194519043,-15.969407150000002,17892,55,0.0005,0.7065995931625366,309357,309256,5603
15.380199432373047,17.01,0.47,0.03280708193778992,0.3953776955604553,-15.59370535,17896,55,0.0005,0.8513869047164917,309426,309325,5604
15.458059310913086,17.04,0.49,0.032543838024139404,-0.35479307174682617,-15.270142170000002,17900,55,0.0005,0.7419478893280029,309494,309393,5605
14.968504905700684,16.94,0.47,0.03252657875418663,0.19356761872768402,-15.730076810000003,17904,55,0.0005,0.6742558479309082,309553,309452,5606
16.45779037475586,16.96,0.46,0.032012175768613815,-0.11352454125881195,-15.96314952,17908,55,0.0005,0.9968698024749756,309614,309513,5607
15.309830665588379,17.19,0.48,0.031134046614170074,-0.1408187299966812,-15.468184619999999,17912,55,0.0005,0.20389674603939056,309689,309588,5608
14.736509323120117,17.08,0.47,0.03134563937783241,-0.11741983890533447,-15.653888770000002,17916,55,0.0005,0.2760509252548218,309748,309647,5609
15.559320449829102,17.04,0.48,0.03159144148230553,0.4478340744972229,-15.416611860000003,17920,55,0.0005,0.2517605125904083,309807,309706,5610
15.864068984985352,17.23,0.47,0.031021665781736374,0.13401930034160614,-15.647736290000001,17924,55,0.0005,0.4983290433883667,309888,309787,5611
16.491580963134766,16.97,0.43,0.031344085931777954,-0.20624993741512299,-16.54565191,17928,55,0.0005,0.3722603917121887,309934,309833,5612
15.956756591796875,16.84,0.42,0.030701469630002975,0.09887050837278366,-16.81384971,17932,55,0.0005,1.113600730895996,309998,309897,5612
14.903179168701172,16.73,0.4,0.030914681032299995,0.9167652130126953,-17.246186679999997,17936,55,0.0005,0.40619415044784546,310046,309945,5627
14.38996696472168,16.59,0.41,0.032220616936683655,0.41344159841537476,-17.04158494,17940,55,0.0005,0.3497140407562256,310109,310008,5628
15.773305892944336,16.65,0.41,0.033419009298086166,-0.3574971556663513,-16.98570415,17944,55,0.0005,0.47803446650505066,310184,310083,5629
15.260525703430176,16.39,0.42,0.03308301791548729,0.013327673077583313,-16.819046489999998,17948,55,0.0005,0.392946720123291,310239,310138,5630
14.826841354370117,16.44,0.42,0.0338108129799366,1.2778764963150024,-16.76546337,17952,55,0.0005,0.3824220895767212,310308,310207,5631
14.358110427856445,16.64,0.43,0.03496946394443512,0.16890646517276764,-16.51113521,17956,55,0.0005,0.45543166995048523,310385,310284,5632
15.704702377319336,16.49,0.42,0.035081975162029266,-0.16329361498355865,-16.72235368,17960,55,0.0005,0.8212904930114746,310453,310352,5633
15.442614555358887,16.56,0.43,0.034033264964818954,0.25673171877861023,-16.5111476,17964,55,0.0005,1.0099029541015625,310526,310425,5634
16.20948028564453,16.46,0.44,0.0338597409427166,-0.0056743621826171875,-16.3808334,17968,55,0.0005,1.3311007022857666,310586,310485,5635
16.61913299560547,16.38,0.41,0.03341863676905632,0.551037073135376,-17.02382841,17972,55,0.0005,1.7092995643615723,310651,310550,5636
15.022302627563477,16.17,0.41,0.03423195704817772,0.305747926235199,-16.922130759999998,17976,55,0.0005,0.2511378228664398,310711,310610,5637
15.446017265319824,16.17,0.42,0.035367317497730255,1.0478731393814087,-16.685863480000002,17980,55,0.0005,0.22102442383766174,310766,310665,5638
14.95928955078125,15.94,0.39,0.03575215861201286,-0.35190099477767944,-17.27400185,17984,55,0.0005,0.36691156029701233,310830,310729,5639
14.792847633361816,16.12,0.39,0.03489137068390846,-0.13843822479248047,-17.16399709,17988,55,0.0005,0.47259819507598877,310896,310795,5640
15.03636360168457,16.02,0.41,0.033878225833177567,-0.6819833517074585,-16.889261500000003,17992,55,0.0005,0.3916023075580597,310959,310858,5641
14.944646835327148,15.96,0.41,0.033261608332395554,-0.258357971906662,-16.90604051,17996,55,0.0005,1.5253803730010986,311022,310921,5641
16.084501266479492,15.85,0.39,0.033391308039426804,-0.045428566634655,-17.2384819,18000,55,0.0005,0.28701430559158325,311079,310978,5642
16.064239501953125,15.8,0.4,0.0326310396194458,-0.5503294467926025,-17.023675739999998,18004,55,0.0005,0.8466639518737793,311133,311032,5643
16.739845275878906,15.85,0.41,0.03212821111083031,-0.4755063056945801,-16.805756,18008,55,0.0005,0.9992149472236633,311199,311098,5644
18.746932983398438,15.76,0.4,0.03178872913122177,-1.1192504167556763,-17.03443563,18012,55,0.0005,1.1107323169708252,311265,311164,5645
16.499576568603516,15.76,0.4,0.03157179802656174,0.4178752899169922,-17.06583274,18016,55,0.0005,1.329392671585083,311324,311223,5646
16.285127639770508,15.76,0.38,0.03328603133559227,2.09352707862854,-17.510657860000002,18020,55,0.0005,0.47257840633392334,311383,311282,5647
14.001623153686523,15.64,0.39,0.035302817821502686,1.107733964920044,-17.340072690000003,18024,55,0.0005,0.7642619609832764,311452,311351,5648
16.220958709716797,15.73,0.39,0.03609174117445946,-0.8286241888999939,-17.27898836,18028,55,0.0005,0.23559699952602386,311507,311406,5649
16.186176300048828,15.75,0.42,0.03466198965907097,-0.35817745327949524,-16.61220644,18032,55,0.0005,0.9300771951675415,311573,311472,5650
16.54377555847168,15.76,0.43,0.034205809235572815,-0.4410362243652344,-16.39837117,18036,55,0.0005,0.3300742208957672,311622,311521,5650
14.977906227111816,15.75,0.42,0.033860839903354645,-0.1430763453245163,-16.62756844,18040,55,0.0005,0.4231836199760437,311684,311583,5651
15.666234970092773,15.73,0.41,0.034774016588926315,0.24258369207382202,-16.932614570000002,18044,55,0.0005,0.65034019947052,311757,311656,5652
15.486665725708008,15.87,0.4,0.03461585193872452,0.4239647388458252,-17.20952767,18048,55,0.0005,0.12220564484596252,311826,311725,5653
15.988823890686035,15.77,0.38,0.03462279960513115,0.08679760247468948,-17.656833170000006,18052,55,0.0005,0.6495365500450134,311885,311784,5654
16.04511833190918,15.85,0.36,0.03553595021367073,0.31184685230255127,-18.146776230000004,18056,55,0.0005,0.43690645694732666,311970,311869,5655
15.353551864624023,15.72,0.35,0.03523179516196251,-0.20475438237190247,-18.42812017,18060,55,0.0005,0.810583770275116,312025,311924,5656
17.029808044433594,15.68,0.34,0.03498592600226402,0.7524256110191345,-18.558560030000002,18064,55,0.0005,0.6390009522438049,312094,311993,5657
17.066146850585938,15.79,0.34,0.03428136929869652,-0.07766655087471008,-18.557215819999996,18068,55,0.0005,0.9411769509315491,312165,312064,5658
16.595069885253906,15.96,0.35,0.03357025980949402,-0.9238516092300415,-18.254078319999998,18072,55,0.0005,0.5940184593200684,312247,312146,5660
14.727240562438965,15.97,0.36,0.03360991179943085,0.8610527515411377,-17.976104,18076,55,0.0005,1.134537935256958,312308,312207,5660
15.856660842895508,16.14,0.37,0.03481147065758705,0.5628360509872437,-17.766727609999997,18080,55,0.0005,1.1809474229812622,312380,312279,5662
15.139039993286133,16.15,0.38,0.03489593788981438,-0.665686309337616,-17.53578833,18084,55,0.0005,0.41789573431015015,312445,312344,5662
14.839448928833008,16.16,0.4,0.03503434732556343,0.145574688911438,-17.15792798,18088,55,0.0005,0.22081466019153595,312512,312411,5663
14.70361328125,16.13,0.39,0.03528901934623718,0.5692546367645264,-17.363767479999996,18092,55,0.0005,1.4209840297698975,312572,312471,5664
15.738362312316895,16.24,0.4,0.03531437739729881,-0.8861475586891174,-17.18487661,18096,55,0.0005,0.37466490268707275,312646,312545,5665
15.058862686157227,16.26,0.41,0.034505292773246765,-0.13265693187713623,-17.06247079,18100,55,0.0005,1.2855075597763062,312705,312604,5666
15.804267883300781,16.25,0.41,0.03428508713841438,-0.2770898640155792,-17.0108742,18104,55,0.0005,0.3920760750770569,312758,312657,5667
15.480265617370605,16.43,0.42,0.033788587898015976,0.3207748830318451,-16.784539900000002,18108,55,0.0005,0.4450802803039551,312842,312741,5668
15.791358947753906,16.47,0.41,0.03391869366168976,-0.0496862530708313,-17.00683545,18112,55,0.0005,0.6101390719413757,312912,312811,5669
13.92254638671875,16.46,0.41,0.034634821116924286,0.7913042306900024,-17.00347078,18116,55,0.0005,0.3372878134250641,312970,312869,5670
18.240570068359375,16.4,0.41,0.03654569014906883,0.4401184320449829,-17.02829376,18120,55,0.0005,0.8467945456504822,313023,312922,5671
16.16546630859375,16.34,0.41,0.036555215716362,0.12952229380607605,-17.04509938,18124,55,0.0005,0.22232592105865479,313086,312985,5672
16.153671264648438,16.6,0.45,0.03705018758773804,0.7188404202461243,-16.23087848,18128,55,0.0005,0.5082145929336548,313167,313066,5673
14.966355323791504,16.75,0.44,0.037162747234106064,0.22674190998077393,-16.41206007,18132,55,0.0005,0.604769229888916,313248,313147,5674
16.55134391784668,16.82,0.45,0.037436343729496,0.10861936211585999,-16.1909851,18136,55,0.0005,1.0401930809020996,313304,313203,5675
15.404895782470703,16.89,0.45,0.03649235516786575,-0.3742280602455139,-16.215377349999997,18140,55,0.0005,0.6623308658599854,313373,313272,5676
15.776394844055176,16.8,0.45,0.035416774451732635,-0.9648385643959045,-16.233960900000003,18144,55,0.0005,0.5922116637229919,313437,313336,5677
14.89546012878418,16.89,0.46,0.034166015684604645,0.7036798596382141,-15.963141700000005,18148,55,0.0005,0.5077641010284424,313515,313414,5678
16.018218994140625,16.81,0.46,0.03407742455601692,-0.11483209580183029,-16.01304086,18152,55,0.0005,4.2767791748046875,313566,313465,5679
16.490856170654297,16.66,0.46,0.032160792499780655,-1.1964499950408936,-15.90169402,18156,55,0.0005,0.7796542644500732,313636,313535,5680
15.896960258483887,16.81,0.47,0.031719040125608444,1.1776093244552612,-15.60612446,18160,55,0.0005,1.5423190593719482,313706,313605,5681
15.93130874633789,16.88,0.48,0.031977154314517975,0.2206246256828308,-15.458600550000002,18164,55,0.0005,0.9555371403694153,313782,313681,5682
16.26418113708496,16.65,0.46,0.032118916511535645,0.03092063218355179,-15.854913730000003,18168,55,0.0005,0.7849582433700562,313830,313729,5683
15.309998512268066,16.4,0.47,0.032152604311704636,-0.977580189704895,-15.71497777,18172,55,0.0005,0.7814468145370483,313887,313786,5684
13.752978324890137,16.37,0.47,0.032266389578580856,0.7229360938072205,-15.757265839999997,18176,55,0.0005,0.4426390826702118,313945,313844,5685
14.66384506225586,16.25,0.47,0.033043764531612396,1.138608694076538,-15.71943219,18180,55,0.0005,0.8365068435668945,314005,313904,5685
15.140010833740234,16.34,0.47,0.03353489190340042,0.7649176716804504,-15.734404080000001,18184,55,0.0005,0.9134992361068726,314079,313978,5687
15.985227584838867,16.34,0.47,0.03401247411966324,0.7150949835777283,-15.71371275,18188,55,0.0005,0.38200876116752625,314146,314045,5688
16.132583618164062,16.42,0.47,0.03417036682367325,-0.39810508489608765,-15.714012190000004,18192,55,0.0005,0.3408065140247345,314214,314113,5689
15.706818580627441,16.33,0.47,0.03417260944843292,0.8276665210723877,-15.694416499999999,18196,55,0.0005,1.3025190830230713,314279,314178,5690
15.040803909301758,16.29,0.48,0.03444432467222214,0.027402475476264954,-15.478785310000001,18200,55,0.0005,1.0940887928009033,314334,314233,5690
15.160219192504883,16.37,0.5,0.03513018786907196,0.969944953918457,-15.076083369999997,18204,55,0.0005,1.4065806865692139,314395,314294,5691
17.12613296508789,16.33,0.49,0.035803478211164474,-0.07806482911109924,-15.2157625,18208,55,0.0005,1.3888028860092163,314475,314374,5692
17.234445571899414,16.28,0.51,0.03601142391562462,-0.04791926592588425,-14.829456109999999,18212,55,0.0005,0.3744924068450928,314540,314439,5693
14.217267036437988,16.42,0.51,0.03496260195970535,0.1847151815891266,-14.80785173,18216,55,0.0005,0.9871208667755127,314612,314511,5694
14.443107604980469,16.55,0.52,0.034793026745319366,0.6206727623939514,-14.588798259999999,18220,55,0.0005,1.1851147413253784,314678,314577,5695
15.966666221618652,16.68,0.54,0.03458542376756668,-0.02638588845729828,-14.1380477,18224,55,0.0005,0.8243040442466736,314754,314653,5697
15.563019752502441,16.52,0.52,0.03498498350381851,-0.50345778465271,-14.517745040000001,18228,55,0.0005,0.1849871277809143,314819,314718,5697
14.812350273132324,16.39,0.51,0.03485165536403656,-0.5076317191123962,-14.739678440000002,18232,55,0.0005,0.43372803926467896,314887,314786,5698
15.886384963989258,16.46,0.51,0.034715667366981506,0.49465590715408325,-14.754334069999997,18236,55,0.0005,1.2615602016448975,314950,314849,5699
15.194260597229004,16.49,0.5,0.035065870732069016,0.08645695447921753,-14.884607969999998,18240,55,0.0005,0.1798602044582367,315022,314921,5700
15.22529411315918,16.69,0.53,0.03429245576262474,-1.1831856966018677,-14.24181223,18244,55,0.0005,0.21077951788902283,315106,315005,5702
16.154403686523438,16.65,0.54,0.032474301755428314,-0.7183012366294861,-14.04328201,18248,55,0.0005,0.500247597694397,315180,315079,5703
15.129111289978027,16.86,0.55,0.03157307580113411,0.9387011528015137,-13.806536799999998,18252,55,0.0005,0.8951196670532227,315252,315151,5704
14.932458877563477,16.84,0.56,0.032179560512304306,0.08934441208839417,-13.636565670000003,18256,55,0.0005,0.3087201714515686,315320,315219,5705
16.15674591064453,16.81,0.56,0.031383637338876724,-0.8820440173149109,-13.694205890000001,18260,55,0.0005,0.3003185987472534,315387,315286,5706
14.703012466430664,16.6,0.55,0.03069707192480564,0.5530030727386475,-13.90387913,18264,55,0.0005,0.7705092430114746,315442,315341,5707
16.83678436279297,16.85,0.57,0.03143169730901718,0.02928873896598816,-13.47893787,18268,55,0.0005,0.19736003875732422,315515,315414,5708
14.7489595413208,17.02,0.55,0.031519293785095215,0.5414083003997803,-13.88639031,18272,55,0.0005,0.6733412742614746,315589,315488,5709
16.304882049560547,17.22,0.55,0.03149932622909546,-0.2814725935459137,-13.909687810000001,18276,55,0.0005,0.5213472247123718,315667,315566,5710
15.928653717041016,17.34,0.56,0.03168147802352905,0.5501847267150879,-13.713464439999997,18280,55,0.0005,0.24242854118347168,315739,315638,5711
15.635396957397461,17.24,0.58,0.0319211408495903,-0.6898967027664185,-13.280010949999998,18284,55,0.0005,0.4874785542488098,315803,315702,5712
14.659173965454102,17.23,0.58,0.031459540128707886,-0.06219996511936188,-13.282326169999997,18288,55,0.0005,0.46927255392074585,315869,315768,5713
14.829131126403809,17.16,0.59,0.0317545048892498,-0.8660767078399658,-13.062266089999998,18292,55,0.0005,1.1544334888458252,315930,315829,5714
14.761022567749023,17.21,0.58,0.031059328466653824,-0.902506947517395,-13.285448849999998,18296,55,0.0005,0.5286720991134644,316000,315899,5715
15.454720497131348,17.51,0.59,0.029269885271787643,-1.1508862972259521,-13.057466989999998,18300,55,0.0005,1.272648811340332,316085,315984,5716
15.8958101272583,17.68,0.58,0.029371948912739754,0.8068705201148987,-13.270336259999999,18304,55,0.0005,0.4192337393760681,316163,316062,5717
14.254891395568848,17.53,0.57,0.03025837615132332,0.33002156019210815,-13.477311199999997,18308,55,0.0005,0.8982452154159546,316228,316127,5718
17.046356201171875,17.43,0.56,0.03103017993271351,0.5017716884613037,-13.675169069999997,18312,55,0.0005,1.2544770240783691,316283,316182,5719
15.251440048217773,17.42,0.57,0.030763717368245125,-0.4202612042427063,-13.479998700000001,18316,55,0.0005,1.3979530334472656,316354,316253,5720
16.08176040649414,17.33,0.58,0.03156425431370735,0.4930484890937805,-13.23886703,18320,55,0.0005,0.3973349630832672,316411,316310,5721
14.970216751098633,17.3,0.56,0.032112374901771545,-0.21822455525398254,-13.55538561,18324,55,0.0005,0.4810267686843872,316484,316383,5722
14.257165908813477,17.26,0.56,0.03286249190568924,-0.08372411131858826,-13.56006816,18328,55,0.0005,0.49035584926605225,316545,316444,5723
17.218425750732422,17.39,0.56,0.03321132808923721,-0.7456415295600891,-13.54257573,18332,55,0.0005,1.3650479316711426,316626,316525,5724
14.979928016662598,17.24,0.55,0.03274014964699745,-0.5536818504333496,-13.75706255,18336,55,0.0005,0.21868756413459778,316674,316573,5725
14.851404190063477,17.1,0.56,0.03222846984863281,-0.6723647117614746,-13.59762798,18340,55,0.0005,0.5302523970603943,316732,316631,5726
15.143213272094727,16.89,0.53,0.032201625406742096,0.15562471747398376,-14.126663200000001,18344,55,0.0005,0.27498793601989746,316795,316694,5727
14.070015907287598,16.79,0.51,0.03265736997127533,1.1163691282272339,-14.51205846,18348,55,0.0005,1.570348858833313,316859,316758,5728
15.23590087890625,16.67,0.5,0.033960986882448196,1.1089482307434082,-14.69797192,18352,55,0.0005,0.6054229736328125,316919,316818,5728
16.368751525878906,16.74,0.5,0.03424815088510513,-1.2938543558120728,-14.724388000000001,18356,55,0.0005,0.8046237230300903,316994,316893,5730
16.088138580322266,16.67,0.48,0.033898770809173584,0.9461780786514282,-15.07965054,18360,55,0.0005,1.718158483505249,317054,316953,5730
15.863165855407715,16.81,0.46,0.03444637730717659,-0.7002116441726685,-15.433129720000002,18364,55,0.0005,1.9543037414550781,317123,317022,5731
16.55229949951172,16.84,0.47,0.034096378833055496,0.24485518038272858,-15.205267350000002,18368,55,0.0005,1.832743525505066,317199,317098,5733
14.697402954101562,16.84,0.47,0.03447344899177551,2.029541254043579,-15.12941552,18372,55,0.0005,0.4972764253616333,317273,317172,5734
16.243507385253906,16.62,0.47,0.03597632795572281,0.42551541328430176,-15.14179479,18376,55,0.0005,2.1431844234466553,317329,317228,5735
15.53495979309082,16.53,0.46,0.036473263055086136,0.379940927028656,-15.312344879999998,18380,55,0.0005,0.2010561227798462,317392,317291,5735
16.126441955566406,16.45,0.42,0.03674182668328285,0.31542813777923584,-16.16710536,18384,55,0.0005,1.2085171937942505,317448,317347,5736
15.605928421020508,16.35,0.41,0.03739124909043312,-0.1030002236366272,-16.4089103,18388,55,0.0005,0.30713558197021484,317504,317403,5737
16.03097152709961,16.34,0.39,0.03740442171692848,0.09303955733776093,-16.75852134,18392,55,0.0005,0.3853492736816406,317564,317463,5738
14.737007141113281,16.22,0.38,0.037326470017433167,-0.09049111604690552,-16.935608600000002,18396,55,0.0005,1.491931676864624,317622,317521,5739
13.529340744018555,15.97,0.38,0.03718910366296768,-0.32142022252082825,-16.92709817,18400,55,0.0005,1.4716460704803467,317682,317581,5740
15.080436706542969,15.82,0.38,0.037565313279628754,-0.1830395609140396,-16.958011439999996,18404,55,0.0005,0.5249475240707397,317745,317644,5741
15.3125638961792,15.88,0.39,0.03684326633810997,-0.8185677528381348,-16.79061387,18408,55,0.0005,0.3290001153945923,317816,317715,5742
16.156593322753906,15.84,0.39,0.03666166588664055,1.082211971282959,-16.79896979,18412,55,0.0005,0.8356165885925293,317867,317766,5742
15.054471015930176,15.69,0.38,0.03747349977493286,-0.08067335188388824,-16.983593850000002,18416,55,0.0005,0.726044237613678,317923,317822,5743
15.268932342529297,15.76,0.38,0.037520021200180054,0.08802232146263123,-17.025830940000002,18420,55,0.0005,0.40553221106529236,317987,317886,5744
15.919618606567383,15.72,0.39,0.03695031628012657,-0.7002824544906616,-16.85227789,18424,55,0.0005,0.5338797569274902,318056,317955,5745
16.48682403564453,15.7,0.4,0.03557421639561653,-0.8943594694137573,-16.65685447,18428,55,0.0005,0.2850586771965027,318115,318014,5746
13.969155311584473,15.72,0.43,0.035356324166059494,0.20903944969177246,-16.0803298,18432,55,0.0005,0.7790789604187012,318198,318097,5747
14.869267463684082,15.86,0.44,0.035404082387685776,-0.3506329357624054,-15.77342353,18436,55,0.0005,0.4861602187156677,318260,318159,5748
14.828668594360352,15.94,0.42,0.035115137696266174,-0.16426357626914978,-16.2364484,18440,55,0.0005,2.101315975189209,318326,318225,5749
15.449178695678711,16.07,0.45,0.03592449799180031,-0.03900894522666931,-15.692150660000003,18444,55,0.0005,0.9127624034881592,318402,318301,5750
15.206743240356445,16.06,0.45,0.03627922758460045,0.5338234901428223,-15.688524369999998,18448,55,0.0005,1.9231244325637817,318465,318364,5751
17.18250274658203,16.16,0.47,0.035952311009168625,-1.0344407558441162,-15.299724500000002,18452,55,0.0005,1.3233716487884521,318535,318434,5752
15.891144752502441,16.34,0.47,0.0344645231962204,-0.5067170262336731,-15.35359597,18456,55,0.0005,0.37200966477394104,318628,318527,5754
14.446382522583008,16.34,0.47,0.03415878489613533,-0.5731874704360962,-15.39037462,18460,55,0.0005,0.6341139078140259,318688,318587,5755
15.685895919799805,16.34,0.49,0.034493524581193924,-0.25172972679138184,-15.00644638,18464,55,0.0005,0.6011155247688293,318757,318656,5756
14.790472030639648,16.27,0.47,0.03474090248346329,-0.25596487522125244,-15.421835060000001,18468,55,0.0005,0.2242511361837387,318826,318725,5757
15.108811378479004,16.18,0.48,0.035161927342414856,-0.143008291721344,-15.26464021,18472,55,0.0005,0.2590405344963074,318891,318790,5758
13.741483688354492,16.37,0.48,0.03539964556694031,0.6767441630363464,-15.248122440000001,18476,55,0.0005,1.3033713102340698,318966,318865,5759
14.991277694702148,16.44,0.49,0.03599859029054642,-0.13625118136405945,-15.100614080000003,18480,55,0.0005,0.23484976589679718,319036,318935,5760
15.27978801727295,16.61,0.49,0.03629821166396141,0.3132513165473938,-15.022400550000002,18484,55,0.0005,1.1628313064575195,319109,319008,5761
16.16851043701172,16.57,0.49,0.03726482018828392,0.14928385615348816,-15.056700939999999,18488,55,0.0005,1.1517900228500366,319161,319060,5762
14.602731704711914,16.61,0.49,0.0371495820581913,-0.9870374202728271,-15.155210449999997,18492,55,0.0005,0.5102210640907288,319225,319124,5762
15.195457458496094,16.79,0.5,0.03558443859219551,-0.21763423085212708,-14.921143269999998,18496,55,0.0005,1.4342494010925293,319301,319200,5764
14.902996063232422,16.87,0.49,0.035647597163915634,0.360222727060318,-15.16929803,18500,55,0.0005,1.2835136651992798,319369,319268,5765
16.25211524963379,16.93,0.49,0.0350009948015213,-0.7527914643287659,-15.11913182,18504,55,0.0005,1.0462899208068848,319438,319337,5766
15.058775901794434,16.95,0.48,0.03377372398972511,-1.5725401639938354,-15.313610340000002,18508,55,0.0005,0.5774922370910645,319511,319410,5767
14.597138404846191,17.08,0.48,0.032348986715078354,-1.1773524284362793,-15.281515200000001,18512,55,0.0005,0.7835363745689392,319575,319474,5768
14.75201416015625,17.09,0.47,0.03166995942592621,-0.87060546875,-15.553073700000002,18516,55,0.0005,0.7686078548431396,319632,319531,5768
14.780352592468262,17.02,0.45,0.031527191400527954,0.6985982060432434,-15.922394059999998,18520,55,0.0005,0.4962432086467743,319689,319588,5769
13.515205383300781,16.97,0.43,0.031860098242759705,0.2754131853580475,-16.389676630000004,18524,55,0.0005,0.848994255065918,319753,319652,5770
15.42257022857666,17.16,0.43,0.03225022181868553,0.8999923467636108,-16.366447479999998,18528,55,0.0005,1.6102715730667114,319831,319730,5771
15.963632583618164,17.05,0.43,0.032892417162656784,0.05151096731424332,-16.33202764,18532,55,0.0005,0.9390823245048523,319903,319802,5772
15.683027267456055,16.98,0.44,0.033139050006866455,1.3443748950958252,-16.1821148,18536,55,0.0005,0.506352424621582,319958,319857,5773
14.674619674682617,17.11,0.45,0.034558191895484924,1.0875214338302612,-15.952393890000002,18540,55,0.0005,0.8744902610778809,320037,319936,5788
16.290119171142578,17.3,0.43,0.03325603902339935,-1.3829631805419922,-16.38808904,18544,55,0.0005,0.2627546787261963,320132,320031,5790
15.255769729614258,17.42,0.42,0.03128175437450409,-0.6152524352073669,-16.573841289999997,18548,55,0.0005,0.377738893032074,320207,320106,5791
14.283425331115723,17.39,0.4,0.03059014305472374,0.09669235348701477,-16.92989824,18552,55,0.0005,1.6517345905303955,320274,320173,5792
14.35034465789795,17.08,0.39,0.030349265784025192,-0.36357179284095764,-17.08663966,18556,55,0.0005,0.7324416637420654,320336,320235,5793
14.682597160339355,17.1,0.41,0.03016762249171734,0.14378482103347778,-16.644073589999998,18560,55,0.0005,0.35507911443710327,320398,320297,5794
14.075199127197266,17.03,0.42,0.03103160671889782,0.7857032418251038,-16.44112904,18564,55,0.0005,0.2975945472717285,320460,320359,5795
13.673866271972656,17.04,0.42,0.03130250424146652,-0.2526164948940277,-16.4675162,18568,55,0.0005,0.5131940841674805,320530,320429,5796
14.316919326782227,17.09,0.42,0.03042033314704895,0.32787948846817017,-16.428994230000004,18572,55,0.0005,0.8065425753593445,320600,320499,5797
14.520746231079102,16.97,0.43,0.0301523320376873,0.873451292514801,-16.19902655,18576,55,0.0005,0.5227780342102051,320663,320562,5797
14.109326362609863,17.1,0.42,0.030588947236537933,0.5860986709594727,-16.327296219999997,18580,55,0.0005,0.6095834970474243,320746,320645,5799
14.474063873291016,17.03,0.44,0.030569598078727722,-0.5017043352127075,-16.07690429,18584,55,0.0005,3.462280511856079,320812,320711,5800
16.264610290527344,17.18,0.43,0.03076213225722313,-0.3032854199409485,-16.23276843,18588,55,0.0005,0.37132805585861206,320879,320778,5800
14.330638885498047,17.19,0.45,0.03038734197616577,-0.6627874374389648,-15.731397620000001,18592,55,0.0005,1.6823146343231201,320944,320843,5801
14.176361083984375,17.27,0.45,0.03024020977318287,0.355253130197525,-15.73051821,18596,55,0.0005,2.187227249145508,321028,320927,5802
15.607518196105957,17.17,0.44,0.030517447739839554,-0.574209451675415,-15.920979050000003,18600,55,0.0005,0.5988163948059082,321086,320985,5803
14.814765930175781,17.13,0.44,0.030271435156464577,0.07828408479690552,-15.939184950000001,18604,55,0.0005,1.1595635414123535,321151,321050,5804
13.982120513916016,17.08,0.46,0.03151647001504898,0.4630863070487976,-15.5606788,18608,55,0.0005,1.8077936172485352,321219,321118,5805
14.271463394165039,17.26,0.47,0.030898114666342735,-0.6813820600509644,-15.3575786,18612,55,0.0005,0.7010883688926697,321301,321200,5806
15.874256134033203,17.44,0.48,0.030455419793725014,-0.10737305879592896,-15.145742429999999,18616,55,0.0005,0.2083277404308319,321376,321275,5807
15.275314331054688,17.58,0.5,0.02951478213071823,-0.45153117179870605,-14.760815580000001,18620,55,0.0005,0.9283700585365295,321447,321346,5808
13.920248031616211,17.6,0.49,0.029556799679994583,0.059560537338256836,-14.924052029999999,18624,55,0.0005,0.5938432216644287,321513,321412,5809
14.840929985046387,17.47,0.49,0.029157942160964012,-0.11783363670110703,-14.9838892,18628,55,0.0005,0.24611414968967438,321578,321477,5810
14.877313613891602,17.41,0.46,0.029428360983729362,-0.07923531532287598,-15.531901389999998,18632,55,0.0005,1.7634153366088867,321644,321543,5811
14.41087532043457,17.58,0.44,0.030738919973373413,0.7378939390182495,-15.885563700000002,18636,55,0.0005,0.37549859285354614,321716,321615,5812
16.392452239990234,17.75,0.44,0.029544906690716743,0.21152447164058685,-15.87310468,18640,55,0.0005,0.3942968249320984,321812,321711,5813
15.177942276000977,17.55,0.44,0.0302413459867239,1.3403129577636719,-15.799844519999999,18644,55,0.0005,1.379166603088379,321887,321786,5814
15.92286205291748,17.41,0.44,0.03110605850815773,-0.863426685333252,-15.844713000000002,18648,55,0.0005,1.6538035869598389,321948,321847,5815
16.4735107421875,17.42,0.45,0.02968720719218254,-1.4212225675582886,-15.662096790000003,18652,55,0.0005,1.855021357536316,322016,321915,5816
15.73504638671875,17.57,0.46,0.0289418026804924,0.25769078731536865,-15.365875690000001,18656,55,0.0005,0.7497413158416748,322093,321992,5817
14.606891632080078,17.86,0.47,0.029178442433476448,2.409910202026367,-15.209666470000002,18660,55,0.0005,1.6656091213226318,322184,322083,5819
14.454529762268066,17.84,0.45,0.03081163577735424,0.4895603060722351,-15.62372696,18664,55,0.0005,0.33721137046813965,322244,322143,5819
14.790986061096191,18.01,0.48,0.03194515034556389,-0.35322314500808716,-15.042723409999999,18668,55,0.0005,0.6002092361450195,322331,322230,5821
13.45329475402832,18.02,0.49,0.03207741305232048,0.8354656100273132,-14.867673590000003,18672,55,0.0005,0.554437518119812,322402,322301,5822
15.855422973632812,18.07,0.5,0.03274107724428177,0.9877728223800659,-14.70952386,18676,55,0.0005,0.5479008555412292,322470,322369,5822
14.126943588256836,17.91,0.51,0.03309151157736778,-0.03408539295196533,-14.49701836,18680,55,0.0005,0.8764605522155762,322537,322436,5823
13.66220474243164,17.96,0.51,0.033080726861953735,-0.1967974454164505,-14.394062680000001,18684,55,0.0005,2.2675366401672363,322608,322507,5824
16.1640625,18.02,0.53,0.03255820646882057,0.010916702449321747,-14.102289350000001,18688,55,0.0005,1.466954231262207,322681,322580,5825
17.237031936645508,18.04,0.53,0.03259744867682457,-1.080268144607544,-14.10328564,18692,55,0.0005,1.546410322189331,322748,322647,5826
14.154396057128906,18.08,0.54,0.033045295625925064,0.28577446937561035,-13.996473129999996,18696,55,0.0005,2.0491063594818115,322836,322735,5828
14.048766136169434,18.28,0.54,0.03279503062367439,-0.08929651975631714,-14.072462989999998,18700,55,0.0005,1.273452877998352,322914,322813,5829
16.787235260009766,18.38,0.54,0.03327927738428116,-0.5388270616531372,-14.176466460000002,18704,55,0.0005,1.0330123901367188,322989,322888,5830
14.47641372680664,18.48,0.53,0.03139624744653702,-2.1830673217773438,-14.305716850000001,18708,55,0.0005,0.6019631028175354,323067,322966,5831
16.031187057495117,18.39,0.52,0.0306248776614666,0.3092091679573059,-14.59204215,18712,55,0.0005,0.4142577648162842,323140,323039,5832
15.17617130279541,18.34,0.52,0.029490148648619652,-0.771079421043396,-14.522864640000002,18716,55,0.0005,0.9825044274330139,323210,323109,5833
15.490577697753906,18.35,0.52,0.02842717245221138,-0.13182634115219116,-14.46623078,18720,55,0.0005,0.7489484548568726,323282,323181,5834
14.94296932220459,18.33,0.55,0.028418662026524544,-0.08351898193359375,-13.865975580000002,18724,55,0.0005,0.6350924372673035,323346,323245,5835
15.83961296081543,18.3,0.54,0.028663022443652153,0.017838284373283386,-13.987202980000001,18728,55,0.0005,1.1207525730133057,323408,323307,5836
14.74331283569336,18.18,0.54,0.029175061732530594,1.0873873233795166,-14.11907816,18732,55,0.0005,0.3018803894519806,323462,323361,5837
15.06697940826416,18.07,0.54,0.02973504364490509,-0.028550226241350174,-14.107986720000001,18736,55,0.0005,0.38057488203048706,323523,323422,5838
13.835430145263672,17.9,0.54,0.02965567633509636,-0.4850881099700928,-14.09711593,18740,55,0.0005,0.5147557258605957,323602,323501,5839
13.532297134399414,17.88,0.53,0.029734374955296516,0.3356914222240448,-14.27557359,18744,55,0.0005,0.4231725335121155,323675,323574,5840
14.27224349975586,18.02,0.52,0.029551072046160698,0.07110327482223511,-14.403481750000001,18748,55,0.0005,0.44599467515945435,323750,323649,5841
15.047674179077148,18.16,0.53,0.029497981071472168,-0.11708040535449982,-14.200337690000001,18752,55,0.0005,1.243223786354065,323832,323731,5842
15.718698501586914,18.12,0.53,0.030452826991677284,0.3337845206260681,-14.390000750000002,18756,55,0.0005,0.558343768119812,323905,323804,5843
14.015336036682129,17.72,0.51,0.030823303386569023,-0.5033484697341919,-14.85606039,18760,55,0.0005,0.637073278427124,323956,323855,5844
14.713150024414062,17.77,0.52,0.030916500836610794,0.351237952709198,-14.62025649,18764,55,0.0005,0.8195481300354004,324021,323920,5845
13.997053146362305,17.72,0.48,0.031425200402736664,0.5426796674728394,-15.3689804,18768,55,0.0005,1.941427230834961,324103,324002,5846
14.191652297973633,17.59,0.46,0.032188065350055695,-0.34890931844711304,-15.861317640000003,18772,55,0.0005,1.0821971893310547,324161,324060,5847
15.426240921020508,17.51,0.44,0.031707387417554855,-0.0707930326461792,-16.33846168,18776,55,0.0005,1.0426912307739258,324221,324120,5848
15.693974494934082,17.53,0.44,0.03132014349102974,0.2265520542860031,-16.416460599999997,18780,55,0.0005,0.3890917897224426,324290,324189,5849
14.668312072753906,17.6,0.45,0.03146623820066452,0.3119053244590759,-16.19929127,18784,55,0.0005,0.7760366201400757,324368,324267,5850
14.308679580688477,17.48,0.44,0.03160795569419861,-0.2508127689361572,-16.287959979999997,18788,55,0.0005,0.7279751896858215,324429,324328,5851
13.798620223999023,17.72,0.43,0.03123660758137703,-1.2580740451812744,-16.60219466,18792,55,0.0005,0.4909009635448456,324520,324419,5853
14.742074966430664,17.52,0.42,0.030415616929531097,-0.9325425624847412,-16.725850669999996,18796,55,0.0005,1.2221455574035645,324588,324487,5854
15.059639930725098,17.6,0.44,0.029809752479195595,-0.5126042366027832,-16.27446891,18800,55,0.0005,0.37050628662109375,324674,324573,5855
13.65916919708252,17.4,0.43,0.03004434145987034,-0.04845985770225525,-16.43608605,18804,55,0.0005,0.5144453048706055,324729,324628,5856
13.944345474243164,17.33,0.45,0.03070998564362526,-0.4744105637073517,-16.07477155,18808,55,0.0005,1.1666736602783203,324800,324699,5857
13.578556060791016,17.27,0.45,0.03112473338842392,0.5023082494735718,-15.979812899999999,18812,55,0.0005,1.4291906356811523,324867,324766,5858
16.41595458984375,17.23,0.45,0.03148508444428444,-0.025968432426452637,-15.967032840000003,18816,55,0.0005,0.3850806653499603,324933,324832,5859
16.92715072631836,17.09,0.45,0.0309295654296875,-1.2002733945846558,-15.981845529999998,18820,55,0.0005,0.2545042335987091,324991,324890,5859
13.553010940551758,17.25,0.43,0.03030974604189396,0.11364790052175522,-16.348675309999997,18824,55,0.0005,0.4754423499107361,325071,324970,5861
14.355059623718262,17.22,0.43,0.030733227729797363,0.5925053954124451,-16.430487709999998,18828,55,0.0005,2.531890630722046,325130,325029,5862
14.550980567932129,17.31,0.44,0.030564654618501663,0.8912512063980103,-16.175100550000003,18832,55,0.0005,1.0967481136322021,325193,325092,5862
13.563672065734863,17.57,0.45,0.030618108808994293,0.3153935968875885,-16.02333385,18836,55,0.0005,0.5481014251708984,325280,325179,5864
14.907872200012207,17.51,0.46,0.030472850427031517,-0.9807966351509094,-15.861761319999998,18840,55,0.0005,0.28734445571899414,325353,325252,5865
14.05363655090332,17.48,0.47,0.030649334192276,1.2889404296875,-15.704312580000003,18844,55,0.0005,2.931514263153076,325423,325322,5866
14.700331687927246,17.44,0.5,0.031555574387311935,0.5774223208427429,-15.153180699999998,18848,55,0.0005,0.7379366755485535,325494,325393,5867
14.951311111450195,17.36,0.48,0.031904641538858414,0.22547967731952667,-15.51208264,18852,55,0.0005,0.2560105323791504,325568,325467,5869
14.045351028442383,17.49,0.48,0.03056909516453743,-0.7905019521713257,-15.421596339999999,18856,55,0.0005,0.5145602226257324,325654,325553,5871
14.251925468444824,17.59,0.5,0.030022675171494484,0.09205576777458191,-14.921346619999998,18860,55,0.0005,0.146004319190979,325715,325614,5873
13.764585494995117,17.64,0.5,0.029855109751224518,-0.34807589650154114,-15.008497039999998,18864,55,0.0005,0.4767037630081177,325785,325684,5874
15.163564682006836,17.41,0.52,0.029980629682540894,0.2087235003709793,-14.676317260000001,18868,55,0.0005,0.2846095561981201,325844,325743,5876
15.078895568847656,17.55,0.53,0.03037373349070549,0.17486357688903809,-14.470407899999998,18872,55,0.0005,1.6947325468063354,325916,325815,5878
15.630410194396973,17.61,0.54,0.030375396832823753,-0.051590025424957275,-14.170168089999999,18876,55,0.0005,0.6089668273925781,325982,325881,5879
14.631017684936523,17.53,0.54,0.029779860749840736,0.3221566379070282,-14.1392563,18880,55,0.0005,0.979621410369873,326043,325942,5881
14.809335708618164,17.35,0.52,0.03065924346446991,-0.027902081608772278,-14.553652229999997,18884,55,0.0005,0.38466715812683105,326103,326002,5882
12.57925796508789,17.39,0.53,0.031067561358213425,-0.2450556457042694,-14.317733169999999,18888,55,0.0005,0.43270519375801086,326168,326067,5884
14.395689010620117,17.18,0.54,0.03137122467160225,0.09121955186128616,-14.099195289999997,18892,55,0.0005,0.6214259266853333,326238,326137,5886
14.486833572387695,17.35,0.54,0.0320931039750576,0.05325448513031006,-14.12496796,18896,55,0.0005,1.053178310394287,326323,326222,5888
14.537954330444336,17.14,0.55,0.03266848251223564,0.1739511489868164,-13.84828229,18900,55,0.0005,0.7200726866722107,326388,326287,5889
15.302956581115723,17.18,0.54,0.032795652747154236,-0.005170751363039017,-14.011274319999998,18904,55,0.0005,0.9517024159431458,326447,326346,5891
12.993881225585938,17.07,0.52,0.0325959250330925,-0.6971259117126465,-14.47441722,18908,55,0.0005,0.8027198910713196,326507,326406,5892
15.332773208618164,17.15,0.52,0.032022472470998764,-0.1792631894350052,-14.5201126,18912,55,0.0005,0.2622319459915161,326582,326481,5894
14.700399398803711,17.13,0.52,0.031963374465703964,0.41806426644325256,-14.52536302,18916,55,0.0005,1.0418877601623535,326646,326545,5896
13.170039176940918,17.35,0.52,0.03107931837439537,-0.11771080642938614,-14.49937931,18920,55,0.0005,0.28344041109085083,326726,326625,5898
15.663898468017578,17.55,0.54,0.03025970421731472,1.9912564754486084,-14.182203829999997,18924,55,0.0005,1.0169720649719238,326826,326725,5900
14.475067138671875,17.41,0.53,0.031069109216332436,-0.3102897107601166,-14.390964039999998,18928,55,0.0005,0.8965373039245605,326871,326770,5901
13.36850357055664,17.42,0.55,0.03059530071914196,-0.13055168092250824,-13.94325048,18932,55,0.0005,1.4736788272857666,326935,326834,5903
13.966716766357422,17.22,0.55,0.0306667722761631,0.2859351634979248,-13.943769229999997,18936,55,0.0005,0.37872743606567383,327002,326901,5904
13.916529655456543,17.17,0.54,0.0311264768242836,0.9362058639526367,-14.005038989999997,18940,55,0.0005,0.42981019616127014,327070,326969,5906
14.715927124023438,17.37,0.54,0.03196939453482628,-0.10394404828548431,-14.03867554,18944,55,0.0005,3.7796497344970703,327160,327059,5908
13.677714347839355,17.57,0.55,0.032287873327732086,0.30398085713386536,-13.892531230000005,18948,55,0.0005,0.350013792514801,327251,327150,5910
16.36713218688965,17.44,0.55,0.033333588391542435,0.7824134826660156,-14.0173011,18952,55,0.0005,0.442787766456604,327312,327211,5912
13.788871765136719,17.34,0.56,0.03408925235271454,-0.8757225275039673,-13.814442620000001,18956,55,0.0005,0.8549363017082214,327388,327287,5914
15.374226570129395,17.34,0.56,0.03438195213675499,-0.33448973298072815,-13.81450049,18960,55,0.0005,0.7427966594696045,327449,327348,5915
13.956295013427734,17.36,0.57,0.03367692604660988,0.2345322072505951,-13.582576360000001,18964,55,0.0005,2.507584810256958,327521,327420,5917
13.745516777038574,17.56,0.57,0.03398050740361214,-1.1085844039916992,-13.557890700000003,18968,55,0.0005,0.6629226207733154,327600,327499,5919
15.81170654296875,17.57,0.56,0.03360229730606079,0.23143617808818817,-13.742495139999999,18972,55,0.0005,0.4217141270637512,327673,327572,5921
13.758174896240234,17.59,0.57,0.034473128616809845,1.0874367952346802,-13.571985969999997,18976,55,0.0005,1.6666631698608398,327741,327640,5922
14.27175521850586,17.64,0.57,0.03517124056816101,-0.2666965126991272,-13.565906460000003,18980,55,0.0005,0.7318801879882812,327807,327706,5924
14.413827896118164,17.8,0.58,0.03427162766456604,-0.0037386566400527954,-13.38531176,18984,55,0.0005,2.1873064041137695,327883,327782,5926
12.96886920928955,17.98,0.57,0.03417932987213135,-0.39561715722084045,-13.62680659,18988,55,0.0005,0.6047660112380981,327966,327865,5928
15.443540573120117,17.8,0.56,0.034286126494407654,-0.4557952284812927,-13.81932165,18992,55,0.0005,0.3435826897621155,328018,327917,5929
14.721988677978516,17.56,0.55,0.03421229496598244,-0.1638462245464325,-14.015955940000003,18996,55,0.0005,0.8683656454086304,328079,327978,5931
14.572818756103516,17.45,0.54,0.034157395362854004,-0.015082642436027527,-14.22864099,19000,55,0.0005,0.4826367199420929,328133,328032,5932
15.19937801361084,17.61,0.56,0.03544018790125847,0.062226802110672,-13.8126459,19004,55,0.0005,1.2064541578292847,328208,328107,5934
14.268638610839844,17.66,0.57,0.034622956067323685,-1.4633573293685913,-13.564988340000003,19008,55,0.0005,1.0409430265426636,328273,328172,5935
13.161110877990723,17.53,0.58,0.03393471613526344,0.33795756101608276,-13.32562545,19012,55,0.0005,1.914493203163147,328335,328234,5937
16.71636390686035,17.75,0.59,0.033754393458366394,-0.3444364070892334,-13.127535700000001,19016,55,0.0005,1.3060402870178223,328421,328320,5939
14.966985702514648,17.58,0.59,0.03379960358142853,0.551459550857544,-13.206092890000003,19020,55,0.0005,0.6812303066253662,328484,328383,5941
15.288896560668945,17.24,0.58,0.03438626602292061,-0.6328515410423279,-13.4036659,19024,55,0.0005,0.6516895890235901,328550,328449,5942
14.317188262939453,17.57,0.59,0.033535100519657135,-0.22925803065299988,-13.192108240000003,19028,55,0.0005,0.7498526573181152,328628,328527,5944
15.165645599365234,17.59,0.57,0.032812438905239105,0.8370957374572754,-13.614131460000001,19032,55,0.0005,0.4352627992630005,328694,328593,5946
13.278083801269531,17.71,0.57,0.03283015638589859,-0.5247002840042114,-13.567488889999998,19036,55,0.0005,0.36996549367904663,328773,328672,5948
14.295658111572266,17.88,0.58,0.031787242740392685,-0.1489715278148651,-13.504578250000002,19040,55,0.0005,0.3478262424468994,328858,328757,5950
13.80382251739502,17.72,0.58,0.031824395060539246,1.048284888267517,-13.48562236,19044,55,0.0005,0.9801658391952515,328932,328831,5951
13.567292213439941,17.48,0.57,0.03250307962298393,0.6201602816581726,-13.586564529999999,19048,55,0.0005,0.41204291582107544,328999,328898,5953
14.845345497131348,17.62,0.6,0.03280109167098999,0.9435212016105652,-12.913922770000005,19052,55,0.0005,1.3081202507019043,329074,328973,5955
12.653691291809082,17.64,0.59,0.0333729162812233,-0.4278551936149597,-13.082082570000003,19056,55,0.0005,0.3430514931678772,329152,329051,5957
14.87031078338623,17.8,0.58,0.032388798892498016,-0.08158420026302338,-13.29605933,19060,55,0.0005,0.9151275157928467,329229,329128,5959
14.496766090393066,17.7,0.58,0.031079817563295364,-0.44260480999946594,-13.279428600000001,19064,55,0.0005,0.22099319100379944,329291,329190,5960
15.346942901611328,17.6,0.6,0.03058731183409691,0.2753344476222992,-12.8424593,19068,55,0.0005,0.620123028755188,329360,329259,5962
16.12697982788086,17.49,0.6,0.030866028741002083,-0.5272243618965149,-12.88952518,19072,55,0.0005,0.39520925283432007,329422,329321,5963
16.415985107421875,17.55,0.58,0.030634816735982895,0.7836722135543823,-13.19389426,19076,55,0.0005,0.4262402355670929,329496,329395,5965
14.73052978515625,17.55,0.56,0.0315583199262619,0.32169491052627563,-13.655935699999997,19080,55,0.0005,2.1534218788146973,329562,329461,5967
17.76498794555664,17.46,0.54,0.03273618221282959,0.6001244783401489,-14.079905419999998,19084,55,0.0005,1.6882990598678589,329629,329528,5969
15.977832794189453,17.24,0.56,0.034546319395303726,0.12294676899909973,-13.66822496,19088,55,0.0005,2.1920032501220703,329690,329589,5970
13.723617553710938,17.4,0.54,0.03703830763697624,1.4748876094818115,-14.04157068,19092,55,0.0005,0.5088271498680115,329758,329657,5972
15.041254997253418,17.35,0.54,0.037939369678497314,0.1490994095802307,-14.005758469999998,19096,55,0.0005,0.5562761425971985,329814,329713,5973
15.654214859008789,17.55,0.52,0.03748427703976631,-0.24343392252922058,-14.385094520000003,19100,55,0.0005,0.9222150444984436,329888,329787,5975
14.555217742919922,17.63,0.52,0.03617805615067482,-0.2060486376285553,-14.330764030000001,19104,55,0.0005,0.5698927640914917,329971,329870,5976
14.953733444213867,17.88,0.51,0.035500120371580124,-0.35331064462661743,-14.54881376,19108,55,0.0005,0.6405042409896851,330061,329960,5991
14.283895492553711,18.0,0.49,0.034880269318819046,0.4078090786933899,-14.941147979999998,19112,55,0.0005,1.4816800355911255,330135,330034,5992
15.142498016357422,17.84,0.49,0.0346909835934639,-0.06525459885597229,-14.902055770000002,19116,55,0.0005,1.2877110242843628,330205,330104,5993
14.176985740661621,17.98,0.5,0.034178320318460464,0.5261032581329346,-14.629021160000002,19120,55,0.0005,0.38357841968536377,330282,330181,5994
13.861507415771484,18.02,0.5,0.03424006327986717,-0.19791042804718018,-14.61806857,19124,55,0.0005,0.3869900107383728,330352,330251,5995
14.008925437927246,17.91,0.51,0.03424555063247681,0.4302660822868347,-14.33702057,19128,55,0.0005,0.6358493566513062,330419,330318,5995
14.372129440307617,17.87,0.51,0.03427207097411156,-0.26481330394744873,-14.375145490000001,19132,55,0.0005,1.3999197483062744,330481,330380,5996
14.201457023620605,17.65,0.51,0.03446922451257706,-0.37015286087989807,-14.42486596,19136,55,0.0005,0.2526261806488037,330538,330437,5997
13.457968711853027,17.53,0.51,0.03409436345100403,-0.5671491026878357,-14.411664789999998,19140,55,0.0005,0.7594696283340454,330611,330510,5998
15.900736808776855,17.4,0.53,0.03387334570288658,0.19320854544639587,-13.970646379999998,19144,55,0.0005,1.5717272758483887,330672,330571,5998
14.955127716064453,17.17,0.5,0.03408751264214516,-0.1839633285999298,-14.712408080000003,19148,55,0.0005,0.5754930377006531,330716,330615,5999
14.229973793029785,17.11,0.48,0.034980304539203644,-0.309453547000885,-15.104809729999998,19152,55,0.0005,0.191294327378273,330785,330684,6000
13.660972595214844,17.04,0.47,0.034279122948646545,0.38967034220695496,-15.3031938,19156,55,0.0005,0.3527403175830841,330856,330755,6001
15.854812622070312,16.94,0.49,0.033866334706544876,0.24443063139915466,-14.85834879,19160,55,0.0005,0.19029003381729126,330923,330822,6001
14.951042175292969,17.04,0.49,0.03465775027871132,0.22664949297904968,-14.817031609999999,19164,55,0.0005,0.37185028195381165,330995,330894,6002
14.277910232543945,16.97,0.47,0.03520006313920021,-0.43847545981407166,-15.287955579999998,19168,55,0.0005,1.1767303943634033,331057,330956,6003
14.557579040527344,17.14,0.48,0.03468843922019005,-0.26827868819236755,-15.018697269999997,19172,55,0.0005,0.22948521375656128,331136,331035,6004
15.562485694885254,17.0,0.48,0.03510759398341179,-0.4954189360141754,-15.084424219999999,19176,55,0.0005,0.7950806617736816,331196,331095,6005
13.977109909057617,17.11,0.48,0.03514079749584198,-0.3089965879917145,-14.95482388,19180,55,0.0005,0.9058786630630493,331273,331172,6006
14.949906349182129,17.29,0.51,0.0341029055416584,-0.14822369813919067,-14.390796569999996,19184,55,0.0005,0.975628137588501,331358,331257,6007
13.040365219116211,17.43,0.49,0.034069642424583435,-0.2613295316696167,-14.788172319999996,19188,55,0.0005,0.9833454489707947,331433,331332,6008
14.396202087402344,17.48,0.5,0.03410766273736954,0.6812931895256042,-14.623598829999999,19192,55,0.0005,0.8178130984306335,331506,331405,6008
15.87691879272461,17.69,0.51,0.03475933521986008,0.49842244386672974,-14.4231259,19196,55,0.0005,0.486615389585495,331583,331482,6009
13.823465347290039,17.55,0.53,0.034894924610853195,0.3864077031612396,-14.058218459999996,19200,55,0.0005,0.6300252676010132,331643,331542,6010
15.465754508972168,17.41,0.51,0.03521636128425598,0.9896856546401978,-14.48055483,19204,55,0.0005,0.2792525589466095,331712,331611,6011
15.194581985473633,17.0,0.51,0.036120541393756866,1.0040110349655151,-14.477720900000001,19208,55,0.0005,0.5667375326156616,331761,331660,6012
13.49857234954834,16.77,0.52,0.03726343438029289,0.13987305760383606,-14.321042450000002,19212,55,0.0005,1.9264190196990967,331812,331711,6012
15.479169845581055,16.69,0.53,0.03724503517150879,0.8167122602462769,-14.13368951,19216,55,0.0005,0.5384476184844971,331874,331773,6013
13.277620315551758,16.65,0.52,0.03809257224202156,0.49061304330825806,-14.30503197,19220,55,0.0005,0.30914437770843506,331947,331846,6014
15.950529098510742,16.59,0.54,0.038127318024635315,-0.1735319197177887,-13.859500790000002,19224,55,0.0005,2.7326560020446777,332011,331910,6015
16.437721252441406,16.65,0.53,0.03834167495369911,-1.1811206340789795,-14.119208240000003,19228,55,0.0005,1.864282488822937,332084,331983,6016
15.481013298034668,16.63,0.53,0.03752840682864189,-1.0197478532791138,-14.143172609999997,19232,55,0.0005,0.5100451707839966,332144,332043,6017
15.339729309082031,16.75,0.53,0.036754559725522995,-0.11063689738512039,-14.16716943,19236,55,0.0005,0.40764573216438293,332213,332112,6018
15.358792304992676,16.59,0.51,0.03607938811182976,-0.11755581200122833,-14.54030959,19240,55,0.0005,0.3613206744194031,332270,332169,6019
15.888256072998047,16.63,0.49,0.035371433943510056,-0.6414116621017456,-14.95569984,19244,55,0.0005,0.249858096241951,332335,332234,6020
14.552950859069824,16.66,0.5,0.03545501083135605,-0.3459455370903015,-14.733730829999999,19248,55,0.0005,0.39976614713668823,332382,332281,6021
14.662238121032715,16.59,0.5,0.03530152514576912,-0.37775659561157227,-14.7682135,19252,55,0.0005,1.3862708806991577,332444,332343,6022
15.060102462768555,16.76,0.51,0.03341799974441528,-0.23041297495365143,-14.737894549999998,19256,55,0.0005,1.2410238981246948,332532,332431,6023
13.8990478515625,16.7,0.5,0.03309411555528641,-0.02252231538295746,-14.974879710000003,19260,55,0.0005,0.5475510358810425,332593,332492,6024
14.425970077514648,16.73,0.48,0.03338252753019333,-0.864672839641571,-15.29688314,19264,55,0.0005,0.8004692196846008,332668,332567,6025
14.261751174926758,16.75,0.48,0.03220279514789581,-0.776734471321106,-15.241323710000001,19268,55,0.0005,1.071821928024292,332732,332631,6026
13.827112197875977,16.8,0.48,0.031116850674152374,-0.2662684917449951,-15.226098900000002,19272,55,0.0005,1.4982497692108154,332816,332715,6027
13.789484024047852,17.07,0.48,0.030660061165690422,0.33116793632507324,-15.198579180000001,19276,55,0.0005,0.1947512924671173,332903,332802,6028
15.243316650390625,17.04,0.48,0.031190719455480576,-0.2306959629058838,-15.24687087,19280,55,0.0005,1.1267966032028198,332977,332876,6029
14.441181182861328,16.92,0.47,0.03162979334592819,0.2945237159729004,-15.384711150000001,19284,55,0.0005,0.6515166759490967,333050,332949,6031
13.437994956970215,16.86,0.48,0.03168626129627228,0.005493104457855225,-15.244053280000001,19288,55,0.0005,1.617842435836792,333119,333018,6032
13.915781021118164,16.81,0.5,0.032109346240758896,-0.44047123193740845,-14.759712170000002,19292,55,0.0005,0.7320555448532104,333187,333086,6033
15.567337036132812,16.77,0.51,0.03235192224383354,0.02992047369480133,-14.533485680000002,19296,55,0.0005,2.237461566925049,333260,333159,6034
14.042858123779297,16.77,0.5,0.03261508792638779,0.8417977690696716,-14.697892840000002,19300,55,0.0005,2.0346169471740723,333320,333219,6034
13.852008819580078,16.89,0.54,0.03276529908180237,0.11307553946971893,-13.92854102,19304,55,0.0005,0.6241730451583862,333401,333300,6036
16.257617950439453,17.2,0.55,0.03297371417284012,0.23684722185134888,-13.75069915,19308,55,0.0005,0.5205012559890747,333481,333380,6037
13.51095962524414,17.37,0.54,0.03356155380606651,0.5096474885940552,-13.965897339999996,19312,55,0.0005,0.3405027389526367,333549,333448,6038
16.294696807861328,17.39,0.54,0.03477901592850685,-0.3118530213832855,-13.968303590000003,19316,55,0.0005,0.3740997016429901,333613,333512,6039
14.532685279846191,17.44,0.54,0.03414767235517502,-0.31817173957824707,-13.97187056,19320,55,0.0005,0.682632327079773,333691,333590,6040
13.527759552001953,17.29,0.51,0.03440050035715103,0.6502195596694946,-14.643605029999998,19324,55,0.0005,1.7086336612701416,333740,333639,6041
14.54370403289795,17.27,0.5,0.03473396971821785,0.7885704040527344,-14.817833329999996,19328,55,0.0005,0.6264989376068115,333811,333710,6042
15.030867576599121,17.29,0.5,0.03540356829762459,-0.13167530298233032,-14.813359180000003,19332,55,0.0005,0.9660980105400085,333873,333772,6043
16.38858985900879,17.29,0.5,0.03487421199679375,-0.7833590507507324,-14.844146040000004,19336,55,0.0005,2.1560657024383545,333942,333841,6044
14.852018356323242,17.35,0.51,0.03329206630587578,0.27769964933395386,-14.69868614,19340,55,0.0005,1.6070284843444824,334005,333904,6045
15.785524368286133,17.5,0.51,0.0335799939930439,0.6843329668045044,-14.70106495,19344,55,0.0005,1.6330615282058716,334085,333984,6046
14.769505500793457,17.74,0.52,0.035514116287231445,0.6798108816146851,-14.44774654,19348,55,0.0005,1.019759178161621,334156,334055,6047
14.45595932006836,17.62,0.5,0.03644426167011261,-0.17783072590827942,-14.867327090000002,19352,55,0.0005,1.0170259475708008,334206,334105,6048
14.95441722869873,17.43,0.5,0.03564208373427391,-0.65236496925354,-14.695778230000005,19356,55,0.0005,2.1391117572784424,334275,334174,6049
15.033895492553711,17.4,0.5,0.034789152443408966,-0.4017714262008667,-14.678969400000001,19360,55,0.0005,0.9194833040237427,334333,334232,6049
14.803584098815918,17.4,0.53,0.034246038645505905,0.31085753440856934,-14.18725291,19364,55,0.0005,1.1566784381866455,334408,334307,6050
14.560577392578125,17.42,0.53,0.035145990550518036,0.32794511318206787,-14.156794830000003,19368,55,0.0005,1.4733893871307373,334474,334373,6051
14.92811393737793,17.39,0.52,0.03499569371342659,0.04785870015621185,-14.42149542,19372,55,0.0005,1.4152449369430542,334555,334454,6053
12.760374069213867,17.29,0.54,0.03431309014558792,-1.2081419229507446,-14.08643608,19376,55,0.0005,1.2173774242401123,334632,334531,6054
13.598235130310059,17.24,0.55,0.03360828384757042,-0.3691711723804474,-13.912105930000001,19380,55,0.0005,0.4124358296394348,334701,334600,6055
14.508598327636719,17.16,0.56,0.033176030963659286,-0.4574524760246277,-13.71983822,19384,55,0.0005,1.0324914455413818,334766,334665,6056
15.507054328918457,17.05,0.55,0.03267023339867592,2.01916766166687,-13.926927520000001,19388,55,0.0005,1.2444933652877808,334824,334723,6057
13.967218399047852,17.13,0.55,0.03316030278801918,0.2552129626274109,-13.942661679999999,19392,55,0.0005,0.7024610638618469,334900,334799,6058
13.645051956176758,16.97,0.53,0.033084362745285034,0.261334091424942,-14.37976518,19396,55,0.0005,0.3501138985157013,334957,334856,6059
14.729881286621094,16.94,0.52,0.032625868916511536,-0.7735488414764404,-14.673036009999999,19400,55,0.0005,0.22160720825195312,335014,334913,6059
13.622312545776367,16.94,0.51,0.032845303416252136,0.31367844343185425,-14.839577259999999,19404,55,0.0005,0.5727470517158508,335095,334994,6061
16.067981719970703,16.69,0.49,0.033074334263801575,-0.040860615670681,-15.197390290000001,19408,55,0.0005,0.45616012811660767,335150,335049,6061
15.453601837158203,16.94,0.51,0.03317303955554962,0.9337233901023865,-14.774626429999998,19412,55,0.0005,1.7059465646743774,335243,335142,6063
14.915557861328125,16.88,0.49,0.03353923559188843,-0.9758039712905884,-15.234895970000002,19416,55,0.0005,0.9381072521209717,335301,335200,6064
15.51662826538086,16.97,0.51,0.03236289322376251,0.14966124296188354,-14.923660849999997,19420,55,0.0005,1.068015456199646,335388,335287,6065
14.593060493469238,17.32,0.51,0.03249862417578697,0.07597333192825317,-14.97992951,19424,55,0.0005,0.5583635568618774,335472,335371,6066
16.38188362121582,17.26,0.51,0.03293754160404205,0.6328587532043457,-15.112474209999998,19428,55,0.0005,1.0624005794525146,335537,335436,6067
15.935611724853516,17.24,0.5,0.035409048199653625,1.9767332077026367,-15.284187239999996,19432,55,0.0005,2.7006235122680664,335597,335496,6068
15.023104667663574,17.33,0.5,0.03788718581199646,0.801501989364624,-15.198017069999999,19436,55,0.0005,1.4586623907089233,335675,335574,6069
15.60302734375,18.03,0.48,0.037397876381874084,-0.5637353658676147,-15.63945096,19440,55,0.0005,0.4304646849632263,335808,335707,6071
14.501250267028809,18.04,0.46,0.03626945614814758,-1.0167996883392334,-15.957592619999998,19444,55,0.0005,0.537419319152832,335889,335788,6072
16.070648193359375,18.09,0.45,0.03547866269946098,0.1844455450773239,-16.10245663,19448,55,0.0005,0.582787036895752,335965,335864,6073
14.663726806640625,18.14,0.46,0.03497183695435524,-0.5128282904624939,-15.894763220000002,19452,55,0.0005,0.39979642629623413,336020,335919,6074
14.352130889892578,18.1,0.47,0.034165285527706146,-0.5444556474685669,-15.648011559999995,19456,55,0.0005,1.1458896398544312,336085,335984,6075
14.523717880249023,18.21,0.45,0.03289734944701195,-0.25411978363990784,-16.05760291,19460,55,0.0005,0.5546795129776001,336154,336053,6076
14.172666549682617,18.25,0.45,0.03212661296129227,-0.1928301304578781,-16.068708060000002,19464,55,0.0005,0.3021286725997925,336233,336132,6077
13.88616943359375,18.32,0.43,0.03152604401111603,0.6880394220352173,-16.37589731,19468,55,0.0005,2.512779712677002,336306,336205,6078
15.226165771484375,18.19,0.44,0.032182276248931885,-0.01551084965467453,-16.110351630000004,19472,55,0.0005,0.8493004441261292,336374,336273,6079
13.683815002441406,18.17,0.44,0.03264923021197319,0.5069760680198669,-16.051388059999997,19476,55,0.0005,0.2535523772239685,336449,336348,6081
13.759267807006836,18.11,0.44,0.03328796848654747,-0.29178109765052795,-16.02998674,19480,55,0.0005,1.499603509902954,336512,336411,6081
14.814184188842773,18.1,0.42,0.033370036631822586,0.006144315004348755,-16.41607365,19484,55,0.0005,0.6824771165847778,336576,336475,6082
11.648420333862305,18.31,0.43,0.033120911568403244,-0.18902072310447693,-16.169865650000002,19488,55,0.0005,0.8164893388748169,336655,336554,6084
13.780920028686523,18.44,0.42,0.03215549513697624,-0.12624017894268036,-16.36320747,19492,55,0.0005,0.4049585461616516,336744,336643,6085
14.325319290161133,18.57,0.43,0.03184635937213898,0.703808069229126,-16.143488719999997,19496,55,0.0005,0.9390602111816406,336814,336713,6086
15.904520988464355,18.79,0.44,0.031075919046998024,-1.3927865028381348,-15.881268910000001,19500,55,0.0005,0.38386815786361694,336893,336792,6087
14.554767608642578,18.73,0.42,0.02948124147951603,-0.24052241444587708,-16.31528249,19504,55,0.0005,0.6402064561843872,336968,336867,6088
14.7186861038208,18.98,0.43,0.029838217422366142,0.3312862515449524,-16.08273002,19508,55,0.0005,0.601269543170929,337048,336947,6089
16.00735092163086,18.73,0.43,0.03011237643659115,-0.035902440547943115,-16.02656396,19512,55,0.0005,0.6379866003990173,337116,337015,6090
13.800446510314941,18.86,0.43,0.02973053604364395,-0.4868350923061371,-16.08591879,19516,55,0.0005,0.9363512992858887,337187,337086,6091
14.660143852233887,18.71,0.41,0.029178740456700325,0.04075460135936737,-16.4808261,19520,55,0.0005,0.6941602230072021,337259,337158,6092
13.796015739440918,18.66,0.41,0.02958967536687851,0.580866277217865,-16.361915050000004,19524,55,0.0005,1.6616712808609009,337338,337237,6094
14.501797676086426,18.63,0.42,0.030178289860486984,0.7816303372383118,-16.09001268,19528,55,0.0005,1.6007442474365234,337400,337299,6095
14.144407272338867,18.75,0.42,0.031289514154195786,0.9808771014213562,-16.04805963,19532,55,0.0005,1.834329605102539,337472,337371,6096
13.287139892578125,18.69,0.41,0.03193393349647522,0.30908557772636414,-16.223426359999998,19536,55,0.0005,0.3780771791934967,337544,337443,6097
14.542308807373047,18.04,0.45,0.03199387341737747,0.22018954157829285,-15.30822437,19540,55,0.0005,0.2675970494747162,337612,337511,6098
13.74623966217041,17.96,0.46,0.032339513301849365,-0.24671924114227295,-15.19227529,19544,55,0.0005,0.6407148241996765,337685,337584,6099
14.01676082611084,17.85,0.46,0.03315630927681923,0.38273948431015015,-15.211488849999999,19548,55,0.0005,0.44531136751174927,337750,337649,6100
14.472229957580566,18.11,0.47,0.03322989121079445,0.48088309168815613,-14.945720340000003,19552,55,0.0005,0.8796596527099609,337831,337730,6101
14.968271255493164,18.18,0.45,0.03308359161019325,0.399338036775589,-15.3648496,19556,55,0.0005,0.424648642539978,337903,337802,6102
13.54963207244873,18.16,0.46,0.03357880935072899,-0.14223706722259521,-15.094571619999996,19560,55,0.0005,0.5822805762290955,337970,337869,6103
13.29397201538086,18.02,0.45,0.033834055066108704,-0.0773400366306305,-15.2376737,19564,55,0.0005,0.675469696521759,338035,337934,6104
13.628971099853516,18.0,0.47,0.03399607911705971,0.9982480406761169,-14.87722659,19568,55,0.0005,0.3798990249633789,338106,338005,6105
15.063417434692383,18.14,0.46,0.0351216197013855,0.07044853270053864,-15.000612120000001,19572,55,0.0005,0.8125104308128357,338188,338087,6106
13.66351318359375,18.17,0.46,0.03538946062326431,0.9130184650421143,-15.013774249999999,19576,55,0.0005,0.5902537107467651,338266,338165,6107
13.93205451965332,18.25,0.46,0.03518271446228027,-0.7743455171585083,-15.00326896,19580,55,0.0005,0.5649759769439697,338337,338236,6108
14.496867179870605,18.4,0.47,0.03423288092017174,0.049089282751083374,-14.828516289999998,19584,55,0.0005,0.2530059814453125,338416,338315,6110
14.302943229675293,18.34,0.47,0.03354804217815399,0.34048962593078613,-14.848980430000001,19588,55,0.0005,0.5451109409332275,338489,338388,6111
16.307941436767578,18.12,0.46,0.032945841550827026,-0.5985504984855652,-15.121224100000001,19592,55,0.0005,0.49238425493240356,338556,338455,6112
14.855406761169434,18.25,0.47,0.031139429658651352,-0.29347413778305054,-14.955999140000001,19596,55,0.0005,2.310823917388916,338639,338538,6113
17.801651000976562,18.17,0.46,0.03254225105047226,1.4617817401885986,-15.161124489999999,19600,55,0.0005,1.8947865962982178,338710,338609,6114
16.202045440673828,17.98,0.45,0.03350137919187546,0.6735734939575195,-15.46148657,19604,55,0.0005,0.3731463849544525,338766,338665,6115
14.847814559936523,18.01,0.44,0.035008754581213,0.49080538749694824,-15.66810667,19608,55,0.0005,0.9225051403045654,338849,338748,6116
17.153911590576172,18.01,0.42,0.03590017929673195,0.10792377591133118,-16.102819550000003,19612,55,0.0005,1.0830050706863403,338917,338816,6117
14.150382041931152,17.78,0.41,0.035899657756090164,0.35295647382736206,-16.278307139999995,19616,55,0.0005,1.131371259689331,338965,338864,6118
14.941274642944336,17.9,0.41,0.035477664321660995,-0.6205806136131287,-16.24144314,19620,55,0.0005,0.4664984941482544,339049,338948,6119
14.578410148620605,17.65,0.41,0.03490843623876572,-0.18672128021717072,-16.30822387,19624,55,0.0005,2.069504499435425,339103,339002,6120
14.552149772644043,17.83,0.39,0.03442692384123802,0.18475987017154694,-16.596174280000003,19628,55,0.0005,0.3304837942123413,339183,339082,6121
13.764546394348145,18.02,0.42,0.03375478833913803,-1.1992952823638916,-16.061609880000002,19632,55,0.0005,0.4763377606868744,339274,339173,6122
14.761177062988281,18.09,0.43,0.0329812616109848,1.2102080583572388,-15.870418269999998,19636,55,0.0005,1.1085388660430908,339353,339252,6123
13.401044845581055,18.1,0.39,0.032923802733421326,-0.3440748453140259,-16.61368029,19640,55,0.0005,0.775749683380127,339422,339321,6124
15.27724838256836,18.04,0.4,0.03255175054073334,0.30799752473831177,-16.38883496,19644,55,0.0005,0.40601322054862976,339489,339388,6125
14.778697967529297,18.12,0.41,0.032011739909648895,-0.7198820114135742,-16.21919478,19648,55,0.0005,1.0634171962738037,339562,339461,6126
14.604299545288086,18.08,0.4,0.03164231404662132,0.21778880059719086,-16.38024996,19652,55,0.0005,0.38978689908981323,339639,339538,6128
14.156726837158203,18.18,0.42,0.03190181404352188,-0.5819767713546753,-16.01607018,19656,55,0.0005,0.6625168323516846,339721,339620,6129
13.081120491027832,18.26,0.42,0.03217567875981331,1.0953009128570557,-16.07640221,19660,55,0.0005,1.1701513528823853,339796,339695,6130
14.054862976074219,18.47,0.4,0.032614972442388535,0.06297263503074646,-16.5699462,19664,55,0.0005,1.1495521068572998,339882,339781,6131
14.131438255310059,18.52,0.4,0.03268715739250183,0.44627419114112854,-16.68045192,19668,55,0.0005,0.37479060888290405,339958,339857,6132
13.44315242767334,18.53,0.42,0.03317680582404137,0.21235966682434082,-16.372180020000002,19672,55,0.0005,1.190732717514038,340041,339940,6148
13.799537658691406,18.39,0.41,0.033667534589767456,0.10836674273014069,-16.54765794,19676,55,0.0005,0.3040025234222412,340105,340004,6149
13.447538375854492,18.41,0.4,0.033182643353939056,-0.9637880325317383,-16.759463099999998,19680,55,0.0005,1.0212045907974243,340178,340077,6150
14.533917427062988,18.34,0.4,0.032630059868097305,-0.7293498516082764,-16.695656839999998,19684,55,0.0005,0.20273041725158691,340250,340149,6151
12.860306739807129,18.4,0.39,0.032643187791109085,-0.5004926919937134,-16.798816549999998,19688,55,0.0005,1.043799877166748,340329,340228,6152
14.370872497558594,18.49,0.41,0.03237481787800789,0.2764716148376465,-16.384564249999997,19692,55,0.0005,0.8491348028182983,340405,340304,6153
14.306183815002441,18.39,0.41,0.03212103620171547,-0.5101415514945984,-16.36107365,19696,55,0.0005,0.4402088522911072,340478,340377,6155
14.506155014038086,18.38,0.44,0.032418034970760345,-0.46041685342788696,-15.74556458,19700,55,0.0005,0.46650421619415283,340548,340447,6156
14.139695167541504,18.67,0.44,0.03258116543292999,0.023305773735046387,-15.586829909999997,19704,55,0.0005,1.042447805404663,340633,340532,6157
15.00580883026123,18.54,0.45,0.031878624111413956,-0.37433141469955444,-15.35015105,19708,55,0.0005,0.4280858039855957,340703,340602,6158
16.57235336303711,18.58,0.46,0.03136187419295311,0.21007779240608215,-15.136370669999998,19712,55,0.0005,0.5080597996711731,340775,340674,6159
12.99858283996582,18.87,0.48,0.0325695276260376,-0.3786994218826294,-14.6675811,19716,55,0.0005,0.5701842308044434,340852,340751,6160
13.592833518981934,18.72,0.48,0.032418590039014816,-0.6907888054847717,-14.636856569999999,19720,55,0.0005,0.6734578609466553,340921,340820,6161
14.495315551757812,18.88,0.49,0.030142005532979965,-1.0656474828720093,-14.406010470000002,19724,55,0.0005,0.9961773753166199,340991,340890,6162
14.966865539550781,18.89,0.5,0.028795151039958,-0.6179691553115845,-14.280590270000003,19728,55,0.0005,0.39342379570007324,341072,340971,6163
15.705974578857422,18.85,0.49,0.02818608656525612,-0.4830124080181122,-14.433037540000003,19732,55,0.0005,1.571110486984253,341159,341058,6165
13.278104782104492,18.86,0.5,0.027355527505278587,-0.09265393763780594,-14.27402437,19736,55,0.0005,0.2522123157978058,341239,341138,6166
15.752623558044434,19.0,0.54,0.02800094150006771,-0.23084081709384918,-13.566431880000003,19740,55,0.0005,0.3727620542049408,341322,341221,6167
14.45022964477539,19.05,0.54,0.027664950117468834,0.36622121930122375,-13.613977070000002,19744,55,0.0005,0.5185816287994385,341394,341293,6168
15.901548385620117,19.0,0.53,0.027721121907234192,1.0899226665496826,-13.774418550000002,19748,55,0.0005,0.42286157608032227,341462,341361,6169
14.053277969360352,18.89,0.54,0.028945591300725937,0.5526965856552124,-13.635180179999999,19752,55,0.0005,0.9410039186477661,341528,341427,6170
16.17951202392578,18.67,0.54,0.029699325561523438,0.6355403661727905,-13.61907595,19756,55,0.0005,1.5709152221679688,341588,341487,6171
14.065065383911133,18.54,0.54,0.02973261848092079,0.039372384548187256,-13.621522240000001,19760,55,0.0005,2.0858116149902344,341650,341549,6172
17.058673858642578,18.42,0.56,0.03058583475649357,0.35649752616882324,-13.139009470000001,19764,55,0.0005,0.4661409556865692,341724,341623,6173
13.649033546447754,18.44,0.57,0.03103521838784218,0.38807231187820435,-12.959158199999997,19768,55,0.0005,0.6545368432998657,341802,341701,6174
13.455709457397461,18.43,0.57,0.03160502389073372,0.824974000453949,-12.94198252,19772,55,0.0005,0.8120564818382263,341884,341783,6175
13.007574081420898,18.49,0.56,0.03216232731938362,-0.07605506479740143,-13.13748802,19776,55,0.0005,0.4762832820415497,341954,341853,6176
13.639698028564453,18.47,0.57,0.031694743782281876,-0.3558870553970337,-12.91407363,19780,55,0.0005,0.25707393884658813,342025,341924,6177
14.312165260314941,18.63,0.59,0.03168122097849846,-0.2751302123069763,-12.579609229999999,19784,55,0.0005,0.6820148229598999,342113,342012,6179
14.608072280883789,18.77,0.62,0.03131348267197609,-0.5661452412605286,-12.087680479999996,19788,55,0.0005,0.770014762878418,342206,342105,6180
13.072391510009766,18.93,0.62,0.03158361092209816,-0.40870070457458496,-12.128154269999998,19792,55,0.0005,0.27848345041275024,342298,342197,6181
13.268552780151367,19.12,0.63,0.031891174614429474,0.7471239566802979,-11.9866222,19796,55,0.0005,0.9412181377410889,342390,342289,6183
14.110895156860352,19.2,0.6,0.03190255165100098,-0.032693833112716675,-12.58985195,19800,55,0.0005,0.516459584236145,342468,342367,6184
13.11518669128418,19.08,0.62,0.031352248042821884,-0.8497718572616577,-12.285173399999996,19804,55,0.0005,1.2442653179168701,342541,342440,6185
13.405802726745605,19.14,0.62,0.03077293001115322,-0.07850608229637146,-12.351395120000001,19808,55,0.0005,0.6128606796264648,342617,342516,6186
14.041343688964844,19.23,0.62,0.02998599223792553,-0.2587358057498932,-12.409396100000002,19812,55,0.0005,0.6054993867874146,342698,342597,6187
13.36211109161377,19.17,0.62,0.029744630679488182,-1.1551587581634521,-12.38034216,19816,55,0.0005,0.890390157699585,342769,342668,6188
13.906465530395508,19.39,0.61,0.02950035221874714,-0.423319935798645,-12.62465142,19820,55,0.0005,0.8416013717651367,342860,342759,6190
12.514982223510742,19.46,0.62,0.029279418289661407,-0.48471006751060486,-12.38601182,19824,55,0.0005,0.4391007423400879,342937,342836,6191
15.40293025970459,19.4,0.63,0.029126988723874092,0.721047580242157,-12.17723134,19828,55,0.0005,1.650564193725586,343012,342911,6192
14.113187789916992,19.28,0.62,0.030109066516160965,0.39201369881629944,-12.365022339999998,19832,55,0.0005,0.98893141746521,343087,342986,6193
12.471199035644531,19.22,0.61,0.03043888323009014,-0.0437203049659729,-12.513190370000002,19836,55,0.0005,0.3508322834968567,343161,343060,6194
14.72159194946289,19.17,0.57,0.030106782913208008,-0.4284282624721527,-13.29483038,19840,55,0.0005,0.6081244945526123,343239,343138,6195
14.904756546020508,19.15,0.57,0.029377153143286705,-0.6319076418876648,-13.26593128,19844,55,0.0005,0.7518112659454346,343309,343208,6196
13.567564010620117,19.23,0.6,0.029187604784965515,-0.24602116644382477,-12.70792741,19848,55,0.0005,1.2568480968475342,343385,343284,6197
13.679414749145508,19.3,0.61,0.028834501281380653,0.08807015419006348,-12.477790699999998,19852,55,0.0005,1.1578168869018555,343458,343357,6198
16.410091400146484,19.33,0.58,0.030014272779226303,0.8074615597724915,-13.098872019999996,19856,55,0.0005,0.8744090795516968,343521,343420,6199
14.622270584106445,19.36,0.59,0.03212224692106247,1.6542181968688965,-12.86994299,19860,55,0.0005,0.4869379997253418,343586,343485,6200
20.102964401245117,19.35,0.6,0.03389567509293556,0.37028881907463074,-12.69366821,19864,55,0.0005,1.4152859449386597,343659,343558,6201
14.825923919677734,19.4,0.57,0.03394627943634987,-0.41982319951057434,-13.27970427,19868,55,0.0005,1.328087568283081,343742,343641,6203
16.147388458251953,19.4,0.57,0.03413160517811775,-0.3383543789386749,-13.313966290000002,19872,55,0.0005,0.7313474416732788,343824,343723,6204
14.037701606750488,19.49,0.56,0.034053985029459,0.5204797387123108,-13.57136972,19876,55,0.0005,2.626875400543213,343903,343802,6205
16.49134635925293,19.49,0.55,0.03558937460184097,1.0356909036636353,-13.82665557,19880,55,0.0005,0.4439656734466553,343974,343873,6206
16.665271759033203,19.28,0.53,0.0358976274728775,-0.22694548964500427,-14.219049989999998,19884,55,0.0005,0.6201961636543274,344041,343940,6207
15.729578018188477,19.07,0.49,0.0364300012588501,0.5939276814460754,-14.968994719999998,19888,55,0.0005,1.8173141479492188,344113,344012,6208
14.283764839172363,18.88,0.48,0.03613651171326637,-0.4316682815551758,-15.11672906,19892,55,0.0005,1.951518177986145,344186,344085,6209
15.433349609375,18.68,0.46,0.03553555905818939,0.022859036922454834,-15.432255219999996,19896,55,0.0005,0.5676944255828857,344258,344157,6210
13.233887672424316,18.59,0.47,0.034577880054712296,0.09774407744407654,-15.25138621,19900,55,0.0005,1.0158023834228516,344327,344226,6211
14.36545181274414,18.68,0.47,0.03421741724014282,-0.3747192919254303,-15.196461009999998,19904,55,0.0005,0.41478562355041504,344409,344308,6212
13.725343704223633,18.66,0.48,0.03370949998497963,0.14341780543327332,-15.005535760000003,19908,55,0.0005,1.167016863822937,344483,344382,6214
14.749582290649414,18.56,0.48,0.03395785391330719,0.16703663766384125,-14.921342510000002,19912,55,0.0005,0.8116998672485352,344554,344453,6215
14.240163803100586,18.6,0.49,0.03322112187743187,-0.7778127193450928,-14.749913209999999,19916,55,0.0005,0.3735997974872589,344629,344528,6216
14.796500205993652,18.36,0.49,0.032737087458372116,0.7704366445541382,-14.77991587,19920,55,0.0005,0.43511855602264404,344696,344595,6217
14.686384201049805,18.28,0.48,0.033014196902513504,-0.45055317878723145,-14.97617103,19924,55,0.0005,0.5783022046089172,344765,344664,6218
13.599526405334473,18.17,0.47,0.03221502527594566,-0.6452605128288269,-15.16721951,19928,55,0.0005,0.5531643033027649,344829,344728,6219
13.82052230834961,18.15,0.48,0.0326584056019783,1.795712947845459,-14.996486330000003,19932,55,0.0005,0.7834882736206055,344902,344801,6220
12.074604988098145,18.21,0.48,0.033351536840200424,0.4252277612686157,-15.00150941,19936,55,0.0005,1.7480579614639282,344982,344881,6221
13.096931457519531,18.25,0.51,0.034077033400535583,-0.2915542423725128,-14.401936560000001,19940,55,0.0005,0.3873804211616516,345064,344963,6222
15.397442817687988,18.1,0.51,0.0338105745613575,0.8529020547866821,-14.447296720000002,19944,55,0.0005,2.0805411338806152,345119,345018,6223
14.518942832946777,17.97,0.49,0.034054286777973175,0.7916262149810791,-14.89721297,19948,55,0.0005,0.6634708046913147,345182,345081,6224
15.085775375366211,17.91,0.48,0.034763652831315994,-0.15797969698905945,-15.09838923,19952,55,0.0005,0.7466995716094971,345249,345148,6225
15.110623359680176,18.01,0.49,0.03439135476946831,-0.31362125277519226,-14.8534934,19956,55,0.0005,1.4643853902816772,345322,345221,6226
15.8198823928833,18.07,0.48,0.03405400365591049,-0.5644041895866394,-15.084444220000002,19960,55,0.0005,0.9973679184913635,345393,345292,6227
13.921453475952148,18.01,0.47,0.033959463238716125,-0.06561921536922455,-15.275562460000003,19964,55,0.0005,0.8760472536087036,345460,345359,6228
13.463140487670898,17.82,0.49,0.033452801406383514,-0.157609760761261,-14.815892349999999,19968,55,0.0005,1.825575351715088,345524,345423,6229
13.892938613891602,17.68,0.5,0.03283438831567764,-0.45885592699050903,-14.570905570000004,19972,55,0.0005,1.3653037548065186,345592,345491,6230
14.304590225219727,17.72,0.53,0.031912196427583694,-0.0423470139503479,-13.99039717,19976,55,0.0005,1.0594388246536255,345675,345574,6231
14.244526863098145,17.77,0.53,0.03116290457546711,-0.9598787426948547,-13.972111169999998,19980,55,0.0005,0.23815199732780457,345751,345650,6232
14.687697410583496,17.83,0.52,0.03139523044228554,0.8416911959648132,-14.14310586,19984,55,0.0005,0.6604357361793518,345824,345723,6233
13.970987319946289,17.8,0.55,0.03150642290711403,1.0237743854522705,-13.508575869999998,19988,55,0.0005,0.5482019186019897,345893,345792,6234
15.104215621948242,17.76,0.55,0.031977955251932144,-0.9287519454956055,-13.510043830000003,19992,55,0.0005,0.61301589012146,345962,345861,6235
13.790482521057129,17.92,0.55,0.030221397057175636,-1.1637592315673828,-13.527394260000001,19996,55,0.0005,1.1909676790237427,346050,345949,6237
14.467808723449707,18.0,0.55,0.02932143770158291,0.10228341817855835,-13.519086450000001,20000,55,0.0005,1.4014832973480225,346127,346026,6238
13.008050918579102,17.83,0.56,0.029814913868904114,0.42285338044166565,-13.299509039999998,20004,55,0.0005,1.5031217336654663,346192,346091,6239
13.58152961730957,17.89,0.56,0.030601169914007187,0.16313676536083221,-13.288836819999998,20008,55,0.0005,0.519768476486206,346272,346171,6240
14.021917343139648,17.99,0.56,0.0303072240203619,0.34302932024002075,-13.29273234,20012,55,0.0005,0.3588463068008423,346353,346252,6241
15.358906745910645,18.01,0.55,0.030460894107818604,-0.8791905641555786,-13.492739910000001,20016,55,0.0005,1.3459043502807617,346430,346329,6242
16.39923858642578,18.04,0.56,0.03004629723727703,-0.8307954668998718,-13.276211900000003,20020,55,0.0005,0.1903747320175171,346500,346399,6243
13.151698112487793,18.11,0.58,0.029029270634055138,0.056433603167533875,-12.902105100000002,20024,55,0.0005,0.6940003633499146,346576,346475,6244
15.328279495239258,18.31,0.59,0.02926437370479107,0.13478976488113403,-12.670506010000002,20028,55,0.0005,0.4583526849746704,346660,346559,6246
15.756998062133789,18.29,0.58,0.02941209450364113,-0.7180014848709106,-12.86534315,20032,55,0.0005,1.1768393516540527,346731,346630,6247
13.418658256530762,18.35,0.57,0.028272412717342377,-0.34143972396850586,-13.094301699999999,20036,55,0.0005,1.6696068048477173,346817,346716,6248
16.28307342529297,18.23,0.55,0.029345078393816948,-0.5498654842376709,-13.450626360000001,20040,55,0.0005,0.35548532009124756,346887,346786,6249
14.85805892944336,18.45,0.54,0.029454227536916733,0.32491302490234375,-13.69023177,20044,55,0.0005,0.37303972244262695,346964,346863,6250
13.9025239944458,18.58,0.53,0.02912595309317112,0.554896354675293,-13.834218650000002,20048,55,0.0005,0.8116940855979919,347040,346939,6251
15.124810218811035,18.68,0.52,0.029281608760356903,-0.22086010873317719,-14.08391249,20052,55,0.0005,0.634315550327301,347117,347016,6252
13.860017776489258,18.59,0.53,0.02929925173521042,0.05425235629081726,-13.869983979999999,20056,55,0.0005,0.49641329050064087,347181,347080,6253
14.895532608032227,18.53,0.52,0.030412456020712852,1.4864897727966309,-14.02478417,20060,55,0.0005,0.5152820944786072,347246,347145,6254
14.423206329345703,18.59,0.51,0.03228021040558815,0.09257607161998749,-14.178078639999999,20064,55,0.0005,0.65952068567276,347319,347218,6255
14.618885040283203,18.73,0.52,0.03295101970434189,1.3357570171356201,-13.97842543,20068,55,0.0005,0.5581983327865601,347397,347296,6256
13.737688064575195,18.8,0.5,0.03335896506905556,0.32107076048851013,-14.37860627,20072,55,0.0005,0.49383440613746643,347472,347371,6258
14.532842636108398,18.81,0.5,0.03243660181760788,-0.42971864342689514,-14.349925669999998,20076,55,0.0005,2.281057357788086,347556,347455,6259
13.553522109985352,18.89,0.5,0.03107440657913685,-0.4782028794288635,-14.342894900000001,20080,55,0.0005,0.7835967540740967,347640,347539,6260
14.897035598754883,18.93,0.5,0.030162300914525986,-0.39992719888687134,-14.30061175,20084,55,0.0005,0.6881216764450073,347717,347616,6261
12.864267349243164,18.99,0.5,0.030478060245513916,0.04631645977497101,-14.304832640000003,20088,55,0.0005,1.876512885093689,347792,347691,6262
16.043066024780273,19.08,0.5,0.03041679412126541,0.8252385258674622,-14.275211409999999,20092,55,0.0005,0.8213220834732056,347870,347769,6263
13.704971313476562,18.9,0.51,0.030025651678442955,-0.03799581527709961,-14.079602929999998,20096,55,0.0005,0.492036372423172,347940,347839,6264
14.582265853881836,18.96,0.52,0.031052323058247566,0.5852406024932861,-13.88306605,20100,55,0.0005,0.4272143244743347,348023,347922,6266
13.743610382080078,19.08,0.5,0.03060557134449482,-0.7639897465705872,-14.2943107,20104,55,0.0005,0.8109073638916016,348100,347999,6267
15.375997543334961,18.97,0.5,0.03011755272746086,-0.36803537607192993,-14.251842799999999,20108,55,0.0005,0.11943195015192032,348169,348068,6268
13.776905059814453,20.14,0.49,0.028212791308760643,0.7022837996482849,-14.887661549999997,20112,55,0.0005,0.876952052116394,348367,348266,6271
12.661664009094238,20.08,0.48,0.02983640320599079,0.6863664388656616,-15.070723489999999,20116,55,0.0005,0.9046410918235779,348438,348337,6272
14.926627159118652,20.14,0.49,0.031334418803453445,0.6376761198043823,-14.83626422,20120,55,0.0005,0.36315709352493286,348514,348413,6273
13.623329162597656,20.18,0.45,0.03176329657435417,0.14119356870651245,-15.573162660000003,20124,55,0.0005,0.38276201486587524,348594,348493,6274
14.524444580078125,19.96,0.46,0.03216163069009781,-0.10802385210990906,-15.378803040000001,20128,55,0.0005,0.5270000696182251,348656,348555,6275
14.06539249420166,20.21,0.46,0.031170455738902092,0.8067280650138855,-15.37401651,20132,55,0.0005,0.6102834939956665,348752,348651,6276
14.307247161865234,20.11,0.46,0.03130254149436951,0.06141145899891853,-15.358973409999999,20136,55,0.0005,1.0002790689468384,348828,348727,6277
12.99074935913086,20.11,0.48,0.031905099749565125,-0.12920159101486206,-14.953342389999998,20140,55,0.0005,0.5265081524848938,348898,348797,6278
15.087778091430664,20.09,0.49,0.031719502061605453,-0.20072665810585022,-14.633424899999996,20144,55,0.0005,0.4392213523387909,348973,348872,6280
13.260623931884766,20.2,0.48,0.03078269585967064,-0.8978192806243896,-14.761581719999999,20148,55,0.0005,1.9713577032089233,349060,348959,6281
15.029271125793457,20.23,0.51,0.030448971316218376,-0.8403359651565552,-14.166440279999996,20152,55,0.0005,0.5078715682029724,349140,349039,6282
13.876498222351074,20.42,0.51,0.029861651360988617,-0.7315136194229126,-14.20686974,20156,55,0.0005,0.5088813304901123,349223,349122,6283
14.637454986572266,20.47,0.52,0.029378680512309074,-0.16309070587158203,-13.999764129999999,20160,55,0.0005,0.6808009147644043,349293,349192,6284
12.685001373291016,20.5,0.52,0.03042016364634037,0.7637483477592468,-14.01217095,20164,55,0.0005,0.5788604617118835,349369,349268,6285
13.337495803833008,20.47,0.5,0.03190036863088608,-0.11477911472320557,-14.403832420000004,20168,55,0.0005,0.2943066358566284,349444,349343,6286
13.87500286102295,20.47,0.5,0.03236662596464157,0.5894701480865479,-14.36465824,20172,55,0.0005,0.6343212127685547,349519,349418,6288
12.734187126159668,20.31,0.49,0.03218527510762215,-0.6943254470825195,-14.546575299999999,20176,55,0.0005,0.8083075284957886,349587,349486,6289
11.92592716217041,20.17,0.51,0.03236761689186096,1.576012372970581,-14.144759140000001,20180,55,0.0005,0.44692665338516235,349657,349556,6290
13.155366897583008,20.26,0.53,0.03287466987967491,0.4881717562675476,-13.821485390000003,20184,55,0.0005,0.8011932373046875,349743,349642,6291
15.866556167602539,20.55,0.54,0.032885029911994934,0.4141194224357605,-13.72963105,20188,55,0.0005,0.8443456888198853,349847,349746,6292
15.25124454498291,20.55,0.55,0.033347100019454956,-0.18752434849739075,-13.524659810000003,20192,55,0.0005,1.413010835647583,349925,349824,6294
13.646760940551758,20.73,0.54,0.03081556409597397,-0.4822394847869873,-13.750867450000005,20196,55,0.0005,2.0263166427612305,350013,349912,6316
14.646921157836914,20.62,0.53,0.030375411733984947,-0.6772341132164001,-13.928046310000003,20200,55,0.0005,0.7012428045272827,350085,349984,6317
14.409103393554688,20.63,0.54,0.030396733433008194,0.0848517119884491,-13.69313664,20204,55,0.0005,1.6678528785705566,350163,350062,6318
13.03639030456543,20.61,0.53,0.0315450057387352,-0.4995678663253784,-13.887439009999998,20208,55,0.0005,0.4284318685531616,350230,350129,6319
14.096061706542969,19.37,0.55,0.03174176812171936,0.30252504348754883,-13.079353089999998,20212,55,0.0005,0.6161538362503052,350304,350203,6320
12.95880126953125,19.41,0.56,0.03170748054981232,-0.03863588720560074,-12.865629819999999,20216,55,0.0005,1.609386682510376,350379,350278,6321
14.766887664794922,19.42,0.57,0.03174394741654396,-0.07222956418991089,-12.686468740000002,20220,55,0.0005,0.8878525495529175,350456,350355,6323
12.06576919555664,19.32,0.58,0.030942944809794426,-0.4223676025867462,-12.488629840000002,20224,55,0.0005,0.7674649953842163,350526,350425,6324
13.151960372924805,19.39,0.56,0.030874883756041527,0.3133658468723297,-12.899188419999998,20228,55,0.0005,0.8631691932678223,350595,350494,6325
14.995813369750977,19.23,0.56,0.029936272650957108,-0.8253120183944702,-12.899574129999998,20232,55,0.0005,0.33909738063812256,350675,350574,6326
13.702082633972168,19.37,0.58,0.030109576880931854,0.4096473455429077,-12.536756310000001,20236,55,0.0005,0.3423200249671936,350765,350664,6327
13.574146270751953,19.31,0.58,0.03009050153195858,-0.3213128447532654,-12.57853658,20240,55,0.0005,0.37764474749565125,350829,350728,6328
13.117246627807617,19.41,0.6,0.030606774613261223,0.5778423547744751,-12.2647596,20244,55,0.0005,1.128888487815857,350914,350813,6329
13.908870697021484,19.32,0.62,0.030449602752923965,-0.1150103211402893,-11.94989067,20248,55,0.0005,1.1007835865020752,350992,350891,6331
14.339506149291992,19.35,0.61,0.03002946823835373,-0.4003311097621918,-12.137918090000001,20252,55,0.0005,0.8072915077209473,351075,350974,6332
12.057123184204102,19.22,0.61,0.029212528839707375,-0.18781602382659912,-12.097038049999997,20256,55,0.0005,0.4919114410877228,351145,351044,6333
13.270238876342773,19.3,0.62,0.029497995972633362,0.3550069332122803,-11.959309379999997,20260,55,0.0005,0.36712104082107544,351223,351122,6334
13.858695983886719,19.34,0.63,0.029992153868079185,-0.022537335753440857,-11.81524655,20264,55,0.0005,1.8862746953964233,351303,351202,6335
14.078378677368164,19.37,0.64,0.030118068680167198,-0.02534128725528717,-11.604764039999997,20268,55,0.0005,1.2016150951385498,351381,351280,6336
15.383852005004883,19.29,0.65,0.029875993728637695,-0.18965590000152588,-11.435250020000002,20272,55,0.0005,0.8351377248764038,351448,351347,6337
13.369702339172363,19.43,0.65,0.031037140637636185,0.34885379672050476,-11.429239489999997,20276,55,0.0005,1.2741963863372803,351530,351429,6338
12.63620662689209,19.53,0.63,0.032001104205846786,0.21070915460586548,-11.77177929,20280,55,0.0005,0.919303297996521,351610,351509,6340
13.66842269897461,19.35,0.62,0.0323600172996521,0.47793662548065186,-11.919357380000001,20284,55,0.0005,1.2385544776916504,351678,351577,6341
12.9690523147583,20.08,0.59,0.032922279089689255,-0.2508600056171417,-12.589200539999997,20288,55,0.0005,0.9911773204803467,351855,351754,6343
12.520902633666992,20.0,0.59,0.033299628645181656,0.2648639976978302,-12.594660520000001,20292,55,0.0005,0.5563278794288635,351925,351824,6344
13.142007827758789,19.75,0.61,0.03336060047149658,0.05688384920358658,-12.14843398,20296,55,0.0005,1.024681568145752,351988,351887,6345
14.020543098449707,19.66,0.61,0.03345072641968727,0.27989262342453003,-12.113304810000002,20300,55,0.0005,0.5715042352676392,352051,351950,6346
14.766548156738281,19.62,0.6,0.033108294010162354,-0.31809961795806885,-12.332934680000003,20304,55,0.0005,1.3214765787124634,352125,352024,6347
13.768797874450684,19.77,0.6,0.03183211013674736,0.04784157872200012,-12.375862350000002,20308,55,0.0005,0.8862950801849365,352207,352106,6348
14.86447811126709,19.82,0.59,0.03126257285475731,-0.059410370886325836,-12.532553110000004,20312,55,0.0005,0.893841564655304,352286,352185,6350
14.439590454101562,19.88,0.59,0.030735323205590248,-0.28180772066116333,-12.55746917,20316,55,0.0005,0.4946161210536957,352367,352266,6351
13.93214225769043,19.85,0.57,0.030581975355744362,-0.45734739303588867,-12.945606750000001,20320,55,0.0005,1.1128034591674805,352441,352340,6352
14.165853500366211,19.8,0.58,0.03033384121954441,-0.13629715144634247,-12.77308965,20324,55,0.0005,0.3932919502258301,352506,352405,6353
13.942131996154785,19.9,0.57,0.02992701716721058,-0.14079463481903076,-12.93344151,20328,55,0.0005,0.8281757831573486,352585,352484,6354
14.384068489074707,19.95,0.58,0.030092187225818634,0.35520246624946594,-12.74318381,20332,55,0.0005,0.6715325117111206,352670,352569,6355
14.691174507141113,19.73,0.58,0.030780773609876633,0.4854664206504822,-12.70039534,20336,55,0.0005,3.684657096862793,352738,352637,6356
13.475205421447754,19.76,0.57,0.031014468520879745,-1.443587303161621,-12.860724409999998,20340,55,0.0005,1.1641254425048828,352805,352704,6357
14.686263084411621,19.78,0.55,0.029840044677257538,0.13194561004638672,-13.26024529,20344,55,0.0005,1.2641068696975708,352892,352791,6358
13.626901626586914,19.89,0.55,0.03006044216454029,-0.4152491092681885,-13.247491059999998,20348,55,0.0005,0.2721549868583679,352981,352880,6360
13.678703308105469,19.98,0.54,0.029449844732880592,-1.2468557357788086,-13.457397769999998,20352,55,0.0005,0.766221284866333,353073,352972,6361
14.037317276000977,20.14,0.54,0.029462460428476334,0.044701188802719116,-13.50782511,20356,55,0.0005,0.5861802697181702,353159,353058,6362
13.41885757446289,20.16,0.53,0.028614290058612823,0.2198157012462616,-13.685794989999998,20360,55,0.0005,0.49854716658592224,353239,353138,6364
13.104714393615723,20.12,0.52,0.02830340899527073,-1.198481798171997,-13.8655535,20364,55,0.0005,1.2148700952529907,353315,353214,6365
15.99850082397461,20.14,0.52,0.028484340757131577,1.0392457246780396,-13.908693850000002,20368,55,0.0005,1.6829218864440918,353395,353294,6366
12.232054710388184,20.16,0.51,0.029901092872023582,0.2808547019958496,-14.118398140000002,20372,55,0.0005,1.0928637981414795,353464,353363,6367
13.09564208984375,20.04,0.51,0.029873009771108627,-0.4511653184890747,-14.075810779999998,20376,55,0.0005,1.7981611490249634,353534,353433,6368
14.623608589172363,20.01,0.52,0.029370542615652084,0.43331658840179443,-13.939559,20380,55,0.0005,2.0233571529388428,353611,353510,6369
13.400592803955078,20.04,0.53,0.02931862138211727,-0.3360670506954193,-13.711008249999997,20384,55,0.0005,2.6417770385742188,353682,353581,6370
14.718605041503906,19.08,0.54,0.028642255812883377,0.2104502171278,-13.385865999999998,20388,55,0.0005,0.7693076729774475,353763,353662,6371
13.549983978271484,19.11,0.54,0.029401445761322975,-0.2306918203830719,-13.397290660000001,20392,55,0.0005,1.0909206867218018,353836,353735,6372
14.735122680664062,19.22,0.54,0.03019612468779087,0.9328022003173828,-13.425476830000001,20396,55,0.0005,0.6032067537307739,353910,353809,6373
14.308150291442871,19.3,0.54,0.030932677909731865,0.3133988380432129,-13.44946397,20400,55,0.0005,0.484075129032135,353981,353880,6375
14.343381881713867,19.29,0.55,0.03163924440741539,0.5582184195518494,-13.291345280000003,20404,55,0.0005,1.6174540519714355,354054,353953,6376
13.385306358337402,19.27,0.56,0.032559677958488464,0.06484837830066681,-13.094530280000004,20408,55,0.0005,0.8616241216659546,354134,354033,6377
15.890172004699707,19.32,0.57,0.03247286379337311,-0.7656514644622803,-12.958249460000001,20412,55,0.0005,1.3524775505065918,354218,354117,6378
15.008533477783203,20.53,0.57,0.0335969403386116,0.2795785367488861,-13.239587820000002,20416,55,0.0005,1.6069004535675049,354420,354319,6381
12.413652420043945,20.48,0.57,0.03458099812269211,0.7793333530426025,-13.225415439999999,20420,55,0.0005,0.38314124941825867,354489,354388,6382
14.437662124633789,20.58,0.58,0.03467778488993645,-1.032470464706421,-13.019919380000001,20424,55,0.0005,0.767295241355896,354564,354463,6383
13.870792388916016,20.69,0.6,0.032269373536109924,-0.6035853028297424,-12.66227886,20428,55,0.0005,0.4644225239753723,354654,354553,6384
13.196850776672363,20.58,0.6,0.0316346138715744,-0.5215698480606079,-12.63832773,20432,55,0.0005,0.6295104026794434,354728,354627,6385
13.362308502197266,20.63,0.59,0.031495217233896255,0.7699213624000549,-12.87439463,20436,55,0.0005,1.2183971405029297,354801,354700,6387
13.158909797668457,20.7,0.59,0.03159300982952118,-0.1162150651216507,-12.857777630000001,20440,55,0.0005,1.2900466918945312,354875,354774,6388
13.060355186462402,20.55,0.58,0.030706588178873062,-1.1390928030014038,-12.971965489999997,20444,55,0.0005,0.3379746079444885,354947,354846,6389
15.21127700805664,20.44,0.59,0.030230460688471794,-0.1458054631948471,-12.74845034,20448,55,0.0005,1.5804166793823242,355025,354924,6390
13.674121856689453,20.27,0.58,0.030178511515259743,0.4473664164543152,-12.869581949999997,20452,55,0.0005,0.3221418559551239,355100,354999,6391
13.407231330871582,20.17,0.58,0.03029739297926426,-0.2157827615737915,-12.824875039999997,20456,55,0.0005,0.5145941972732544,355176,355075,6392
13.938807487487793,20.03,0.59,0.030513746663928032,-0.4588641822338104,-12.60878082,20460,55,0.0005,0.513861894607544,355242,355141,6393
13.650585174560547,19.95,0.58,0.029971566051244736,-0.4209636449813843,-12.778878339999997,20464,55,0.0005,0.6449216604232788,355310,355209,6394
14.064236640930176,19.81,0.59,0.029670117422938347,-0.18111038208007812,-12.54518808,20468,55,0.0005,1.182030439376831,355376,355275,6395
12.60584831237793,19.85,0.58,0.030060477554798126,-0.5422838926315308,-12.716192250000004,20472,55,0.0005,1.3064510822296143,355449,355348,6396
14.598426818847656,19.84,0.56,0.029972638934850693,0.27456820011138916,-13.111066749999997,20476,55,0.0005,0.8097575902938843,355518,355417,6397
14.125835418701172,19.89,0.55,0.030620206147432327,0.8994828462600708,-13.336699079999999,20480,55,0.0005,1.162200689315796,355600,355499,6398
13.600290298461914,19.93,0.53,0.031016593798995018,-0.29423075914382935,-13.72960509,20484,55,0.0005,0.6611570715904236,355675,355574,6399
12.909685134887695,19.81,0.54,0.03094695881009102,0.20154151320457458,-13.48070995,20488,55,0.0005,0.26364219188690186,355744,355643,6400
14.140063285827637,19.92,0.54,0.0312147568911314,-0.6853594779968262,-13.487149610000001,20492,55,0.0005,0.5382425785064697,355828,355727,6402
13.28646469116211,24.93,0.51,0.028014475479722023,0.11505313217639923,-14.569294219999996,20496,55,0.0005,1.6985087394714355,356403,356302,6410
14.44139575958252,25.12,0.51,0.029156459495425224,0.7254301309585571,-14.604910760000001,20500,55,0.0005,0.35887646675109863,356493,356392,6411
13.919054985046387,25.23,0.5,0.02981528267264366,1.0924975872039795,-14.83255316,20504,55,0.0005,0.9826157093048096,356577,356476,6413
13.294214248657227,25.25,0.49,0.030178096145391464,-0.533675491809845,-15.02899555,20508,55,0.0005,1.1656618118286133,356659,356558,6414
13.880332946777344,25.15,0.49,0.030257683247327805,-0.062305741012096405,-15.010295099999999,20512,55,0.0005,0.6013400554656982,356733,356632,6415
13.831071853637695,23.86,0.5,0.02968389354646206,0.34630632400512695,-14.536291900000002,20516,55,0.0005,0.9324352145195007,356806,356705,6416
14.77033805847168,23.91,0.48,0.02981739491224289,0.4574646055698395,-14.884730580000003,20520,55,0.0005,0.9551684856414795,356880,356779,6417
12.324737548828125,23.9,0.48,0.029313595965504646,-0.6118260025978088,-14.943598929999999,20524,55,0.0005,1.3757812976837158,356954,356853,6418
14.586563110351562,23.8,0.48,0.029258646070957184,0.04659146070480347,-14.9627355,20528,55,0.0005,0.534671425819397,357034,356933,6419
16.010852813720703,23.79,0.47,0.029640041291713715,-0.9339466691017151,-15.189337489999998,20532,55,0.0005,2.7313413619995117,357107,357006,6420
13.07771110534668,23.76,0.46,0.029869092628359795,0.1928119957447052,-15.34202506,20536,55,0.0005,0.8809871077537537,357177,357076,6421
13.451303482055664,23.69,0.45,0.031297795474529266,0.6393187046051025,-15.563843029999997,20540,55,0.0005,0.8750818967819214,357244,357143,6422
12.892244338989258,23.75,0.47,0.031489159911870956,-0.029312103986740112,-15.19301524,20544,55,0.0005,0.8510609865188599,357322,357221,6424
13.375622749328613,23.68,0.46,0.03163084015250206,0.5840821862220764,-15.391272439999998,20548,55,0.0005,0.5505050420761108,357393,357292,6425
13.965631484985352,23.71,0.48,0.031105130910873413,-0.44495338201522827,-15.033715459999998,20552,55,0.0005,0.4371880888938904,357471,357370,6426
13.899301528930664,23.73,0.49,0.030656583607196808,0.11400218307971954,-14.878678440000002,20556,55,0.0005,0.3962228298187256,357549,357448,6427
14.195987701416016,23.85,0.49,0.029833819717168808,-0.9019322395324707,-14.91237674,20560,55,0.0005,0.43960660696029663,357627,357526,6428
14.218843460083008,23.83,0.52,0.029479946941137314,-0.34694531559944153,-14.336318040000002,20564,55,0.0005,0.38536834716796875,357693,357592,6429
12.971925735473633,23.98,0.51,0.02957664243876934,-0.7220416069030762,-14.52829371,20568,55,0.0005,0.7414819002151489,357774,357673,6430
13.022021293640137,23.93,0.52,0.029641659930348396,1.136868953704834,-14.34619525,20572,55,0.0005,0.8733758926391602,357842,357741,6431
13.680074691772461,23.96,0.55,0.029769062995910645,0.5810092687606812,-13.762317500000002,20576,55,0.0005,0.38566452264785767,357914,357813,6432
13.089986801147461,23.95,0.55,0.029897890985012054,-0.32360607385635376,-13.7641672,20580,55,0.0005,0.23924916982650757,357995,357894,6434
13.134565353393555,24.08,0.58,0.029829801991581917,0.48473256826400757,-13.262105429999997,20584,55,0.0005,0.47838008403778076,358083,357982,6435
12.542436599731445,24.05,0.59,0.030565164983272552,-0.9358745217323303,-13.068656529999998,20588,55,0.0005,2.1118149757385254,358149,358048,6436
15.115134239196777,23.9,0.57,0.0304632056504488,0.7439305782318115,-13.473767260000002,20592,55,0.0005,0.544922947883606,358218,358117,6437
14.789970397949219,18.98,0.58,0.029914911836385727,-0.24543675780296326,-12.83059677,20596,55,0.0005,1.4683804512023926,358301,358200,6440
15.26036262512207,18.79,0.58,0.031358011066913605,0.4986216425895691,-12.868589689999999,20600,55,0.0005,1.1035212278366089,358372,358271,6441
14.682039260864258,18.72,0.6,0.030882103368639946,0.7093215584754944,-12.404729979999999,20604,55,0.0005,1.6906158924102783,358449,358348,6443
13.299468994140625,18.69,0.58,0.03130660578608513,0.4924396276473999,-12.785443399999998,20608,55,0.0005,1.4158607721328735,358528,358427,6445
13.195294380187988,18.72,0.57,0.03279567137360573,0.6692631244659424,-13.01063965,20612,55,0.0005,1.0918669700622559,358605,358504,6447
14.000908851623535,18.83,0.55,0.03425067663192749,0.4505540430545807,-13.42036162,20616,55,0.0005,0.6522140502929688,358689,358588,6449
14.229933738708496,18.81,0.57,0.03532751277089119,0.0014031380414962769,-13.061979639999999,20620,55,0.0005,0.45340079069137573,358761,358660,6451
14.707913398742676,18.97,0.57,0.033534079790115356,-1.5520601272583008,-13.073160869999999,20624,55,0.0005,1.1682486534118652,358851,358750,6453
14.928844451904297,18.94,0.58,0.032550811767578125,0.9723774194717407,-12.84225656,20628,55,0.0005,0.6697233319282532,358928,358827,6455
13.862277030944824,19.02,0.58,0.033223118633031845,-0.2920868396759033,-12.81628236,20632,55,0.0005,0.769255518913269,359009,358908,6457
14.40985107421875,19.17,0.58,0.03221433609724045,-0.251996248960495,-12.886824990000001,20636,55,0.0005,0.31056901812553406,359094,358993,6459
14.060447692871094,19.26,0.58,0.0317564494907856,-0.14455530047416687,-12.889604810000003,20640,55,0.0005,0.5876713991165161,359170,359069,6461
14.930734634399414,19.26,0.57,0.03155248239636421,0.07623447477817535,-13.114309720000001,20644,55,0.0005,0.6556779146194458,359248,359147,6463
14.052248001098633,19.39,0.58,0.03143610805273056,-0.602007269859314,-12.95539906,20648,55,0.0005,1.987822413444519,359332,359231,6465
14.538368225097656,19.3,0.57,0.03240573778748512,-0.07807262986898422,-13.13727951,20652,55,0.0005,1.1227891445159912,359401,359300,6466
13.676947593688965,19.26,0.56,0.032097719609737396,-0.07317428290843964,-13.291343239999998,20656,55,0.0005,1.865389108657837,359475,359374,6468
13.474771499633789,19.2,0.57,0.032353997230529785,0.37753796577453613,-13.076852220000001,20660,55,0.0005,1.2186617851257324,359547,359446,6470
12.229679107666016,19.38,0.57,0.032604582607746124,-0.26014572381973267,-13.12734911,20664,55,0.0005,0.6524748802185059,359631,359530,6472
13.673315048217773,19.34,0.57,0.03274443373084068,0.3067172169685364,-13.135158539999999,20668,55,0.0005,0.7519505023956299,359708,359607,6474
13.250688552856445,19.46,0.56,0.03223457187414169,-0.4935251772403717,-13.270031390000002,20672,55,0.0005,0.8315109014511108,359788,359687,6476
14.822066307067871,19.49,0.54,0.03158833831548691,0.10813669860363007,-13.712137749999997,20676,55,0.0005,2.3058128356933594,359863,359762,6478
13.228568077087402,19.44,0.57,0.031143875792622566,0.44915497303009033,-13.103017049999998,20680,55,0.0005,1.4247832298278809,359939,359838,6479
14.607336044311523,19.33,0.53,0.03146662190556526,-0.7791946530342102,-13.78488012,20684,55,0.0005,0.6855303049087524,360016,359915,6495
12.433072090148926,19.37,0.52,0.031664639711380005,-0.05385054647922516,-13.969459590000001,20688,55,0.0005,0.9433451890945435,360086,359985,6496
14.013705253601074,19.48,0.51,0.03237280249595642,-0.1324617862701416,-14.054815999999999,20692,55,0.0005,0.280442476272583,360166,360065,6498
14.38892936706543,19.43,0.5,0.03233879804611206,-0.004650712013244629,-14.15005171,20696,55,0.0005,0.375942587852478,360244,360143,6499
12.486902236938477,19.38,0.5,0.03291557729244232,-0.023272335529327393,-14.101489269999997,20700,55,0.0005,1.3456768989562988,360310,360209,6500
14.355949401855469,19.33,0.5,0.033012669533491135,0.04816274344921112,-14.100334329999999,20704,55,0.0005,0.33068403601646423,360382,360281,6501
14.077783584594727,19.34,0.52,0.03248654678463936,-0.9186176061630249,-13.680293989999997,20708,55,0.0005,0.2442350685596466,360462,360361,6502
13.051958084106445,19.4,0.53,0.03161051124334335,-0.23475651443004608,-13.463913959999998,20712,55,0.0005,0.8297064900398254,360545,360444,6503
14.131851196289062,19.24,0.55,0.031292714178562164,-0.25857970118522644,-13.039687670000001,20716,55,0.0005,0.25958091020584106,360613,360512,6504
14.147231101989746,19.26,0.56,0.031382229179143906,0.08644711971282959,-12.879581580000002,20720,55,0.0005,1.7088782787322998,360687,360586,6505
13.292186737060547,19.0,0.55,0.031305428594350815,-1.9596103429794312,-13.009981690000002,20724,55,0.0005,1.1714515686035156,360751,360650,6506
14.92233943939209,19.06,0.56,0.029635844752192497,-0.8124969005584717,-12.857804490000001,20728,55,0.0005,0.5514939427375793,360834,360733,6507
12.491720199584961,18.96,0.57,0.02916465699672699,-0.7004925012588501,-12.6512329,20732,55,0.0005,0.4279961585998535,360905,360804,6508
13.190811157226562,18.88,0.6,0.02920897677540779,0.2577073574066162,-12.040770049999997,20736,55,0.0005,0.3896772861480713,360982,360881,6510
13.547748565673828,18.89,0.6,0.02913562022149563,-0.4239675998687744,-12.055468670000003,20740,55,0.0005,1.181288480758667,361059,360958,6511
14.457173347473145,18.92,0.61,0.028792664408683777,-1.3425523042678833,-11.87034066,20744,55,0.0005,0.3679298162460327,361140,361039,6512
13.617349624633789,18.83,0.58,0.02863178960978985,0.3341578543186188,-12.384617019999999,20748,55,0.0005,0.4431402087211609,361215,361114,6513
13.200862884521484,18.98,0.58,0.02948235161602497,0.7479281425476074,-12.38429978,20752,55,0.0005,0.3722633719444275,361299,361198,6514
14.153141975402832,19.06,0.59,0.030661845579743385,0.6711642146110535,-12.242466319999998,20756,55,0.0005,2.129354953765869,361381,361280,6515
13.644838333129883,19.17,0.57,0.03246061131358147,0.22572758793830872,-12.622718359999999,20760,55,0.0005,0.8951131105422974,361464,361363,6517
14.094039916992188,19.09,0.56,0.03190537914633751,-0.01053626835346222,-12.791424570000002,20764,55,0.0005,0.7156429290771484,361540,361439,6518
12.680192947387695,19.13,0.57,0.03225010633468628,-0.19914387166500092,-12.634145919999998,20768,55,0.0005,1.3779717683792114,361621,361520,6519
12.367937088012695,19.03,0.59,0.031734906136989594,0.22481079399585724,-12.325119429999997,20772,55,0.0005,1.4018609523773193,361691,361590,6520
13.152289390563965,18.97,0.6,0.031845029443502426,-0.9946455359458923,-12.117595309999999,20776,55,0.0005,1.104736089706421,361760,361659,6521
12.086780548095703,18.94,0.59,0.03242545574903488,-0.38812053203582764,-12.259158229999999,20780,55,0.0005,1.3177145719528198,361833,361732,6522
14.177970886230469,18.87,0.62,0.032073866575956345,-0.5045771598815918,-11.713346480000002,20784,55,0.0005,0.7960653901100159,361903,361802,6523
12.26519775390625,18.93,0.62,0.03179382532835007,0.24443361163139343,-11.77278572,20788,55,0.0005,0.7863986492156982,361979,361878,6524
12.922516822814941,18.91,0.66,0.03146497905254364,-0.1357557326555252,-11.097942160000002,20792,55,0.0005,0.5324689149856567,362057,361956,6525
12.986383438110352,18.92,0.67,0.030550580471754074,-0.7898625135421753,-10.94598879,20796,55,0.0005,1.3197964429855347,362136,362035,6526
12.1033935546875,18.96,0.69,0.029450325295329094,-0.4769905209541321,-10.538997290000003,20800,55,0.0005,1.0112361907958984,362206,362105,6528
14.531169891357422,19.07,0.7,0.02893907018005848,-0.5836452841758728,-10.381589419999996,20804,55,0.0005,1.1418933868408203,362289,362188,6529
12.443899154663086,19.13,0.69,0.02879933826625347,0.3538942337036133,-10.64768139,20808,55,0.0005,1.3953163623809814,362375,362274,6530
13.121294021606445,18.95,0.69,0.029718246310949326,0.971217691898346,-10.609490329999998,20812,55,0.0005,0.44638586044311523,362440,362339,6531
15.184690475463867,18.92,0.68,0.029911482706665993,-0.06696915626525879,-10.812696049999998,20816,55,0.0005,0.607948899269104,362505,362404,6532
13.223087310791016,18.91,0.69,0.030705438926815987,-0.16434645652770996,-10.597892989999998,20820,55,0.0005,1.8947542905807495,362578,362477,6533
13.997434616088867,18.97,0.68,0.03089405596256256,0.3548412621021271,-10.806905709999999,20824,55,0.0005,1.2374844551086426,362648,362547,6534
11.704936981201172,18.8,0.67,0.030371762812137604,-0.38507866859436035,-10.967826890000001,20828,55,0.0005,2.0793442726135254,362714,362613,6535
12.761533737182617,18.75,0.66,0.02958858385682106,1.1750348806381226,-11.19537983,20832,55,0.0005,0.25027453899383545,362780,362679,6536
13.18250846862793,18.65,0.64,0.03062598779797554,-0.3091913163661957,-11.605374860000001,20836,55,0.0005,1.5461602210998535,362847,362746,6537
12.377288818359375,18.59,0.65,0.030243495479226112,0.2710728347301483,-11.38897597,20840,55,0.0005,0.6333060264587402,362918,362817,6538
14.041118621826172,18.55,0.66,0.031266581267118454,0.3960290551185608,-11.182496540000002,20844,55,0.0005,1.503744125366211,362995,362894,6538
13.44718074798584,18.62,0.67,0.031147819012403488,0.7187520265579224,-11.072624489999999,20848,55,0.0005,0.8183358907699585,363077,362976,6540
13.474510192871094,18.49,0.66,0.031768325716257095,0.4607240855693817,-11.261436890000002,20852,55,0.0005,0.4085012972354889,363148,363047,6541
13.825218200683594,18.3,0.65,0.03199182078242302,-0.9305663108825684,-11.41788993,20856,55,0.0005,1.5245968103408813,363211,363110,6542
15.507392883300781,18.15,0.65,0.03184143826365471,-0.2806473970413208,-11.42276607,20860,55,0.0005,1.880250334739685,363279,363178,6543
12.373422622680664,18.11,0.64,0.031082788482308388,-0.9486789703369141,-11.603733420000001,20864,55,0.0005,0.49605318903923035,363351,363250,6544
13.373212814331055,18.06,0.63,0.03117222525179386,0.9891795516014099,-11.763927180000001,20868,55,0.0005,0.8624187707901001,363427,363326,6545
13.739747047424316,18.02,0.61,0.031797755509614944,-0.2070966362953186,-12.184919679999998,20872,55,0.0005,0.7898527979850769,363493,363392,6546
15.638505935668945,18.22,0.6,0.03184991329908371,1.6220825910568237,-12.455479859999999,20876,55,0.0005,1.2754632234573364,363582,363481,6547
16.1197566986084,18.17,0.59,0.03443486616015434,1.3147149085998535,-12.714178219999999,20880,55,0.0005,1.1326968669891357,363650,363549,6547
12.98348617553711,18.32,0.58,0.035719431936740875,0.8997043967247009,-12.926395409999998,20884,55,0.0005,1.1771154403686523,363735,363634,6549
17.425745010375977,18.43,0.56,0.03572364151477814,-0.21234264969825745,-13.268138439999998,20888,55,0.0005,0.8106449246406555,363822,363721,6550
14.522607803344727,18.44,0.54,0.03540768846869469,-0.16956230998039246,-13.639699499999999,20892,55,0.0005,1.465357780456543,363901,363800,6551
12.737262725830078,18.36,0.54,0.035179100930690765,-0.23053552210330963,-13.654685600000002,20896,55,0.0005,0.7394595146179199,363972,363871,6552
14.455279350280762,18.38,0.54,0.0357900932431221,-0.09545105695724487,-13.66068157,20900,55,0.0005,0.5513428449630737,364044,363943,6553
12.815913200378418,18.36,0.53,0.0351424403488636,-0.21752184629440308,-13.871118710000001,20904,55,0.0005,0.49209702014923096,364125,364024,6554
13.648193359375,18.39,0.54,0.03534972295165062,0.4133022725582123,-13.748163920000001,20908,55,0.0005,2.1241846084594727,364214,364113,6555
13.339583396911621,18.61,0.52,0.03480411693453789,-0.8614959716796875,-14.248959129999998,20912,55,0.0005,0.5036029815673828,364301,364200,6557
12.923783302307129,18.74,0.52,0.03402594476938248,0.5363178253173828,-14.267173679999999,20916,55,0.0005,0.7176080942153931,364379,364278,6558
13.108636856079102,18.75,0.5,0.03377727419137955,0.2535964250564575,-14.667782520000001,20920,55,0.0005,0.7863086462020874,364453,364352,6559
13.092802047729492,18.78,0.52,0.03377058729529381,-0.4432477653026581,-14.29469627,20924,55,0.0005,1.3771474361419678,364526,364425,6560
13.000386238098145,18.96,0.51,0.033161647617816925,-0.25742441415786743,-14.563736139999998,20928,55,0.0005,1.8750712871551514,364610,364509,6561
14.401970863342285,19.03,0.51,0.033252883702516556,0.023307636380195618,-14.541926129999995,20932,55,0.0005,1.754976749420166,364683,364582,6562
12.785740852355957,19.09,0.51,0.03179605305194855,-0.9514508247375488,-14.484393520000001,20936,55,0.0005,2.2209763526916504,364756,364655,6563
12.610913276672363,19.21,0.52,0.030954359099268913,-0.6981548070907593,-14.3009405,20940,55,0.0005,0.8203293085098267,364839,364738,6565
12.95409870147705,19.11,0.51,0.030737608671188354,0.5368061065673828,-14.48552186,20944,55,0.0005,0.7683541774749756,364906,364805,6566
14.817045211791992,18.93,0.53,0.031115591526031494,-0.49774402379989624,-14.032475110000002,20948,55,0.0005,0.3205321431159973,364970,364869,6566
12.482946395874023,18.94,0.54,0.030231866985559464,-0.47118833661079407,-13.84863454,20952,55,0.0005,0.5874624252319336,365042,364941,6568
15.587992668151855,19.05,0.53,0.030528103932738304,0.04599645733833313,-14.0934078,20956,55,0.0005,0.5169923305511475,365116,365015,6569
10.95281982421875,19.18,0.52,0.029724381864070892,-0.305646687746048,-14.319049160000002,20960,55,0.0005,1.8695157766342163,365197,365096,6570
14.202630996704102,19.12,0.5,0.029061201959848404,-0.26941198110580444,-14.787667789999995,20964,55,0.0005,1.334436058998108,365263,365162,6571
13.422477722167969,19.08,0.49,0.028425810858607292,-0.1589844971895218,-15.013908149999999,20968,55,0.0005,1.2845127582550049,365335,365234,6572
14.609930038452148,19.21,0.5,0.027825376018881798,0.5185313820838928,-14.79737742,20972,55,0.0005,2.3228766918182373,365414,365313,6573
12.799720764160156,19.24,0.51,0.028266042470932007,0.8370001316070557,-14.522138899999998,20976,55,0.0005,0.6395384073257446,365506,365405,6574
12.869772911071777,19.35,0.52,0.029084337875247,1.4084594249725342,-14.292477170000002,20980,55,0.0005,0.3910330533981323,365585,365484,6575
12.967788696289062,19.3,0.54,0.030084488913416862,0.11764350533485413,-13.915893529999998,20984,55,0.0005,2.375920295715332,365665,365564,6577
13.46657943725586,19.13,0.55,0.030336592346429825,0.25558018684387207,-13.700759130000002,20988,55,0.0005,0.4593855142593384,365735,365634,6578
13.830474853515625,18.98,0.55,0.0311032272875309,-0.3749961853027344,-13.668997210000002,20992,55,0.0005,0.42754560708999634,365799,365698,6579
11.611993789672852,19.07,0.56,0.031425122171640396,0.666815459728241,-13.463106340000001,20996,55,0.0005,1.4033915996551514,365879,365778,6580
14.31060791015625,19.1,0.55,0.031215745955705643,-0.5924372673034668,-13.62864101,21000,55,0.0005,1.3819372653961182,365954,365853,6581
13.227066993713379,19.05,0.55,0.0307210274040699,-1.1494007110595703,-13.595509040000001,21004,55,0.0005,0.8099263310432434,366030,365929,6582
12.794210433959961,18.83,0.55,0.03028770722448826,0.8901019096374512,-13.508238030000003,21008,55,0.0005,0.5268346667289734,366097,365996,6583
13.738761901855469,18.72,0.57,0.03128711134195328,0.6653882265090942,-13.028603699999996,21012,55,0.0005,0.4986417889595032,366173,366072,6584
12.933349609375,18.67,0.56,0.032611824572086334,-0.23039138317108154,-13.243325349999997,21016,55,0.0005,0.2722625732421875,366246,366145,6585
14.112092018127441,18.62,0.56,0.0326373428106308,0.9936848282814026,-13.193947490000003,21020,55,0.0005,0.9468920230865479,366315,366214,6586
13.266515731811523,18.72,0.56,0.03220931440591812,-0.34915152192115784,-13.20653703,21024,55,0.0005,0.5343222618103027,366398,366297,6587
13.892666816711426,18.57,0.56,0.03106725960969925,-1.1599383354187012,-13.11440947,21028,55,0.0005,0.47136735916137695,366467,366366,6588
13.888577461242676,18.51,0.57,0.03029792010784149,-0.7749360799789429,-12.888983389999998,21032,55,0.0005,0.6024580597877502,366534,366433,6589
14.407148361206055,18.48,0.56,0.03034576214849949,0.1821001023054123,-13.132860970000003,21036,55,0.0005,0.3995307981967926,366604,366503,6590
14.226655006408691,18.3,0.56,0.0300860907882452,0.48558509349823,-13.12361778,21040,55,0.0005,0.4306199550628662,366669,366568,6591
15.762596130371094,18.32,0.55,0.029587214812636375,-0.6924083828926086,-13.274754750000001,21044,55,0.0005,1.7737815380096436,366738,366637,6592
14.40443229675293,18.4,0.56,0.030440285801887512,1.7086989879608154,-13.098234789999994,21048,55,0.0005,3.5115206241607666,366810,366709,6593
14.394356727600098,18.37,0.56,0.03283754363656044,0.4966774880886078,-13.12396381,21052,55,0.0005,0.6525830030441284,366879,366778,6595
14.364147186279297,18.35,0.56,0.03452996909618378,0.9025881290435791,-13.15294469,21056,55,0.0005,2.255720853805542,366951,366850,6596
12.967385292053223,18.32,0.57,0.03478030860424042,-0.2520274519920349,-12.94336299,21060,55,0.0005,1.025475025177002,367029,366928,6597
15.211145401000977,18.4,0.61,0.03395218774676323,0.6188586354255676,-12.09454351,21064,55,0.0005,0.9765542149543762,367103,367002,6598
11.937419891357422,18.41,0.63,0.03352527692914009,-0.6088888049125671,-11.715539370000002,21068,55,0.0005,2.0394184589385986,367176,367075,6599
12.544076919555664,18.32,0.64,0.03340347856283188,0.49950435757637024,-11.508130349999998,21072,55,0.0005,1.1403436660766602,367246,367145,6600
12.539820671081543,18.07,0.64,0.033476993441581726,-0.004749968647956848,-11.512811610000002,21076,55,0.0005,0.5830853581428528,367313,367212,6601
12.763763427734375,18.06,0.64,0.033638786524534225,-0.2988031506538391,-11.5464988,21080,55,0.0005,1.5043461322784424,367391,367290,6602
12.965559959411621,18.11,0.63,0.033701326698064804,0.5881494283676147,-11.76203756,21084,55,0.0005,0.9340150356292725,367476,367375,6603
12.562410354614258,18.02,0.63,0.034276992082595825,0.6074252128601074,-11.79495765,21088,55,0.0005,0.4897906482219696,367537,367436,6604
12.977643966674805,18.05,0.64,0.034870024770498276,-0.5771516561508179,-11.62079118,21092,55,0.0005,1.3413006067276,367604,367503,6605
13.097899436950684,18.02,0.64,0.0342327319085598,-0.33210045099258423,-11.60221352,21096,55,0.0005,0.5893867015838623,367681,367580,6606
13.261420249938965,18.0,0.64,0.03421635553240776,0.8860275745391846,-11.631883009999997,21100,55,0.0005,1.791654109954834,367754,367653,6607
13.350057601928711,18.02,0.62,0.0338258221745491,-0.979436993598938,-11.962491499999999,21104,55,0.0005,0.31852009892463684,367832,367731,6608
14.244894027709961,17.96,0.61,0.03352596238255501,0.31545883417129517,-12.190854800000002,21108,55,0.0005,0.5913257598876953,367893,367792,6609
15.734565734863281,18.03,0.59,0.032191019505262375,-1.4566929340362549,-12.586135630000001,21112,55,0.0005,0.7884047031402588,367976,367875,6610
13.958170890808105,18.02,0.6,0.03142712265253067,0.24262362718582153,-12.323990360000003,21116,55,0.0005,1.1299968957901,368048,367947,6611
15.15475845336914,18.13,0.6,0.031343989074230194,-0.48581621050834656,-12.386021150000001,21120,55,0.0005,0.5115888714790344,368128,368027,6612
12.54739761352539,17.96,0.6,0.03127635642886162,-0.017163842916488647,-12.36225725,21124,55,0.0005,1.4048714637756348,368194,368093,6613
12.264687538146973,18.04,0.62,0.03159259259700775,0.22186097502708435,-12.01421637,21128,55,0.0005,1.434936285018921,368271,368170,6614
11.781423568725586,18.15,0.6,0.03151795640587807,0.03934760391712189,-12.491233549999999,21132,55,0.0005,1.727295160293579,368349,368248,6615
13.312387466430664,18.15,0.61,0.03170572593808174,-0.1678760051727295,-12.281150260000002,21136,55,0.0005,2.015571355819702,368419,368318,6616
12.744064331054688,18.31,0.61,0.031038859859108925,-0.6377389430999756,-12.303673840000002,21140,55,0.0005,0.3402402400970459,368500,368399,6617
12.49282455444336,18.34,0.62,0.030522368848323822,-0.340497225522995,-12.172741550000001,21144,55,0.0005,1.6689870357513428,368572,368471,6619
11.752094268798828,18.39,0.6,0.030330371111631393,-0.12497609853744507,-12.60087411,21148,55,0.0005,0.345613569021225,368649,368548,6620
12.74140739440918,18.42,0.6,0.03106626495718956,-0.22119274735450745,-12.56535552,21152,55,0.0005,0.9247106313705444,368721,368620,6621
12.460771560668945,18.4,0.61,0.031716350466012955,-0.30313026905059814,-12.34761037,21156,55,0.0005,0.7501893639564514,368791,368690,6622
14.285697937011719,18.35,0.61,0.03139325976371765,0.12400951236486435,-12.367929969999999,21160,55,0.0005,0.8483513593673706,368864,368763,6623
13.515213012695312,18.28,0.6,0.03099951334297657,-0.3361731767654419,-12.562213989999998,21164,55,0.0005,1.3544540405273438,368931,368830,6624
11.51254653930664,18.38,0.6,0.030807992443442345,-0.08972588181495667,-12.567621590000002,21168,55,0.0005,0.5898598432540894,369014,368913,6625
13.586270332336426,18.35,0.58,0.03116888739168644,0.8478254079818726,-12.916922629999997,21172,55,0.0005,3.699004650115967,369081,368980,6626
13.755426406860352,18.33,0.58,0.031941503286361694,-0.09629198908805847,-12.89635553,21176,55,0.0005,0.46983158588409424,369146,369045,6627
12.582467079162598,18.27,0.55,0.032376598566770554,-0.014254435896873474,-13.442251479999998,21180,55,0.0005,0.7393933534622192,369218,369117,6628
14.06320571899414,18.21,0.55,0.031909916549921036,-0.7899268865585327,-13.423399459999999,21184,55,0.0005,1.4532828330993652,369297,369196,6629
13.561911582946777,18.4,0.56,0.030479826033115387,0.567406177520752,-13.247981909999998,21188,55,0.0005,0.7726898789405823,369377,369276,6630
12.847294807434082,18.34,0.54,0.030405227094888687,0.3904520869255066,-13.68069407,21192,55,0.0005,1.4144926071166992,369438,369337,6631
13.271031379699707,18.34,0.52,0.03037341497838497,0.020333528518676758,-14.10230599,21196,55,0.0005,0.3815780282020569,369515,369414,6632
16.18841552734375,18.34,0.51,0.030050208792090416,-0.13264457881450653,-14.274306639999997,21200,55,0.0005,1.260005235671997,369588,369487,6633
13.283025741577148,18.45,0.51,0.02886822074651718,0.6389597058296204,-14.346402209999999,21204,55,0.0005,0.781338632106781,369677,369576,6635
14.977121353149414,18.51,0.54,0.029519975185394287,-0.4744250476360321,-13.685734889999999,21208,55,0.0005,0.9645950794219971,369744,369643,6636
13.357529640197754,18.47,0.56,0.029261860996484756,0.4651350975036621,-13.316693500000001,21212,55,0.0005,0.6645423173904419,369823,369722,6637
14.156312942504883,18.42,0.53,0.030299127101898193,0.15014903247356415,-13.98636081,21216,55,0.0005,1.601219654083252,369890,369789,6638
11.465532302856445,18.41,0.55,0.031511276960372925,1.0971704721450806,-13.593066019999997,21220,55,0.0005,1.6508064270019531,369969,369868,6639
13.84414291381836,18.45,0.53,0.032260626554489136,0.07487334311008453,-13.984568649999998,21224,55,0.0005,0.2942446768283844,370039,369938,6655
13.285594940185547,18.38,0.53,0.03211299702525139,0.17522630095481873,-13.9640198,21228,55,0.0005,1.5773255825042725,370109,370008,6656
13.586862564086914,18.23,0.52,0.032221224159002304,1.215154767036438,-14.151506129999998,21232,55,0.0005,3.8176846504211426,370172,370071,6657
14.52130126953125,18.2,0.52,0.03311721980571747,0.29195019602775574,-14.172664580000001,21236,55,0.0005,0.9686568975448608,370239,370138,6658
13.767528533935547,18.26,0.53,0.0327942930161953,0.5095472931861877,-14.01299318,21240,55,0.0005,0.7237426042556763,370326,370225,6659
12.816174507141113,18.2,0.52,0.03253910318017006,-0.17256155610084534,-14.177353939999998,21244,55,0.0005,1.286668300628662,370392,370291,6660
13.051618576049805,18.12,0.52,0.0317322239279747,-0.8790886402130127,-14.156926999999998,21248,55,0.0005,0.5844141244888306,370461,370360,6661
13.000143051147461,18.11,0.53,0.03103618696331978,0.018017388880252838,-13.985619450000002,21252,55,0.0005,0.4231070280075073,370532,370431,6662
12.59628677368164,18.14,0.54,0.030828526243567467,-0.24107420444488525,-13.767087839999999,21256,55,0.0005,2.1466240882873535,370605,370504,6663
13.693231582641602,18.21,0.55,0.030147695913910866,-0.3860563337802887,-13.558320359999998,21260,55,0.0005,1.5638623237609863,370685,370584,6664
13.764081954956055,18.28,0.54,0.029065843671560287,0.27744778990745544,-13.755983740000001,21264,55,0.0005,1.0095857381820679,370759,370658,6665
12.61719036102295,18.13,0.54,0.029976626858115196,1.8853137493133545,-13.69882353,21268,55,0.0005,1.5013694763183594,370827,370726,6666
12.48550033569336,18.08,0.55,0.030982395634055138,0.5958054065704346,-13.519055329999999,21272,55,0.0005,0.3059552311897278,370889,370788,6667
13.038223266601562,18.17,0.56,0.03086402639746666,-0.44724953174591064,-13.359674630000002,21276,55,0.0005,0.4471508860588074,370963,370862,6668
13.359217643737793,18.18,0.58,0.030167346820235252,-0.32545381784439087,-13.00149301,21280,55,0.0005,1.9505746364593506,371036,370935,6669
12.503689765930176,18.1,0.58,0.029357394203543663,-0.602247416973114,-13.00839159,21284,55,0.0005,1.1845073699951172,371107,371006,6670
13.046581268310547,18.0,0.58,0.028970474377274513,-0.17634831368923187,-12.994582040000001,21288,55,0.0005,0.9372680187225342,371177,371076,6671
13.730355262756348,18.1,0.59,0.029169989749789238,-0.27884846925735474,-12.767891889999998,21292,55,0.0005,0.3079909682273865,371248,371147,6672
12.072038650512695,18.06,0.6,0.029313301667571068,-0.5137410759925842,-12.58292537,21296,55,0.0005,0.9287488460540771,371321,371220,6674
12.266641616821289,18.13,0.6,0.029605189338326454,0.6707170009613037,-12.65957093,21300,55,0.0005,0.9062827825546265,371401,371300,6675
12.620128631591797,18.04,0.63,0.029632708057761192,0.37420597672462463,-12.069606220000002,21304,55,0.0005,2.028351306915283,371481,371380,6676
13.661710739135742,18.09,0.62,0.03002764843404293,-0.3209080696105957,-12.294336609999998,21308,55,0.0005,0.5808287858963013,371553,371452,6677
14.841760635375977,17.98,0.63,0.029942961409687996,0.7692259550094604,-12.070306369999999,21312,55,0.0005,1.6248152256011963,371621,371520,6678
11.70949935913086,18.02,0.64,0.030167313292622566,-0.21093475818634033,-11.812395099999998,21316,55,0.0005,0.6988610029220581,371692,371591,6679
17.76984405517578,17.99,0.62,0.029827440157532692,-1.6362574100494385,-12.20128932,21320,55,0.0005,1.0147019624710083,371768,371667,6680
14.61834716796875,18.22,0.62,0.02794843167066574,0.31914976239204407,-12.2160826,21324,55,0.0005,1.3850889205932617,371861,371760,6681
12.323389053344727,18.18,0.6,0.02990070730447769,2.6763856410980225,-12.664358430000002,21328,55,0.0005,1.6545695066452026,371927,371826,6682
14.169670104980469,18.16,0.62,0.030709926038980484,-0.4006584882736206,-12.221327869999998,21332,55,0.0005,1.352478265762329,371988,371887,6683
12.320245742797852,18.23,0.61,0.03105553425848484,0.03047671914100647,-12.39760777,21336,55,0.0005,0.9057348966598511,372062,371961,6684
14.130594253540039,18.16,0.58,0.032067108899354935,0.014359191060066223,-12.99073567,21340,55,0.0005,0.5439660549163818,372142,372041,6686
12.981596946716309,18.32,0.6,0.0326804481446743,-0.8099058866500854,-12.643705839999997,21344,55,0.0005,0.354984313249588,372224,372123,6687
12.75737190246582,18.33,0.6,0.03279666602611542,-0.7207018733024597,-12.627952969999999,21348,55,0.0005,0.3124214708805084,372294,372193,6688
13.240158081054688,18.4,0.58,0.0324929840862751,-0.2842489778995514,-13.033184199999999,21352,55,0.0005,0.6700046062469482,372372,372271,6689
13.091797828674316,18.37,0.59,0.031873948872089386,-0.2985444962978363,-12.808733209999998,21356,55,0.0005,0.734870433807373,372442,372341,6690
14.613545417785645,18.35,0.59,0.030699679628014565,-1.0607573986053467,-12.80524755,21360,55,0.0005,0.36052554845809937,372520,372419,6691
14.03143310546875,18.32,0.59,0.029736127704381943,0.442561537027359,-12.775629529999998,21364,55,0.0005,1.6256109476089478,372591,372490,6692
13.423436164855957,18.27,0.57,0.030089043080806732,0.5204284191131592,-13.15603632,21368,55,0.0005,0.8470025062561035,372654,372553,6693
13.215494155883789,18.36,0.58,0.030673382803797722,0.17804445326328278,-12.991834160000002,21372,55,0.0005,0.6525511741638184,372725,372624,6694
16.65505027770996,18.38,0.57,0.031033655628561974,-0.6472205519676208,-13.157585079999999,21376,55,0.0005,1.580556869506836,372801,372700,6695
13.919282913208008,18.36,0.57,0.03215213865041733,0.940659761428833,-13.176784660000001,21380,55,0.0005,1.7489489316940308,372872,372771,6696
15.16441535949707,18.35,0.57,0.033109329640865326,0.7839034795761108,-13.149395870000001,21384,55,0.0005,1.8929634094238281,372942,372841,6697
13.94699478149414,18.35,0.57,0.03263344243168831,-1.0164495706558228,-13.199170180000003,21388,55,0.0005,1.2814072370529175,373012,372911,6698
11.965978622436523,18.44,0.58,0.031264860183000565,0.49141207337379456,-13.05790738,21392,55,0.0005,3.5531256198883057,373092,372991,6700
13.543197631835938,18.41,0.57,0.031118640676140785,1.0733213424682617,-13.264769540000001,21396,55,0.0005,1.1734652519226074,373162,373061,6701
13.404284477233887,18.4,0.58,0.03215275704860687,0.47000521421432495,-13.041671840000001,21400,55,0.0005,0.3054004907608032,373241,373140,6702
13.11643123626709,18.37,0.57,0.032318033277988434,-0.6880376935005188,-13.247190180000002,21404,55,0.0005,1.267678141593933,373318,373217,6703
12.730566024780273,18.35,0.58,0.03203646466135979,0.23075371980667114,-13.029681970000002,21408,55,0.0005,0.6259753704071045,373388,373287,6704
11.88136100769043,18.5,0.58,0.031593188643455505,-1.3588533401489258,-13.072988859999999,21412,55,0.0005,0.5857454538345337,373471,373370,6705
11.985246658325195,18.54,0.59,0.03090146742761135,0.1339876353740692,-12.91658317,21416,55,0.0005,0.8359589576721191,373546,373445,6706
13.78133487701416,18.51,0.59,0.031176229938864708,0.23343625664710999,-12.83817439,21420,55,0.0005,0.779222846031189,373619,373518,6707
13.647186279296875,18.24,0.6,0.03176259249448776,0.4953339695930481,-12.62417181,21424,55,0.0005,0.8020813465118408,373685,373584,6708
13.245857238769531,18.32,0.61,0.03052765317261219,-1.7017959356307983,-12.34770155,21428,55,0.0005,1.6256792545318604,373759,373658,6709
12.337908744812012,18.44,0.62,0.029477952048182487,-0.32611292600631714,-12.16524934,21432,55,0.0005,0.937249481678009,373832,373731,6710
13.179288864135742,18.4,0.65,0.029323725029826164,0.1362842321395874,-11.55795165,21436,55,0.0005,0.5291094183921814,373902,373801,6711
12.73931884765625,18.34,0.67,0.029137732461094856,0.0324023962020874,-11.136574779999998,21440,55,0.0005,1.464433193206787,373976,373875,6712
11.48866081237793,18.24,0.66,0.028614332899451256,0.7581591606140137,-11.320329620000003,21444,55,0.0005,0.7898383736610413,374048,373947,6714
12.051969528198242,18.37,0.66,0.028783371672034264,0.47646191716194153,-11.374425779999997,21448,55,0.0005,1.412036657333374,374131,374030,6715
12.420485496520996,18.27,0.68,0.028991837054491043,0.007539242506027222,-10.9669069,21452,55,0.0005,0.16763505339622498,374199,374098,6716
12.457944869995117,18.35,0.65,0.029709327965974808,0.5427453517913818,-11.561913199999998,21456,55,0.0005,0.455478698015213,374277,374176,6717
12.83405876159668,18.33,0.64,0.03004799596965313,-1.2153223752975464,-11.780687620000002,21460,55,0.0005,0.4326340854167938,374353,374252,6718
14.378499984741211,18.35,0.64,0.02934141270816326,-0.4943276047706604,-11.7650985,21464,55,0.0005,0.3517606556415558,374426,374325,6719
13.010295867919922,18.46,0.64,0.029139725491404533,0.06325357407331467,-11.771867140000005,21468,55,0.0005,1.6138830184936523,374500,374399,6720
13.024579048156738,18.46,0.65,0.029284369200468063,0.22218984365463257,-11.56352205,21472,55,0.0005,0.5928201079368591,374571,374470,6721
12.854483604431152,18.4,0.66,0.02929740771651268,0.1426866352558136,-11.351314649999999,21476,55,0.0005,0.812397837638855,374641,374540,6722
12.699369430541992,18.51,0.67,0.028853081166744232,1.1158665418624878,-11.193142939999998,21480,55,0.0005,1.2984389066696167,374723,374622,6723
13.204744338989258,18.58,0.66,0.029682070016860962,-0.24376101791858673,-11.341215179999997,21484,55,0.0005,0.6154906153678894,374800,374699,6725
14.941845893859863,18.66,0.63,0.02905772253870964,-1.3342013359069824,-11.865108929999998,21488,55,0.0005,0.5877691507339478,374878,374777,6726
11.208749771118164,18.8,0.64,0.027381302788853645,0.029288217425346375,-11.67869932,21492,55,0.0005,0.5343208312988281,374972,374871,6727
13.830591201782227,19.04,0.66,0.028020000085234642,-0.005955860018730164,-11.31743396,21496,55,0.0005,1.6302671432495117,375066,374965,6728
13.401424407958984,18.88,0.64,0.02853984385728836,0.3462737500667572,-11.71147191,21500,55,0.0005,0.22528855502605438,375129,375028,6729
12.865947723388672,18.75,0.61,0.02946234680712223,0.09630811214447021,-12.28229535,21504,55,0.0005,1.3425407409667969,375193,375092,6730
12.953012466430664,18.77,0.59,0.030404480174183846,0.6824988126754761,-12.7930176,21508,55,0.0005,1.151405930519104,375265,375164,6731
12.923237800598145,18.58,0.57,0.030656985938549042,0.1068025454878807,-13.113948319999999,21512,55,0.0005,1.2289953231811523,375329,375228,6732
13.028515815734863,18.7,0.58,0.031367044895887375,0.26573675870895386,-12.904573070000001,21516,55,0.0005,1.9949352741241455,375416,375315,6734
11.844499588012695,18.68,0.58,0.03150825574994087,0.2754974961280823,-13.002372580000001,21520,55,0.0005,2.0948076248168945,375487,375386,6735
12.538291931152344,18.82,0.59,0.03204641118645668,-0.18265792727470398,-12.808191069999998,21524,55,0.0005,1.333199381828308,375567,375466,6736
13.25491714477539,18.77,0.57,0.031998418271541595,-0.3989298343658447,-13.241776200000002,21528,55,0.0005,0.7002613544464111,375636,375535,6737
13.003780364990234,18.76,0.55,0.03195794299244881,-0.4144355058670044,-13.681967919999998,21532,55,0.0005,0.37922900915145874,375708,375607,6738
12.530769348144531,18.79,0.52,0.03144487366080284,-0.36458855867385864,-14.319364110000002,21536,55,0.0005,0.3505714237689972,375781,375680,6739
11.98257827758789,18.78,0.5,0.03171414136886597,-0.12469348311424255,-14.747479669999995,21540,55,0.0005,0.6668144464492798,375854,375753,6740
13.050752639770508,18.79,0.48,0.03264763206243515,0.24146297574043274,-15.163798579999998,21544,55,0.0005,0.697704017162323,375927,375826,6741
13.955768585205078,18.75,0.5,0.03328873962163925,-0.021437138319015503,-14.738119660000002,21548,55,0.0005,0.9044930934906006,376006,375905,6742
12.686565399169922,18.84,0.47,0.033097948879003525,0.5648102164268494,-15.353916939999998,21552,55,0.0005,1.0663785934448242,376083,375982,6743
12.486793518066406,18.92,0.47,0.03309832885861397,0.10435421764850616,-15.375429500000001,21556,55,0.0005,0.4327819347381592,376169,376068,6745
13.648322105407715,18.91,0.49,0.033370353281497955,0.5584070682525635,-14.95635838,21560,55,0.0005,0.8701729774475098,376244,376143,6746
14.272710800170898,18.8,0.51,0.03452926129102707,-0.4542995095252991,-14.58275357,21564,55,0.0005,0.7050115466117859,376306,376205,6747
12.533021926879883,18.87,0.51,0.03322933614253998,-0.10032050311565399,-14.600211880000002,21568,55,0.0005,2.4695286750793457,376387,376286,6748
10.762401580810547,18.88,0.49,0.03291993960738182,-0.20961838960647583,-15.02696693,21572,55,0.0005,2.0752549171447754,376459,376358,6749
12.702447891235352,18.9,0.5,0.03281443938612938,0.20081940293312073,-14.86160374,21576,55,0.0005,1.1341208219528198,376531,376430,6750
12.025995254516602,18.89,0.5,0.032753895968198776,0.32108888030052185,-14.812435619999999,21580,55,0.0005,0.7854946851730347,376612,376511,6751
14.106635093688965,18.88,0.51,0.0331740640103817,0.3396342396736145,-14.69336733,21584,55,0.0005,0.18589664995670319,376688,376587,6752
14.535974502563477,18.89,0.53,0.032911527901887894,0.5074241161346436,-14.328887279999998,21588,55,0.0005,2.269963026046753,376767,376666,6753
13.034011840820312,18.62,0.51,0.03327830135822296,0.6120291352272034,-14.660637189999997,21592,55,0.0005,2.1116840839385986,376834,376733,6754
13.616150856018066,18.48,0.5,0.033269286155700684,-0.36387553811073303,-14.808138630000004,21596,55,0.0005,0.5723547339439392,376914,376813,6756
14.058494567871094,18.56,0.51,0.032586079090833664,-0.2805452346801758,-14.61002708,21600,55,0.0005,1.7859795093536377,376985,376884,6757
13.099689483642578,18.75,0.53,0.03135891631245613,0.44396209716796875,-14.205278390000004,21604,55,0.0005,0.9880011081695557,377068,376967,6758
12.721882820129395,18.7,0.53,0.031950172036886215,0.33770516514778137,-14.1016764,21608,55,0.0005,0.520234227180481,377135,377034,6759
12.114520072937012,18.72,0.54,0.03224867582321167,-0.08942621201276779,-13.928925399999999,21612,55,0.0005,0.8447893857955933,377201,377100,6760
13.162413597106934,18.69,0.54,0.03207901120185852,-1.6096720695495605,-13.94013786,21616,55,0.0005,0.26896801590919495,377285,377184,6761
13.691278457641602,18.72,0.54,0.031582240015268326,0.6455560922622681,-13.928844589999999,21620,55,0.0005,0.7975163459777832,377359,377258,6762
13.403979301452637,18.63,0.52,0.03170686215162277,0.6409960985183716,-14.330858669999998,21624,55,0.0005,1.4722959995269775,377430,377329,6763
13.895366668701172,18.67,0.55,0.030888143926858902,-0.37961676716804504,-13.733239289999998,21628,55,0.0005,0.5258631706237793,377503,377402,6764
13.508401870727539,18.72,0.57,0.029730208218097687,-0.344463050365448,-13.306402659999998,21632,55,0.0005,0.7622476816177368,377580,377479,6765
13.560750961303711,18.74,0.58,0.02921990677714348,0.9843134880065918,-13.10249305,21636,55,0.0005,0.8819738626480103,377655,377554,6766
11.909871101379395,18.8,0.61,0.02941683679819107,0.1794830858707428,-12.487879929999998,21640,55,0.0005,0.45180463790893555,377734,377633,6768
12.273303985595703,18.77,0.64,0.029000885784626007,-0.2119680941104889,-11.844111109999998,21644,55,0.0005,1.0404870510101318,377804,377703,6769
13.141336441040039,18.77,0.62,0.02822456695139408,-0.2541821002960205,-12.200570300000003,21648,55,0.0005,0.8150863647460938,377883,377782,6770
15.123519897460938,18.77,0.66,0.02887735515832901,0.4340249300003052,-11.408911319999998,21652,55,0.0005,1.4707860946655273,377960,377859,6771
13.581544876098633,18.56,0.67,0.03114946000277996,0.6514626741409302,-11.19428563,21656,55,0.0005,1.751072645187378,378025,377924,6772
13.539887428283691,18.68,0.66,0.031601354479789734,0.059749603271484375,-11.39768981,21660,55,0.0005,0.7591695785522461,378112,378011,6773
13.205116271972656,18.77,0.63,0.03162436559796333,0.4503535032272339,-11.94346911,21664,55,0.0005,0.5998928546905518,378183,378082,6774
13.796205520629883,18.67,0.62,0.032370999455451965,-0.19333486258983612,-12.196840380000001,21668,55,0.0005,1.3205496072769165,378254,378153,6775
14.498817443847656,18.67,0.62,0.032577138394117355,-0.41479554772377014,-12.174001250000003,21672,55,0.0005,1.0278414487838745,378326,378225,6776
13.19961166381836,18.64,0.59,0.0328683964908123,0.8848864436149597,-12.768073390000001,21676,55,0.0005,0.5314780473709106,378395,378294,6777
12.2669677734375,18.54,0.58,0.034231629222631454,0.6288667917251587,-12.98954033,21680,55,0.0005,0.49376818537712097,378466,378365,6778
12.10592269897461,18.44,0.58,0.035339921712875366,0.2208460569381714,-12.968820290000002,21684,55,0.0005,1.1976723670959473,378532,378431,6779
12.224382400512695,18.35,0.6,0.03536313772201538,0.05539127439260483,-12.552842169999998,21688,55,0.0005,0.25538232922554016,378602,378501,6780
15.221226692199707,18.42,0.61,0.034987859427928925,0.008353188633918762,-12.37581856,21692,55,0.0005,1.7454540729522705,378676,378575,6781
12.712146759033203,18.34,0.62,0.033785149455070496,-0.737439751625061,-12.169259230000002,21696,55,0.0005,1.3411344289779663,378748,378647,6783
12.024896621704102,18.43,0.62,0.03381291776895523,0.08572027087211609,-12.14453007,21700,55,0.0005,1.4486052989959717,378828,378727,6784
13.240640640258789,18.26,0.62,0.033780116587877274,-0.2159615010023117,-12.121961989999999,21704,55,0.0005,0.39481598138809204,378894,378793,6785
13.333499908447266,18.34,0.63,0.03371748328208923,-0.4547708034515381,-11.9486151,21708,55,0.0005,0.7261989712715149,378969,378868,6786
13.48009967803955,18.33,0.61,0.03345554694533348,0.47128385305404663,-12.385865180000003,21712,55,0.0005,0.4573279619216919,379034,378933,6787
13.462926864624023,18.09,0.59,0.03336687013506889,-0.5353401303291321,-12.770225889999999,21716,55,0.0005,0.8415712118148804,379094,378993,6788
12.876882553100586,18.22,0.6,0.032123666256666183,-0.12014904618263245,-12.550680449999998,21720,55,0.0005,0.5364067554473877,379181,379080,6789
12.573354721069336,18.25,0.62,0.031614746898412704,-0.0980418249964714,-12.181728900000001,21724,55,0.0005,1.2022697925567627,379255,379154,6790
14.869512557983398,18.33,0.59,0.0311806071549654,-0.06933270394802094,-12.805284039999998,21728,55,0.0005,1.4458670616149902,379336,379235,6791
13.225833892822266,18.25,0.59,0.03188423439860344,0.7711143493652344,-12.766495710000001,21732,55,0.0005,0.7240718603134155,379405,379304,6792
12.254149436950684,18.27,0.59,0.03224123641848564,-0.04799509048461914,-12.77514142,21736,55,0.0005,0.9693289995193481,379482,379381,6793
12.483428001403809,18.2,0.57,0.03168131783604622,0.1759333610534668,-13.11664309,21740,55,0.0005,0.46724894642829895,379554,379453,6794
11.769195556640625,18.31,0.56,0.03186146542429924,-0.6568571329116821,-13.377562799999998,21744,55,0.0005,1.3876266479492188,379635,379534,6796
12.021087646484375,18.18,0.56,0.03224526345729828,-0.4575479030609131,-13.373194989999996,21748,55,0.0005,0.3283962607383728,379701,379600,6796
12.485379219055176,18.05,0.56,0.03250399976968765,0.4979514479637146,-13.341512309999999,21752,55,0.0005,1.344849944114685,379765,379664,6797
12.585491180419922,18.09,0.57,0.032781269401311874,0.6748136878013611,-13.133569139999995,21756,55,0.0005,1.9011363983154297,379834,379733,6798
13.1788330078125,17.88,0.56,0.03274625912308693,-0.4687427878379822,-13.318170880000002,21760,55,0.0005,0.5929906368255615,379900,379799,6799
12.532734870910645,17.94,0.57,0.032932132482528687,0.5646728277206421,-13.179817420000001,21764,55,0.0005,0.9210909605026245,379977,379876,6801
12.590768814086914,18.03,0.61,0.0332232229411602,0.053703099489212036,-12.369739060000004,21768,55,0.0005,0.36056429147720337,380057,379956,6815
14.01121711730957,18.04,0.63,0.03347456082701683,-0.11083599925041199,-11.972099460000003,21772,55,0.0005,0.6745349168777466,380130,380029,6816
13.23974609375,18.09,0.64,0.0335894338786602,-0.4573923945426941,-11.776458900000002,21776,55,0.0005,0.7659422159194946,380204,380103,6817
12.938165664672852,18.11,0.66,0.03317194804549217,0.13578680157661438,-11.340593250000001,21780,55,0.0005,3.004248857498169,380277,380176,6818
12.86469841003418,18.1,0.65,0.03365475684404373,-0.06334343552589417,-11.55534094,21784,55,0.0005,0.5761054158210754,380342,380241,6819
12.843328475952148,18.15,0.62,0.033220481127500534,-0.5512042045593262,-12.177389630000002,21788,55,0.0005,1.0173568725585938,380417,380316,6821
12.362348556518555,18.13,0.62,0.033344436436891556,0.5958765149116516,-12.1555422,21792,55,0.0005,0.6383591890335083,380489,380388,6822
12.29377555847168,18.17,0.62,0.034048374742269516,-0.11233079433441162,-12.177532329999998,21796,55,0.0005,0.4508509635925293,380565,380464,6823
12.087546348571777,18.04,0.64,0.03350941464304924,-0.41468721628189087,-11.76674542,21800,55,0.0005,1.09415602684021,380632,380531,6824
13.112051963806152,18.1,0.65,0.032858677208423615,-0.144285187125206,-11.60270356,21804,55,0.0005,2.478304862976074,380704,380603,6825
12.754051208496094,18.13,0.63,0.031823545694351196,-0.06871350109577179,-11.97051038,21808,55,0.0005,1.3728703260421753,380782,380681,6826
13.303248405456543,18.27,0.65,0.030566615983843803,-0.0886610746383667,-11.53648951,21812,55,0.0005,0.6458852291107178,380861,380760,6827
12.743520736694336,18.53,0.67,0.030619943514466286,-0.1494709849357605,-11.185034190000001,21816,55,0.0005,0.5137490034103394,380947,380846,6828
13.051712036132812,18.3,0.66,0.030801763758063316,-0.6091841459274292,-11.37326827,21820,55,0.0005,0.9671245813369751,381011,380910,6829
13.3576021194458,18.24,0.66,0.030155131593346596,0.039801329374313354,-11.333136759999997,21824,55,0.0005,2.056037187576294,381079,380978,6830
14.274340629577637,18.13,0.69,0.031007615849375725,1.157167911529541,-10.698810470000002,21828,55,0.0005,0.7473414540290833,381149,381048,6831
13.463737487792969,18.11,0.68,0.032291561365127563,-0.4417344331741333,-10.90167201,21832,55,0.0005,0.9989480972290039,381216,381115,6832
12.514995574951172,17.99,0.68,0.032233674079179764,-1.3491995334625244,-10.856201929999997,21836,55,0.0005,1.1687700748443604,381281,381180,6833
12.192506790161133,18.21,0.68,0.030559247359633446,-0.3318159878253937,-10.94464988,21840,55,0.0005,1.3703274726867676,381375,381274,6835
13.86917781829834,18.13,0.66,0.031028542667627335,0.45458242297172546,-11.265282039999997,21844,55,0.0005,1.4458143711090088,381448,381347,6836
13.67436408996582,18.25,0.66,0.03197450935840607,0.5798133611679077,-11.314922169999997,21848,55,0.0005,0.6422499418258667,381526,381425,6837
14.538004875183105,18.47,0.64,0.03164764121174812,0.23408949375152588,-11.753541409999999,21852,55,0.0005,0.729177713394165,381612,381511,6838
13.633903503417969,18.65,0.64,0.031070245429873466,-0.9630916118621826,-11.804298669999998,21856,55,0.0005,1.1707018613815308,381699,381598,6839
14.968069076538086,18.79,0.64,0.032006680965423584,0.4274190664291382,-11.810852249999998,21860,55,0.0005,1.5126690864562988,381779,381678,6841
14.25146484375,18.72,0.65,0.03263354301452637,-0.40016961097717285,-11.627557419999999,21864,55,0.0005,0.871909499168396,381849,381748,6842
12.92502212524414,18.79,0.65,0.03145558014512062,-0.3446049690246582,-11.651020749999997,21868,55,0.0005,0.38365861773490906,381936,381835,6843
12.395486831665039,18.83,0.64,0.03131551668047905,-0.9823211431503296,-11.83374788,21872,55,0.0005,1.0488317012786865,382013,381912,6844
13.071945190429688,19.01,0.63,0.03005504608154297,0.8313772082328796,-12.02861396,21876,55,0.0005,0.7822414636611938,382105,382004,6845
12.666770935058594,18.9,0.61,0.03094242699444294,0.2584275007247925,-12.415825230000001,21880,55,0.0005,0.4551481008529663,382167,382066,6846
12.358840942382812,19.02,0.61,0.03183380514383316,0.5541110634803772,-12.410052149999997,21884,55,0.0005,0.7591204047203064,382244,382143,6847
11.389934539794922,19.16,0.64,0.03243253752589226,-0.4888193607330322,-11.83632361,21888,55,0.0005,1.2428433895111084,382333,382232,6849
13.899587631225586,19.26,0.64,0.031067023053765297,-0.5117641687393188,-11.867900990000003,21892,55,0.0005,0.8568364381790161,382415,382314,6850
12.311737060546875,19.28,0.62,0.031199295073747635,0.22928600013256073,-12.22334758,21896,55,0.0005,0.8823655843734741,382493,382392,6851
12.154542922973633,19.29,0.61,0.03145458176732063,-1.2058422565460205,-12.429341879999999,21900,55,0.0005,0.7987926006317139,382561,382460,6852
12.871624946594238,19.29,0.61,0.0314466655254364,0.9104828834533691,-12.42705229,21904,55,0.0005,2.0320944786071777,382633,382532,6853
12.605030059814453,19.25,0.62,0.03299466520547867,1.0734106302261353,-12.219775629999999,21908,55,0.0005,1.6854861974716187,382707,382606,6854
13.375823020935059,19.2,0.63,0.033436063677072525,0.29459908604621887,-12.04681965,21912,55,0.0005,1.1912370920181274,382781,382680,6855
12.144758224487305,19.09,0.63,0.033670783042907715,0.06525404751300812,-11.977067909999999,21916,55,0.0005,0.49993425607681274,382856,382755,6857
14.109539031982422,19.18,0.63,0.03355065733194351,-0.08538612723350525,-11.999828360000002,21920,55,0.0005,0.6043329238891602,382929,382828,6858
13.93288803100586,19.32,0.63,0.03221810609102249,-0.6496099233627319,-12.041019219999999,21924,55,0.0005,1.6660733222961426,383011,382910,6859
13.840910911560059,19.4,0.61,0.032413728535175323,0.6444023251533508,-12.475904539999998,21928,55,0.0005,0.8383552432060242,383089,382988,6860
13.069957733154297,19.37,0.61,0.03287144750356674,-0.020287826657295227,-12.455387199999997,21932,55,0.0005,1.7674245834350586,383153,383052,6861
12.732558250427246,19.47,0.61,0.032840926200151443,0.2720711827278137,-12.49817051,21936,55,0.0005,0.9044415950775146,383228,383127,6862
12.989595413208008,19.26,0.61,0.032885268330574036,0.3184356391429901,-12.421958980000001,21940,55,0.0005,0.40258538722991943,383301,383200,6863
13.242020606994629,19.23,0.63,0.03320766240358353,-0.4795498847961426,-12.061935570000001,21944,55,0.0005,0.7401312589645386,383371,383270,6864
12.976804733276367,19.19,0.65,0.033358149230480194,0.2403745949268341,-11.651289850000001,21948,55,0.0005,0.4098889231681824,383445,383344,6865
12.451787948608398,19.01,0.64,0.032962996512651443,-0.7131983637809753,-11.82189197,21952,55,0.0005,0.7177591323852539,383513,383412,6866
12.451040267944336,18.84,0.63,0.03299972414970398,-0.39131033420562744,-11.96693812,21956,55,0.0005,1.111356496810913,383583,383482,6867
12.628002166748047,18.78,0.62,0.03244895488023758,-0.33971917629241943,-12.148950950000001,21960,55,0.0005,0.26514732837677,383657,383556,6868
12.506645202636719,18.79,0.62,0.03212779387831688,-0.7556601762771606,-12.16499746,21964,55,0.0005,0.7722671031951904,383728,383627,6870
12.896414756774902,18.79,0.6,0.03114519827067852,0.09441432356834412,-12.492341090000002,21968,55,0.0005,1.06132173538208,383815,383714,6871
12.595386505126953,18.79,0.58,0.031784988939762115,0.14444199204444885,-12.953265510000001,21972,55,0.0005,1.3806630373001099,383892,383791,6872
12.303483009338379,18.54,0.6,0.032115209847688675,0.5112050175666809,-12.546032430000002,21976,55,0.0005,1.1816844940185547,383959,383858,6873
13.097991943359375,18.68,0.6,0.03175629302859306,-1.5492702722549438,-12.565056959999998,21980,55,0.0005,1.2414463758468628,384035,383934,6874
15.205726623535156,18.71,0.6,0.03014485165476799,0.015435099601745605,-12.53800301,21984,55,0.0005,1.2989633083343506,384115,384014,6875
12.78795051574707,18.45,0.58,0.031090356409549713,1.5942959785461426,-12.873744330000001,21988,55,0.0005,4.267631530761719,384178,384077,6876
13.84085464477539,18.38,0.57,0.03289559483528137,-0.27079087495803833,-13.066060360000002,21992,55,0.0005,0.3758065402507782,384253,384152,6877
13.511846542358398,18.25,0.59,0.03268128260970116,-0.02215580642223358,-12.684088829999999,21996,55,0.0005,0.6281949281692505,384318,384217,6878
13.012699127197266,18.27,0.6,0.03207221254706383,-1.4131801128387451,-12.485914399999999,22000,55,0.0005,0.9314543604850769,384388,384287,6879
12.247772216796875,18.31,0.6,0.03128018230199814,-0.6306233406066895,-12.485688889999999,22004,55,0.0005,1.3829562664031982,384464,384363,6881
12.380838394165039,18.36,0.6,0.03052212856709957,-0.17533206939697266,-12.482764439999999,22008,55,0.0005,0.3323073983192444,384543,384442,6882
12.414950370788574,18.4,0.59,0.03033054620027542,-0.33421558141708374,-12.697634440000002,22012,55,0.0005,0.26350855827331543,384621,384520,6883
12.343722343444824,18.44,0.6,0.03050498105585575,0.5269466638565063,-12.53986607,22016,55,0.0005,0.9237936735153198,384700,384599,6884
13.379077911376953,18.35,0.59,0.03026970475912094,-1.0042850971221924,-12.743072249999997,22020,55,0.0005,1.5210456848144531,384764,384663,6885
14.290929794311523,18.27,0.59,0.03011646866798401,0.5759522914886475,-12.754792870000001,22024,55,0.0005,1.7993637323379517,384838,384737,6886
12.792484283447266,18.12,0.61,0.030502427369356155,-0.2767094373703003,-12.296340970000001,22028,55,0.0005,0.3116005063056946,384901,384800,6887
13.037847518920898,18.14,0.61,0.031060364097356796,-0.4293695092201233,-12.269293150000001,22032,55,0.0005,1.1440627574920654,384967,384866,6888
13.025750160217285,18.12,0.61,0.030153125524520874,-0.40779078006744385,-12.18490537,22036,55,0.0005,1.8497182130813599,385040,384939,6889
12.661852836608887,18.11,0.61,0.02951331064105034,-0.32375043630599976,-12.222919990000003,22040,55,0.0005,0.8594552278518677,385112,385011,6890
12.98350715637207,18.29,0.61,0.028288230299949646,-0.9468660950660706,-12.243908,22044,55,0.0005,0.45427054166793823,385200,385099,6891
13.762353897094727,18.38,0.6,0.02726014144718647,-0.6272032260894775,-12.44298409,22048,55,0.0005,0.4423080086708069,385283,385182,6893
11.49477767944336,18.39,0.62,0.026988813653588295,-0.4299580752849579,-12.03547125,22052,55,0.0005,0.48727938532829285,385352,385251,6894
12.425775527954102,18.44,0.6,0.027288544923067093,0.5007498264312744,-12.477068590000002,22056,55,0.0005,0.8457857370376587,385427,385326,6895
11.437076568603516,18.52,0.6,0.02757778950035572,1.1611937284469604,-12.53803629,22060,55,0.0005,2.112596273422241,385509,385408,6896
14.695526123046875,18.52,0.6,0.02762950025498867,0.6179736852645874,-12.51236101,22064,55,0.0005,2.6031014919281006,385580,385479,6897
14.093037605285645,18.31,0.59,0.027563348412513733,0.24171417951583862,-12.73938037,22068,55,0.0005,1.3155112266540527,385646,385545,6898
12.345159530639648,18.37,0.59,0.029106229543685913,0.3200918436050415,-12.654735959999998,22072,55,0.0005,0.4994328022003174,385729,385628,6899
12.435440063476562,18.37,0.59,0.029794767498970032,-0.44171181321144104,-12.66591535,22076,55,0.0005,0.8515230417251587,385796,385695,6900
12.730173110961914,18.41,0.61,0.030211735516786575,0.2109646499156952,-12.27682146,22080,55,0.0005,0.7442082166671753,385876,385775,6902
11.601541519165039,18.49,0.62,0.03019418939948082,0.035761117935180664,-12.12228117,22084,55,0.0005,0.9168960452079773,385964,385863,6903
12.227426528930664,18.68,0.64,0.029803931713104248,-0.25917863845825195,-11.771147350000001,22088,55,0.0005,1.310270071029663,386046,385945,6904
11.74977970123291,18.63,0.65,0.029736489057540894,-0.5968499183654785,-11.557337069999999,22092,55,0.0005,1.2085480690002441,386116,386015,6905
13.428255081176758,18.83,0.65,0.029738688841462135,-0.9238921403884888,-11.565048150000003,22096,55,0.0005,0.27474430203437805,386201,386100,6906
12.296392440795898,18.93,0.64,0.029823841527104378,0.49334079027175903,-11.758029899999999,22100,55,0.0005,0.43902868032455444,386281,386180,6908
11.367156028747559,18.92,0.63,0.030017727985978127,-1.099134922027588,-11.940473879999997,22104,55,0.0005,0.3575049638748169,386356,386255,6909
10.966889381408691,19.04,0.63,0.029559746384620667,0.14370885491371155,-12.016966790000001,22108,55,0.0005,0.8560225963592529,386447,386346,6910
15.154056549072266,19.25,0.63,0.030571985989809036,0.20468933880329132,-12.0584842,22112,55,0.0005,0.48293209075927734,386546,386445,6911
11.324073791503906,19.36,0.61,0.02954139932990074,-0.05164632201194763,-12.45963321,22116,55,0.0005,1.1587586402893066,386636,386535,6913
12.914257049560547,19.45,0.63,0.030054328963160515,0.5101381540298462,-12.03891278,22120,55,0.0005,0.8573077917098999,386709,386608,6914
13.500489234924316,19.42,0.6,0.03082350082695484,0.8116117119789124,-12.62370962,22124,55,0.0005,0.5720502734184265,386780,386679,6915
12.896076202392578,19.51,0.59,0.03232329711318016,0.7491503953933716,-12.853469930000001,22128,55,0.0005,2.186216115951538,386852,386751,6916
12.793390274047852,19.64,0.59,0.03191094845533371,-0.5534288287162781,-12.957246520000002,22132,55,0.0005,1.554781436920166,386931,386830,6917
11.821876525878906,19.61,0.58,0.031128011643886566,0.584611713886261,-13.209934270000003,22136,55,0.0005,1.2056918144226074,387001,386900,6918
12.790605545043945,19.59,0.57,0.030795373022556305,0.028699085116386414,-13.367453229999999,22140,55,0.0005,0.6734137535095215,387071,386970,6919
14.258378982543945,19.47,0.56,0.03002849407494068,-0.7303568720817566,-13.540555370000002,22144,55,0.0005,1.4606047868728638,387147,387046,6921
11.737593650817871,19.42,0.57,0.030222231522202492,0.36667197942733765,-13.35484166,22148,55,0.0005,0.36414122581481934,387225,387124,6922
11.911422729492188,19.38,0.57,0.03029528446495533,-0.11037814617156982,-13.35427744,22152,55,0.0005,0.791570782661438,387290,387189,6923
12.213910102844238,19.29,0.6,0.029796956107020378,-0.3475123345851898,-12.720007759999998,22156,55,0.0005,0.9940915107727051,387356,387255,6924
12.184371948242188,19.25,0.61,0.02963084913790226,-0.3189101219177246,-12.525910660000001,22160,55,0.0005,0.6127217411994934,387434,387333,6925
12.789565086364746,19.31,0.6,0.02990778721868992,0.9804285168647766,-12.773675180000003,22164,55,0.0005,0.5651931166648865,387511,387410,6926
13.889497756958008,19.29,0.62,0.030245190486311913,-0.1961711049079895,-12.3536542,22168,55,0.0005,1.620253086090088,387575,387474,6927
13.490110397338867,19.22,0.64,0.030234528705477715,-0.9119774103164673,-12.01393865,22172,55,0.0005,1.2942215204238892,387651,387550,6928
14.175308227539062,19.23,0.62,0.029853686690330505,0.22076669335365295,-12.42602783,22176,55,0.0005,0.8176661729812622,387719,387618,6929
12.795100212097168,19.23,0.62,0.030765153467655182,0.8330000638961792,-12.42870449,22180,55,0.0005,0.6207973957061768,387799,387698,6931
11.856548309326172,19.08,0.62,0.031693778932094574,-0.11279332637786865,-12.405015930000001,22184,55,0.0005,1.345729112625122,387872,387771,6932
12.95519733428955,18.97,0.6,0.031037867069244385,-0.35140132904052734,-12.8019063,22188,55,0.0005,0.7234705686569214,387943,387842,6933
12.461207389831543,19.06,0.61,0.030838465318083763,0.3063894212245941,-12.6201027,22192,55,0.0005,0.5119332075119019,388022,387921,6934
11.731051445007324,19.0,0.62,0.030959999188780785,-0.41444042325019836,-12.43902186,22196,55,0.0005,1.4781129360198975,388101,388000,6935
12.637136459350586,18.98,0.6,0.031006868928670883,-0.23633113503456116,-12.8931451,22200,55,0.0005,0.7553571462631226,388179,388078,6937
13.613917350769043,18.97,0.61,0.03038908913731575,-0.09199292957782745,-12.704255719999999,22204,55,0.0005,0.9129009246826172,388253,388152,6938
13.002711296081543,18.76,0.62,0.030052214860916138,1.0543665885925293,-12.439958419999998,22208,55,0.0005,0.8048335313796997,388323,388222,6939
13.411523818969727,18.36,0.62,0.030907215550541878,0.517106831073761,-12.354171660000002,22212,55,0.0005,0.2131114900112152,388382,388281,6940
11.563032150268555,18.13,0.63,0.031184140592813492,-0.22719967365264893,-12.118890679999998,22216,55,0.0005,0.3509182333946228,388449,388348,6941
11.942299842834473,18.19,0.63,0.03137044608592987,0.8794341087341309,-12.13616358,22220,55,0.0005,0.7545493841171265,388528,388427,6942
14.428695678710938,18.21,0.66,0.030418170616030693,-0.11389227211475372,-11.501391570000003,22224,55,0.0005,1.3064208030700684,388601,388500,6943
12.948906898498535,18.15,0.67,0.030117452144622803,0.05712532997131348,-11.28482988,22228,55,0.0005,1.117424726486206,388667,388566,6944
13.396602630615234,18.14,0.67,0.029389573261141777,-0.8351273536682129,-11.280731170000001,22232,55,0.0005,1.129037618637085,388745,388644,6946
15.047332763671875,18.25,0.7,0.028007911518216133,0.2777922451496124,-10.704475610000001,22236,55,0.0005,0.8104403614997864,388826,388725,6947
12.549651145935059,18.3,0.72,0.028637707233428955,0.5181095004081726,-10.332923860000001,22240,55,0.0005,0.8882108926773071,388901,388800,6948
14.107747077941895,18.28,0.73,0.02948112227022648,-0.32364392280578613,-10.10989549,22244,55,0.0005,0.8545284867286682,388975,388874,6949
12.436174392700195,18.27,0.71,0.02889351174235344,-0.08793401718139648,-10.466782310000001,22248,55,0.0005,1.0336614847183228,389052,388951,6951
13.139683723449707,18.42,0.71,0.0284163448959589,-0.030268162488937378,-10.46077796,22252,55,0.0005,1.2307639122009277,389132,389031,6952
12.612306594848633,18.47,0.7,0.028339369222521782,-0.3729262351989746,-10.65819418,22256,55,0.0005,0.30090147256851196,389203,389102,6953
12.952920913696289,18.4,0.71,0.02895309217274189,0.8016822934150696,-10.418926550000002,22260,55,0.0005,0.5303698778152466,389274,389173,6954
12.684196472167969,18.35,0.72,0.02968025766313076,-0.09422335028648376,-10.15112635,22264,55,0.0005,0.42725616693496704,389346,389245,6955
13.457074165344238,18.36,0.72,0.030564166605472565,0.12560364603996277,-10.15201391,22268,55,0.0005,1.6646158695220947,389411,389310,6956
13.416675567626953,18.2,0.7,0.030825743451714516,0.864948034286499,-10.545964880000001,22272,55,0.0005,1.4703047275543213,389471,389370,6957
13.637892723083496,18.12,0.71,0.03249330073595047,0.3888607323169708,-10.3727438,22276,55,0.0005,0.7764012217521667,389531,389430,6958
12.457298278808594,18.0,0.69,0.032576944679021835,-0.5079209208488464,-10.69472771,22280,55,0.0005,0.5285652875900269,389599,389498,6959
14.092947006225586,18.06,0.7,0.0320667140185833,0.7340880036354065,-10.512359350000002,22284,55,0.0005,0.9666647911071777,389678,389577,6961
11.853509902954102,18.04,0.7,0.0321466326713562,0.5485454201698303,-10.46623177,22288,55,0.0005,2.2522215843200684,389747,389646,6962
12.80951976776123,17.94,0.69,0.032142072916030884,-0.10672751069068909,-10.600431449999999,22292,55,0.0005,0.5315152406692505,389816,389715,6963
11.810822486877441,18.0,0.68,0.031242482364177704,-0.3878552317619324,-10.789558600000003,22296,55,0.0005,0.4208088517189026,389901,389800,6964
11.707977294921875,17.9,0.69,0.031236212700605392,1.0323128700256348,-10.537150700000002,22300,55,0.0005,0.3241615891456604,389969,389868,6965
13.601340293884277,17.8,0.67,0.03199838101863861,0.04888126999139786,-10.95711443,22304,55,0.0005,1.73223078250885,390033,389932,6980
11.817259788513184,17.8,0.67,0.03292866051197052,1.0038442611694336,-10.958731449999998,22308,55,0.0005,1.9903197288513184,390103,390002,6982
12.980653762817383,17.92,0.67,0.03360910713672638,-0.3433206081390381,-10.991554120000004,22312,55,0.0005,0.5426883101463318,390174,390073,6983
12.752324104309082,18.03,0.67,0.032575350254774094,-0.006009131669998169,-11.023177350000003,22316,55,0.0005,0.31615906953811646,390252,390151,6984
13.475103378295898,17.9,0.68,0.03308349847793579,0.4902609586715698,-10.795384020000004,22320,55,0.0005,1.0198533535003662,390318,390217,6985
12.645709037780762,17.79,0.68,0.03312919661402702,-0.15605351328849792,-10.78274085,22324,55,0.0005,1.3163807392120361,390380,390279,6986
11.72099494934082,17.77,0.68,0.033426977694034576,-0.00505673885345459,-10.77267245,22328,55,0.0005,1.074838638305664,390444,390343,6987
12.415752410888672,17.74,0.69,0.03303542360663414,0.12813198566436768,-10.536324100000002,22332,55,0.0005,1.089756727218628,390519,390418,6988
14.575723648071289,17.73,0.69,0.03239556401968002,-0.884264349937439,-10.538359959999998,22336,55,0.0005,2.125105381011963,390599,390498,6990
11.487140655517578,17.73,0.69,0.03199053928256035,-0.12778340280056,-10.51618022,22340,55,0.0005,0.8388197422027588,390674,390573,6991
11.447514533996582,18.02,0.69,0.03099481388926506,-0.21356907486915588,-10.61126645,22344,55,0.0005,1.4676711559295654,390777,390676,6992
12.34310531616211,18.06,0.7,0.030648522078990936,0.32188552618026733,-10.4494923,22348,55,0.0005,1.0772979259490967,390858,390757,6994
13.097505569458008,17.96,0.7,0.03102627396583557,0.19457730650901794,-10.46422904,22352,55,0.0005,0.22620590031147003,390928,390827,6995
11.734285354614258,18.01,0.71,0.031931035220623016,0.010998904705047607,-10.240653270000001,22356,55,0.0005,1.5395846366882324,391004,390903,6996
13.170703887939453,18.0,0.72,0.032102156430482864,0.11279042065143585,-10.026470069999998,22360,55,0.0005,0.7009533047676086,391074,390973,6997
12.81625747680664,18.02,0.69,0.03218439593911171,-0.05154185742139816,-10.60872921,22364,55,0.0005,0.669089674949646,391148,391047,6998
13.016151428222656,18.04,0.7,0.03241674229502678,0.34027016162872314,-10.41651785,22368,55,0.0005,0.3390708565711975,391215,391114,6999
15.02128791809082,18.19,0.71,0.03291181102395058,0.006154172122478485,-10.191078760000002,22372,55,0.0005,0.8780096769332886,391290,391189,7001
12.098401069641113,18.29,0.72,0.03335224464535713,0.3898610472679138,-9.920245799999998,22376,55,0.0005,0.8097066879272461,391360,391259,7002
11.851652145385742,18.34,0.7,0.03357202932238579,-0.2844662070274353,-10.289367510000002,22380,55,0.0005,0.6055222153663635,391433,391332,7003
14.338340759277344,18.41,0.66,0.03271057456731796,-0.2645568549633026,-11.010155140000002,22384,55,0.0005,1.1953544616699219,391519,391418,7004
13.698022842407227,18.53,0.67,0.03344867005944252,0.6788562536239624,-10.84402052,22388,55,0.0005,0.8440935611724854,391600,391499,7006
13.532522201538086,18.6,0.65,0.03342686593532562,-1.1124415397644043,-11.30746971,22392,55,0.0005,1.0324289798736572,391676,391575,7007
13.728410720825195,18.42,0.63,0.0329199843108654,0.4707411527633667,-11.622124499999998,22396,55,0.0005,0.7883651256561279,391743,391642,7008
12.930301666259766,18.48,0.63,0.03379473090171814,0.8482201099395752,-11.64144918,22400,55,0.0005,3.166482925415039,391817,391716,7009
13.005797386169434,18.57,0.62,0.03485361486673355,-0.0318409726023674,-11.733176640000002,22404,55,0.0005,0.4603475332260132,391890,391789,7010
13.233646392822266,18.51,0.6,0.03468434140086174,-0.2604343593120575,-12.031654740000004,22408,55,0.0005,0.4670044481754303,391954,391853,7011
12.852014541625977,18.46,0.59,0.03380259498953819,-0.4247196912765503,-12.185934069999998,22412,55,0.0005,0.35213083028793335,392020,391919,7012
12.858989715576172,18.52,0.58,0.032299868762493134,-0.4047917127609253,-12.362701909999998,22416,55,0.0005,1.8938058614730835,392104,392003,7014
13.09952163696289,18.66,0.56,0.031891386955976486,0.09242832660675049,-12.7668639,22420,55,0.0005,0.7736713886260986,392184,392083,7015
12.725269317626953,18.74,0.57,0.032184917479753494,0.15901976823806763,-12.587281749999999,22424,55,0.0005,0.24023795127868652,392254,392153,7016
11.969754219055176,19.0,0.56,0.032082125544548035,-0.36662399768829346,-12.85639263,22428,55,0.0005,1.3843324184417725,392344,392243,7018
11.786368370056152,18.92,0.55,0.0323493555188179,0.4971427023410797,-13.022365700000002,22432,55,0.0005,1.6073991060256958,392411,392310,7019
12.645020484924316,18.8,0.55,0.0326453261077404,0.4095390737056732,-12.986663230000001,22436,55,0.0005,1.6779215335845947,392479,392378,7020
12.638916015625,18.84,0.54,0.033638808876276016,1.0096869468688965,-13.18077201,22440,55,0.0005,1.1968388557434082,392558,392457,7021
13.895831108093262,18.52,0.54,0.0343797467648983,-0.35727205872535706,-13.08460083,22444,55,0.0005,2.78422474861145,392629,392528,7022
16.792465209960938,18.56,0.53,0.034313611686229706,-0.6084702014923096,-13.27654943,22448,55,0.0005,1.3352489471435547,392714,392613,7023
13.308565139770508,18.54,0.52,0.035201266407966614,1.31172513961792,-13.43671492,22452,55,0.0005,0.7000114917755127,392782,392681,7025
13.38418197631836,18.41,0.52,0.037344127893447876,0.8053693771362305,-13.464280770000002,22456,55,0.0005,1.2114970684051514,392845,392744,7026
12.441932678222656,18.4,0.51,0.0367819182574749,-1.3005869388580322,-13.673494789999998,22460,55,0.0005,0.3965194821357727,392914,392813,7027
12.448461532592773,18.38,0.52,0.03554001823067665,-0.2005312442779541,-13.496842229999997,22464,55,0.0005,1.830130696296692,392986,392885,7028
12.599918365478516,18.46,0.51,0.034218721091747284,0.011717062443494797,-13.70350981,22468,55,0.0005,0.7773868441581726,393061,392960,7029
13.537039756774902,18.49,0.52,0.033420681953430176,-0.30461597442626953,-13.51520831,22472,55,0.0005,0.9802811741828918,393139,393038,7030
12.981697082519531,18.54,0.51,0.03257202357053757,0.15228316187858582,-13.76081225,22476,55,0.0005,1.5029377937316895,393214,393113,7032
12.032655715942383,18.59,0.53,0.032233741134405136,-0.2424084097146988,-13.44323054,22480,55,0.0005,1.0847477912902832,393292,393191,7033
11.934106826782227,18.45,0.55,0.03141726553440094,-0.7465274930000305,-13.095514469999998,22484,55,0.0005,0.7757264375686646,393364,393263,7034
12.867919921875,18.38,0.54,0.030656583607196808,0.020733952522277832,-13.27175256,22488,55,0.0005,0.4574660062789917,393438,393337,7035
12.710624694824219,18.38,0.56,0.030575281009078026,0.39621514081954956,-12.848834369999999,22492,55,0.0005,0.9455682039260864,393514,393413,7036
12.67581844329834,18.41,0.56,0.030676674097776413,-0.030914664268493652,-12.89124503,22496,55,0.0005,0.28382086753845215,393584,393483,7037
12.417264938354492,18.38,0.58,0.03042355366051197,0.39774614572525024,-12.485954129999998,22500,55,0.0005,0.480995237827301,393655,393554,7039
11.551945686340332,18.37,0.59,0.030602047219872475,0.8332372903823853,-12.3287242,22504,55,0.0005,0.8117750883102417,393727,393626,7040
12.906759262084961,18.47,0.62,0.03207014873623848,0.27702203392982483,-11.840645610000001,22508,55,0.0005,1.85642671585083,393801,393700,7041
13.946857452392578,18.55,0.62,0.03161562979221344,0.0521402508020401,-11.84597885,22512,55,0.0005,1.6870931386947632,393875,393774,7042
13.983063697814941,18.45,0.61,0.03087507374584675,-0.5296286344528198,-12.047558369999999,22516,55,0.0005,1.7576892375946045,393949,393848,7043
11.831108093261719,18.39,0.61,0.030029447749257088,-0.31512317061424255,-12.005467130000001,22520,55,0.0005,0.5112985372543335,394023,393922,7044
12.04965591430664,18.46,0.6,0.02975226752460003,1.2842350006103516,-12.21243925,22524,55,0.0005,1.4133174419403076,394100,393999,7046
12.617561340332031,18.29,0.6,0.030591841787099838,0.15477830171585083,-12.165435850000001,22528,55,0.0005,0.6814229488372803,394173,394072,7047
11.876287460327148,18.4,0.61,0.03112202323973179,1.3829542398452759,-11.981627119999999,22532,55,0.0005,0.8506945371627808,394251,394150,7048
13.213074684143066,18.59,0.58,0.03253740444779396,0.7366304397583008,-12.64618559,22536,55,0.0005,1.761138916015625,394338,394237,7050
14.255952835083008,18.6,0.58,0.03310573101043701,0.40018489956855774,-12.656476319999998,22540,55,0.0005,0.782691478729248,394418,394317,7051
13.675527572631836,18.78,0.59,0.03380681574344635,-0.07035703957080841,-12.524490929999999,22544,55,0.0005,1.4491801261901855,394507,394406,7052
13.360151290893555,18.62,0.6,0.03498288616538048,0.05631616711616516,-12.29994597,22548,55,0.0005,1.2963216304779053,394576,394475,7053
12.26141357421875,18.65,0.59,0.035478197038173676,-0.04989035427570343,-12.47225647,22552,55,0.0005,1.6679449081420898,394647,394546,7054
13.111007690429688,18.75,0.56,0.03496738150715828,-0.14904078841209412,-13.011069789999999,22556,55,0.0005,0.7812414169311523,394720,394619,7056
11.88494873046875,18.89,0.56,0.034296102821826935,-0.5298923850059509,-13.019188419999995,22560,55,0.0005,0.37946534156799316,394803,394702,7057
12.023358345031738,18.86,0.59,0.033266760408878326,-0.46528372168540955,-12.432166620000002,22564,55,0.0005,0.29113176465034485,394872,394771,7058
11.040855407714844,18.86,0.59,0.03230784088373184,-0.2671596109867096,-12.468299750000002,22568,55,0.0005,0.36480337381362915,394947,394846,7059
12.280542373657227,18.83,0.58,0.03235810250043869,-0.05151406675577164,-12.680013259999999,22572,55,0.0005,0.37065330147743225,395022,394921,7060
11.623289108276367,18.75,0.59,0.03266536071896553,-0.6210638284683228,-12.44386595,22576,55,0.0005,0.9068150520324707,395089,394988,7062
13.224014282226562,18.66,0.59,0.0325179323554039,-0.7213330268859863,-12.441032209999998,22580,55,0.0005,1.3441696166992188,395158,395057,7063
12.102033615112305,18.6,0.6,0.033657245337963104,0.7158143520355225,-12.2208707,22584,55,0.0005,0.2890857458114624,395224,395123,7064
12.917295455932617,18.56,0.61,0.03411621227860451,0.17914676666259766,-12.014640280000002,22588,55,0.0005,0.6277832984924316,395294,395193,7065
12.748414993286133,18.54,0.62,0.033822618424892426,0.03301197290420532,-11.823996010000004,22592,55,0.0005,0.2025686800479889,395368,395267,7066
12.609314918518066,18.52,0.64,0.034033920615911484,0.49001890420913696,-11.41899849,22596,55,0.0005,0.550927460193634,395436,395335,7067
12.32790756225586,18.54,0.64,0.03417698293924332,-0.7023701071739197,-11.42286662,22600,55,0.0005,0.23675823211669922,395509,395408,7068
13.371706008911133,18.59,0.65,0.03366197273135185,-0.12888821959495544,-11.250609269999998,22604,55,0.0005,0.3579859137535095,395586,395485,7070
11.73275375366211,18.6,0.65,0.033036138862371445,0.15455231070518494,-11.250143799999998,22608,55,0.0005,0.672380268573761,395661,395560,7071
12.239950180053711,18.67,0.66,0.033067431300878525,0.8785094618797302,-11.085291570000003,22612,55,0.0005,1.9181067943572998,395742,395641,7072
12.719758987426758,18.69,0.69,0.03389592841267586,-0.0628097653388977,-10.4966021,22616,55,0.0005,2.1092095375061035,395818,395717,7073
13.86474609375,18.76,0.7,0.034488581120967865,0.6735185384750366,-10.36298434,22620,55,0.0005,0.8365209102630615,395899,395798,7075
12.16218376159668,18.72,0.69,0.03573823720216751,-0.10381665825843811,-10.57508818,22624,55,0.0005,1.3067349195480347,395972,395871,7076
11.451396942138672,18.72,0.69,0.03603009507060051,0.009000204503536224,-10.604935269999999,22628,55,0.0005,0.34876173734664917,396045,395944,7077
11.68539047241211,18.63,0.68,0.03564554825425148,-0.0926581546664238,-10.7901521,22632,55,0.0005,0.7873832583427429,396114,396013,7078
11.13863754272461,18.55,0.69,0.03552874177694321,-0.2068960815668106,-10.528858219999996,22636,55,0.0005,0.5311517715454102,396193,396092,7079
13.454595565795898,18.44,0.7,0.0344230942428112,-0.709674596786499,-10.33185595,22640,55,0.0005,0.3418239951133728,396262,396161,7080
14.247163772583008,18.2,0.69,0.033199965953826904,0.05037000775337219,-10.44544612,22644,55,0.0005,0.36369043588638306,396327,396226,7081
10.651117324829102,18.24,0.68,0.03302830457687378,-0.17871004343032837,-10.683417290000001,22648,55,0.0005,0.6078577041625977,396400,396299,7082
12.833712577819824,18.22,0.7,0.03325293958187103,-0.8836106061935425,-10.339046660000003,22652,55,0.0005,0.2859001159667969,396469,396368,7084
12.63089656829834,18.23,0.74,0.03288576751947403,0.8679192066192627,-9.62087936,22656,55,0.0005,0.5551861524581909,396543,396442,7085
13.390920639038086,18.03,0.75,0.033350564539432526,1.0509653091430664,-9.379269370000001,22660,55,0.0005,0.8096567392349243,396606,396505,7086
11.92817497253418,18.0,0.72,0.03475666046142578,0.2788505256175995,-9.978569069999999,22664,55,0.0005,0.6761124730110168,396672,396571,7087
14.188600540161133,18.05,0.71,0.03485313430428505,0.5074893236160278,-10.13390427,22668,55,0.0005,1.7307822704315186,396752,396651,7088
12.429299354553223,18.04,0.71,0.0359303317964077,0.28441059589385986,-10.11582806,22672,55,0.0005,2.1700687408447266,396826,396725,7089
12.10640811920166,18.1,0.72,0.03632503002882004,0.11062335968017578,-9.93948117,22676,55,0.0005,0.758025050163269,396899,396798,7090
13.130363464355469,18.06,0.74,0.03589586541056633,-0.22617319226264954,-9.53104244,22680,55,0.0005,1.677381992340088,396964,396863,7091
11.184107780456543,18.22,0.74,0.03582983836531639,0.150365948677063,-9.55622922,22684,55,0.0005,0.600587010383606,397046,396945,7092
12.794170379638672,18.19,0.74,0.034850817173719406,-0.28233641386032104,-9.57338152,22688,55,0.0005,1.258987307548523,397113,397012,7093
11.960853576660156,18.25,0.7,0.033852532505989075,-0.6378360986709595,-10.322994990000002,22692,55,0.0005,0.5866461396217346,397193,397092,7094
12.845333099365234,18.24,0.69,0.03335871547460556,-0.07061727344989777,-10.54827411,22696,55,0.0005,0.4522838592529297,397260,397159,7096
12.165569305419922,18.3,0.69,0.03382732346653938,0.9071258902549744,-10.565566899999999,22700,55,0.0005,0.6316925287246704,397339,397238,7097
12.620464324951172,18.33,0.7,0.03337383642792702,0.25921574234962463,-10.384069810000002,22704,55,0.0005,1.4885096549987793,397419,397318,7098
13.089734077453613,18.16,0.66,0.03367410972714424,0.4180925488471985,-11.185542419999999,22708,55,0.0005,0.7052024602890015,397477,397376,7099
16.21173667907715,18.03,0.66,0.03490409255027771,0.4017203450202942,-11.155408049999998,22712,55,0.0005,1.583754539489746,397545,397444,7100
13.843646049499512,17.99,0.63,0.03502166271209717,0.35111474990844727,-11.667901309999998,22716,55,0.0005,1.086376667022705,397617,397516,7101
14.627901077270508,18.0,0.6,0.035834554582834244,0.8498865365982056,-12.211014319999999,22720,55,0.0005,2.3192861080169678,397699,397598,7103
13.359764099121094,17.96,0.6,0.03719222545623779,-0.6922585964202881,-12.190140750000001,22724,55,0.0005,0.46567797660827637,397768,397667,7104
11.866180419921875,17.99,0.59,0.03666483983397484,-0.08680499345064163,-12.374491660000004,22728,55,0.0005,0.5893030762672424,397844,397743,7105
12.946359634399414,18.07,0.6,0.03551332652568817,-0.7384272813796997,-12.233702390000001,22732,55,0.0005,1.0664045810699463,397921,397820,7106
14.747024536132812,18.0,0.58,0.034593258053064346,-0.18083567917346954,-12.60150136,22736,55,0.0005,1.2078135013580322,397993,397892,7107
12.679669380187988,18.03,0.57,0.03368532657623291,0.21728092432022095,-12.765149690000001,22740,55,0.0005,0.3045387268066406,398065,397964,7108
12.299038887023926,18.0,0.56,0.03490530699491501,0.7919186353683472,-13.005421230000001,22744,55,0.0005,0.3862344026565552,398127,398026,7109
10.959152221679688,17.99,0.56,0.03535538911819458,-1.3097573518753052,-12.99141611,22748,55,0.0005,0.45890650153160095,398199,398098,7111
11.717424392700195,18.09,0.55,0.033799298107624054,-0.02575826644897461,-13.177965710000002,22752,55,0.0005,0.7520926594734192,398278,398177,7112
12.044267654418945,18.07,0.54,0.03238069266080856,-1.085336685180664,-13.37060163,22756,55,0.0005,1.5191594362258911,398350,398249,7113
12.321292877197266,18.2,0.51,0.031447384506464005,-0.44320186972618103,-13.94184835,22760,56,0.0005,1.006474494934082,398426,398325,7114
11.858161926269531,18.24,0.52,0.03127841278910637,0.35844624042510986,-13.744262590000003,22764,56,0.0005,0.720410943031311,398496,398395,7115
11.417861938476562,18.1,0.54,0.031831566244363785,0.6737574338912964,-13.343105490000003,22768,56,0.0005,0.6552079916000366,398562,398461,7116
11.524712562561035,18.03,0.54,0.03182520717382431,0.2928186058998108,-13.304354210000001,22772,56,0.0005,0.723453164100647,398629,398528,7117
11.53642749786377,17.99,0.54,0.03162648528814316,0.3777327537536621,-13.30109096,22776,56,0.0005,0.7351827621459961,398698,398597,7119
13.492606163024902,18.06,0.53,0.03199086710810661,-0.012956678867340088,-13.510111030000001,22780,56,0.0005,1.1502008438110352,398770,398669,7120
12.796868324279785,17.95,0.53,0.03211713209748268,1.1306918859481812,-13.474116189999997,22784,56,0.0005,0.9110903143882751,398841,398740,7121
12.834264755249023,18.12,0.53,0.03323791176080704,-0.3313155472278595,-13.47725305,22788,56,0.0005,0.9169306755065918,398925,398824,7122
13.546242713928223,18.03,0.56,0.03368578478693962,-0.346305251121521,-12.89870161,22792,56,0.0005,1.902808666229248,398996,398895,7123
13.992355346679688,18.09,0.55,0.03501216694712639,2.2484564781188965,-13.03478591,22796,56,0.0005,1.9123616218566895,399069,398968,7125
15.489093780517578,17.93,0.54,0.03662639483809471,-0.2459588646888733,-13.23404728,22800,56,0.0005,0.507013201713562,399132,399031,7126
13.427495002746582,17.87,0.52,0.03580932691693306,-1.4251549243927002,-13.6180592,22804,56,0.0005,1.7412890195846558,399206,399105,7127
13.414854049682617,18.11,0.55,0.035066645592451096,0.8615222573280334,-13.017223880000001,22808,56,0.0005,1.2624825239181519,399288,399187,7128
12.152502059936523,18.22,0.55,0.03613179177045822,-0.5767859220504761,-13.048084680000002,22812,56,0.0005,0.7133200168609619,399367,399266,7129
12.548673629760742,18.26,0.58,0.035393912345170975,-0.2672887146472931,-12.538751330000002,22816,56,0.0005,0.8929586410522461,399443,399342,7131
10.85912799835205,18.15,0.62,0.03491436317563057,-0.3518218696117401,-11.78165124,22820,56,0.0005,0.4038974940776825,399514,399413,7132
12.526272773742676,18.22,0.62,0.03404121473431587,-0.6188117265701294,-11.77006883,22824,56,0.0005,0.621991753578186,399590,399489,7133
14.633882522583008,18.16,0.63,0.03318234905600548,-0.6801552772521973,-11.54234814,22828,56,0.0005,0.5609757900238037,399660,399559,7134
11.585506439208984,18.13,0.64,0.03232041373848915,-0.09165270626544952,-11.31961662,22832,56,0.0005,0.557127058506012,399734,399633,7135
12.676880836486816,18.26,0.67,0.03180332109332085,-0.3309909701347351,-10.781705170000002,22836,56,0.0005,0.7560589909553528,399819,399718,7137
12.68547248840332,18.21,0.67,0.03144277259707451,-0.11023923754692078,-10.7888103,22840,56,0.0005,1.1529731750488281,399886,399785,7138
13.425930976867676,18.29,0.68,0.03143604099750519,0.33042407035827637,-10.558291939999998,22844,56,0.0005,1.4567019939422607,399956,399855,7139
11.69661808013916,18.4,0.67,0.03140847384929657,-0.09795065224170685,-10.730763669999998,22848,55,0.0005,0.45145654678344727,400039,399938,7155
12.945398330688477,18.31,0.68,0.03200795501470566,-0.055156245827674866,-10.545704269999998,22852,55,0.0005,0.5144841074943542,400109,400008,7156
12.990861892700195,18.25,0.69,0.03200973942875862,0.5240440368652344,-10.325224679999998,22856,55,0.0005,0.3412812352180481,400175,400074,7157
11.970712661743164,18.21,0.72,0.03236791491508484,-0.30160680413246155,-9.78398906,22860,55,0.0005,0.40359625220298767,400247,400146,7158
12.899459838867188,18.28,0.74,0.032316915690898895,-0.5000379681587219,-9.41539127,22864,55,0.0005,0.282468318939209,400324,400223,7159
11.540441513061523,18.25,0.74,0.032139431685209274,0.014146804809570312,-9.40471015,22868,55,0.0005,0.26614436507225037,400387,400286,7160
12.035710334777832,18.3,0.75,0.03305690735578537,0.600277304649353,-9.241211739999999,22872,55,0.0005,0.7291650176048279,400459,400358,7161
12.944673538208008,18.29,0.74,0.033618900924921036,0.4697655439376831,-9.411998050000001,22876,55,0.0005,2.5092482566833496,400527,400426,7162
12.36423110961914,18.27,0.73,0.034622032195329666,-0.18047857284545898,-9.58364586,22880,55,0.0005,0.5505343675613403,400597,400496,7164
12.292741775512695,18.28,0.72,0.0347096249461174,-0.33512938022613525,-9.78836833,22884,55,0.0005,0.9397135376930237,400669,400568,7165
11.42325210571289,18.21,0.72,0.03420810028910637,-0.43766453862190247,-9.786952580000001,22888,55,0.0005,1.3902482986450195,400746,400645,7166
11.729104995727539,18.18,0.72,0.033801399171352386,0.1943570077419281,-9.79118345,22892,55,0.0005,0.5523950457572937,400814,400713,7167
12.584026336669922,18.31,0.74,0.033293455839157104,-0.414503276348114,-9.493183190000002,22896,55,0.0005,1.3329613208770752,400900,400799,7168
11.49647331237793,18.44,0.75,0.032493915408849716,-0.07677921652793884,-9.284824290000001,22900,55,0.0005,0.3101436495780945,400976,400875,7170
11.644681930541992,18.4,0.78,0.032547030597925186,0.2096291482448578,-8.698880359999999,22904,55,0.0005,0.5923551321029663,401046,400945,7171
12.623128890991211,18.27,0.79,0.031954262405633926,-0.832915186882019,-8.48617952,22908,55,0.0005,0.39324861764907837,401115,401014,7172
12.629470825195312,18.22,0.79,0.0315091498196125,0.7471567392349243,-8.455052660000002,22912,55,0.0005,1.1284832954406738,401189,401088,7173
10.322134017944336,18.23,0.79,0.03295692801475525,0.7512628436088562,-8.4591091,22916,55,0.0005,0.7454437017440796,401266,401165,7174
15.48309326171875,18.27,0.79,0.03378262743353844,-0.2170337736606598,-8.47206201,22920,55,0.0005,1.5960617065429688,401341,401240,7176
14.058860778808594,18.19,0.78,0.03486638888716698,1.578067421913147,-8.684164200000001,22924,55,0.0005,1.6044554710388184,401409,401308,7177
13.238459587097168,18.17,0.77,0.03641543909907341,-0.5755265355110168,-8.931628750000002,22928,55,0.0005,0.9642679691314697,401477,401376,7178
12.457269668579102,18.24,0.75,0.03711025044322014,0.09493550658226013,-9.303598169999999,22932,55,0.0005,1.4521443843841553,401558,401457,7179
12.540732383728027,18.03,0.75,0.03702918440103531,-0.42480137944221497,-9.23735246,22936,55,0.0005,2.9696590900421143,401622,401521,7180
11.851469039916992,18.13,0.75,0.03679578751325607,-0.7552928924560547,-9.290215810000001,22940,55,0.0005,1.2347478866577148,401699,401598,7181
11.559178352355957,18.16,0.75,0.036176372319459915,-0.1288899928331375,-9.33511053,22944,55,0.0005,0.3801630735397339,401772,401671,7183
12.030566215515137,18.0,0.77,0.03559494391083717,-0.9637318253517151,-8.926582529999997,22948,55,0.0005,0.4667337238788605,401839,401738,7184
13.425586700439453,18.01,0.78,0.03395993635058403,-0.519753098487854,-8.7389401,22952,55,0.0005,1.0920720100402832,401910,401809,7185
12.853976249694824,18.07,0.75,0.03326093778014183,0.6347347497940063,-9.33309594,22956,55,0.0005,1.7903283834457397,401982,401881,7186
12.497464179992676,18.07,0.73,0.03303040936589241,1.5188688039779663,-9.674414820000003,22960,55,0.0005,3.0526249408721924,402054,401953,7187
12.498290061950684,18.04,0.7,0.03592134639620781,1.0814170837402344,-10.22163291,22964,55,0.0005,0.8282536864280701,402128,402027,7188
12.322543144226074,18.18,0.68,0.038097359240055084,1.0774762630462646,-10.61453628,22968,55,0.0005,0.26645034551620483,402205,402104,7189
11.80288314819336,18.16,0.67,0.03934957832098007,0.17770344018936157,-10.826781250000002,22972,55,0.0005,1.2547062635421753,402275,402174,7191
12.107776641845703,18.16,0.67,0.039439793676137924,0.09336933493614197,-10.837763819999997,22976,55,0.0005,0.794427216053009,402343,402242,7192
11.896148681640625,18.27,0.68,0.03911299258470535,-0.4883357584476471,-10.68306841,22980,55,0.0005,0.5226695537567139,402424,402323,7193
12.331543922424316,18.26,0.68,0.03776869550347328,-1.0336723327636719,-10.69937948,22984,55,0.0005,0.22191908955574036,402495,402394,7194
11.709268569946289,18.25,0.66,0.037331487983465195,-0.22686463594436646,-11.07965841,22988,55,0.0005,0.5930209159851074,402571,402470,7195
12.295629501342773,18.34,0.67,0.03645331785082817,0.7771227359771729,-10.91643618,22992,55,0.0005,1.0002058744430542,402648,402547,7197
12.597244262695312,18.3,0.67,0.03589675575494766,-0.3541133403778076,-10.90026888,22996,55,0.0005,0.6028569936752319,402730,402629,7198
12.079168319702148,18.23,0.65,0.03546995297074318,0.2729240655899048,-11.239551180000003,23000,55,0.0005,0.35000425577163696,402799,402698,7199
10.776848793029785,18.27,0.62,0.03520174324512482,-0.568325400352478,-11.776650310000004,23004,55,0.0005,0.5375356674194336,402873,402772,7200
10.71918773651123,18.32,0.61,0.03479253500699997,-0.702238142490387,-11.99123083,23008,55,0.0005,0.5733827352523804,402947,402846,7201
12.951026916503906,18.24,0.62,0.03412637859582901,-0.3099362850189209,-11.792974159999998,23012,55,0.0005,0.2730615735054016,403013,402912,7202
12.761178016662598,18.17,0.59,0.03372985124588013,-0.46396252512931824,-12.359744289999998,23016,55,0.0005,0.8397641181945801,403083,402982,7204
13.50009536743164,18.15,0.58,0.0336730033159256,-0.7250919938087463,-12.53594351,23020,55,0.0005,0.46261459589004517,403156,403055,7205
12.230453491210938,18.2,0.6,0.03381887823343277,0.30778923630714417,-12.124351840000001,23024,55,0.0005,1.126617193222046,403229,403128,7206
11.90903377532959,18.2,0.6,0.03410938009619713,0.04076484590768814,-12.029997909999997,23028,55,0.0005,1.4472694396972656,403297,403196,7207
12.666971206665039,18.11,0.61,0.03357377275824547,0.17175745964050293,-11.832310470000003,23032,55,0.0005,0.5812020301818848,403369,403268,7208
11.643377304077148,18.11,0.6,0.03345821797847748,0.29116690158843994,-12.03458584,23036,55,0.0005,1.59992253780365,403433,403332,7209
12.034586906433105,18.05,0.6,0.03358286991715431,-0.5400908589363098,-12.025400990000001,23040,55,0.0005,0.766652524471283,403504,403403,7210
11.956099510192871,18.07,0.59,0.03299150988459587,-0.07257091999053955,-12.180588850000001,23044,55,0.0005,0.4066706597805023,403579,403478,7212
12.449089050292969,18.11,0.59,0.032511238008737564,-0.023484066128730774,-12.171086749999999,23048,55,0.0005,0.5701100826263428,403650,403549,7213
10.996362686157227,18.17,0.59,0.03266528248786926,-0.04047885537147522,-12.194776789999999,23052,55,0.0005,0.653337836265564,403727,403626,7214
12.504323959350586,18.16,0.62,0.032483238726854324,0.5007385015487671,-11.615342219999997,23056,55,0.0005,1.621187448501587,403798,403697,7215
12.372146606445312,18.23,0.64,0.03313731029629707,0.4098547697067261,-11.295781469999998,23060,55,0.0005,0.39089956879615784,403877,403776,7216
10.795677185058594,18.23,0.66,0.033948782831430435,-0.4097011387348175,-10.90739158,23064,55,0.0005,1.059492826461792,403951,403850,7218
12.666845321655273,18.23,0.67,0.03374836593866348,-0.20845341682434082,-10.724347149999998,23068,55,0.0005,0.46942654252052307,404028,403927,7219
11.824043273925781,18.19,0.68,0.033462781459093094,-1.1484706401824951,-10.489970930000002,23072,55,0.0005,0.902313232421875,404094,403993,7220
12.078580856323242,18.24,0.69,0.033073458820581436,-0.7859253883361816,-10.31689303,23076,55,0.0005,0.6036702394485474,404167,404066,7221
12.67814826965332,18.22,0.69,0.033053409308195114,0.5450279116630554,-10.318300130000003,23080,55,0.0005,0.8326975107192993,404246,404145,7222
12.992051124572754,18.2,0.71,0.03384535759687424,0.773643970489502,-9.9207774,23084,55,0.0005,1.5143202543258667,404315,404214,7223
13.208066940307617,18.18,0.72,0.03449980169534683,0.6105183362960815,-9.70141153,23088,55,0.0005,1.055619716644287,404389,404288,7225
14.597797393798828,18.25,0.7,0.033241819590330124,-0.6027048230171204,-10.0651162,23092,55,0.0005,1.9957845211029053,404473,404372,7226
13.098197937011719,18.13,0.7,0.033555615693330765,0.9602478742599487,-10.04076628,23096,55,0.0005,1.1179049015045166,404543,404442,7227
14.25245189666748,18.11,0.72,0.034133803099393845,-0.09816093742847443,-9.67463204,23100,55,0.0005,0.7062170505523682,404610,404509,7228
13.286605834960938,18.0,0.74,0.033743053674697876,-0.11075469106435776,-9.29756223,23104,55,0.0005,0.7981958389282227,404673,404572,7229
12.122401237487793,18.02,0.73,0.033080726861953735,0.3084644079208374,-9.45771705,23108,55,0.0005,0.7640558481216431,404749,404648,7230
12.45704460144043,18.04,0.73,0.0316028892993927,-0.5496391654014587,-9.47098492,23112,55,0.0005,0.5477374792098999,404817,404716,7231
11.708320617675781,18.03,0.73,0.03128604218363762,0.7612490653991699,-9.44086484,23116,55,0.0005,1.0021591186523438,404886,404785,7233
12.24824333190918,18.05,0.73,0.030928421765565872,-0.17624962329864502,-9.43643174,23120,55,0.0005,0.449068546295166,404961,404860,7234
10.704015731811523,18.06,0.73,0.030490998178720474,0.007286064326763153,-9.438289950000001,23124,55,0.0005,1.0182393789291382,405035,404934,7235
11.67833137512207,18.17,0.74,0.030793266370892525,0.2436315417289734,-9.30948588,23128,55,0.0005,0.655036985874176,405114,405013,7236
11.53403091430664,18.18,0.73,0.03154029697179794,-0.051131248474121094,-9.48740175,23132,55,0.0005,0.3013868033885956,405187,405086,7237
12.907567977905273,18.25,0.75,0.03160591796040535,0.7797167301177979,-9.124253190000001,23136,55,0.0005,1.2228658199310303,405258,405157,7239
10.965871810913086,18.26,0.76,0.03208206221461296,0.661159098148346,-8.95982785,23140,55,0.0005,0.7201546430587769,405330,405229,7240
13.905601501464844,18.24,0.76,0.03251207619905472,0.06894081830978394,-8.940296009999999,23144,55,0.0005,0.8045355081558228,405403,405302,7241
13.21998119354248,18.27,0.76,0.03293086960911751,0.2187710553407669,-8.96838638,23148,55,0.0005,1.2679716348648071,405477,405376,7242
12.580254554748535,18.19,0.76,0.03367205336689949,0.013716280460357666,-8.947213830000003,23152,55,0.0005,1.5758283138275146,405546,405445,7243
11.817702293395996,18.2,0.73,0.03441983461380005,0.2579595446586609,-9.52865545,23156,55,0.0005,0.897304892539978,405618,405517,7245
11.566904067993164,18.18,0.72,0.033612459897994995,-1.0213748216629028,-9.707930450000001,23160,55,0.0005,0.648903489112854,405695,405594,7247
11.656571388244629,18.14,0.72,0.031965285539627075,-1.60313081741333,-9.703996949999999,23164,55,0.0005,0.8935354948043823,405765,405664,7249
12.991372108459473,18.14,0.72,0.029894113540649414,-0.5962401628494263,-9.705809689999999,23168,55,0.0005,0.3808239698410034,405842,405741,7251
11.69393539428711,18.18,0.7,0.028648218140006065,0.055969491600990295,-10.07868262,23172,55,0.0005,1.1168955564498901,405912,405811,7252
12.77347183227539,18.17,0.7,0.028763798996806145,1.023430347442627,-10.0780013,23176,55,0.0005,2.013948678970337,405984,405883,7254
11.282541275024414,18.12,0.67,0.029390141367912292,1.9687037467956543,-10.63470352,23180,55,0.0005,1.1536378860473633,406058,405957,7256
12.812533378601074,18.13,0.66,0.030443180352449417,0.15462881326675415,-10.81830592,23184,55,0.0005,0.41887909173965454,406128,406027,7258
12.047086715698242,18.09,0.66,0.031434230506420135,0.5439241528511047,-10.852445950000002,23188,55,0.0005,1.0805776119232178,406198,406097,7260
11.889318466186523,18.04,0.67,0.032463133335113525,0.432873010635376,-10.700708520000001,23192,55,0.0005,2.306159496307373,406277,406176,7262
11.890523910522461,18.04,0.67,0.03282677382230759,1.1868321895599365,-10.729821290000002,23196,55,0.0005,0.6474779844284058,406347,406246,7263
12.11301040649414,18.09,0.67,0.03366035223007202,-0.12872110307216644,-10.74589682,23200,55,0.0005,0.5669748783111572,406419,406318,7265
14.135095596313477,18.21,0.67,0.03339090570807457,0.8758600950241089,-10.787730219999998,23204,55,0.0005,1.6639550924301147,406494,406393,7267
13.968215942382812,18.21,0.69,0.03440152108669281,-0.06684035807847977,-10.42713921,23208,55,0.0005,2.0406527519226074,406570,406469,7269
14.439981460571289,18.12,0.66,0.03504380211234093,0.7868324518203735,-11.061432609999999,23212,55,0.0005,1.5350019931793213,406629,406528,7270
12.069278717041016,18.17,0.68,0.035428792238235474,-0.8536646366119385,-10.677192189999998,23216,55,0.0005,1.4151185750961304,406703,406602,7272
12.017815589904785,18.21,0.69,0.034816816449165344,-0.5643938779830933,-10.51703106,23220,55,0.0005,0.6776423454284668,406782,406681,7274
12.11236572265625,18.2,0.69,0.03398362547159195,-0.2899278402328491,-10.516371870000002,23224,55,0.0005,0.2650248408317566,406855,406754,7276
11.37683391571045,18.16,0.7,0.03275784105062485,0.71981281042099,-10.318757580000002,23228,55,0.0005,0.8251936435699463,406930,406829,7278
12.008478164672852,18.12,0.69,0.03207690268754959,-1.2726588249206543,-10.484570769999998,23232,55,0.0005,0.5837254524230957,406999,406898,7280
11.06464958190918,18.13,0.69,0.03136586770415306,-1.4293830394744873,-10.490547799999995,23236,55,0.0005,0.38553428649902344,407071,406970,7281
10.742673873901367,18.08,0.69,0.030899610370397568,0.6419883370399475,-10.452302569999999,23240,55,0.0005,0.5099746584892273,407138,407037,7283
11.867622375488281,18.11,0.7,0.03051185980439186,-0.029996126890182495,-10.294015040000001,23244,55,0.0005,0.32853102684020996,407214,407113,7285
11.908710479736328,18.11,0.71,0.03012458235025406,0.41085782647132874,-10.111182369999998,23248,55,0.0005,1.1968398094177246,407288,407187,7287
11.180939674377441,18.2,0.71,0.03011120669543743,-0.1381312608718872,-10.132754409999999,23252,55,0.0005,1.099940538406372,407366,407265,7289
11.524700164794922,18.2,0.73,0.030322881415486336,0.08167610317468643,-9.73356895,23256,55,0.0005,1.000044345855713,407438,407337,7291
11.421213150024414,18.19,0.73,0.0303095243871212,-0.587908148765564,-9.731327680000001,23260,55,0.0005,0.28657206892967224,407514,407413,7293
11.71902847290039,18.25,0.71,0.02966245822608471,0.5165880918502808,-10.129189120000001,23264,55,0.0005,0.82843416929245,407590,407489,7295
12.265464782714844,18.15,0.71,0.029736943542957306,-0.04564495384693146,-10.12221476,23268,55,0.0005,0.5874630212783813,407657,407556,7296
12.532426834106445,18.2,0.72,0.029954727739095688,1.589271068572998,-9.97340559,23272,55,0.0005,0.816354513168335,407732,407631,7298
13.71341323852539,18.06,0.71,0.031204666942358017,0.4911454916000366,-10.150947270000001,23276,55,0.0005,0.37439000606536865,407790,407689,7300
12.44114875793457,18.04,0.73,0.0309212114661932,0.1010698527097702,-9.74177089,23280,55,0.0005,1.1024703979492188,407862,407761,7301
11.727267265319824,18.04,0.74,0.030408106744289398,-0.7139859199523926,-9.56502511,23284,55,0.0005,1.2529059648513794,407932,407831,7303
12.259517669677734,18.06,0.74,0.03004818968474865,0.5665936470031738,-9.537369490000001,23288,55,0.0005,0.48700761795043945,408004,407903,7305
14.582937240600586,17.91,0.74,0.030469872057437897,0.6437995433807373,-9.475942029999999,23292,55,0.0005,1.1141401529312134,408068,407967,7307
12.634628295898438,17.94,0.75,0.032110556960105896,0.5707688927650452,-9.26172802,23296,55,0.0005,0.7007102966308594,408141,408040,7309
11.69896125793457,17.89,0.74,0.03296266496181488,-0.4469846189022064,-9.44193983,23300,55,0.0005,1.1441287994384766,408208,408107,7310
10.436495780944824,17.83,0.74,0.03202135115861893,-0.05156685411930084,-9.429059200000001,23304,55,0.0005,0.666502833366394,408277,408176,7312
12.66739559173584,17.93,0.73,0.030672667548060417,-1.143351674079895,-9.64118009,23308,55,0.0005,0.36813443899154663,408363,408262,7314
11.126614570617676,18.03,0.74,0.029831303283572197,-0.2069629430770874,-9.363140940000001,23312,55,0.0005,0.9112619161605835,408432,408331,7316
12.033793449401855,18.08,0.74,0.029477601870894432,0.9271775484085083,-9.388761090000001,23316,55,0.0005,0.7579609155654907,408511,408410,7318
11.884078979492188,18.06,0.72,0.030200429260730743,0.36760473251342773,-9.748771550000003,23320,55,0.0005,1.4642722606658936,408588,408487,7320
11.59054183959961,18.04,0.73,0.030410541221499443,-0.3346009850502014,-9.562588280000002,23324,55,0.0005,0.38067930936813354,408659,408558,7322
12.118316650390625,17.93,0.72,0.03046886995434761,-0.8718138933181763,-9.731954100000001,23328,55,0.0005,0.3203912675380707,408723,408622,7323
12.769119262695312,17.99,0.74,0.030538201332092285,0.08623722195625305,-9.400011779999998,23332,55,0.0005,0.9761065244674683,408798,408697,7325
11.572611808776855,17.94,0.72,0.030865639448165894,-1.105955958366394,-9.77307243,23336,55,0.0005,0.300073504447937,408865,408764,7327
12.476970672607422,18.01,0.72,0.03056802786886692,0.31437867879867554,-9.764838390000001,23340,55,0.0005,0.8854784965515137,408939,408838,7329
11.26310920715332,17.97,0.71,0.03128070384263992,0.19031652808189392,-9.94202896,23344,55,0.0005,0.780890703201294,409011,408910,7331
10.46747875213623,17.94,0.71,0.031068705022335052,-0.7532156705856323,-9.930695150000002,23348,55,0.0005,1.8602938652038574,409082,408981,7333
13.652868270874023,17.98,0.68,0.03027401864528656,0.22459958493709564,-10.494460560000002,23352,55,0.0005,0.24595466256141663,409164,409063,7335
11.325643539428711,17.95,0.68,0.030414748936891556,-0.4918031692504883,-10.49699173,23356,55,0.0005,0.37394005060195923,409233,409132,7336
13.708864212036133,17.93,0.66,0.030018851161003113,-0.5667553544044495,-10.896948440000001,23360,55,0.0005,1.6147985458374023,409307,409206,7338
11.592111587524414,17.86,0.69,0.029204290360212326,-0.552044689655304,-10.312661909999997,23364,55,0.0005,1.0365822315216064,409376,409275,7340
12.498687744140625,17.83,0.69,0.02942572347819805,0.010345377027988434,-10.306984710000002,23368,55,0.0005,1.5940215587615967,409440,409339,7342
11.663962364196777,17.77,0.7,0.02970941923558712,-0.23111003637313843,-10.095047829999999,23372,55,0.0005,0.26669198274612427,409509,409408,7343
11.808348655700684,17.88,0.69,0.029449360445141792,-0.043169982731342316,-10.250249839999999,23376,55,0.0005,0.6158963441848755,409578,409477,7345
11.607213020324707,17.97,0.7,0.02957586757838726,0.8716620206832886,-10.0799805,23380,55,0.0005,0.599457859992981,409659,409558,7347
10.721199989318848,17.98,0.7,0.03008560836315155,-0.04155411571264267,-10.0771938,23384,55,0.0005,1.9832494258880615,409730,409629,7349
12.298603057861328,17.99,0.72,0.03014766238629818,-0.07941888272762299,-9.714285040000002,23388,55,0.0005,0.2833493947982788,409803,409702,7351
11.146711349487305,18.18,0.71,0.029351528733968735,-0.15033528208732605,-9.937329960000001,23392,55,0.0005,1.1123466491699219,409886,409785,7353
12.21875,18.23,0.7,0.028906134888529778,-0.5941055417060852,-10.16399474,23396,55,0.0005,0.6368879079818726,409964,409863,7355
12.143081665039062,18.35,0.7,0.02883804962038994,0.11419359594583511,-10.21627927,23400,55,0.0005,1.9136276245117188,410043,409942,7372
12.116029739379883,18.27,0.7,0.029680483043193817,0.7604460716247559,-10.23093654,23404,55,0.0005,0.9629096984863281,410104,410003,7373
11.40470027923584,18.09,0.71,0.0303739495575428,0.7196471691131592,-10.00261957,23408,55,0.0005,1.1004893779754639,410172,410071,7374
14.953441619873047,18.13,0.72,0.03125511854887009,0.30960842967033386,-9.852871120000001,23412,55,0.0005,3.70444655418396,410245,410144,7375
15.534066200256348,18.16,0.72,0.031754832714796066,-0.3071790933609009,-9.870093449999999,23416,55,0.0005,1.351531982421875,410327,410226,7376
12.397618293762207,18.19,0.73,0.030659448355436325,-0.09684013575315475,-9.71269171,23420,55,0.0005,1.2312133312225342,410407,410306,7378
11.908491134643555,18.24,0.71,0.031248286366462708,0.38249245285987854,-10.08658877,23424,55,0.0005,0.2685442566871643,410483,410382,7379
10.684409141540527,18.31,0.72,0.03253288194537163,0.5929922461509705,-9.90100754,23428,55,0.0005,3.185335159301758,410554,410453,7380
12.441553115844727,18.25,0.72,0.033001210540533066,-0.5034273862838745,-9.914119099999999,23432,55,0.0005,0.3374755382537842,410623,410522,7381
11.926013946533203,18.31,0.72,0.032016124576330185,-0.8615076541900635,-9.87514239,23436,55,0.0005,0.4789046049118042,410696,410595,7382
13.016769409179688,18.23,0.71,0.03126538172364235,-0.4761051535606384,-10.04642874,23440,55,0.0005,0.7228650450706482,410762,410661,7383
11.892542839050293,18.36,0.72,0.0317111611366272,-0.37890174984931946,-9.90500535,23444,55,0.0005,0.6163150072097778,410847,410746,7385
11.677014350891113,18.42,0.7,0.03160751983523369,-0.5285855531692505,-10.300383629999999,23448,55,0.0005,2.5531795024871826,410924,410823,7386
11.470523834228516,18.35,0.71,0.031316082924604416,0.5388057827949524,-10.100757459999999,23452,55,0.0005,0.43577298521995544,410999,410898,7387
12.146437644958496,18.44,0.72,0.03176534175872803,-0.3973531424999237,-9.93652283,23456,55,0.0005,0.40234968066215515,411077,410976,7388
11.779139518737793,18.48,0.74,0.031139429658651352,-0.31928038597106934,-9.563339649999998,23460,55,0.0005,1.601593017578125,411155,411054,7389
10.99722957611084,18.61,0.73,0.030861951410770416,-0.8083043098449707,-9.765768839999998,23464,55,0.0005,0.34182655811309814,411237,411136,7391
11.386093139648438,18.76,0.72,0.030526962131261826,-0.15600232779979706,-9.98676287,23468,55,0.0005,0.8471850156784058,411316,411215,7392
10.859781265258789,18.77,0.72,0.03026209957897663,-0.31248176097869873,-9.974884410000001,23472,55,0.0005,1.2548794746398926,411386,411285,7393
11.683969497680664,18.82,0.74,0.03004346787929535,0.27310484647750854,-9.64522374,23476,55,0.0005,1.0915693044662476,411460,411359,7394
11.78105354309082,18.79,0.74,0.030553026124835014,-0.06208810210227966,-9.66207871,23480,55,0.0005,1.8882358074188232,411538,411437,7396
11.50703239440918,18.79,0.72,0.030263938009738922,0.1882706880569458,-10.02247287,23484,55,0.0005,0.9019426107406616,411609,411508,7397
12.54355525970459,18.83,0.68,0.03068370372056961,0.1659291833639145,-10.810720850000001,23488,55,0.0005,2.5190165042877197,411686,411585,7398
12.365731239318848,18.65,0.7,0.031631357967853546,0.059214696288108826,-10.40195136,23492,55,0.0005,0.3863923251628876,411751,411650,7399
11.201107025146484,18.65,0.68,0.03248501196503639,-0.3947632312774658,-10.739879829999998,23496,55,0.0005,0.36710986495018005,411829,411728,7400
12.051031112670898,18.62,0.69,0.03250830993056297,0.07887327671051025,-10.51640692,23500,55,0.0005,0.3129338026046753,411905,411804,7402
11.609371185302734,18.71,0.7,0.03250100463628769,0.08343486487865448,-10.317815860000003,23504,55,0.0005,0.38334566354751587,411975,411874,7403
12.493668556213379,18.72,0.68,0.0319681316614151,0.07497084140777588,-10.682113999999999,23508,55,0.0005,0.3641310930252075,412044,411943,7404
11.406625747680664,18.78,0.69,0.032454147934913635,-0.9528645873069763,-10.506343119999999,23512,55,0.0005,0.3323666453361511,412123,412022,7405
12.444677352905273,18.67,0.69,0.03265807032585144,-0.2198181450366974,-10.467730230000003,23516,55,0.0005,0.8195116519927979,412194,412093,7406
11.753738403320312,18.64,0.7,0.0329369455575943,1.0714025497436523,-10.2551076,23520,55,0.0005,1.3822873830795288,412271,412170,7407
11.741290092468262,18.62,0.7,0.033468108624219894,0.04954572021961212,-10.263226200000002,23524,55,0.0005,1.0395917892456055,412345,412244,7409
12.071208953857422,18.56,0.69,0.033969659358263016,-0.2995266616344452,-10.44434694,23528,55,0.0005,0.24721410870552063,412410,412309,7410
12.603604316711426,18.6,0.7,0.03387273848056793,-0.4954633116722107,-10.24223563,23532,55,0.0005,1.8847465515136719,412483,412382,7411
15.133125305175781,18.7,0.7,0.0334392711520195,0.5990022420883179,-10.295763549999998,23536,55,0.0005,0.6432173252105713,412566,412465,7412
12.708429336547852,18.83,0.7,0.033841993659734726,-0.613168478012085,-10.318286370000001,23540,55,0.0005,1.5803252458572388,412645,412544,7413
11.008554458618164,18.8,0.68,0.033991023898124695,0.6455612182617188,-10.666076810000002,23544,55,0.0005,0.37164631485939026,412727,412626,7415
11.874192237854004,18.71,0.69,0.03417477756738663,0.04239775240421295,-10.46093419,23548,55,0.0005,0.22534632682800293,412795,412694,7416
12.033531188964844,18.67,0.7,0.03375630080699921,0.4991007447242737,-10.244255680000002,23552,55,0.0005,1.1293867826461792,412866,412765,7417
11.586958885192871,18.6,0.69,0.034870512783527374,0.48030978441238403,-10.416012830000001,23556,55,0.0005,1.1679924726486206,412937,412836,7418
11.882394790649414,18.49,0.69,0.03525558114051819,-0.18047615885734558,-10.36685439,23560,55,0.0005,1.1804720163345337,413004,412903,7419
12.368611335754395,18.45,0.7,0.034100599586963654,-0.4167751967906952,-10.199471170000002,23564,55,0.0005,0.453466534614563,413082,412981,7420
10.876127243041992,18.4,0.71,0.032873909920454025,-0.971274197101593,-9.98259135,23568,55,0.0005,0.26126742362976074,413156,413055,7422
11.450955390930176,18.43,0.7,0.03209661692380905,0.16103947162628174,-10.19249636,23572,55,0.0005,1.3664902448654175,413229,413128,7423
13.856895446777344,18.4,0.67,0.032296136021614075,-0.28294041752815247,-10.713170159999999,23576,55,0.0005,0.7533816695213318,413300,413199,7424
12.695411682128906,18.36,0.68,0.03206438571214676,-0.11864267289638519,-10.516629340000001,23580,55,0.0005,0.7060099244117737,413374,413273,7425
11.723002433776855,18.39,0.69,0.033141642808914185,0.7665888071060181,-10.36062731,23584,55,0.0005,1.0073511600494385,413448,413347,7426
11.15985107421875,18.45,0.72,0.03368677943944931,-0.2403641939163208,-9.790513479999998,23588,55,0.0005,0.43168365955352783,413531,413430,7428
11.602067947387695,18.49,0.71,0.03318265825510025,-0.09685488790273666,-9.975934629999998,23592,55,0.0005,0.5605428814888,413600,413499,7429
10.966301918029785,18.42,0.72,0.03274717554450035,0.01127229630947113,-9.77349841,23596,55,0.0005,1.5002985000610352,413671,413570,7430
11.765115737915039,18.41,0.72,0.03279244899749756,-0.5803114175796509,-9.77268309,23600,55,0.0005,0.36933717131614685,413746,413645,7431
11.766514778137207,18.52,0.7,0.03232601657509804,-0.35422614216804504,-10.169481139999998,23604,55,0.0005,0.5160740613937378,413827,413726,7432
12.402140617370605,18.73,0.72,0.03208693116903305,-0.2581257224082947,-9.862054240000003,23608,55,0.0005,0.7626099586486816,413917,413816,7433
10.5857515335083,18.63,0.72,0.033365219831466675,0.6949347257614136,-9.838276389999999,23612,55,0.0005,0.6000077128410339,413986,413885,7434
12.38812255859375,18.59,0.72,0.033625345677137375,-0.5331327319145203,-9.84380722,23616,55,0.0005,2.0867016315460205,414053,413952,7435
12.497689247131348,18.54,0.7,0.03315431997179985,0.2476591169834137,-10.20147553,23620,55,0.0005,1.9832102060317993,414125,414024,7436
11.515254020690918,18.6,0.71,0.03376041352748871,0.6879467368125916,-10.044350860000002,23624,55,0.0005,0.5810132026672363,414205,414104,7438
11.91516399383545,18.67,0.7,0.03329261392354965,-0.11042484641075134,-10.278552900000001,23628,55,0.0005,0.6504800319671631,414277,414176,7439
12.066476821899414,18.71,0.68,0.03249331936240196,0.23297178745269775,-10.650506129999998,23632,55,0.0005,0.29880547523498535,414354,414253,7440
10.820938110351562,18.53,0.7,0.03266095370054245,0.05276011675596237,-10.24006671,23636,55,0.0005,0.6560137867927551,414419,414318,7441
11.918535232543945,18.43,0.72,0.032551929354667664,-0.31504887342453003,-9.848953740000002,23640,55,0.0005,1.729292631149292,414488,414387,7442
11.643841743469238,18.33,0.74,0.03276245668530464,-0.09629526734352112,-9.465010170000001,23644,55,0.0005,1.5454496145248413,414560,414459,7443
12.679738998413086,18.34,0.73,0.03381883725523949,-0.3395844101905823,-9.63209811,23648,55,0.0005,0.49347826838493347,414629,414528,7445
11.995521545410156,18.31,0.73,0.03361321985721588,-0.6042600870132446,-9.64524616,23652,55,0.0005,0.511881947517395,414697,414596,7446
10.515057563781738,18.35,0.72,0.03327622264623642,0.12466246634721756,-9.81843091,23656,55,0.0005,1.763763189315796,414772,414671,7447
11.215757369995117,18.3,0.71,0.03354959934949875,0.006927773356437683,-10.05608874,23660,55,0.0005,1.176741600036621,414834,414733,7448
10.856369972229004,18.2,0.68,0.0330645926296711,0.08534935116767883,-10.569290690000003,23664,55,0.0005,0.27394938468933105,414902,414801,7449
11.638760566711426,18.16,0.69,0.03194314241409302,0.05398918688297272,-10.385709499999997,23668,55,0.0005,1.4664260149002075,414972,414871,7450
11.59644889831543,18.2,0.7,0.03088570386171341,-0.21671052277088165,-10.209991489999998,23672,55,0.0005,0.4157780408859253,415049,414948,7451
11.714886665344238,18.21,0.72,0.030503612011671066,0.2788761854171753,-9.869156510000002,23676,55,0.0005,0.5279206037521362,415121,415020,7452
11.303632736206055,18.19,0.72,0.03080453723669052,0.7252878546714783,-9.856661480000001,23680,55,0.0005,0.3558795750141144,415193,415092,7454
11.722809791564941,18.18,0.73,0.030907923355698586,-0.916218638420105,-9.656681100000002,23684,55,0.0005,0.5793838500976562,415266,415165,7455
12.833778381347656,18.07,0.74,0.030847759917378426,0.4304013252258301,-9.437422530000001,23688,55,0.0005,0.4150044023990631,415338,415237,7456
12.300337791442871,18.15,0.74,0.031647589057683945,0.5425516366958618,-9.47842348,23692,55,0.0005,1.3249504566192627,415415,415314,7457
12.287763595581055,18.13,0.73,0.03262990340590477,0.5507512092590332,-9.6906506,23696,55,0.0005,0.5829655528068542,415484,415383,7458
11.290329933166504,18.09,0.73,0.033067308366298676,0.2968418002128601,-9.679052939999998,23700,55,0.0005,0.9611635208129883,415555,415454,7459
11.43844985961914,17.98,0.73,0.032881125807762146,0.3595682382583618,-9.62601936,23704,55,0.0005,0.7423812747001648,415625,415524,7461
11.14413833618164,17.74,0.71,0.03313468024134636,0.5371430516242981,-9.969199330000002,23708,55,0.0005,1.6937605142593384,415691,415590,7462
10.236032485961914,17.76,0.71,0.032654061913490295,0.39037013053894043,-9.968018639999999,23712,55,0.0005,1.2499055862426758,415762,415661,7463
12.033895492553711,17.81,0.7,0.032331496477127075,0.003968149423599243,-10.175991329999999,23716,55,0.0005,0.47682639956474304,415834,415733,7464
11.55032730102539,17.94,0.7,0.03294258937239647,-0.6321737766265869,-10.1964022,23720,55,0.0005,1.5894285440444946,415919,415818,7465
11.246740341186523,17.78,0.71,0.03364287689328194,0.19887366890907288,-9.94876435,23724,55,0.0005,1.507293701171875,415983,415882,7466
12.32044506072998,17.78,0.73,0.033960696309804916,0.44177669286727905,-9.54208948,23728,55,0.0005,0.4024251699447632,416055,415954,7467
12.366661071777344,17.71,0.71,0.03363127261400223,0.7068040370941162,-9.930259900000001,23732,55,0.0005,0.6945322155952454,416125,416024,7469
11.377784729003906,17.86,0.7,0.034457407891750336,-0.08556033670902252,-10.15440626,23736,55,0.0005,0.7558315992355347,416205,416104,7470
11.56174087524414,17.91,0.69,0.03455813601613045,0.4467189908027649,-10.37319327,23740,55,0.0005,0.6533209085464478,416279,416178,7471
11.311993598937988,17.88,0.69,0.033639851957559586,-1.22840416431427,-10.347294979999997,23744,55,0.0005,0.75731360912323,416348,416247,7472
12.178081512451172,18.01,0.69,0.03197241947054863,0.4291285276412964,-10.380791339999998,23748,55,0.0005,2.2955191135406494,416430,416329,7474
12.50053882598877,18.08,0.67,0.032843995839357376,0.44650572538375854,-10.791110470000001,23752,55,0.0005,0.9384182691574097,416505,416404,7475
10.789506912231445,18.15,0.67,0.03321382403373718,0.5288442373275757,-10.830864290000001,23756,55,0.0005,2.2372794151306152,416587,416486,7476
12.752860069274902,18.28,0.67,0.03286556154489517,-0.3025986850261688,-10.77048878,23760,55,0.0005,1.4020732641220093,416662,416561,7477
11.407071113586426,18.32,0.68,0.031418971717357635,-0.38917076587677,-10.57733528,23764,55,0.0005,1.9848957061767578,416734,416633,7478
12.160316467285156,18.36,0.66,0.03045884519815445,-0.3949100077152252,-10.945105779999999,23768,55,0.0005,0.31530821323394775,416808,416707,7480
12.654376983642578,18.33,0.64,0.02994314767420292,0.9406908750534058,-11.30025177,23772,55,0.0005,2.1097774505615234,416882,416781,7481
12.410940170288086,18.29,0.63,0.030666064471006393,-0.559544563293457,-11.483258159999998,23776,55,0.0005,1.2828185558319092,416950,416849,7482
11.952492713928223,18.38,0.61,0.03139786422252655,0.4144441783428192,-11.883788200000001,23780,55,0.0005,0.8519177436828613,417031,416930,7483
13.241910934448242,18.48,0.6,0.03218754753470421,0.09004022181034088,-12.12012843,23784,55,0.0005,0.5803099870681763,417114,417013,7484
11.53848648071289,18.59,0.58,0.033362310379743576,-0.14487840235233307,-12.527459090000002,23788,55,0.0005,0.8696040511131287,417197,417096,7486
11.487504959106445,18.47,0.59,0.033658716827631,0.21624548733234406,-12.301700389999999,23792,55,0.0005,1.193289041519165,417262,417161,7487
11.054832458496094,18.47,0.61,0.033709533512592316,0.08905895054340363,-11.91271441,23796,55,0.0005,0.8305590152740479,417331,417230,7488
12.478459358215332,18.41,0.59,0.03357553482055664,0.575441837310791,-12.279415709999997,23800,55,0.0005,0.7799289226531982,417396,417295,7489
10.490964889526367,18.45,0.61,0.033365435898303986,0.7846544981002808,-11.946679829999995,23804,55,0.0005,1.731353998184204,417470,417369,7490
10.723297119140625,18.55,0.62,0.033539026975631714,-1.1413620710372925,-11.752757240000001,23808,55,0.0005,0.3141075372695923,417546,417445,7491
12.468523979187012,18.57,0.62,0.03217848762869835,-0.9498299956321716,-11.753018510000002,23812,55,0.0005,1.8142223358154297,417619,417518,7493
12.293535232543945,18.68,0.61,0.03119877353310585,-0.39451444149017334,-11.94763812,23816,55,0.0005,0.2172136753797531,417702,417601,7494
11.184215545654297,18.59,0.62,0.031447917222976685,-0.01046617329120636,-11.755060070000004,23820,55,0.0005,0.9821696281433105,417778,417677,7495
12.254826545715332,18.62,0.6,0.03133159503340721,-0.5045907497406006,-12.16234513,23824,55,0.0005,0.47566378116607666,417845,417744,7496
12.188119888305664,18.6,0.58,0.03113618493080139,-0.6680192947387695,-12.513195640000001,23828,55,0.0005,0.44400253891944885,417915,417814,7497
10.61296272277832,18.62,0.61,0.03135502338409424,0.3817618489265442,-11.933161199999997,23832,55,0.0005,0.9250204563140869,417987,417886,7499
11.835466384887695,18.49,0.61,0.0313943587243557,0.4111773371696472,-11.899001569999996,23836,55,0.0005,0.5287538766860962,418054,417953,7500
11.45866584777832,18.53,0.61,0.030602404847741127,-0.13059692084789276,-11.891883360000001,23840,55,0.0005,0.7540909051895142,418132,418031,7501
11.026320457458496,18.56,0.61,0.03033440001308918,-0.3589932918548584,-11.906957950000002,23844,55,0.0005,0.44966191053390503,418204,418103,7502
10.411762237548828,18.38,0.62,0.030450554564595222,0.2898734211921692,-11.68085755,23848,55,0.0005,0.46650761365890503,418268,418167,7503
13.062498092651367,18.32,0.64,0.03064431995153427,-1.0472320318222046,-11.259523230000003,23852,55,0.0005,0.7340785264968872,418337,418236,7504
12.571849822998047,18.14,0.65,0.03067757561802864,-0.13537505269050598,-11.023051310000001,23856,55,0.0005,2.521427869796753,418401,418300,7505
12.560134887695312,18.19,0.66,0.0321892686188221,1.3680109977722168,-10.87381604,23860,55,0.0005,1.460359811782837,418481,418380,7506
13.170611381530762,18.29,0.66,0.03304077312350273,0.2780597507953644,-10.95156075,23864,55,0.0005,0.8073344826698303,418563,418462,7508
12.774740219116211,18.33,0.67,0.03426580876111984,1.1168652772903442,-10.78780068,23868,55,0.0005,1.7611700296401978,418641,418540,7509
11.764656066894531,18.27,0.7,0.03473959490656853,0.962292492389679,-10.21634009,23872,55,0.0005,0.5373011827468872,418709,418608,7510
11.479593276977539,18.42,0.7,0.03395535424351692,-1.961180329322815,-10.2532566,23876,55,0.0005,0.24559248983860016,418792,418691,7511
11.989145278930664,18.38,0.69,0.031882088631391525,-0.4785747528076172,-10.427246219999999,23880,55,0.0005,1.0672874450683594,418869,418768,7513
11.159049987792969,18.21,0.7,0.03134741261601448,-0.6313399076461792,-10.176244689999999,23884,55,0.0005,0.38947224617004395,418935,418834,7514
10.409621238708496,18.05,0.72,0.031501926481723785,-0.04461798071861267,-9.75404007,23888,55,0.0005,0.2671153247356415,419002,418901,7515
11.047026634216309,18.17,0.69,0.031221553683280945,-0.7372397184371948,-10.29979006,23892,55,0.0005,0.5257903337478638,419079,418978,7516
11.48128604888916,18.22,0.69,0.03130219876766205,-0.7387494444847107,-10.311508349999999,23896,55,0.0005,1.5516198873519897,419153,419052,7517
12.21499252319336,18.31,0.69,0.030982431024312973,0.21608643233776093,-10.322290299999999,23900,55,0.0005,1.3165868520736694,419227,419126,7518
11.71575927734375,18.33,0.67,0.030917245894670486,0.3601471185684204,-10.682578,23904,55,0.0005,0.17711052298545837,419303,419202,7520
11.842487335205078,18.3,0.67,0.031488969922065735,0.12379497289657593,-10.660747360000002,23908,55,0.0005,0.9686264991760254,419376,419275,7521
10.730847358703613,18.3,0.65,0.03237544372677803,0.7920284271240234,-11.032413800000002,23912,55,0.0005,1.8968279361724854,419449,419348,7522
10.895761489868164,18.26,0.67,0.032737381756305695,-0.5765682458877563,-10.64899069,23916,55,0.0005,0.199088916182518,419528,419427,7523
11.266372680664062,18.23,0.68,0.031765181571245193,-0.7136746644973755,-10.45523907,23920,55,0.0005,0.7855047583580017,419601,419500,7524
11.820601463317871,18.24,0.7,0.03130635246634483,0.4755452871322632,-10.061620510000001,23924,55,0.0005,0.6990358829498291,419669,419568,7526
11.468683242797852,18.31,0.72,0.031709104776382446,0.4979291558265686,-9.72113729,23928,55,0.0005,1.5903215408325195,419746,419645,7527
10.54155445098877,18.26,0.71,0.03229836747050285,0.33501967787742615,-9.893885769999999,23932,55,0.0005,0.907797634601593,419813,419712,7528
11.525287628173828,18.34,0.72,0.032393261790275574,-0.06781088560819626,-9.734834959999999,23936,55,0.0005,0.39087820053100586,419888,419787,7529
11.233098983764648,18.34,0.71,0.0315321609377861,-0.08681470155715942,-9.908729160000002,23940,55,0.0005,1.3728437423706055,419966,419865,7530
11.975546836853027,18.27,0.7,0.03184518963098526,0.04574374109506607,-10.08156709,23944,55,0.0005,0.3203147053718567,420031,419930,7547
10.840620994567871,18.39,0.71,0.03292746841907501,0.9725676774978638,-9.93490328,23948,55,0.0005,0.31494951248168945,420107,420006,7548
11.599825859069824,18.46,0.71,0.034390199929475784,0.3096686005592346,-9.961822280000002,23952,55,0.0005,1.0075047016143799,420183,420082,7549
12.213642120361328,18.56,0.69,0.03447559103369713,-0.21719494462013245,-10.351370570000002,23956,55,0.0005,2.207814931869507,420257,420156,7550
10.973294258117676,18.54,0.68,0.034864261746406555,0.6376926898956299,-10.530506490000002,23960,55,0.0005,0.5368205308914185,420335,420234,7551
10.906045913696289,18.56,0.7,0.03480909764766693,0.14149636030197144,-10.140312400000001,23964,55,0.0005,0.6579601764678955,420419,420318,7553
10.607171058654785,18.55,0.68,0.03473150357604027,0.2051122486591339,-10.509848490000001,23968,55,0.0005,2.4236648082733154,420496,420395,7554
10.2587251663208,18.61,0.67,0.0338459238409996,-0.920861542224884,-10.705034339999997,23972,55,0.0005,0.30830615758895874,420570,420469,7555
10.984992027282715,18.58,0.69,0.03301504626870155,-1.1595797538757324,-10.329223249999998,23976,55,0.0005,0.6071199774742126,420650,420549,7557
13.29712963104248,18.52,0.69,0.03304047882556915,1.0630295276641846,-10.29474786,23980,55,0.0005,1.0709948539733887,420721,420620,7558
11.405189514160156,18.55,0.69,0.034525927156209946,0.8928028345108032,-10.3061583,23984,55,0.0005,2.2715835571289062,420790,420689,7559
11.17729663848877,18.6,0.68,0.035198260098695755,0.15653258562088013,-10.50429526,23988,55,0.0005,0.7224408984184265,420862,420761,7560
10.803645133972168,18.61,0.7,0.03438985347747803,-0.7698674201965332,-10.184703699999998,23992,55,0.0005,0.8287931680679321,420940,420839,7561
12.19415283203125,18.6,0.71,0.03458617627620697,-0.25692516565322876,-9.994418949999998,23996,55,0.0005,1.505239486694336,421013,420912,7562
10.767400741577148,18.57,0.72,0.034806132316589355,-0.20910999178886414,-9.80403104,24000,55,0.0005,0.37995392084121704,421084,420983,7563
11.104347229003906,18.57,0.74,0.03406068682670593,-0.19265761971473694,-9.445750249999998,24004,55,0.0005,1.2421231269836426,421160,421059,7565
10.566882133483887,18.56,0.75,0.0337243489921093,-0.1534823328256607,-9.27548717,24008,55,0.0005,0.6373245716094971,421232,421131,7566
10.782686233520508,18.55,0.76,0.034137945622205734,0.0019808560609817505,-9.08158662,24012,55,0.0005,0.7078253030776978,421304,421203,7567
11.265175819396973,18.54,0.73,0.033365245908498764,-0.8714545369148254,-9.65532938,24016,55,0.0005,0.2970074415206909,421382,421281,7568
13.31983757019043,18.6,0.72,0.03240334987640381,0.2430972307920456,-9.847215989999999,24020,55,0.0005,1.2968833446502686,421461,421360,7570
10.73936653137207,18.7,0.72,0.03430180996656418,-0.2651214301586151,-9.879676509999998,24024,55,0.0005,0.6001236438751221,421539,421438,7571
10.432394981384277,18.73,0.7,0.034554071724414825,-0.18240447342395782,-10.24454279,24028,55,0.0005,2.085359573364258,421619,421518,7572
13.064411163330078,18.85,0.71,0.03380957618355751,-0.045661553740501404,-10.089172799999998,24032,55,0.0005,0.5919241905212402,421698,421597,7573
11.47265625,18.88,0.7,0.034050583839416504,0.14983195066452026,-10.280023199999999,24036,55,0.0005,0.29160967469215393,421776,421675,7575
11.19329833984375,18.84,0.71,0.034125201404094696,-0.3037412762641907,-10.093737260000001,24040,55,0.0005,1.3281989097595215,421850,421749,7576
10.683372497558594,18.93,0.72,0.03326282650232315,-0.1890926957130432,-9.940321729999999,24044,55,0.0005,0.32971706986427307,421924,421823,7577
11.563249588012695,18.88,0.71,0.03253234177827835,0.1215088814496994,-10.098556559999999,24048,55,0.0005,0.6649781465530396,421995,421894,7578
10.908147811889648,18.82,0.71,0.032480984926223755,0.1818515956401825,-10.09376502,24052,55,0.0005,0.2370804101228714,422065,421964,7579
10.530294418334961,18.77,0.73,0.032315824180841446,-0.628143846988678,-9.715463569999999,24056,55,0.0005,1.7304731607437134,422134,422033,7580
11.217658996582031,18.83,0.73,0.03269237279891968,0.6640462279319763,-9.72649445,24060,55,0.0005,0.9203559160232544,422218,422117,7582
10.283552169799805,18.73,0.71,0.03308954834938049,0.5233851671218872,-10.06722693,24064,55,0.0005,0.2763822674751282,422292,422191,7583
10.937268257141113,18.7,0.74,0.03380439057946205,0.22565573453903198,-9.51252008,24068,55,0.0005,1.0090882778167725,422366,422265,7584
10.617246627807617,18.7,0.75,0.03373526409268379,-0.17671944200992584,-9.33365737,24072,55,0.0005,0.9609659314155579,422440,422339,7585
11.484729766845703,18.68,0.74,0.03299122676253319,-0.5907709002494812,-9.489431600000001,24076,55,0.0005,0.23895485699176788,422518,422417,7587
13.507232666015625,18.77,0.77,0.031888697296381,-0.35882776975631714,-8.97643925,24080,55,0.0005,0.47603413462638855,422598,422497,7588
12.158077239990234,18.79,0.76,0.03192008286714554,0.6373944878578186,-9.163078950000001,24084,55,0.0005,3.1903598308563232,422669,422568,7589
11.742439270019531,18.82,0.76,0.03218085691332817,-0.5885002613067627,-9.168020180000003,24088,55,0.0005,0.8609925508499146,422744,422643,7590
11.054401397705078,18.77,0.76,0.031241774559020996,-0.9001277685165405,-9.14626526,24092,55,0.0005,0.8474394679069519,422817,422716,7591
11.188959121704102,18.72,0.76,0.03043324500322342,-0.5697370171546936,-9.128942770000002,24096,55,0.0005,0.374815970659256,422885,422784,7593
12.484542846679688,18.68,0.77,0.029911603778600693,0.5687763094902039,-8.9265775,24100,55,0.0005,1.5812973976135254,422952,422851,7594
11.406671524047852,18.65,0.77,0.030513573437929153,1.3686431646347046,-8.923403270000001,24104,55,0.0005,0.8320107460021973,423025,422924,7595
11.60376262664795,18.69,0.76,0.030963771045207977,-0.5874309539794922,-9.09248577,24108,55,0.0005,0.7452791333198547,423101,423000,7596
11.74114990234375,18.69,0.75,0.03103044629096985,-0.6008345484733582,-9.26741423,24112,55,0.0005,0.42931151390075684,423173,423072,7597
11.4990234375,18.66,0.78,0.03137785196304321,-0.22166728973388672,-8.693826070000002,24116,55,0.0005,0.47583943605422974,423248,423147,7598
11.368358612060547,18.55,0.77,0.03231305629014969,0.09894125163555145,-8.862201030000001,24120,55,0.0005,0.9847818613052368,423316,423215,7599
11.470394134521484,18.47,0.77,0.032960087060928345,0.5004414916038513,-8.84014131,24124,55,0.0005,1.7381985187530518,423386,423285,7600
10.581145286560059,18.38,0.76,0.03397398814558983,0.30150991678237915,-9.000735480000001,24128,55,0.0005,0.43235695362091064,423457,423356,7601
11.456430435180664,18.31,0.75,0.03403292968869209,0.05852195620536804,-9.13170386,24132,55,0.0005,0.5058339834213257,423529,423428,7602
11.631892204284668,18.28,0.74,0.03367183730006218,-0.6984129548072815,-9.3072491,24136,55,0.0005,1.1255749464035034,423604,423503,7603
11.232051849365234,18.26,0.74,0.03309481590986252,0.720391571521759,-9.29176171,24140,55,0.0005,0.9653559327125549,423676,423575,7605
10.812749862670898,18.25,0.74,0.032598938792943954,0.04312317818403244,-9.288779100000001,24144,55,0.0005,0.3035812973976135,423749,423648,7606
11.837212562561035,18.34,0.72,0.03280407562851906,0.791229248046875,-9.680190340000001,24148,55,0.0005,0.8748905062675476,423829,423728,7607
11.141280174255371,18.39,0.71,0.03215742111206055,-0.34048694372177124,-9.852570930000002,24152,55,0.0005,0.9876612424850464,423904,423803,7608
10.128002166748047,18.41,0.7,0.03196042776107788,0.4417213201522827,-10.04865054,24156,55,0.0005,0.8548654317855835,423975,423874,7609
10.986953735351562,18.23,0.72,0.03258456289768219,0.24014851450920105,-9.63100741,24160,55,0.0005,0.22424659132957458,424041,423940,7610
10.241003036499023,18.2,0.73,0.03286249190568924,-0.1394059658050537,-9.43602176,24164,55,0.0005,0.24372310936450958,424112,424011,7612
10.533733367919922,18.11,0.73,0.0327419750392437,-0.15635830163955688,-9.40359271,24168,55,0.0005,3.256988763809204,424177,424076,7613
12.088558197021484,18.17,0.72,0.03274315223097801,1.236515998840332,-9.604167069999999,24172,55,0.0005,0.6057628393173218,424257,424156,7614
10.101690292358398,18.16,0.71,0.03385408967733383,0.36731815338134766,-9.784044629999999,24176,55,0.0005,0.42338135838508606,424334,424233,7615
12.97141170501709,18.03,0.7,0.03321767970919609,-0.1657111644744873,-9.925475200000001,24180,55,0.0005,0.2963793873786926,424401,424300,7616
12.072830200195312,18.03,0.69,0.03276977688074112,-0.4887113869190216,-10.142238419999998,24184,55,0.0005,1.4076707363128662,424472,424371,7617
10.831877708435059,18.02,0.69,0.03258603438735008,-0.8934670686721802,-10.13472538,24188,55,0.0005,1.2833962440490723,424546,424445,7619
11.180601119995117,18.14,0.68,0.031965479254722595,-0.36278989911079407,-10.34823709,24192,55,0.0005,0.5512081980705261,424631,424530,7620
10.656135559082031,18.22,0.66,0.0317201092839241,-0.3880991041660309,-10.74152027,24196,55,0.0005,0.9157060384750366,424707,424606,7621
9.951229095458984,18.26,0.65,0.03200537711381912,0.832072377204895,-10.941702859999998,24200,55,0.0005,0.6800183057785034,424778,424677,7622
11.333608627319336,18.25,0.65,0.03220534324645996,-1.2976019382476807,-10.934450669999999,24204,55,0.0005,0.6842139959335327,424850,424749,7623
12.000093460083008,18.27,0.65,0.03152511641383171,-0.04665173590183258,-10.94940444,24208,55,0.0005,0.5821667909622192,424928,424827,7625
11.735433578491211,18.33,0.66,0.031766969710588455,-0.5880149602890015,-10.794753349999999,24212,55,0.0005,2.6716413497924805,425006,424905,7626
10.728266716003418,18.26,0.67,0.031144380569458008,-0.701932430267334,-10.58830617,24216,55,0.0005,1.2049506902694702,425074,424973,7627
10.767824172973633,18.39,0.66,0.030156373977661133,-1.2007007598876953,-10.795182599999999,24220,55,0.0005,0.2960969805717468,425155,425054,7628
12.090044021606445,18.42,0.63,0.029718436300754547,-0.04945383965969086,-11.34867115,24224,55,0.0005,1.0293803215026855,425228,425127,7629
11.407105445861816,18.41,0.65,0.030091455206274986,-0.28525495529174805,-10.994570840000002,24228,55,0.0005,0.6011491417884827,425298,425197,7630
10.468648910522461,18.47,0.66,0.030936041846871376,-0.3506196141242981,-10.900877259999998,24232,55,0.0005,1.1505346298217773,425376,425275,7632
10.748988151550293,18.43,0.66,0.0315103605389595,0.21717426180839539,-10.886761759999999,24236,55,0.0005,0.5666419267654419,425447,425346,7633
10.82084846496582,18.37,0.67,0.031911078840494156,-0.11711855232715607,-10.6970913,24240,55,0.0005,1.8044601678848267,425513,425412,7634
11.04247760772705,18.46,0.66,0.03204827383160591,0.014197170734405518,-10.877768960000003,24244,55,0.0005,2.312609910964966,425595,425494,7635
11.4885892868042,18.38,0.69,0.031176438555121422,0.17764928936958313,-10.319693030000002,24248,55,0.0005,0.4683169722557068,425667,425566,7636
11.019325256347656,18.39,0.7,0.030886484310030937,-0.5455324649810791,-10.168243590000001,24252,55,0.0005,1.229449987411499,425743,425642,7637
11.956435203552246,18.4,0.7,0.03087734989821911,-0.4752112627029419,-10.16230079,24256,55,0.0005,1.2944722175598145,425815,425714,7638
10.58637809753418,18.49,0.69,0.030720727518200874,-0.8800374269485474,-10.40649286,24260,55,0.0005,2.0619258880615234,425890,425789,7640
11.730391502380371,18.52,0.69,0.030201876536011696,-0.9484962821006775,-10.40559182,24264,55,0.0005,0.9887938499450684,425964,425863,7641
10.202178001403809,18.61,0.67,0.030914342030882835,0.3284606337547302,-10.790821139999998,24268,55,0.0005,0.4293038845062256,426038,425937,7642
10.43662166595459,18.57,0.66,0.0316685251891613,0.556990921497345,-11.012953850000004,24272,55,0.0005,1.7634410858154297,426114,426013,7643
11.832677841186523,18.52,0.66,0.03176572173833847,0.19096772372722626,-10.985897360000001,24276,55,0.0005,1.0334935188293457,426186,426085,7644
11.819694519042969,18.54,0.67,0.032366760075092316,0.8971347808837891,-10.81204447,24280,55,0.0005,0.8369818925857544,426255,426154,7645
10.317707061767578,18.65,0.69,0.03311112895607948,0.22943541407585144,-10.446186140000002,24284,55,0.0005,1.2719794511795044,426337,426236,7646
10.71926212310791,18.65,0.7,0.032418377697467804,-1.573817253112793,-10.269815920000001,24288,55,0.0005,1.4528526067733765,426411,426310,7648
12.243762969970703,18.57,0.69,0.03164292499423027,-0.552266538143158,-10.44623711,24292,55,0.0005,0.3685494065284729,426488,426387,7649
11.537147521972656,18.6,0.71,0.031175099313259125,-0.2992464303970337,-10.087631470000002,24296,55,0.0005,0.676752507686615,426567,426466,7650
11.379255294799805,18.62,0.68,0.030186599120497704,-1.0639166831970215,-10.666573249999999,24300,55,0.0005,0.544162929058075,426640,426539,7651
10.636966705322266,18.53,0.67,0.030424518510699272,0.511070191860199,-10.832112719999998,24304,55,0.0005,0.49700403213500977,426703,426602,7652
9.781919479370117,18.42,0.67,0.03012947551906109,-0.2577999234199524,-10.837353349999999,24308,55,0.0005,0.6931754350662231,426770,426669,7653
10.937551498413086,18.38,0.67,0.029719725251197815,-0.04179072380065918,-10.829598939999999,24312,55,0.0005,0.5452286005020142,426844,426743,7654
11.363725662231445,18.38,0.67,0.029589297249913216,0.09449298679828644,-10.82460769,24316,55,0.0005,0.5991386771202087,426912,426811,7655
10.723280906677246,18.3,0.69,0.03030656836926937,-0.05037304759025574,-10.432309199999999,24320,55,0.0005,1.2634928226470947,426985,426884,7657
12.79817008972168,18.34,0.72,0.030415451154112816,0.9410600066184998,-9.89447888,24324,55,0.0005,1.4577412605285645,427062,426961,7658
11.879766464233398,18.38,0.7,0.03119843825697899,0.6110170483589172,-10.31736096,24328,55,0.0005,1.3922995328903198,427136,427035,7659
10.749199867248535,18.29,0.69,0.031792815774679184,-0.2668560743331909,-10.478675489999999,24332,55,0.0005,0.46058329939842224,427205,427104,7660
10.39569091796875,18.37,0.71,0.030778462067246437,-0.3046141266822815,-10.13414459,24336,55,0.0005,0.3997103273868561,427284,427183,7661
11.864096641540527,18.39,0.71,0.030293500050902367,1.3076109886169434,-10.137421629999999,24340,55,0.0005,1.5838515758514404,427352,427251,7662
10.406049728393555,18.34,0.72,0.029940512031316757,-1.17388916015625,-9.95610274,24344,55,0.0005,0.5127286911010742,427429,427328,7663
11.351892471313477,18.35,0.71,0.029261790215969086,0.5421739816665649,-10.13041646,24348,55,0.0005,0.36233317852020264,427502,427401,7665
10.141468048095703,18.33,0.71,0.029482515528798103,-0.09487304091453552,-10.11952964,24352,55,0.0005,0.3330319821834564,427576,427475,7666
12.314485549926758,18.27,0.72,0.029254425317049026,-0.7330234050750732,-9.922259829999998,24356,55,0.0005,1.0720460414886475,427642,427541,7667
11.409918785095215,18.23,0.73,0.0289310272783041,-0.3634805977344513,-9.697533700000001,24360,55,0.0005,0.7019749879837036,427713,427612,7668
10.92197036743164,18.19,0.74,0.028989050537347794,0.8323727250099182,-9.50974557,24364,55,0.0005,1.776414155960083,427783,427682,7669
10.015464782714844,18.32,0.75,0.02919658273458481,-0.47606801986694336,-9.37360023,24368,55,0.0005,0.4242621958255768,427870,427769,7670
12.007712364196777,18.39,0.74,0.028948931023478508,0.5413883924484253,-9.522154550000002,24372,55,0.0005,0.571775496006012,427953,427852,7672
10.642202377319336,18.38,0.75,0.02935895323753357,0.2817433476448059,-9.37761054,24376,55,0.0005,1.745159387588501,428024,427923,7673
10.453644752502441,18.45,0.72,0.029851635918021202,0.3829330801963806,-9.9332782,24380,55,0.0005,0.836861789226532,428100,427999,7674
10.974527359008789,18.4,0.69,0.03025904670357704,0.4650196135044098,-10.45404947,24384,55,0.0005,0.24152493476867676,428177,428076,7675
10.979205131530762,18.41,0.66,0.03059607930481434,-0.23998253047466278,-10.99558604,24388,55,0.0005,0.9062574505805969,428252,428151,7676
9.84523868560791,18.35,0.68,0.0306499395519495,0.3960069417953491,-10.585062500000001,24392,55,0.0005,0.7733923196792603,428323,428222,7677
11.528104782104492,18.27,0.67,0.031025968492031097,-1.2599202394485474,-10.78159976,24396,55,0.0005,0.7461969256401062,428394,428293,7678
12.181646347045898,18.21,0.69,0.03038918972015381,-0.963867723941803,-10.41467467,24400,55,0.0005,1.8431501388549805,428461,428360,7680
10.853170394897461,18.39,0.67,0.030123356729745865,0.3560340702533722,-10.806661759999999,24404,55,0.0005,0.3662452697753906,428542,428441,7681
10.82601547241211,18.57,0.67,0.03083343803882599,-0.8807244300842285,-10.819420859999997,24408,55,0.0005,0.6190568804740906,428627,428526,7682
10.445432662963867,18.53,0.68,0.03054974228143692,-0.054145798087120056,-10.621785280000001,24412,55,0.0005,0.5885471105575562,428697,428596,7683
10.916971206665039,18.6,0.64,0.029948744922876358,-0.7647085785865784,-11.380580120000001,24416,55,0.0005,0.6893502473831177,428772,428671,7684
10.567278861999512,18.63,0.65,0.02961130067706108,0.6174995303153992,-11.211531169999995,24420,55,0.0005,0.5868849754333496,428848,428747,7686
11.242891311645508,18.59,0.65,0.029650481417775154,-0.04062694311141968,-11.202673429999999,24424,55,0.0005,0.3856930434703827,428921,428820,7687
10.775955200195312,18.63,0.68,0.030100688338279724,1.1576883792877197,-10.61338982,24428,55,0.0005,0.6744221448898315,428999,428898,7688
10.335119247436523,18.66,0.69,0.03108273074030876,0.5905876159667969,-10.39931862,24432,55,0.0005,0.3098829388618469,429071,428970,7689
13.307770729064941,18.66,0.67,0.030572257936000824,-0.5046716928482056,-10.756821209999998,24436,55,0.0005,0.3938386142253876,429150,429049,7690
11.467818260192871,18.82,0.65,0.029563240706920624,-0.3923190236091614,-11.152520419999998,24440,55,0.0005,1.0319421291351318,429234,429133,7692
10.382352828979492,18.75,0.65,0.029774146154522896,0.8918827772140503,-11.120360119999997,24444,55,0.0005,3.3970484733581543,429304,429203,7693
11.357381820678711,18.74,0.65,0.029636267572641373,-0.15928393602371216,-11.151354079999999,24448,55,0.0005,0.6670187711715698,429376,429275,7694
10.354185104370117,18.81,0.65,0.030499286949634552,1.711733102798462,-11.200023899999998,24452,55,0.0005,1.7924585342407227,429457,429356,7695
11.301982879638672,18.86,0.65,0.03154978156089783,0.6264703273773193,-11.185520279999999,24456,55,0.0005,1.3141067028045654,429528,429427,7696
11.626651763916016,18.85,0.64,0.03131447732448578,-0.4490264058113098,-11.3711782,24460,55,0.0005,0.28371691703796387,429598,429497,7697
11.304610252380371,18.89,0.62,0.03083121031522751,0.33334439992904663,-11.75462852,24464,55,0.0005,1.0842382907867432,429672,429571,7698
12.039664268493652,18.82,0.62,0.032113853842020035,-0.019800886511802673,-11.742833249999999,24468,55,0.0005,0.5431005954742432,429752,429651,7700
11.637943267822266,18.7,0.63,0.03231493756175041,0.038657620549201965,-11.534059469999997,24472,55,0.0005,0.7858283519744873,429823,429722,7701
11.038799285888672,18.71,0.62,0.032246656715869904,-0.2688564360141754,-11.6900063,24476,55,0.0005,0.6441197395324707,429895,429794,7702
12.127874374389648,18.75,0.63,0.03175613284111023,-0.003720127046108246,-11.520694850000002,24480,55,0.0005,0.8631424903869629,429975,429874,7703
10.092370986938477,18.75,0.66,0.0317404568195343,-0.037873685359954834,-10.9831094,24484,55,0.0005,0.40686094760894775,430052,429951,7719
10.28055191040039,18.74,0.67,0.031866032630205154,-0.13688653707504272,-10.838289739999999,24488,55,0.0005,0.2081713080406189,430126,430025,7720
12.45152473449707,18.74,0.68,0.03131420165300369,1.1646711826324463,-10.67215748,24492,55,0.0005,1.0012781620025635,430197,430096,7721
12.740352630615234,18.69,0.68,0.031586773693561554,0.23720097541809082,-10.663761059999999,24496,55,0.0005,0.8003444671630859,430263,430162,7722
11.097900390625,18.75,0.7,0.03281896561384201,-0.19602233171463013,-10.275118050000001,24500,55,0.0005,0.7333728075027466,430336,430235,7724
10.977413177490234,18.72,0.72,0.031059661880135536,-1.3994004726409912,-9.91678704,24504,55,0.0005,1.406246542930603,430414,430313,7725
10.450335502624512,18.56,0.73,0.029989594593644142,0.009968370199203491,-9.69657066,24508,55,0.0005,1.4246543645858765,430483,430382,7726
10.927343368530273,18.63,0.7,0.029464174062013626,-0.08135555684566498,-10.28968805,24512,55,0.0005,0.7430020570755005,430560,430459,7727
12.517815589904785,18.61,0.74,0.029531018808484077,-0.1925988644361496,-9.545729739999999,24516,55,0.0005,1.5554835796356201,430633,430532,7728
11.971272468566895,18.58,0.72,0.029844071716070175,0.41003191471099854,-9.909863869999999,24520,55,0.0005,0.3033077120780945,430706,430605,7729
11.042779922485352,18.58,0.72,0.030013225972652435,0.11626145988702774,-9.908804819999999,24524,55,0.0005,0.7726198434829712,430779,430678,7730
12.395720481872559,18.54,0.7,0.030276957899332047,-0.1728571057319641,-10.27403196,24528,55,0.0005,0.47997426986694336,430853,430752,7732
10.772092819213867,18.59,0.7,0.029721079394221306,0.616741418838501,-10.274174969999999,24532,55,0.0005,1.0942457914352417,430930,430829,7733
10.154324531555176,18.58,0.71,0.029018890112638474,0.5530959367752075,-10.081111039999998,24536,55,0.0005,1.1385340690612793,431008,430907,7734
10.322652816772461,18.45,0.72,0.0292365662753582,0.37201792001724243,-9.87538342,24540,55,0.0005,1.0075690746307373,431079,430978,7735
12.14735221862793,18.44,0.72,0.029681509360671043,0.7439013123512268,-9.8869029,24544,55,0.0005,1.6949528455734253,431148,431047,7736
12.44327163696289,18.52,0.72,0.030583661049604416,0.07730777561664581,-9.874712559999999,24548,55,0.0005,2.574166774749756,431228,431127,7737
13.863494873046875,18.46,0.72,0.030659770593047142,-0.3343028426170349,-9.806750169999999,24552,55,0.0005,1.099006175994873,431303,431202,7739
12.460692405700684,18.45,0.71,0.03059517592191696,-0.6448376178741455,-10.01982707,24556,55,0.0005,0.6359361410140991,431373,431272,7740
12.48485279083252,18.54,0.7,0.030001729726791382,-0.5297679901123047,-10.22384292,24560,55,0.0005,0.41066572070121765,431452,431351,7741
12.003029823303223,18.54,0.72,0.029334967955946922,-1.3387218713760376,-9.849570219999999,24564,55,0.0005,0.6811559796333313,431526,431425,7742
10.52794361114502,18.41,0.73,0.028405264019966125,-1.4787237644195557,-9.61803991,24568,55,0.0005,0.690767765045166,431593,431492,7743
10.331345558166504,18.42,0.75,0.027277687564492226,0.3127146065235138,-9.244244700000001,24572,55,0.0005,1.209183931350708,431665,431564,7744
13.014669418334961,18.37,0.75,0.0276871919631958,-0.09927290678024292,-9.28819549,24576,55,0.0005,1.851102352142334,431732,431631,7745
11.475523948669434,18.23,0.74,0.027786528691649437,-0.12291006743907928,-9.473545130000002,24580,55,0.0005,0.6483298540115356,431798,431697,7746
12.008370399475098,18.22,0.73,0.028464799746870995,0.431615948677063,-9.64862545,24584,55,0.0005,0.21998164057731628,431874,431773,7748
10.92275619506836,18.2,0.74,0.028575336560606956,0.6605181097984314,-9.44113919,24588,55,0.0005,0.41777321696281433,431946,431845,7749
9.89478874206543,18.18,0.74,0.028383389115333557,0.19874481856822968,-9.436838969999998,24592,55,0.0005,0.37700140476226807,432015,431914,7750
10.548425674438477,18.29,0.75,0.028485644608736038,0.10678982734680176,-9.243363169999999,24596,55,0.0005,0.8274538516998291,432092,431991,7751
11.63202953338623,18.29,0.73,0.02855481021106243,0.36793044209480286,-9.625244709999999,24600,55,0.0005,0.7437285780906677,432165,432064,7752
11.211119651794434,18.2,0.74,0.02911372110247612,0.34433645009994507,-9.41729236,24604,55,0.0005,1.5014116764068604,432234,432133,7753
11.033712387084961,18.23,0.73,0.02941962704062462,0.6852813959121704,-9.615341920000002,24608,55,0.0005,0.4090943932533264,432306,432205,7754
11.150357246398926,18.18,0.76,0.030029961839318275,1.1877517700195312,-9.031713719999999,24612,55,0.0005,1.338572382926941,432378,432277,7755
10.369150161743164,18.22,0.76,0.03090440109372139,1.264966368675232,-9.04493954,24616,55,0.0005,1.133040428161621,432455,432354,7757
11.068133354187012,18.29,0.77,0.030723510310053825,0.15885579586029053,-8.86345924,24620,55,0.0005,0.16921310126781464,432535,432434,7758
11.580134391784668,18.32,0.75,0.030978109687566757,-0.3219258785247803,-9.22503714,24624,55,0.0005,2.005235433578491,432611,432510,7759
11.52414608001709,18.29,0.75,0.03082289732992649,0.15710237622261047,-9.194856119999999,24628,55,0.0005,0.3528871536254883,432682,432581,7760
11.858108520507812,18.25,0.76,0.03090258128941059,0.178709477186203,-9.010840559999998,24632,55,0.0005,0.36517423391342163,432755,432654,7761
10.971192359924316,18.21,0.77,0.031085269525647163,0.4167267978191376,-8.834342549999999,24636,55,0.0005,0.8992477655410767,432829,432728,7763
10.510293960571289,18.27,0.78,0.03139694780111313,0.09110135585069656,-8.668085740000002,24640,55,0.0005,0.6772133111953735,432906,432805,7764
10.159339904785156,18.22,0.79,0.030833188444375992,-0.3562540113925934,-8.47221846,24644,55,0.0005,0.33837586641311646,432970,432869,7765
11.856590270996094,18.17,0.79,0.030115513131022453,-0.13068485260009766,-8.45976611,24648,55,0.0005,0.5449284911155701,433045,432944,7766
11.466839790344238,18.17,0.77,0.02976478450000286,-0.6844478249549866,-8.82663063,24652,55,0.0005,0.4276236295700073,433120,433019,7767
10.681452751159668,18.25,0.78,0.02895449474453926,-0.5672570466995239,-8.66075557,24656,55,0.0005,0.5021215081214905,433198,433097,7768
12.310839653015137,18.19,0.78,0.028620922937989235,0.8034120202064514,-8.63157488,24660,55,0.0005,1.194854974746704,433271,433170,7769
10.490662574768066,18.24,0.77,0.029649045318365097,-0.11932402849197388,-8.815562270000001,24664,55,0.0005,0.5271797776222229,433350,433249,7771
12.271448135375977,18.29,0.76,0.029417481273412704,-0.1523660272359848,-9.02278107,24668,55,0.0005,0.5920672416687012,433422,433321,7772
12.240092277526855,18.29,0.75,0.03007921203970909,0.1726696938276291,-9.22213825,24672,55,0.0005,0.46610334515571594,433494,433393,7773
10.043147087097168,18.23,0.77,0.03093033842742443,0.7515650987625122,-8.79676636,24676,55,0.0005,1.3314778804779053,433555,433454,7774
13.34969711303711,18.3,0.8,0.03194139897823334,-0.011292248964309692,-8.24183195,24680,55,0.0005,0.9941055178642273,433628,433527,7775
13.377405166625977,18.29,0.79,0.032586272805929184,0.9999905824661255,-8.419393450000001,24684,55,0.0005,1.5808885097503662,433703,433602,7776
12.328718185424805,18.26,0.79,0.034876324236392975,0.7628062963485718,-8.378191170000001,24688,55,0.0005,0.9464926719665527,433772,433671,7777
11.417197227478027,18.27,0.78,0.03599049896001816,0.1810176968574524,-8.55772569,24692,55,0.0005,0.7621530294418335,433842,433741,7778
13.076848983764648,18.2,0.76,0.03630653768777847,0.351830393075943,-8.897097970000003,24696,55,0.0005,0.48095449805259705,433912,433811,7779
10.510047912597656,18.15,0.78,0.036773912608623505,-0.760543167591095,-8.4977063,24700,55,0.0005,0.9035996794700623,433980,433879,7781
11.785228729248047,18.15,0.78,0.036650557070970535,-0.6913553476333618,-8.494740109999999,24704,55,0.0005,0.5768571496009827,434049,433948,7782
11.74776554107666,18.16,0.77,0.03646821901202202,0.31353071331977844,-8.6836889,24708,55,0.0005,0.7706658840179443,434122,434021,7783
12.142556190490723,18.29,0.75,0.03715989366173744,0.8600253462791443,-9.08485642,24712,55,0.0005,0.5317237973213196,434207,434106,7784
12.081533432006836,18.27,0.73,0.03746456652879715,0.2054186463356018,-9.44847727,24716,55,0.0005,1.0509095191955566,434282,434181,7785
11.510140419006348,18.2,0.72,0.036751799285411835,-0.5916653871536255,-9.618095380000002,24720,55,0.0005,1.3022656440734863,434355,434254,7786
10.570472717285156,18.22,0.72,0.03562215715646744,-0.6941553354263306,-9.61711301,24724,55,0.0005,1.1963083744049072,434433,434332,7788
11.459651947021484,18.31,0.73,0.03397448733448982,-0.18002495169639587,-9.470344619999999,24728,55,0.0005,0.6001898050308228,434513,434412,7789
10.331016540527344,18.34,0.72,0.03312772884964943,0.45703229308128357,-9.65739679,24732,55,0.0005,1.042833685874939,434589,434488,7790
10.935968399047852,18.24,0.72,0.03309805318713188,0.2485465556383133,-9.63241153,24736,55,0.0005,0.22517947852611542,434653,434552,7791
13.062766075134277,18.22,0.72,0.03220285475254059,-0.38058003783226013,-9.62746577,24740,55,0.0005,0.5418339967727661,434728,434627,7792
12.4639892578125,18.26,0.71,0.03182869777083397,0.9585413932800293,-9.81312006,24744,55,0.0005,0.5109947323799133,434796,434695,7793
13.424751281738281,18.17,0.72,0.03336198627948761,0.524189829826355,-9.609827180000002,24748,55,0.0005,1.2514530420303345,434862,434761,7794
10.897953033447266,18.17,0.74,0.03399565815925598,-0.9889193773269653,-9.245508519999998,24752,55,0.0005,0.6016044616699219,434937,434836,7796
11.771917343139648,18.24,0.74,0.0329485684633255,0.46281763911247253,-9.26633606,24756,55,0.0005,2.2007598876953125,435022,434921,7797
11.398524284362793,18.31,0.75,0.032887399196624756,-0.7413843870162964,-9.109954879999998,24760,55,0.0005,1.40855073928833,435102,435001,7798
10.826763153076172,18.27,0.76,0.032646067440509796,-0.01311202347278595,-8.93530881,24764,55,0.0005,1.7878830432891846,435177,435076,7799
11.776991844177246,18.33,0.76,0.03196047991514206,-0.07371405512094498,-8.92941078,24768,55,0.0005,0.5663824081420898,435255,435154,7800
11.136016845703125,18.35,0.75,0.03120298497378826,-1.3130897283554077,-9.109086699999999,24772,55,0.0005,0.5446776151657104,435329,435228,7802
10.305866241455078,18.47,0.74,0.03056478500366211,-0.12990766763687134,-9.3269168,24776,55,0.0005,0.30150267481803894,435402,435301,7803
10.649788856506348,18.44,0.74,0.030755290761590004,0.7557315826416016,-9.31718782,24780,55,0.0005,0.3036969304084778,435472,435371,7804
10.688122749328613,18.45,0.73,0.031798478215932846,0.6448626518249512,-9.483293639999998,24784,55,0.0005,2.1058530807495117,435548,435447,7805
13.6131010055542,18.48,0.74,0.03226669877767563,0.2086610496044159,-9.33028671,24788,55,0.0005,0.5869240164756775,435620,435519,7806
11.376286506652832,18.51,0.74,0.033645354211330414,0.42747122049331665,-9.351957180000001,24792,55,0.0005,0.3505476415157318,435693,435592,7807
11.332448959350586,18.59,0.75,0.0338674820959568,-0.24382469058036804,-9.189451559999998,24796,55,0.0005,2.5206496715545654,435771,435670,7809
12.182546615600586,18.62,0.74,0.0333905853331089,-0.819840133190155,-9.36244376,24800,55,0.0005,0.2789636254310608,435842,435741,7810
11.222898483276367,18.71,0.74,0.03238294646143913,-0.35970833897590637,-9.388702180000001,24804,55,0.0005,1.1427814960479736,435920,435819,7811
11.795698165893555,18.68,0.75,0.0318102091550827,-0.11038956046104431,-9.189009429999999,24808,55,0.0005,1.1562561988830566,435990,435889,7812
9.924356460571289,18.56,0.76,0.0315718948841095,-0.2982615530490875,-8.96404305,24812,55,0.0005,2.4753665924072266,436063,435962,7813
11.46722412109375,18.69,0.77,0.03138670325279236,-0.17373089492321014,-8.807146509999999,24816,55,0.0005,0.36794912815093994,436151,436050,7814
9.750758171081543,18.73,0.77,0.031936220824718475,0.0016957148909568787,-8.807564189999999,24820,55,0.0005,0.8053523302078247,436228,436127,7816
12.366580963134766,18.69,0.78,0.03260015323758125,0.10259886831045151,-8.66286475,24824,55,0.0005,1.061261773109436,436302,436201,7817
11.042984962463379,18.62,0.78,0.03293854370713234,-0.0657321959733963,-8.63276197,24828,55,0.0005,0.6039785146713257,436375,436274,7818
10.383255958557129,18.59,0.79,0.032650746405124664,-0.09681735187768936,-8.455498099999998,24832,55,0.0005,0.2466738224029541,436448,436347,7819
11.31977367401123,18.73,0.77,0.03286620229482651,0.29763954877853394,-8.86882115,24836,55,0.0005,2.4456868171691895,436526,436425,7820
10.221504211425781,18.78,0.75,0.032446589320898056,-0.9979281425476074,-9.24655565,24840,55,0.0005,1.6799304485321045,436606,436505,7822
11.768938064575195,18.92,0.75,0.03093617409467697,-1.0162580013275146,-9.27772818,24844,55,0.0005,1.4635568857192993,436688,436587,7823
11.055696487426758,19.04,0.74,0.029925048351287842,-0.910381019115448,-9.503437880000002,24848,55,0.0005,0.71073317527771,436766,436665,7824
11.108604431152344,19.02,0.74,0.02949298918247223,0.8012130260467529,-9.52197903,24852,55,0.0005,1.0088927745819092,436839,436738,7825
15.378517150878906,18.86,0.73,0.030239567160606384,-0.2446090281009674,-9.64931495,24856,55,0.0005,1.272362232208252,436908,436807,7826
12.476551055908203,18.82,0.72,0.03139115869998932,0.8189798593521118,-9.823239919999999,24860,55,0.0005,1.4423301219940186,436984,436883,7827
11.692461013793945,18.77,0.7,0.03221406787633896,-0.09340084344148636,-10.2062823,24864,55,0.0005,0.5516143441200256,437054,436953,7829
13.077238082885742,18.83,0.67,0.033590659499168396,-0.3260255455970764,-10.76177732,24868,55,0.0005,1.029085636138916,437138,437037,7830
11.976921081542969,18.78,0.67,0.0333314873278141,0.06430861353874207,-10.776973320000002,24872,55,0.0005,0.8819324374198914,437207,437106,7831
10.619393348693848,18.89,0.67,0.033830031752586365,-0.6093835830688477,-10.794467050000002,24876,55,0.0005,2.12473726272583,437291,437190,7832
9.724807739257812,18.99,0.66,0.03380930796265602,0.4625943899154663,-10.99535017,24880,55,0.0005,2.3765742778778076,437371,437270,7834
11.293354034423828,18.95,0.68,0.034013763070106506,-0.2534909248352051,-10.637680879999998,24884,55,0.0005,0.6256728172302246,437443,437342,7835
11.546205520629883,18.88,0.68,0.03352571651339531,0.0014722645282745361,-10.61899979,24888,55,0.0005,0.23666054010391235,437508,437407,7836
11.737333297729492,18.9,0.67,0.033454734832048416,0.09157039225101471,-10.78306069,24892,55,0.0005,1.332141637802124,437583,437482,7837
10.644325256347656,18.83,0.67,0.033500850200653076,-0.837552011013031,-10.759429169999999,24896,55,0.0005,0.6883684992790222,437654,437553,7838
10.247359275817871,18.89,0.66,0.032867059111595154,0.18943193554878235,-10.967557929999998,24900,55,0.0005,0.834132730960846,437731,437630,7839
13.139495849609375,18.81,0.65,0.03284327685832977,0.5322328805923462,-11.153099549999997,24904,55,0.0005,2.1938037872314453,437801,437700,7840
11.207656860351562,18.78,0.66,0.03345039486885071,0.07321962714195251,-10.96286864,24908,55,0.0005,0.39500531554222107,437868,437767,7841
11.100939750671387,18.82,0.64,0.03319450467824936,-0.5807422995567322,-11.385766649999999,24912,55,0.0005,0.600182056427002,437945,437844,7842
11.770092010498047,18.6,0.64,0.032297391444444656,-0.3038622736930847,-11.32645506,24916,55,0.0005,2.216517210006714,438011,437910,7844
10.757108688354492,18.58,0.66,0.03142055496573448,0.0070154666900634766,-10.972413150000001,24920,55,0.0005,0.9576280117034912,438086,437985,7845
10.562036514282227,18.53,0.67,0.031179916113615036,0.4027230143547058,-10.741637169999999,24924,55,0.0005,0.45809754729270935,438155,438054,7846
13.180355072021484,18.54,0.65,0.030051283538341522,-1.0811498165130615,-11.153989240000001,24928,55,0.0005,1.058661937713623,438229,438128,7847
10.899898529052734,18.52,0.63,0.02942187897861004,0.742809534072876,-11.507938189999999,24932,55,0.0005,1.2315562963485718,438300,438199,7848
12.558403015136719,18.54,0.64,0.03002701885998249,-0.1315440833568573,-11.31006372,24936,55,0.0005,1.1918909549713135,438380,438279,7849
14.136209487915039,18.53,0.64,0.028723107650876045,-0.39649736881256104,-11.306552050000004,24940,55,0.0005,0.9648853540420532,438459,438358,7851
11.197164535522461,18.5,0.63,0.029339445754885674,0.9243826866149902,-11.451044040000001,24944,55,0.0005,1.2157633304595947,438538,438437,7852
12.077582359313965,18.37,0.63,0.030419090762734413,0.7229496836662292,-11.38545647,24948,55,0.0005,1.0216851234436035,438603,438502,7853
11.157401084899902,18.4,0.64,0.03049393557012081,-1.3369688987731934,-11.193753569999998,24952,55,0.0005,1.981872320175171,438679,438578,7854
9.893712997436523,18.43,0.66,0.029335876926779747,-0.4038163423538208,-10.83673164,24956,55,0.0005,1.111999750137329,438751,438650,7855
11.043070793151855,18.49,0.68,0.029033513739705086,0.14166218042373657,-10.487572769999996,24960,55,0.0005,0.18431884050369263,438833,438732,7856
11.107549667358398,18.51,0.69,0.029670746996998787,0.21484187245368958,-10.27673974,24964,55,0.0005,1.0481079816818237,438905,438804,7857
10.667707443237305,18.39,0.72,0.03018229827284813,0.794043779373169,-9.7036432,24968,55,0.0005,1.149991512298584,438977,438876,7858
10.608518600463867,18.43,0.73,0.030282847583293915,-0.11480318009853363,-9.48879832,24972,55,0.0005,0.4091830253601074,439050,438949,7860
11.4688138961792,18.4,0.73,0.030485428869724274,-0.4235467314720154,-9.48742075,24976,55,0.0005,0.37471842765808105,439131,439030,7861
10.474916458129883,18.36,0.73,0.03014216385781765,0.023291483521461487,-9.46284446,24980,55,0.0005,0.7718007564544678,439207,439106,7862
11.115427017211914,18.48,0.74,0.030023476108908653,-0.37168455123901367,-9.323635440000002,24984,55,0.0005,0.4134292006492615,439291,439190,7863
10.40499496459961,18.55,0.74,0.029943810775876045,0.795235276222229,-9.336995109999998,24988,55,0.0005,0.47293275594711304,439363,439262,7864
11.838459968566895,18.61,0.76,0.029844697564840317,0.4607086777687073,-9.0013437,24992,55,0.0005,1.6076198816299438,439444,439343,7866
10.289909362792969,18.65,0.76,0.030572453513741493,1.265676498413086,-9.022132410000001,24996,55,0.0005,0.3034541606903076,439519,439418,7867
11.063043594360352,18.61,0.78,0.030725518241524696,0.3422432541847229,-8.650400430000001,25000,55,0.0005,0.9584888219833374,439592,439491,7868
10.695539474487305,18.67,0.78,0.031194288283586502,0.827515721321106,-8.62994785,25004,55,0.0005,0.5814505815505981,439668,439567,7869
10.316644668579102,18.71,0.78,0.03164590895175934,0.5088253021240234,-8.6383169,25008,55,0.0005,0.3963891863822937,439739,439638,7870
10.807596206665039,18.63,0.79,0.03185667470097542,-0.3530440628528595,-8.38405221,25012,55,0.0005,0.49411332607269287,439808,439707,7871
10.780084609985352,18.69,0.79,0.032395731657743454,-0.545778751373291,-8.393047179999998,25016,55,0.0005,0.2293621003627777,439880,439779,7873
11.617698669433594,18.59,0.77,0.03258809074759483,-0.18254153430461884,-8.74621222,25020,55,0.0005,2.126237154006958,439945,439844,7874
11.537725448608398,18.63,0.76,0.03258495405316353,0.8405616283416748,-8.94504144,25024,55,0.0005,1.3939708471298218,440018,439917,7891
11.57181167602539,18.66,0.77,0.03314119204878807,0.32462048530578613,-8.72631447,25028,55,0.0005,1.4890975952148438,440095,439994,7892
10.766255378723145,18.71,0.78,0.03255310282111168,-0.5478976368904114,-8.57575851,25032,55,0.0005,0.6833738684654236,440171,440070,7893
11.496809005737305,18.75,0.79,0.032018162310123444,0.28626713156700134,-8.41551358,25036,55,0.0005,1.7622861862182617,440255,440154,7895
10.256464004516602,18.71,0.8,0.031634166836738586,-0.03445882350206375,-8.2255191,25040,55,0.0005,0.9503713846206665,440330,440229,7896
10.427791595458984,18.68,0.82,0.030808569863438606,-0.4272439479827881,-7.89663396,25044,55,0.0005,0.40939292311668396,440406,440305,7897
9.510103225708008,18.74,0.83,0.030822765082120895,-0.6749985218048096,-7.74698478,25048,55,0.0005,0.4008174538612366,440477,440376,7898
11.826848983764648,18.8,0.81,0.029558569192886353,-0.05606566369533539,-8.152099839999998,25052,55,0.0005,0.3443942666053772,440559,440458,7899
11.084503173828125,18.8,0.8,0.029551226645708084,0.19554725289344788,-8.36323101,25056,55,0.0005,1.867110252380371,440631,440530,7901
10.959781646728516,18.68,0.8,0.02972114272415638,0.21310842037200928,-8.33234833,25060,55,0.0005,0.8723565936088562,440701,440600,7902
10.104375839233398,18.74,0.8,0.030875999480485916,0.8133599162101746,-8.34403679,25064,55,0.0005,0.5893800854682922,440779,440678,7903
10.426002502441406,18.75,0.79,0.030935045331716537,-0.712181806564331,-8.54429187,25068,55,0.0005,0.2482350915670395,440852,440751,7904
11.079545974731445,18.72,0.78,0.030932705849409103,0.5756533145904541,-8.75554749,25072,55,0.0005,1.5660780668258667,440922,440821,7905
11.806534767150879,18.56,0.79,0.03152448683977127,0.03785935044288635,-8.534442230000002,25076,55,0.0005,1.2937121391296387,440987,440886,7906
11.162846565246582,18.55,0.78,0.03152497485280037,0.5831043124198914,-8.714873709999999,25080,55,0.0005,1.391897201538086,441062,440961,7908
10.919012069702148,18.5,0.77,0.03065386228263378,-0.6267393827438354,-8.868339839999999,25084,55,0.0005,0.8579670190811157,441141,441040,7909
10.996899604797363,18.53,0.76,0.029511215165257454,0.604661226272583,-9.047592119999997,25088,55,0.0005,0.8352252840995789,441216,441115,7910
10.37785530090332,18.43,0.74,0.02955065667629242,0.9349932074546814,-9.39687631,25092,55,0.0005,0.2608623504638672,441287,441186,7911
9.663549423217773,18.42,0.75,0.030109718441963196,0.37161320447921753,-9.2157358,25096,55,0.0005,1.1749205589294434,441361,441260,7912
10.677733421325684,18.36,0.75,0.029996788129210472,-0.41928762197494507,-9.204428309999999,25100,55,0.0005,0.1697555035352707,441428,441327,7913
11.510818481445312,18.33,0.74,0.029666347429156303,-0.3589939475059509,-9.37651223,25104,55,0.0005,0.22855731844902039,441501,441400,7915
10.51972770690918,18.29,0.73,0.03004285879433155,-0.18836206197738647,-9.54689963,25108,55,0.0005,1.646942138671875,441568,441467,7916
10.690933227539062,18.32,0.74,0.03041527047753334,1.0032474994659424,-9.3816061,25112,55,0.0005,0.4560592770576477,441640,441539,7917
11.382966995239258,18.27,0.75,0.031208358705043793,0.6906042098999023,-9.195629669999999,25116,55,0.0005,1.7443130016326904,441707,441606,7918
11.845369338989258,18.39,0.75,0.0318242572247982,-0.14049306511878967,-9.17936856,25120,55,0.0005,1.2953903675079346,441784,441683,7919
11.332010269165039,18.45,0.76,0.03164435923099518,-0.17492635548114777,-9.01903223,25124,55,0.0005,1.0860564708709717,441863,441762,7920
9.57055950164795,18.41,0.76,0.030910905450582504,-1.1785722970962524,-9.01655833,25128,55,0.0005,0.6319604516029358,441936,441835,7922
10.217798233032227,18.51,0.76,0.029845980927348137,0.22245219349861145,-9.00816726,25132,55,0.0005,0.5526015758514404,442022,441921,7923
10.728837966918945,18.34,0.76,0.02920110896229744,-0.13849309086799622,-8.95425873,25136,55,0.0005,1.7605724334716797,442089,441988,7924
10.465888023376465,18.34,0.76,0.028926542028784752,0.28885722160339355,-8.94408923,25140,55,0.0005,0.3442639708518982,442164,442063,7925
9.745523452758789,18.34,0.76,0.029034987092018127,0.18553701043128967,-8.94682832,25144,55,0.0005,1.1417526006698608,442240,442139,7926
10.072319984436035,18.4,0.75,0.02941836602985859,-0.8418508172035217,-9.146765460000001,25148,55,0.0005,0.2259354144334793,442317,442216,7928
11.510677337646484,18.39,0.76,0.030145877972245216,0.5934502482414246,-8.93484226,25152,55,0.0005,0.34702378511428833,442398,442297,7929
12.064642906188965,18.42,0.76,0.030335789546370506,0.16910777986049652,-8.91961386,25156,55,0.0005,0.2834851145744324,442473,442372,7930
10.206157684326172,18.51,0.75,0.030301617458462715,-0.4520491063594818,-9.11456458,25160,55,0.0005,0.7697969675064087,442552,442451,7932
10.844091415405273,18.53,0.76,0.02970077097415924,-0.7414681315422058,-8.94140226,25164,55,0.0005,0.3871753215789795,442632,442531,7933
11.173578262329102,18.55,0.77,0.029368853196501732,-0.08455225825309753,-8.762681120000002,25168,55,0.0005,0.29093438386917114,442707,442606,7934
10.174149513244629,18.66,0.76,0.029431210830807686,-0.5290581583976746,-8.94028758,25172,55,0.0005,0.4602251648902893,442788,442687,7935
10.646551132202148,18.74,0.75,0.02886132523417473,-0.1513282209634781,-9.143024579999999,25176,55,0.0005,0.22846120595932007,442861,442760,7936
10.789875030517578,18.7,0.76,0.028277000412344933,-1.1318929195404053,-8.9694074,25180,55,0.0005,0.2624697983264923,442932,442831,7938
11.952947616577148,18.69,0.77,0.027756651863455772,0.3432340621948242,-8.793368730000001,25184,55,0.0005,1.0192471742630005,443010,442909,7939
11.34173583984375,18.72,0.77,0.02871234342455864,1.3716062307357788,-8.82519852,25188,55,0.0005,1.0317836999893188,443088,442987,7940
10.725017547607422,18.74,0.79,0.030309416353702545,0.34605729579925537,-8.4524103,25192,55,0.0005,0.3922186493873596,443161,443060,7941
11.280171394348145,18.74,0.78,0.03113957680761814,0.4302772283554077,-8.62216045,25196,55,0.0005,1.1425869464874268,443235,443134,7942
10.687437057495117,18.85,0.76,0.031297046691179276,0.18559692800045013,-9.00980061,25200,55,0.0005,1.168090581893921,443313,443212,7944
11.47558307647705,18.78,0.78,0.031531162559986115,0.16800284385681152,-8.64170775,25204,55,0.0005,0.6508411169052124,443379,443278,7945
10.276641845703125,18.82,0.78,0.03133688494563103,-0.194148987531662,-8.666208679999999,25208,55,0.0005,0.7937250137329102,443450,443349,7946
10.516775131225586,18.86,0.78,0.031016569584608078,0.13155949115753174,-8.670019940000001,25212,55,0.0005,1.2907472848892212,443526,443425,7947
9.957789421081543,18.99,0.74,0.030778778716921806,-0.7412005066871643,-9.427332159999999,25216,55,0.0005,1.2153857946395874,443606,443505,7948
11.175993919372559,18.99,0.75,0.02988930232822895,0.1140560507774353,-9.28031868,25220,55,0.0005,0.2822505235671997,443683,443582,7950
11.618827819824219,19.04,0.75,0.02947087585926056,0.04063422977924347,-9.28784645,25224,55,0.0005,0.5495530366897583,443767,443666,7951
9.393985748291016,19.16,0.76,0.03020273894071579,0.4529789984226227,-9.13802289,25228,55,0.0005,0.5466246008872986,443852,443751,7952
11.254434585571289,19.02,0.77,0.029314568266272545,-1.1905112266540527,-8.93202264,25232,55,0.0005,0.33098435401916504,443924,443823,7954
9.923957824707031,19.0,0.77,0.02864767052233219,0.30529332160949707,-8.928268359999999,25236,55,0.0005,1.0292952060699463,443989,443888,7955
10.868755340576172,18.99,0.77,0.02865472063422203,0.15584009885787964,-8.92778683,25240,55,0.0005,0.4691501557826996,444063,443962,7956
11.760233879089355,18.98,0.76,0.028956124559044838,-1.0462275743484497,-9.10603828,25244,55,0.0005,0.8044699430465698,444138,444037,7957
11.977632522583008,19.0,0.76,0.029114240780472755,-0.3322911858558655,-9.10123177,25248,55,0.0005,0.5145952701568604,444217,444116,7958
10.829381942749023,18.92,0.74,0.02831207402050495,0.3819832503795624,-9.43834305,25252,55,0.0005,0.5211361646652222,444290,444189,7959
10.874801635742188,18.92,0.75,0.02788282185792923,0.26729413866996765,-9.25797223,25256,55,0.0005,0.4079851508140564,444365,444264,7961
10.846600532531738,18.82,0.75,0.02809821255505085,-0.29853713512420654,-9.21581873,25260,55,0.0005,0.28210774064064026,444434,444333,7962
11.204532623291016,18.77,0.73,0.028693825006484985,0.20701773464679718,-9.573492799999999,25264,55,0.0005,0.4792705774307251,444509,444408,7963
11.641805648803711,18.73,0.74,0.02916964329779148,0.1344793736934662,-9.38229671,25268,55,0.0005,0.5945037603378296,444580,444479,7964
12.00257682800293,18.62,0.77,0.02966398000717163,1.2061444520950317,-8.81693765,25272,55,0.0005,2.1281449794769287,444650,444549,7965
10.523483276367188,18.68,0.76,0.03053981624543667,1.2259652614593506,-9.015372740000002,25276,55,0.0005,0.7689242362976074,444729,444628,7967
10.746421813964844,18.65,0.76,0.03118162788450718,0.7206489443778992,-9.00729278,25280,55,0.0005,0.42470669746398926,444797,444696,7968
10.504032135009766,18.53,0.74,0.030531486496329308,-0.23717954754829407,-9.32355275,25284,55,0.0005,0.4179411828517914,444863,444762,7969
10.114803314208984,18.38,0.74,0.03008205071091652,-0.15197621285915375,-9.276334349999999,25288,55,0.0005,0.4372923970222473,444926,444825,7970
10.154386520385742,18.28,0.73,0.029675055295228958,-0.42017561197280884,-9.45237541,25292,55,0.0005,0.4800257384777069,444989,444888,7971
10.9612398147583,18.36,0.72,0.02953566052019596,0.32578420639038086,-9.66279965,25296,55,0.0005,0.24210558831691742,445071,444970,7972
10.787935256958008,18.32,0.74,0.03081137128174305,0.08991410583257675,-9.29351148,25300,55,0.0005,0.5100204944610596,445145,445044,7973
10.430718421936035,18.37,0.73,0.031053315848112106,0.8339218497276306,-9.500920439999998,25304,55,0.0005,0.94492506980896,445216,445115,7974
10.10529899597168,18.34,0.73,0.031753960996866226,-0.16431733965873718,-9.494222989999999,25308,55,0.0005,1.9617674350738525,445284,445183,7975
10.536100387573242,18.28,0.73,0.03139032796025276,-0.6625908017158508,-9.493897449999999,25312,55,0.0005,1.3554933071136475,445354,445253,7977
11.677738189697266,18.25,0.75,0.031209392473101616,0.8591650128364563,-9.127560690000001,25316,55,0.0005,0.2819685935974121,445431,445330,7978
10.188338279724121,18.27,0.76,0.0314001701772213,1.0198466777801514,-8.95122298,25320,55,0.0005,0.30914896726608276,445510,445409,7979
10.300210952758789,18.08,0.75,0.03179651498794556,-0.2533089220523834,-9.08999114,25324,55,0.0005,0.7389258742332458,445575,445474,7980
10.560979843139648,17.9,0.74,0.031701069325208664,0.1453036069869995,-9.226480619999998,25328,55,0.0005,0.31738489866256714,445642,445541,7981
10.578424453735352,17.91,0.71,0.031138567253947258,-0.1848452389240265,-9.777146640000002,25332,55,0.0005,1.3318727016448975,445715,445614,7982
9.984869956970215,18.01,0.68,0.031172217801213264,-0.017099320888519287,-10.355207479999999,25336,55,0.0005,0.2431713342666626,445790,445689,7984
10.3394775390625,18.07,0.66,0.030709853395819664,-0.3286169767379761,-10.731312249999998,25340,55,0.0005,0.9503875374794006,445870,445769,7985
11.349312782287598,17.97,0.66,0.030739661306142807,0.08900895714759827,-10.697881230000002,25344,55,0.0005,0.5638937950134277,445935,445834,7986
10.634944915771484,17.93,0.66,0.03098852001130581,0.03629997372627258,-10.703319170000002,25348,55,0.0005,0.5540050268173218,446010,445909,7987
11.637750625610352,17.88,0.69,0.030855391174554825,-0.4612025320529938,-10.15737874,25352,55,0.0005,0.9938579797744751,446078,445977,7988
10.8386869430542,17.85,0.68,0.0313410684466362,-0.519783616065979,-10.34152028,25356,55,0.0005,0.42431551218032837,446150,446049,7989
9.563600540161133,17.9,0.67,0.030726362019777298,0.4233478009700775,-10.57269653,25360,55,0.0005,0.2515453100204468,446224,446123,7991
12.56884479522705,17.86,0.69,0.030108606442809105,-0.0627431869506836,-10.198205030000002,25364,55,0.0005,1.1350479125976562,446295,446194,7992
12.375319480895996,17.94,0.69,0.030196160078048706,0.43922069668769836,-10.215631230000001,25368,55,0.0005,1.1864173412322998,446374,446273,7993
10.500162124633789,17.96,0.69,0.03038216196000576,-0.024855390191078186,-10.21606223,25372,55,0.0005,1.1879714727401733,446446,446345,7994
10.465568542480469,17.92,0.71,0.030858825892210007,-0.4664766192436218,-9.846812919999998,25376,55,0.0005,0.34660929441452026,446521,446420,7995
11.204984664916992,18.0,0.7,0.030504440888762474,0.5880663394927979,-10.05210421,25380,55,0.0005,0.8294382691383362,446597,446496,7997
10.095096588134766,18.08,0.71,0.030080795288085938,0.2341461479663849,-9.90155551,25384,55,0.0005,1.5565814971923828,446671,446570,7998
10.902425765991211,18.18,0.71,0.03010931797325611,0.05008426308631897,-9.936725180000002,25388,55,0.0005,1.2576402425765991,446744,446643,7999
11.628905296325684,18.24,0.7,0.02991369180381298,0.7327176928520203,-10.123690810000001,25392,55,0.0005,2.52087140083313,446813,446712,8000
9.327098846435547,18.12,0.71,0.030559947714209557,0.41605615615844727,-9.92546457,25396,55,0.0005,1.146575689315796,446883,446782,8001
10.783136367797852,18.12,0.69,0.030450183898210526,0.7467526793479919,-10.307520319999997,25400,55,0.0005,0.44755348563194275,446957,446856,8002
11.782546997070312,18.25,0.68,0.02983096055686474,0.22793416678905487,-10.542445460000001,25404,55,0.0005,1.278939962387085,447041,446940,8004
11.43422794342041,18.45,0.68,0.030901631340384483,-0.3240776062011719,-10.578827779999997,25408,55,0.0005,1.857571005821228,447129,447028,8005
10.711858749389648,18.51,0.68,0.031227970495820045,0.08866451680660248,-10.578069420000002,25412,55,0.0005,0.4253003001213074,447205,447104,8006
12.406034469604492,18.46,0.69,0.031332049518823624,0.20245777070522308,-10.377176780000003,25416,55,0.0005,1.293621301651001,447277,447176,8008
11.831964492797852,18.48,0.69,0.03126963600516319,-0.0197782963514328,-10.38505355,25420,55,0.0005,0.3808550238609314,447358,447257,8009
11.884270668029785,18.65,0.7,0.0321224145591259,-0.953324556350708,-10.24366136,25424,55,0.0005,0.2973286509513855,447440,447339,8010
11.212591171264648,18.76,0.72,0.031468767672777176,0.018780402839183807,-9.90536007,25428,55,0.0005,0.8265517354011536,447518,447417,8011
10.98863410949707,18.75,0.74,0.0310890581458807,0.41812974214553833,-9.532940609999999,25432,55,0.0005,0.27562373876571655,447590,447489,8013
10.438241004943848,18.67,0.75,0.03139602765440941,0.10417947918176651,-9.34163929,25436,55,0.0005,0.29666203260421753,447657,447556,8014
11.4800386428833,18.54,0.76,0.030893953517079353,-0.05760098993778229,-9.15484616,25440,55,0.0005,0.5233851075172424,447724,447623,8015
9.183616638183594,18.63,0.75,0.030712828040122986,0.6317224502563477,-9.37072345,25444,55,0.0005,0.2570772171020508,447798,447697,8016
12.344301223754883,18.57,0.75,0.0301313865929842,-0.6713701486587524,-9.35815694,25448,55,0.0005,0.895503044128418,447867,447766,8017
11.151710510253906,18.55,0.75,0.02997356839478016,-0.14055106043815613,-9.34927674,25452,55,0.0005,0.8531758785247803,447933,447832,8018
10.558747291564941,18.46,0.75,0.029824476689100266,-0.5417594313621521,-9.31768511,25456,55,0.0005,0.4103449583053589,447996,447895,8019
10.508241653442383,18.46,0.76,0.029092231765389442,0.3432742655277252,-9.11228824,25460,55,0.0005,0.25402864813804626,448070,447969,8020
10.984220504760742,18.46,0.76,0.029029525816440582,-0.39503008127212524,-9.11019189,25464,55,0.0005,1.3401858806610107,448141,448040,8022
10.286874771118164,18.48,0.75,0.02874164469540119,0.40097445249557495,-9.313627700000001,25468,55,0.0005,1.1671336889266968,448222,448121,8023
9.959030151367188,18.59,0.74,0.029846135526895523,0.7912716269493103,-9.521416449999998,25472,55,0.0005,0.7101994156837463,448305,448204,8024
10.919845581054688,18.68,0.73,0.030013084411621094,-0.4124944508075714,-9.707650950000001,25476,55,0.0005,0.5468196868896484,448389,448288,8025
10.202993392944336,18.73,0.74,0.03042340651154518,0.2716110944747925,-9.564053990000001,25480,55,0.0005,0.3460308611392975,448470,448369,8027
10.424132347106934,18.69,0.73,0.030748339369893074,0.14563824236392975,-9.7671447,25484,55,0.0005,1.1118738651275635,448540,448439,8028
11.369851112365723,18.62,0.72,0.03043976239860058,-0.49055957794189453,-9.951338909999999,25488,55,0.0005,0.5172290802001953,448606,448505,8029
10.684673309326172,18.69,0.73,0.030361894518136978,0.11661405861377716,-9.785483720000002,25492,55,0.0005,1.3241792917251587,448682,448581,8030
11.146272659301758,18.84,0.73,0.03119911625981331,-0.006462007761001587,-9.811264540000003,25496,55,0.0005,1.3842859268188477,448767,448666,8031
9.904497146606445,18.8,0.75,0.031337250024080276,-0.5633904933929443,-9.416923330000001,25500,55,0.0005,1.5805397033691406,448837,448736,8032
11.041027069091797,18.7,0.77,0.031215403228998184,0.9285783767700195,-9.00121717,25504,55,0.0005,0.6998177170753479,448911,448810,8033
11.21746826171875,18.74,0.76,0.031622689217329025,-0.4196470379829407,-9.19532254,25508,55,0.0005,0.8537284731864929,449003,448902,8035
11.63753890991211,18.7,0.76,0.03209686279296875,0.6070261001586914,-9.2267673,25512,55,0.0005,0.6103630065917969,449075,448974,8036
11.061790466308594,18.75,0.76,0.032605160027742386,0.12582610547542572,-9.248021640000001,25516,55,0.0005,0.9953634738922119,449152,449051,8037
11.389777183532715,18.66,0.75,0.032205674797296524,0.0016890466213226318,-9.39016066,25520,55,0.0005,1.7006111145019531,449224,449123,8038
9.538980484008789,18.56,0.75,0.03170660883188248,-0.18923982977867126,-9.363784200000001,25524,55,0.0005,0.6885477900505066,449296,449195,8039
10.098527908325195,18.43,0.75,0.030850490555167198,0.3690168261528015,-9.32748991,25528,55,0.0005,0.17189013957977295,449361,449260,8040
10.22891616821289,18.48,0.75,0.03073851764202118,-0.24389326572418213,-9.337922110000001,25532,55,0.0005,1.63116455078125,449438,449337,8042
10.759718894958496,18.53,0.75,0.030281629413366318,0.0594332218170166,-9.367388940000001,25536,55,0.0005,0.17664441466331482,449510,449409,8043
10.281508445739746,18.56,0.77,0.030025973916053772,-0.5858068466186523,-8.98919252,25540,55,0.0005,0.28496190905570984,449580,449479,8044
10.199703216552734,18.54,0.78,0.0299475509673357,-0.8525727987289429,-8.807049960000002,25544,55,0.0005,0.283866286277771,449652,449551,8045
10.770196914672852,18.59,0.78,0.02942008525133133,0.1591929942369461,-8.840531519999999,25548,55,0.0005,0.5537348985671997,449726,449625,8046
10.906946182250977,18.66,0.77,0.02939114347100258,0.16174596548080444,-9.033760829999999,25552,55,0.0005,0.5198676586151123,449799,449698,8047
9.47868537902832,18.82,0.75,0.030524957925081253,0.9523457288742065,-9.44709111,25556,55,0.0005,1.6016013622283936,449878,449777,8049
9.95259952545166,18.93,0.76,0.03128298372030258,-0.2561555504798889,-9.30665897,25560,55,0.0005,0.8668011426925659,449963,449862,8050
12.797357559204102,18.95,0.74,0.030869213864207268,-0.16566216945648193,-9.67441186,25564,55,0.0005,1.3674120903015137,450036,449935,8066
11.022904396057129,18.91,0.73,0.03126018866896629,1.1046183109283447,-9.840593219999999,25568,55,0.0005,0.8495175838470459,450113,450012,8068
9.52818489074707,18.75,0.74,0.0312659852206707,-0.49985355138778687,-9.62073689,25572,55,0.0005,0.6562312245368958,450180,450079,8069
11.552957534790039,18.65,0.73,0.03005116991698742,-1.100092887878418,-9.78527034,25576,55,0.0005,0.18405397236347198,450254,450153,8070
11.555731773376465,18.59,0.73,0.02910328097641468,0.21638765931129456,-9.743171879999998,25580,55,0.0005,1.7962807416915894,450329,450228,8071
11.460996627807617,18.61,0.75,0.029671045020222664,0.8125603795051575,-9.36049373,25584,55,0.0005,1.0003461837768555,450401,450300,8072
11.146116256713867,18.76,0.75,0.030895426869392395,-0.07369694113731384,-9.39841612,25588,55,0.0005,0.9451432228088379,450482,450381,8074
11.800277709960938,18.8,0.74,0.030874093994498253,-0.0949692577123642,-9.5787051,25592,55,0.0005,0.4564971923828125,450562,450461,8075
9.817697525024414,18.67,0.75,0.030387748032808304,-0.3412526845932007,-9.36366276,25596,55,0.0005,0.6760420203208923,450634,450533,8076
10.397943496704102,18.77,0.75,0.030096227303147316,-0.16557073593139648,-9.393879270000001,25600,55,0.0005,1.6365537643432617,450714,450613,8077
10.309335708618164,18.69,0.74,0.030253708362579346,0.22204262018203735,-9.58099657,25604,55,0.0005,0.3509594202041626,450780,450679,8078
9.808637619018555,18.54,0.76,0.0299967173486948,0.4672253429889679,-9.18037454,25608,55,0.0005,1.595386266708374,450857,450756,8080
10.274066925048828,18.59,0.77,0.030735455453395844,0.05494546890258789,-8.98215086,25612,55,0.0005,1.0721008777618408,450934,450833,8081
10.942627906799316,18.58,0.77,0.030788348987698555,0.061500757932662964,-8.978223009999999,25616,55,0.0005,0.3899301290512085,451010,450909,8082
10.298377990722656,18.63,0.78,0.030601827427744865,-0.10652029514312744,-8.82163471,25620,55,0.0005,0.4695349931716919,451087,450986,8083
10.774009704589844,18.75,0.77,0.030534466728568077,-0.27248746156692505,-9.02541456,25624,55,0.0005,1.135103464126587,451171,451070,8085
10.882879257202148,18.84,0.76,0.030704956501722336,0.15601004660129547,-9.2491402,25628,55,0.0005,0.2946077585220337,451245,451144,8086
9.46890640258789,18.81,0.74,0.03181459382176399,1.266589879989624,-9.62564196,25632,55,0.0005,1.939401388168335,451319,451218,8087
10.218076705932617,18.86,0.75,0.03342854976654053,-0.26665163040161133,-9.43522665,25636,55,0.0005,0.6635637283325195,451396,451295,8088
10.263547897338867,18.93,0.74,0.032662563025951385,0.2580465078353882,-9.63175389,25640,55,0.0005,1.011951208114624,451473,451372,8090
11.412967681884766,19.05,0.72,0.03160932660102844,0.1579684466123581,-10.0162796,25644,55,0.0005,0.6488386392593384,451557,451456,8091
10.888813018798828,19.05,0.71,0.03206430375576019,-0.43154066801071167,-10.154410599999999,25648,55,0.0005,0.5273118615150452,451631,451530,8092
11.49479866027832,19.1,0.71,0.031865477561950684,0.4636114537715912,-10.1601395,25652,55,0.0005,2.621894598007202,451709,451608,8093
10.167852401733398,18.98,0.72,0.03112996369600296,-0.31941547989845276,-9.955756749999999,25656,55,0.0005,0.9167505502700806,451776,451675,8094
12.26498031616211,18.93,0.71,0.03128109127283096,0.04915300011634827,-10.11264414,25660,55,0.0005,1.2097654342651367,451856,451755,8096
12.306495666503906,18.93,0.72,0.03128592297434807,-0.09700227528810501,-9.94820657,25664,55,0.0005,1.2394601106643677,451929,451828,8097
10.977883338928223,18.93,0.72,0.03116363286972046,-0.3317284882068634,-9.956560840000002,25668,55,0.0005,0.6681315898895264,452006,451905,8098
10.210623741149902,18.98,0.71,0.030647529289126396,-0.5889928936958313,-10.162972920000001,25672,55,0.0005,0.411746621131897,452078,451977,8099
10.786222457885742,19.0,0.72,0.030141783878207207,0.33711108565330505,-10.01000998,25676,55,0.0005,0.5703970789909363,452154,452053,8101
10.412199020385742,19.08,0.71,0.031131701543927193,1.5607831478118896,-10.215746860000001,25680,55,0.0005,1.4250402450561523,452237,452136,8102
9.668279647827148,19.22,0.69,0.03149024024605751,-0.6386728882789612,-10.613266840000001,25684,55,0.0005,0.6163011789321899,452323,452222,8103
10.221677780151367,19.05,0.7,0.0312650166451931,-0.5720608830451965,-10.367534719999998,25688,55,0.0005,1.7991033792495728,452387,452286,8104
10.401896476745605,18.96,0.72,0.03030603937804699,-0.32315462827682495,-9.98803407,25692,55,0.0005,1.554999828338623,452458,452357,8105
11.176560401916504,19.0,0.71,0.02967947907745838,0.030312322080135345,-10.19770395,25696,55,0.0005,1.61716890335083,452534,452433,8107
9.993999481201172,18.99,0.69,0.03042665868997574,0.39787426590919495,-10.5726126,25700,55,0.0005,2.4215970039367676,452613,452512,8108
10.179603576660156,19.12,0.68,0.030406976118683815,0.6111052632331848,-10.772611549999999,25704,55,0.0005,0.7820247411727905,452692,452591,8109
11.100637435913086,19.02,0.67,0.030979041010141373,-0.2552424669265747,-10.931749230000001,25708,55,0.0005,1.4118642807006836,452759,452658,8110
10.496236801147461,19.03,0.66,0.031813666224479675,1.0976046323776245,-11.10939526,25712,55,0.0005,0.3882277011871338,452837,452736,8112
9.85984992980957,19.05,0.67,0.03192109987139702,-0.35781294107437134,-10.93807541,25716,55,0.0005,0.4762609302997589,452915,452814,8113
10.865178108215332,19.01,0.64,0.03179038316011429,-0.7267714142799377,-11.496365349999998,25720,55,0.0005,0.1912996470928192,452988,452887,8114
9.579355239868164,18.87,0.65,0.031620483845472336,-0.6946219801902771,-11.284319750000002,25724,55,0.0005,0.7801438570022583,453058,452957,8115
12.394848823547363,18.91,0.65,0.031193388625979424,-0.6399722695350647,-11.28881591,25728,55,0.0005,1.0103302001953125,453136,453035,8116
10.237890243530273,18.92,0.68,0.03152618557214737,0.3923923373222351,-10.732366110000003,25732,55,0.0005,0.3501269519329071,453211,453110,8118
10.496025085449219,18.91,0.67,0.031298212707042694,0.2675316035747528,-10.88827605,25736,55,0.0005,1.684645652770996,453287,453186,8119
11.682332992553711,18.92,0.68,0.03156431019306183,0.5202070474624634,-10.721308889999998,25740,55,0.0005,0.8465778827667236,453365,453264,8120
10.098315238952637,18.88,0.71,0.03133825957775116,-0.14896661043167114,-10.16291442,25744,55,0.0005,1.5838899612426758,453445,453344,8121
10.810755729675293,18.89,0.72,0.03168339654803276,0.48351937532424927,-9.99379957,25748,55,0.0005,1.2447285652160645,453520,453419,8122
11.62984848022461,18.88,0.73,0.03132420405745506,-1.3174991607666016,-9.82753031,25752,55,0.0005,1.1214866638183594,453597,453496,8124
11.561833381652832,18.97,0.73,0.030646277591586113,-0.2773702144622803,-9.8297539,25756,55,0.0005,0.3030133545398712,453673,453572,8125
9.869417190551758,18.89,0.74,0.031156515702605247,0.07052470743656158,-9.644754720000002,25760,55,0.0005,1.0363454818725586,453745,453644,8126
10.716569900512695,18.85,0.75,0.03196166828274727,-0.3343397378921509,-9.43646388,25764,55,0.0005,0.636930525302887,453814,453713,8127
9.013169288635254,18.82,0.77,0.03262854367494583,0.6231303215026855,-9.05018559,25768,55,0.0005,0.26421964168548584,453888,453787,8128
11.82994556427002,18.99,0.76,0.033177755773067474,-0.5991090536117554,-9.266412299999999,25772,55,0.0005,1.0872223377227783,453977,453876,8130
13.091949462890625,18.92,0.75,0.03260697051882744,0.001291126012802124,-9.39843106,25776,55,0.0005,0.37533867359161377,454046,453945,8131
10.294509887695312,18.81,0.74,0.032498251646757126,0.04819688946008682,-9.54857474,25780,55,0.0005,0.5692199468612671,454118,454017,8132
12.432318687438965,18.65,0.74,0.03301425278186798,-0.3310571610927582,-9.51753274,25784,55,0.0005,3.0456557273864746,454188,454087,8133
11.218948364257812,18.67,0.73,0.03228635713458061,-1.300714135169983,-9.750852909999999,25788,55,0.0005,1.7354786396026611,454254,454153,8134
10.783624649047852,18.67,0.72,0.03131510317325592,-0.07043501734733582,-9.95099046,25792,55,0.0005,0.48026466369628906,454325,454224,8135
10.716554641723633,18.67,0.71,0.03201049566268921,-0.4990397095680237,-10.10051732,25796,55,0.0005,0.2602033019065857,454401,454300,8137
10.283437728881836,18.58,0.71,0.03203115612268448,-0.46395620703697205,-10.06101908,25800,55,0.0005,0.32524335384368896,454471,454370,8138
11.307552337646484,18.55,0.72,0.03218447044491768,0.732783317565918,-9.86281035,25804,55,0.0005,1.848729133605957,454547,454446,8140
11.272425651550293,18.57,0.72,0.03312858194112778,0.139506533741951,-9.87463056,25808,55,0.0005,0.660710334777832,454616,454515,8142
10.673715591430664,18.47,0.7,0.033103302121162415,-0.45486438274383545,-10.271031279999999,25812,55,0.0005,1.4260284900665283,454684,454583,8143
10.79513168334961,18.39,0.69,0.032896094024181366,0.03198954463005066,-10.4377165,25816,55,0.0005,0.7194314002990723,454754,454653,8145
10.156543731689453,18.39,0.71,0.033217448741197586,-0.2535836100578308,-10.060565720000001,25820,55,0.0005,0.39950257539749146,454827,454726,8147
10.535564422607422,18.5,0.7,0.032968223094940186,0.23956021666526794,-10.28957383,25824,55,0.0005,1.3775898218154907,454908,454807,8149
11.478702545166016,18.45,0.7,0.032394979149103165,-0.3182697892189026,-10.28559354,25828,55,0.0005,1.9846699237823486,454981,454880,8151
10.354137420654297,18.41,0.68,0.03283073380589485,-0.6601316928863525,-10.65670926,25832,55,0.0005,3.1446354389190674,455052,454951,8153
10.06024169921875,18.33,0.7,0.032687991857528687,-0.9357295632362366,-10.28551639,25836,55,0.0005,0.5492843389511108,455120,455019,8154
9.848337173461914,18.26,0.68,0.0317407064139843,0.5046814680099487,-10.639376109999999,25840,55,0.0005,0.38939279317855835,455191,455090,8156
10.035704612731934,18.11,0.67,0.030822450295090675,-1.2247424125671387,-10.790388439999997,25844,55,0.0005,0.33202797174453735,455256,455155,8158
9.605486869812012,18.18,0.66,0.02989005111157894,0.04325383901596069,-10.983600370000003,25848,55,0.0005,1.0694855451583862,455338,455237,8160
9.605339050292969,18.15,0.65,0.02899799682199955,-0.8927873373031616,-11.149238679999998,25852,55,0.0005,1.0253312587738037,455412,455311,8162
10.598278999328613,18.14,0.67,0.027781996876001358,-0.8490411043167114,-10.779049809999998,25856,55,0.0005,0.5546758770942688,455487,455386,8164
9.528409957885742,18.18,0.66,0.027431661263108253,0.3476463556289673,-10.974745910000001,25860,55,0.0005,0.9672566652297974,455563,455462,8166
10.233312606811523,18.23,0.65,0.026830114424228668,0.2264792025089264,-11.15187361,25864,55,0.0005,1.081702709197998,455637,455536,8167
10.788128852844238,18.36,0.63,0.026724202558398247,0.7386994957923889,-11.537355940000003,25868,55,0.0005,1.8235077857971191,455724,455623,8170
11.346073150634766,18.2,0.64,0.02753402292728424,1.5565621852874756,-11.307902799999999,25872,55,0.0005,0.5632920265197754,455797,455696,8172
10.92845344543457,18.14,0.64,0.028399724513292313,1.2341294288635254,-11.304744900000001,25876,55,0.0005,1.4251420497894287,455860,455759,8173
9.69038200378418,18.05,0.66,0.02885405905544758,-0.018739089369773865,-10.95362686,25880,55,0.0005,0.4503137469291687,455923,455822,8175
10.428349494934082,18.11,0.67,0.029037831351161003,0.23356305062770844,-10.78057022,25884,55,0.0005,1.8842380046844482,455999,455898,8177
11.402956008911133,18.1,0.68,0.02907404862344265,0.3613433539867401,-10.54443844,25888,55,0.0005,0.61931312084198,456064,455963,8178
9.561382293701172,18.21,0.67,0.02996307797729969,-0.26359546184539795,-10.72946827,25892,55,0.0005,0.2968314588069916,456146,456045,8180
12.235419273376465,18.14,0.68,0.029717538505792618,-0.6610240936279297,-10.56842412,25896,55,0.0005,1.0600730180740356,456215,456114,8182
10.688972473144531,18.25,0.68,0.03039666824042797,-0.04308733344078064,-10.610238339999999,25900,55,0.0005,0.7513110637664795,456296,456195,8184
9.510766983032227,18.22,0.67,0.030920077115297318,-0.008019298315048218,-10.804785880000003,25904,55,0.0005,0.324307918548584,456369,456268,8186
10.415971755981445,18.2,0.67,0.0309864804148674,0.8685553073883057,-10.796835130000002,25908,55,0.0005,0.5934036374092102,456436,456335,8188
11.122394561767578,18.29,0.68,0.031316958367824554,0.12033425271511078,-10.593193870000002,25912,55,0.0005,1.0334839820861816,456513,456412,8190
11.215605735778809,18.28,0.69,0.03181377425789833,0.38285619020462036,-10.395997349999998,25916,55,0.0005,0.4537540376186371,456582,456481,8191
10.79869556427002,18.21,0.7,0.03178883343935013,-0.2809332609176636,-10.180335849999999,25920,55,0.0005,0.7884383797645569,456648,456547,8193
11.61777114868164,18.05,0.71,0.030846085399389267,-0.3257354497909546,-9.93630185,25924,55,0.0005,1.5676748752593994,456713,456612,8195
9.939844131469727,18.02,0.71,0.03018554300069809,0.2445586770772934,-9.9137036,25928,55,0.0005,0.39019638299942017,456783,456682,8196
9.62851333618164,18.22,0.71,0.02961956150829792,-0.22402362525463104,-9.92564451,25932,55,0.0005,1.039044976234436,456874,456773,8199
10.333039283752441,18.24,0.71,0.029636304825544357,-0.4431080222129822,-9.93465281,25936,55,0.0005,0.23512613773345947,456944,456843,8200
11.185267448425293,18.24,0.72,0.029658950865268707,-0.6064189076423645,-9.738756109999999,25940,55,0.0005,0.5920082926750183,457015,456914,8202
9.581159591674805,18.27,0.72,0.029897108674049377,-0.5679515600204468,-9.75190442,25944,55,0.0005,0.738879919052124,457083,456982,8204
11.083099365234375,18.09,0.73,0.03012358583509922,-0.19041909277439117,-9.545172710000001,25948,55,0.0005,1.6024954319000244,457147,457046,8206
9.001611709594727,18.18,0.74,0.029495399445295334,-0.6674495339393616,-9.39653598,25952,55,0.0005,1.6672248840332031,457230,457129,8208
9.339688301086426,18.06,0.74,0.03017650544643402,1.0274291038513184,-9.366075180000001,25956,55,0.0005,1.5893933773040771,457293,457192,8209
10.904651641845703,18.07,0.74,0.031158290803432465,0.8993876576423645,-9.36560179,25960,55,0.0005,0.2961905896663666,457370,457269,8211
11.68574333190918,18.05,0.73,0.03178040310740471,0.06824928522109985,-9.560733329999998,25964,55,0.0005,0.7537412643432617,457442,457341,8213
10.19088363647461,17.97,0.73,0.03164523467421532,0.6629204750061035,-9.555327389999999,25968,55,0.0005,0.7776912450790405,457521,457420,8215
11.334291458129883,17.92,0.73,0.031185142695903778,0.1685381829738617,-9.5569646,25972,55,0.0005,0.7434137463569641,457589,457488,8217
10.512937545776367,17.99,0.73,0.03109525516629219,-0.2707960605621338,-9.60777647,25976,55,0.0005,0.4116314947605133,457659,457558,8219
9.755613327026367,18.1,0.73,0.03148499131202698,-0.3479180932044983,-9.59791925,25980,55,0.0005,0.7752994894981384,457733,457632,8221
12.449164390563965,18.08,0.73,0.031913094222545624,0.5374566316604614,-9.591634399999998,25984,55,0.0005,0.5927423238754272,457807,457706,8222
10.293479919433594,18.14,0.73,0.032278724014759064,0.16388480365276337,-9.625201069999997,25988,55,0.0005,1.4757035970687866,457878,457777,8224
10.635711669921875,18.02,0.74,0.03265241160988808,0.2905850112438202,-9.413267289999999,25992,55,0.0005,0.5134240388870239,457948,457847,8226
8.96420669555664,18.08,0.74,0.03203693777322769,-0.42605477571487427,-9.39974938,25996,55,0.0005,0.6582158803939819,458023,457922,8228
10.702622413635254,18.0,0.73,0.03195548802614212,0.28351494669914246,-9.562424879999998,26000,55,0.0005,2.4635796546936035,458096,457995,8230
11.514325141906738,18.04,0.72,0.031832948327064514,0.1877090036869049,-9.73418122,26004,55,0.0005,0.4494895935058594,458173,458072,8232
11.277217864990234,18.11,0.73,0.03105643391609192,-0.1778150200843811,-9.570494479999999,26008,55,0.0005,0.5280638337135315,458247,458146,8234
9.401320457458496,18.07,0.75,0.031866054981946945,0.11939269304275513,-9.1880259,26012,55,0.0005,0.3966388404369354,458320,458219,8235
9.58810043334961,18.12,0.74,0.03275337442755699,-0.027002990245819092,-9.405281440000001,26016,55,0.0005,0.3253679573535919,458394,458293,8237
12.040420532226562,18.26,0.73,0.032096829265356064,-0.33090439438819885,-9.619551190000001,26020,55,0.0005,0.3104913532733917,458474,458373,8239
10.19853401184082,18.35,0.71,0.032039765268564224,0.05936458706855774,-10.00843216,26024,55,0.0005,0.5163485407829285,458548,458447,8241
10.448890686035156,18.48,0.7,0.03148242458701134,-1.0269842147827148,-10.20630435,26028,55,0.0005,0.17000365257263184,458631,458530,8243
11.365545272827148,18.3,0.7,0.030748778954148293,0.9532356262207031,-10.20511172,26032,55,0.0005,1.3406184911727905,458704,458603,8245
9.119443893432617,18.3,0.69,0.03175785392522812,0.5510724782943726,-10.407956540000002,26036,55,0.0005,0.6415780782699585,458774,458673,8247
10.571063995361328,18.29,0.68,0.0318562313914299,0.031326472759246826,-10.6285087,26040,55,0.0005,0.35682299733161926,458844,458743,8249
10.207640647888184,18.22,0.68,0.03158307448029518,-0.23558783531188965,-10.626414540000003,26044,55,0.0005,0.9249824285507202,458905,458804,8250
10.111875534057617,18.25,0.68,0.030892008915543556,-0.6134791374206543,-10.63183113,26048,55,0.0005,0.9722129106521606,458972,458871,8252
11.339181900024414,18.16,0.68,0.030103595927357674,-0.7633026838302612,-10.604635020000003,26052,55,0.0005,0.30348002910614014,459046,458945,8254
11.269821166992188,18.18,0.66,0.029970645904541016,0.9919434189796448,-10.988704710000002,26056,55,0.0005,1.0729106664657593,459111,459010,8256
9.35524845123291,18.15,0.66,0.03035663068294525,-0.132553368806839,-10.97306089,26060,55,0.0005,1.2015957832336426,459185,459084,8257
11.589763641357422,18.08,0.67,0.03000427782535553,0.16245776414871216,-10.77529045,26064,55,0.0005,2.3871054649353027,459250,459149,8259
10.909971237182617,18.1,0.68,0.030971242114901543,0.9929389357566833,-10.58712031,26068,55,0.0005,0.5113173723220825,459331,459230,8261
10.016946792602539,18.12,0.67,0.031304169446229935,-0.49879127740859985,-10.774487979999998,26072,55,0.0005,1.3558034896850586,459401,459300,8263
11.586271286010742,18.19,0.69,0.0302613265812397,-0.13892537355422974,-10.40056347,26076,55,0.0005,0.5948566794395447,459478,459377,8265
9.719953536987305,18.18,0.69,0.029687583446502686,0.4161102771759033,-10.38250898,26080,55,0.0005,0.4859359860420227,459551,459450,8267
13.703678131103516,18.25,0.7,0.029182637110352516,0.0036712288856506348,-10.22088804,26084,55,0.0005,0.9359892010688782,459632,459531,8269
11.706365585327148,18.27,0.7,0.029626695439219475,0.03786724805831909,-10.217434279999997,26088,55,0.0005,0.6383931636810303,459705,459604,8270
9.455608367919922,18.32,0.69,0.02987080253660679,-0.3814159035682678,-10.447771889999999,26092,55,0.0005,0.4500278830528259,459780,459679,8272
10.109347343444824,18.29,0.7,0.02935141697525978,-0.9020788073539734,-10.263435750000001,26096,55,0.0005,0.26137775182724,459852,459751,8274
10.522298812866211,18.36,0.72,0.029018696397542953,0.2336084544658661,-9.896194610000002,26100,55,0.0005,0.38942742347717285,459932,459831,8276
10.408556938171387,18.25,0.75,0.02913726679980755,-0.4088859260082245,-9.314862049999999,26104,55,0.0005,0.35946595668792725,459998,459897,8278
11.134917259216309,18.31,0.74,0.028430094942450523,0.49898213148117065,-9.519960379999999,26108,55,0.0005,0.24363872408866882,460078,459977,8294
9.883544921875,18.42,0.74,0.028190523386001587,0.49811142683029175,-9.55321153,26112,55,0.0005,0.49384504556655884,460162,460061,8295
11.28953742980957,18.49,0.73,0.02901257947087288,0.16394834220409393,-9.70963917,26116,55,0.0005,0.6240673065185547,460243,460142,8296
10.331271171569824,18.46,0.73,0.029338480904698372,0.1554480791091919,-9.693787860000002,26120,55,0.0005,0.8355251550674438,460320,460219,8298
10.446924209594727,18.51,0.74,0.029457345604896545,0.08831676840782166,-9.507920390000002,26124,55,0.0005,0.5299146771430969,460399,460298,8299
11.88318920135498,18.34,0.75,0.029454508796334267,0.03964114189147949,-9.35319142,26128,55,0.0005,0.4043477773666382,460465,460364,8300
11.155401229858398,18.29,0.74,0.02878587506711483,-0.1448008120059967,-9.542794259999999,26132,55,0.0005,0.27485954761505127,460533,460432,8301
8.988118171691895,18.28,0.74,0.029083186760544777,0.9963418245315552,-9.526005459999999,26136,55,0.0005,1.100752353668213,460602,460501,8302
10.880302429199219,18.26,0.75,0.029646409675478935,0.7546310424804688,-9.30200822,26140,55,0.0005,2.64176082611084,460670,460569,8303
10.724696159362793,18.37,0.76,0.029664309695363045,0.7217583060264587,-9.11813485,26144,55,0.0005,2.8095474243164062,460742,460641,8304
9.617955207824707,18.36,0.77,0.02989775501191616,0.285876601934433,-8.92593888,26148,55,0.0005,0.23589099943637848,460808,460707,8305
11.060523986816406,18.35,0.76,0.02953997068107128,0.16031533479690552,-9.09111217,26152,55,0.0005,0.25735414028167725,460881,460780,8307
10.332551956176758,18.41,0.77,0.029261035844683647,-0.1387958824634552,-8.925379459999998,26156,55,0.0005,0.78863924741745,460952,460851,8308
10.747015953063965,18.32,0.77,0.02886802889406681,0.7271851301193237,-8.90550502,26160,55,0.0005,0.5699607133865356,461017,460916,8309
9.291742324829102,18.44,0.77,0.029598716646432877,-0.14308014512062073,-8.94126037,26164,55,0.0005,1.4811184406280518,461094,460993,8310
11.703350067138672,18.38,0.77,0.029636938124895096,-0.018970996141433716,-8.93260579,26168,55,0.0005,0.4030848741531372,461169,461068,8311
10.233413696289062,18.39,0.79,0.029955042526125908,0.09996902942657471,-8.564150399999997,26172,55,0.0005,0.38863301277160645,461240,461139,8312
9.888055801391602,18.44,0.78,0.030244015157222748,0.21917833387851715,-8.76514962,26176,55,0.0005,0.29369622468948364,461322,461221,8314
10.267364501953125,18.48,0.77,0.029793083667755127,-0.7942329049110413,-8.97407633,26180,55,0.0005,0.38329988718032837,461399,461298,8315
10.500722885131836,18.3,0.75,0.03004773147404194,1.1133356094360352,-9.32432858,26184,55,0.0005,1.6003657579421997,461462,461361,8316
10.034431457519531,18.25,0.74,0.03138513118028641,0.11019785702228546,-9.48425431,26188,55,0.0005,0.7438322305679321,461530,461429,8317
10.002815246582031,18.32,0.74,0.03120151162147522,-0.329654335975647,-9.45928072,26192,55,0.0005,0.3681076467037201,461612,461511,8318
10.57247543334961,18.35,0.72,0.030576281249523163,-0.08492594957351685,-9.847277400000001,26196,55,0.0005,1.6910268068313599,461687,461586,8319
10.73179817199707,18.3,0.72,0.030387118458747864,-0.33216914534568787,-9.83943807,26200,55,0.0005,0.5181219577789307,461762,461661,8321
10.769462585449219,18.4,0.71,0.02974407747387886,-0.5047990083694458,-10.046040130000002,26204,55,0.0005,0.7939115762710571,461838,461737,8322
11.230575561523438,18.32,0.71,0.028854424133896828,0.5189053416252136,-10.04055989,26208,55,0.0005,0.6259472370147705,461910,461809,8323
12.565282821655273,18.19,0.69,0.029356980696320534,0.7312048673629761,-10.40180204,26212,55,0.0005,1.747819423675537,461981,461880,8324
10.344900131225586,18.23,0.69,0.030588895082473755,0.3002639710903168,-10.457265549999999,26216,55,0.0005,1.0737972259521484,462066,461965,8325
9.26418685913086,18.22,0.69,0.030268874019384384,0.021402031183242798,-10.472894079999998,26220,55,0.0005,0.757379949092865,462142,462041,8327
10.586580276489258,18.18,0.7,0.030191171914339066,0.49143049120903015,-10.29668923,26224,55,0.0005,0.2260250747203827,462217,462116,8328
9.32929801940918,18.23,0.7,0.03073660470545292,0.24309200048446655,-10.253524359999998,26228,55,0.0005,1.13234281539917,462288,462187,8329
10.438823699951172,18.23,0.73,0.031397026032209396,0.6479939222335815,-9.664837460000001,26232,55,0.0005,0.40515750646591187,462356,462255,8330
10.688804626464844,18.33,0.72,0.03318940848112106,0.8754903078079224,-9.873460490000001,26236,55,0.0005,3.7904834747314453,462435,462334,8331
10.640676498413086,18.4,0.73,0.03375217318534851,-0.903503954410553,-9.710475390000001,26240,55,0.0005,1.8512489795684814,462510,462409,8332
9.756082534790039,18.52,0.72,0.032375551760196686,-0.018748842179775238,-9.916934600000001,26244,55,0.0005,2.5184483528137207,462594,462493,8334
11.418682098388672,18.59,0.71,0.032133784145116806,-0.2707902789115906,-10.120605420000002,26248,55,0.0005,0.4049495458602905,462667,462566,8335
10.176109313964844,18.64,0.7,0.031404998153448105,-0.1402258425951004,-10.365185930000003,26252,55,0.0005,0.7810426950454712,462745,462644,8336
11.500809669494629,18.69,0.7,0.03026372194290161,-0.21314385533332825,-10.36863077,26256,55,0.0005,0.548911452293396,462821,462720,8337
9.679368019104004,18.72,0.69,0.02985748089849949,0.5653426647186279,-10.5752857,26260,55,0.0005,0.8830559253692627,462889,462788,8338
9.955484390258789,18.66,0.69,0.030338052660226822,0.1781415045261383,-10.548214429999998,26264,55,0.0005,0.9701395034790039,462960,462859,8339
10.962201118469238,18.63,0.68,0.030452799052000046,0.511050283908844,-10.72714815,26268,55,0.0005,0.2389366626739502,463032,462931,8340
10.773268699645996,18.61,0.68,0.030258426442742348,0.47631707787513733,-10.723172989999998,26272,55,0.0005,0.3032577335834503,463101,463000,8342
11.327749252319336,18.51,0.69,0.03048635460436344,0.1051144003868103,-10.506568869999999,26276,55,0.0005,1.0492339134216309,463173,463072,8343
9.697053909301758,18.48,0.69,0.030821319669485092,0.21820113062858582,-10.5017172,26280,55,0.0005,0.4986637234687805,463247,463146,8344
10.633482933044434,18.63,0.69,0.03092273138463497,0.04900198429822922,-10.515345710000002,26284,55,0.0005,0.5299367904663086,463325,463224,8345
9.494308471679688,18.64,0.69,0.031022582203149796,0.8607929348945618,-10.537715680000002,26288,55,0.0005,0.4848298728466034,463394,463293,8346
9.174978256225586,18.59,0.71,0.031086692586541176,-0.04444494843482971,-10.1762629,26292,55,0.0005,0.6645336151123047,463471,463370,8347
10.366002082824707,18.65,0.72,0.031496185809373856,0.572234034538269,-10.02317777,26296,55,0.0005,1.0334601402282715,463552,463451,8349
10.147705078125,18.62,0.71,0.03164241835474968,0.7166159749031067,-10.199902409999998,26300,55,0.0005,1.2674906253814697,463624,463523,8350
9.363748550415039,18.54,0.72,0.032170623540878296,0.3497404456138611,-10.002426450000002,26304,55,0.0005,0.23611654341220856,463692,463591,8351
10.600274085998535,18.51,0.73,0.03308700770139694,0.921758770942688,-9.784600410000001,26308,55,0.0005,1.7386207580566406,463761,463660,8352
12.298450469970703,18.52,0.75,0.03353399038314819,0.09802108258008957,-9.388888320000001,26312,55,0.0005,0.5178603529930115,463833,463732,8353
10.14770793914795,18.37,0.76,0.03441352769732475,-0.331729918718338,-9.20581764,26316,55,0.0005,0.7530947327613831,463903,463802,8354
10.756052017211914,18.31,0.77,0.033683277666568756,-1.04557204246521,-9.007646560000001,26320,55,0.0005,1.464357614517212,463973,463872,8355
10.096002578735352,18.22,0.76,0.03310307115316391,-0.16484668850898743,-9.17679223,26324,55,0.0005,0.8071111440658569,464039,463938,8356
9.241374969482422,18.3,0.77,0.032079409807920456,-1.248946189880371,-9.01806509,26328,55,0.0005,0.27812692523002625,464118,464017,8357
10.628944396972656,18.33,0.77,0.03137536346912384,0.7910113334655762,-9.026126870000002,26332,55,0.0005,0.7468857765197754,464189,464088,8358
10.315237045288086,18.22,0.79,0.03202224522829056,-0.9034386277198792,-8.62379539,26336,55,0.0005,0.23181743919849396,464257,464156,8360
10.743209838867188,18.33,0.78,0.03140166029334068,-0.39639824628829956,-8.82909684,26340,55,0.0005,0.37814563512802124,464343,464242,8361
11.025690078735352,18.19,0.79,0.031127307564020157,-0.9529625773429871,-8.624707500000001,26344,55,0.0005,0.4543827772140503,464413,464312,8362
11.710229873657227,18.16,0.78,0.03039037063717842,-0.18645843863487244,-8.84158718,26348,55,0.0005,0.44119924306869507,464483,464382,8363
8.897624969482422,18.08,0.78,0.031916771084070206,0.965217649936676,-8.79367428,26352,55,0.0005,0.39137640595436096,464553,464452,8364
10.227540016174316,18.0,0.79,0.03207658231258392,0.038508810102939606,-8.58515715,26356,55,0.0005,0.7664769887924194,464621,464520,8365
10.64590835571289,18.13,0.79,0.03130233287811279,-0.7765299081802368,-8.60441814,26360,55,0.0005,1.303572654724121,464702,464601,8367
9.597383499145508,18.06,0.79,0.03019181825220585,-0.17515644431114197,-8.595165110000002,26364,55,0.0005,0.657630205154419,464766,464665,8368
10.241750717163086,17.99,0.79,0.029624251648783684,-0.5111756324768066,-8.61568244,26368,55,0.0005,0.2680075168609619,464831,464730,8369
10.095012664794922,18.02,0.76,0.029663894325494766,-0.09956513345241547,-9.182691469999998,26372,55,0.0005,0.8696171045303345,464903,464802,8370
10.653962135314941,18.07,0.76,0.029273612424731255,-0.012316517531871796,-9.19907369,26376,55,0.0005,0.30808159708976746,464980,464879,8371
11.161870956420898,18.0,0.77,0.029388725757598877,0.24343568086624146,-9.00750456,26380,55,0.0005,0.498396635055542,465047,464946,8372
9.676511764526367,17.93,0.78,0.030453059822320938,0.49177613854408264,-8.79527535,26384,55,0.0005,0.7898030281066895,465118,465017,8373
10.535124778747559,18.04,0.8,0.031015342101454735,0.18274956941604614,-8.44236589,26388,55,0.0005,1.4280496835708618,465198,465097,8374
11.227700233459473,17.91,0.78,0.0309209693223238,0.3940897583961487,-8.84508699,26392,55,0.0005,0.27021926641464233,465262,465161,8375
10.620580673217773,17.88,0.79,0.03177545592188835,-0.1231757402420044,-8.626801480000001,26396,55,0.0005,0.3736093044281006,465340,465239,8376
10.5424165725708,17.95,0.8,0.03164561092853546,-0.8600285053253174,-8.457283639999998,26400,55,0.0005,0.5340257883071899,465419,465318,8378
10.471634864807129,17.97,0.79,0.031142160296440125,0.37491998076438904,-8.63265118,26404,55,0.0005,1.3497432470321655,465489,465388,8379
9.737260818481445,17.99,0.77,0.030679848045110703,-0.15673375129699707,-8.987908019999999,26408,55,0.0005,0.5335986018180847,465560,465459,8380
9.973045349121094,18.04,0.75,0.03085777908563614,-0.25608325004577637,-9.36100424,26412,55,0.0005,0.3209873139858246,465637,465536,8381
10.433740615844727,17.97,0.75,0.030775191262364388,-0.3702835142612457,-9.29124116,26416,55,0.0005,0.4898163080215454,465700,465599,8382
10.698568344116211,17.94,0.73,0.030057774856686592,0.13044428825378418,-9.712869420000002,26420,55,0.0005,0.4955759048461914,465767,465666,8383
9.575628280639648,17.99,0.73,0.03067953512072563,0.7496520280838013,-9.702808359999999,26424,55,0.0005,1.4704241752624512,465838,465737,8384
10.360319137573242,18.01,0.72,0.03091965615749359,-0.2379777431488037,-9.88969193,26428,55,0.0005,0.22062906622886658,465919,465818,8385
10.757229804992676,18.01,0.7,0.03042445331811905,-0.0655452311038971,-10.25229372,26432,55,0.0005,0.6427181959152222,465990,465889,8386
9.876461029052734,18.13,0.69,0.030423514544963837,-0.13216467201709747,-10.467359090000002,26436,55,0.0005,0.9738864898681641,466070,465969,8388
10.159725189208984,17.97,0.69,0.031099088490009308,0.6085883378982544,-10.44313156,26440,55,0.0005,0.5524191856384277,466140,466039,8389
10.895687103271484,17.99,0.68,0.031725432723760605,0.29588577151298523,-10.61109412,26444,55,0.0005,0.5831480026245117,466212,466111,8390
10.7516450881958,18.0,0.68,0.03121507540345192,0.31673964858055115,-10.56573253,26448,55,0.0005,0.5602353811264038,466283,466182,8391
10.606765747070312,18.05,0.69,0.030517637729644775,-0.6469776034355164,-10.390325420000002,26452,55,0.0005,0.6757411956787109,466358,466257,8392
10.907967567443848,18.13,0.68,0.029964378103613853,-0.7764101028442383,-10.595270860000001,26456,55,0.0005,0.5825178027153015,466434,466333,8393
11.251869201660156,18.06,0.69,0.029260296374559402,-1.1235971450805664,-10.38185393,26460,55,0.0005,0.7728490829467773,466508,466407,8394
10.414043426513672,18.18,0.69,0.02944297343492508,-0.5966660976409912,-10.397785039999999,26464,55,0.0005,1.5753991603851318,466584,466483,8396
9.779901504516602,18.18,0.69,0.029652249068021774,-0.3949904143810272,-10.369959609999999,26468,55,0.0005,1.084776520729065,466649,466548,8397
9.213105201721191,18.2,0.72,0.03008284792304039,-0.07909893244504929,-9.814210099999999,26472,55,0.0005,0.49634599685668945,466723,466622,8398
11.072604179382324,18.17,0.71,0.030570201575756073,1.005811333656311,-9.994674580000002,26476,55,0.0005,0.9387770295143127,466797,466696,8399
9.073427200317383,18.19,0.72,0.032036326825618744,0.16060233116149902,-9.803825109999998,26480,55,0.0005,2.085365056991577,466866,466765,8400
12.72861099243164,18.24,0.73,0.03167898580431938,-0.5411386489868164,-9.641099239999999,26484,55,0.0005,0.5832517147064209,466942,466841,8401
10.600269317626953,18.12,0.71,0.03108595311641693,0.7391753792762756,-9.977987640000002,26488,55,0.0005,0.5745068192481995,467010,466909,8403
11.357061386108398,18.2,0.71,0.032452236860990524,-0.019808225333690643,-9.92491092,26492,55,0.0005,0.43350768089294434,467082,466981,8404
11.354808807373047,18.18,0.68,0.032848842442035675,0.014338642358779907,-10.44555009,26496,55,0.0005,0.7002767324447632,467158,467057,8405
9.787023544311523,18.08,0.68,0.03227733075618744,-0.5039194822311401,-10.46947103,26500,55,0.0005,0.5345678925514221,467227,467126,8406
10.267782211303711,18.11,0.69,0.03135203570127487,-0.80532306432724,-10.30459212,26504,55,0.0005,0.9405943751335144,467300,467199,8407
10.168031692504883,18.04,0.71,0.031305667012929916,0.20990654826164246,-9.933072130000001,26508,55,0.0005,0.7318359613418579,467364,467263,8408
11.235153198242188,18.01,0.7,0.03194800019264221,-0.5219632387161255,-10.12771655,26512,55,0.0005,1.8607513904571533,467438,467337,8409
11.046605110168457,18.13,0.71,0.03208031505346298,-0.1316121518611908,-9.96673849,26516,55,0.0005,0.6689098477363586,467513,467412,8411
10.829000473022461,18.13,0.73,0.03284210339188576,-0.16507220268249512,-9.538601419999999,26520,55,0.0005,0.3263694941997528,467580,467479,8412
10.069282531738281,18.07,0.72,0.03281520679593086,0.6167749762535095,-9.76586577,26524,55,0.0005,0.7691327929496765,467645,467544,8413
10.909314155578613,18.03,0.72,0.03258812427520752,0.7436966896057129,-9.77607274,26528,55,0.0005,1.6636056900024414,467722,467621,8414
11.568614959716797,18.03,0.72,0.03285688906908035,-0.4587556719779968,-9.76853159,26532,55,0.0005,2.384671688079834,467793,467692,8415
10.300722122192383,17.99,0.72,0.03249368816614151,-1.080084204673767,-9.742756739999999,26536,55,0.0005,0.2771298289299011,467869,467768,8416
9.522943496704102,17.98,0.72,0.03187323734164238,0.1347346007823944,-9.715001930000001,26540,55,0.0005,0.3307897448539734,467938,467837,8418
9.811592102050781,17.98,0.72,0.03112850897014141,-0.3409370183944702,-9.759224540000002,26544,55,0.0005,0.9468885660171509,468010,467909,8419
11.076292037963867,18.0,0.73,0.03078586794435978,0.2468235194683075,-9.61806743,26548,55,0.0005,0.2712588906288147,468083,467982,8420
10.889154434204102,17.88,0.73,0.03048476204276085,0.30194371938705444,-9.584137270000001,26552,55,0.0005,0.7475354671478271,468146,468045,8421
10.377370834350586,17.81,0.72,0.031138256192207336,-0.027695834636688232,-9.786134850000002,26556,55,0.0005,0.4544771611690521,468215,468114,8422
9.942174911499023,17.73,0.73,0.03187360614538193,0.44679513573646545,-9.59040688,26560,55,0.0005,0.6866285800933838,468281,468180,8423
10.82385540008545,17.8,0.73,0.03140828758478165,-0.3382088840007782,-9.62782543,26564,55,0.0005,0.5494741201400757,468364,468263,8424
12.096946716308594,17.85,0.74,0.03100695088505745,0.08596429228782654,-9.433737169999999,26568,55,0.0005,0.604080080986023,468434,468333,8426
11.844315528869629,17.88,0.73,0.03165169432759285,0.08973988890647888,-9.6199678,26572,55,0.0005,1.0848761796951294,468511,468410,8427
11.106962203979492,17.86,0.73,0.03115139901638031,-1.0053313970565796,-9.61593454,26576,55,0.0005,0.7313737869262695,468583,468482,8428
9.984071731567383,17.9,0.71,0.03049018420279026,0.17994554340839386,-9.99650307,26580,55,0.0005,0.9204953908920288,468656,468555,8429
11.928768157958984,17.96,0.68,0.030179038643836975,0.3559172749519348,-10.564584049999999,26584,55,0.0005,1.0932577848434448,468738,468637,8430
10.845118522644043,18.02,0.68,0.03094971738755703,2.121415138244629,-10.547777480000002,26588,55,0.0005,0.866399884223938,468812,468711,8432
11.267334938049316,17.98,0.7,0.03236134350299835,-0.19751191139221191,-10.17405645,26592,55,0.0005,0.5394152402877808,468880,468779,8433
9.889612197875977,18.0,0.72,0.0324273407459259,-0.12482021003961563,-9.843046269999999,26596,55,0.0005,0.197196364402771,468958,468857,8434
9.504349708557129,17.98,0.73,0.03231620043516159,0.01751852035522461,-9.609725650000001,26600,55,0.0005,0.41531121730804443,469025,468924,8435
10.89047622680664,18.06,0.72,0.03164968639612198,-0.39150702953338623,-9.80302638,26604,55,0.0005,0.8140701651573181,469106,469005,8436
11.335912704467773,18.19,0.7,0.032157134264707565,-0.11053466796875,-10.19738039,26608,55,0.0005,0.4588429033756256,469183,469082,8438
9.973393440246582,18.21,0.73,0.032371681183576584,-0.16007597744464874,-9.63607283,26612,55,0.0005,0.44316548109054565,469259,469158,8439
9.404449462890625,18.12,0.72,0.03239665552973747,-0.1597309410572052,-9.822245670000001,26616,55,0.0005,0.9877475500106812,469325,469224,8440
11.341775894165039,18.14,0.72,0.03230180963873863,0.3706049919128418,-9.830421489999999,26620,55,0.0005,0.8886095881462097,469394,469293,8441
12.037906646728516,18.18,0.71,0.03212560713291168,-0.20097997784614563,-10.00816934,26624,55,0.0005,1.1067014932632446,469463,469362,8442
10.427972793579102,18.18,0.71,0.03155559301376343,0.062339868396520615,-9.97765347,26628,55,0.0005,0.4720088243484497,469540,469439,8443
10.039969444274902,18.27,0.71,0.03178351745009422,0.8607809543609619,-9.99173408,26632,55,0.0005,2.361239194869995,469620,469519,8445
10.254687309265137,18.24,0.71,0.03200335428118706,1.224402904510498,-10.02794605,26636,55,0.0005,0.94663405418396,469693,469592,8446
11.42957878112793,18.28,0.72,0.03134538605809212,-0.4607607126235962,-9.865703360000001,26640,55,0.0005,2.075936794281006,469766,469665,8447
10.079211235046387,18.31,0.73,0.030239904299378395,-0.0017765313386917114,-9.65776407,26644,55,0.0005,0.5011160373687744,469841,469740,8448
10.304101943969727,18.34,0.72,0.030170045793056488,0.030672281980514526,-9.816919729999999,26648,55,0.0005,0.37716978788375854,469917,469816,8450
10.744307518005371,18.44,0.71,0.029770378023386,0.3377833366394043,-10.01380952,26652,55,0.0005,0.48770031332969666,469990,469889,8451
10.368329048156738,18.53,0.72,0.03000100702047348,-0.15469621121883392,-9.84195676,26656,55,0.0005,0.3913063406944275,470068,469967,8467
9.721551895141602,18.65,0.7,0.02953135035932064,-0.26323628425598145,-10.24731926,26660,55,0.0005,1.0214898586273193,470146,470045,8469
9.253185272216797,18.54,0.69,0.028610819950699806,-0.3635327219963074,-10.39676438,26664,55,0.0005,0.9907801151275635,470218,470117,8470
10.49164867401123,18.51,0.7,0.027934761717915535,-0.21020695567131042,-10.21353809,26668,55,0.0005,0.36669790744781494,470285,470184,8471
9.598174095153809,18.58,0.71,0.027415454387664795,0.08214794844388962,-10.05929983,26672,55,0.0005,0.41342800855636597,470369,470268,8472
10.020050048828125,18.57,0.71,0.027935227379202843,1.3037729263305664,-10.05147701,26676,55,0.0005,0.7777234315872192,470440,470339,8473
10.25938892364502,18.56,0.7,0.028792046010494232,0.3527824878692627,-10.23369742,26680,55,0.0005,0.6935158967971802,470512,470411,8475
10.444260597229004,18.5,0.72,0.029285946860909462,0.7671666145324707,-9.84518141,26684,55,0.0005,0.503957211971283,470588,470487,8476
10.191502571105957,18.46,0.73,0.029733484610915184,-0.03501585125923157,-9.69100391,26688,55,0.0005,1.2616108655929565,470658,470557,8477
9.726041793823242,18.47,0.72,0.029886944219470024,0.05266452580690384,-9.860464369999999,26692,55,0.0005,0.7168218493461609,470727,470626,8478
9.700481414794922,18.43,0.72,0.029803471639752388,0.04462409019470215,-9.849015739999999,26696,55,0.0005,2.986661672592163,470801,470700,8479
9.864144325256348,18.52,0.7,0.030315477401018143,0.7056592702865601,-10.22345485,26700,55,0.0005,0.5651933550834656,470877,470776,8480
10.526473999023438,18.37,0.71,0.030446307733654976,0.07734094560146332,-10.01201466,26704,55,0.0005,0.2913497984409332,470943,470842,8482
10.245016098022461,18.28,0.72,0.03015040047466755,0.5083582401275635,-9.815968269999999,26708,55,0.0005,0.695327877998352,471011,470910,8483
10.107842445373535,18.28,0.71,0.029601650312542915,0.44903746247291565,-10.04188121,26712,55,0.0005,0.6874122619628906,471087,470986,8484
9.421228408813477,18.32,0.71,0.02971111238002777,-0.30838727951049805,-10.05659174,26716,55,0.0005,0.5567283630371094,471157,471056,8485
10.269657135009766,18.36,0.71,0.029365891590714455,-0.7444272041320801,-10.06337397,26720,55,0.0005,2.1276183128356934,471230,471129,8486
9.372322082519531,18.36,0.72,0.02943648211658001,0.19787612557411194,-9.858215359999999,26724,55,0.0005,0.5857577919960022,471299,471198,8487
9.793975830078125,18.31,0.73,0.029306719079613686,-0.046167969703674316,-9.67375952,26728,55,0.0005,0.7075414657592773,471371,471270,8488
11.154704093933105,18.26,0.75,0.029206575825810432,0.3529510796070099,-9.31601128,26732,55,0.0005,0.47275081276893616,471446,471345,8490
11.331859588623047,18.22,0.74,0.02986978366971016,0.7679182291030884,-9.457560710000001,26736,55,0.0005,0.648409903049469,471515,471414,8491
10.818580627441406,18.25,0.71,0.030499396845698357,0.17779776453971863,-9.99053946,26740,55,0.0005,1.114741563796997,471591,471490,8492
10.874388694763184,18.21,0.7,0.030626069754362106,-0.045863449573516846,-10.179065399999999,26744,55,0.0005,0.614821195602417,471662,471561,8493
10.141761779785156,18.17,0.71,0.030783431604504585,-0.29483065009117126,-9.9894432,26748,55,0.0005,0.20541103184223175,471734,471633,8494
9.871755599975586,18.21,0.72,0.02995295822620392,-0.49456942081451416,-9.8304339,26752,55,0.0005,0.8307757377624512,471811,471710,8496
10.035945892333984,18.2,0.71,0.029887251555919647,-0.026452191174030304,-9.98066801,26756,55,0.0005,0.8574813008308411,471888,471787,8497
10.948136329650879,18.18,0.72,0.030069582164287567,-0.3665981590747833,-9.79414662,26760,55,0.0005,0.49570760130882263,471964,471863,8498
9.924013137817383,18.22,0.72,0.030171269550919533,0.7702286243438721,-9.79175021,26764,55,0.0005,0.5428234338760376,472040,471939,8499
10.510997772216797,18.34,0.71,0.030587350949645042,0.07801100611686707,-9.996862499999999,26768,55,0.0005,1.4317243099212646,472119,472018,8501
10.114540100097656,18.17,0.69,0.029910994693636894,-0.5410987734794617,-10.341151619999998,26772,55,0.0005,0.33568182587623596,472186,472085,8502
9.787138938903809,18.16,0.68,0.030230721458792686,0.00764136016368866,-10.521348979999997,26776,55,0.0005,1.4265108108520508,472256,472155,8503
12.579778671264648,18.19,0.71,0.030452514067292213,0.4580368399620056,-9.97987826,26780,55,0.0005,0.9954583048820496,472331,472230,8504
9.399816513061523,18.1,0.71,0.030856339260935783,0.32857751846313477,-9.98314037,26784,55,0.0005,0.597656786441803,472398,472297,8505
10.064264297485352,18.17,0.72,0.03151293098926544,0.4214308261871338,-9.80812954,26788,55,0.0005,0.5108700394630432,472475,472374,8506
9.941741943359375,18.32,0.72,0.03082563914358616,0.1708499640226364,-9.86956797,26792,55,0.0005,1.4822003841400146,472559,472458,8508
9.849739074707031,18.22,0.72,0.03019288368523121,-1.0635138750076294,-9.85282986,26796,55,0.0005,0.2963446378707886,472623,472522,8509
10.809087753295898,18.29,0.72,0.028744995594024658,0.45910030603408813,-9.89777149,26800,55,0.0005,1.1965891122817993,472706,472605,8510
12.523126602172852,18.45,0.71,0.029681041836738586,1.320188283920288,-10.12118067,26804,55,0.0005,2.3679070472717285,472788,472687,8511
12.687408447265625,18.55,0.7,0.030780456960201263,1.005725622177124,-10.307263899999999,26808,55,0.0005,1.3214309215545654,472866,472765,8512
11.571056365966797,18.59,0.68,0.030536772683262825,-0.4720456600189209,-10.6209835,26812,55,0.0005,1.001447081565857,472946,472845,8514
10.57968807220459,18.64,0.69,0.029413526877760887,-0.24226722121238708,-10.41928853,26816,55,0.0005,1.387542963027954,473021,472920,8515
10.445985794067383,18.69,0.67,0.028448436409235,-0.2321675717830658,-10.809059659999997,26820,55,0.0005,1.1552972793579102,473099,472998,8516
9.147287368774414,18.79,0.68,0.027891045436263084,0.41600552201271057,-10.627374699999997,26824,55,0.0005,1.558558702468872,473178,473077,8517
11.786003112792969,18.78,0.68,0.02806794084608555,0.2742066979408264,-10.629565150000003,26828,55,0.0005,0.5839233994483948,473249,473148,8518
10.254874229431152,18.8,0.67,0.028840063139796257,0.27656999230384827,-10.82071013,26832,55,0.0005,1.0782734155654907,473326,473225,8520
9.876256942749023,18.79,0.69,0.028860656544566154,-0.7764562368392944,-10.452870669999998,26836,55,0.0005,1.2593510150909424,473394,473293,8521
10.98013973236084,18.8,0.7,0.028807640075683594,0.02693924307823181,-10.269409940000001,26840,55,0.0005,1.6731972694396973,473471,473370,8522
9.79959487915039,18.83,0.69,0.02929615043103695,0.7223374843597412,-10.422044679999999,26844,55,0.0005,1.1225990056991577,473545,473444,8523
9.537120819091797,18.9,0.7,0.029768027365207672,-0.06699532270431519,-10.25071828,26848,55,0.0005,1.2242872714996338,473624,473523,8524
9.988761901855469,18.91,0.69,0.02942717634141445,-0.3928258419036865,-10.439158679999998,26852,55,0.0005,0.3434072732925415,473702,473601,8525
10.053204536437988,18.96,0.7,0.028448566794395447,-0.7331502437591553,-10.26781501,26856,55,0.0005,0.9884718656539917,473784,473683,8527
10.617314338684082,18.96,0.7,0.027847105637192726,-0.4099244475364685,-10.267045099999997,26860,55,0.0005,1.1376534700393677,473860,473759,8528
11.064634323120117,19.01,0.71,0.027414780110120773,-0.2875845730304718,-10.100661979999998,26864,55,0.0005,0.8707293272018433,473941,473840,8529
9.529255867004395,18.94,0.72,0.027329636737704277,-0.4101082682609558,-9.911720410000001,26868,55,0.0005,0.4475911557674408,474013,473912,8530
10.155506134033203,18.94,0.74,0.02819337137043476,0.4635857343673706,-9.515790280000001,26872,55,0.0005,1.8065001964569092,474080,473979,8531
11.626690864562988,18.94,0.74,0.028635168448090553,0.10584963858127594,-9.50115133,26876,55,0.0005,0.34964221715927124,474150,474049,8532
9.201047897338867,18.92,0.73,0.028772395104169846,0.34957730770111084,-9.67679725,26880,55,0.0005,1.9139554500579834,474223,474122,8534
11.524126052856445,19.05,0.73,0.029037002474069595,-0.843765914440155,-9.68189316,26884,55,0.0005,0.6632910370826721,474303,474202,8535
11.849031448364258,19.02,0.71,0.02753734402358532,-1.4336442947387695,-10.0427039,26888,55,0.0005,1.8875476121902466,474377,474276,8536
10.492259979248047,19.04,0.69,0.027775784954428673,0.5630104541778564,-10.411317480000001,26892,55,0.0005,1.7328441143035889,474463,474362,8537
10.309799194335938,19.19,0.67,0.028614366427063942,0.39848512411117554,-10.788554790000001,26896,55,0.0005,2.223874568939209,474542,474441,8539
10.638200759887695,19.1,0.67,0.028845394030213356,-0.48593294620513916,-10.753174249999999,26900,55,0.0005,0.9586946368217468,474616,474515,8540
10.189129829406738,19.04,0.66,0.028798596933484077,-0.23377780616283417,-10.919810179999999,26904,55,0.0005,0.20901566743850708,474692,474591,8541
10.734521865844727,19.03,0.67,0.028721408918499947,0.7436832189559937,-10.740602479999998,26908,55,0.0005,0.23996883630752563,474769,474668,8542
10.514501571655273,18.95,0.69,0.028903845697641373,-0.344957172870636,-10.37267763,26912,55,0.0005,0.43182629346847534,474841,474740,8543
11.700830459594727,18.94,0.69,0.028728865087032318,0.21637050807476044,-10.372192819999999,26916,55,0.0005,1.4695277214050293,474915,474814,8544
11.086695671081543,18.85,0.71,0.02904932014644146,0.5446252226829529,-9.97252686,26920,55,0.0005,2.6690330505371094,474984,474883,8546
10.801685333251953,18.84,0.71,0.029602384194731712,0.47657251358032227,-9.97939743,26924,55,0.0005,0.8676480650901794,475062,474961,8547
9.956174850463867,18.86,0.7,0.03078300692141056,0.2104497253894806,-10.158993959999998,26928,55,0.0005,2.562551498413086,475135,475034,8548
10.394070625305176,18.8,0.7,0.031024839729070663,-0.48854368925094604,-10.149172159999999,26932,55,0.0005,0.7670504450798035,475206,475105,8549
10.043261528015137,18.88,0.69,0.030467651784420013,-0.3705024719238281,-10.345685009999997,26936,55,0.0005,0.46767130494117737,475282,475181,8550
9.704544067382812,18.88,0.71,0.02977127768099308,0.04746890813112259,-10.01001742,26940,55,0.0005,0.5018044114112854,475359,475258,8551
9.043680191040039,18.91,0.73,0.029454313218593597,0.5706846714019775,-9.679607849999998,26944,55,0.0005,0.5709890127182007,475436,475335,8553
11.167264938354492,18.84,0.71,0.029472507536411285,0.48299577832221985,-10.04076046,26948,55,0.0005,0.552276074886322,475508,475407,8554
10.092569351196289,18.76,0.73,0.03010714240372181,0.7440159916877747,-9.648486239999999,26952,55,0.0005,1.19370436668396,475578,475477,8555
10.342352867126465,18.7,0.72,0.030932538211345673,-0.043364763259887695,-9.82244893,26956,55,0.0005,0.6581767797470093,475654,475553,8556
9.837045669555664,18.67,0.72,0.0303514301776886,-0.3043214678764343,-9.81826667,26960,55,0.0005,0.8324471712112427,475727,475626,8557
11.100748062133789,18.55,0.71,0.02979065477848053,0.18014058470726013,-9.96160746,26964,55,0.0005,0.5567598938941956,475796,475695,8558
9.8388671875,18.51,0.7,0.02985864132642746,-0.29352548718452454,-10.14466242,26968,55,0.0005,0.6744310855865479,475864,475763,8559
9.50691032409668,18.51,0.7,0.030020520091056824,0.10130724310874939,-10.149799109999998,26972,55,0.0005,0.4796217679977417,475931,475830,8560
8.756800651550293,18.51,0.71,0.030225468799471855,0.24053752422332764,-9.978332810000001,26976,55,0.0005,0.35336098074913025,476001,475900,8561
9.11693286895752,18.53,0.71,0.03054979257285595,-0.4675028324127197,-9.966718829999998,26980,55,0.0005,1.7049384117126465,476076,475975,8563
12.3452787399292,18.35,0.71,0.03137480840086937,0.19457250833511353,-9.96609875,26984,55,0.0005,0.7969081401824951,476138,476037,8564
11.174004554748535,18.44,0.72,0.03216342255473137,0.013202100992202759,-9.797177499999998,26988,55,0.0005,0.6542011499404907,476221,476120,8565
10.241912841796875,18.24,0.73,0.03291593864560127,0.0967378318309784,-9.54091048,26992,55,0.0005,1.2731127738952637,476287,476186,8566
11.101791381835938,18.13,0.76,0.03295346349477768,0.6431450843811035,-8.97174986,26996,55,0.0005,1.451832890510559,476355,476254,8567
10.313325881958008,18.13,0.76,0.03259377181529999,-0.4143293499946594,-8.957931550000001,27000,55,0.0005,0.916815459728241,476429,476328,8568
9.802741050720215,18.03,0.78,0.03256996348500252,0.5589279532432556,-8.56582543,27004,55,0.0005,1.0618318319320679,476495,476394,8569
10.069478034973145,18.03,0.78,0.03251184523105621,-0.41687682271003723,-8.59382791,27008,55,0.0005,0.6500526666641235,476572,476471,8570
9.658971786499023,18.05,0.77,0.03067953512072563,-0.9519528746604919,-8.777600099999999,27012,55,0.0005,0.9976857900619507,476646,476545,8572
10.393970489501953,18.09,0.77,0.02960115671157837,0.11000983417034149,-8.79366468,27016,55,0.0005,0.6481912136077881,476724,476623,8573
9.938722610473633,18.13,0.74,0.02957233414053917,-0.024999219924211502,-9.345768770000001,27020,55,0.0005,1.2874103784561157,476797,476696,8574
9.875768661499023,17.99,0.75,0.029355790466070175,-0.3250027894973755,-9.12757908,27024,55,0.0005,1.0410995483398438,476861,476760,8575
9.908830642700195,17.91,0.76,0.029165679588913918,0.5247592926025391,-8.924278410000001,27028,55,0.0005,1.3495664596557617,476926,476825,8576
9.979562759399414,17.93,0.74,0.029878808185458183,0.5342413187026978,-9.305445890000001,27032,55,0.0005,0.9126732349395752,476999,476898,8577
11.26756477355957,17.88,0.72,0.03017738275229931,-0.20349819958209991,-9.64311536,27036,55,0.0005,1.3288562297821045,477070,476969,8578
11.012714385986328,17.84,0.72,0.030538978055119514,0.8694884777069092,-9.628571800000001,27040,55,0.0005,1.1293483972549438,477143,477042,8579
11.659137725830078,17.85,0.7,0.03072431869804859,-0.18269005417823792,-9.985599769999999,27044,55,0.0005,1.1676218509674072,477221,477120,8580
10.470653533935547,17.84,0.71,0.031430602073669434,0.5819647908210754,-9.77657869,27048,55,0.0005,0.6454833745956421,477292,477191,8581
9.906084060668945,17.9,0.68,0.03165260702371597,-0.5051268935203552,-10.345792670000002,27052,55,0.0005,0.40471214056015015,477368,477267,8582
10.800411224365234,17.84,0.69,0.03059821017086506,-0.5982866287231445,-10.15626895,27056,55,0.0005,0.6492938995361328,477438,477337,8584
11.187719345092773,17.83,0.69,0.029928509145975113,-0.5059714317321777,-10.13301748,27060,55,0.0005,0.7441585063934326,477510,477409,8585
9.595009803771973,17.9,0.7,0.029844969511032104,0.6611768007278442,-9.97694776,27064,55,0.0005,1.1200973987579346,477586,477485,8586
10.4465970993042,17.99,0.68,0.029401522129774094,-0.4683454632759094,-10.366561139999998,27068,55,0.0005,0.9022870063781738,477663,477562,8587
10.913430213928223,18.04,0.67,0.02922758273780346,0.15763325989246368,-10.54089878,27072,55,0.0005,1.991331934928894,477735,477634,8588
10.282989501953125,18.04,0.67,0.029392866417765617,-0.06445253640413284,-10.52424897,27076,55,0.0005,0.38320204615592957,477805,477704,8589
11.473382949829102,17.99,0.68,0.029015950858592987,0.28269684314727783,-10.342350339999998,27080,55,0.0005,0.3109389543533325,477875,477774,8591
10.46141529083252,18.17,0.68,0.02841847948729992,-0.12688137590885162,-10.33749613,27084,55,0.0005,0.3830409646034241,477955,477854,8592
10.90756607055664,17.98,0.68,0.029234524816274643,1.145337462425232,-10.28841398,27088,55,0.0005,0.7356524467468262,478019,477918,8593
10.271097183227539,18.11,0.68,0.030206210911273956,-0.8827743530273438,-10.308862750000001,27092,55,0.0005,0.5395529270172119,478098,477997,8594
10.654644012451172,18.11,0.67,0.029620042070746422,0.37672242522239685,-10.476202739999996,27096,55,0.0005,0.354929119348526,478166,478065,8595
10.645394325256348,18.25,0.67,0.02860691025853157,-0.14246931672096252,-10.507783749999998,27100,55,0.0005,1.1581730842590332,478254,478153,8597
10.45180606842041,18.29,0.66,0.02814977429807186,-0.5778262615203857,-10.68003799,27104,55,0.0005,0.6601296663284302,478324,478223,8598
9.27044677734375,18.41,0.67,0.02781435288488865,-1.0774157047271729,-10.518187869999998,27108,55,0.0005,0.48827147483825684,478413,478312,8599
10.471465110778809,18.44,0.68,0.02752823382616043,-0.4290162920951843,-10.34772915,27112,55,0.0005,0.365570604801178,478490,478389,8600
10.188138008117676,18.45,0.67,0.02739056758582592,-0.09457545727491379,-10.517880150000002,27116,55,0.0005,0.17442068457603455,478569,478468,8602
9.872027397155762,18.57,0.7,0.027230216190218925,0.40423399209976196,-10.003352679999999,27120,55,0.0005,1.4016916751861572,478654,478553,8603
11.32587718963623,18.65,0.69,0.027102703228592873,0.592861533164978,-10.196959369999998,27124,55,0.0005,0.2873764932155609,478726,478625,8604
9.317584991455078,18.73,0.67,0.028220541775226593,-0.023326322436332703,-10.584881799999998,27128,55,0.0005,0.703040599822998,478799,478698,8605
10.610478401184082,18.78,0.67,0.027873655781149864,-0.3754042387008667,-10.566552599999998,27132,55,0.0005,0.6727259159088135,478877,478776,8607
9.881513595581055,18.79,0.68,0.02858724072575569,0.834062933921814,-10.398211510000001,27136,55,0.0005,1.036989450454712,478949,478848,8608
10.838101387023926,18.81,0.68,0.029567159712314606,0.6337869167327881,-10.405051680000001,27140,55,0.0005,0.4370449185371399,479024,478923,8609
9.572796821594238,18.75,0.7,0.029740437865257263,0.10103873908519745,-10.03769072,27144,55,0.0005,0.7491657733917236,479096,478995,8610
11.208381652832031,18.84,0.71,0.029671313241124153,-0.4052940309047699,-9.896903250000001,27148,55,0.0005,1.4822111129760742,479176,479075,8612
9.678000450134277,18.75,0.72,0.029262186959385872,0.6993432641029358,-9.682900179999999,27152,55,0.0005,1.2099695205688477,479243,479142,8613
9.554962158203125,18.74,0.73,0.02894057333469391,0.004358857870101929,-9.48827749,27156,55,0.0005,1.1107900142669678,479312,479211,8614
10.643060684204102,18.66,0.73,0.028114743530750275,-0.5687423944473267,-9.48574193,27160,55,0.0005,0.2771526873111725,479376,479275,8615
10.740289688110352,18.56,0.74,0.028259962797164917,0.21411046385765076,-9.2800181,27164,55,0.0005,1.0136995315551758,479442,479341,8616
9.940197944641113,18.62,0.76,0.029140524566173553,0.04523681849241257,-8.91412576,27168,55,0.0005,0.6836971044540405,479525,479424,8617
10.653371810913086,18.69,0.74,0.029212577268481255,-0.40113967657089233,-9.329106029999998,27172,55,0.0005,1.1475718021392822,479604,479503,8618
9.977476119995117,18.68,0.74,0.02863459289073944,-0.39636465907096863,-9.32759689,27176,55,0.0005,0.8932238221168518,479673,479572,8620
10.614818572998047,18.73,0.72,0.0284559465944767,-0.26271194219589233,-9.69332246,27180,55,0.0005,0.5792171359062195,479748,479647,8621
10.228363990783691,18.73,0.73,0.02843378856778145,0.09432544559240341,-9.521138850000002,27184,55,0.0005,2.457420825958252,479828,479727,8622
10.416051864624023,18.85,0.71,0.02914971299469471,-0.6114088296890259,-9.912725110000002,27188,55,0.0005,0.47804775834083557,479904,479803,8623
10.493606567382812,18.71,0.72,0.02893349528312683,-0.788912296295166,-9.730857400000001,27192,55,0.0005,1.6510612964630127,479969,479868,8624
10.141378402709961,18.74,0.72,0.028174657374620438,-0.060279905796051025,-9.75791483,27196,55,0.0005,0.806555986404419,480040,479939,8641
10.185327529907227,18.57,0.72,0.02781200408935547,-0.270889550447464,-9.730807360000002,27200,55,0.0005,0.43222731351852417,480111,480010,8642
9.713212966918945,18.57,0.73,0.026943886652588844,0.4999687969684601,-9.57445102,27204,55,0.0005,0.6958339810371399,480181,480080,8643
11.329121589660645,18.36,0.73,0.02695416659116745,1.0465444326400757,-9.52026025,27208,55,0.0005,0.7140036821365356,480249,480148,8644
9.896979331970215,18.38,0.73,0.028236594051122665,0.6100637316703796,-9.51988692,27212,55,0.0005,0.5983647108078003,480328,480227,8645
10.113025665283203,18.3,0.74,0.02944093756377697,-0.2980765402317047,-9.327544040000001,27216,55,0.0005,0.361425518989563,480399,480298,8646
9.920394897460938,18.2,0.73,0.02977410890161991,-0.35958006978034973,-9.497503550000001,27220,55,0.0005,0.742439329624176,480474,480373,8648
10.38969612121582,18.21,0.73,0.029480237513780594,-0.3151623010635376,-9.503970279999999,27224,55,0.0005,0.3253706991672516,480547,480446,8649
9.692924499511719,18.21,0.72,0.029081175103783607,0.29041817784309387,-9.67213196,27228,55,0.0005,1.1800546646118164,480620,480519,8650
12.825103759765625,18.21,0.75,0.029105432331562042,-0.044345974922180176,-9.136066300000001,27232,55,0.0005,1.5258557796478271,480698,480597,8651
10.02550220489502,18.22,0.75,0.029662324115633965,1.314726710319519,-9.12753393,27236,55,0.0005,0.34253525733947754,480771,480670,8652
9.700859069824219,18.24,0.75,0.030015617609024048,-0.6038964986801147,-9.1372549,27240,55,0.0005,0.40766823291778564,480848,480747,8654
11.331562042236328,18.23,0.75,0.029393726959824562,-0.4752739369869232,-9.129945249999999,27244,55,0.0005,0.24995139241218567,480919,480818,8655
9.532236099243164,18.25,0.73,0.029464103281497955,-0.3367522358894348,-9.501136840000001,27248,55,0.0005,1.3279063701629639,481001,480900,8656
9.847209930419922,18.26,0.74,0.029419586062431335,-0.10652920603752136,-9.316314610000001,27252,55,0.0005,1.1367820501327515,481069,480968,8657
9.702285766601562,18.31,0.73,0.029327891767024994,-0.3155227601528168,-9.51962064,27256,55,0.0005,0.8088924884796143,481143,481042,8658
10.548666000366211,18.39,0.74,0.028942015022039413,0.43589502573013306,-9.350809119999997,27260,55,0.0005,1.5426095724105835,481215,481114,8659
9.422812461853027,18.46,0.72,0.028739765286445618,-0.9136627316474915,-9.733638339999999,27264,55,0.0005,1.9109314680099487,481288,481187,8661
10.028724670410156,18.34,0.72,0.02882656268775463,-0.4008791148662567,-9.69272323,27268,55,0.0005,1.3090968132019043,481359,481258,8662
11.675376892089844,18.26,0.73,0.029224732890725136,0.28082191944122314,-9.47160957,27272,55,0.0005,1.7349754571914673,481430,481329,8663
11.466179847717285,18.35,0.72,0.029882263392210007,1.2599225044250488,-9.69225685,27276,55,0.0005,1.101888656616211,481508,481407,8664
9.747055053710938,18.35,0.73,0.030505752190947533,0.7763360738754272,-9.53641251,27280,55,0.0005,0.3309856057167053,481583,481482,8665
10.707853317260742,18.23,0.71,0.030844975262880325,0.9373953938484192,-9.92280974,27284,55,0.0005,1.3934756517410278,481651,481550,8667
10.212564468383789,18.19,0.73,0.03114020824432373,0.010139450430870056,-9.55068581,27288,55,0.0005,1.3947561979293823,481723,481622,8668
9.561639785766602,18.25,0.73,0.031053848564624786,-0.3077373504638672,-9.572825159999999,27292,55,0.0005,0.41829460859298706,481794,481693,8669
10.473451614379883,18.21,0.72,0.031036239117383957,0.14244994521141052,-9.755893509999998,27296,55,0.0005,0.7296745181083679,481861,481760,8670
9.638849258422852,18.14,0.73,0.03156733512878418,0.25264647603034973,-9.556951549999999,27300,55,0.0005,0.30565017461776733,481925,481824,8671
9.759946823120117,18.13,0.73,0.03161417320370674,-0.22188140451908112,-9.54821784,27304,55,0.0005,1.8038755655288696,481994,481893,8672
10.274930953979492,18.1,0.73,0.03144686669111252,0.33226078748703003,-9.537208649999998,27308,55,0.0005,0.37032750248908997,482059,481958,8673
12.033190727233887,18.05,0.73,0.031804490834474564,0.1203727275133133,-9.54225657,27312,55,0.0005,0.6196825504302979,482133,482032,8674
10.387967109680176,18.04,0.72,0.03174792602658272,-0.008416831493377686,-9.70856328,27316,55,0.0005,0.7597222328186035,482203,482102,8675
10.736574172973633,18.01,0.73,0.0309437345713377,-0.2087632566690445,-9.50737371,27320,55,0.0005,0.6792927980422974,482275,482174,8677
10.195046424865723,18.02,0.73,0.030850116163492203,0.466097891330719,-9.517960669999999,27324,55,0.0005,0.3318057060241699,482349,482248,8678
10.328157424926758,17.98,0.76,0.031094083562493324,-0.055949077010154724,-8.97140061,27328,55,0.0005,0.670238733291626,482418,482317,8679
10.598896980285645,18.03,0.76,0.03053419664502144,0.8815080523490906,-8.98342184,27332,55,0.0005,1.3710379600524902,482501,482400,8680
10.127730369567871,18.07,0.77,0.0297393761575222,-0.7237390875816345,-8.83376403,27336,55,0.0005,0.3970133662223816,482578,482477,8681
10.442145347595215,18.09,0.75,0.02918415516614914,0.3689890503883362,-9.1777286,27340,55,0.0005,1.8726725578308105,482657,482556,8683
9.144224166870117,18.08,0.74,0.029273882508277893,-0.20806916058063507,-9.360937759999999,27344,55,0.0005,2.342658281326294,482727,482626,8684
9.812310218811035,17.95,0.75,0.029006633907556534,-0.19000132381916046,-9.14919117,27348,55,0.0005,0.23826254904270172,482796,482695,8685
10.842716217041016,18.05,0.75,0.02851034142076969,0.34305283427238464,-9.188085690000001,27352,55,0.0005,0.2987779974937439,482874,482773,8686
9.961698532104492,17.95,0.75,0.02870558761060238,0.22225093841552734,-9.163231040000001,27356,55,0.0005,0.7633811831474304,482938,482837,8687
9.489080429077148,17.99,0.73,0.028561653569340706,-0.2923431396484375,-9.522598250000001,27360,55,0.0005,1.2787837982177734,483014,482913,8689
9.174063682556152,17.93,0.74,0.029149044305086136,0.8394167423248291,-9.337165160000001,27364,55,0.0005,0.3306402266025543,483081,482980,8690
11.035745620727539,17.91,0.73,0.02925071492791176,0.5871999859809875,-9.553238499999999,27368,55,0.0005,1.5596275329589844,483150,483049,8691
10.398802757263184,17.93,0.75,0.030281903222203255,0.2762492299079895,-9.20241119,27372,55,0.0005,1.5950088500976562,483223,483122,8692
11.965892791748047,17.84,0.75,0.030305925756692886,1.3402968645095825,-9.1705145,27376,55,0.0005,0.6744990348815918,483292,483191,8693
10.224495887756348,17.78,0.75,0.03075064904987812,0.5020630955696106,-9.1742612,27380,55,0.0005,0.19508326053619385,483361,483260,8694
9.239753723144531,17.87,0.75,0.03166334703564644,-0.21712642908096313,-9.124088999999998,27384,55,0.0005,0.8389830589294434,483438,483337,8695
9.263699531555176,17.83,0.75,0.031145084649324417,-1.0725711584091187,-9.107513209999999,27388,55,0.0005,0.18039000034332275,483506,483405,8696
10.376190185546875,17.85,0.73,0.03094138205051422,-0.012889832258224487,-9.452064159999999,27392,55,0.0005,1.266083836555481,483579,483478,8698
9.484811782836914,17.88,0.75,0.03074849396944046,-0.037330932915210724,-9.08573145,27396,55,0.0005,1.0486211776733398,483649,483548,8699
9.281965255737305,18.0,0.74,0.029555685818195343,0.5101142525672913,-9.28686638,27400,55,0.0005,1.1159870624542236,483725,483624,8700
10.434070587158203,18.03,0.74,0.028961917385458946,-0.2728589177131653,-9.29698859,27404,55,0.0005,0.6671192646026611,483797,483696,8701
10.961992263793945,18.18,0.73,0.029247421771287918,0.55199134349823,-9.51213905,27408,55,0.0005,0.23210062086582184,483877,483776,8702
9.553266525268555,18.2,0.74,0.029929613694548607,-1.4513781070709229,-9.32830691,27412,55,0.0005,0.20647798478603363,483953,483852,8704
9.91928482055664,18.3,0.75,0.029561098664999008,-1.314335823059082,-9.1863062,27416,55,0.0005,0.511340320110321,484033,483932,8705
13.229345321655273,18.36,0.74,0.02808009646832943,-1.219810962677002,-9.369141090000001,27420,55,0.0005,1.4267992973327637,484111,484010,8706
11.411273956298828,18.27,0.75,0.029238777235150337,1.93282151222229,-9.16247149,27424,55,0.0005,0.811867356300354,484176,484075,8707
12.291692733764648,18.24,0.74,0.031015682965517044,0.5796364545822144,-9.390568690000002,27428,55,0.0005,1.2024599313735962,484242,484141,8708
10.576339721679688,18.04,0.71,0.031122781336307526,-0.4020349383354187,-9.968563029999999,27432,55,0.0005,1.0739936828613281,484305,484204,8709
10.399532318115234,18.06,0.71,0.03162633255124092,0.5490723848342896,-9.96986839,27436,55,0.0005,1.1857330799102783,484384,484283,8711
11.247773170471191,18.01,0.71,0.031327132135629654,0.43053486943244934,-9.9709437,27440,55,0.0005,1.0992298126220703,484458,484357,8712
10.617212295532227,18.03,0.71,0.03160914406180382,-0.293125718832016,-9.962752739999999,27444,55,0.0005,0.4601043164730072,484530,484429,8713
9.689558029174805,18.14,0.71,0.032039739191532135,0.06848571449518204,-9.98208596,27448,55,0.0005,1.8499047756195068,484610,484509,8714
9.707763671875,18.25,0.7,0.0311310775578022,-0.18253260850906372,-10.17935773,27452,55,0.0005,1.4733450412750244,484699,484598,8716
10.215373039245605,18.26,0.71,0.030476579442620277,-0.06010669469833374,-9.98993693,27456,55,0.0005,0.5899912118911743,484764,484663,8717
10.13520336151123,18.2,0.73,0.02969992160797119,-0.21676993370056152,-9.620715060000002,27460,55,0.0005,0.2733221650123596,484834,484733,8718
9.651643753051758,18.18,0.72,0.029449986293911934,-0.45027363300323486,-9.804552099999999,27464,55,0.0005,1.3699324131011963,484899,484798,8719
10.52752685546875,18.32,0.73,0.028622567653656006,-0.5613850951194763,-9.632223869999999,27468,55,0.0005,0.4459327459335327,484982,484881,8720
9.701919555664062,18.35,0.72,0.028392614796757698,-0.627478301525116,-9.810884539999998,27472,55,0.0005,0.9596961140632629,485058,484957,8722
10.753952026367188,18.4,0.74,0.02825074829161167,-0.30270692706108093,-9.46707849,27476,55,0.0005,1.2651811838150024,485132,485031,8723
9.724126815795898,18.52,0.74,0.02815372869372368,-0.44037064909935,-9.480662070000001,27480,55,0.0005,1.3631508350372314,485213,485112,8724
10.793196678161621,18.49,0.75,0.028418980538845062,-0.40755292773246765,-9.31318463,27484,55,0.0005,0.26371055841445923,485287,485186,8725
9.473543167114258,18.54,0.75,0.02891143597662449,0.013170838356018066,-9.337950799999998,27488,55,0.0005,0.7143221497535706,485360,485259,8726
9.769163131713867,18.54,0.77,0.029552895575761795,-0.3815077543258667,-8.97739307,27492,55,0.0005,1.6072590351104736,485433,485332,8728
11.246733665466309,18.58,0.75,0.029571164399385452,-0.42035233974456787,-9.34780138,27496,55,0.0005,0.43867403268814087,485507,485406,8729
10.573064804077148,18.54,0.77,0.029954921454191208,1.166588306427002,-8.98676629,27500,55,0.0005,0.4193984866142273,485579,485478,8730
10.576262474060059,18.48,0.76,0.03143513575196266,0.5282553434371948,-9.1634157,27504,55,0.0005,1.91597580909729,485645,485544,8731
10.194828033447266,18.36,0.75,0.030749917030334473,-0.9633208513259888,-9.353160489999999,27508,55,0.0005,1.1992981433868408,485713,485612,8732
9.337763786315918,18.31,0.74,0.030314277857542038,-0.6758570671081543,-9.54468249,27512,55,0.0005,1.2383761405944824,485784,485683,8733
10.994771957397461,18.22,0.74,0.030017899349331856,-0.05696433410048485,-9.518341060000001,27516,55,0.0005,0.42971712350845337,485855,485754,8734
9.577277183532715,18.16,0.73,0.03023231402039528,0.5265771746635437,-9.704877060000003,27520,55,0.0005,0.5774563550949097,485927,485826,8736
10.442424774169922,18.2,0.72,0.030047278851270676,-0.9084352850914001,-9.910391160000001,27524,55,0.0005,0.3255856931209564,485996,485895,8737
9.661956787109375,18.2,0.73,0.029525965452194214,-0.03600829094648361,-9.66896673,27528,55,0.0005,0.9129875898361206,486062,485961,8738
10.421195983886719,18.32,0.75,0.029614169150590897,0.4750310182571411,-9.233417050000002,27532,55,0.0005,0.35825419425964355,486137,486036,8739
10.04461669921875,18.33,0.76,0.02947225421667099,0.39103779196739197,-9.06053404,27536,55,0.0005,1.3356859683990479,486217,486116,8740
10.82203483581543,18.33,0.77,0.029855743050575256,0.21133506298065186,-8.868922940000001,27540,55,0.0005,1.1063780784606934,486291,486190,8741
10.382719993591309,18.43,0.77,0.0289592444896698,-0.46094003319740295,-8.898935439999999,27544,55,0.0005,0.776997447013855,486373,486272,8743
9.56087875366211,18.45,0.76,0.02824147418141365,-0.7154160737991333,-9.075219379999998,27548,55,0.0005,0.9888290166854858,486455,486354,8744
9.402547836303711,18.34,0.77,0.027951136231422424,0.0565827339887619,-8.869174659999999,27552,55,0.0005,0.38641855120658875,486533,486432,8745
10.478507995605469,18.37,0.76,0.027842218056321144,0.8559495806694031,-9.097302599999999,27556,55,0.0005,2.1497373580932617,486601,486500,8746
9.906848907470703,18.41,0.74,0.028672687709331512,0.7918357849121094,-9.47497848,27560,55,0.0005,0.8387393355369568,486675,486574,8747
9.580909729003906,18.48,0.73,0.02898697927594185,-0.500477135181427,-9.63386734,27564,55,0.0005,1.790982961654663,486747,486646,8748
11.010443687438965,18.31,0.73,0.029104474931955338,0.16493776440620422,-9.581168430000002,27568,55,0.0005,1.1852518320083618,486813,486712,8749
9.649774551391602,18.24,0.74,0.029248183593153954,0.309544175863266,-9.38792857,27572,55,0.0005,0.9803175330162048,486882,486781,8750
10.171709060668945,18.2,0.74,0.029204806312918663,0.08625531941652298,-9.377966370000001,27576,55,0.0005,0.6549891829490662,486952,486851,8751
10.907715797424316,18.1,0.74,0.0286505538970232,-0.23676353693008423,-9.326336710000003,27580,55,0.0005,1.4700126647949219,487023,486922,8753
9.32915210723877,18.08,0.75,0.028332818299531937,-0.4968928098678589,-9.131826879999998,27584,55,0.0005,0.2831447422504425,487095,486994,8754
10.835600852966309,18.09,0.74,0.028558528050780296,0.11534157395362854,-9.29320469,27588,55,0.0005,1.204830527305603,487169,487068,8755
10.681648254394531,18.09,0.74,0.028828004375100136,-0.7959301471710205,-9.29325596,27592,55,0.0005,0.31695055961608887,487242,487141,8756
9.998726844787598,18.09,0.75,0.028485983610153198,-0.6246976852416992,-9.10549995,27596,55,0.0005,1.020044207572937,487316,487215,8757
11.523966789245605,18.14,0.74,0.027337852865457535,0.511667013168335,-9.29814053,27600,55,0.0005,0.3550640344619751,487393,487292,8758
11.32721996307373,18.23,0.75,0.027419526129961014,0.1842138171195984,-9.127814919999999,27604,55,0.0005,0.19319725036621094,487468,487367,8760
11.047569274902344,18.2,0.76,0.027571164071559906,-0.08669516444206238,-8.898535269999998,27608,55,0.0005,0.355295866727829,487533,487432,8761
10.657450675964355,18.22,0.77,0.02778247371315956,-0.20760144293308258,-8.693345079999999,27612,55,0.0005,0.325632780790329,487606,487505,8762
10.313156127929688,18.29,0.74,0.027364980429410934,0.3603435158729553,-9.25069061,27616,55,0.0005,0.28012096881866455,487684,487583,8763
10.584847450256348,18.26,0.75,0.027769334614276886,0.8184534311294556,-9.06008521,27620,55,0.0005,1.3565583229064941,487753,487652,8764
9.242932319641113,18.34,0.74,0.027747079730033875,0.17387312650680542,-9.2454848,27624,55,0.0005,0.8000160455703735,487830,487729,8765
9.328574180603027,18.36,0.73,0.027016013860702515,-0.5949514508247375,-9.44176673,27628,55,0.0005,1.3131449222564697,487898,487797,8766
10.045061111450195,18.29,0.72,0.026100151240825653,-0.32292503118515015,-9.625927789999999,27632,55,0.0005,0.8901788592338562,487966,487865,8768
9.772727966308594,18.16,0.72,0.025870367884635925,-0.10363086313009262,-9.5869049,27636,55,0.0005,1.0926148891448975,488033,487932,8769
10.765106201171875,18.15,0.72,0.02594861388206482,-0.22683846950531006,-9.60434722,27640,55,0.0005,0.9196239709854126,488106,488005,8770
9.62955379486084,18.09,0.72,0.02641202323138714,-0.17974638938903809,-9.58113606,27644,55,0.0005,0.42000412940979004,488182,488081,8771
9.983806610107422,17.95,0.74,0.02688550390303135,0.3920207619667053,-9.188336030000002,27648,55,0.0005,2.1771578788757324,488250,488149,8772
9.215299606323242,17.87,0.74,0.026819435879588127,-0.026717334985733032,-9.181119440000002,27652,55,0.0005,1.0232726335525513,488320,488219,8773
9.925121307373047,17.85,0.74,0.026440003886818886,0.45478975772857666,-9.14395382,27656,55,0.0005,0.5928510427474976,488386,488285,8774
10.706329345703125,17.86,0.74,0.026752233505249023,0.14835134148597717,-9.134438009999998,27660,55,0.0005,0.5625475645065308,488461,488360,8776
8.5574312210083,17.82,0.75,0.027373209595680237,0.4976373612880707,-8.97640229,27664,55,0.0005,0.5213024020195007,488529,488428,8777
9.5574951171875,17.91,0.74,0.028094278648495674,0.5978279709815979,-9.195809500000001,27668,55,0.0005,0.4714999198913574,488604,488503,8778
9.972103118896484,17.92,0.74,0.028164442628622055,0.21888579428195953,-9.193290129999998,27672,55,0.0005,2.222759485244751,488674,488573,8779
9.505436897277832,17.94,0.74,0.02882133424282074,-0.14916256070137024,-9.19265928,27676,55,0.0005,0.5582799911499023,488746,488645,8780
10.664962768554688,18.02,0.73,0.028549445793032646,-0.2080746591091156,-9.40422418,27680,55,0.0005,0.5129112005233765,488825,488724,8781
9.416196823120117,18.03,0.73,0.027938392013311386,-0.5075007677078247,-9.41319112,27684,55,0.0005,0.4243955612182617,488898,488797,8783
10.06550121307373,18.01,0.73,0.028079727664589882,0.139896959066391,-9.44376818,27688,55,0.0005,0.42194390296936035,488970,488869,8784
9.318132400512695,18.0,0.73,0.02803005650639534,0.11084237694740295,-9.43566545,27692,55,0.0005,1.1856740713119507,489042,488941,8785
9.75483512878418,17.91,0.74,0.027898672968149185,0.11271119117736816,-9.230315439999998,27696,55,0.0005,0.20821881294250488,489107,489006,8786
8.658286094665527,17.84,0.73,0.02760258875787258,-0.4238952100276947,-9.37482063,27700,55,0.0005,0.23099729418754578,489177,489076,8787
11.116394996643066,17.83,0.73,0.026877211406826973,0.4633515775203705,-9.37365695,27704,55,0.0005,1.6326992511749268,489251,489150,8788
9.125923156738281,17.83,0.72,0.02735750563442707,0.0682542622089386,-9.573933610000001,27708,55,0.0005,0.3439083695411682,489316,489215,8789
9.84840202331543,17.83,0.69,0.02674512006342411,-0.3344181776046753,-10.144715620000001,27712,55,0.0005,0.3364565968513489,489389,489288,8791
10.839214324951172,17.77,0.72,0.02593548223376274,-0.12047775089740753,-9.58992993,27716,55,0.0005,0.4519052505493164,489461,489360,8792
10.36672592163086,17.75,0.71,0.025434579700231552,-0.5384681820869446,-9.75733795,27720,55,0.0005,0.8662494421005249,489528,489427,8793
10.31860637664795,17.83,0.72,0.025565236806869507,-0.7297305464744568,-9.60471418,27724,55,0.0005,0.6511046886444092,489613,489512,8794
9.747492790222168,17.88,0.71,0.02578684501349926,0.6946609616279602,-9.79931778,27728,55,0.0005,0.30619633197784424,489686,489585,8795
9.753353118896484,18.01,0.71,0.02681300975382328,1.3033167123794556,-9.83694356,27732,55,0.0005,0.6990675926208496,489767,489666,8797
10.424195289611816,18.07,0.68,0.027434905990958214,0.6171665787696838,-10.417569259999999,27736,55,0.0005,0.33421552181243896,489840,489739,8798
10.08160400390625,18.01,0.68,0.02800406515598297,0.36363279819488525,-10.401122500000001,27740,55,0.0005,0.2844298779964447,489907,489806,8799
9.626569747924805,18.08,0.68,0.02749289944767952,0.6481353044509888,-10.42920104,27744,55,0.0005,0.20066101849079132,489990,489889,8800
9.731301307678223,18.08,0.68,0.028483545407652855,0.3273582458496094,-10.426726530000002,27748,55,0.0005,0.30727195739746094,490058,489957,8816
10.369192123413086,18.17,0.67,0.02930375002324581,0.0356108695268631,-10.598199630000002,27752,55,0.0005,0.6170765161514282,490137,490036,8817
9.751832008361816,18.14,0.68,0.02944394201040268,-0.12035411596298218,-10.406528529999997,27756,55,0.0005,1.3908607959747314,490200,490099,8818
8.972100257873535,18.18,0.69,0.028956564143300056,-0.4301972985267639,-10.225917270000002,27760,55,0.0005,0.41860103607177734,490279,490178,8819
9.127982139587402,18.22,0.7,0.027966655790805817,-0.014249593019485474,-10.04288344,27764,55,0.0005,0.1921594738960266,490351,490250,8821
10.592826843261719,18.14,0.7,0.02716025337576866,-0.41067737340927124,-10.020275779999999,27768,55,0.0005,0.6324694156646729,490418,490317,8822
9.71876335144043,18.2,0.69,0.02727562002837658,-0.19755809009075165,-10.208564059999999,27772,55,0.0005,0.7277352809906006,490494,490393,8823
10.131256103515625,18.21,0.67,0.027479972690343857,0.031467169523239136,-10.569914099999998,27776,55,0.0005,0.6325628757476807,490567,490466,8824
8.93912410736084,18.2,0.68,0.028123946860432625,0.49377867579460144,-10.38969332,27780,55,0.0005,2.232316732406616,490645,490544,8825
10.080183029174805,18.23,0.67,0.028230300173163414,-0.6200780868530273,-10.56893028,27784,55,0.0005,0.6174091696739197,490721,490620,8827
9.587239265441895,18.22,0.69,0.027932535856962204,-0.03706609457731247,-10.19209964,27788,55,0.0005,1.184173583984375,490792,490691,8828
8.539104461669922,18.19,0.69,0.028192665427923203,-0.07023800909519196,-10.18458679,27792,55,0.0005,0.4411780834197998,490861,490760,8829
10.052797317504883,18.2,0.67,0.028824472799897194,-0.9496283531188965,-10.56371703,27796,55,0.0005,0.6762063503265381,490927,490826,8830
9.432948112487793,18.26,0.67,0.028370002284646034,0.10095421969890594,-10.59686279,27800,55,0.0005,0.2052667737007141,491003,490902,8831
10.24571418762207,18.16,0.66,0.028483184054493904,1.270970344543457,-10.77461403,27804,55,0.0005,0.3489972949028015,491067,490966,8832
10.233311653137207,18.22,0.65,0.028988327831029892,0.18366970121860504,-10.959738159999999,27808,55,0.0005,1.9598418474197388,491138,491037,8833
10.625072479248047,18.12,0.68,0.029621094465255737,-0.3718699812889099,-10.360362079999998,27812,55,0.0005,0.5525860786437988,491201,491100,8834
9.242971420288086,18.21,0.67,0.02919156476855278,0.827013373374939,-10.56566725,27816,55,0.0005,0.32327455282211304,491282,491181,8836
8.481918334960938,18.32,0.67,0.029775260016322136,0.9016087055206299,-10.59236128,27820,55,0.0005,0.2985242009162903,491360,491259,8837
11.003793716430664,18.28,0.66,0.029187453910708427,-1.0099678039550781,-10.758853800000002,27824,55,0.0005,0.25663045048713684,491441,491340,8838
10.536076545715332,18.38,0.67,0.028375817462801933,-0.1362180858850479,-10.597339630000004,27828,55,0.0005,1.1916570663452148,491524,491423,8839
10.216790199279785,18.25,0.67,0.028290724381804466,0.5300463438034058,-10.560506819999999,27832,55,0.0005,0.6808865070343018,491592,491491,8841
8.873651504516602,18.18,0.69,0.02893972396850586,0.3786480724811554,-10.16702373,27836,55,0.0005,0.5037246346473694,491658,491557,8842
10.463545799255371,18.35,0.68,0.028789708390831947,-1.0549190044403076,-10.37798529,27840,55,0.0005,0.3438558578491211,491742,491641,8843
11.02109146118164,18.26,0.68,0.028591085225343704,0.3028738796710968,-10.34955446,27844,55,0.0005,0.932875394821167,491816,491715,8844
10.473320960998535,18.32,0.66,0.028830720111727715,0.518246054649353,-10.721507129999999,27848,55,0.0005,0.49987539649009705,491890,491789,8845
9.866515159606934,18.32,0.66,0.028305215761065483,0.33218345046043396,-10.714061109999998,27852,55,0.0005,0.41798409819602966,491969,491868,8847
9.73274040222168,18.44,0.65,0.028171682730317116,-0.12607869505882263,-10.9381719,27856,55,0.0005,0.3462662696838379,492044,491943,8848
9.020256996154785,18.33,0.66,0.02849809266626835,0.4015590250492096,-10.74756185,27860,55,0.0005,1.8592569828033447,492112,492011,8849
9.372713088989258,18.34,0.66,0.028739122673869133,0.49671322107315063,-10.737181929999998,27864,55,0.0005,0.2983093857765198,492185,492084,8850
11.214836120605469,18.37,0.68,0.02841450832784176,0.1122312843799591,-10.37628687,27868,55,0.0005,0.9510467648506165,492255,492154,8851
9.120580673217773,18.42,0.67,0.02830696292221546,-0.052344053983688354,-10.563000050000001,27872,55,0.0005,0.7153126001358032,492336,492235,8853
9.286030769348145,18.49,0.68,0.027403708547353745,0.2941645383834839,-10.40715805,27876,55,0.0005,0.4512821435928345,492416,492315,8854
10.74864673614502,18.41,0.69,0.026766108348965645,-0.2669711112976074,-10.20273366,27880,55,0.0005,0.3339248597621918,492486,492385,8855
10.703317642211914,18.39,0.67,0.026465799659490585,0.04219743609428406,-10.56253598,27884,55,0.0005,0.329422265291214,492560,492459,8856
10.628229141235352,18.31,0.67,0.026447374373674393,0.13684046268463135,-10.529453080000001,27888,55,0.0005,0.4850423336029053,492623,492522,8857
9.690223693847656,18.35,0.67,0.02702319622039795,0.8981020450592041,-10.589539089999999,27892,55,0.0005,0.555538535118103,492696,492595,8858
10.375823974609375,18.38,0.68,0.027552928775548935,0.13653069734573364,-10.410337770000002,27896,55,0.0005,0.2915675640106201,492765,492664,8859
10.220586776733398,18.38,0.67,0.028113583102822304,0.39267581701278687,-10.580947099999998,27900,55,0.0005,1.4443931579589844,492841,492740,8861
9.773908615112305,18.51,0.66,0.029413899406790733,0.20281970500946045,-10.779921,27904,55,0.0005,0.5635387897491455,492918,492817,8862
10.938352584838867,18.48,0.69,0.029435260221362114,-0.38840240240097046,-10.22487126,27908,55,0.0005,2.278165340423584,492986,492885,8863
10.236015319824219,18.57,0.68,0.03021896816790104,1.3623378276824951,-10.427869509999999,27912,55,0.0005,1.443993091583252,493058,492957,8864
8.936258316040039,18.52,0.67,0.03121519461274147,-0.2974475026130676,-10.597223429999996,27916,55,0.0005,1.50474214553833,493134,493033,8865
9.838632583618164,18.45,0.68,0.030664512887597084,0.03305867314338684,-10.411259089999998,27920,55,0.0005,0.5480761528015137,493205,493104,8867
9.87480354309082,18.41,0.7,0.02949352376163006,-0.8835904002189636,-10.03900051,27924,55,0.0005,1.5375092029571533,493282,493181,8868
10.591104507446289,18.37,0.7,0.029141796752810478,-0.19061049818992615,-10.022861049999998,27928,55,0.0005,3.072636604309082,493361,493260,8869
9.620342254638672,18.38,0.72,0.02961834892630577,0.9077897071838379,-9.6622607,27932,55,0.0005,0.5923374891281128,493430,493329,8870
10.515642166137695,18.39,0.72,0.029994485899806023,-0.1868061125278473,-9.680669810000001,27936,55,0.0005,1.0128849744796753,493497,493396,8871
9.269216537475586,18.28,0.74,0.02918044477701187,-0.8954277634620667,-9.30475723,27940,55,0.0005,0.26476046442985535,493570,493469,8872
9.245107650756836,18.29,0.74,0.02863318845629692,-0.3800102472305298,-9.320668109999998,27944,55,0.0005,0.713667631149292,493645,493544,8874
9.033567428588867,18.2,0.76,0.028138047084212303,-0.1237083375453949,-8.94472845,27948,55,0.0005,0.5534359216690063,493710,493609,8875
9.248270988464355,18.17,0.77,0.028101367875933647,-0.2898857295513153,-8.779198810000002,27952,55,0.0005,1.183135747909546,493786,493685,8876
9.860467910766602,18.09,0.78,0.028063436970114708,0.28344810009002686,-8.563786049999997,27956,55,0.0005,2.0633320808410645,493853,493752,8877
9.99954891204834,18.15,0.77,0.027820095419883728,-0.12214291095733643,-8.757911870000001,27960,55,0.0005,0.426080584526062,493927,493826,8878
10.091428756713867,18.11,0.76,0.028093600645661354,0.7460598945617676,-8.94667907,27964,55,0.0005,1.04445219039917,493996,493895,8879
9.91055679321289,18.21,0.75,0.028435830026865005,-0.4419126808643341,-9.15014477,27968,55,0.0005,0.2027747929096222,494076,493975,8881
10.116233825683594,18.08,0.76,0.028596019372344017,0.48024410009384155,-8.95740739,27972,55,0.0005,1.2522205114364624,494144,494043,8882
10.49131965637207,18.04,0.74,0.028479892760515213,0.3124827742576599,-9.29303335,27976,55,0.0005,0.7796350717544556,494220,494119,8883
10.35047721862793,18.06,0.74,0.028898948803544044,0.5035450458526611,-9.29871501,27980,55,0.0005,0.16470825672149658,494292,494191,8884
9.615026473999023,18.17,0.77,0.029337948188185692,1.2359124422073364,-8.79007396,27984,55,0.0005,0.23585397005081177,494377,494276,8885
10.500543594360352,18.28,0.77,0.029639018699526787,0.06410172581672668,-8.83292309,27988,55,0.0005,0.7345450520515442,494451,494350,8887
10.055228233337402,18.32,0.76,0.029934488236904144,-0.32247430086135864,-8.97212105,27992,55,0.0005,1.7038885354995728,494528,494427,8888
10.489307403564453,18.38,0.74,0.029655924066901207,0.5086862444877625,-9.352485459999999,27996,55,0.0005,0.9389864802360535,494603,494502,8889
10.035134315490723,18.33,0.75,0.030936652794480324,-0.26805201172828674,-9.177844890000001,28000,55,0.0005,0.33703845739364624,494674,494573,8890
9.477961540222168,18.3,0.76,0.030525969341397285,-0.12548275291919708,-8.9850786,28004,55,0.0005,0.8021821975708008,494748,494647,8891
9.099080085754395,18.37,0.75,0.030064592137932777,-1.0151021480560303,-9.187147900000001,28008,55,0.0005,1.0592904090881348,494823,494722,8893
10.326580047607422,18.37,0.74,0.029754027724266052,-0.7052860260009766,-9.36389967,28012,55,0.0005,0.7292101383209229,494895,494794,8894
10.353212356567383,18.3,0.75,0.029306789860129356,0.48515748977661133,-9.170342920000001,28016,55,0.0005,0.5475744605064392,494964,494863,8895
9.995875358581543,18.31,0.75,0.02937057614326477,-0.3380756974220276,-9.16922999,28020,55,0.0005,1.7233388423919678,495036,494935,8896
9.624581336975098,18.26,0.75,0.02907678112387657,-0.2562875747680664,-9.158672350000002,28024,55,0.0005,1.1163437366485596,495108,495007,8897
9.255500793457031,18.16,0.76,0.028497863560914993,-0.47862401604652405,-8.96017906,28028,55,0.0005,1.8428244590759277,495177,495076,8898
9.933436393737793,18.28,0.74,0.02792392112314701,-0.2885514497756958,-9.33930531,28032,55,0.0005,1.9273676872253418,495258,495157,8900
9.862849235534668,18.38,0.73,0.027474507689476013,0.007504314184188843,-9.528457379999999,28036,55,0.0005,0.3155277371406555,495335,495234,8901
9.49176025390625,18.39,0.71,0.027507441118359566,-0.07485943287611008,-9.86629045,28040,55,0.0005,0.7930316925048828,495409,495308,8902
10.180604934692383,18.41,0.71,0.027895672246813774,0.5885154008865356,-9.860021349999998,28044,55,0.0005,1.2626376152038574,495486,495385,8903
9.920942306518555,18.53,0.7,0.02778296358883381,0.47948476672172546,-10.079833949999998,28048,55,0.0005,0.5982553362846375,495563,495462,8905
10.581239700317383,18.51,0.69,0.02829134464263916,0.4536593556404114,-10.26364433,28052,55,0.0005,1.7261794805526733,495637,495536,8906
9.912843704223633,18.65,0.66,0.028171004727482796,-0.6442444324493408,-10.830313580000002,28056,55,0.0005,0.9133827686309814,495718,495617,8907
10.27525520324707,18.56,0.65,0.02849062718451023,-0.026414915919303894,-10.994971049999998,28060,55,0.0005,0.44664159417152405,495783,495682,8908
11.312236785888672,18.61,0.67,0.028754720464348793,-1.2527055740356445,-10.642193099999997,28064,55,0.0005,0.6099811792373657,495857,495756,8909
9.13134765625,18.55,0.68,0.028885701671242714,-0.023256242275238037,-10.450095730000001,28068,55,0.0005,0.6506354808807373,495931,495830,8911
10.301253318786621,18.62,0.69,0.028209790587425232,-0.5315352082252502,-10.28404061,28072,55,0.0005,1.1615443229675293,496006,495905,8912
10.858640670776367,18.49,0.72,0.027422618120908737,0.24173080921173096,-9.718437560000002,28076,55,0.0005,0.8438953161239624,496069,495968,8913
9.18271541595459,18.41,0.7,0.027821719646453857,0.6925233006477356,-10.05830597,28080,55,0.0005,0.973960280418396,496133,496032,8914
9.720775604248047,18.3,0.68,0.027766820043325424,-1.1506493091583252,-10.385148299999999,28084,55,0.0005,0.1514071673154831,496207,496106,8915
9.315784454345703,18.18,0.67,0.027370154857635498,0.36793673038482666,-10.53207665,28088,55,0.0005,0.8123161792755127,496269,496168,8916
11.425712585449219,18.05,0.67,0.027395576238632202,-0.34958794713020325,-10.543258450000003,28092,55,0.0005,0.7459495067596436,496333,496232,8917
9.093559265136719,18.12,0.7,0.02753276191651821,0.7255033850669861,-10.018296340000001,28096,55,0.0005,1.2386423349380493,496415,496314,8918
10.84359359741211,18.12,0.71,0.02831028401851654,-1.0041494369506836,-9.83752017,28100,55,0.0005,0.4165947139263153,496486,496385,8919
9.739948272705078,18.07,0.69,0.0279808659106493,0.8026988506317139,-10.2484088,28104,55,0.0005,0.250810831785202,496555,496454,8920
8.732620239257812,18.04,0.69,0.028231119737029076,-0.2679828703403473,-10.268156300000001,28108,55,0.0005,0.1748104691505432,496627,496526,8921
8.91065788269043,18.06,0.69,0.02757704257965088,-1.0082128047943115,-10.29492213,28112,55,0.0005,2.1329665184020996,496701,496600,8922
10.94187068939209,18.03,0.68,0.026777496561408043,-0.24733386933803558,-10.51289405,28116,55,0.0005,0.8150631189346313,496767,496666,8923
9.364372253417969,18.04,0.66,0.02697971649467945,0.4932001829147339,-10.87937161,28120,55,0.0005,2.1311099529266357,496840,496739,8924
8.504524230957031,18.12,0.64,0.027405476197600365,-0.47824758291244507,-11.254921539999998,28124,55,0.0005,0.7815845012664795,496920,496819,8926
10.876176834106445,18.06,0.63,0.026898665353655815,-0.5926820039749146,-11.420848540000001,28128,55,0.0005,1.0732706785202026,496983,496882,8927
9.876665115356445,17.99,0.65,0.02675042673945427,0.8609685897827148,-11.047005920000002,28132,55,0.0005,1.5663397312164307,497057,496956,8928
10.415094375610352,17.86,0.67,0.02705695852637291,0.06343980133533478,-10.64735655,28136,55,0.0005,0.3071029782295227,497121,497020,8929
10.971166610717773,17.83,0.68,0.02713470719754696,0.3039339780807495,-10.48136178,28140,55,0.0005,1.5998873710632324,497192,497091,8930
9.125679016113281,17.76,0.68,0.02724732831120491,0.4737897515296936,-10.473443940000003,28144,55,0.0005,0.32203391194343567,497262,497161,8931
9.275317192077637,17.75,0.68,0.026934970170259476,0.21523509919643402,-10.45667674,28148,55,0.0005,0.9967465400695801,497338,497237,8932
9.257108688354492,17.82,0.69,0.026934688910841942,-0.6850744485855103,-10.295323490000001,28152,55,0.0005,2.0557515621185303,497419,497318,8933
11.078581809997559,17.81,0.69,0.027097493410110474,-0.299207866191864,-10.32626179,28156,55,0.0005,0.2564718723297119,497499,497398,8934
9.056533813476562,17.81,0.69,0.028148828074336052,-0.015509188175201416,-10.367260880000002,28160,55,0.0005,0.5242427587509155,497564,497463,8935
9.443733215332031,17.74,0.68,0.02866305783390999,-0.5083966851234436,-10.527492029999998,28164,55,0.0005,0.45273536443710327,497631,497530,8936
11.420612335205078,17.66,0.68,0.02871846593916416,-0.2419176548719406,-10.506380110000002,28168,55,0.0005,0.35613375902175903,497697,497596,8937
9.014192581176758,17.6,0.65,0.028556397184729576,1.3666834831237793,-11.07243358,28172,55,0.0005,2.8914313316345215,497766,497665,8939
9.234102249145508,17.8,0.64,0.029782358556985855,0.19025582075119019,-11.31074288,28176,55,0.0005,0.4667292833328247,497849,497748,8940
10.049615859985352,17.81,0.64,0.029661737382411957,-0.3785640299320221,-11.300955069999997,28180,55,0.0005,0.30717572569847107,497914,497813,8941
9.169063568115234,17.81,0.63,0.02952098846435547,-0.4235900938510895,-11.518562530000002,28184,55,0.0005,0.25078529119491577,497988,497887,8942
9.25759506225586,17.85,0.62,0.029394470155239105,-0.02350223809480667,-11.704906369999998,28188,55,0.0005,0.7252103090286255,498054,497953,8943
9.771432876586914,17.84,0.63,0.02874891459941864,-1.0177879333496094,-11.481944139999998,28192,55,0.0005,2.0547990798950195,498117,498016,8944
9.946407318115234,17.8,0.62,0.02783304639160633,-0.3934451639652252,-11.65285756,28196,55,0.0005,0.9682388305664062,498195,498094,8945
9.017287254333496,17.85,0.63,0.027195697650313377,-0.08975794911384583,-11.480301860000003,28200,55,0.0005,1.0507357120513916,498271,498170,8947
9.353689193725586,17.84,0.63,0.027003251016139984,0.8377132415771484,-11.39881218,28204,55,0.0005,0.7251303791999817,498339,498238,8948
9.842676162719727,17.81,0.63,0.0282893069088459,0.5708041787147522,-11.39065916,28208,55,0.0005,0.8436274528503418,498408,498307,8949
9.014974594116211,17.87,0.65,0.028618112206459045,-0.049350038170814514,-11.033737549999996,28212,55,0.0005,1.4729974269866943,498488,498387,8950
9.865565299987793,17.96,0.66,0.027820255607366562,0.12799042463302612,-10.817597159999998,28216,55,0.0005,0.2927256226539612,498563,498462,8951
9.000367164611816,17.99,0.68,0.027371741831302643,-0.41479405760765076,-10.46283025,28220,55,0.0005,1.0761213302612305,498639,498538,8953
9.650065422058105,17.95,0.69,0.0268879272043705,0.17329353094100952,-10.27429619,28224,55,0.0005,0.9682011008262634,498715,498614,8954
9.820568084716797,18.14,0.67,0.027154775336384773,-0.38052359223365784,-10.673094099999998,28228,55,0.0005,0.8080465793609619,498797,498696,8955
10.873601913452148,18.18,0.65,0.026975227519869804,-0.7175652384757996,-11.044302069999999,28232,55,0.0005,0.4892236590385437,498875,498774,8956
8.63387393951416,18.3,0.64,0.02630099467933178,-0.21002830564975739,-11.25267004,28236,55,0.0005,0.6596370935440063,498951,498850,8958
10.024932861328125,18.23,0.64,0.026653563603758812,0.35931330919265747,-11.230014420000002,28240,55,0.0005,1.0908435583114624,499015,498914,8959
10.138615608215332,18.28,0.64,0.027139093726873398,0.048211321234703064,-11.240878420000001,28244,55,0.0005,0.47530174255371094,499090,498989,8960
9.678335189819336,18.26,0.62,0.027090271934866905,0.00808601826429367,-11.592625800000002,28248,55,0.0005,0.40286606550216675,499164,499063,8961
9.590354919433594,18.2,0.62,0.027011608704924583,-0.7961503267288208,-11.57951157,28252,55,0.0005,0.5588893890380859,499239,499138,8962
10.2501859664917,18.2,0.64,0.026895640417933464,0.04068268835544586,-11.188230899999999,28256,55,0.0005,0.3764544129371643,499319,499218,8964
10.156028747558594,18.3,0.65,0.026860786601901054,0.5136016607284546,-10.990178340000002,28260,55,0.0005,0.19064930081367493,499394,499293,8965
9.626758575439453,18.38,0.65,0.027179686352610588,-0.069904625415802,-11.000266809999998,28264,55,0.0005,1.661661148071289,499469,499368,8966
10.321178436279297,18.46,0.64,0.027160705998539925,1.3451716899871826,-11.19697819,28268,55,0.0005,0.6774039268493652,499543,499442,8967
9.954931259155273,18.57,0.66,0.027944698929786682,-0.8975763916969299,-10.825680890000001,28272,55,0.0005,0.48118725419044495,499623,499522,8969
10.767860412597656,18.4,0.66,0.027897363528609276,-0.8981381058692932,-10.776553709999998,28276,55,0.0005,0.4596443176269531,499689,499588,8970
10.018925666809082,18.5,0.67,0.0284320879727602,1.4294419288635254,-10.634380689999999,28280,55,0.0005,0.9318454265594482,499764,499663,8971
10.678874015808105,18.47,0.68,0.029487377032637596,-0.2117086797952652,-10.4208276,28284,55,0.0005,0.9437639713287354,499835,499734,8972
10.214502334594727,18.47,0.69,0.029149886220693588,-0.10152412950992584,-10.26243094,28288,55,0.0005,0.8734220862388611,499901,499800,8973
10.088897705078125,18.54,0.69,0.029233722016215324,-0.17573124170303345,-10.297901300000001,28292,55,0.0005,0.3810458481311798,499971,499870,8974
