train/ent_coef,rollout/ep_len_mean,train/actor_loss,time/episodes,train/n_updates,time/total_timesteps,train/ent_coef_loss,time/time_elapsed,train/learning_rate,rollout/success_rate,time/fps,rollout/ep_rew_mean,train/critic_loss
0.9389523863792419,57.75,-22.81005096435547,4,130,231,-0.1739324927330017,46,0.0005,0.0,5,-61.70616175000001,13.440560340881348
0.9105451107025146,39.125,-160.05801391601562,8,212,313,-0.09961532056331635,48,0.0005,0.0,6,-54.358366375,514.0908813476562
0.9022164940834045,30.25,-74.19817352294922,12,262,363,-0.20941181480884552,49,0.0005,0.0,7,-50.79028791666667,466.8616027832031
0.8111139535903931,37.25,-53.82207107543945,16,495,596,-0.4835624396800995,55,0.0005,0.0,10,-52.09438175,73.73485565185547
0.67942875623703,48.45,-27.932697296142578,20,868,969,-0.9407507181167603,64,0.0005,0.0,15,-55.00758525,8.37525749206543
0.4344528019428253,74.75,42.11135482788086,24,1693,1794,-2.597681999206543,84,0.0005,0.0,21,-65.21245420833334,0.5717927813529968
0.3878145217895508,71.03571428571429,33.59624481201172,28,1888,1989,-2.9991116523742676,89,0.0005,0.0,22,-63.18018671428571,0.6115952134132385
0.34710192680358887,68.40625,32.14392852783203,32,2088,2189,-3.287522315979004,94,0.0005,0.0,23,-62.789487718749996,0.8734807372093201
0.3284260034561157,63.666666666666664,33.83771514892578,36,2191,2292,-3.2710695266723633,97,0.0005,0.0,23,-61.21697899999999,0.719428300857544
0.3095354437828064,60.15,34.2972412109375,40,2305,2406,-3.5668997764587402,100,0.0005,0.0,23,-59.94812165,1.3362085819244385
0.28581616282463074,58.34090909090909,31.583229064941406,44,2466,2567,-3.4089202880859375,104,0.0005,0.0,24,-59.04351893181818,0.6709959506988525
0.2589928209781647,57.833333333333336,33.44841766357422,48,2675,2776,-3.5690016746520996,110,0.0005,0.0,25,-58.888564145833335,0.5136054158210754
0.24549661576747894,55.61538461538461,34.76428985595703,52,2791,2892,-3.840005874633789,114,0.0005,0.0,25,-58.069045557692306,0.3950565457344055
0.23302464187145233,53.642857142857146,36.36709213256836,56,2903,3004,-3.862295150756836,117,0.0005,0.0,25,-57.28520117857142,0.2322433888912201
0.21556442975997925,52.766666666666666,39.4213752746582,60,3065,3166,-4.299867630004883,121,0.0005,0.0,26,-56.82996738333333,0.7283111810684204
0.209199920296669,50.421875,38.73448944091797,64,3126,3227,-4.299810409545898,122,0.0005,0.0,26,-55.642349531250005,1.990667462348938
0.19736172258853912,49.19117647058823,38.434139251708984,68,3244,3345,-4.407352924346924,125,0.0005,0.0,26,-55.31658838235295,0.23446975648403168
0.18931925296783447,47.638888888888886,39.777244567871094,72,3329,3430,-4.397395610809326,128,0.0005,0.0,26,-54.59767523611111,0.5462290048599243
0.1799778789281845,46.51315789473684,39.19639587402344,76,3434,3535,-4.674131870269775,130,0.0005,0.0,27,-54.11151718421053,0.138433575630188
0.17156982421875,45.45,38.51124954223633,80,3535,3636,-4.267401695251465,133,0.0005,0.0,27,-53.551219025,0.16250863671302795
0.16654112935066223,44.04761904761905,38.28013229370117,84,3599,3700,-4.282445907592773,134,0.0005,0.0,27,-52.978814833333324,0.6071572303771973
0.16180908679962158,42.76136363636363,38.543357849121094,88,3662,3763,-4.268702030181885,136,0.0005,0.0,27,-52.23636461363637,0.2026366889476776
0.15728841722011566,41.58695652173913,37.13103485107422,92,3725,3826,-4.429629802703857,138,0.0005,0.0,27,-51.783813163043476,0.19686734676361084
0.15304817259311676,40.5,38.673927307128906,96,3787,3888,-4.441492080688477,139,0.0005,0.0,27,-51.31437859375001,0.4670591652393341
0.14835596084594727,39.57,37.27138137817383,100,3856,3957,-4.576836109161377,141,0.0005,0.0,27,-50.751755030000005,0.8439127802848816
0.14365264773368835,38.0,36.6544189453125,104,3930,4031,-4.254565238952637,143,0.0005,0.0,28,-49.95391434000001,0.15691803395748138
0.13970236480236053,37.83,36.55382537841797,108,3995,4096,-4.291372299194336,145,0.0005,0.0,28,-49.702144669999996,0.2973560690879822
0.13582003116607666,37.98,36.760799407958984,112,4060,4161,-4.3685455322265625,147,0.0005,0.0,28,-49.362754970000005,0.2792857885360718
0.13248544931411743,36.23,36.97544860839844,116,4118,4219,-4.613962173461914,148,0.0005,0.0,28,-48.718148170000006,0.29849517345428467
0.12926693260669708,33.08,37.35431671142578,120,4176,4277,-4.349645614624023,149,0.0005,0.0,28,-47.726984949999995,0.7294173240661621
0.12631168961524963,25.38,37.89454650878906,124,4231,4332,-4.54910135269165,151,0.0005,0.0,28,-44.76479392000001,0.16127879917621613
0.12340328842401505,24.01,36.951438903808594,128,4289,4390,-4.381417274475098,152,0.0005,0.0,28,-44.234288289999995,0.24682459235191345
0.12036539614200592,22.64,37.45920181274414,132,4352,4453,-4.699150562286377,154,0.0005,0.0,28,-43.51858776000001,1.4784479141235352
0.11733422428369522,22.24,35.47004699707031,136,4415,4516,-3.7850303649902344,155,0.0005,0.0,28,-43.00071813999999,0.1458122432231903
0.11457029730081558,21.68,36.38750457763672,140,4473,4574,-4.162720680236816,157,0.0005,0.0,29,-42.61791371,0.14338573813438416
0.11177551746368408,20.7,36.52066421508789,144,4536,4637,-4.025781631469727,158,0.0005,0.0,29,-42.063831670000006,0.3588786721229553
0.10929766297340393,19.17,36.36369323730469,148,4592,4693,-3.7328941822052,160,0.0005,0.0,29,-41.43121179,0.2856377959251404
0.10681550949811935,18.62,36.61124038696289,152,4653,4754,-3.8387503623962402,161,0.0005,0.0,29,-41.05523088999999,0.1465381681919098
0.1045341044664383,18.07,35.49512481689453,156,4710,4811,-3.7845020294189453,163,0.0005,0.0,29,-40.760476399999995,0.47827374935150146
0.10212986171245575,17.04,33.82282638549805,160,4769,4870,-3.2172882556915283,164,0.0005,0.0,29,-40.20637145,0.2706547975540161
0.09987588226795197,17.02,34.69636535644531,164,4828,4929,-3.1407060623168945,166,0.0005,0.0,29,-40.187970330000006,0.6972088813781738
0.0969913974404335,16.59,34.75409698486328,168,4903,5004,-0.35622918605804443,168,0.0005,0.0,29,-39.64719258,0.4536950886249542
0.09436282515525818,16.45,28.460844039916992,172,4974,5075,4.460522651672363,170,0.0005,0.0,29,-39.39242385000001,4.423946380615234
0.09282985329627991,16.18,37.096946716308594,176,5052,5153,-1.167027473449707,172,0.0005,0.0,29,-39.41475899,3.677170753479004
0.09136129170656204,15.98,31.517677307128906,180,5133,5234,-2.581437587738037,175,0.0005,0.0,29,-39.37039063,2.597043037414551
0.08852250128984451,16.09,38.82060241699219,184,5208,5309,-3.300034761428833,177,0.0005,0.0,29,-39.209775320000006,3.001126766204834
0.08734551072120667,16.12,36.024478912353516,188,5274,5375,-3.1141483783721924,179,0.0005,0.0,29,-39.16390273,0.5108087658882141
0.08548835664987564,16.16,35.33576965332031,192,5341,5442,-3.357447624206543,181,0.0005,0.0,30,-39.02240537000001,1.0293015241622925
0.0838513895869255,16.12,36.11013412475586,196,5399,5500,-3.293647527694702,182,0.0005,0.0,30,-38.939033720000005,0.219972163438797
0.08229082822799683,16.0,36.566688537597656,200,5456,5557,-3.2461235523223877,184,0.0005,0.0,30,-39.08321412,0.2106574922800064
0.08082792162895203,15.84,36.46000671386719,204,5514,5615,-3.3946433067321777,186,0.0005,0.0,30,-38.87019169,0.47152048349380493
0.07926114648580551,15.77,35.568946838378906,208,5572,5673,-2.8075520992279053,187,0.0005,0.0,30,-38.78099907000001,0.9849411249160767
0.07789487391710281,15.73,35.111732482910156,212,5633,5734,-2.8750624656677246,189,0.0005,0.0,30,-38.84785301,0.43787893652915955
0.07666444778442383,15.69,36.0762825012207,216,5687,5788,-3.3481109142303467,191,0.0005,0.0,30,-38.919121360000005,0.36923930048942566
0.075342558324337,15.65,36.17890167236328,220,5741,5842,-3.4180805683135986,192,0.0005,0.0,30,-38.830355759999996,0.5256978273391724
0.07395868003368378,15.68,35.3128776550293,224,5799,5900,-2.6526894569396973,194,0.0005,0.0,30,-38.49382866,0.7204726338386536
0.07258878648281097,15.68,35.2755126953125,228,5857,5958,-3.2426598072052,195,0.0005,0.0,30,-38.427491720000006,0.500174880027771
0.0712275579571724,15.62,35.632877349853516,232,5914,6015,-3.13208270072937,197,0.0005,0.0,30,-38.31034940000001,0.8928322792053223
0.06997475773096085,15.55,35.57752227783203,236,5970,6071,-2.838573455810547,199,0.0005,0.0,30,-38.44014962,0.19956940412521362
0.06866925954818726,15.53,35.95261001586914,240,6026,6127,-3.046652317047119,200,0.0005,0.0,30,-38.45884423999999,0.5909980535507202
0.06729582697153091,15.51,36.08573913574219,244,6087,6188,-2.892091751098633,202,0.0005,0.0,30,-38.39919158,0.31168630719184875
0.06625507771968842,15.47,35.25539779663086,248,6139,6240,-2.505228042602539,203,0.0005,0.0,30,-38.23977525,0.4443204402923584
0.06519050151109695,15.39,34.947837829589844,252,6192,6293,-1.9444501399993896,205,0.0005,0.0,30,-38.076618280000005,0.4637638330459595
0.0641147568821907,15.38,36.167144775390625,256,6248,6349,-2.443535327911377,206,0.0005,0.0,30,-37.97653507,0.24321195483207703
0.06317268311977386,15.34,35.52715301513672,260,6303,6404,-2.9925270080566406,208,0.0005,0.0,30,-38.08003873,0.268031507730484
0.06198498606681824,15.35,35.11833953857422,264,6363,6464,-1.5779669284820557,210,0.0005,0.0,30,-38.01969027,0.7844318747520447
0.06103077903389931,15.16,35.86735916137695,268,6419,6520,-2.5170681476593018,211,0.0005,0.0,30,-38.14733648000001,0.4994053244590759
0.060116756707429886,14.99,35.770957946777344,272,6473,6574,-2.1264984607696533,213,0.0005,0.0,30,-38.25444179,0.3019932508468628
0.05914856493473053,14.77,35.20587158203125,276,6529,6630,-1.9361690282821655,215,0.0005,0.0,30,-37.83458075,0.6317096948623657
0.05822952091693878,14.52,35.67988586425781,280,6585,6686,-1.662560224533081,216,0.0005,0.0,30,-37.621890519999994,0.46834149956703186
0.057446252554655075,14.29,35.345062255859375,284,6637,6738,-2.3442585468292236,218,0.0005,0.0,30,-37.69735885,0.4251624643802643
0.05653953552246094,14.18,35.23478698730469,288,6692,6793,-2.3071558475494385,219,0.0005,0.0,30,-37.694190660000004,0.7077802419662476
0.05566761642694473,14.04,35.758079528808594,292,6745,6846,-2.4434633255004883,221,0.0005,0.0,30,-37.64936865000001,0.6337485909461975
0.054845914244651794,14.01,34.960201263427734,296,6800,6901,-1.8697490692138672,222,0.0005,0.0,31,-37.82874944,0.3515772819519043
0.054023563861846924,13.96,35.29552459716797,300,6852,6953,-2.140010356903076,223,0.0005,0.0,31,-37.41521259,0.34188225865364075
0.05339406430721283,13.89,34.33333969116211,304,6903,7004,-1.5909265279769897,225,0.0005,0.0,31,-37.393173870000005,0.20228853821754456
0.052689358592033386,13.81,35.0404052734375,308,6953,7054,-1.457763433456421,226,0.0005,0.0,31,-37.273388659999995,0.37164461612701416
0.05207083001732826,13.72,34.96795654296875,312,7005,7106,-1.589521884918213,227,0.0005,0.0,31,-37.21664258,0.4169592559337616
0.05143433064222336,13.72,34.37297058105469,316,7059,7160,-0.6243105530738831,229,0.0005,0.0,31,-36.81522212,0.20061080157756805
0.05094851553440094,13.71,34.973777770996094,320,7112,7213,-1.64629328250885,230,0.0005,0.0,31,-36.59510717,0.24811863899230957
0.05044569447636604,13.67,34.308631896972656,324,7166,7267,-0.6748126745223999,232,0.0005,0.0,31,-36.768970169999996,0.3008803129196167
0.049932241439819336,13.67,34.924072265625,328,7224,7325,-1.4857122898101807,233,0.0005,0.0,31,-36.88652981,0.3361521363258362
0.049305785447359085,13.67,34.33898162841797,332,7281,7382,-1.2674286365509033,235,0.0005,0.0,31,-36.821339820000006,0.16974571347236633
0.04873519763350487,13.68,34.055747985839844,336,7338,7439,-1.2270705699920654,237,0.0005,0.01,31,-36.40523415,0.1648343801498413
0.04804037883877754,13.74,33.987152099609375,340,7400,7501,-0.9301260113716125,238,0.0005,0.02,31,-35.85771036,0.15181340277194977
0.04737752676010132,13.74,33.41688537597656,344,7461,7562,-1.5104122161865234,240,0.0005,0.02,31,-35.88841637,0.4408365786075592
0.04681646451354027,13.76,33.362525939941406,348,7515,7616,-1.6522388458251953,242,0.0005,0.02,31,-35.792884560000005,0.646236002445221
0.04601336643099785,13.87,33.01319885253906,352,7579,7680,-0.7231894731521606,243,0.0005,0.02,31,-35.80251309,0.26773667335510254
0.0452193021774292,13.97,33.16053771972656,356,7645,7746,-1.1917325258255005,245,0.0005,0.02,31,-35.602167019999996,1.6448628902435303
0.04430927708745003,14.06,32.91389465332031,360,7709,7810,-0.3936316668987274,246,0.0005,0.02,31,-35.37045422,0.30386823415756226
0.04372791573405266,13.97,31.72354507446289,364,7760,7861,-2.1849162578582764,248,0.0005,0.02,31,-35.39621879,0.19217517971992493
0.04312574118375778,13.95,32.96000671386719,368,7814,7915,-1.6035081148147583,249,0.0005,0.02,31,-35.28229707,1.3549633026123047
0.04258554056286812,13.94,32.70099639892578,372,7867,7968,-1.296752691268921,250,0.0005,0.02,31,-35.12627106,0.18861930072307587
0.04182330146431923,14.06,32.66777801513672,376,7935,8036,-0.5509939193725586,252,0.0005,0.02,31,-34.75082194,0.4459085166454315
0.041395239531993866,14.02,33.70220184326172,380,7987,8088,-0.7949949502944946,254,0.0005,0.02,31,-34.76632421,0.3050194978713989
0.04098723828792572,14.01,32.224647521972656,384,8038,8139,-1.4227211475372314,255,0.0005,0.02,31,-34.73090963,0.44433510303497314
0.0403769388794899,14.1,31.5484619140625,388,8102,8203,-1.5016400814056396,257,0.0005,0.02,31,-34.70645038,0.3962264657020569
0.03955202177166939,14.32,31.723983764648438,392,8177,8278,-1.154007911682129,259,0.0005,0.02,31,-34.619891200000005,0.5046600103378296
0.03887040168046951,14.46,31.90263557434082,396,8246,8347,-1.2088323831558228,261,0.0005,0.02,31,-34.42025314000001,0.6022940874099731
0.038411542773246765,14.49,33.687408447265625,400,8301,8402,-0.8737928867340088,262,0.0005,0.02,31,-34.584389810000005,0.7290187478065491
0.03804519400000572,14.54,33.49821090698242,404,8357,8458,-0.7833531498908997,264,0.0005,0.02,32,-34.60810015,0.7666558623313904
0.03773346543312073,14.75,32.254913330078125,408,8428,8529,-1.3712255954742432,266,0.0005,0.02,32,-34.5695419,0.41449815034866333
0.037409912794828415,14.83,32.90913391113281,412,8488,8589,0.10312289744615555,267,0.0005,0.02,32,-34.76277458,0.36516767740249634
0.037092920392751694,15.03,32.20612335205078,416,8562,8663,-1.1948039531707764,269,0.0005,0.02,32,-34.63965639999999,0.2776201367378235
0.036662451922893524,15.15,32.89828872680664,420,8627,8728,0.49242568016052246,271,0.0005,0.02,32,-34.742735249999996,0.3063198924064636
0.03652343526482582,15.23,31.324892044067383,424,8689,8790,-0.5039002299308777,273,0.0005,0.02,32,-34.623215290000005,0.14203524589538574
0.036375660449266434,15.29,31.197654724121094,428,8753,8854,-0.3883666694164276,274,0.0005,0.02,32,-34.222423570000004,0.41141676902770996
0.036241497844457626,15.25,31.168018341064453,432,8806,8907,-0.24641402065753937,276,0.0005,0.02,32,-34.2754585,0.11383968591690063
0.036113906651735306,15.23,32.85841751098633,436,8861,8962,-0.6174883246421814,277,0.0005,0.01,32,-34.52482,0.405629962682724
0.03581676259636879,15.26,32.23253631591797,440,8926,9027,-0.23500606417655945,278,0.0005,0.01,32,-34.59494484000001,0.45081302523612976
0.03545587509870529,15.21,31.770809173583984,444,8982,9083,-0.4344448447227478,280,0.0005,0.02,32,-34.452463619999996,0.2190861850976944
0.03511995077133179,15.21,31.40850830078125,448,9036,9137,0.8226274251937866,281,0.0005,0.02,32,-34.52636355,0.44104915857315063
0.03477175533771515,15.14,31.890853881835938,452,9093,9194,0.9974867105484009,283,0.0005,0.02,32,-34.74235616,0.43491315841674805
0.03454031050205231,15.11,31.500263214111328,456,9156,9257,-0.028358321636915207,284,0.0005,0.02,32,-34.81616925,0.14572829008102417
0.03442132845520973,15.09,31.883438110351562,460,9218,9319,0.13367554545402527,286,0.0005,0.03,32,-34.76349957,0.46088355779647827
0.034141506999731064,15.16,32.58714294433594,464,9276,9377,1.5758963823318481,287,0.0005,0.03,32,-34.797959569999996,0.575900673866272
0.03406383469700813,15.27,31.856311798095703,468,9341,9442,2.1976091861724854,289,0.0005,0.03,32,-34.7921587,1.290475845336914
0.03399069979786873,15.34,31.17300033569336,472,9401,9502,1.9327905178070068,291,0.0005,0.04,32,-34.32594102,0.29818958044052124
0.034107062965631485,15.62,32.74077224731445,476,9497,9598,0.27050071954727173,293,0.0005,0.04,32,-34.88047577,0.46749991178512573
0.033730506896972656,15.71,32.023197174072266,480,9558,9659,1.5638700723648071,295,0.0005,0.04,32,-34.713011130000005,0.1770639717578888
0.03347983583807945,15.83,31.699087142944336,484,9621,9722,2.160470962524414,297,0.0005,0.04,32,-34.68793596,0.7104625701904297
0.03344690799713135,15.75,31.493606567382812,488,9677,9778,0.09094469249248505,298,0.0005,0.05,32,-34.59621041,0.16927680373191833
0.033599428832530975,15.54,31.68520164489746,492,9731,9832,-0.7820081114768982,300,0.0005,0.06,32,-34.26194306,0.5079023838043213
0.03362076357007027,15.45,32.57232666015625,496,9791,9892,-0.32397177815437317,301,0.0005,0.06,32,-34.343045499999995,0.25645434856414795
0.03343753144145012,15.47,31.89399528503418,500,9848,9949,0.149166539311409,303,0.0005,0.06,32,-34.424088929999996,0.25912895798683167
0.03298043832182884,15.49,30.87213706970215,504,9906,10007,0.24176126718521118,318,0.0005,0.07,31,-34.126031929999996,0.393329381942749
0.03287556394934654,15.34,31.75757598876953,508,9962,10063,-1.3810293674468994,320,0.0005,0.09,31,-33.672537510000005,1.2114371061325073
0.03292286768555641,15.33,33.25820541381836,512,10021,10122,-0.5439007878303528,321,0.0005,0.09,31,-33.465494969999995,0.3446813225746155
0.033005017787218094,15.15,30.15679931640625,516,10077,10178,-0.055301278829574585,323,0.0005,0.1,31,-33.517417,0.37943241000175476
0.03298921510577202,15.07,30.70309829711914,520,10134,10235,-0.4408455193042755,324,0.0005,0.1,31,-33.52837261,1.0287995338439941
0.03313629329204559,15.12,30.19919204711914,524,10201,10302,-0.3578549325466156,326,0.0005,0.11,31,-33.170674639999994,0.4741850793361664
0.033158909529447556,15.05,31.595245361328125,528,10258,10359,-0.03489556908607483,328,0.0005,0.11,31,-33.438223609999994,0.719070553779602
0.032939787954092026,15.01,32.791107177734375,532,10307,10408,0.27404290437698364,329,0.0005,0.11,31,-33.52290762,0.7376716136932373
0.03285105153918266,15.04,32.4659538269043,536,10365,10466,1.0885034799575806,331,0.0005,0.13,31,-32.98867645999999,1.0282509326934814
0.03283640742301941,14.98,31.013349533081055,540,10424,10525,-0.7835850715637207,332,0.0005,0.13,31,-33.16436593,0.19754809141159058
0.0329270213842392,14.96,31.165056228637695,544,10478,10579,-0.04500007629394531,334,0.0005,0.12,31,-33.36603127,0.36466333270072937
0.03300883620977402,15.05,31.1856632232666,548,10541,10642,-0.7788225412368774,336,0.0005,0.12,31,-33.365188010000004,0.8398133516311646
0.03307994827628136,15.03,31.368053436279297,552,10596,10697,0.15109404921531677,337,0.0005,0.12,31,-33.11669705,0.4653693437576294
0.033337902277708054,14.98,31.737947463989258,556,10654,10755,-1.1095051765441895,339,0.0005,0.13,31,-32.86937501,0.31861284375190735
0.033359114080667496,14.89,30.601543426513672,560,10707,10808,0.36323392391204834,340,0.0005,0.13,31,-32.76901434,0.6152231693267822
0.03367286175489426,14.85,31.173444747924805,564,10761,10862,0.025588184595108032,342,0.0005,0.14,31,-32.54368333,0.3069835901260376
0.034173253923654556,14.87,31.42649269104004,568,10828,10929,-0.9646658897399902,343,0.0005,0.15,31,-32.25808645,0.4776948392391205
0.034177228808403015,14.89,31.10131072998047,572,10890,10991,1.0592275857925415,345,0.0005,0.16,31,-32.13256957,0.3212859630584717
0.03432328253984451,14.45,31.467571258544922,576,10942,11043,-0.9131119251251221,346,0.0005,0.16,31,-32.06636536,0.31615594029426575
0.03416275978088379,14.35,29.203798294067383,580,10993,11094,0.6727710366249084,348,0.0005,0.17,31,-32.12117127,1.052409291267395
0.03431853652000427,14.36,30.105722427368164,584,11057,11158,-0.15662387013435364,349,0.0005,0.2,31,-31.13902826,0.3596915900707245
0.03457706794142723,14.29,29.628267288208008,588,11106,11207,0.4715498387813568,351,0.0005,0.19,31,-31.46644544,1.3487403392791748
0.034778039902448654,14.26,31.407506942749023,592,11157,11258,-0.5469101667404175,352,0.0005,0.18,31,-31.78560818,0.27343788743019104
0.03480053320527077,14.53,30.94061279296875,596,11244,11345,-0.22677743434906006,354,0.0005,0.19,32,-31.34664953,0.26193392276763916
0.03509938344359398,14.8,28.379728317260742,600,11328,11429,-0.38834843039512634,356,0.0005,0.2,32,-31.118582129999997,0.4750347137451172
0.03509008139371872,14.92,28.450044631958008,604,11398,11499,-0.303494930267334,358,0.0005,0.2,32,-31.067474319999995,0.6211321949958801
0.03533880040049553,15.3,30.31528663635254,608,11492,11593,0.010162711143493652,360,0.0005,0.19,32,-31.446585329999998,1.4545519351959229
0.034813668578863144,15.76,33.036705017089844,612,11597,11698,0.3207373023033142,363,0.0005,0.19,32,-31.440428159999996,0.6971824765205383
0.034359343349933624,15.74,28.677734375,616,11651,11752,2.0794548988342285,365,0.0005,0.18,32,-31.90243424,2.929394245147705
0.03359473496675491,15.81,32.544166564941406,620,11715,11816,0.5626153945922852,367,0.0005,0.18,32,-32.044177059999996,2.328486204147339
0.03392047807574272,15.72,30.292949676513672,624,11773,11874,1.702022671699524,368,0.0005,0.18,32,-32.13836679999999,1.4257738590240479
0.03448799252510071,15.68,30.02031135559082,628,11826,11927,0.2342507541179657,370,0.0005,0.18,32,-32.09391606,0.8976142406463623
0.03462719917297363,15.77,30.03781509399414,632,11884,11985,0.011432915925979614,371,0.0005,0.18,32,-31.98975265,1.5233047008514404
0.034294866025447845,15.8,30.154861450195312,636,11945,12046,0.46465909481048584,373,0.0005,0.16,32,-32.582506329999994,0.3680601119995117
0.034143224358558655,15.76,29.066757202148438,640,12000,12101,0.663677453994751,374,0.0005,0.15,32,-32.76818308,0.45809394121170044
0.03392965346574783,15.99,30.176450729370117,644,12077,12178,-0.669798731803894,376,0.0005,0.15,32,-32.876790559999996,1.0866694450378418
0.033397454768419266,15.98,30.17717933654785,648,12139,12240,-0.20264902710914612,378,0.0005,0.15,32,-32.921472599999994,0.665897011756897
0.033290497958660126,16.2,29.63776397705078,652,12216,12317,0.31182801723480225,380,0.0005,0.15,32,-32.9159331,0.3683408498764038
0.03333297371864319,16.31,28.828384399414062,656,12285,12386,1.677454948425293,382,0.0005,0.14,32,-33.33865069,0.6146665811538696
0.033460114151239395,16.5,29.86043930053711,660,12357,12458,-0.5836130976676941,383,0.0005,0.15,32,-33.09225408,0.7824198007583618
0.03373650833964348,16.59,29.20892333984375,664,12420,12521,0.4791790246963501,385,0.0005,0.17,32,-32.412135830000004,0.9558975696563721
0.03403811529278755,16.49,30.016555786132812,668,12477,12578,-0.17335471510887146,386,0.0005,0.16,32,-32.63692925,0.5651522874832153
0.034108202904462814,16.42,29.856983184814453,672,12532,12633,0.17166933417320251,388,0.0005,0.14,32,-33.257125269999996,0.7037770748138428
0.034138552844524384,16.57,30.086984634399414,676,12599,12700,1.1076276302337646,390,0.0005,0.14,32,-33.06961184,1.3072209358215332
0.034503016620874405,16.79,28.844085693359375,680,12672,12773,0.5161464810371399,392,0.0005,0.14,32,-32.98726834000001,1.1475319862365723
0.03492230549454689,16.79,29.472841262817383,684,12736,12837,0.2387976050376892,393,0.0005,0.13,32,-33.179667810000005,1.17571222782135
0.03477759286761284,17.13,29.462265014648438,688,12819,12920,0.02522890269756317,395,0.0005,0.15,32,-32.377593899999994,1.120761513710022
0.03491688519716263,17.45,30.101198196411133,692,12902,13003,2.1242735385894775,397,0.0005,0.15,32,-32.34215315000001,0.7206065654754639
0.03509782999753952,17.25,28.701183319091797,696,12969,13070,-0.9171755909919739,399,0.0005,0.15,32,-32.26403715000001,1.2136144638061523
0.03516412526369095,16.93,28.96052360534668,700,13021,13122,-0.3781631290912628,400,0.0005,0.14,32,-32.48227565,0.9790118336677551
0.03535384684801102,16.78,30.267990112304688,704,13076,13177,1.062983512878418,402,0.0005,0.13,32,-32.970832200000004,0.6067165732383728
0.03535740450024605,16.42,31.929737091064453,708,13134,13235,-0.46504396200180054,403,0.0005,0.14,32,-32.491538139999996,1.6752920150756836
0.03532762452960014,15.99,34.6296501159668,712,13196,13297,-2.107285737991333,405,0.0005,0.16,32,-31.829584650000005,2.0803070068359375
0.035449832677841187,15.99,30.042850494384766,716,13250,13351,-0.8127479553222656,406,0.0005,0.16,32,-31.614384450000003,1.7592313289642334
0.03526182100176811,15.91,29.84225845336914,720,13306,13407,1.6997895240783691,408,0.0005,0.17,32,-31.029603070000004,1.5857737064361572
0.033574726432561874,16.04,28.409164428710938,724,13377,13478,-0.32303303480148315,409,0.0005,0.17,32,-30.968754790000002,1.7074837684631348
0.03268323838710785,16.07,30.116859436035156,728,13433,13534,-0.3219115734100342,411,0.0005,0.17,32,-31.263197260000005,0.5189288258552551
0.03266521915793419,16.09,28.427413940429688,732,13493,13594,0.45742788910865784,412,0.0005,0.19,32,-30.597793349999996,1.1201560497283936
0.03261220455169678,16.04,29.470102310180664,736,13549,13650,-0.6657174825668335,414,0.0005,0.19,32,-30.568938759999995,0.740730881690979
0.03234734386205673,16.04,28.879426956176758,740,13604,13705,0.2026616483926773,415,0.0005,0.19,32,-30.522582999999994,0.7698436975479126
0.0325591154396534,15.87,27.691082000732422,744,13664,13765,1.3383500576019287,417,0.0005,0.2,32,-30.12414122,0.6125020980834961
0.0328739695250988,15.92,29.334022521972656,748,13731,13832,0.4950954020023346,419,0.0005,0.23,33,-29.146239100000003,0.28889212012290955
0.03304722532629967,15.7,29.130319595336914,752,13786,13887,-1.1029376983642578,420,0.0005,0.24,33,-28.96365311,1.6115021705627441
0.03311837837100029,15.56,27.651508331298828,756,13841,13942,0.665157675743103,421,0.0005,0.25,33,-28.66411257,0.5151532888412476
0.033536262810230255,15.34,28.306045532226562,760,13891,13992,0.15495026111602783,423,0.0005,0.23,33,-29.193458169999996,0.8049079179763794
0.033881980925798416,15.36,28.601573944091797,764,13956,14057,0.8802981376647949,424,0.0005,0.21,33,-29.72161823,0.912107527256012
0.034521620720624924,15.35,30.668777465820312,768,14012,14113,0.17998094856739044,426,0.0005,0.21,33,-29.82455119,0.6063582897186279
0.0346677340567112,15.56,29.076812744140625,772,14088,14189,0.3223162591457367,428,0.0005,0.21,33,-29.74090764,0.5871978998184204
0.03530094400048256,15.41,28.72916030883789,776,14140,14241,-0.011990249156951904,429,0.0005,0.21,33,-29.924123149999996,0.60933917760849
0.035717952996492386,15.31,28.574451446533203,780,14203,14304,-0.9721620082855225,431,0.0005,0.22,33,-29.56018611,1.7952429056167603
0.035423506051301956,15.3,28.536130905151367,784,14266,14367,0.9545034766197205,432,0.0005,0.21,33,-30.015298540000003,0.6428710222244263
0.035718727856874466,15.01,29.1827392578125,788,14320,14421,-0.32217174768447876,434,0.0005,0.2,33,-30.4998736,1.0660479068756104
0.03599269688129425,14.68,28.873851776123047,792,14370,14471,1.26369309425354,435,0.0005,0.2,33,-30.78055821,2.2527248859405518
0.03561708331108093,14.63,29.34381675720215,796,14432,14533,0.3703060746192932,436,0.0005,0.19,33,-31.25476289,0.39497971534729004
0.03570675477385521,14.64,27.794498443603516,800,14485,14586,0.5927558541297913,438,0.0005,0.19,33,-31.35851357,0.3044854402542114
0.03621693328022957,14.66,27.467554092407227,804,14542,14643,-0.03807651996612549,439,0.0005,0.2,33,-30.86025423,0.45003899931907654
0.036437105387449265,14.68,28.17422866821289,808,14602,14703,0.6650460958480835,440,0.0005,0.18,33,-31.400894639999997,0.6762290000915527
0.03695487976074219,14.64,28.09581756591797,812,14660,14761,0.03457288071513176,442,0.0005,0.16,33,-32.157095219999995,0.5555648803710938
0.03688119724392891,14.64,28.38645362854004,816,14714,14815,0.5619537830352783,443,0.0005,0.16,33,-32.23056005,0.41741490364074707
0.03691723570227623,14.71,29.741031646728516,820,14777,14878,-0.2780055105686188,445,0.0005,0.17,33,-31.960373299999997,0.47752052545547485
0.03727857023477554,14.57,27.870784759521484,824,14834,14935,0.46523159742355347,446,0.0005,0.17,33,-32.030554120000005,1.101111650466919
0.03737813979387283,14.57,28.049116134643555,828,14890,14991,0.2872993052005768,447,0.0005,0.18,33,-31.52561132,0.67474365234375
0.03751976415514946,14.51,28.558979034423828,832,14944,15045,0.3026126027107239,448,0.0005,0.16,33,-32.18674708,1.2320371866226196
0.03757042810320854,14.5,29.63231658935547,836,14999,15100,-0.06995832175016403,450,0.0005,0.17,33,-31.99278413,0.5453617572784424
0.03751129284501076,14.48,29.963300704956055,840,15052,15153,-0.6632328033447266,451,0.0005,0.18,33,-31.884042150000006,1.753463864326477
0.03667202591896057,14.74,28.094131469726562,844,15138,15239,-0.08205243945121765,453,0.0005,0.18,33,-32.0975355,0.8589119911193848
0.037238188087940216,14.6,27.63094711303711,848,15191,15292,0.4766171872615814,454,0.0005,0.16,33,-32.77694013,1.5009911060333252
0.037632402032613754,14.65,29.03677749633789,852,15251,15352,-0.27001655101776123,456,0.0005,0.17,33,-32.51587201,0.6549119353294373
0.037526123225688934,14.77,28.826623916625977,856,15318,15419,0.6652444005012512,458,0.0005,0.16,33,-32.729651770000004,0.5416219234466553
0.03778358921408653,14.84,27.555126190185547,860,15375,15476,-0.11578258872032166,459,0.0005,0.17,33,-32.51096752,1.2810776233673096
0.03777669370174408,14.98,27.73636245727539,864,15454,15555,-0.1474037766456604,461,0.0005,0.16,33,-32.896824190000004,0.6947576999664307
0.037499088793992996,14.99,27.03917121887207,868,15511,15612,0.01167990267276764,463,0.0005,0.16,33,-32.77559814,0.23684096336364746
0.03725797310471535,14.8,26.802501678466797,872,15568,15669,1.5978705883026123,464,0.0005,0.17,33,-32.7760303,0.7312657833099365
0.036965686827898026,14.8,28.949676513671875,876,15620,15721,0.034513816237449646,465,0.0005,0.17,33,-32.693326139999996,0.9601294994354248
0.036788277328014374,14.82,28.379993438720703,880,15685,15786,-0.38158172369003296,467,0.0005,0.16,33,-32.88187507,0.3265370726585388
0.03671912103891373,14.92,28.536014556884766,884,15758,15859,0.6639596223831177,469,0.0005,0.15,33,-33.03189992,0.8246300220489502
0.03658546879887581,15.14,27.89316177368164,888,15834,15935,0.08769507706165314,471,0.0005,0.14,33,-33.34581376,1.0222055912017822
0.036308370530605316,15.37,28.01207733154297,892,15907,16008,-0.8669984340667725,473,0.0005,0.14,33,-33.21364121,0.7285352945327759
0.0356375016272068,15.38,27.771549224853516,896,15970,16071,0.4043269753456116,474,0.0005,0.14,33,-33.04782358,0.24291740357875824
0.035668231546878815,15.5,26.821168899536133,900,16035,16136,-0.3073424696922302,476,0.0005,0.15,33,-32.45048688,0.8756812810897827
0.03548484668135643,15.55,29.349210739135742,904,16097,16198,0.8683540225028992,478,0.0005,0.15,33,-32.41561549000001,0.7624969482421875
0.035028133541345596,15.77,27.910362243652344,908,16179,16280,-0.85003662109375,480,0.0005,0.16,33,-32.21494569000001,0.27654194831848145
0.03484174236655235,16.21,28.516986846923828,912,16281,16382,0.011573150753974915,482,0.0005,0.16,33,-32.10062097,0.7522933483123779
0.03445705771446228,16.41,26.007640838623047,916,16355,16456,1.2542695999145508,484,0.0005,0.16,33,-32.04503593999999,1.3907146453857422
0.034358032047748566,16.69,28.272659301757812,920,16446,16547,-0.7333958148956299,487,0.0005,0.14,33,-32.62643232,0.5000753402709961
0.033856142312288284,16.83,27.842105865478516,924,16517,16618,-0.9147857427597046,488,0.0005,0.15,33,-32.32086801,0.818514347076416
0.03303500637412071,16.91,28.331647872924805,928,16581,16682,0.21054381132125854,490,0.0005,0.16,34,-31.892731200000004,1.4639984369277954
0.03320274502038956,16.91,27.939231872558594,932,16635,16736,0.7618786692619324,491,0.0005,0.17,34,-31.520519599999993,0.7320216298103333
0.03375702351331711,17.01,27.990299224853516,936,16700,16801,-0.05119729042053223,493,0.0005,0.18,34,-31.18871686,0.5555678606033325
0.03386819362640381,17.03,27.736379623413086,940,16755,16856,-0.05342482030391693,494,0.0005,0.18,34,-31.05698671,0.3052559494972229
0.034132979810237885,16.74,28.549129486083984,944,16812,16913,-0.8391796350479126,495,0.0005,0.17,34,-31.231737459999998,0.4137051999568939
0.03383266180753708,16.91,29.28438949584961,948,16882,16983,-0.750646710395813,497,0.0005,0.18,34,-30.831581079999992,0.6899423599243164
0.033859118819236755,16.97,26.69550895690918,952,16948,17049,-0.6438706517219543,499,0.0005,0.17,34,-30.96065971,0.20489288866519928
0.033207353204488754,17.07,28.069225311279297,956,17025,17126,-0.5599231719970703,500,0.0005,0.18,34,-30.66002318,0.5085732340812683
0.03260480985045433,17.22,26.357547760009766,960,17097,17198,1.0192095041275024,502,0.0005,0.17,34,-30.842548629999996,0.39116370677948
0.03289920091629028,17.06,27.67463493347168,964,17160,17261,-1.0575895309448242,504,0.0005,0.18,34,-30.466661600000002,0.7762504816055298
0.03307799994945526,17.14,27.950191497802734,968,17225,17326,-0.515222430229187,505,0.0005,0.18,34,-30.579412890000004,0.299238920211792
0.0329323336482048,17.42,26.478832244873047,972,17310,17411,-0.29780757427215576,508,0.0005,0.17,34,-30.740691299999998,1.3311903476715088
0.032965902239084244,17.72,26.59141731262207,976,17392,17493,-0.2118329554796219,510,0.0005,0.18,34,-30.48383053,0.6846269369125366
0.033182598650455475,17.71,26.65041732788086,980,17456,17557,-0.9500900506973267,511,0.0005,0.17,34,-30.731638820000004,0.3356722891330719
0.03278402239084244,17.56,27.316490173339844,984,17514,17615,1.2545057535171509,513,0.0005,0.18,34,-30.49811016,0.3402746915817261
0.03304866701364517,17.39,27.806381225585938,988,17573,17674,0.048593226820230484,515,0.0005,0.19,34,-30.016951780000003,0.27925044298171997
0.032902028411626816,17.23,28.10814094543457,992,17630,17731,-0.9065507054328918,516,0.0005,0.2,34,-29.56191245,0.723762035369873
0.03286575898528099,17.33,27.401592254638672,996,17703,17804,1.2255080938339233,518,0.0005,0.21,34,-29.44420748,0.8935410976409912
0.03323928266763687,17.26,26.68692970275879,1000,17761,17862,-0.5956591963768005,520,0.0005,0.2,34,-29.90313071,0.531883716583252
0.033038362860679626,17.48,29.17746353149414,1004,17845,17946,-0.3101368248462677,522,0.0005,0.19,34,-30.41688202,0.3499159812927246
0.0329781100153923,17.39,27.146038055419922,1008,17918,18019,0.4486556053161621,524,0.0005,0.2,34,-29.984828879999995,0.500627875328064
0.03312855586409569,16.98,28.797489166259766,1012,17979,18080,-0.4929887652397156,526,0.0005,0.2,34,-30.023794369999997,0.8957806825637817
0.03313250094652176,16.99,28.310043334960938,1016,18054,18155,-0.48602747917175293,528,0.0005,0.2,34,-29.98986656,0.5201321244239807
0.03298014774918556,16.72,26.27958106994629,1020,18118,18219,0.8817977905273438,530,0.0005,0.21,34,-29.945928029999994,0.39979785680770874
0.033349644392728806,16.76,26.63844871520996,1024,18193,18294,-0.2635134756565094,532,0.0005,0.19,34,-30.576883740000003,0.45967498421669006
0.03375649452209473,17.04,27.74648666381836,1028,18285,18386,-0.05658411979675293,534,0.0005,0.17,34,-31.269139530000007,0.27937421202659607
0.03296442702412605,17.17,26.685853958129883,1032,18352,18453,-0.11800287663936615,536,0.0005,0.16,34,-31.673193930000007,0.2370324730873108
0.033016618341207504,17.15,26.57862091064453,1036,18415,18516,-0.0816650539636612,538,0.0005,0.15,34,-31.924706239999995,0.8761316537857056
0.03281337022781372,17.36,27.101911544799805,1040,18491,18592,0.41923803091049194,540,0.0005,0.16,34,-31.559054209999996,0.5209320783615112
0.03256680443882942,17.48,27.47882843017578,1044,18560,18661,-0.22844228148460388,542,0.0005,0.17,34,-31.09627917,0.7298340797424316
0.032911237329244614,17.45,27.615581512451172,1048,18627,18728,-0.24929039180278778,544,0.0005,0.16,34,-31.421495519999993,0.5433667302131653
0.032823558896780014,17.32,27.783252716064453,1052,18680,18781,-1.0991113185882568,546,0.0005,0.15,34,-32.02331768,1.9204633235931396
0.032986171543598175,17.5,28.066635131835938,1056,18775,18876,0.4084617495536804,548,0.0005,0.16,34,-31.69023977,1.0481958389282227
0.03258565813302994,17.63,26.923751831054688,1060,18860,18961,-0.06892530620098114,551,0.0005,0.16,34,-31.682713919999998,0.33518117666244507
0.032751332968473434,17.54,28.641822814941406,1064,18914,19015,-0.006275102496147156,552,0.0005,0.15,34,-32.04891304,0.47300225496292114
0.033411815762519836,17.76,26.73187828063965,1068,19001,19102,-0.6686705350875854,555,0.0005,0.16,34,-31.603527519999997,1.3570233583450317
0.032679639756679535,17.54,28.22805404663086,1072,19064,19165,-0.4639275074005127,556,0.0005,0.16,34,-31.630483080000005,0.8783400058746338
0.032782141119241714,17.42,27.10445213317871,1076,19134,19235,0.07064690440893173,558,0.0005,0.16,34,-31.49576868,0.2172984778881073
0.032314226031303406,17.41,26.863174438476562,1080,19197,19298,0.3489052355289459,560,0.0005,0.16,34,-31.592234799999996,0.7695993781089783
0.03252587839961052,17.56,27.897136688232422,1084,19270,19371,-0.3423687517642975,562,0.0005,0.16,34,-31.663979510000004,0.5975737571716309
0.0325106605887413,17.69,28.026580810546875,1088,19342,19443,-1.2786113023757935,563,0.0005,0.17,34,-31.339513759999996,0.29114094376564026
0.03223782405257225,17.87,27.62686538696289,1092,19417,19518,-0.4758545756340027,565,0.0005,0.17,34,-31.371027160000004,0.9066329002380371
0.03217044845223427,17.76,27.574691772460938,1096,19479,19580,0.2108270525932312,567,0.0005,0.17,34,-31.291473599999996,0.23138606548309326
0.032353032380342484,17.81,27.464752197265625,1100,19542,19643,0.5062596797943115,569,0.0005,0.18,34,-30.927516839999996,0.1486566960811615
0.032042574137449265,17.53,27.463285446166992,1104,19598,19699,0.47415152192115784,570,0.0005,0.18,34,-30.946197620000003,0.7806189060211182
0.032268088310956955,17.42,25.428884506225586,1108,19660,19761,-0.5603387355804443,572,0.0005,0.17,34,-31.400810059999998,0.5324134826660156
0.03188323602080345,17.45,28.052783966064453,1112,19724,19825,-0.6554341912269592,574,0.0005,0.2,34,-30.48748838,0.567711353302002
0.031987983733415604,17.41,26.763988494873047,1116,19795,19896,-0.2827984392642975,576,0.0005,0.2,34,-30.46109959,0.62800532579422
0.031677454710006714,17.39,25.956295013427734,1120,19857,19958,-0.12571074068546295,578,0.0005,0.21,34,-29.9546437,0.42843514680862427
0.031620047986507416,17.26,27.732446670532227,1124,19919,20020,-0.5738615989685059,594,0.0005,0.23,33,-29.3600832,0.11917077004909515
0.031155720353126526,16.93,27.01138687133789,1128,19978,20079,-0.5510290265083313,596,0.0005,0.24,33,-28.933142209999996,0.27388039231300354
0.031062690541148186,17.16,26.605249404907227,1132,20068,20169,0.06623952090740204,598,0.0005,0.24,33,-28.66323416,0.5051186084747314
0.031123707070946693,17.17,27.189716339111328,1136,20132,20233,0.09462574124336243,600,0.0005,0.24,33,-28.661248999999994,0.41560477018356323
0.03114677034318447,17.1,27.15599822998047,1140,20201,20302,0.7030518054962158,602,0.0005,0.24,33,-28.625269580000005,1.293803334236145
0.031020864844322205,17.34,28.82815170288086,1144,20294,20395,-0.6625320315361023,605,0.0005,0.23,33,-28.938312530000005,0.8984916806221008
0.031243572011590004,17.27,27.04483413696289,1148,20354,20455,0.4086500406265259,607,0.0005,0.23,33,-28.81221833,0.2852543294429779
0.03152741119265556,17.44,27.448318481445312,1152,20424,20525,-0.21001996099948883,609,0.0005,0.24,33,-28.28130681,0.3543861210346222
0.03134068474173546,17.09,26.586572647094727,1156,20484,20585,0.47854092717170715,610,0.0005,0.24,33,-28.384756449999994,1.1610137224197388
0.031024247407913208,16.86,26.967741012573242,1160,20546,20647,0.09374303370714188,612,0.0005,0.26,33,-27.84139365,0.4451683759689331
0.03160528838634491,17.13,26.9345645904541,1164,20627,20728,-0.3690491318702698,614,0.0005,0.28,33,-27.116020079999995,0.1583520621061325
0.031851477921009064,16.99,25.834102630615234,1168,20700,20801,0.29149872064590454,616,0.0005,0.27,33,-27.49669411,0.38140296936035156
0.03177212178707123,17.01,26.724821090698242,1172,20765,20866,0.41473889350891113,618,0.0005,0.27,33,-27.48535933,0.5091031789779663
0.031373392790555954,16.93,26.896381378173828,1176,20827,20928,-0.6570123434066772,620,0.0005,0.27,33,-27.658878860000005,0.2073695808649063
0.0305393785238266,16.9,26.998882293701172,1180,20887,20988,-0.40357542037963867,621,0.0005,0.28,33,-27.216640209999994,0.12025012820959091
0.030507227405905724,16.77,26.789257049560547,1184,20947,21048,0.007194459438323975,623,0.0005,0.28,33,-27.272034190000003,0.2167828530073166
0.03071756474673748,16.82,26.313243865966797,1188,21024,21125,0.5167620182037354,625,0.0005,0.27,33,-27.500793080000005,0.49159616231918335
0.030484639108181,16.7,26.80190658569336,1192,21087,21188,-0.9440834522247314,627,0.0005,0.28,33,-27.396422790000006,1.5650912523269653
0.03015243448317051,16.98,26.584524154663086,1196,21177,21278,-0.22664012014865875,629,0.0005,0.28,33,-27.335773900000003,0.15139129757881165
0.030486293137073517,17.02,26.354597091674805,1200,21244,21345,0.02989386022090912,631,0.0005,0.27,33,-27.744308540000002,0.1471855342388153
0.02940918691456318,17.07,26.128385543823242,1204,21305,21406,0.29699328541755676,633,0.0005,0.28,33,-27.36245967,0.29328519105911255
0.029258593916893005,17.05,26.94083023071289,1208,21365,21466,0.10633693635463715,635,0.0005,0.29,33,-26.92141309,0.9288879036903381
0.029112428426742554,17.08,25.0167236328125,1212,21432,21533,0.4160001277923584,637,0.0005,0.29,33,-26.913475750000003,0.34143534302711487
0.029356960207223892,17.01,27.06255340576172,1216,21496,21597,-0.15114682912826538,639,0.0005,0.31,33,-26.309735829999994,0.358182817697525
0.02950206957757473,17.08,26.284334182739258,1220,21565,21666,0.32498133182525635,640,0.0005,0.31,33,-26.358855469999995,1.235297441482544
0.029126001521945,17.02,25.21074867248535,1224,21621,21722,-0.805778980255127,642,0.0005,0.29,33,-27.012244839999997,0.3440214991569519
0.02822101302444935,16.99,26.591753005981445,1228,21677,21778,-0.234635591506958,643,0.0005,0.3,33,-26.962768360000005,0.42157161235809326
0.028527788817882538,16.82,25.860111236572266,1232,21750,21851,-0.6834471225738525,645,0.0005,0.31,33,-26.859084960000004,0.4264651834964752
0.028549907729029655,16.93,24.857587814331055,1236,21825,21926,1.0528151988983154,647,0.0005,0.31,33,-26.861740400000002,0.3596612215042114
0.028557879850268364,16.81,25.242321014404297,1240,21882,21983,0.23567073047161102,649,0.0005,0.3,33,-27.322995849999998,0.32820504903793335
0.02861270122230053,16.47,25.79663848876953,1244,21941,22042,0.24211542308330536,650,0.0005,0.31,33,-26.98690268,0.34910768270492554
0.02872508019208908,16.48,27.05792808532715,1248,22002,22103,-0.5451630353927612,652,0.0005,0.32,33,-26.703763709999997,0.5916716456413269
0.02873079851269722,16.54,24.841806411743164,1252,22078,22179,-0.09238950163125992,654,0.0005,0.32,33,-26.71440566999999,0.3544512987136841
0.028742048889398575,16.67,27.36941146850586,1256,22151,22252,0.418804794549942,656,0.0005,0.32,33,-26.693022019999997,0.12378768622875214
0.029356323182582855,16.75,26.85841178894043,1260,22221,22322,-0.23737528920173645,658,0.0005,0.32,33,-26.653729549999998,0.45606735348701477
0.02884940430521965,16.58,27.07895278930664,1264,22285,22386,0.011243559420108795,660,0.0005,0.32,33,-26.625388139999995,0.46990078687667847
0.028408745303750038,16.38,25.55797004699707,1268,22338,22439,-1.1978905200958252,661,0.0005,0.33,33,-26.413401970000006,1.1118640899658203
0.027394453063607216,16.39,26.523513793945312,1272,22404,22505,0.689564049243927,663,0.0005,0.33,33,-26.272683139999994,0.3162195086479187
0.02766857109963894,16.36,27.300817489624023,1276,22463,22564,0.5700491070747375,665,0.0005,0.33,33,-26.214871879999997,0.5227876901626587
0.02787107601761818,16.51,24.526256561279297,1280,22538,22639,1.3272771835327148,667,0.0005,0.32,33,-26.60437089,0.24621745944023132
0.02835407666862011,16.55,26.57776641845703,1284,22602,22703,-1.0072195529937744,668,0.0005,0.32,33,-26.696261170000003,1.479292631149292
0.027574779465794563,16.45,25.332250595092773,1288,22669,22770,-0.8657650947570801,670,0.0005,0.33,33,-26.37780902,0.535205602645874
0.027911799028515816,16.47,26.549346923828125,1292,22734,22835,0.2885388731956482,672,0.0005,0.32,33,-26.388300020000003,0.32405024766921997
0.027757074683904648,16.36,26.75653839111328,1296,22813,22914,0.38738390803337097,674,0.0005,0.32,33,-26.28919701,0.6151368618011475
0.027794523164629936,16.56,26.175888061523438,1300,22900,23001,-0.3374785780906677,676,0.0005,0.32,33,-26.1528822,0.2426488846540451
0.027210213243961334,16.53,25.9411678314209,1304,22958,23059,-0.2130105048418045,678,0.0005,0.34,33,-25.507771199999993,0.339632123708725
0.027316158637404442,16.67,26.454177856445312,1308,23032,23133,-0.8971315622329712,680,0.0005,0.35,34,-25.228868869999996,0.5813484787940979
0.02659759297966957,16.8,26.286754608154297,1312,23112,23213,0.02402043342590332,682,0.0005,0.32,34,-26.133480560000002,0.2771678864955902
0.026826104149222374,16.8,26.48221206665039,1316,23176,23277,-0.4664613604545593,684,0.0005,0.31,34,-26.419464689999995,1.302826166152954
0.02655707113444805,16.86,23.355106353759766,1320,23251,23352,0.8082543611526489,686,0.0005,0.31,34,-26.43208717,0.7436977624893188
0.027042914181947708,17.11,24.710298538208008,1324,23332,23433,0.1399189829826355,688,0.0005,0.32,34,-26.03588522,0.7137705683708191
0.02667982690036297,17.2,26.11713409423828,1328,23397,23498,-0.354500412940979,690,0.0005,0.32,34,-25.91691046,0.15085327625274658
0.026546524837613106,17.19,25.843364715576172,1332,23469,23570,0.36915916204452515,691,0.0005,0.33,34,-25.519044660000006,0.18862953782081604
0.02708369866013527,17.17,26.321109771728516,1336,23542,23643,0.11226655542850494,693,0.0005,0.33,34,-25.46277103,0.7486894130706787
0.02776484563946724,17.39,24.49553680419922,1340,23621,23722,0.4346887171268463,696,0.0005,0.34,34,-24.98460947,0.9444613456726074
0.027703536674380302,17.58,26.59363555908203,1344,23699,23800,-1.423995018005371,698,0.0005,0.34,34,-25.023179740000003,0.8013657927513123
0.027622122317552567,17.78,25.743497848510742,1348,23780,23881,-1.0485870838165283,700,0.0005,0.32,34,-25.650309110000002,0.851926326751709
0.027253692969679832,17.81,26.626983642578125,1352,23859,23960,-0.3514147400856018,702,0.0005,0.34,34,-25.04012114,0.6029062867164612
0.027109337970614433,17.93,26.55372428894043,1356,23944,24045,0.19402268528938293,704,0.0005,0.32,34,-25.577817500000002,0.4128834307193756
0.027049891650676727,17.83,25.65957260131836,1360,24004,24105,0.30626383423805237,706,0.0005,0.31,34,-25.94545712,0.3693664073944092
0.02774811163544655,17.9,24.97528076171875,1364,24075,24176,1.7280373573303223,708,0.0005,0.3,34,-26.368605130000006,0.17717406153678894
0.02790704183280468,17.95,26.784652709960938,1368,24133,24234,-0.31721508502960205,710,0.0005,0.3,34,-26.395795080000003,0.29652106761932373
0.02780589833855629,17.92,25.58025360107422,1372,24196,24297,-0.8263754844665527,712,0.0005,0.31,34,-26.242061550000006,0.4408546984195709
0.028003176674246788,18.09,25.80013656616211,1376,24272,24373,-0.42107057571411133,714,0.0005,0.31,34,-26.11497346,0.3738870918750763
0.027955148369073868,17.96,26.29242706298828,1380,24334,24435,-0.538032054901123,715,0.0005,0.33,34,-25.43797299,0.4863995611667633
0.027593128383159637,17.88,25.34811019897461,1384,24390,24491,0.35970258712768555,717,0.0005,0.34,34,-24.90369143000001,0.1735532581806183
0.027894018217921257,17.83,30.130983352661133,1388,24452,24553,-1.134266972541809,718,0.0005,0.32,34,-25.552282899999994,1.2950351238250732
0.028107840567827225,18.13,26.247970581054688,1392,24547,24648,2.0926454067230225,721,0.0005,0.31,34,-26.01297015,0.8421622514724731
0.028849979862570763,18.12,24.973461151123047,1396,24625,24726,1.2896517515182495,723,0.0005,0.32,34,-25.919060059999993,0.5511187314987183
0.02919798344373703,18.0,25.319931030273438,1400,24700,24801,0.01087692379951477,724,0.0005,0.33,34,-25.718474160000007,0.35384565591812134
0.028679976239800453,17.94,27.443130493164062,1404,24752,24853,-1.0046435594558716,726,0.0005,0.31,34,-26.503916719999996,0.8395605683326721
0.02830265648663044,17.89,24.73149871826172,1408,24821,24922,0.01906384527683258,728,0.0005,0.28,34,-27.41705653,0.4066717326641083
0.02839542366564274,17.63,25.44086456298828,1412,24875,24976,0.1197325587272644,729,0.0005,0.29,34,-27.328752000000005,0.658900260925293
0.028092021122574806,17.74,25.037416458129883,1416,24950,25051,1.0003199577331543,731,0.0005,0.3,34,-27.047307370000002,0.7394499182701111
0.028014129027724266,19.63,25.193227767944336,1420,25214,25315,0.3403112292289734,738,0.0005,0.3,34,-27.39533259,0.5706360340118408
0.027757393196225166,19.6,24.893085479736328,1424,25292,25393,-0.4045584797859192,740,0.0005,0.3,34,-27.24004401,0.25666749477386475
0.028175396844744682,19.75,27.37079620361328,1428,25372,25473,-0.6261850595474243,742,0.0005,0.29,34,-27.5668872,0.7012413740158081
0.028488943353295326,19.87,24.41109848022461,1432,25456,25557,-0.24114486575126648,745,0.0005,0.28,34,-27.815459930000003,0.5158407688140869
0.029147036373615265,19.9,25.03598976135254,1436,25532,25633,-0.14535051584243774,747,0.0005,0.3,34,-27.282378320000003,0.7451262474060059
0.02941736951470375,19.75,24.231578826904297,1440,25596,25697,-0.3164845108985901,748,0.0005,0.31,34,-27.102841459999993,1.1198151111602783
0.02960669808089733,19.96,24.708450317382812,1444,25695,25796,-0.2688998579978943,751,0.0005,0.3,34,-27.42015647,0.43964019417762756
0.02949606254696846,19.83,24.713024139404297,1448,25763,25864,0.2383767068386078,753,0.0005,0.31,34,-27.156292659999995,0.3329109251499176
0.02943306416273117,19.86,24.18006134033203,1452,25845,25946,1.9218411445617676,755,0.0005,0.29,34,-27.76380885,0.30644547939300537
0.02966788411140442,19.66,25.544322967529297,1456,25910,26011,0.3010302484035492,757,0.0005,0.3,34,-27.45849645,0.35172027349472046
0.030253296718001366,19.72,24.716196060180664,1460,25976,26077,-0.3546958267688751,759,0.0005,0.31,34,-27.112584280000007,0.8876734375953674
0.029812952503561974,19.67,25.12843894958496,1464,26042,26143,0.4535622000694275,760,0.0005,0.31,34,-26.893080800000007,3.427517890930176
0.02973107434809208,19.87,24.83488655090332,1468,26120,26221,-0.5489570498466492,763,0.0005,0.31,34,-26.741047280000007,0.7683385610580444
0.029454262927174568,19.91,26.413089752197266,1472,26187,26288,-0.8155151605606079,765,0.0005,0.3,34,-26.996927469999996,1.4272979497909546
0.029750006273388863,19.87,23.6406192779541,1476,26259,26360,0.0678548812866211,767,0.0005,0.29,34,-27.27097165,0.5999121069908142
0.029795585200190544,19.93,26.02975845336914,1480,26327,26428,-0.18073251843452454,769,0.0005,0.3,34,-27.132392600000003,0.5274003744125366
0.03015497885644436,20.18,23.584068298339844,1484,26408,26509,-0.1503755748271942,771,0.0005,0.3,34,-27.220418580000004,0.6520406007766724
0.03016761504113674,20.13,24.942005157470703,1488,26465,26566,0.09139721095561981,773,0.0005,0.32,34,-26.757041879999996,0.535392165184021
0.02999565191566944,20.07,25.517818450927734,1492,26554,26655,0.6161667108535767,775,0.0005,0.34,34,-26.065482270000004,0.8640570044517517
0.029727686196565628,19.92,24.821109771728516,1496,26617,26718,-0.34457457065582275,777,0.0005,0.33,34,-26.271584819999998,1.540315866470337
0.02988080307841301,19.85,24.949756622314453,1500,26685,26786,-0.6549863219261169,779,0.0005,0.34,34,-26.00209566,0.6863303184509277
0.02991250716149807,19.94,25.936302185058594,1504,26746,26847,-0.2121746689081192,780,0.0005,0.34,34,-25.736713619999996,0.5007363557815552
0.02941763773560524,19.91,24.287620544433594,1508,26812,26913,0.6166256666183472,782,0.0005,0.36,34,-25.101338920000007,0.5371953845024109
0.03003132902085781,20.18,23.838329315185547,1512,26893,26994,-0.07342894375324249,784,0.0005,0.35,34,-24.993980250000003,1.1433744430541992
0.030382249504327774,20.0,26.218202590942383,1516,26950,27051,-0.5114965438842773,785,0.0005,0.35,34,-25.149030810000003,0.599125862121582
0.030104437842965126,18.03,23.909160614013672,1520,27017,27118,1.4427794218063354,787,0.0005,0.33,34,-25.386173709999998,0.4306250214576721
0.030625125393271446,18.01,24.800092697143555,1524,27093,27194,-0.20143859088420868,789,0.0005,0.35,34,-24.864978980000004,1.095533847808838
0.030448000878095627,17.91,24.678176879882812,1528,27163,27264,0.4889560043811798,791,0.0005,0.34,34,-25.22813934,1.5493288040161133
0.030675483867526054,17.71,24.595703125,1532,27227,27328,1.3157460689544678,793,0.0005,0.34,34,-25.4190789,0.4872245192527771
0.03086775913834572,17.64,24.62425994873047,1536,27296,27397,0.2883903384208679,795,0.0005,0.33,34,-25.730797459999994,0.3667280673980713
0.031207315623760223,18.02,23.850406646728516,1540,27398,27499,1.1042486429214478,797,0.0005,0.3,34,-26.443271170000003,0.8801426887512207
0.030681749805808067,17.89,25.042221069335938,1544,27484,27585,-0.057702310383319855,799,0.0005,0.3,34,-26.387514139999997,0.4783652424812317
0.030572883784770966,18.0,24.254615783691406,1548,27563,27664,-0.4824579954147339,802,0.0005,0.32,34,-25.851974320000004,1.6131362915039062
0.029844094067811966,18.19,23.698925018310547,1552,27664,27765,-0.7013590335845947,804,0.0005,0.31,34,-26.120906950000002,0.49739089608192444
0.029784362763166428,18.3,24.891639709472656,1556,27740,27841,0.3504492938518524,806,0.0005,0.31,34,-26.00417696,0.9406156539916992
0.03005857765674591,18.27,25.728036880493164,1560,27803,27904,-0.06163395941257477,808,0.0005,0.31,34,-25.9646685,0.7544219493865967
0.030225461348891258,18.21,26.182096481323242,1564,27863,27964,0.15531589090824127,810,0.0005,0.33,34,-25.458745250000003,0.4426233172416687
0.030904585495591164,18.07,22.75506019592285,1568,27927,28028,0.13049988448619843,811,0.0005,0.34,34,-25.366540970000003,0.6346316933631897
0.03088664822280407,18.15,24.060840606689453,1572,28002,28103,0.18003833293914795,813,0.0005,0.35,34,-25.14602372,0.49816662073135376
0.03113800473511219,18.04,22.849491119384766,1576,28063,28164,-0.3914046883583069,815,0.0005,0.36,34,-24.92856042,0.4562627673149109
0.030204851180315018,18.2,23.765594482421875,1580,28147,28248,-0.4120948910713196,817,0.0005,0.35,34,-25.133213490000003,0.33139652013778687
0.0296923890709877,17.99,26.138599395751953,1584,28207,28308,-1.2276057004928589,819,0.0005,0.35,34,-25.14039237,0.3538966774940491
0.030096909031271935,18.29,24.90423011779785,1588,28294,28395,-0.1665167510509491,821,0.0005,0.34,34,-25.22154174,1.3618340492248535
0.03046688809990883,18.14,24.154922485351562,1592,28368,28469,-0.6780996322631836,823,0.0005,0.34,34,-25.370067730000002,0.5099592208862305
0.03058498725295067,18.43,23.584178924560547,1596,28460,28561,-0.6168044805526733,825,0.0005,0.34,34,-25.225719020000007,0.2404477298259735
0.030804039910435677,18.44,24.43674087524414,1600,28529,28630,-0.5338294506072998,827,0.0005,0.33,34,-25.445248229999997,1.3380602598190308
0.030493803322315216,18.58,23.628496170043945,1604,28604,28705,-0.09473012387752533,829,0.0005,0.32,34,-25.711867020000003,0.7117654085159302
0.03066212311387062,18.64,25.090850830078125,1608,28676,28777,-0.30395346879959106,831,0.0005,0.31,34,-26.139196100000003,0.33190879225730896
0.030423305928707123,18.52,23.56238555908203,1612,28745,28846,0.2501601576805115,832,0.0005,0.33,34,-25.63935417,0.6763345003128052
0.030565952882170677,18.63,24.014190673828125,1616,28813,28914,0.3202037811279297,834,0.0005,0.34,34,-25.26915807,0.692316472530365
0.030287478119134903,18.65,25.189266204833984,1620,28882,28983,0.1035001128911972,836,0.0005,0.35,34,-24.91133827,0.9473366737365723
0.03043431229889393,18.69,25.35399627685547,1624,28962,29063,-0.028234004974365234,838,0.0005,0.33,34,-25.43560211,0.5435876846313477
0.030928730964660645,18.74,24.099878311157227,1628,29037,29138,0.08440505713224411,839,0.0005,0.35,34,-24.746507299999998,0.2868637442588806
0.030723541975021362,18.76,25.31884765625,1632,29103,29204,-0.2598118185997009,841,0.0005,0.35,34,-24.610238230000004,0.5302338600158691
0.030933083966374397,18.66,23.702383041381836,1636,29162,29263,0.47773855924606323,842,0.0005,0.35,34,-24.612495450000004,1.3852753639221191
0.031596455723047256,18.21,24.93956756591797,1640,29219,29320,1.1110273599624634,844,0.0005,0.37,34,-24.18114498,0.4922105073928833
0.03175788372755051,18.02,23.863372802734375,1644,29286,29387,0.5945874452590942,845,0.0005,0.4,34,-23.27245293,0.33072429895401
0.03142111375927925,17.9,24.417476654052734,1648,29353,29454,-0.10712184011936188,847,0.0005,0.38,34,-23.9294674,1.1878154277801514
0.031203417107462883,17.7,24.640426635742188,1652,29434,29535,1.296682357788086,849,0.0005,0.4,34,-23.268678470000005,0.26818710565567017
0.032010238617658615,17.64,25.19510269165039,1656,29504,29605,0.1562139093875885,851,0.0005,0.42,34,-22.782633320000006,1.2471840381622314
0.03160455822944641,17.69,22.698305130004883,1660,29572,29673,0.06004051864147186,852,0.0005,0.4,34,-23.440118090000002,0.6499457359313965
0.03092598170042038,17.7,23.421716690063477,1664,29633,29734,-0.6088957190513611,854,0.0005,0.37,34,-24.353356440000002,0.43359071016311646
0.030283909291028976,17.64,22.77877426147461,1668,29691,29792,0.32331591844558716,855,0.0005,0.38,34,-23.91044644,0.6005901098251343
0.030530424788594246,17.55,24.343372344970703,1672,29757,29858,-0.5267462730407715,857,0.0005,0.39,34,-23.35587141000001,0.4428631663322449
0.03004739247262478,17.69,23.703330993652344,1676,29832,29933,-0.11980754137039185,859,0.0005,0.41,34,-22.733847739999998,0.20492945611476898
0.030164189636707306,17.6,23.77530288696289,1680,29907,30008,-0.6352177858352661,874,0.0005,0.4,34,-23.00702479,1.068540096282959
0.029300251975655556,17.81,24.82076072692871,1684,29988,30089,1.6605640649795532,876,0.0005,0.38,34,-23.447593589999993,0.7900010347366333
0.03026728518307209,17.69,24.375425338745117,1688,30063,30164,0.1206139624118805,878,0.0005,0.38,34,-23.568765139999996,0.5405387878417969
0.030413681641221046,17.64,22.26038360595703,1692,30132,30233,-0.21377022564411163,880,0.0005,0.37,34,-23.746769379999996,0.42600101232528687
0.03014301136136055,17.48,23.219825744628906,1696,30208,30309,0.4634708762168884,882,0.0005,0.38,34,-23.661520870000004,0.7276062965393066
0.03000568598508835,17.63,24.36859130859375,1700,30292,30393,-1.4452677965164185,884,0.0005,0.39,34,-23.367550789999996,0.9095126986503601
0.030411405488848686,17.66,22.205631256103516,1704,30370,30471,0.34716928005218506,886,0.0005,0.4,34,-23.065356870000002,0.8671761155128479
0.03019893914461136,17.67,23.787322998046875,1708,30443,30544,-0.19713357090950012,888,0.0005,0.4,34,-22.880385650000008,0.7077797651290894
0.02958953008055687,17.59,24.816551208496094,1712,30504,30605,0.6259520649909973,889,0.0005,0.41,34,-22.747237000000005,0.6682155728340149
0.02987157739698887,17.49,23.4102783203125,1716,30562,30663,-0.21082565188407898,891,0.0005,0.4,34,-22.845995209999998,0.32715046405792236
0.029837021604180336,17.56,23.8878231048584,1720,30638,30739,0.2805963456630707,893,0.0005,0.41,34,-22.582851209999994,0.7383915185928345
0.028970053419470787,17.57,25.18830108642578,1724,30719,30820,0.09126868098974228,895,0.0005,0.4,34,-22.955284340000002,0.6201359629631042
0.02947993576526642,17.74,23.23935890197754,1728,30811,30912,1.2609119415283203,897,0.0005,0.4,34,-22.918004919999994,1.420278549194336
0.02966877445578575,17.65,22.377395629882812,1732,30868,30969,1.1563713550567627,899,0.0005,0.41,34,-22.6396753,0.9738033413887024
0.029971159994602203,17.81,22.84699249267578,1736,30943,31044,-0.3074769675731659,900,0.0005,0.39,34,-23.298449350000006,0.8197697401046753
0.03056592494249344,17.92,23.79073143005371,1740,31011,31112,-0.5049670934677124,902,0.0005,0.38,34,-23.636706189999998,0.23262622952461243
0.030838407576084137,17.81,23.33010482788086,1744,31067,31168,-0.9554675817489624,903,0.0005,0.36,34,-24.276717289999997,1.5765469074249268
0.030588727444410324,17.74,22.803556442260742,1748,31127,31228,-0.031256407499313354,905,0.0005,0.37,34,-24.025258310000005,1.6774386167526245
0.0306614451110363,17.68,24.437366485595703,1752,31202,31303,0.5066032409667969,907,0.0005,0.36,34,-24.38247206,0.6075975298881531
0.031213141977787018,17.72,24.644317626953125,1756,31276,31377,0.961215078830719,909,0.0005,0.33,34,-25.256789939999997,1.6418178081512451
0.03149569034576416,17.73,23.398799896240234,1760,31345,31446,-0.023347578942775726,911,0.0005,0.35,34,-24.597515270000002,1.5094749927520752
0.031539373099803925,17.73,23.134292602539062,1764,31406,31507,0.10973860323429108,912,0.0005,0.36,34,-24.45602796,0.40314120054244995
0.03135456517338753,17.88,23.503887176513672,1768,31479,31580,-0.25033289194107056,914,0.0005,0.35,34,-24.643537679999998,1.2597227096557617
0.031647272408008575,17.89,23.20665168762207,1772,31546,31647,0.6922949552536011,916,0.0005,0.35,34,-24.730213549999995,0.6141392588615417
0.03193434700369835,17.75,23.120052337646484,1776,31607,31708,-0.46707165241241455,917,0.0005,0.33,34,-25.471442869999997,0.2998272776603699
0.031602755188941956,17.69,23.29949188232422,1780,31676,31777,-0.15484297275543213,919,0.0005,0.34,34,-25.253385429999998,0.44894230365753174
0.03121391497552395,17.6,23.911245346069336,1784,31748,31849,-0.5932911038398743,921,0.0005,0.37,34,-24.388900749999998,1.069765567779541
0.03132794052362442,17.45,22.86520767211914,1788,31808,31909,0.5974439382553101,923,0.0005,0.37,34,-24.39087533,0.45370399951934814
0.030810290947556496,17.47,21.815940856933594,1792,31879,31980,0.543332040309906,925,0.0005,0.39,34,-23.935920649999993,0.6138759851455688
0.031275924295186996,17.46,24.85162353515625,1796,31954,32055,-0.0187142975628376,927,0.0005,0.39,34,-23.98614258,1.7645951509475708
0.031452570110559464,17.26,21.99486541748047,1800,32018,32119,1.0249836444854736,929,0.0005,0.39,34,-24.163056380000008,1.2279983758926392
0.03155415132641792,17.11,22.21735954284668,1804,32081,32182,-0.5757778882980347,931,0.0005,0.39,34,-24.198474460000003,0.6461001634597778
0.030761970207095146,17.14,23.62899398803711,1808,32157,32258,0.6178585290908813,933,0.0005,0.4,34,-24.087813339999997,1.8949685096740723
0.031524110585451126,17.15,25.806190490722656,1812,32219,32320,-0.08396707475185394,934,0.0005,0.39,34,-24.382907409999998,0.5189347267150879
0.030305059626698494,17.27,22.65532684326172,1816,32289,32390,0.8813732266426086,936,0.0005,0.38,34,-24.791500770000003,0.6340689063072205
0.03142856806516647,17.16,25.196666717529297,1820,32354,32455,-0.32570064067840576,938,0.0005,0.37,34,-24.908197440000002,0.43553996086120605
0.030812274664640427,17.04,23.529342651367188,1824,32423,32524,0.8328584432601929,940,0.0005,0.38,34,-24.822859329999996,0.8444378972053528
0.03213099390268326,16.75,24.60601234436035,1828,32486,32587,-0.38555586338043213,941,0.0005,0.39,34,-24.63263189,0.5566190481185913
0.03208281472325325,16.98,24.531198501586914,1832,32566,32667,0.26484179496765137,943,0.0005,0.37,34,-25.135675969999998,0.18879671394824982
0.032709717750549316,16.96,24.364788055419922,1836,32639,32740,-0.9347684383392334,945,0.0005,0.38,34,-24.594150959999997,0.8336688280105591
0.03302428871393204,17.09,22.763168334960938,1840,32720,32821,0.7813758254051208,948,0.0005,0.38,34,-24.56053555,0.577223539352417
0.032514799386262894,17.18,23.54947280883789,1844,32785,32886,-1.4150738716125488,949,0.0005,0.39,34,-24.40896586,0.8047789335250854
0.03257264941930771,17.22,22.670516967773438,1848,32849,32950,0.3244829773902893,951,0.0005,0.38,34,-24.65477433,0.7719408273696899
0.03224244341254234,17.21,22.355663299560547,1852,32923,33024,0.46041107177734375,953,0.0005,0.37,34,-24.799640280000002,0.4523787796497345
0.03229459375143051,17.0,23.970561981201172,1856,32976,33077,0.4375040531158447,955,0.0005,0.37,34,-24.94280315,1.0270472764968872
0.032597776502370834,17.3,22.97171401977539,1860,33075,33176,0.2253536731004715,958,0.0005,0.35,34,-25.497023679999998,1.1165354251861572
0.033192042261362076,17.6,23.365497589111328,1864,33166,33267,0.8796302080154419,960,0.0005,0.35,34,-25.47901678,0.5347939729690552
0.0328911617398262,17.46,23.715295791625977,1868,33225,33326,0.22714945673942566,962,0.0005,0.35,34,-25.59109926,0.9720466136932373
0.0335431769490242,17.59,21.657543182373047,1872,33305,33406,0.20368672907352448,964,0.0005,0.34,34,-25.802542969999994,0.8515289425849915
0.03348960727453232,17.74,24.196884155273438,1876,33381,33482,0.3174288272857666,966,0.0005,0.33,34,-26.011163970000002,0.20118138194084167
0.033058810979127884,17.71,23.899478912353516,1880,33447,33548,-0.18591134250164032,968,0.0005,0.32,34,-26.11819203,1.9103851318359375
0.0329766720533371,17.71,22.897001266479492,1884,33519,33620,-0.26382511854171753,970,0.0005,0.3,34,-26.727339890000003,0.5151997804641724
0.032549262046813965,17.95,23.767040252685547,1888,33603,33704,0.45839202404022217,972,0.0005,0.3,34,-26.76341111999999,0.19208848476409912
0.032562945038080215,17.87,23.730731964111328,1892,33666,33767,0.09723344445228577,974,0.0005,0.27,34,-27.68915345,0.33140915632247925
0.03277912363409996,17.74,23.222461700439453,1896,33728,33829,0.22438688576221466,975,0.0005,0.26,34,-27.878820340000008,0.7233304977416992
0.032408975064754486,17.85,22.99395751953125,1900,33803,33904,0.47130149602890015,978,0.0005,0.26,34,-27.663852860000002,0.39966925978660583
0.032323356717824936,18.0,23.079330444335938,1904,33881,33982,-0.19339554011821747,980,0.0005,0.26,34,-27.63910116,0.7972911596298218
0.03226921334862709,17.88,23.049001693725586,1908,33945,34046,0.09405963122844696,981,0.0005,0.26,34,-27.607655889999997,0.32359862327575684
0.03227852284908295,17.84,22.961708068847656,1912,34003,34104,0.31572502851486206,983,0.0005,0.26,34,-27.519144179999998,1.8091893196105957
0.03196989744901657,17.89,22.456995010375977,1916,34078,34179,-0.06593268364667892,985,0.0005,0.26,34,-27.412532280000004,0.5416306257247925
0.032536882907152176,17.83,23.710208892822266,1920,34137,34238,-0.023865461349487305,987,0.0005,0.27,34,-27.34150528,0.6025252342224121
0.032451167702674866,17.76,23.63896942138672,1924,34199,34300,-0.5164937376976013,988,0.0005,0.26,34,-27.69775867,0.5919586420059204
0.032020535320043564,17.77,23.823869705200195,1928,34263,34364,-0.24073684215545654,990,0.0005,0.23,34,-28.673379500000006,0.470048189163208
0.031247779726982117,17.64,22.971023559570312,1932,34330,34431,-0.14078043401241302,992,0.0005,0.23,34,-28.842637049999997,0.6556634306907654
0.032153379172086716,17.58,24.063379287719727,1936,34397,34498,-0.3350604772567749,994,0.0005,0.23,34,-29.001234750000002,0.7490441203117371
0.03149629384279251,17.43,23.356582641601562,1940,34463,34564,0.3501613140106201,995,0.0005,0.24,34,-28.84488174,0.2132481336593628
0.032360199838876724,17.38,22.63843536376953,1944,34523,34624,0.3091440796852112,997,0.0005,0.23,34,-29.00001701,0.8846394419670105
0.03185649961233139,17.38,22.73248291015625,1948,34587,34688,0.8794755339622498,999,0.0005,0.25,34,-28.40128779,1.4094946384429932
0.031980037689208984,17.36,22.958820343017578,1952,34659,34760,-1.0334575176239014,1000,0.0005,0.25,34,-28.67941863,0.20996180176734924
0.03159709274768829,17.44,24.12954330444336,1956,34720,34821,0.07225913554430008,1002,0.0005,0.26,34,-28.431195179999996,0.5603818893432617
0.03116128407418728,17.02,23.271339416503906,1960,34777,34878,0.33497580885887146,1003,0.0005,0.28,34,-27.751618449999995,0.435062438249588
0.031447503715753555,16.84,22.629966735839844,1964,34850,34951,-0.5031605958938599,1005,0.0005,0.29,34,-27.40385996,0.9939126968383789
0.031260035932064056,16.91,23.424373626708984,1968,34916,35017,0.6334205865859985,1007,0.0005,0.28,34,-27.65624247,1.0035409927368164
0.031017612665891647,16.84,22.926376342773438,1972,34989,35090,1.4693119525909424,1009,0.0005,0.27,34,-28.00915015,1.2629276514053345
0.0320621132850647,16.75,22.51963996887207,1976,35056,35157,0.130527526140213,1011,0.0005,0.29,34,-27.462301509999993,0.48272818326950073
0.03129931539297104,16.7,23.41551971435547,1980,35117,35218,0.3215804100036621,1013,0.0005,0.3,34,-27.42622114,0.6695476174354553
0.031456831842660904,16.69,21.95073127746582,1984,35188,35289,-0.14475111663341522,1015,0.0005,0.31,34,-27.156656650000006,1.2213411331176758
0.03142356500029564,16.51,22.901397705078125,1988,35254,35355,-0.713447093963623,1017,0.0005,0.33,34,-26.485081100000002,2.2054049968719482
0.03080550767481327,16.58,23.05723762512207,1992,35324,35425,-0.31289607286453247,1019,0.0005,0.36,34,-25.5576446,0.5143213868141174
0.03040715679526329,16.63,23.851856231689453,1996,35391,35492,-0.21152886748313904,1021,0.0005,0.36,34,-25.511618620000004,1.5492019653320312
0.03148980438709259,16.67,22.854110717773438,2000,35470,35571,-0.015506982803344727,1023,0.0005,0.36,34,-25.469280260000005,0.8038967847824097
0.030858531594276428,16.52,23.44861602783203,2004,35533,35634,-0.1524166464805603,1025,0.0005,0.37,34,-25.407906300000004,1.0986740589141846
0.03136355057358742,16.63,22.404605865478516,2008,35608,35709,0.42276275157928467,1027,0.0005,0.36,34,-25.63564838,0.8286298513412476
0.031704336404800415,16.57,23.243417739868164,2012,35660,35761,0.17142599821090698,1028,0.0005,0.34,34,-26.27654337,0.4526408314704895
0.03193606808781624,16.7,24.962505340576172,2016,35748,35849,-0.5873627662658691,1031,0.0005,0.34,34,-26.28725392,0.9137239456176758
0.031818363815546036,16.68,23.53274154663086,2020,35805,35906,0.36077484488487244,1032,0.0005,0.33,34,-26.59339074,0.267147421836853
0.032364267855882645,16.78,23.887210845947266,2024,35877,35978,-0.03410078585147858,1034,0.0005,0.35,34,-25.68315941,0.7772146463394165
0.032374314963817596,16.7,24.49563980102539,2028,35933,36034,0.06797671318054199,1036,0.0005,0.36,34,-25.166375099999993,0.16446448862552643
0.0320877730846405,16.89,23.442729949951172,2032,36019,36120,-0.8950098752975464,1038,0.0005,0.37,34,-24.652699749999993,1.0217833518981934
0.03173590824007988,16.81,22.620391845703125,2036,36078,36179,0.07180853933095932,1040,0.0005,0.39,34,-24.024624480000004,0.6001169681549072
0.03115210495889187,16.88,22.424423217773438,2040,36151,36252,0.49138835072517395,1042,0.0005,0.38,34,-24.031808659999996,0.28895264863967896
0.03175301477313042,17.03,22.849807739257812,2044,36226,36327,0.32802844047546387,1044,0.0005,0.38,34,-23.852897130000002,1.240986943244934
0.03205927833914757,17.12,24.316810607910156,2048,36299,36400,-0.43285781145095825,1046,0.0005,0.37,34,-23.99511241,0.35884788632392883
0.03278743103146553,17.28,23.263103485107422,2052,36387,36488,-0.2800743579864502,1048,0.0005,0.38,34,-23.501282789999994,0.8161299228668213
0.032744478434324265,17.35,23.724456787109375,2056,36455,36556,-0.21020856499671936,1050,0.0005,0.38,34,-23.46186852,1.034120798110962
0.03213900700211525,17.47,22.653888702392578,2060,36524,36625,0.914770245552063,1052,0.0005,0.38,34,-23.55004249,0.5932471752166748
0.0322749987244606,17.48,23.947799682617188,2064,36598,36699,0.7047593593597412,1054,0.0005,0.38,34,-23.534827339999996,0.2582685351371765
0.03208109363913536,17.7,23.473194122314453,2068,36686,36787,0.12081193923950195,1057,0.0005,0.38,34,-23.4255651,0.5004135370254517
0.03310062363743782,17.55,24.45193862915039,2072,36744,36845,0.1782037317752838,1058,0.0005,0.39,34,-23.425146350000006,0.679028332233429
0.03270590677857399,17.5,22.163410186767578,2076,36806,36907,0.27518096566200256,1060,0.0005,0.4,34,-23.123467460000008,0.5255715847015381
0.032614268362522125,17.46,23.28443145751953,2080,36863,36964,-0.661855936050415,1062,0.0005,0.4,34,-23.17062949,0.8934091329574585
0.03248230740427971,17.39,22.96047592163086,2084,36927,37028,0.5992622375488281,1063,0.0005,0.39,34,-23.326331939999996,0.3934744596481323
0.03245973587036133,17.43,22.560871124267578,2088,36997,37098,0.34325700998306274,1065,0.0005,0.38,34,-23.69259603,0.7763867974281311
0.031950414180755615,17.41,24.67951202392578,2092,37065,37166,-0.6741296052932739,1067,0.0005,0.37,34,-23.916843930000006,0.1625014990568161
0.03160467743873596,17.5,22.401874542236328,2096,37141,37242,0.23601308465003967,1069,0.0005,0.38,34,-23.68189814,0.7344254851341248
0.0318276584148407,17.45,22.272621154785156,2100,37215,37316,-0.3478149473667145,1071,0.0005,0.38,34,-23.809236789999996,0.8390742540359497
0.031975120306015015,17.45,23.340362548828125,2104,37278,37379,-0.04578728228807449,1073,0.0005,0.37,34,-23.73667789,1.3318928480148315
0.03192941099405289,17.37,22.731239318847656,2108,37345,37446,1.0591641664505005,1075,0.0005,0.37,34,-23.81856373,0.6063632965087891
0.032522495836019516,17.48,24.27303695678711,2112,37408,37509,1.265273094177246,1076,0.0005,0.38,34,-23.6201267,1.0278408527374268
0.032995812594890594,17.17,22.92546844482422,2116,37465,37566,-0.03682153671979904,1078,0.0005,0.38,34,-23.924957510000002,0.8241970539093018
0.0326034314930439,17.35,23.522300720214844,2120,37540,37641,0.3921518325805664,1080,0.0005,0.38,34,-23.793932100000003,0.7468420267105103
0.03270069509744644,17.36,24.399620056152344,2124,37613,37714,0.18122753500938416,1082,0.0005,0.38,34,-23.956740660000005,0.599751353263855
0.03257571905851364,17.43,24.01071548461914,2128,37676,37777,0.2566412687301636,1084,0.0005,0.38,34,-23.88931685,0.9788622260093689
0.03261836990714073,17.31,23.71044921875,2132,37750,37851,-1.1945234537124634,1086,0.0005,0.38,34,-23.983294970000003,0.31296879053115845
0.03202442824840546,17.38,22.91756820678711,2136,37816,37917,0.14957784116268158,1088,0.0005,0.36,34,-24.654371479999995,0.865816056728363
0.03245406970381737,17.39,23.097570419311523,2140,37890,37991,-0.2946317195892334,1090,0.0005,0.36,34,-24.59886809999999,0.72580885887146
0.0319727286696434,17.4,23.12908172607422,2144,37966,38067,0.8796935081481934,1092,0.0005,0.38,34,-24.158458649999996,0.338435560464859
0.03243030235171318,17.32,23.474864959716797,2148,38031,38132,0.15115976333618164,1094,0.0005,0.37,34,-24.430702470000007,2.0862045288085938
0.0327630415558815,17.1,21.898738861083984,2152,38097,38198,-0.14780032634735107,1095,0.0005,0.39,34,-24.030691830000002,0.830262303352356
0.03256236016750336,17.0,22.24877166748047,2156,38155,38256,-0.6040384769439697,1097,0.0005,0.39,34,-23.84538288,0.2472832053899765
0.03245120123028755,16.98,22.48869514465332,2160,38222,38323,1.063401460647583,1099,0.0005,0.38,34,-24.230760139999997,1.218550682067871
0.032492462545633316,17.0,23.437448501586914,2164,38298,38399,-0.4829733073711395,1101,0.0005,0.39,34,-23.902680630000006,1.5156373977661133
0.0316876582801342,16.79,22.627124786376953,2168,38365,38466,-0.18958398699760437,1103,0.0005,0.4,34,-23.68167142,0.8729910254478455
0.03160347789525986,16.73,23.209156036376953,2172,38417,38518,-0.025392353534698486,1104,0.0005,0.39,34,-23.528316129999997,1.5747973918914795
0.032229308038949966,16.86,22.923389434814453,2176,38492,38593,0.4209722578525543,1106,0.0005,0.36,34,-24.338986700000007,0.9444111585617065
0.03259005770087242,17.05,23.744606018066406,2180,38568,38669,0.8992493152618408,1108,0.0005,0.35,34,-24.355721120000002,0.2312113493680954
0.03259251266717911,17.04,22.503170013427734,2184,38631,38732,-0.4400111138820648,1110,0.0005,0.34,34,-25.03607958,0.487406849861145
0.03293546661734581,17.08,21.508594512939453,2188,38705,38806,0.002064317464828491,1112,0.0005,0.33,34,-25.300704390000007,0.927429735660553
0.03334786370396614,17.12,22.026775360107422,2192,38777,38878,0.1417078673839569,1114,0.0005,0.32,34,-25.587543350000004,0.5531190037727356
0.033114105463027954,17.01,20.995864868164062,2196,38842,38943,0.08713819086551666,1116,0.0005,0.3,34,-26.028336360000004,0.3610630929470062
0.033057186752557755,16.95,21.452377319335938,2200,38910,39011,0.2954464554786682,1117,0.0005,0.31,34,-25.643086469999993,0.5765421390533447
0.033333104103803635,17.04,22.982009887695312,2204,38982,39083,0.03518061339855194,1119,0.0005,0.32,34,-25.575816890000006,1.3891394138336182
0.03273976221680641,16.96,22.48452377319336,2208,39041,39142,0.34040942788124084,1121,0.0005,0.32,34,-25.69659656,1.6243269443511963
0.03289975970983505,17.15,23.074113845825195,2212,39123,39224,-0.2035578489303589,1123,0.0005,0.32,34,-25.593496329999997,0.4503159821033478
0.03282589465379715,17.18,20.889827728271484,2216,39183,39284,-0.19702525436878204,1125,0.0005,0.32,34,-25.457356259999997,0.33134594559669495
0.032902512699365616,17.1,23.257823944091797,2220,39250,39351,0.47186362743377686,1126,0.0005,0.34,34,-24.891011489999997,2.003469944000244
0.03243095055222511,17.21,22.63030242919922,2224,39334,39435,0.9275939464569092,1128,0.0005,0.33,34,-25.16346817,0.23590187728405
0.03342157602310181,17.28,22.29930877685547,2228,39404,39505,-0.6458032131195068,1130,0.0005,0.35,34,-24.700217050000003,0.4709870219230652
0.033066559582948685,17.28,22.807640075683594,2232,39478,39579,-0.32286685705184937,1132,0.0005,0.36,34,-24.37424432,0.8733853101730347
0.03246777504682541,17.28,21.77722930908203,2236,39544,39645,-0.6907481551170349,1134,0.0005,0.35,34,-24.674961730000003,0.34250396490097046
0.032199908047914505,17.3,22.85396385192871,2240,39620,39721,-0.7568566799163818,1136,0.0005,0.34,34,-25.021227800000002,0.4996411204338074
0.031577691435813904,17.09,23.216426849365234,2244,39675,39776,0.011070013046264648,1138,0.0005,0.31,34,-25.96491045,0.6138324737548828
0.0321129746735096,17.17,23.860309600830078,2248,39748,39849,-0.3811178207397461,1140,0.0005,0.31,34,-26.15608053,1.7719841003417969
0.03155846148729324,17.28,23.143224716186523,2252,39825,39926,0.2433687448501587,1142,0.0005,0.29,34,-26.804037130000005,0.2838932275772095
0.0315430648624897,17.34,23.202899932861328,2256,39889,39990,-0.6699360609054565,1144,0.0005,0.31,34,-26.30169184,0.1545013040304184
0.031400490552186966,17.45,21.404890060424805,2260,39967,40068,-0.6985782384872437,1161,0.0005,0.32,34,-25.860977340000005,0.8714931011199951
0.03069481998682022,17.43,21.635208129882812,2264,40041,40142,0.6679723262786865,1163,0.0005,0.3,34,-26.304282039999997,0.35537296533584595
0.030973635613918304,17.44,22.232669830322266,2268,40109,40210,-0.09183402359485626,1165,0.0005,0.3,34,-26.37205455,0.4547986388206482
0.031125830486416817,17.79,21.977054595947266,2272,40196,40297,0.7463897466659546,1168,0.0005,0.31,34,-26.12112112999999,0.25085729360580444
0.03126906976103783,17.9,20.309724807739258,2276,40282,40383,0.3023090362548828,1170,0.0005,0.31,34,-26.07047021,1.4345178604125977
0.03142444044351578,17.81,22.75832176208496,2280,40349,40450,-0.4616988003253937,1172,0.0005,0.31,34,-26.274005410000004,0.6772381663322449
0.030633356422185898,17.92,22.869396209716797,2284,40423,40524,-0.7238776087760925,1174,0.0005,0.31,34,-26.115739129999994,1.2177786827087402
0.030232040211558342,17.76,22.46661376953125,2288,40481,40582,-0.6174205541610718,1175,0.0005,0.32,34,-25.785086509999996,0.8386942148208618
0.030598443001508713,17.75,21.52535629272461,2292,40552,40653,-1.0728471279144287,1177,0.0005,0.34,34,-25.280891469999993,1.4956846237182617
0.030658820644021034,17.77,23.576223373413086,2296,40619,40720,0.34575361013412476,1179,0.0005,0.34,34,-25.42911872,1.0299928188323975
0.03064724989235401,17.75,22.853540420532227,2300,40685,40786,0.1748029589653015,1181,0.0005,0.33,34,-25.83193738,0.5110673904418945
0.03050309047102928,17.74,22.852031707763672,2304,40756,40857,1.1650786399841309,1183,0.0005,0.33,34,-25.940606569999996,0.8076673746109009
0.03100522793829441,17.91,21.831035614013672,2308,40832,40933,0.57522052526474,1185,0.0005,0.34,34,-25.531066039999995,0.5774826407432556
0.030735598877072334,17.8,21.89136505126953,2312,40903,41004,0.7877107262611389,1187,0.0005,0.34,34,-25.40217192,0.8971228003501892
0.030729349702596664,18.02,22.00464630126953,2316,40985,41086,-0.8830247521400452,1189,0.0005,0.36,34,-24.786372180000004,0.4997340142726898
0.03002854436635971,18.11,23.167701721191406,2320,41061,41162,0.3042646050453186,1191,0.0005,0.34,34,-25.416350549999997,0.5454540252685547
0.029937123879790306,18.05,21.401756286621094,2324,41139,41240,-0.11803098022937775,1193,0.0005,0.35,34,-24.96348031,0.389115571975708
0.02991078980267048,17.99,24.264482498168945,2328,41203,41304,0.019277632236480713,1195,0.0005,0.34,34,-25.38204308,0.3297518789768219
0.0299838874489069,17.84,22.148788452148438,2332,41262,41363,-0.5801193714141846,1197,0.0005,0.34,34,-25.552227589999998,0.7214555740356445
0.03011218272149563,17.89,22.375097274780273,2336,41333,41434,0.7738207578659058,1199,0.0005,0.34,34,-25.504733279999996,0.7245948910713196
0.03064979985356331,18.04,22.883216857910156,2340,41424,41525,0.2090103179216385,1201,0.0005,0.35,34,-25.19622037999999,0.4829200506210327
0.030137967318296432,18.26,21.799636840820312,2344,41501,41602,0.2472090870141983,1203,0.0005,0.36,34,-24.79404207999999,0.3445088863372803
0.029805488884449005,18.21,22.18488883972168,2348,41569,41670,-0.6047643423080444,1205,0.0005,0.37,34,-24.351937980000002,0.48785755038261414
0.029611730948090553,18.0,21.879440307617188,2352,41625,41726,0.5744478106498718,1207,0.0005,0.37,34,-24.16214478,0.43707913160324097
0.030354497954249382,18.03,22.116756439208984,2356,41692,41793,-0.8865001201629639,1209,0.0005,0.36,34,-24.300644629999997,0.2487795054912567
0.031054293736815453,18.01,22.90777587890625,2360,41768,41869,-0.07365599274635315,1211,0.0005,0.35,34,-24.565226180000003,1.0230395793914795
0.030739668756723404,17.93,22.22751235961914,2364,41834,41935,0.3942020833492279,1212,0.0005,0.36,34,-24.347162670000003,0.731499433517456
0.030295992270112038,17.87,23.096649169921875,2368,41896,41997,0.262238085269928,1214,0.0005,0.35,34,-24.6334417,0.4550682306289673
0.030426431447267532,17.67,22.267555236816406,2372,41963,42064,-0.8394222855567932,1216,0.0005,0.36,34,-24.521154529999993,0.19449594616889954
0.029846278950572014,17.47,22.298751831054688,2376,42029,42130,0.21577301621437073,1218,0.0005,0.38,34,-24.06384217,0.7162602543830872
0.02981618605554104,17.36,23.194866180419922,2380,42085,42186,-0.29950064420700073,1219,0.0005,0.39,34,-23.7057319,1.0570849180221558
0.029504789039492607,17.39,22.02377700805664,2384,42162,42263,0.5455673336982727,1221,0.0005,0.41,34,-22.92787656,1.2475576400756836
0.029168767854571342,17.43,22.880123138427734,2388,42224,42325,-0.16843067109584808,1223,0.0005,0.39,34,-23.662030490000006,0.44717180728912354
0.029341118410229683,17.49,22.677520751953125,2392,42301,42402,-0.26346632838249207,1225,0.0005,0.37,34,-24.067469430000003,0.4806895852088928
0.0294644758105278,17.64,23.90871238708496,2396,42383,42484,-1.9572324752807617,1228,0.0005,0.38,34,-23.765517470000006,1.1808183193206787
0.028926948085427284,17.63,24.171281814575195,2400,42448,42549,0.10596425831317902,1229,0.0005,0.37,34,-23.955305620000004,0.9348236918449402
0.029616059735417366,17.71,21.354942321777344,2404,42527,42628,0.0284368097782135,1231,0.0005,0.37,34,-23.69538368,0.5680283308029175
0.02966780588030815,17.58,20.71686363220215,2408,42590,42691,0.6660065054893494,1233,0.0005,0.36,34,-23.88462586,0.5966870784759521
0.029645483940839767,17.54,22.666296005249023,2412,42657,42758,-0.3072335422039032,1235,0.0005,0.37,34,-23.590774770000007,0.2226090133190155
0.029404452070593834,17.34,23.188302993774414,2416,42719,42820,-0.16793093085289001,1236,0.0005,0.34,34,-24.426600760000007,0.6308002471923828
0.029241127893328667,17.14,22.88815689086914,2420,42775,42876,0.7227196097373962,1238,0.0005,0.34,34,-24.52541801,1.1405867338180542
0.02987435646355152,17.0,23.09520721435547,2424,42839,42940,-0.2669728696346283,1240,0.0005,0.32,34,-25.114554099999996,0.5452271699905396
0.030180541798472404,17.06,22.771469116210938,2428,42909,43010,-0.14138823747634888,1242,0.0005,0.31,34,-25.36689203,0.5043326616287231
0.030193818733096123,17.06,19.947509765625,2432,42968,43069,-0.15884101390838623,1243,0.0005,0.3,34,-25.637297940000003,1.2729849815368652
0.030859988182783127,16.96,23.483367919921875,2436,43029,43130,0.20423150062561035,1245,0.0005,0.33,34,-24.63751383,0.5071883201599121
0.030684860423207283,16.65,22.752010345458984,2440,43089,43190,0.39671123027801514,1247,0.0005,0.34,34,-24.558929889999998,0.6533015370368958
0.031025119125843048,16.49,22.099702835083008,2444,43150,43251,0.16337227821350098,1248,0.0005,0.35,34,-24.46472914,0.4488278031349182
0.029916172847151756,16.62,21.636343002319336,2448,43231,43332,0.25644809007644653,1251,0.0005,0.34,34,-24.71816275,0.3314052224159241
0.029878823086619377,16.65,21.642513275146484,2452,43290,43391,-0.2180289626121521,1252,0.0005,0.33,34,-25.169702719999997,0.38192975521087646
0.029215289279818535,16.8,22.182722091674805,2456,43372,43473,-0.20351542532444,1254,0.0005,0.33,34,-25.252676170000004,0.2503054440021515
0.0295176450163126,16.8,22.256465911865234,2460,43448,43549,0.12162615358829498,1256,0.0005,0.35,34,-24.74339228000001,0.27002081274986267
0.029118670150637627,16.88,23.505191802978516,2464,43522,43623,-0.7859008312225342,1258,0.0005,0.35,34,-24.79776894,0.703964114189148
0.02832929790019989,17.05,23.560544967651367,2468,43601,43702,-0.12798896431922913,1260,0.0005,0.36,34,-24.33855051,0.6203403472900391
0.02819659933447838,17.11,21.189579010009766,2472,43674,43775,0.3314878046512604,1262,0.0005,0.37,34,-23.98487368,0.31099584698677063
0.028348810970783234,17.19,22.930757522583008,2476,43748,43849,-0.3544791340827942,1264,0.0005,0.37,34,-23.87368871,0.5869066119194031
0.028073105961084366,17.25,22.130573272705078,2480,43810,43911,-0.0817188173532486,1266,0.0005,0.38,34,-23.62601789,0.25492778420448303
0.028276192024350166,17.18,22.063560485839844,2484,43880,43981,0.13452479243278503,1268,0.0005,0.36,34,-24.30754565,1.6372029781341553
0.02812531590461731,17.07,22.54934310913086,2488,43931,44032,0.2901042103767395,1269,0.0005,0.36,34,-24.167897590000003,1.1633589267730713
0.02789989672601223,17.12,21.091339111328125,2492,44013,44114,0.16600318253040314,1272,0.0005,0.36,34,-24.162032200000002,0.7017786502838135
0.02824150025844574,17.08,23.250385284423828,2496,44091,44192,-0.3235200047492981,1274,0.0005,0.37,34,-23.90486597,0.3748040795326233
0.028133993968367577,17.27,21.636226654052734,2500,44175,44276,-0.7092493772506714,1276,0.0005,0.36,34,-24.13523449,0.6495357155799866
0.027945438399910927,17.12,22.6079158782959,2504,44239,44340,-0.922818660736084,1278,0.0005,0.35,34,-24.68765286,1.781541109085083
0.02834741212427616,17.27,21.793180465698242,2508,44317,44418,0.7774333357810974,1280,0.0005,0.36,34,-24.509863429999996,1.4544167518615723
0.02779104746878147,17.46,21.30380630493164,2512,44403,44504,-0.00791865587234497,1282,0.0005,0.35,34,-24.805776460000008,0.6699626445770264
0.02809351496398449,17.44,23.766193389892578,2516,44463,44564,0.5659137964248657,1283,0.0005,0.38,34,-23.943058389999997,1.6808736324310303
0.02812345139682293,17.44,20.951351165771484,2520,44519,44620,-0.22096675634384155,1285,0.0005,0.37,34,-24.466456010000005,1.0298011302947998
0.027917202562093735,17.37,21.829570770263672,2524,44576,44677,0.43260395526885986,1286,0.0005,0.38,34,-24.341377310000002,0.3555382490158081
0.02814462035894394,17.22,23.16387367248535,2528,44631,44732,-0.10918746888637543,1287,0.0005,0.38,34,-24.204037839999998,2.5196757316589355
0.028346365317702293,17.43,24.576663970947266,2532,44711,44812,-0.5918111205101013,1289,0.0005,0.38,34,-24.101019920000002,0.4714452624320984
0.028026342391967773,17.44,22.366548538208008,2536,44773,44874,0.445649653673172,1290,0.0005,0.37,34,-24.617065229999998,0.8725824952125549
0.028028085827827454,17.73,21.588695526123047,2540,44862,44963,-0.6168928742408752,1292,0.0005,0.35,34,-24.97465751,1.0686651468276978
0.02780056931078434,18.08,20.39051628112793,2544,44958,45059,-0.23124802112579346,1295,0.0005,0.34,34,-25.08976901,0.24376463890075684
0.02806231379508972,17.94,22.338031768798828,2548,45025,45126,-0.22967329621315002,1297,0.0005,0.35,34,-24.82863552,0.350147008895874
0.027691325172781944,18.08,22.084062576293945,2552,45098,45199,-0.011038750410079956,1299,0.0005,0.35,34,-24.612102849999996,0.34490641951560974
0.027854448184370995,17.93,22.083660125732422,2556,45165,45266,-0.2039930522441864,1300,0.0005,0.35,34,-24.60123168,0.19439253211021423
0.02762819640338421,17.9,21.476428985595703,2560,45238,45339,-1.000948190689087,1302,0.0005,0.33,34,-25.332582379999998,0.3703581988811493
0.027140678837895393,18.06,21.98427391052246,2564,45328,45429,0.5359205007553101,1305,0.0005,0.31,34,-25.87135838,1.8142743110656738
0.02797277644276619,17.9,23.062793731689453,2568,45391,45492,0.10982637107372284,1306,0.0005,0.31,34,-26.05593173,0.7380785346031189
0.027969514951109886,17.86,21.97936248779297,2572,45460,45561,0.2609447240829468,1308,0.0005,0.29,34,-26.702206380000003,1.940161943435669
0.02863183803856373,17.62,21.467914581298828,2576,45510,45611,1.3671247959136963,1310,0.0005,0.27,34,-27.42395289,0.6378018260002136
0.028270449489355087,17.77,22.912370681762695,2580,45587,45688,-1.8855949640274048,1311,0.0005,0.25,34,-27.818805690000005,0.2405635565519333
0.028067277744412422,17.72,21.36736488342285,2584,45652,45753,0.7711899280548096,1313,0.0005,0.27,34,-27.171040509999997,1.246204137802124
0.02832566387951374,17.82,21.299968719482422,2588,45713,45814,0.5429838299751282,1315,0.0005,0.27,34,-27.34597106,0.8908828496932983
0.02817290462553501,17.77,20.578617095947266,2592,45790,45891,0.09618042409420013,1317,0.0005,0.27,34,-27.31108858,0.6838011741638184
0.028402473777532578,17.76,21.87810516357422,2596,45867,45968,1.6975035667419434,1319,0.0005,0.27,34,-27.1972744,0.2372872531414032
0.029056835919618607,17.59,21.593746185302734,2600,45934,46035,0.22235321998596191,1320,0.0005,0.28,34,-26.873938380000006,0.2922086715698242
0.029370561242103577,17.67,22.171722412109375,2604,46006,46107,-1.0176657438278198,1322,0.0005,0.29,34,-26.315933120000004,0.7075294852256775
0.028591617941856384,17.87,24.943653106689453,2608,46104,46205,-1.2933266162872314,1325,0.0005,0.27,34,-26.647874869999992,0.6652488708496094
0.02867324836552143,17.8,23.108280181884766,2612,46183,46284,0.33311113715171814,1327,0.0005,0.28,34,-26.391979080000006,0.5373152494430542
0.029003126546740532,17.87,21.2852725982666,2616,46250,46351,0.18741010129451752,1329,0.0005,0.28,34,-26.363230609999995,0.6131567358970642
0.028659626841545105,18.12,23.367122650146484,2620,46331,46432,-0.7979871034622192,1331,0.0005,0.3,34,-25.564753699999997,0.5202370882034302
0.028121300041675568,18.21,22.083026885986328,2624,46397,46498,-0.3998474180698395,1333,0.0005,0.31,34,-25.362342780000002,0.3360850512981415
0.027502235025167465,18.41,21.207290649414062,2628,46472,46573,0.8404991626739502,1335,0.0005,0.31,34,-25.301555670000003,0.4935903549194336
0.027539078146219254,18.29,22.903362274169922,2632,46540,46641,-0.7867896556854248,1337,0.0005,0.31,34,-25.298586929999995,0.2570432424545288
0.027790959924459457,18.34,23.170799255371094,2636,46607,46708,-0.47190606594085693,1339,0.0005,0.32,34,-24.920173950000002,0.8495639562606812
0.027381576597690582,18.24,21.881845474243164,2640,46686,46787,-0.05203741788864136,1341,0.0005,0.34,34,-24.381637179999995,0.5457305908203125
0.02744750678539276,17.94,23.191099166870117,2644,46752,46853,-0.0465494766831398,1342,0.0005,0.36,34,-23.809029000000006,0.5005018711090088
0.027126315981149673,17.88,22.47956085205078,2648,46813,46914,-0.05281040072441101,1344,0.0005,0.37,34,-23.61033808,1.6009604930877686
0.026441145688295364,17.74,21.809614181518555,2652,46872,46973,-0.31839001178741455,1345,0.0005,0.38,34,-23.452352769999994,0.5310488939285278
0.026665322482585907,17.69,22.121797561645508,2656,46934,47035,-0.2732250392436981,1347,0.0005,0.37,34,-23.796978179999996,0.6869034767150879
0.026498664170503616,17.68,22.496654510498047,2660,47006,47107,-0.5753380060195923,1349,0.0005,0.36,34,-23.894925170000008,1.1901626586914062
0.026309942826628685,17.63,21.94271469116211,2664,47091,47192,-0.1345985233783722,1351,0.0005,0.37,34,-23.720387459999998,0.41760414838790894
0.02681848220527172,17.59,20.394426345825195,2668,47150,47251,0.5419864058494568,1353,0.0005,0.37,34,-23.668837799999995,1.0938806533813477
0.026742909103631973,17.54,22.02599334716797,2672,47214,47315,-0.25753530859947205,1355,0.0005,0.36,34,-24.022183209999998,1.4534296989440918
0.026555122807621956,17.59,22.083295822143555,2676,47269,47370,-0.08581768721342087,1356,0.0005,0.36,34,-23.99852586,0.5674659013748169
0.026959730312228203,17.66,21.98691177368164,2680,47353,47454,-0.3201026916503906,1358,0.0005,0.37,34,-23.78562861,0.2718319296836853
0.026237811893224716,17.77,20.8220157623291,2684,47429,47530,0.0148661769926548,1360,0.0005,0.35,34,-24.411747639999998,0.45859140157699585
0.026465389877557755,17.99,21.045459747314453,2688,47512,47613,0.19966007769107819,1363,0.0005,0.37,34,-23.62944441,2.2549948692321777
0.02627640590071678,18.09,20.89944839477539,2692,47599,47700,0.8372710943222046,1365,0.0005,0.37,34,-23.604945570000005,0.3940695524215698
0.026682570576667786,18.13,22.99545669555664,2696,47680,47781,0.69279944896698,1367,0.0005,0.38,34,-23.355576920000004,0.8341692686080933
0.02674192748963833,18.04,21.40431785583496,2700,47738,47839,0.015832718461751938,1369,0.0005,0.38,34,-23.47297247,0.5484004020690918
0.026399942114949226,18.01,24.176471710205078,2704,47807,47908,-0.2813870310783386,1371,0.0005,0.38,34,-23.455960640000004,0.29912930727005005
0.02645203471183777,17.71,20.913711547851562,2708,47875,47976,-0.4588163495063782,1373,0.0005,0.4,34,-23.05282533,0.353597491979599
0.026333037763834,17.7,20.83013916015625,2712,47953,48054,-1.0936410427093506,1375,0.0005,0.39,34,-23.39240031,0.220199316740036
0.025759316980838776,17.59,20.407058715820312,2716,48009,48110,-0.308538019657135,1376,0.0005,0.37,34,-24.100225639999998,0.18698304891586304
0.025972839444875717,17.56,21.410015106201172,2720,48087,48188,0.07499133050441742,1378,0.0005,0.37,34,-23.933613560000005,1.0928810834884644
0.02635306678712368,17.63,21.888996124267578,2724,48160,48261,-0.15834839642047882,1380,0.0005,0.36,34,-23.934018750000003,0.5516226291656494
0.026463545858860016,17.6,21.186511993408203,2728,48232,48333,0.24839167296886444,1382,0.0005,0.35,34,-24.270768429999997,0.4062461853027344
0.026110926643013954,17.61,20.83676528930664,2732,48301,48402,0.10719446837902069,1384,0.0005,0.36,34,-24.03011798,0.4350670874118805
0.02591199055314064,17.61,23.172231674194336,2736,48368,48469,-0.5526989698410034,1386,0.0005,0.35,34,-24.26281681,0.48560240864753723
0.025979138910770416,17.68,21.604652404785156,2740,48454,48555,0.21821343898773193,1388,0.0005,0.35,34,-24.34081508,1.6628426313400269
0.02611078880727291,17.68,20.042726516723633,2744,48520,48621,0.021402597427368164,1390,0.0005,0.32,34,-25.334867170000003,0.1809791922569275
0.02623746730387211,17.73,23.512218475341797,2748,48586,48687,0.15625105798244476,1391,0.0005,0.3,34,-25.843284260000004,1.9431514739990234
0.02668990008533001,17.8,21.04962158203125,2752,48652,48753,0.20985303819179535,1393,0.0005,0.31,34,-25.469981930000003,0.25928255915641785
0.027457082644104958,17.9,22.003643035888672,2756,48724,48825,-0.4562956988811493,1395,0.0005,0.31,34,-25.572799210000003,0.14168624579906464
0.026396581903100014,17.8,21.810989379882812,2760,48786,48887,-0.04244571924209595,1396,0.0005,0.33,34,-25.170606520000007,1.3142354488372803
0.026473239064216614,17.63,24.244129180908203,2764,48854,48955,-0.2814766466617584,1398,0.0005,0.34,35,-24.726017860000006,1.1659793853759766
0.025877978652715683,17.68,23.40707778930664,2768,48918,49019,0.6724711656570435,1400,0.0005,0.33,35,-25.20940422,2.013763427734375
0.026291057467460632,17.7,22.255897521972656,2772,48984,49085,0.5781935453414917,1401,0.0005,0.33,35,-25.275722769999998,1.4320142269134521
0.026238730177283287,17.74,22.67306137084961,2776,49043,49144,0.6468895673751831,1403,0.0005,0.35,35,-24.72326212,1.5803003311157227
0.02666321210563183,17.7,22.670970916748047,2780,49123,49224,0.6823645830154419,1405,0.0005,0.35,35,-24.88221313000001,0.9308270215988159
0.02588806301355362,17.54,21.922000885009766,2784,49183,49284,0.20017379522323608,1406,0.0005,0.38,35,-23.967789230000005,1.533813714981079
0.026015764102339745,17.39,21.029216766357422,2788,49251,49352,0.20699794590473175,1408,0.0005,0.37,35,-24.363147719999997,0.2641043961048126
0.026460062712430954,17.16,22.959184646606445,2792,49315,49416,0.27420419454574585,1410,0.0005,0.36,35,-24.873919820000005,1.0947842597961426
0.026299331337213516,17.13,21.609607696533203,2796,49393,49494,0.1316668689250946,1412,0.0005,0.35,35,-25.029945970000004,0.33720752596855164
0.02696581929922104,17.37,23.050512313842773,2800,49475,49576,0.44118553400039673,1414,0.0005,0.36,35,-24.739895179999998,0.45829954743385315
0.02721109427511692,17.36,22.062503814697266,2804,49543,49644,1.579871654510498,1416,0.0005,0.35,35,-25.22487746,0.35428720712661743
0.028386639431118965,17.27,21.32663345336914,2808,49602,49703,-0.13837844133377075,1417,0.0005,0.34,35,-25.500419830000002,0.7747579216957092
0.028493162244558334,17.27,22.6373233795166,2812,49680,49781,-1.065810203552246,1419,0.0005,0.35,35,-25.12777108,0.34794604778289795
0.02841750532388687,17.29,21.378108978271484,2816,49738,49839,-0.11872786283493042,1421,0.0005,0.37,35,-24.4484049,1.68131685256958
0.027967141941189766,17.18,22.016311645507812,2820,49805,49906,0.4344271421432495,1423,0.0005,0.36,35,-24.737002610000005,0.940102756023407
0.028180133551359177,17.14,22.17533302307129,2824,49874,49975,-0.34369564056396484,1424,0.0005,0.37,35,-24.468390049999996,2.068234443664551
0.0274198055267334,17.28,20.98809242248535,2828,49960,50061,0.06366089731454849,1442,0.0005,0.38,34,-24.142468869999995,0.7125457525253296
0.027180101722478867,17.18,22.89837074279785,2832,50019,50120,-0.15636789798736572,1443,0.0005,0.38,34,-24.11695847,0.48398250341415405
0.026930656284093857,17.09,21.612476348876953,2836,50077,50178,-0.6402726173400879,1445,0.0005,0.36,34,-24.858392750000004,2.0238699913024902
0.02702292613685131,16.86,22.383319854736328,2840,50140,50241,-0.7021870613098145,1446,0.0005,0.36,34,-24.78480161,1.6940999031066895
0.026750173419713974,16.85,22.697383880615234,2844,50205,50306,-0.21677666902542114,1448,0.0005,0.37,34,-24.226502970000002,0.6556820273399353
0.0266090240329504,16.82,21.245161056518555,2848,50268,50369,-1.2949507236480713,1450,0.0005,0.37,34,-24.273974980000002,1.0945327281951904
0.02616778016090393,16.92,22.25043487548828,2852,50344,50445,-0.17125040292739868,1452,0.0005,0.36,34,-24.581051049999996,1.2539818286895752
0.025712084025144577,17.09,21.360794067382812,2856,50433,50534,-0.30029237270355225,1454,0.0005,0.36,34,-24.284185049999998,1.1117900609970093
0.02545526809990406,17.18,21.677318572998047,2860,50504,50605,0.12127954512834549,1456,0.0005,0.36,34,-24.1850645,0.9704512357711792
0.02567278780043125,17.2,22.402179718017578,2864,50574,50675,-0.7117959260940552,1458,0.0005,0.36,34,-24.283577029999996,0.28126057982444763
0.025545239448547363,17.15,22.727169036865234,2868,50633,50734,-0.8382561206817627,1459,0.0005,0.37,34,-23.804262969999996,0.575411856174469
0.025262225419282913,17.28,22.309757232666016,2872,50712,50813,0.5353767275810242,1461,0.0005,0.4,34,-22.79840326,1.1509441137313843
0.025462234392762184,17.44,19.836000442504883,2876,50787,50888,1.4019272327423096,1463,0.0005,0.38,34,-23.22061174,0.5438690781593323
0.02561185508966446,17.31,22.354801177978516,2880,50854,50955,0.3065865933895111,1464,0.0005,0.38,34,-23.009065900000007,2.3354575634002686
0.026174413040280342,17.53,23.034732818603516,2884,50936,51037,-0.3014522194862366,1467,0.0005,0.35,34,-23.817530389999998,0.3093640208244324
0.02605009451508522,17.71,23.632678985595703,2888,51022,51123,-0.7074373960494995,1469,0.0005,0.35,34,-23.587642879999997,0.23339885473251343
0.02516353316605091,17.93,22.63170623779297,2892,51108,51209,-0.23280076682567596,1471,0.0005,0.36,34,-23.03861512,0.32714134454727173
0.025361021980643272,17.83,22.580921173095703,2896,51176,51277,-0.6871254444122314,1473,0.0005,0.36,34,-23.027034780000005,0.8112078905105591
0.025254208594560623,17.74,20.362178802490234,2900,51249,51350,-0.47281718254089355,1475,0.0005,0.34,34,-23.44704637,0.12383303046226501
0.025060757994651794,17.61,21.746015548706055,2904,51304,51405,0.1293526291847229,1477,0.0005,0.34,34,-23.43459906,1.2365903854370117
0.024300022050738335,17.71,23.172386169433594,2908,51373,51474,1.1129363775253296,1479,0.0005,0.34,34,-23.42238255,1.048412561416626
0.024242866784334183,17.81,21.127361297607422,2912,51461,51562,-0.12116768956184387,1481,0.0005,0.32,34,-24.06952076,0.33501917123794556
0.023674005642533302,18.01,23.759689331054688,2916,51539,51640,-0.04247525334358215,1484,0.0005,0.3,34,-24.633115820000004,0.9656213521957397
0.024373440071940422,18.04,22.27277183532715,2920,51609,51710,2.11956787109375,1486,0.0005,0.3,34,-24.706162359999997,0.3449624478816986
0.025271430611610413,18.01,21.522296905517578,2924,51675,51776,0.590933620929718,1488,0.0005,0.29,34,-25.22885058,0.8705305457115173
0.025597061961889267,17.71,23.34379005432129,2928,51731,51832,-0.23340830206871033,1489,0.0005,0.3,34,-24.984656479999998,0.7488238215446472
0.02568918466567993,17.91,20.931623458862305,2932,51810,51911,0.4488868713378906,1491,0.0005,0.29,34,-25.202321320000006,1.6404821872711182
0.025859907269477844,18.05,22.20681381225586,2936,51882,51983,-0.04643746465444565,1493,0.0005,0.3,34,-24.7085564,0.2879224419593811
0.025716707110404968,18.06,22.671268463134766,2940,51946,52047,-0.29492369294166565,1495,0.0005,0.31,34,-24.545867480000005,0.4037516117095947
0.02491338923573494,18.28,22.626754760742188,2944,52033,52134,-0.24345806241035461,1497,0.0005,0.32,34,-24.39824905,0.28150659799575806
0.024579277262091637,18.42,24.085697174072266,2948,52110,52211,-0.6357374787330627,1499,0.0005,0.31,34,-24.625205299999998,0.4353727102279663
0.024111274629831314,18.38,21.81409454345703,2952,52182,52283,-0.1726660132408142,1501,0.0005,0.32,34,-24.43998353,1.497983455657959
0.02425910159945488,18.14,23.379852294921875,2956,52247,52348,0.1422673910856247,1503,0.0005,0.33,34,-24.2878172,0.537388026714325
0.02423526719212532,18.22,20.802196502685547,2960,52326,52427,1.0659105777740479,1505,0.0005,0.32,34,-24.553640290000004,0.9012277126312256
0.02455737628042698,18.25,23.03415298461914,2964,52399,52500,-0.643878698348999,1507,0.0005,0.32,34,-24.478286370000006,0.20368434488773346
0.024604642763733864,18.41,21.631431579589844,2968,52474,52575,-0.28463008999824524,1509,0.0005,0.34,34,-23.942318830000005,0.3207486867904663
0.02496255375444889,18.26,20.961816787719727,2972,52538,52639,0.3484204411506653,1511,0.0005,0.32,34,-24.48011382,0.6108900308609009
0.024534739553928375,18.16,21.75806427001953,2976,52603,52704,0.4738313555717468,1513,0.0005,0.33,34,-24.092109070000003,1.2979826927185059
0.024351129308342934,18.07,20.849210739135742,2980,52661,52762,0.36615490913391113,1515,0.0005,0.31,34,-25.001144350000004,0.7616070508956909
0.02489473856985569,17.89,22.589275360107422,2984,52725,52826,-0.3999943733215332,1517,0.0005,0.32,34,-24.781643000000003,0.46714872121810913
0.025044938549399376,17.89,23.30529022216797,2988,52811,52912,0.5106253623962402,1519,0.0005,0.31,34,-25.15944713,1.6581318378448486
0.02563396841287613,17.7,22.876163482666016,2992,52878,52979,-0.1376025378704071,1521,0.0005,0.3,34,-25.55975187,0.48893553018569946
0.025268184021115303,17.61,22.177757263183594,2996,52937,53038,-0.2113378643989563,1522,0.0005,0.29,34,-26.08486021,1.0535756349563599
0.024936335161328316,17.53,20.66330337524414,3000,53002,53103,0.3545541763305664,1524,0.0005,0.29,34,-26.220766190000003,0.18429580330848694
0.02440607361495495,17.68,20.94441032409668,3004,53072,53173,-0.8824619054794312,1526,0.0005,0.29,34,-26.4646393,0.31353721022605896
0.024374770000576973,17.69,21.5810546875,3008,53142,53243,0.06614544987678528,1528,0.0005,0.3,34,-26.21238351,0.4067171812057495
0.024809055030345917,17.51,22.191055297851562,3012,53212,53313,0.24612957239151,1530,0.0005,0.33,34,-25.279043239999996,1.0134634971618652
0.024702291935682297,17.37,22.021146774291992,3016,53276,53377,-0.43210381269454956,1532,0.0005,0.33,34,-25.2503131,0.5892910361289978
0.025088591501116753,17.62,23.03594207763672,3020,53371,53472,0.14042600989341736,1534,0.0005,0.34,34,-24.968400439999996,0.22020307183265686
0.025068053975701332,17.66,22.931011199951172,3024,53441,53542,-0.6102338433265686,1536,0.0005,0.36,34,-24.20663536,0.5506834387779236
0.02519235759973526,17.87,21.43839454650879,3028,53518,53619,0.658764123916626,1539,0.0005,0.34,34,-24.769888389999995,1.2493972778320312
0.02495613880455494,17.72,21.96247100830078,3032,53582,53683,0.41342824697494507,1541,0.0005,0.34,34,-24.86528364,0.28341567516326904
0.024607129395008087,17.86,21.48674201965332,3036,53668,53769,0.24103699624538422,1543,0.0005,0.34,34,-24.83932694,0.8009251356124878
0.024801675230264664,17.96,21.564353942871094,3040,53742,53843,0.20274704694747925,1545,0.0005,0.31,34,-25.69819802,0.34100404381752014
0.02468995563685894,17.83,23.464908599853516,3044,53816,53917,0.005389213562011719,1547,0.0005,0.31,34,-25.76323728,1.9150948524475098
0.024586105719208717,17.87,23.210832595825195,3048,53897,53998,-0.6491718292236328,1550,0.0005,0.31,34,-25.9375656,0.5445802807807922
0.025052500888705254,17.77,22.040773391723633,3052,53959,54060,-0.3144882619380951,1551,0.0005,0.3,34,-26.213680009999997,0.10151376575231552
0.025287333875894547,17.82,22.803197860717773,3056,54029,54130,-0.5232468843460083,1553,0.0005,0.29,34,-26.499075759999997,1.16651451587677
0.025215433910489082,17.68,21.27994155883789,3060,54094,54195,-0.26323938369750977,1555,0.0005,0.3,34,-26.38317291,1.2098827362060547
0.025097237899899483,17.48,21.943742752075195,3064,54147,54248,-0.09250802546739578,1557,0.0005,0.29,34,-26.672042450000006,0.32920029759407043
0.024498149752616882,17.57,21.673141479492188,3068,54231,54332,0.028517410159111023,1559,0.0005,0.28,34,-26.952804070000003,1.361382007598877
0.024929549545049667,17.47,22.500900268554688,3072,54285,54386,0.4813968539237976,1560,0.0005,0.27,34,-27.20378356,0.796334445476532
0.025504952296614647,17.4,20.316234588623047,3076,54343,54444,-0.492872953414917,1562,0.0005,0.27,34,-27.4968167,0.8870309591293335
0.02526792883872986,17.71,21.388648986816406,3080,54432,54533,-0.19322985410690308,1564,0.0005,0.28,34,-27.05201039,0.38684162497520447
0.02517899125814438,17.9,20.30248260498047,3084,54515,54616,0.08540479838848114,1566,0.0005,0.28,34,-27.160230389999995,0.24498170614242554
0.024593809619545937,17.94,25.225685119628906,3088,54605,54706,-0.32878348231315613,1569,0.0005,0.29,34,-27.00424686,0.776146411895752
0.025578008964657784,17.9,22.756610870361328,3092,54668,54769,0.37713903188705444,1570,0.0005,0.3,34,-26.899999100000006,0.9478964805603027
0.027588913217186928,18.19,23.0316162109375,3096,54756,54857,0.9397003054618835,1572,0.0005,0.31,34,-26.450218400000004,0.7008041143417358
0.029335323721170425,18.45,22.01230812072754,3100,54847,54948,0.38803109526634216,1574,0.0005,0.32,34,-26.181477540000007,2.955754041671753
0.029201345518231392,18.4,24.050155639648438,3104,54912,55013,-0.37647950649261475,1576,0.0005,0.31,34,-26.104152889999995,0.2315344214439392
0.029102928936481476,18.55,21.75884246826172,3108,54997,55098,0.4226134717464447,1578,0.0005,0.31,34,-26.169324159999995,1.3631916046142578
0.029548484832048416,18.61,21.89352798461914,3112,55073,55174,0.6269845366477966,1580,0.0005,0.28,34,-27.05834265,0.8375113010406494
0.029823031276464462,18.88,21.831697463989258,3116,55164,55265,-0.19843867421150208,1582,0.0005,0.28,34,-27.06306168,0.18822112679481506
0.02983151003718376,18.7,21.039806365966797,3120,55241,55342,0.6254234313964844,1584,0.0005,0.28,34,-26.97906112,0.27011537551879883
0.030006293207406998,18.75,21.763023376464844,3124,55316,55417,-0.2842615246772766,1586,0.0005,0.27,34,-27.327666720000007,0.5734585523605347
0.030163709074258804,18.62,22.21946907043457,3128,55380,55481,-0.20372867584228516,1588,0.0005,0.28,34,-27.11726787,0.2511560022830963
0.030408605933189392,18.81,23.548524856567383,3132,55463,55564,-0.5248630046844482,1590,0.0005,0.29,34,-26.793138180000007,0.2886931300163269
0.030514603480696678,18.66,21.126781463623047,3136,55534,55635,-0.17910708487033844,1592,0.0005,0.29,34,-26.83477292,0.7986604571342468
0.030702590942382812,18.78,22.409584045410156,3140,55620,55721,0.11707243323326111,1595,0.0005,0.3,34,-26.515828689999992,0.9095199108123779
0.03084929846227169,18.91,22.469940185546875,3144,55707,55808,0.18748599290847778,1597,0.0005,0.29,34,-26.793419640000003,0.1271427869796753
0.030783556401729584,18.79,21.839885711669922,3148,55776,55877,0.8046651482582092,1599,0.0005,0.3,34,-26.583256799999994,0.20024310052394867
0.03069755621254444,18.79,22.455310821533203,3152,55838,55939,-0.11550885438919067,1601,0.0005,0.29,34,-26.832911379999995,0.7370773553848267
0.030049508437514305,18.72,20.899765014648438,3156,55901,56002,-0.42381879687309265,1603,0.0005,0.28,34,-27.15265832,0.34638288617134094
0.029614774510264397,18.68,22.22599220275879,3160,55962,56063,0.6016786098480225,1604,0.0005,0.27,34,-27.461699239999998,0.2964092493057251
0.029247604310512543,18.74,22.25856590270996,3164,56021,56122,0.2962189018726349,1606,0.0005,0.29,34,-26.886608240000005,0.3198632001876831
0.028823010623455048,18.57,22.438894271850586,3168,56088,56189,-0.17081013321876526,1608,0.0005,0.27,34,-27.360336970000002,0.6695793867111206
0.029098425060510635,18.64,21.524070739746094,3172,56149,56250,-0.17972838878631592,1610,0.0005,0.29,34,-26.933808239999998,0.39419376850128174
0.02873491495847702,18.65,20.68117904663086,3176,56208,56309,1.468554973602295,1612,0.0005,0.3,34,-26.50175411,0.3939227759838104
0.02851136215031147,18.52,21.593276977539062,3180,56284,56385,-0.16201290488243103,1614,0.0005,0.31,34,-26.198472180000003,0.3890873193740845
0.02828720398247242,18.41,22.686168670654297,3184,56356,56457,-0.08406582474708557,1616,0.0005,0.32,34,-25.89918624,0.38963592052459717
0.028019431978464127,18.24,20.73525619506836,3188,56429,56530,-0.5448327660560608,1618,0.0005,0.32,34,-25.928742860000003,0.5394419431686401
0.028134535998106003,18.48,21.586843490600586,3192,56516,56617,0.37449026107788086,1620,0.0005,0.33,34,-25.523283480000003,0.6329834461212158
0.028028085827827454,18.49,21.911224365234375,3196,56605,56706,0.5660356879234314,1622,0.0005,0.33,34,-25.488565890000004,1.1481345891952515
0.027552573010325432,18.27,21.640844345092773,3200,56674,56775,-0.020317137241363525,1624,0.0005,0.33,34,-25.740758109999998,0.3730244040489197
0.026698395609855652,18.48,20.73660659790039,3204,56760,56861,-0.4673427939414978,1626,0.0005,0.34,34,-25.44414173,0.18177805840969086
0.025804607197642326,18.33,19.282392501831055,3208,56830,56931,-0.09102588891983032,1628,0.0005,0.32,34,-25.910729020000005,0.61334228515625
0.025695715099573135,18.42,23.52251434326172,3212,56915,57016,-0.38439732789993286,1630,0.0005,0.34,34,-25.365485819999993,0.20817717909812927
0.025394951924681664,18.32,21.008445739746094,3216,56996,57097,0.3720344305038452,1632,0.0005,0.34,34,-25.457993879999993,0.318594753742218
0.02505967579782009,18.24,20.505733489990234,3220,57065,57166,-0.22925135493278503,1634,0.0005,0.34,34,-25.53910978,0.15051642060279846
0.025508565828204155,18.26,20.866554260253906,3224,57142,57243,-0.024914562702178955,1637,0.0005,0.33,34,-25.91330764,0.5622159242630005
0.025780746713280678,18.26,22.77406883239746,3228,57206,57307,0.32394540309906006,1638,0.0005,0.33,34,-26.058316070000004,2.542367458343506
0.026406213641166687,17.95,21.124038696289062,3232,57258,57359,0.2519295811653137,1640,0.0005,0.31,34,-26.6297512,0.3287743926048279
0.02664095163345337,18.05,21.056156158447266,3236,57339,57440,-0.19803054630756378,1642,0.0005,0.32,34,-26.42164826,0.6198868751525879
0.026462372392416,18.0,21.54010772705078,3240,57420,57521,-0.055119723081588745,1644,0.0005,0.32,34,-26.26361769,0.4888417720794678
0.026021575555205345,17.88,20.952865600585938,3244,57495,57596,0.31774309277534485,1646,0.0005,0.33,34,-25.96286817,0.7314453125
0.025955742225050926,17.89,21.269012451171875,3248,57565,57666,-0.05725783854722977,1648,0.0005,0.33,34,-25.70958402999999,0.2705487310886383
0.025562500581145287,18.25,22.39493751525879,3252,57663,57764,0.2211361974477768,1650,0.0005,0.33,34,-25.491676199999997,0.5711885690689087
0.02561761811375618,18.47,21.430177688598633,3256,57748,57849,0.7040966749191284,1652,0.0005,0.35,34,-24.880240450000002,1.022513508796692
0.026328429579734802,18.54,21.98084831237793,3260,57816,57917,-0.27863451838493347,1654,0.0005,0.35,35,-24.828807570000002,0.34236007928848267
0.02685275673866272,18.71,20.950092315673828,3264,57892,57993,0.4589540660381317,1656,0.0005,0.35,35,-25.04732991,0.29696059226989746
0.0273628868162632,18.87,19.59723663330078,3268,57975,58076,0.6861406564712524,1658,0.0005,0.34,35,-25.381896930000003,0.6572866439819336
0.027073562145233154,19.04,22.685688018798828,3272,58053,58154,-0.7743465304374695,1661,0.0005,0.33,35,-25.586116320000006,0.08876903355121613
0.02670297957956791,19.18,21.05988311767578,3276,58126,58227,-0.11336608976125717,1663,0.0005,0.32,35,-25.84648973,0.2060500979423523
0.026850778609514236,19.22,20.288036346435547,3280,58206,58307,-0.9879183769226074,1665,0.0005,0.32,35,-25.70443943,0.5113673210144043
0.025971515104174614,19.32,21.72035026550293,3284,58288,58389,0.11505098640918732,1667,0.0005,0.33,35,-25.424018339999996,1.3678765296936035
0.026008475571870804,19.46,21.369211196899414,3288,58375,58476,-0.48918014764785767,1670,0.0005,0.33,35,-25.36579526,0.14298023283481598
0.025806691497564316,19.32,21.31662368774414,3292,58448,58549,-1.582838535308838,1672,0.0005,0.33,35,-25.36554638,0.21289321780204773
0.025666318833827972,19.1,21.438560485839844,3296,58515,58616,0.08886215090751648,1674,0.0005,0.32,35,-25.926414,1.3550254106521606
0.025522349402308464,19.14,21.892135620117188,3300,58588,58689,0.6593655943870544,1676,0.0005,0.32,35,-25.656565050000005,0.5092501044273376
0.025864243507385254,18.96,21.41730499267578,3304,58656,58757,0.27805832028388977,1677,0.0005,0.31,35,-26.163297749999998,0.4095214009284973
0.025948021560907364,18.97,21.483434677124023,3308,58727,58828,0.7428523302078247,1679,0.0005,0.34,35,-25.42816524,0.6956835389137268
0.026226503774523735,18.88,20.165569305419922,3312,58803,58904,-0.25956040620803833,1681,0.0005,0.35,35,-25.14127414,0.2071576863527298
0.0260727908462286,18.77,20.983570098876953,3316,58873,58974,-0.051608651876449585,1683,0.0005,0.35,35,-25.1215696,0.6596440076828003
0.02577507495880127,18.73,22.843534469604492,3320,58938,59039,-0.46119287610054016,1685,0.0005,0.34,35,-25.44663813,0.3143916428089142
0.025476280599832535,18.6,21.754350662231445,3324,59002,59103,-0.34515589475631714,1687,0.0005,0.35,35,-25.22422983,0.504547119140625
0.0254516564309597,18.63,22.28133201599121,3328,59069,59170,0.46868765354156494,1688,0.0005,0.35,35,-25.145499570000002,2.7114973068237305
0.025233956053853035,18.92,22.366050720214844,3332,59150,59251,0.004868701100349426,1691,0.0005,0.37,35,-24.642070629999992,0.6493188738822937
0.025935515761375427,18.86,19.671642303466797,3336,59225,59326,0.1594235897064209,1693,0.0005,0.38,35,-24.277010559999997,0.33444538712501526
0.026404090225696564,18.68,22.082855224609375,3340,59288,59389,0.8313944339752197,1694,0.0005,0.39,35,-24.2176568,0.9164888858795166
0.026420999318361282,18.64,20.27499771118164,3344,59359,59460,0.07207149267196655,1696,0.0005,0.38,35,-24.593270900000004,0.3003929853439331
0.02660868689417839,18.76,21.930133819580078,3348,59441,59542,0.5824701189994812,1698,0.0005,0.39,35,-24.319499,0.31318503618240356
0.027045531198382378,18.55,21.77873992919922,3352,59518,59619,0.5816730856895447,1701,0.0005,0.43,35,-23.397989170000002,0.7036057114601135
0.027400651946663857,18.55,20.753482818603516,3356,59603,59704,-0.4418879747390747,1703,0.0005,0.42,35,-23.768562000000003,0.9363716840744019
0.027501875534653664,18.69,20.845561981201172,3360,59685,59786,0.46472182869911194,1705,0.0005,0.43,35,-23.318679799999998,0.7867106795310974
0.027695074677467346,18.63,24.237716674804688,3364,59755,59856,-0.255391001701355,1707,0.0005,0.41,35,-23.718749419999995,1.7463061809539795
0.02706565521657467,18.62,20.40186309814453,3368,59837,59938,5.510449409484863e-05,1709,0.0005,0.44,35,-22.8948344,0.5095623731613159
0.02739116922020912,18.38,20.09365463256836,3372,59891,59992,-0.23893725872039795,1711,0.0005,0.44,35,-22.85410602,0.5309027433395386
0.027221588417887688,18.28,20.994781494140625,3376,59954,60055,-0.3998052477836609,1727,0.0005,0.43,34,-23.093674919999998,0.2132158875465393
0.026617158204317093,18.13,21.697479248046875,3380,60019,60120,-0.42386528849601746,1729,0.0005,0.43,34,-23.16525174,0.4766150712966919
0.026461876928806305,17.96,21.68555450439453,3384,60084,60185,-0.15219223499298096,1730,0.0005,0.43,34,-23.17666676,1.280969500541687
0.02656381018459797,17.86,21.572330474853516,3388,60161,60262,-0.2351350486278534,1732,0.0005,0.44,34,-22.806696630000005,0.5037795305252075
0.026392899453639984,17.86,20.585018157958984,3392,60234,60335,-0.5300257205963135,1734,0.0005,0.44,34,-22.81359571000001,0.22671225666999817
0.026254869997501373,17.99,20.776103973388672,3396,60314,60415,0.634864091873169,1736,0.0005,0.44,34,-22.64817773,0.9299176931381226
0.026029108092188835,17.98,21.882402420043945,3400,60386,60487,-0.4401373267173767,1738,0.0005,0.46,34,-22.215526549999996,0.8683741092681885
0.025466807186603546,18.07,21.8787841796875,3404,60463,60564,-0.8369255065917969,1740,0.0005,0.48,34,-21.534502739999997,0.9470047950744629
0.025692865252494812,17.99,21.569541931152344,3408,60526,60627,0.9947230815887451,1741,0.0005,0.47,34,-21.74284595,0.4112648665904999
0.025834253057837486,17.96,20.66612434387207,3412,60599,60700,-0.20912519097328186,1743,0.0005,0.47,34,-21.817464190000006,1.8313015699386597
0.02612936496734619,17.9,23.34299087524414,3416,60663,60764,0.20300160348415375,1745,0.0005,0.47,34,-21.898470940000003,1.0205421447753906
0.025828557088971138,17.82,20.255617141723633,3420,60720,60821,-0.4235679507255554,1746,0.0005,0.47,34,-21.88314174,1.9358899593353271
0.025135811418294907,17.88,20.255176544189453,3424,60790,60891,0.014519929885864258,1748,0.0005,0.48,34,-21.533145839999996,0.4981197714805603
0.024674173444509506,17.85,21.93294334411621,3428,60854,60955,-0.3828898072242737,1750,0.0005,0.49,34,-21.115137169999997,1.013479471206665
0.024527108296751976,17.6,20.236814498901367,3432,60910,61011,0.19378021359443665,1751,0.0005,0.48,34,-21.389914850000004,1.674391746520996
0.024579115211963654,17.43,19.77105712890625,3436,60968,61069,0.27951833605766296,1753,0.0005,0.48,34,-21.399418060000002,0.07528750598430634
0.024699924513697624,17.49,21.521587371826172,3440,61037,61138,0.552261471748352,1755,0.0005,0.48,34,-21.277995230000002,0.3951812982559204
0.02444647252559662,17.56,20.725250244140625,3444,61115,61216,-0.799737811088562,1757,0.0005,0.5,34,-20.74401384,0.22261032462120056
0.023882687091827393,17.39,20.180192947387695,3448,61180,61281,-0.20348849892616272,1759,0.0005,0.51,34,-20.5220728,1.7366628646850586
0.02380911447107792,17.16,20.151813507080078,3452,61234,61335,0.15292730927467346,1760,0.0005,0.47,34,-21.658910940000002,0.7010818123817444
0.023956477642059326,17.04,20.713693618774414,3456,61307,61408,0.8684694766998291,1762,0.0005,0.47,34,-21.737224200000004,0.5145262479782104
0.02454368583858013,16.92,19.712448120117188,3460,61377,61478,0.3115415573120117,1764,0.0005,0.49,34,-21.20611942,1.2672021389007568
0.02493884228169918,16.88,19.659730911254883,3464,61443,61544,-0.532670259475708,1765,0.0005,0.49,34,-21.25896242,0.4114169776439667
0.0253729410469532,16.78,22.078903198242188,3468,61515,61616,0.37355291843414307,1767,0.0005,0.49,34,-21.33194748,0.392034649848938
0.02596168965101242,16.75,21.494579315185547,3472,61566,61667,0.20787984132766724,1768,0.0005,0.48,34,-21.714738240000003,1.0102334022521973
0.025866223499178886,16.78,21.010536193847656,3476,61632,61733,1.0371109247207642,1770,0.0005,0.49,34,-21.509304239999995,1.325026512145996
0.025869421660900116,16.86,20.762374877929688,3480,61705,61806,-0.4907502830028534,1772,0.0005,0.5,34,-21.220751400000005,2.6087546348571777
0.025841277092695236,16.91,19.915733337402344,3484,61775,61876,-0.01653400808572769,1774,0.0005,0.47,34,-22.04041898,0.48414337635040283
0.025839032605290413,16.75,21.907630920410156,3488,61836,61937,-0.5975431203842163,1775,0.0005,0.49,34,-21.46323003,1.4769797325134277
0.025728663429617882,16.73,20.615615844726562,3492,61907,62008,-0.6431310176849365,1777,0.0005,0.48,34,-21.687718540000006,0.11154618114233017
0.025951992720365524,16.77,21.26031494140625,3496,61991,62092,-0.692691445350647,1779,0.0005,0.48,34,-21.67853779,0.6927069425582886
0.02572857216000557,16.63,21.608476638793945,3500,62049,62150,0.6709813475608826,1781,0.0005,0.46,34,-22.337086,0.23876461386680603
0.02549167536199093,16.63,19.7398681640625,3504,62126,62227,-0.9082010984420776,1783,0.0005,0.47,34,-22.039798759999993,0.21977686882019043
0.02518557198345661,16.82,19.13538360595703,3508,62208,62309,-0.6885268688201904,1785,0.0005,0.49,34,-21.557228100000003,0.36942052841186523
0.024914797395467758,16.78,19.44874382019043,3512,62277,62378,-0.2890515625476837,1787,0.0005,0.5,34,-21.24709849,0.5040854215621948
0.024936243891716003,16.75,20.732471466064453,3516,62338,62439,0.5524120330810547,1788,0.0005,0.5,34,-21.147920759999998,0.6920541524887085
0.025140391662716866,16.82,19.390911102294922,3520,62402,62503,-0.012613043189048767,1790,0.0005,0.51,34,-20.935414909999995,0.16595244407653809
0.02495603822171688,16.88,21.994348526000977,3524,62478,62579,-0.7634958028793335,1792,0.0005,0.5,34,-21.10703262,0.9075063467025757
0.024620680138468742,16.99,20.951515197753906,3528,62553,62654,0.7563647031784058,1794,0.0005,0.51,34,-20.87962494,0.8028979301452637
0.025334762409329414,17.16,20.557050704956055,3532,62626,62727,1.076645851135254,1796,0.0005,0.52,34,-20.54370603,0.9886261224746704
0.025438273325562477,17.16,18.96144676208496,3536,62684,62785,-0.9384121298789978,1797,0.0005,0.52,34,-20.46208365,0.2346300631761551
0.02492007240653038,17.26,20.10112762451172,3540,62763,62864,-0.19366240501403809,1799,0.0005,0.52,34,-20.570246649999998,0.8625038862228394
0.02459222637116909,17.3,20.14404296875,3544,62845,62946,-0.16720528900623322,1801,0.0005,0.53,34,-20.24791362,0.3213264048099518
0.024877484887838364,17.4,19.661022186279297,3548,62920,63021,0.7625701427459717,1803,0.0005,0.52,34,-20.730517529999997,0.41477343440055847
0.026054732501506805,17.63,20.06133460998535,3552,62997,63098,0.4196114242076874,1805,0.0005,0.55,34,-19.97218986,0.24826371669769287
0.026507435366511345,17.57,19.335914611816406,3556,63064,63165,0.2481711208820343,1807,0.0005,0.56,34,-19.69273148,2.0074501037597656
0.027067571878433228,17.63,19.97835922241211,3560,63140,63241,-0.18196356296539307,1809,0.0005,0.53,34,-20.53060913,0.9319508075714111
0.027055121958255768,17.72,20.14856719970703,3564,63215,63316,0.7072621583938599,1811,0.0005,0.54,34,-20.352778119999996,0.47202903032302856
0.027459699660539627,17.7,19.890953063964844,3568,63285,63386,0.5015347599983215,1813,0.0005,0.52,34,-20.823227380000002,0.19383376836776733
0.027454443275928497,17.81,19.34490966796875,3572,63347,63448,-0.9869214296340942,1814,0.0005,0.54,34,-20.28276211,0.1574399769306183
0.02715838886797428,17.96,19.446983337402344,3576,63428,63529,0.9799617528915405,1816,0.0005,0.56,34,-19.866261419999997,0.3999353051185608
0.02744945138692856,17.8,19.240297317504883,3580,63485,63586,0.5986616015434265,1818,0.0005,0.56,34,-19.879695729999998,0.16776229441165924
0.02786610648036003,17.76,20.24588394165039,3584,63551,63652,0.30184006690979004,1820,0.0005,0.57,34,-19.82176326,0.2824459373950958
0.02835840918123722,17.81,19.948633193969727,3588,63617,63718,-0.512587308883667,1821,0.0005,0.56,34,-20.21400979,1.371776819229126
0.028611058369278908,17.81,20.03784942626953,3592,63688,63789,0.20439356565475464,1823,0.0005,0.56,34,-20.21746978,0.3538922965526581
0.028134770691394806,17.64,20.783329010009766,3596,63755,63856,0.0975663959980011,1825,0.0005,0.56,34,-20.280841310000003,1.9198713302612305
0.027991222217679024,17.89,19.09109115600586,3600,63838,63939,-0.31992632150650024,1827,0.0005,0.57,34,-19.774461820000003,0.1151624470949173
0.0276064220815897,17.78,17.974956512451172,3604,63904,64005,-0.907703161239624,1828,0.0005,0.57,34,-19.69900832,0.24558719992637634
0.027151009067893028,17.73,19.65100860595703,3608,63981,64082,0.17535755038261414,1830,0.0005,0.55,35,-20.229474940000003,0.5060337781906128
0.027342507615685463,17.73,18.71965789794922,3612,64050,64151,-0.08001625537872314,1832,0.0005,0.53,35,-21.009042020000003,0.3921152949333191
0.027786148712038994,17.76,20.7384090423584,3616,64114,64215,-0.03940429538488388,1834,0.0005,0.54,35,-20.73303395,0.4980257749557495
0.027871103957295418,17.87,18.490453720092773,3620,64189,64290,0.4364285469055176,1836,0.0005,0.54,35,-20.68820106,1.154659390449524
0.028411122038960457,17.77,18.756860733032227,3624,64255,64356,1.0685464143753052,1838,0.0005,0.55,35,-20.486879790000003,1.6401281356811523
0.028654344379901886,17.9,18.82018280029297,3628,64343,64444,-0.4526711106300354,1840,0.0005,0.53,35,-20.97332553,0.3313624858856201
0.029018821194767952,17.92,18.57299041748047,3632,64418,64519,-0.6207436323165894,1842,0.0005,0.53,35,-20.92532474,0.5695671439170837
0.02945050783455372,17.98,17.220123291015625,3636,64482,64583,0.9166721105575562,1843,0.0005,0.53,35,-21.11106065,0.4077187180519104
0.02948213554918766,17.92,20.527191162109375,3640,64555,64656,-0.5908460021018982,1845,0.0005,0.52,35,-21.27461637,1.536750078201294
0.029720421880483627,17.75,19.933631896972656,3644,64620,64721,0.04773577302694321,1847,0.0005,0.5,35,-21.771002709999998,0.7499667406082153
0.030374065041542053,17.67,19.84516716003418,3648,64687,64788,0.9892739057540894,1848,0.0005,0.5,35,-21.554539620000003,0.38173574209213257
0.030296621844172478,17.52,17.954191207885742,3652,64749,64850,0.3845885694026947,1850,0.0005,0.49,35,-21.633295200000003,0.2376609891653061
0.02997790463268757,17.53,18.477725982666016,3656,64817,64918,0.05372036248445511,1852,0.0005,0.49,35,-21.487592890000002,0.7858768105506897
0.030194059014320374,17.41,18.915973663330078,3660,64881,64982,-0.36795371770858765,1853,0.0005,0.49,35,-21.546178370000003,0.3508923351764679
0.030366361141204834,17.36,18.408721923828125,3664,64951,65052,-0.9563357830047607,1855,0.0005,0.48,35,-21.714163969999994,0.5540545582771301
0.029582008719444275,17.52,18.169466018676758,3668,65037,65138,-0.5131348371505737,1857,0.0005,0.5,35,-21.177689480000005,0.3930020332336426
0.029445871710777283,17.57,19.84306526184082,3672,65104,65205,0.7142266035079956,1859,0.0005,0.5,35,-21.144936890000004,0.6348913311958313
0.02908126637339592,17.58,19.223800659179688,3676,65186,65287,0.5117773413658142,1861,0.0005,0.5,35,-21.14193002,0.6991262435913086
0.029331428930163383,17.64,17.67973518371582,3680,65249,65350,-0.7105022668838501,1863,0.0005,0.48,35,-21.83051991,1.2435758113861084
0.0294696893543005,17.71,17.666576385498047,3684,65322,65423,0.07905653864145279,1865,0.0005,0.49,35,-21.361941929999997,0.33441847562789917
0.02911791205406189,17.79,21.685279846191406,3688,65396,65497,-0.5186530351638794,1866,0.0005,0.49,35,-21.33885707,0.7002944946289062
0.029000775888562202,17.81,18.469711303710938,3692,65469,65570,-0.16631995141506195,1868,0.0005,0.5,35,-21.125877180000003,0.279305636882782
0.029016483575105667,17.88,18.4581298828125,3696,65543,65644,-0.2949240803718567,1870,0.0005,0.52,35,-20.51439672,0.8641848564147949
0.029217949137091637,17.75,20.093006134033203,3700,65613,65714,0.24580508470535278,1872,0.0005,0.51,35,-21.138440969999998,1.5553793907165527
0.028802409768104553,17.86,18.079601287841797,3704,65690,65791,-0.26442575454711914,1874,0.0005,0.51,35,-21.157272969999998,0.643462061882019
0.028621314093470573,17.78,18.427997589111328,3708,65759,65860,0.5721445083618164,1875,0.0005,0.52,35,-20.735665570000002,2.098485231399536
0.029257716611027718,17.68,17.820009231567383,3712,65818,65919,0.0683155357837677,1877,0.0005,0.51,35,-20.964827299999996,1.2396432161331177
0.029198886826634407,17.74,17.621482849121094,3716,65888,65989,-0.12865784764289856,1879,0.0005,0.51,35,-20.962465499999997,0.8663084506988525
0.029244903475046158,17.76,18.431556701660156,3720,65965,66066,0.03584869205951691,1881,0.0005,0.51,35,-20.961312999999997,0.3034517765045166
0.029507724568247795,17.75,18.584224700927734,3724,66030,66131,1.0657095909118652,1882,0.0005,0.5,35,-21.22369469,0.5121424198150635
0.029470277950167656,17.49,17.953401565551758,3728,66092,66193,-0.1483737677335739,1884,0.0005,0.51,35,-20.989022730000006,1.764859676361084
0.029079914093017578,17.55,18.33030891418457,3732,66173,66274,-0.41002482175827026,1886,0.0005,0.51,35,-21.139925619999996,0.5281016826629639
0.028974168002605438,17.57,18.468244552612305,3736,66239,66340,-0.036495573818683624,1887,0.0005,0.49,35,-21.457664989999998,1.507314920425415
0.028580650687217712,17.48,20.285003662109375,3740,66303,66404,-0.5455889701843262,1889,0.0005,0.49,35,-21.716033739999997,0.1719745695590973
0.027080263942480087,17.58,19.446372985839844,3744,66378,66479,-0.019716739654541016,1891,0.0005,0.49,35,-21.892988629999994,0.4660925269126892
0.026687584817409515,17.55,18.99863052368164,3748,66442,66543,0.8541980385780334,1893,0.0005,0.48,35,-22.202897269999998,2.348231077194214
0.027202241122722626,17.52,18.83048439025879,3752,66501,66602,0.36239108443260193,1894,0.0005,0.48,35,-22.261444540000003,1.0335216522216797
0.027430491521954536,17.51,19.32605743408203,3756,66568,66669,0.6640862822532654,1896,0.0005,0.48,35,-22.33670938,0.2821587324142456
0.027334170415997505,17.52,18.645164489746094,3760,66633,66734,0.012267932295799255,1897,0.0005,0.49,35,-22.04159995000001,0.8178032636642456
0.027356376871466637,17.45,20.66482925415039,3764,66696,66797,-0.24981234967708588,1899,0.0005,0.5,35,-21.781716449999994,0.4732089042663574
0.027746738865971565,17.31,18.10407066345215,3768,66768,66869,-0.9316428899765015,1901,0.0005,0.49,35,-22.02829672,1.232248067855835
0.02738371677696705,17.31,18.46637535095215,3772,66835,66936,0.46078968048095703,1903,0.0005,0.48,35,-22.300381299999994,1.0012785196304321
0.027827830985188484,17.05,18.83987808227539,3776,66891,66992,0.06448093056678772,1904,0.0005,0.46,35,-22.693322769999998,0.5959712266921997
0.028478682041168213,17.12,18.826091766357422,3780,66961,67062,1.2606945037841797,1906,0.0005,0.48,35,-22.107793609999998,1.7230597734451294
0.028852753341197968,17.03,18.623554229736328,3784,67025,67126,-1.4869651794433594,1907,0.0005,0.48,35,-21.96297797,0.37683457136154175
0.028267808258533478,16.86,17.970233917236328,3788,67082,67183,-0.0688147097826004,1909,0.0005,0.47,35,-22.3166519,0.6564571857452393
0.027639903128147125,16.86,18.442914962768555,3792,67155,67256,-0.595734715461731,1911,0.0005,0.46,35,-22.580848179999997,0.3885727822780609
0.027104878798127174,16.71,17.054508209228516,3796,67214,67315,-0.02610039710998535,1912,0.0005,0.44,35,-23.168411250000005,0.9643105864524841
0.026814593002200127,16.78,17.894041061401367,3800,67291,67392,0.46713271737098694,1914,0.0005,0.44,35,-22.948895850000007,0.3567351698875427
0.026929622516036034,16.64,17.978836059570312,3804,67354,67455,-1.059098482131958,1916,0.0005,0.43,35,-23.266009720000003,0.4518269896507263
0.027167338877916336,16.8,17.094257354736328,3808,67439,67540,-0.7975340485572815,1918,0.0005,0.42,35,-23.5962852,0.5018075704574585
0.027601946145296097,16.96,19.097911834716797,3812,67514,67615,-0.1631893813610077,1920,0.0005,0.44,35,-22.904479760000005,0.8410923480987549
0.028126275166869164,17.01,19.24767303466797,3816,67589,67690,0.251071572303772,1922,0.0005,0.43,35,-23.013638990000004,0.558964729309082
0.028346823528409004,16.91,19.675256729125977,3820,67656,67757,-0.3357868790626526,1924,0.0005,0.42,35,-23.296787770000005,0.31692519783973694
0.028079085052013397,16.99,16.724620819091797,3824,67729,67830,-0.5265103578567505,1926,0.0005,0.41,35,-23.562563729999997,0.6295905709266663
0.027855703607201576,17.0,19.455711364746094,3828,67792,67893,-0.2491607666015625,1928,0.0005,0.4,35,-23.797423119999994,0.3011198341846466
0.027662701904773712,16.96,18.090557098388672,3832,67869,67970,0.01307523250579834,1930,0.0005,0.39,35,-24.0103544,0.3594342768192291
0.027645939961075783,17.03,18.42041778564453,3836,67942,68043,0.3877766728401184,1932,0.0005,0.4,35,-23.918556870000003,0.2421869933605194
0.02731303870677948,17.12,17.327938079833984,3840,68015,68116,-0.9886487722396851,1934,0.0005,0.42,35,-23.236555539999994,1.1991236209869385
0.026713283732533455,17.13,17.855958938598633,3844,68091,68192,-0.17992617189884186,1936,0.0005,0.43,35,-22.857498440000004,0.4381979703903198
0.02675791084766388,17.26,17.50412368774414,3848,68168,68269,0.2152545303106308,1938,0.0005,0.44,35,-22.471171510000005,1.452338457107544
0.02696521021425724,17.36,18.278488159179688,3852,68237,68338,-0.13691522181034088,1939,0.0005,0.44,35,-22.653022520000004,0.2869604229927063
0.02664167620241642,17.33,18.28329086303711,3856,68301,68402,-0.676036536693573,1941,0.0005,0.44,35,-22.69494429,0.9232492446899414
0.02683868259191513,17.62,18.89215087890625,3860,68395,68496,0.7893450260162354,1943,0.0005,0.43,35,-22.90450582,0.3564702868461609
0.027582518756389618,17.67,19.726215362548828,3864,68463,68564,0.6777076721191406,1945,0.0005,0.43,35,-23.012816179999994,0.5813944339752197
0.02736533246934414,17.64,19.37200164794922,3868,68532,68633,0.34831666946411133,1947,0.0005,0.42,35,-23.303763609999997,0.8997024297714233
0.027499206364154816,17.69,17.544614791870117,3872,68604,68705,0.017792508006095886,1949,0.0005,0.42,35,-23.181940430000004,1.5926761627197266
0.02749454602599144,17.86,18.738052368164062,3876,68677,68778,-0.1830947995185852,1950,0.0005,0.44,35,-22.727995099999998,0.7928590774536133
0.027520719915628433,17.88,19.082340240478516,3880,68749,68850,0.8601583242416382,1952,0.0005,0.43,35,-23.11418557,2.120619773864746
0.028155378997325897,17.91,19.199705123901367,3884,68816,68917,0.25688666105270386,1954,0.0005,0.44,35,-22.89494383,1.6187851428985596
0.028100326657295227,18.06,19.117027282714844,3888,68888,68989,-0.1007770225405693,1956,0.0005,0.44,35,-22.99716726,0.6572518944740295
0.028973907232284546,18.01,18.870380401611328,3892,68956,69057,-0.5468188524246216,1958,0.0005,0.44,35,-22.980205399999996,1.8407878875732422
0.02910795994102955,18.2,18.565105438232422,3896,69034,69135,0.0855332463979721,1960,0.0005,0.45,35,-22.567053349999995,0.3812960982322693
0.02822214365005493,18.2,20.338743209838867,3900,69111,69212,-1.2613880634307861,1963,0.0005,0.46,35,-22.34260746,1.1254379749298096
0.0268392451107502,18.29,17.652565002441406,3904,69183,69284,-0.5868099331855774,1965,0.0005,0.46,35,-22.411507899999997,0.30542632937431335
0.026727203279733658,18.1,19.306835174560547,3908,69249,69350,0.27935001254081726,1966,0.0005,0.47,35,-22.20063181,1.7492306232452393
0.02648107521235943,18.07,18.618724822998047,3912,69321,69422,-0.9799098968505859,1968,0.0005,0.46,35,-22.48681420999999,0.5310932397842407
0.025638148188591003,18.07,20.00868034362793,3916,69396,69497,-0.46206745505332947,1970,0.0005,0.46,35,-22.574468109999998,0.6296047568321228
0.02564048208296299,18.22,18.198213577270508,3920,69478,69579,-0.5206615924835205,1972,0.0005,0.48,35,-21.96149848,0.4634077548980713
0.025853319093585014,18.1,17.444499969482422,3924,69539,69640,1.114371657371521,1974,0.0005,0.48,35,-21.94435078,0.29230761528015137
0.026385551318526268,18.01,18.291345596313477,3928,69593,69694,-0.2074875831604004,1975,0.0005,0.48,35,-21.936201810000004,2.818345546722412
0.02649439312517643,17.85,18.61526870727539,3932,69654,69755,0.12030787765979767,1977,0.0005,0.48,35,-22.00909915,0.3284527063369751
0.026606567203998566,17.77,18.491666793823242,3936,69719,69820,-0.03748612105846405,1978,0.0005,0.48,35,-22.118372570000002,0.5095521211624146
0.02624405547976494,17.74,18.611478805541992,3940,69789,69890,0.13264250755310059,1980,0.0005,0.46,35,-22.61191493,1.6887331008911133
0.026613248512148857,17.54,18.95117950439453,3944,69845,69946,-0.08033812046051025,1982,0.0005,0.45,35,-22.753759719999998,0.31481117010116577
0.026430197060108185,17.4,19.566486358642578,3948,69908,70009,0.4739196300506592,1999,0.0005,0.44,35,-23.041143539999997,0.4882979393005371
0.02700747549533844,17.54,17.512052536010742,3952,69991,70092,0.12511590123176575,2001,0.0005,0.46,35,-22.395967779999996,0.36725494265556335
0.02706596627831459,17.43,19.53586196899414,3956,70044,70145,-0.5101110339164734,2002,0.0005,0.44,35,-22.986191759999997,0.7115941643714905
0.027136297896504402,17.17,18.15781593322754,3960,70112,70213,0.43639668822288513,2004,0.0005,0.47,35,-22.169738260000003,0.1562543362379074
0.02753288857638836,17.07,19.393644332885742,3964,70170,70271,-0.47260886430740356,2006,0.0005,0.46,35,-22.39348604,0.5543092489242554
0.027418505400419235,17.01,18.784269332885742,3968,70233,70334,-0.2888646125793457,2008,0.0005,0.47,35,-22.05218943,0.3061426281929016
0.02729078382253647,17.01,19.305418014526367,3972,70305,70406,-0.015234768390655518,2010,0.0005,0.48,35,-21.751071659999997,1.28593111038208
0.027013715356588364,17.0,19.632280349731445,3976,70377,70478,-0.6345824003219604,2012,0.0005,0.48,35,-21.753138240000002,0.9544064998626709
0.027424141764640808,17.05,18.43179702758789,3980,70454,70555,-0.12396271526813507,2014,0.0005,0.5,35,-21.0361488,0.39344486594200134
0.027515679597854614,17.02,17.72829818725586,3984,70518,70619,-0.16492320597171783,2015,0.0005,0.47,35,-21.95073489,0.34430617094039917
0.027883293107151985,17.01,19.72521209716797,3988,70589,70690,-0.4621179699897766,2017,0.0005,0.47,35,-21.827371900000003,0.53319251537323
0.027783678844571114,16.94,17.588455200195312,3992,70650,70751,0.47833365201950073,2019,0.0005,0.49,35,-21.29277626,0.9099224805831909
0.028338877484202385,16.84,17.36973762512207,3996,70718,70819,-0.6456473469734192,2020,0.0005,0.51,35,-20.78695899,2.3487253189086914
0.028091199696063995,16.75,16.98565101623535,4000,70786,70887,0.534201979637146,2022,0.0005,0.53,35,-20.080388040000003,0.15850293636322021
0.027333781123161316,16.9,17.90268325805664,4004,70873,70974,-0.13018755614757538,2024,0.0005,0.53,35,-19.95374327,0.5275681614875793
0.02649429254233837,17.01,15.95003890991211,4008,70950,71051,-0.030070900917053223,2026,0.0005,0.51,35,-20.52269621,1.2566943168640137
0.026284942403435707,16.99,16.293533325195312,4012,71020,71121,-0.15082769095897675,2028,0.0005,0.5,35,-20.7636199,1.3382747173309326
0.025602908805012703,16.92,17.04956817626953,4016,71088,71189,1.1282052993774414,2030,0.0005,0.5,35,-20.881208450000003,1.1022074222564697
0.026042139157652855,16.92,17.660551071166992,4020,71170,71271,0.9411474466323853,2032,0.0005,0.48,35,-21.58107441,1.3837413787841797
0.02631509304046631,16.98,17.531177520751953,4024,71237,71338,-0.07805635035037994,2034,0.0005,0.48,35,-21.686627380000004,1.1196606159210205
0.02606048621237278,17.11,17.765174865722656,4028,71304,71405,0.34336286783218384,2035,0.0005,0.49,35,-21.520895239999994,0.6437182426452637
0.02644561603665352,17.17,17.855548858642578,4032,71371,71472,0.5458455681800842,2037,0.0005,0.5,35,-21.167644400000004,0.2670517861843109
0.02654530294239521,17.13,18.50308609008789,4036,71432,71533,0.05944940447807312,2039,0.0005,0.49,35,-21.382759179999997,1.6671960353851318
0.026676839217543602,17.06,19.83099365234375,4040,71495,71596,0.7676169872283936,2041,0.0005,0.49,35,-21.301700030000003,0.4275420904159546
0.027099672704935074,17.21,18.80100440979004,4044,71566,71667,-0.4879588186740875,2042,0.0005,0.47,35,-21.89499759,0.3205624222755432
0.026826003566384315,17.29,19.61068344116211,4048,71637,71738,0.8227624297142029,2044,0.0005,0.48,35,-21.74591027,0.23774385452270508
0.026818443089723587,17.07,17.492212295532227,4052,71698,71799,-0.7896229028701782,2046,0.0005,0.45,35,-22.541480649999997,0.8748812079429626
0.026703139767050743,17.33,18.23464584350586,4056,71777,71878,-1.2292038202285767,2048,0.0005,0.46,35,-22.157980430000002,0.47797879576683044
0.026540463790297508,17.22,19.171066284179688,4060,71834,71935,0.4241577982902527,2050,0.0005,0.42,35,-23.418617060000003,1.7874674797058105
0.026239994913339615,17.26,17.92550277709961,4064,71896,71997,0.09342826902866364,2052,0.0005,0.41,35,-23.71361803,0.5646592378616333
0.02635416015982628,17.36,19.56679916381836,4068,71969,72070,0.9950660467147827,2054,0.0005,0.4,35,-24.102659570000004,1.0909538269042969
0.02660268545150757,17.35,18.961044311523438,4072,72040,72141,-0.9125236868858337,2056,0.0005,0.41,35,-23.920735490000006,1.2179841995239258
0.02676321007311344,17.31,18.071401596069336,4076,72108,72209,-0.05915264040231705,2058,0.0005,0.42,35,-23.528807670000003,2.0398597717285156
0.02674504555761814,17.32,20.75665283203125,4080,72186,72287,0.46443280577659607,2060,0.0005,0.39,35,-24.494732940000002,0.449187695980072
0.027122003957629204,17.38,17.426483154296875,4084,72256,72357,0.44206178188323975,2062,0.0005,0.41,35,-23.89579782,0.3815733790397644
0.027615215629339218,17.31,19.423492431640625,4088,72320,72421,0.18579909205436707,2063,0.0005,0.4,35,-24.28293755,0.4453805387020111
0.027147797867655754,17.44,17.439037322998047,4092,72394,72495,0.6756578683853149,2065,0.0005,0.38,35,-25.019786410000002,0.507574737071991
0.026872603222727776,17.54,18.567031860351562,4096,72472,72573,-0.9842264652252197,2067,0.0005,0.36,35,-25.678398440000006,0.46784961223602295
0.026725413277745247,17.48,18.03333282470703,4100,72534,72635,-0.09031513333320618,2069,0.0005,0.36,35,-25.62211689,1.4239848852157593
0.026380367577075958,17.36,18.630943298339844,4104,72609,72710,-0.27898553013801575,2071,0.0005,0.37,35,-25.485956830000006,0.4692591428756714
0.026315508410334587,17.27,18.22572135925293,4108,72677,72778,-0.3520244359970093,2073,0.0005,0.39,35,-24.900874260000002,0.2345818728208542
0.02624431811273098,17.2,18.174104690551758,4112,72740,72841,0.44142234325408936,2075,0.0005,0.4,35,-24.640717759999994,1.50020170211792
0.026720931753516197,17.22,18.418987274169922,4116,72810,72911,0.9515953063964844,2077,0.0005,0.4,35,-24.676486619999995,0.39003536105155945
0.026889337226748466,17.2,20.70791244506836,4120,72890,72991,-0.512376070022583,2079,0.0005,0.42,35,-24.079469070000002,1.0537029504776
0.02703206241130829,17.21,17.10468292236328,4124,72958,73059,-0.1353738158941269,2081,0.0005,0.44,35,-23.38117882,2.859388828277588
0.0271625779569149,17.21,19.282533645629883,4128,73025,73126,0.5308261513710022,2083,0.0005,0.44,35,-23.456633240000002,0.3928898572921753
0.02779848873615265,17.33,17.1810302734375,4132,73104,73205,-0.6395666599273682,2085,0.0005,0.45,35,-23.170186450000003,0.3944508135318756
0.027277376502752304,17.27,17.99807357788086,4136,73159,73260,-0.36066144704818726,2086,0.0005,0.46,35,-22.78266576,0.49146270751953125
0.026823410764336586,17.31,19.598434448242188,4140,73226,73327,-0.8000863790512085,2088,0.0005,0.48,35,-22.242510389999996,0.27204710245132446
0.026363492012023926,17.33,18.989168167114258,4144,73299,73400,1.2393795251846313,2090,0.0005,0.5,35,-21.84865262,0.23485194146633148
0.026480782777071,17.37,18.476640701293945,4148,73374,73475,-0.5068535804748535,2092,0.0005,0.51,35,-21.504667610000002,0.2523665428161621
0.026446301490068436,17.48,18.495588302612305,4152,73446,73547,-0.6476582884788513,2094,0.0005,0.52,35,-21.114719170000004,1.4732911586761475
0.0259365476667881,17.27,19.934783935546875,4156,73504,73605,0.08011835813522339,2095,0.0005,0.52,35,-21.141837360000004,0.404500812292099
0.025758106261491776,17.49,18.621484756469727,4160,73583,73684,-0.8402020931243896,2097,0.0005,0.56,35,-19.94469928,0.24285371601581573
0.025531791150569916,17.58,19.22665786743164,4164,73654,73755,-0.5829342603683472,2099,0.0005,0.58,35,-19.36234579,2.1295557022094727
0.02587786689400673,17.75,17.90841293334961,4168,73744,73845,0.47826942801475525,2101,0.0005,0.6,35,-18.94480304,0.32314231991767883
0.025859711691737175,17.74,17.706378936767578,4172,73814,73915,0.7773870825767517,2103,0.0005,0.58,35,-19.71659654,0.6681017875671387
0.02588164433836937,17.9,19.238454818725586,4176,73898,73999,0.3311646580696106,2106,0.0005,0.56,35,-20.31110942,1.3204469680786133
0.02604474499821663,17.85,19.353832244873047,4180,73971,74072,0.8351350426673889,2108,0.0005,0.57,35,-19.875409490000003,0.9252751469612122
0.026323484256863594,17.85,19.91604232788086,4184,74041,74142,0.03762218356132507,2110,0.0005,0.56,35,-20.20212737,0.6118619441986084
0.026717880740761757,17.89,18.73504066467285,4188,74109,74210,0.636371374130249,2112,0.0005,0.56,35,-20.11468736,0.6730167865753174
0.026757827028632164,17.76,18.585742950439453,4192,74170,74271,-0.24511682987213135,2113,0.0005,0.55,35,-20.28764484,0.8937674164772034
0.02633689157664776,17.75,19.099660873413086,4196,74247,74348,-0.28343793749809265,2115,0.0005,0.54,35,-20.476475269999998,1.3006975650787354
0.026350906118750572,17.85,18.101566314697266,4200,74319,74420,-0.17414477467536926,2117,0.0005,0.51,35,-21.271851320000007,0.24804234504699707
0.026929892599582672,17.66,18.083127975463867,4204,74375,74476,-0.5080565810203552,2119,0.0005,0.49,35,-21.610429609999997,1.3964385986328125
0.026933372020721436,17.57,18.447101593017578,4208,74434,74535,-0.7593603730201721,2120,0.0005,0.49,35,-21.501048830000006,1.0251858234405518
0.026841819286346436,17.56,19.66070556640625,4212,74496,74597,-0.8841750621795654,2122,0.0005,0.47,35,-22.20580762,0.5399312973022461
0.026281030848622322,17.64,18.812145233154297,4216,74574,74675,-0.2777244448661804,2124,0.0005,0.49,35,-21.617643099999995,1.044353723526001
0.025774262845516205,17.54,18.039960861206055,4220,74644,74745,-0.8463843464851379,2126,0.0005,0.47,35,-22.27140524,1.1132094860076904
0.025516556575894356,17.64,19.107524871826172,4224,74722,74823,-1.2407608032226562,2128,0.0005,0.46,35,-22.67111508,0.6186606287956238
0.02510690875351429,17.55,18.105297088623047,4228,74780,74881,0.9212939739227295,2129,0.0005,0.44,35,-23.13281082,0.650848388671875
0.025843221694231033,17.38,17.874618530273438,4232,74842,74943,1.323911190032959,2131,0.0005,0.43,35,-23.47719497,1.906158208847046
0.02627495862543583,17.75,18.079452514648438,4236,74934,75035,0.45995327830314636,2133,0.0005,0.43,35,-23.516991710000003,0.42004504799842834
0.026116322726011276,17.69,18.284101486206055,4240,74995,75096,0.1646122932434082,2135,0.0005,0.42,35,-23.82674032,0.45076075196266174
0.02609056420624256,17.62,17.851537704467773,4244,75061,75162,-0.15181952714920044,2137,0.0005,0.43,35,-23.33470823,0.7002314329147339
0.026604151353240013,17.4,18.343505859375,4248,75114,75215,1.3007755279541016,2138,0.0005,0.41,35,-23.817881820000004,1.0017837285995483
0.026991212740540504,17.39,16.470386505126953,4252,75185,75286,-0.10294927656650543,2140,0.0005,0.41,35,-23.935860019999996,1.512284517288208
0.027024144306778908,17.41,17.26691246032715,4256,75245,75346,0.2468550056219101,2142,0.0005,0.44,35,-22.963182060000005,1.84134840965271
0.02708536945283413,17.26,17.068281173706055,4260,75309,75410,0.4713759422302246,2143,0.0005,0.42,35,-23.501967999999998,2.3177733421325684
0.027310289442539215,17.23,17.745521545410156,4264,75377,75478,0.6048237681388855,2145,0.0005,0.42,35,-23.465417170000002,0.3575061857700348
0.027537574991583824,17.13,17.996116638183594,4268,75457,75558,-0.3785807490348816,2147,0.0005,0.4,35,-23.99619909,0.7178504467010498
0.027675379067659378,17.07,19.036067962646484,4272,75521,75622,-1.302574634552002,2149,0.0005,0.42,35,-23.25057455,1.4567604064941406
0.02730676159262657,17.07,16.92259979248047,4276,75605,75706,-0.6130580902099609,2151,0.0005,0.42,35,-23.245128009999995,0.6794798970222473
0.027011236175894737,17.02,17.157943725585938,4280,75673,75774,-0.025795750319957733,2153,0.0005,0.43,35,-23.031892069999998,0.7292047142982483
0.026986168697476387,17.06,18.87656021118164,4284,75747,75848,-0.1453235000371933,2155,0.0005,0.44,35,-22.740622019999996,0.37380170822143555
0.02704380266368389,17.03,17.28774642944336,4288,75812,75913,0.6790565252304077,2157,0.0005,0.46,35,-22.130482729999997,1.50300931930542
0.027449961751699448,17.14,19.42548942565918,4292,75884,75985,-0.18608760833740234,2159,0.0005,0.47,35,-21.860425790000004,0.2326817363500595
0.02788183093070984,17.13,19.367778778076172,4296,75960,76061,0.35274699330329895,2161,0.0005,0.47,35,-21.992784300000007,0.14418330788612366
0.028300046920776367,17.04,17.817020416259766,4300,76023,76124,-0.48846471309661865,2162,0.0005,0.46,35,-22.464615170000002,0.2812484800815582
0.02803819626569748,17.06,19.043807983398438,4304,76081,76182,-0.5313832759857178,2164,0.0005,0.46,35,-22.649661189999996,0.26347073912620544
0.02799331769347191,17.12,17.601364135742188,4308,76146,76247,0.45722824335098267,2166,0.0005,0.45,35,-23.041629829999998,0.34508559107780457
0.028559671714901924,17.27,18.60186004638672,4312,76223,76324,0.13307598233222961,2168,0.0005,0.49,35,-21.810076109999997,0.513453483581543
0.028433803468942642,17.16,19.60946273803711,4316,76290,76391,0.0063651129603385925,2169,0.0005,0.48,35,-22.08366115,0.21479281783103943
0.02907884679734707,17.1,17.779163360595703,4320,76354,76455,0.4850786030292511,2171,0.0005,0.49,35,-21.60658994,0.33520516753196716
0.02909264713525772,17.24,20.185890197753906,4324,76446,76547,0.33951783180236816,2173,0.0005,0.49,35,-21.683848750000003,0.22901201248168945
0.02840118110179901,17.49,16.757888793945312,4328,76529,76630,-0.9142322540283203,2176,0.0005,0.52,35,-20.829415100000002,0.6197046041488647
0.027477456256747246,17.59,18.648157119750977,4332,76601,76702,-0.28241875767707825,2177,0.0005,0.52,35,-20.760567310000003,0.1449633240699768
0.027220256626605988,17.29,17.758604049682617,4336,76663,76764,-0.9107015132904053,2179,0.0005,0.5,35,-21.17219908,0.3051098585128784
0.02666468732059002,17.37,18.814481735229492,4340,76732,76833,-0.04230514168739319,2181,0.0005,0.5,35,-21.13614878,1.9081076383590698
0.026430286467075348,17.31,20.257232666015625,4344,76792,76893,0.2294769287109375,2182,0.0005,0.5,35,-21.101446060000004,0.24804078042507172
0.026445848867297173,17.34,18.901302337646484,4348,76848,76949,0.17871463298797607,2184,0.0005,0.52,35,-20.5779951,0.8543932437896729
0.026498189195990562,17.31,20.659019470214844,4352,76916,77017,-0.10893677175045013,2186,0.0005,0.54,35,-19.943757890000004,0.3807830810546875
0.025988901033997536,17.49,17.682899475097656,4356,76994,77095,0.1623857617378235,2188,0.0005,0.53,35,-20.432072599999998,0.25296086072921753
0.025915926322340965,17.59,17.33576202392578,4360,77068,77169,0.12699881196022034,2190,0.0005,0.54,35,-20.22972258,0.6118607521057129
0.025968722999095917,17.64,17.762706756591797,4364,77141,77242,-0.9390352368354797,2191,0.0005,0.54,35,-20.21576874,0.5922549962997437
0.02619956061244011,17.59,17.736522674560547,4368,77216,77317,-0.026975668966770172,2194,0.0005,0.54,35,-20.00139777,0.4217525124549866
0.026293056085705757,17.65,18.540573120117188,4372,77286,77387,0.5342836976051331,2195,0.0005,0.54,35,-20.03996498,1.9986927509307861
0.026766076683998108,17.41,19.279037475585938,4376,77346,77447,0.14756101369857788,2197,0.0005,0.53,35,-20.283122560000002,0.3980133533477783
0.02686944603919983,17.4,20.03394889831543,4380,77413,77514,0.7660427093505859,2199,0.0005,0.53,35,-20.254020630000003,0.8804989457130432
0.02735598385334015,17.26,18.530956268310547,4384,77473,77574,0.10696038603782654,2200,0.0005,0.52,35,-20.49700996,0.27794164419174194
0.02763836830854416,17.38,17.893814086914062,4388,77550,77651,0.8274233937263489,2202,0.0005,0.52,35,-20.42691746,0.4152160882949829
0.028035737574100494,17.42,17.946868896484375,4392,77626,77727,-0.30607593059539795,2205,0.0005,0.52,35,-20.43125203,0.16916370391845703
0.02768821455538273,17.53,18.631126403808594,4396,77713,77814,-0.03952747583389282,2207,0.0005,0.53,35,-19.97689979,1.061502456665039
0.02756103128194809,17.5,16.924650192260742,4400,77773,77874,-0.08139698952436447,2209,0.0005,0.55,35,-19.423182609999998,2.8128304481506348
0.027693089097738266,17.52,18.503616333007812,4404,77833,77934,0.076014444231987,2210,0.0005,0.54,35,-19.74560968,0.5326673984527588
0.027529388666152954,17.53,19.616905212402344,4408,77899,78000,-0.2621830999851227,2212,0.0005,0.53,35,-19.878738339999998,0.14112502336502075
0.02747427113354206,17.56,16.515459060668945,4412,77979,78080,-0.016834795475006104,2214,0.0005,0.52,35,-20.16637615,0.7231877446174622
0.027592668309807777,17.56,18.051897048950195,4416,78046,78147,0.6238713264465332,2215,0.0005,0.54,35,-19.52440344,1.3636912107467651
0.02761487476527691,17.57,19.102676391601562,4420,78111,78212,-0.5539569854736328,2217,0.0005,0.53,35,-19.71812774,0.7065781354904175
0.026907730847597122,17.29,18.066055297851562,4424,78175,78276,-0.08678333461284637,2219,0.0005,0.54,35,-19.30063306,0.43950557708740234
0.026608331128954887,17.31,17.61168670654297,4428,78260,78361,0.8213784694671631,2221,0.0005,0.54,35,-19.31786532,0.5373528003692627
0.026561155915260315,17.35,18.402610778808594,4432,78336,78437,-0.1810842752456665,2223,0.0005,0.54,35,-19.36915992,0.3521379828453064
0.02625793218612671,17.57,18.169925689697266,4436,78420,78521,0.34962719678878784,2225,0.0005,0.55,35,-19.09448101,0.6597138047218323
0.026428919285535812,17.63,18.317882537841797,4440,78495,78596,-0.14906103909015656,2227,0.0005,0.55,35,-19.15542938,0.08465710282325745
0.025995761156082153,17.77,16.989971160888672,4444,78569,78670,-0.33216917514801025,2229,0.0005,0.55,35,-19.33692655,2.66503643989563
0.026217639446258545,18.01,17.02701187133789,4448,78649,78750,-0.3949909210205078,2231,0.0005,0.55,35,-19.503179250000002,0.5730392932891846
0.02655661106109619,18.16,17.083120346069336,4452,78732,78833,-0.009547017514705658,2233,0.0005,0.55,35,-19.613381970000002,0.1813516616821289
0.026532668620347977,18.15,18.062541961669922,4456,78809,78910,-0.9471760392189026,2235,0.0005,0.55,35,-19.45960195,0.30731862783432007
0.026328060775995255,18.15,17.338085174560547,4460,78883,78984,-0.6374959349632263,2237,0.0005,0.54,35,-19.65712248,1.0848804712295532
0.02618964947760105,18.21,18.152050018310547,4464,78962,79063,0.45216378569602966,2239,0.0005,0.53,35,-19.93307564,0.7496259212493896
0.025860130786895752,18.08,18.54330062866211,4468,79024,79125,0.11939491331577301,2241,0.0005,0.54,35,-19.70650565,0.3231186866760254
0.02573065273463726,18.16,19.534666061401367,4472,79102,79203,0.8534071445465088,2243,0.0005,0.54,35,-19.763273970000004,2.8694944381713867
0.025488071143627167,18.44,17.50753402709961,4476,79190,79291,0.2564144432544708,2245,0.0005,0.55,35,-19.53423488,1.3560304641723633
0.025584394112229347,18.51,18.768795013427734,4480,79264,79365,-0.5268657207489014,2247,0.0005,0.55,35,-19.513315210000002,0.4575040340423584
0.02488025464117527,18.48,16.813739776611328,4484,79321,79422,-0.6962214708328247,2249,0.0005,0.57,35,-18.85691251,1.399707317352295
0.024792583659291267,18.37,17.051288604736328,4488,79387,79488,0.11518518626689911,2250,0.0005,0.56,35,-19.302494399999997,0.24295030534267426
0.02460107021033764,18.25,18.217369079589844,4492,79451,79552,0.7337513566017151,2252,0.0005,0.57,35,-18.89610573,0.5678709745407104
0.024595370516180992,18.02,19.66994857788086,4496,79515,79616,0.9358649253845215,2254,0.0005,0.57,35,-18.89705632,1.5651811361312866
0.025250712409615517,18.05,17.51736831665039,4500,79578,79679,0.24843184649944305,2255,0.0005,0.57,35,-18.92224942,0.7230305671691895
0.025801144540309906,18.21,16.855093002319336,4504,79654,79755,-0.05339933931827545,2257,0.0005,0.59,35,-18.37779571,0.6850830316543579
0.026007603853940964,18.25,17.158437728881836,4508,79724,79825,-0.2724464535713196,2259,0.0005,0.61,35,-18.0138735,0.3839793801307678
0.0259344894438982,18.16,18.783464431762695,4512,79795,79896,-0.9176103472709656,2261,0.0005,0.6,35,-18.31223713,0.29789119958877563
0.02567325346171856,18.16,19.319528579711914,4516,79862,79963,0.19774144887924194,2263,0.0005,0.57,35,-19.24518033,0.6542817950248718
0.026187079027295113,18.1,16.57750701904297,4520,79921,80022,0.2949821949005127,2280,0.0005,0.6,35,-18.383375879999996,0.4304097294807434
0.026812657713890076,18.07,16.98133087158203,4524,79982,80083,0.9460716247558594,2281,0.0005,0.59,35,-18.65078733,0.24533841013908386
0.02679162658751011,17.96,18.783092498779297,4528,80056,80157,0.3252302408218384,2283,0.0005,0.59,35,-18.60098292,0.17372140288352966
0.026449568569660187,18.0,17.524309158325195,4532,80136,80237,0.04050701856613159,2285,0.0005,0.59,35,-18.595180229999997,0.2813599109649658
0.0263674333691597,17.87,18.9320068359375,4536,80207,80308,-0.2966795563697815,2287,0.0005,0.61,35,-18.24392122,0.1695743203163147
0.02613922208547592,17.67,18.544830322265625,4540,80262,80363,-0.7103888988494873,2288,0.0005,0.61,35,-18.278016270000002,0.8600075244903564
0.025676000863313675,17.56,17.110530853271484,4544,80325,80426,-0.13937431573867798,2290,0.0005,0.59,35,-18.926773819999998,0.30343008041381836
0.025540972128510475,17.4,18.56121063232422,4548,80389,80490,-0.24850746989250183,2291,0.0005,0.59,35,-18.815458630000002,0.24846936762332916
0.02523072622716427,17.19,17.217039108276367,4552,80451,80552,-1.2333683967590332,2293,0.0005,0.57,35,-19.39943485,0.3416041135787964
0.02516789361834526,17.18,19.666046142578125,4556,80527,80628,-0.5651530027389526,2295,0.0005,0.54,35,-20.11239226,0.30983078479766846
0.02494087629020214,17.1,18.99001121520996,4560,80593,80694,0.03986399620771408,2296,0.0005,0.54,35,-20.05103066,0.04343295842409134
0.025465209037065506,17.16,18.319316864013672,4564,80678,80779,-0.5861194729804993,2298,0.0005,0.55,35,-19.717281609999997,1.162665843963623
0.025383008643984795,17.25,18.133056640625,4568,80749,80850,-0.3295431137084961,2299,0.0005,0.55,35,-19.788204059999998,0.12643004953861237
0.025242075324058533,17.2,18.61220932006836,4572,80822,80923,-0.2341109812259674,2301,0.0005,0.54,35,-19.960287880000003,0.37601667642593384
0.02548406831920147,16.99,18.368045806884766,4576,80889,80990,0.0994061529636383,2303,0.0005,0.54,35,-19.990371660000005,3.816143274307251
0.02561628632247448,17.16,18.911880493164062,4580,80980,81081,-0.0428086593747139,2305,0.0005,0.55,35,-19.83448194,0.27217960357666016
0.02645910531282425,17.5,17.590986251831055,4584,81071,81172,-0.44456416368484497,2307,0.0005,0.55,35,-20.016789329999998,0.8706963062286377
0.02683020569384098,17.46,18.471084594726562,4588,81133,81234,-1.0890851020812988,2309,0.0005,0.55,35,-19.889181069999996,0.08644622564315796
0.026122059673070908,17.63,16.74976348876953,4592,81214,81315,0.6105329990386963,2311,0.0005,0.55,35,-19.983646699999998,3.1867313385009766
0.025554345920681953,17.76,17.541810989379883,4596,81291,81392,-0.46367648243904114,2313,0.0005,0.56,35,-19.884089829999997,0.29041343927383423
0.026089351624250412,18.07,18.772533416748047,4600,81385,81486,-0.1930365264415741,2316,0.0005,0.55,35,-20.00647377,0.16969969868659973
0.026251571252942085,17.97,19.390300750732422,4604,81451,81552,0.14862358570098877,2317,0.0005,0.57,35,-19.30853479,2.332606792449951
0.026350410655140877,17.96,19.149452209472656,4608,81520,81621,-0.40851324796676636,2319,0.0005,0.57,35,-19.3078048,0.5104323625564575
0.025961171835660934,18.0,17.07625961303711,4612,81595,81696,-0.24322962760925293,2321,0.0005,0.55,35,-19.79231597,0.9461187720298767
0.02610287070274353,17.99,16.896503448486328,4616,81661,81762,0.07857915759086609,2323,0.0005,0.56,35,-19.574418370000004,0.06196850538253784
0.026163743808865547,18.26,16.12576675415039,4620,81747,81848,-0.1158372089266777,2325,0.0005,0.54,35,-20.337956580000004,0.2691681385040283
0.026180827990174294,18.31,17.93072509765625,4624,81813,81914,0.14461660385131836,2326,0.0005,0.52,35,-21.022928779999997,0.769868791103363
0.02584126405417919,18.31,17.364585876464844,4628,81887,81988,-0.6689949035644531,2328,0.0005,0.51,35,-21.420748230000004,0.33339521288871765
0.02523202635347843,18.17,17.172321319580078,4632,81953,82054,0.017550945281982422,2330,0.0005,0.52,35,-21.029656750000004,0.11659542471170425
0.024774767458438873,18.17,18.161823272705078,4636,82024,82125,-0.4302958548069,2332,0.0005,0.5,35,-21.524273890000003,1.6130391359329224
0.024378495290875435,18.34,19.337465286254883,4640,82096,82197,0.20862922072410583,2334,0.0005,0.5,35,-21.63903223,0.08459720015525818
0.02448728121817112,18.43,17.881996154785156,4644,82168,82269,-0.16173146665096283,2336,0.0005,0.5,35,-21.457939879999998,0.29650118947029114
0.024572428315877914,18.55,15.933526992797852,4648,82244,82345,-0.7303206920623779,2338,0.0005,0.49,35,-21.76727907,0.411456823348999
0.024274775758385658,18.61,18.09114646911621,4652,82312,82413,-0.43042439222335815,2339,0.0005,0.5,35,-21.447187569999997,0.20312926173210144
0.02454610913991928,18.74,18.400333404541016,4656,82401,82502,0.5523052215576172,2342,0.0005,0.52,35,-21.054866199999996,1.9847240447998047
0.025157233700156212,18.74,19.140193939208984,4660,82467,82568,0.3043675720691681,2343,0.0005,0.52,35,-20.980773919999997,1.6878498792648315
0.02565784566104412,18.7,18.674102783203125,4664,82548,82649,0.2979634702205658,2345,0.0005,0.52,35,-21.03768547,0.76948082447052
0.02613016404211521,18.82,17.236156463623047,4668,82631,82732,0.6463791131973267,2348,0.0005,0.53,35,-20.70298513,1.8402940034866333
0.026621917262673378,18.66,18.51456069946289,4672,82688,82789,-0.7046405076980591,2349,0.0005,0.52,35,-21.10295432,0.2428750991821289
0.02627301774919033,18.73,18.038814544677734,4676,82762,82863,1.0481579303741455,2351,0.0005,0.52,35,-21.236956360000004,0.6753329634666443
0.026770830154418945,18.63,18.565818786621094,4680,82843,82944,-0.6009995341300964,2353,0.0005,0.51,35,-21.386130460000004,2.2963690757751465
0.02675812691450119,18.4,18.92205047607422,4684,82911,83012,-0.24488438665866852,2355,0.0005,0.5,35,-21.600983479999996,0.7052009701728821
0.02691895328462124,18.54,17.83544158935547,4688,82987,83088,-0.5396875143051147,2357,0.0005,0.48,35,-22.20895912,0.16479679942131042
0.026516441255807877,18.33,18.245685577392578,4692,83047,83148,-0.1354319304227829,2359,0.0005,0.47,35,-22.57627337,0.46588248014450073
0.02577987313270569,18.45,19.268367767333984,4696,83136,83237,0.28549885749816895,2361,0.0005,0.46,35,-22.744741469999997,0.6598769426345825
0.025445174425840378,18.34,17.40766143798828,4700,83219,83320,0.4711521565914154,2364,0.0005,0.47,35,-22.51328127999999,0.2503644526004791
0.024855224415659904,18.35,19.54570770263672,4704,83286,83387,-0.47312694787979126,2366,0.0005,0.45,35,-22.983491839999996,0.7895855903625488
0.02545180171728134,18.34,18.275972366333008,4708,83354,83455,0.5863171815872192,2368,0.0005,0.45,35,-22.98108046999999,0.21363115310668945
0.025687094777822495,18.48,17.0802001953125,4712,83443,83544,-0.030512064695358276,2370,0.0005,0.48,35,-22.222752529999994,0.5398080348968506
0.025397034361958504,18.46,15.799118995666504,4716,83507,83608,0.31443876028060913,2372,0.0005,0.47,35,-22.324924060000004,1.2408928871154785
0.025702593848109245,18.32,16.874130249023438,4720,83579,83680,0.04583284258842468,2374,0.0005,0.47,35,-22.219279180000004,0.11853127181529999
0.025602318346500397,18.34,17.440019607543945,4724,83647,83748,-0.012358292937278748,2376,0.0005,0.48,35,-21.796324879999997,0.4663035273551941
0.02526404894888401,18.25,17.902236938476562,4728,83712,83813,0.5445407629013062,2377,0.0005,0.49,35,-21.3716817,0.3397335410118103
0.025475045666098595,18.26,16.040775299072266,4732,83779,83880,-0.5309379696846008,2379,0.0005,0.49,35,-21.37808511,1.5338644981384277
0.025175174698233604,18.19,17.57962417602539,4736,83843,83944,0.014545075595378876,2381,0.0005,0.51,35,-20.764506770000004,0.19197726249694824
0.02538430504500866,18.11,17.226707458496094,4740,83907,84008,0.3472635746002197,2383,0.0005,0.52,35,-20.353948000000003,0.11060446500778198
0.02531236968934536,18.09,18.22284698486328,4744,83977,84078,-0.16313868761062622,2385,0.0005,0.54,35,-19.858462280000005,2.050931930541992
0.02532779797911644,17.91,17.602787017822266,4748,84035,84136,0.019801795482635498,2386,0.0005,0.54,35,-19.780262099999998,0.3062799870967865
0.026027923449873924,17.92,16.7150821685791,4752,84104,84205,0.01179361343383789,2388,0.0005,0.53,35,-19.87413001,0.36297011375427246
0.02576017752289772,17.83,17.54158592224121,4756,84184,84285,0.8336456418037415,2390,0.0005,0.54,35,-19.725935,0.8282942771911621
0.0257668849080801,17.84,18.100284576416016,4760,84251,84352,-0.5703686475753784,2392,0.0005,0.53,35,-20.32228464,0.18707777559757233
0.025211874395608902,17.73,16.280906677246094,4764,84321,84422,-0.29235902428627014,2394,0.0005,0.52,35,-20.691025729999996,0.2120400071144104
0.024960365146398544,17.73,17.79891014099121,4768,84404,84505,1.2795507907867432,2397,0.0005,0.51,35,-20.91337987,1.0852959156036377
0.02524079941213131,17.95,18.06610679626465,4772,84483,84584,0.13975131511688232,2399,0.0005,0.52,35,-20.57173156,0.18255937099456787
0.02592608705163002,17.9,17.559595108032227,4776,84552,84653,0.4402817487716675,2401,0.0005,0.52,35,-20.43642158,1.9496653079986572
0.026046013459563255,17.74,17.56052017211914,4780,84617,84718,-0.8062682151794434,2402,0.0005,0.49,35,-21.229869550000004,1.4405272006988525
0.02578112855553627,17.83,17.630882263183594,4784,84694,84795,0.20822776854038239,2404,0.0005,0.48,35,-21.620376020000002,2.3761515617370605
0.02554837241768837,17.68,16.916858673095703,4788,84755,84856,-0.5782682299613953,2405,0.0005,0.5,35,-21.002354500000003,0.16122707724571228
0.0250411257147789,17.73,17.901288986206055,4792,84820,84921,-0.8428117632865906,2407,0.0005,0.5,35,-20.951105930000004,0.38568443059921265
0.024491533637046814,17.55,16.692729949951172,4796,84891,84992,-0.7827278971672058,2409,0.0005,0.5,35,-20.949455899999997,1.0286005735397339
0.023880181834101677,17.36,17.306785583496094,4800,84955,85056,-0.10299330949783325,2410,0.0005,0.5,35,-20.97379408,0.29573649168014526
0.02388475276529789,17.52,17.99763298034668,4804,85038,85139,-0.6232784986495972,2412,0.0005,0.5,35,-21.035803250000004,0.18754133582115173
0.023318078368902206,17.47,17.75702667236328,4808,85101,85202,-0.2558269798755646,2414,0.0005,0.49,35,-21.266884820000005,0.18894024193286896
0.022950327023863792,17.22,18.044525146484375,4812,85165,85266,1.2868316173553467,2415,0.0005,0.47,35,-21.620296390000007,1.5933209657669067
0.023401765152812004,17.18,18.210311889648438,4816,85225,85326,-0.11459934711456299,2417,0.0005,0.46,35,-21.93392197,2.497468948364258
0.023990944027900696,17.25,17.229293823242188,4820,85304,85405,0.9517110586166382,2419,0.0005,0.47,35,-21.778021629999998,0.21636827290058136
0.02487272210419178,17.3,18.853126525878906,4824,85377,85478,0.427381694316864,2421,0.0005,0.49,35,-21.238359350000007,1.2417360544204712
0.0247932318598032,17.31,17.43633460998535,4828,85443,85544,0.5742588639259338,2423,0.0005,0.47,35,-21.91090482,0.36380159854888916
0.025031447410583496,17.31,16.614776611328125,4832,85510,85611,-0.09168648719787598,2425,0.0005,0.44,35,-22.837146009999998,0.5403293967247009
0.025225739926099777,17.2,18.36631202697754,4836,85563,85664,0.11316627264022827,2427,0.0005,0.43,35,-23.127568509999996,0.35496699810028076
0.025557471439242363,17.32,18.291553497314453,4840,85639,85740,0.7614299058914185,2429,0.0005,0.42,35,-23.30940262,0.5552291870117188
0.02547207660973072,17.4,18.99346923828125,4844,85717,85818,0.5272538661956787,2431,0.0005,0.42,35,-23.205266209999994,0.5952397584915161
0.02516162395477295,17.6,18.15597915649414,4848,85795,85896,-0.26107895374298096,2433,0.0005,0.43,35,-23.06855930999999,0.3053610920906067
0.024800864979624748,17.51,18.11761474609375,4852,85855,85956,0.06988413631916046,2434,0.0005,0.42,35,-23.557906629999994,1.3037222623825073
0.02537522278726101,17.46,16.236083984375,4856,85930,86031,0.15179209411144257,2436,0.0005,0.41,35,-23.63466277,0.24817726016044617
0.025586359202861786,17.55,17.73869514465332,4860,86006,86107,-0.0851745679974556,2438,0.0005,0.4,35,-23.565989859999995,0.31182336807250977
0.02505498006939888,17.64,17.707672119140625,4864,86085,86186,-0.18937665224075317,2440,0.0005,0.41,35,-23.22747053,0.154660165309906
0.025695139542222023,17.44,17.531538009643555,4868,86148,86249,0.19277292490005493,2442,0.0005,0.41,35,-23.27967262,0.2027810662984848
0.026139920577406883,17.36,19.27142333984375,4872,86219,86320,0.2945055067539215,2444,0.0005,0.41,35,-23.28392027,0.3493279218673706
0.025802724063396454,17.25,18.119821548461914,4876,86277,86378,0.2752433121204376,2445,0.0005,0.4,35,-23.654512050000008,1.64725661277771
0.025832893326878548,17.29,17.721466064453125,4880,86346,86447,-0.03197029232978821,2447,0.0005,0.43,35,-22.915867100000003,0.333151638507843
0.025529853999614716,17.17,20.617259979248047,4884,86411,86512,-0.3610525131225586,2449,0.0005,0.42,35,-23.254988320000002,0.6592448949813843
0.025546599179506302,17.18,18.561962127685547,4888,86473,86574,-0.2762566804885864,2451,0.0005,0.42,35,-23.360946029999994,1.983931541442871
0.025480952113866806,17.18,16.136781692504883,4892,86538,86639,0.25060614943504333,2453,0.0005,0.42,35,-23.356916700000003,0.7066730856895447
0.0260826013982296,16.98,18.49989891052246,4896,86589,86690,-0.43575233221054077,2454,0.0005,0.41,35,-23.72167588,1.3775838613510132
0.026645831763744354,17.16,17.99652671813965,4900,86671,86772,-1.2221002578735352,2456,0.0005,0.41,35,-23.77870615,0.7246652841567993
0.027402572333812714,17.14,19.268264770507812,4904,86752,86853,-0.6989309787750244,2458,0.0005,0.41,35,-23.88084126,0.15288180112838745
0.026776716113090515,17.08,18.52164077758789,4908,86809,86910,-1.109584927558899,2459,0.0005,0.4,35,-24.19737322,0.40483567118644714
0.026362348347902298,17.08,16.2559871673584,4912,86873,86974,0.34488019347190857,2461,0.0005,0.41,35,-23.92604314,0.5028859376907349
0.02580207772552967,17.17,17.926631927490234,4916,86942,87043,-0.06876270473003387,2462,0.0005,0.42,35,-23.72402928,0.3550984859466553
0.025574790313839912,17.06,18.226490020751953,4920,87010,87111,0.33464741706848145,2464,0.0005,0.4,35,-24.118070590000002,0.4080362319946289
0.025800012052059174,17.09,19.403011322021484,4924,87086,87187,-0.2195225954055786,2466,0.0005,0.38,35,-24.72013317,0.845880389213562
0.025319278240203857,17.17,16.695112228393555,4928,87160,87261,-0.5480630397796631,2467,0.0005,0.38,35,-24.657214479999997,0.1708974987268448
0.02549227699637413,17.21,16.720256805419922,4932,87231,87332,-0.2875319719314575,2469,0.0005,0.4,35,-24.05109406,0.1291784644126892
0.025637641549110413,17.51,17.436233520507812,4936,87314,87415,-0.22378009557724,2471,0.0005,0.4,35,-24.191657680000002,1.6599469184875488
0.025374550372362137,17.4,19.387805938720703,4940,87379,87480,-0.06181876361370087,2472,0.0005,0.39,35,-24.561658859999994,0.17705664038658142
0.025800423696637154,17.25,18.582263946533203,4944,87442,87543,-1.2052181959152222,2474,0.0005,0.38,35,-24.895955719999996,0.6090264320373535
0.02572726458311081,17.29,17.975183486938477,4948,87524,87625,0.07886162400245667,2477,0.0005,0.38,35,-24.91923629,0.7549041509628296
0.02609478123486042,17.57,19.603469848632812,4952,87612,87713,-0.3407309651374817,2479,0.0005,0.4,35,-24.326381560000005,0.8062037229537964
0.02628481574356556,17.5,16.64419937133789,4956,87680,87781,0.45132386684417725,2481,0.0005,0.4,35,-24.52504171,0.8331854343414307
0.026574110612273216,17.38,18.817523956298828,4960,87744,87845,0.14818528294563293,2482,0.0005,0.43,35,-23.790353919999998,0.633724570274353
0.026970578357577324,17.28,18.006362915039062,4964,87813,87914,0.3846750855445862,2484,0.0005,0.44,35,-23.53311215,2.259732723236084
0.027626365423202515,17.19,18.371219635009766,4968,87867,87968,-0.2417595088481903,2485,0.0005,0.43,35,-23.655270730000005,0.5925388336181641
0.02731066755950451,17.19,16.84335708618164,4972,87938,88039,1.0958781242370605,2487,0.0005,0.43,35,-23.560564350000003,0.450588196516037
0.02745840512216091,17.26,19.557533264160156,4976,88003,88104,0.5259050130844116,2488,0.0005,0.45,35,-22.813096390000005,0.23445655405521393
0.027352776378393173,17.22,17.1744384765625,4980,88068,88169,-0.0018364489078521729,2490,0.0005,0.44,35,-23.012316459999997,0.3374001383781433
0.027350272983312607,17.32,16.93737030029297,4984,88143,88244,-0.024628713726997375,2492,0.0005,0.46,35,-22.202318639999998,0.2799322307109833
0.027030078694224358,17.47,18.317956924438477,4988,88220,88321,-0.697389543056488,2494,0.0005,0.46,35,-22.03698589,1.4896944761276245
0.0264785997569561,17.66,19.38277816772461,4992,88304,88405,-0.22080542147159576,2496,0.0005,0.47,35,-21.65090338,3.0594959259033203
0.026217596605420113,17.87,18.00251579284668,4996,88376,88477,0.9402362704277039,2498,0.0005,0.48,35,-21.29962767,0.7224129438400269
0.026404449716210365,17.82,16.790210723876953,5000,88453,88554,-0.07803702354431152,2500,0.0005,0.48,35,-21.31333505,0.5758600234985352
0.026041889563202858,17.81,17.901832580566406,5004,88533,88634,-0.31314414739608765,2502,0.0005,0.49,35,-21.110348760000008,0.417796790599823
0.0255186315625906,17.93,16.129329681396484,5008,88602,88703,-0.9012479782104492,2504,0.0005,0.48,35,-21.5246346,1.4359674453735352
0.025588031858205795,17.91,18.54077911376953,5012,88664,88765,-0.7086610794067383,2505,0.0005,0.48,35,-21.746083149999993,0.9659419059753418
0.025240611284971237,17.88,18.693649291992188,5016,88730,88831,-1.305098295211792,2507,0.0005,0.49,35,-21.293119200000007,0.5600900053977966
0.0248780008405447,17.91,19.878206253051758,5020,88801,88902,-0.400795578956604,2509,0.0005,0.5,35,-20.988132829999998,0.09471192210912704
0.024486271664500237,17.93,18.461612701416016,5024,88879,88980,0.055437102913856506,2511,0.0005,0.5,35,-20.893422389999998,0.15174198150634766
0.02448865957558155,17.85,17.110334396362305,5028,88945,89046,-0.4817507266998291,2513,0.0005,0.5,35,-21.00055296,0.255582332611084
0.02435230277478695,17.75,17.683162689208984,5032,89006,89107,-0.05281297117471695,2514,0.0005,0.49,35,-21.341862029999998,0.6133996248245239
0.02455039881169796,17.64,16.91202735900879,5036,89078,89179,0.20645242929458618,2516,0.0005,0.48,35,-21.508857749999997,0.3599637746810913
0.02384019084274769,17.63,17.864639282226562,5040,89142,89243,-0.3201848864555359,2518,0.0005,0.47,35,-21.836137129999997,0.31549161672592163
0.02367595210671425,17.73,18.133953094482422,5044,89215,89316,0.28778231143951416,2520,0.0005,0.47,35,-21.83531982,0.14669814705848694
0.02443784475326538,17.62,17.96200942993164,5048,89286,89387,0.5924726128578186,2522,0.0005,0.45,35,-22.30981421,0.1675417125225067
0.024570342153310776,17.38,17.859058380126953,5052,89350,89451,0.4457464814186096,2524,0.0005,0.42,35,-23.03851112,0.4258606731891632
0.024573354050517082,17.43,19.061290740966797,5056,89423,89524,0.17300936579704285,2526,0.0005,0.41,35,-23.43053488,0.16936558485031128
0.02480136603116989,17.41,18.111900329589844,5060,89485,89586,-0.9638246297836304,2527,0.0005,0.4,35,-23.774102109999998,0.3994790017604828
0.024677632376551628,17.35,17.21836280822754,5064,89548,89649,-0.2253137230873108,2529,0.0005,0.39,35,-23.998975410000003,0.08835473656654358
0.024573247879743576,17.57,19.78432273864746,5068,89624,89725,-0.07790344953536987,2531,0.0005,0.4,35,-23.799799869999998,2.659055709838867
0.024367691949009895,17.58,17.38712501525879,5072,89696,89797,0.3157839775085449,2533,0.0005,0.41,35,-23.542037190000002,0.8131375908851624
0.02452467568218708,17.54,16.241851806640625,5076,89757,89858,-0.0785825252532959,2535,0.0005,0.39,35,-24.31903671,1.1646023988723755
0.02457636035978794,17.54,17.353961944580078,5080,89822,89923,0.16959989070892334,2536,0.0005,0.39,35,-24.25542132,0.2430710345506668
0.024686617776751518,17.43,16.09708023071289,5084,89886,89987,-0.3234395384788513,2538,0.0005,0.39,35,-24.343752609999996,0.5665743350982666
0.024312378838658333,17.46,17.322853088378906,5088,89966,90067,0.7524250745773315,2566,0.0005,0.38,35,-24.63883159,0.22071030735969543
0.024932950735092163,17.34,17.210052490234375,5092,90038,90139,0.9199124574661255,2568,0.0005,0.38,35,-24.65625014,1.4147558212280273
0.02508288063108921,17.38,17.547256469726562,5096,90114,90215,-0.2473057061433792,2570,0.0005,0.4,35,-24.106224689999998,0.7825073599815369
0.024996299296617508,17.25,19.015457153320312,5100,90178,90279,0.25238388776779175,2572,0.0005,0.39,35,-24.416005409999997,1.084962248802185
0.025180624797940254,17.11,18.188905715942383,5104,90244,90345,-0.8923521041870117,2574,0.0005,0.39,35,-24.243290849999998,0.24800428748130798
0.02476762793958187,17.2,16.66887664794922,5108,90322,90423,-0.5665456056594849,2576,0.0005,0.42,35,-23.17910973,1.8954445123672485
0.02474074997007847,17.38,17.710050582885742,5112,90402,90503,-0.25919124484062195,2578,0.0005,0.42,35,-23.17628837,0.19197377562522888
0.024488653987646103,17.49,17.42526626586914,5116,90479,90580,0.23244068026542664,2579,0.0005,0.43,35,-23.128286069999998,0.15283747017383575
0.024542000144720078,17.33,17.538528442382812,5120,90534,90635,-0.673432469367981,2581,0.0005,0.43,35,-23.146351290000002,0.7749425768852234
0.024053392931818962,17.15,19.41311264038086,5124,90594,90695,-0.26812928915023804,2582,0.0005,0.43,35,-23.235998530000003,0.20585410296916962
0.024143293499946594,17.24,19.131515502929688,5128,90669,90770,-1.0411909818649292,2584,0.0005,0.44,35,-22.946354429999996,0.21941223740577698
0.023702487349510193,17.26,17.24627685546875,5132,90732,90833,-0.6343142986297607,2586,0.0005,0.44,35,-22.83798362,0.6085010766983032
0.02351444400846958,17.34,16.745220184326172,5136,90812,90913,-0.14633116126060486,2588,0.0005,0.45,35,-22.619266229999997,0.1418094038963318
0.023032233119010925,17.35,17.30850601196289,5140,90877,90978,-0.4114224910736084,2590,0.0005,0.48,35,-21.66287839,0.43568816781044006
0.023298734799027443,17.47,19.39410400390625,5144,90962,91063,-0.5232443809509277,2592,0.0005,0.49,35,-21.54556572,0.8164271712303162
0.02321394346654415,17.64,17.400775909423828,5148,91050,91151,-0.2010580450296402,2594,0.0005,0.49,35,-21.503892460000003,0.2914896607398987
0.0235640499740839,17.8,18.881160736083984,5152,91130,91231,0.2571902871131897,2596,0.0005,0.52,35,-20.772905290000004,2.454411506652832
0.023658229038119316,17.85,17.238937377929688,5156,91208,91309,-0.5717114806175232,2598,0.0005,0.51,35,-20.743155350000002,0.572065532207489
0.023089582100510597,17.98,17.94940948486328,5160,91283,91384,1.1397593021392822,2600,0.0005,0.5,35,-21.068639140000002,0.16209042072296143
0.023184699937701225,18.0,18.018352508544922,5164,91348,91449,-0.06064799427986145,2602,0.0005,0.5,35,-20.95662619,0.5183414816856384
0.023744631558656693,18.07,17.19017219543457,5168,91431,91532,0.3414587676525116,2604,0.0005,0.51,35,-20.75669418,0.2778545022010803
0.02422524429857731,17.95,16.746170043945312,5172,91491,91592,-0.41154414415359497,2606,0.0005,0.5,35,-21.116600759999997,0.25380101799964905
0.024411804974079132,18.15,17.57354164123535,5176,91572,91673,-0.5737555623054504,2608,0.0005,0.51,35,-20.62814267,0.3541771471500397
0.024402517825365067,18.37,18.263439178466797,5180,91659,91760,0.5314347743988037,2610,0.0005,0.51,35,-20.8126845,0.384733647108078
0.023711955174803734,18.44,19.416828155517578,5184,91730,91831,0.6204614043235779,2612,0.0005,0.52,35,-20.597102379999995,0.23760271072387695
0.02429169975221157,18.35,18.183380126953125,5188,91801,91902,0.19950366020202637,2614,0.0005,0.53,35,-20.52860704,0.7208046913146973
0.02501833438873291,18.47,17.587406158447266,5192,91885,91986,-0.07833360135555267,2616,0.0005,0.54,35,-20.24906609,0.31268516182899475
0.025462763383984566,18.5,17.635026931762695,5196,91964,92065,-0.6126749515533447,2618,0.0005,0.51,35,-21.041730979999997,0.2588624954223633
0.024858951568603516,18.58,15.126594543457031,5200,92036,92137,0.19620925188064575,2620,0.0005,0.52,35,-20.638104509999998,0.31325459480285645
0.025076480582356453,18.61,16.655527114868164,5204,92105,92206,0.06354808807373047,2622,0.0005,0.51,35,-21.01441003,1.9663736820220947
0.024837279692292213,18.45,16.783164978027344,5208,92167,92268,-0.8225616216659546,2623,0.0005,0.5,35,-21.340102220000002,0.37386178970336914
0.024842308834195137,18.33,18.6438045501709,5212,92235,92336,-0.7551617622375488,2625,0.0005,0.5,35,-21.134859510000002,0.8801625967025757
0.024946875870227814,18.22,18.203523635864258,5216,92301,92402,-1.2404513359069824,2627,0.0005,0.5,35,-20.971162420000006,1.4553859233856201
0.024707555770874023,18.25,16.19972801208496,5220,92359,92460,0.2007679045200348,2629,0.0005,0.5,35,-21.076908940000003,0.7246513962745667
0.02434445358812809,18.36,17.88488006591797,5224,92430,92531,-0.53680419921875,2630,0.0005,0.52,35,-20.54392478,0.6669569611549377
0.02435559406876564,18.34,19.130054473876953,5228,92503,92604,0.2528694272041321,2632,0.0005,0.54,35,-19.906352799999997,0.6061323881149292
0.02422090247273445,18.52,17.932350158691406,5232,92584,92685,0.08110542595386505,2635,0.0005,0.56,35,-19.36723806,0.325581431388855
0.024037765339016914,18.47,17.44237518310547,5236,92659,92760,-0.2281276285648346,2637,0.0005,0.56,35,-19.49715404,0.23569783568382263
0.023655476048588753,18.52,18.95897674560547,5240,92729,92830,-0.3662463128566742,2638,0.0005,0.53,35,-20.44997938,0.20374253392219543
0.023978322744369507,18.43,18.569616317749023,5244,92805,92906,-0.5782862901687622,2640,0.0005,0.51,35,-20.94092307,0.9923901557922363
0.024006981402635574,18.12,15.625072479248047,5248,92862,92963,0.5355196595191956,2642,0.0005,0.53,35,-20.26027156,0.7233268022537231
0.023913022130727768,17.92,17.416683197021484,5252,92922,93023,-0.16334789991378784,2643,0.0005,0.52,35,-20.56218996,3.27105450630188
0.024272358044981956,17.89,19.452613830566406,5256,92997,93098,0.2804855704307556,2645,0.0005,0.53,35,-20.44354777,2.9025425910949707
0.024674784392118454,17.95,18.847105026245117,5260,93078,93179,0.37603098154067993,2647,0.0005,0.53,35,-20.388423229999997,0.5888980627059937
0.024511493742465973,17.99,16.882108688354492,5264,93147,93248,0.02087976038455963,2649,0.0005,0.51,35,-21.093474990000004,0.5974805355072021
0.024760251864790916,17.97,17.057598114013672,5268,93228,93329,0.015013433992862701,2651,0.0005,0.49,35,-21.653557179999996,0.13264605402946472
0.024512942880392075,18.35,17.195552825927734,5272,93326,93427,0.15005607903003693,2654,0.0005,0.49,35,-21.596353949999997,0.36810165643692017
0.02425612322986126,18.27,16.988996505737305,5276,93399,93500,-0.33357974886894226,2656,0.0005,0.51,35,-21.10251167,0.20852705836296082
0.023951278999447823,18.08,17.28447914123535,5280,93467,93568,0.4462602734565735,2658,0.0005,0.51,35,-21.037733319999997,1.263421893119812
0.024230998009443283,18.19,18.673171997070312,5284,93549,93650,-0.6222070455551147,2660,0.0005,0.51,35,-20.971140759999997,0.5748823881149292
0.023935824632644653,18.25,17.866313934326172,5288,93626,93727,-0.22003062069416046,2662,0.0005,0.51,35,-20.914232039999998,0.20609840750694275
0.023565612733364105,18.12,16.027496337890625,5292,93697,93798,-0.543950617313385,2663,0.0005,0.49,35,-21.52193258000001,0.3211323916912079
0.023770051077008247,18.18,17.368518829345703,5296,93782,93883,-0.9319222569465637,2666,0.0005,0.5,35,-21.206022380000004,0.4512036442756653
0.023495541885495186,18.01,16.57925796508789,5300,93837,93938,0.23753321170806885,2668,0.0005,0.5,35,-21.174153650000004,0.2938680052757263
0.024210689589381218,18.15,17.056116104125977,5304,93920,94021,0.901114821434021,2670,0.0005,0.51,35,-20.854828119999997,0.7639868259429932
0.024354510009288788,18.2,17.41100311279297,5308,93987,94088,-0.6353391408920288,2672,0.0005,0.51,35,-20.894967379999997,0.6595202684402466
0.023811781778931618,18.2,19.12652015686035,5312,94055,94156,0.15383630990982056,2673,0.0005,0.51,35,-20.892857809999995,2.123373508453369
0.024243803694844246,18.27,17.873615264892578,5316,94128,94229,0.5611352920532227,2675,0.0005,0.49,35,-21.495561779999992,0.9171175956726074
0.02427772805094719,18.22,17.34393310546875,5320,94181,94282,-0.2851785719394684,2676,0.0005,0.48,35,-21.64732212,0.4930398166179657
0.023824645206332207,18.15,17.679594039916992,5324,94245,94346,0.31761419773101807,2678,0.0005,0.46,35,-22.156391929999998,1.3820204734802246
0.02381325699388981,18.26,19.92359161376953,5328,94329,94430,0.21260227262973785,2680,0.0005,0.45,35,-22.428187230000002,0.9883438348770142
0.023777708411216736,18.09,18.84759521484375,5332,94393,94494,-0.3254304826259613,2681,0.0005,0.45,35,-22.489996079999997,0.5117082595825195
0.023802652955055237,17.85,15.715812683105469,5336,94444,94545,0.11456892639398575,2683,0.0005,0.43,35,-22.88027056,0.054607897996902466
0.02388727106153965,17.88,18.940444946289062,5340,94517,94618,-0.9632695913314819,2684,0.0005,0.44,35,-22.522585789999997,0.7056293487548828
0.02391052432358265,17.88,16.511852264404297,5344,94593,94694,-0.34684616327285767,2686,0.0005,0.45,35,-22.147776639999996,0.7955300807952881
0.024211009964346886,17.99,18.758464813232422,5348,94661,94762,0.25736260414123535,2688,0.0005,0.42,35,-23.218334360000004,0.4436092972755432
0.02485194057226181,18.09,19.536624908447266,5352,94731,94832,0.39913204312324524,2689,0.0005,0.42,35,-23.28725681,0.2186187356710434
0.02437310852110386,17.98,19.005268096923828,5356,94795,94896,0.07033820450305939,2691,0.0005,0.44,35,-22.63581353,0.3603655695915222
0.024187205359339714,17.74,18.3648624420166,5360,94852,94953,0.3459184765815735,2692,0.0005,0.44,35,-22.604212829999998,1.2217854261398315
0.024280836805701256,17.68,18.674129486083984,5364,94915,95016,-0.21851429343223572,2694,0.0005,0.46,35,-21.927541599999998,0.15377028286457062
0.02458844520151615,17.44,17.46240997314453,5368,94972,95073,0.2532488703727722,2696,0.0005,0.46,35,-21.960026669999998,0.7474347949028015
0.024222344160079956,17.18,18.075782775878906,5372,95044,95145,-0.30658870935440063,2697,0.0005,0.46,35,-21.951472740000003,1.5986781120300293
0.024118054658174515,17.06,17.279258728027344,5376,95105,95206,0.6996411085128784,2699,0.0005,0.43,35,-22.849773140000003,0.2544819116592407
0.02396290935575962,17.01,16.62714195251465,5380,95168,95269,0.11348196864128113,2701,0.0005,0.43,35,-22.91431364,0.5785226821899414
0.023738477379083633,17.03,18.28586769104004,5384,95252,95353,-0.008848771452903748,2703,0.0005,0.42,35,-23.11571714,2.0821759700775146
0.02352009527385235,17.09,18.228015899658203,5388,95335,95436,0.20890000462532043,2705,0.0005,0.43,35,-22.73358363,0.1641525775194168
0.02350078523159027,17.02,15.612286567687988,5392,95399,95500,-0.3703033924102783,2706,0.0005,0.44,35,-22.497896370000003,0.202867329120636
0.023502521216869354,16.83,18.219514846801758,5396,95465,95566,0.4612651467323303,2708,0.0005,0.43,35,-22.85773271,0.1679476499557495
0.023714644834399223,16.98,16.232440948486328,5400,95535,95636,0.8483507633209229,2710,0.0005,0.44,35,-22.537847149999997,0.5517412424087524
0.024192674085497856,16.96,14.873006820678711,5404,95616,95717,-0.9402607083320618,2712,0.0005,0.43,35,-22.882435939999997,0.9934685826301575
0.02375180274248123,16.98,16.84589385986328,5408,95685,95786,-0.36198991537094116,2714,0.0005,0.42,35,-23.076516709999996,1.0507376194000244
0.023776188492774963,17.05,17.714147567749023,5412,95760,95861,-0.20028656721115112,2716,0.0005,0.41,35,-23.5142361,1.7040706872940063
0.024023551493883133,17.04,18.03992462158203,5416,95832,95933,-0.8002972602844238,2718,0.0005,0.43,35,-22.955482859999996,0.1367555558681488
0.02394738979637623,17.17,17.46282196044922,5420,95898,95999,-0.3516843020915985,2719,0.0005,0.45,35,-22.400203259999998,0.3954601287841797
0.024073196575045586,17.32,18.804996490478516,5424,95977,96078,-0.13392044603824615,2722,0.0005,0.46,35,-22.164782380000005,0.38414067029953003
0.023967446759343147,17.06,18.44268226623535,5428,96035,96136,0.12495353817939758,2723,0.0005,0.44,35,-22.76085621,0.6020263433456421
0.024213572964072227,17.25,15.887819290161133,5432,96118,96219,0.14191702008247375,2725,0.0005,0.42,35,-23.217859349999994,0.9061501026153564
0.023730594664812088,17.48,18.99693489074707,5436,96192,96293,1.3863271474838257,2727,0.0005,0.42,35,-23.142138029999998,0.38460075855255127
0.02461758814752102,17.58,18.55790901184082,5440,96275,96376,-0.281989187002182,2729,0.0005,0.43,35,-22.88695561,0.6318973302841187
0.02518589049577713,17.47,20.150588989257812,5444,96340,96441,-0.19242709875106812,2731,0.0005,0.42,35,-23.25264155,0.7148487567901611
0.025239882990717888,17.5,17.13797378540039,5448,96411,96512,-0.07645782083272934,2732,0.0005,0.44,35,-22.545306940000003,0.8849208354949951
0.02471279352903366,17.63,16.973491668701172,5452,96494,96595,0.004422590136528015,2735,0.0005,0.46,35,-21.920019349999997,0.6078612804412842
0.024554723873734474,17.69,17.109058380126953,5456,96564,96665,0.5303829312324524,2736,0.0005,0.45,35,-22.16239091,2.4494993686676025
0.0243673212826252,17.96,17.457744598388672,5460,96648,96749,0.11324767768383026,2738,0.0005,0.47,35,-21.64773854,0.1559826135635376
0.02399262972176075,17.92,17.189716339111328,5464,96707,96808,0.6532571315765381,2740,0.0005,0.47,35,-21.70757732,0.295452356338501
0.02323870360851288,18.05,17.82961082458496,5468,96777,96878,0.8663235306739807,2741,0.0005,0.47,35,-21.798326619999997,0.5259366631507874
0.02345704846084118,17.96,17.36910629272461,5472,96840,96941,-0.4490288496017456,2743,0.0005,0.47,35,-21.872964760000006,0.1504369080066681
0.02319628931581974,18.13,18.172245025634766,5476,96918,97019,0.30943429470062256,2745,0.0005,0.46,35,-22.054808130000005,0.0917755737900734
0.022809000685811043,18.18,17.338054656982422,5480,96986,97087,-0.10398833453655243,2747,0.0005,0.47,35,-21.738719220000004,3.372474193572998
0.022745659574866295,17.96,16.683204650878906,5484,97048,97149,0.14905335009098053,2748,0.0005,0.47,35,-21.808847059999998,0.5461510419845581
0.022565722465515137,17.79,17.559534072875977,5488,97114,97215,-0.6389693021774292,2750,0.0005,0.46,35,-21.97012401,1.0648990869522095
0.02212122455239296,17.85,18.566686630249023,5492,97184,97285,0.6004250645637512,2752,0.0005,0.46,35,-22.01001614,0.8095992803573608
0.02235853485763073,17.83,18.618255615234375,5496,97248,97349,-0.6734970808029175,2753,0.0005,0.48,35,-21.455900829999997,0.12671728432178497
0.022520314902067184,17.87,17.611434936523438,5500,97322,97423,1.067979335784912,2755,0.0005,0.48,35,-21.496766100000006,0.6558341383934021
0.022661494091153145,17.68,17.79146957397461,5504,97384,97485,-0.6413556933403015,2757,0.0005,0.48,35,-21.513341229999995,0.9137762784957886
0.022535787895321846,17.7,18.927743911743164,5508,97455,97556,0.5409896969795227,2759,0.0005,0.47,35,-22.002521150000003,0.2540509104728699
0.02241165190935135,17.6,18.33352279663086,5512,97520,97621,-0.29330015182495117,2760,0.0005,0.48,35,-21.81113854,0.2785208523273468
0.023012856021523476,17.59,16.993671417236328,5516,97591,97692,0.2554992437362671,2762,0.0005,0.48,35,-21.873124679999997,0.09397116303443909
0.02304922789335251,17.67,16.772747039794922,5520,97665,97766,0.12587787210941315,2764,0.0005,0.47,35,-22.21428287,0.38146501779556274
0.023578908294439316,17.53,17.05622673034668,5524,97730,97831,0.06994301080703735,2766,0.0005,0.46,35,-22.316865200000002,0.37428998947143555
0.023331880569458008,17.75,16.84902572631836,5528,97810,97911,-0.16043919324874878,2768,0.0005,0.46,35,-22.301887950000005,0.12710176408290863
0.023175666108727455,17.75,17.931278228759766,5532,97893,97994,-1.138803243637085,2770,0.0005,0.47,35,-22.16343723,0.11012201756238937
0.022775424644351006,17.59,16.747596740722656,5536,97951,98052,-0.24732175469398499,2771,0.0005,0.5,35,-21.29314598,0.31026583909988403
0.02262294851243496,17.49,16.0261287689209,5540,98024,98125,0.11517645418643951,2773,0.0005,0.5,35,-21.27487367,0.5913746356964111
0.022829048335552216,17.43,17.66421890258789,5544,98083,98184,-0.5752655267715454,2774,0.0005,0.51,35,-20.884950519999997,0.2635667026042938
0.023340728133916855,17.45,18.328617095947266,5548,98156,98257,0.5870542526245117,2776,0.0005,0.51,35,-20.945288599999994,0.53920578956604
0.023890124633908272,17.38,17.746082305908203,5552,98232,98333,0.031199976801872253,2778,0.0005,0.49,35,-21.607105490000002,0.18413537740707397
0.023877311497926712,17.35,16.572368621826172,5556,98299,98400,-0.18190287053585052,2780,0.0005,0.49,35,-21.517449989999996,0.33357810974121094
0.023605873808264732,17.22,18.633014678955078,5560,98370,98471,-0.20932182669639587,2782,0.0005,0.47,35,-22.20199402,0.2465682029724121
0.02353087067604065,17.17,18.32634925842285,5564,98424,98525,0.2622920870780945,2783,0.0005,0.47,35,-22.16610279,0.24335281550884247
0.02353988215327263,17.3,17.82077407836914,5568,98507,98608,-1.072675108909607,2785,0.0005,0.48,35,-21.821671679999994,0.0721878856420517
0.023398032411932945,17.49,16.787321090698242,5572,98589,98690,0.5829311609268188,2787,0.0005,0.47,35,-21.988037739999996,0.5419743061065674
0.0233809445053339,17.45,17.476730346679688,5576,98663,98764,-0.27120324969291687,2789,0.0005,0.48,35,-21.867980260000003,0.25153684616088867
0.023084919899702072,17.42,20.15973663330078,5580,98728,98829,0.20617979764938354,2791,0.0005,0.47,35,-22.03424742,0.4771086573600769
0.023241594433784485,17.57,17.45062255859375,5584,98805,98906,-0.2209981381893158,2793,0.0005,0.47,35,-22.07479527,0.4340824484825134
0.023142822086811066,17.7,18.3398494720459,5588,98884,98985,-0.21979781985282898,2796,0.0005,0.48,35,-22.053057940000002,0.9072204828262329
0.023319346830248833,17.66,18.44027328491211,5592,98950,99051,0.04029804468154907,2797,0.0005,0.48,35,-22.01373852,0.2965654134750366
0.023586342111229897,17.7,17.04629898071289,5596,99018,99119,0.07923310995101929,2799,0.0005,0.47,35,-22.297893170000002,0.6490960121154785
0.022979483008384705,17.61,16.25065040588379,5600,99083,99184,-0.5678292512893677,2801,0.0005,0.45,35,-23.08766809,0.5071284770965576
0.023686567321419716,17.59,18.263446807861328,5604,99143,99244,0.4240565598011017,2803,0.0005,0.45,35,-23.075053859999993,2.686368465423584
0.024081923067569733,17.62,16.09354019165039,5608,99217,99318,-0.6684157252311707,2805,0.0005,0.47,35,-22.242732720000003,0.1880941092967987
0.02379041165113449,17.64,17.116626739501953,5612,99284,99385,0.36097294092178345,2807,0.0005,0.47,35,-22.16045592,0.2509307265281677
0.023732127621769905,17.59,17.51413345336914,5616,99350,99451,-1.0492472648620605,2808,0.0005,0.47,35,-22.049050829999995,0.21700751781463623
0.02331852726638317,17.58,17.367900848388672,5620,99423,99524,0.11844084411859512,2810,0.0005,0.48,35,-21.765826349999998,0.08939497172832489
0.022835642099380493,17.63,17.409561157226562,5624,99493,99594,-0.12954197824001312,2812,0.0005,0.49,35,-21.735139699999994,0.3823295831680298
0.023809164762496948,17.7,17.467941284179688,5628,99580,99681,-0.1287418156862259,2815,0.0005,0.5,35,-21.53545947,0.16929557919502258
0.024318628013134003,17.46,18.17902183532715,5632,99639,99740,0.926339864730835,2816,0.0005,0.48,35,-22.08720773,0.2259070873260498
0.02474907971918583,17.58,18.924510955810547,5636,99709,99810,0.21111664175987244,2818,0.0005,0.46,35,-22.818554990000003,1.5689218044281006
0.02413623034954071,17.59,17.793243408203125,5640,99783,99884,-0.0862811803817749,2820,0.0005,0.45,35,-22.96415676,0.2757872939109802
0.02410551719367504,17.64,17.360937118530273,5644,99847,99948,-0.2368721067905426,2822,0.0005,0.44,35,-23.257376240000003,0.17279621958732605
0.023227402940392494,17.64,16.217979431152344,5648,99920,100021,-0.015281319618225098,2840,0.0005,0.45,35,-22.942851410000006,1.892943263053894
0.02296564355492592,17.58,19.19156265258789,5652,99990,100091,-0.20920893549919128,2842,0.0005,0.44,35,-23.105814919999997,0.4125162661075592
0.022811366245150566,17.56,18.503265380859375,5656,100055,100156,-0.42870134115219116,2844,0.0005,0.45,35,-22.98070736,2.2001328468322754
0.02226501889526844,17.55,17.82004737854004,5660,100125,100226,-0.17982599139213562,2846,0.0005,0.47,35,-22.349683719999998,0.1813500076532364
0.021898895502090454,17.66,18.337158203125,5664,100190,100291,0.3065846562385559,2848,0.0005,0.48,35,-22.154872969999996,0.4243629574775696
0.022075023502111435,17.48,17.70395851135254,5668,100255,100356,0.7923892736434937,2849,0.0005,0.47,35,-22.252805790000004,0.5814467668533325
0.022371169179677963,17.49,18.0532169342041,5672,100338,100439,-0.04478897154331207,2852,0.0005,0.5,35,-21.510718309999998,0.1549546867609024
0.022226613014936447,17.4,17.48105239868164,5676,100403,100504,0.30098316073417664,2853,0.0005,0.5,35,-21.352377689999997,0.3927604556083679
0.022233160212635994,17.35,17.258943557739258,5680,100463,100564,0.3050996959209442,2855,0.0005,0.49,35,-21.66198731,0.32767927646636963
0.022410022094845772,17.26,18.281694412231445,5684,100531,100632,0.6235472559928894,2857,0.0005,0.49,35,-21.654692960000002,0.34041494131088257
0.02326861396431923,17.2,17.642765045166016,5688,100604,100705,0.6194131374359131,2859,0.0005,0.48,35,-21.6942133,0.231842041015625
0.02402728609740734,17.34,17.70429229736328,5692,100684,100785,0.2322092056274414,2861,0.0005,0.48,35,-21.570898039999996,0.4572240114212036
0.023973269388079643,17.32,18.333457946777344,5696,100750,100851,0.18771757185459137,2862,0.0005,0.47,35,-21.78595761,0.1646147519350052
0.024253979325294495,17.38,16.61757469177246,5700,100821,100922,0.43428677320480347,2864,0.0005,0.47,35,-21.821056110000004,1.0306620597839355
0.024020064622163773,17.48,18.33300018310547,5704,100891,100992,-0.22710347175598145,2866,0.0005,0.47,35,-21.892937199999995,0.2957697808742523
0.023907924070954323,17.46,19.034568786621094,5708,100963,101064,-0.5649517774581909,2868,0.0005,0.48,35,-21.80357161,0.09290451556444168
0.02342541702091694,17.54,16.941362380981445,5712,101038,101139,-0.38311150670051575,2870,0.0005,0.5,35,-21.226876699999995,0.40594717860221863
0.022940846160054207,17.44,16.35788345336914,5716,101094,101195,-0.19325169920921326,2871,0.0005,0.49,35,-21.605669709999997,1.6345024108886719
0.022932758554816246,17.51,17.344642639160156,5720,101174,101275,0.31968146562576294,2873,0.0005,0.48,35,-21.870877669999995,0.6225204467773438
0.02368832938373089,17.64,18.899805068969727,5724,101257,101358,-0.1386149823665619,2876,0.0005,0.48,35,-21.801460740000003,0.22428563237190247
0.023167554289102554,17.48,16.940502166748047,5728,101328,101429,0.03930450230836868,2877,0.0005,0.47,35,-22.054103689999998,0.18059924244880676
0.023298535495996475,17.6,17.044336318969727,5732,101399,101500,0.046057701110839844,2879,0.0005,0.49,35,-21.44311534,0.422514945268631
0.023622285574674606,17.58,16.951574325561523,5736,101467,101568,0.16707247495651245,2881,0.0005,0.48,35,-21.69868289,0.06803921610116959
0.024065164849162102,17.62,17.59426498413086,5740,101545,101646,0.05222290754318237,2883,0.0005,0.5,35,-21.22816679,0.25672948360443115
0.023932306095957756,17.51,17.224973678588867,5744,101598,101699,-0.603839635848999,2884,0.0005,0.51,35,-20.806850929999996,1.7944347858428955
0.022889044135808945,17.44,17.200572967529297,5748,101664,101765,-0.26777005195617676,2886,0.0005,0.51,35,-20.75183884,0.40006643533706665
0.022917458787560463,17.6,19.21223258972168,5752,101750,101851,-0.5213786363601685,2888,0.0005,0.52,35,-20.52184218,0.11368423700332642
0.02200993523001671,17.88,16.58795928955078,5756,101843,101944,-0.32363441586494446,2891,0.0005,0.5,35,-20.94934786,1.0786247253417969
0.021710513159632683,17.74,16.383394241333008,5760,101899,102000,-0.1523122638463974,2892,0.0005,0.48,35,-21.405567720000004,0.797966480255127
0.02182823047041893,17.8,17.670654296875,5764,101970,102071,1.018738031387329,2894,0.0005,0.47,35,-21.80745141,0.22650311887264252
0.022222232073545456,17.87,18.78277587890625,5768,102042,102143,-0.16186782717704773,2896,0.0005,0.49,35,-21.362332309999996,0.10640428960323334
0.022538242861628532,17.78,17.25075912475586,5772,102116,102217,-0.30179792642593384,2898,0.0005,0.47,35,-21.858556749999998,0.30996960401535034
0.022955045104026794,17.85,15.540229797363281,5776,102188,102289,0.5043414831161499,2900,0.0005,0.48,35,-21.531581239999994,0.10948126018047333
0.023218881338834763,17.92,17.26202392578125,5780,102255,102356,0.18530228734016418,2901,0.0005,0.49,35,-21.3109825,1.30617094039917
0.022982299327850342,17.92,17.580055236816406,5784,102323,102424,-0.6636754274368286,2903,0.0005,0.48,35,-21.696421519999998,0.1400752067565918
0.02300320751965046,17.93,17.288490295410156,5788,102397,102498,-0.655060350894928,2905,0.0005,0.47,35,-22.174824310000005,0.06365799903869629
0.02332955040037632,17.68,19.285905838012695,5792,102452,102553,0.6014750003814697,2907,0.0005,0.46,35,-22.593586799999997,1.3995294570922852
0.023428913205862045,17.78,18.284244537353516,5796,102528,102629,0.30972349643707275,2909,0.0005,0.46,35,-22.647430749999998,0.07134073972702026
0.023051416501402855,17.99,18.507518768310547,5800,102620,102721,-0.25914645195007324,2911,0.0005,0.46,35,-22.496822910000002,1.0794878005981445
0.02278306521475315,17.92,17.00135040283203,5804,102683,102784,-0.13379019498825073,2913,0.0005,0.46,35,-22.44071276999999,0.060610413551330566
0.02270365320146084,17.83,15.97067642211914,5808,102746,102847,0.4380159378051758,2915,0.0005,0.44,35,-22.990095059999998,0.21024315059185028
0.02306293323636055,17.81,18.00434112548828,5812,102819,102920,0.35555142164230347,2917,0.0005,0.43,35,-23.329334529999997,2.2738442420959473
0.023715225979685783,17.88,21.52432632446289,5816,102882,102983,1.469935655593872,2919,0.0005,0.42,35,-23.669318599999997,1.9384974241256714
0.02509765699505806,17.59,19.96531867980957,5820,102933,103034,-0.1447765976190567,2920,0.0005,0.41,35,-23.79824904,0.628784716129303
0.02581043541431427,17.44,19.306631088256836,5824,103001,103102,-0.14063388109207153,2922,0.0005,0.42,35,-23.518141529999998,0.2564495801925659
0.02586422488093376,17.37,20.426822662353516,5828,103065,103166,0.19666685163974762,2924,0.0005,0.42,35,-23.611773869999993,0.7743121385574341
0.02534826472401619,17.34,19.640254974365234,5832,103133,103234,-0.7345056533813477,2925,0.0005,0.44,35,-23.017420729999994,0.2741687595844269
0.025441505014896393,17.41,17.949508666992188,5836,103208,103309,1.2540361881256104,2927,0.0005,0.47,35,-22.23770108,1.0790585279464722
0.026654353365302086,17.3,18.146949768066406,5840,103275,103376,0.10765837132930756,2929,0.0005,0.47,35,-22.243313120000007,0.41159680485725403
0.027187107130885124,17.43,18.95598793029785,5844,103341,103442,1.323983907699585,2931,0.0005,0.48,35,-22.020186990000006,0.44549477100372314
0.028123565018177032,17.32,19.058359146118164,5848,103396,103497,0.4010430574417114,2933,0.0005,0.47,35,-22.318723990000002,0.37183016538619995
0.028024418279528618,17.14,18.877952575683594,5852,103464,103565,0.172038272023201,2934,0.0005,0.47,35,-22.352787230000004,0.4642947316169739
0.027936099097132683,16.83,17.857942581176758,5856,103526,103627,-0.391205370426178,2936,0.0005,0.48,35,-22.266804229999998,0.8456171751022339
0.02744475193321705,17.09,17.266910552978516,5860,103608,103709,0.014775067567825317,2938,0.0005,0.5,35,-21.752566880000003,0.6873893737792969
0.026944437995553017,17.07,18.639846801757812,5864,103677,103778,0.4595279097557068,2940,0.0005,0.5,35,-21.639318449999998,0.17051702737808228
0.027188220992684364,17.13,18.885757446289062,5868,103755,103856,-0.03387132287025452,2942,0.0005,0.48,35,-22.172914300000002,1.8060221672058105
0.02680167742073536,17.1,18.410419464111328,5872,103826,103927,-0.9822037220001221,2944,0.0005,0.47,35,-22.580846130000005,0.34804871678352356
0.02666562795639038,17.17,15.851499557495117,5876,103905,104006,0.07691371440887451,2946,0.0005,0.47,35,-22.630252990000002,0.26603150367736816
0.025823470205068588,17.34,18.758831024169922,5880,103989,104090,-0.19316086173057556,2949,0.0005,0.49,35,-22.11328324,0.24955326318740845
0.025143083184957504,17.24,18.576641082763672,5884,104047,104148,-0.05416858196258545,2950,0.0005,0.49,35,-21.942504810000006,1.6506869792938232
0.025255070999264717,17.23,17.52928924560547,5888,104120,104221,0.23070472478866577,2952,0.0005,0.51,35,-21.291843300000004,0.3113173842430115
0.025151530280709267,17.33,16.69469451904297,5892,104185,104286,-0.2671903967857361,2954,0.0005,0.52,35,-20.767322410000002,1.2174015045166016
0.025235038250684738,17.21,17.870223999023438,5896,104249,104350,0.4735378921031952,2955,0.0005,0.54,35,-20.13093104,0.3832070231437683
0.02555546723306179,17.1,17.54958724975586,5900,104330,104431,-0.5165939927101135,2957,0.0005,0.56,35,-19.64584043,0.7113543748855591
0.025299491360783577,17.28,16.58784294128418,5904,104411,104512,0.29157644510269165,2959,0.0005,0.57,35,-19.287189980000004,0.43065762519836426
0.025261886417865753,17.35,15.898178100585938,5908,104481,104582,-0.9152551293373108,2961,0.0005,0.57,35,-19.122121710000002,1.0771732330322266
0.024890786036849022,17.41,17.693708419799805,5912,104560,104661,0.05498594790697098,2963,0.0005,0.56,35,-19.27566299,0.15442098677158356
0.024990100413560867,17.56,17.947433471679688,5916,104638,104739,0.919012188911438,2965,0.0005,0.57,35,-18.95067704,0.45408153533935547
0.02586129494011402,17.55,17.57895851135254,5920,104688,104789,1.0424926280975342,2966,0.0005,0.57,35,-19.12038335,0.7985605001449585
0.026174306869506836,17.55,16.526809692382812,5924,104756,104857,0.5819500088691711,2968,0.0005,0.56,35,-19.46948196,0.5883734822273254
0.025958174839615822,17.64,18.201805114746094,5928,104829,104930,0.3502293825149536,2970,0.0005,0.58,35,-18.73584038,1.2656314373016357
0.026187315583229065,17.71,17.97867202758789,5932,104904,105005,0.11701146513223648,2972,0.0005,0.58,35,-18.78590122,0.448853462934494
0.025935137644410133,17.69,17.539661407470703,5936,104977,105078,-0.4198927879333496,2974,0.0005,0.57,35,-19.11994721,0.18630573153495789
0.02576400898396969,17.63,16.847606658935547,5940,105038,105139,-0.5463957786560059,2976,0.0005,0.56,35,-19.451614629999998,0.5198367238044739
0.025620335713028908,17.6,19.64735221862793,5944,105101,105202,-0.18353420495986938,2977,0.0005,0.53,35,-20.49037973,0.3327798843383789
0.025417236611247063,17.66,18.530250549316406,5948,105162,105263,0.019990772008895874,2979,0.0005,0.51,35,-20.894416839999998,0.7158299088478088
0.02498023584485054,17.73,17.280811309814453,5952,105237,105338,0.5130343437194824,2981,0.0005,0.51,35,-20.90497526,0.8342317342758179
0.024926144629716873,17.72,18.480369567871094,5956,105298,105399,0.39545097947120667,2983,0.0005,0.5,35,-21.012858000000005,0.13441194593906403
0.02520018070936203,17.56,18.59090232849121,5960,105364,105465,0.254319965839386,2985,0.0005,0.49,35,-21.389758589999996,0.2280864268541336
0.02526862733066082,17.62,18.665067672729492,5964,105439,105540,0.40420839190483093,2987,0.0005,0.48,35,-21.66793029,0.4054214358329773
0.025214046239852905,17.5,17.506343841552734,5968,105505,105606,1.1546844244003296,2988,0.0005,0.5,35,-21.1946953,0.35198771953582764
0.025195110589265823,17.54,17.748125076293945,5972,105580,105681,-0.31256359815597534,2990,0.0005,0.5,35,-21.085999349999998,0.4098266363143921
0.025491347536444664,17.47,15.861079216003418,5976,105652,105753,0.038669005036354065,2992,0.0005,0.51,35,-20.901901539999997,0.21959401667118073
0.025938959792256355,17.39,17.500160217285156,5980,105728,105829,-0.4763132333755493,2994,0.0005,0.5,35,-21.06412442,0.15263336896896362
0.025037944316864014,17.53,16.09082794189453,5984,105800,105901,0.26748642325401306,2997,0.0005,0.52,35,-20.526528329999998,0.5086796283721924
0.0252064298838377,17.52,18.851139068603516,5988,105872,105973,0.03828004002571106,2999,0.0005,0.52,35,-20.601495790000005,0.7659447193145752
0.024404017254710197,17.55,16.79125213623047,5992,105940,106041,-0.6163064241409302,3001,0.0005,0.52,35,-20.85648553,0.2692068815231323
0.02429521456360817,17.61,18.03304100036621,5996,106010,106111,-0.21563750505447388,3002,0.0005,0.52,35,-20.809336990000002,0.22277076542377472
0.02449268288910389,17.5,18.407562255859375,6000,106080,106181,0.12065166234970093,3004,0.0005,0.52,35,-20.736876419999998,0.39020270109176636
0.02462112158536911,17.46,17.077529907226562,6004,106157,106258,0.2737480401992798,3006,0.0005,0.52,35,-20.846574540000002,0.3558468520641327
0.024643031880259514,17.55,16.320478439331055,6008,106236,106337,-0.5087212324142456,3008,0.0005,0.54,35,-20.51264176,0.09832242131233215
0.024319050833582878,17.39,17.71819305419922,6012,106299,106400,0.11213438957929611,3010,0.0005,0.54,35,-20.530480490000006,0.15646395087242126
0.023930029943585396,17.5,17.649429321289062,6016,106388,106489,-0.32677286863327026,3013,0.0005,0.55,35,-20.2420542,0.2956891655921936
0.02413439005613327,17.66,17.89833641052246,6020,106454,106555,0.2813141644001007,3014,0.0005,0.57,35,-19.623521649999997,0.5455998182296753
0.024456573650240898,17.73,17.582422256469727,6024,106529,106630,-0.3532809615135193,3016,0.0005,0.59,35,-18.952673779999998,0.08947889506816864
0.024371858686208725,17.66,19.065431594848633,6028,106595,106696,0.04332396388053894,3018,0.0005,0.58,35,-19.2708006,0.9299701452255249
0.024774299934506416,17.59,18.732213973999023,6032,106663,106764,0.16846278309822083,3020,0.0005,0.55,35,-20.154067710000003,0.17897577583789825
0.024198580533266068,17.75,16.68477439880371,6036,106752,106853,-1.045306921005249,3022,0.0005,0.54,35,-20.20488736,0.20269376039505005
0.023793481290340424,17.8,17.285612106323242,6040,106818,106919,1.0400160551071167,3024,0.0005,0.54,35,-20.238732289999998,0.3173450231552124
0.02375948429107666,17.71,16.724075317382812,6044,106872,106973,0.10802048444747925,3026,0.0005,0.54,35,-20.2220948,0.704720139503479
0.023403003811836243,17.82,18.710826873779297,6048,106944,107045,-0.7736226320266724,3028,0.0005,0.57,35,-19.65058766,0.4238223433494568
0.02315843664109707,17.73,19.455875396728516,6052,107010,107111,-0.06655992567539215,3029,0.0005,0.57,35,-19.6105,0.20551566779613495
0.023318273946642876,17.77,16.6267147064209,6056,107075,107176,-0.23868770897388458,3031,0.0005,0.58,35,-19.44699772,0.40476250648498535
0.02328074909746647,17.75,17.810287475585938,6060,107139,107240,-0.3637959659099579,3033,0.0005,0.57,35,-19.55614447,0.11224240809679031
0.023620696738362312,17.7,16.914472579956055,6064,107209,107310,-0.269635409116745,3035,0.0005,0.58,35,-19.23296235,0.22220531105995178
0.023802394047379494,17.67,17.68346405029297,6068,107272,107373,-0.8909244537353516,3036,0.0005,0.58,35,-19.1858343,0.16472014784812927
0.02352568879723549,17.62,17.385513305664062,6072,107342,107443,0.3180987238883972,3038,0.0005,0.59,35,-19.02810466,0.30730512738227844
0.023751258850097656,17.65,17.456890106201172,6076,107417,107518,-0.28607678413391113,3040,0.0005,0.58,35,-19.29863109,1.3651659488677979
0.023670105263590813,17.58,17.745182037353516,6080,107486,107587,0.5136277675628662,3042,0.0005,0.57,35,-19.54855684,0.42295175790786743
0.023239905014634132,17.66,18.855297088623047,6084,107566,107667,-0.2385486364364624,3044,0.0005,0.56,35,-19.7745448,0.9198695421218872
0.023776156827807426,17.76,19.47838592529297,6088,107648,107749,0.3694208264350891,3046,0.0005,0.57,35,-19.49106687,0.2970575988292694
0.025032982230186462,17.9,17.12786865234375,6092,107730,107831,0.860192596912384,3048,0.0005,0.57,35,-19.30044474,1.2189298868179321
0.025124531239271164,17.89,16.718730926513672,6096,107799,107900,-0.6876923441886902,3050,0.0005,0.56,35,-19.631125219999998,1.817739486694336
0.024933742359280586,17.79,18.051467895507812,6100,107859,107960,-0.18088537454605103,3052,0.0005,0.57,35,-19.1915945,0.2059507668018341
0.02526780404150486,17.75,17.54206657409668,6104,107932,108033,-0.20229248702526093,3054,0.0005,0.56,35,-19.365375060000005,1.260284662246704
0.025274382904171944,17.63,16.863304138183594,6108,107999,108100,0.15546000003814697,3056,0.0005,0.56,35,-19.175117789999998,0.1993337869644165
0.025823066011071205,17.84,17.888490676879883,6112,108083,108184,-0.3422984480857849,3058,0.0005,0.56,35,-19.13914865,0.3296300172805786
0.025210155174136162,17.65,16.937633514404297,6116,108153,108254,-0.48406440019607544,3060,0.0005,0.54,35,-19.70686143,0.8420472145080566
0.02449958026409149,17.55,18.745895385742188,6120,108209,108310,-0.567509651184082,3061,0.0005,0.53,35,-19.99209821,0.5621261596679688
0.02433796040713787,17.58,20.023883819580078,6124,108287,108388,-0.4216696619987488,3063,0.0005,0.51,35,-20.48965971,0.7062965035438538
0.023316433653235435,17.78,17.401844024658203,6128,108373,108474,0.13957643508911133,3065,0.0005,0.5,35,-20.77107532,1.1417338848114014
0.023433327674865723,17.85,18.11312484741211,6132,108448,108549,-0.3229185938835144,3067,0.0005,0.51,35,-20.600825829999998,0.29719531536102295
0.023724768310785294,17.6,17.07622528076172,6136,108512,108613,-0.0982593297958374,3068,0.0005,0.53,35,-20.13741408,0.12220750749111176
0.023434892296791077,17.6,17.476722717285156,6140,108578,108679,-0.10921569913625717,3070,0.0005,0.54,35,-19.768363709999996,0.3786543905735016
0.023364584892988205,17.87,17.26597785949707,6144,108659,108760,-0.7937442064285278,3072,0.0005,0.56,35,-19.18181241,0.7280968427658081
0.023059561848640442,17.91,18.174619674682617,6148,108735,108836,-0.06980711221694946,3074,0.0005,0.54,35,-19.68628393,0.39195799827575684
0.023456266149878502,18.07,16.49952507019043,6152,108817,108918,0.7216278314590454,3076,0.0005,0.53,35,-20.003030900000002,0.7551542520523071
0.02331848442554474,18.25,17.069271087646484,6156,108900,109001,-0.38533085584640503,3078,0.0005,0.52,35,-20.24291584,0.4535577595233917
0.023219063878059387,18.49,17.757184982299805,6160,108988,109089,0.6047443747520447,3081,0.0005,0.53,35,-19.98640492,0.4737960696220398
0.023713327944278717,18.36,17.223358154296875,6164,109045,109146,0.27811571955680847,3082,0.0005,0.52,35,-20.39122382,0.11654790490865707
0.02339777536690235,18.4,17.175933837890625,6168,109112,109213,-0.003480382263660431,3084,0.0005,0.52,35,-20.33831972,0.27606815099716187
0.023272352293133736,18.39,17.12575912475586,6172,109181,109282,0.7669321298599243,3086,0.0005,0.5,35,-20.81064206,0.17971548438072205
0.023037636652588844,18.27,18.310117721557617,6176,109244,109345,0.19915041327476501,3087,0.0005,0.5,35,-20.74488019,0.6062833666801453
0.022953446954488754,18.25,17.95136260986328,6180,109311,109412,-0.04225417971611023,3089,0.0005,0.5,35,-20.92547321,0.6206387281417847
0.02268330380320549,18.18,17.018348693847656,6184,109384,109485,-0.6536501049995422,3091,0.0005,0.5,35,-21.15389344,0.18589302897453308
0.02227286621928215,18.13,17.37055778503418,6188,109461,109562,-0.1980385184288025,3093,0.0005,0.49,35,-21.318854549999998,1.35551118850708
0.02208717353641987,18.07,18.832244873046875,6192,109537,109638,0.1831626296043396,3095,0.0005,0.48,35,-21.69565666,0.120148204267025
0.02223377302289009,18.04,16.170055389404297,6196,109603,109704,0.3114616274833679,3097,0.0005,0.48,35,-21.860116240000007,0.3626921772956848
0.022293351590633392,18.32,16.842500686645508,6200,109691,109792,-0.5861507654190063,3099,0.0005,0.45,35,-22.835985970000007,0.3916105031967163
0.022576825693249702,18.24,17.875957489013672,6204,109756,109857,0.4669628143310547,3101,0.0005,0.46,35,-22.48941589,0.9789987206459045
0.023109067231416702,18.16,16.407896041870117,6208,109815,109916,0.2830025553703308,3102,0.0005,0.44,35,-23.146686239999998,0.28727519512176514
0.02314174175262451,17.99,16.42552947998047,6212,109882,109983,0.7109318971633911,3104,0.0005,0.44,35,-23.330587589999997,0.33525314927101135
0.02277800254523754,18.06,16.785953521728516,6216,109959,110060,0.06631685793399811,3141,0.0005,0.45,35,-23.20200761,0.2360231578350067
0.022820331156253815,18.34,18.694271087646484,6220,110043,110144,0.4898975193500519,3143,0.0005,0.46,35,-22.974589239999997,1.0392966270446777
0.02293158881366253,18.19,17.515302658081055,6224,110106,110207,0.17624959349632263,3145,0.0005,0.45,35,-23.472001500000005,0.39165323972702026
0.02336675114929676,18.15,18.693876266479492,6228,110188,110289,0.10002844035625458,3147,0.0005,0.45,35,-23.41251876,0.16241511702537537
0.023264680057764053,18.2,16.288864135742188,6232,110268,110369,-0.2060564011335373,3149,0.0005,0.46,35,-23.089421299999998,0.6681692600250244
0.023340510204434395,18.24,18.39696502685547,6236,110336,110437,0.17652328312397003,3151,0.0005,0.47,35,-22.752988940000005,0.28320765495300293
0.023289497941732407,18.34,16.073955535888672,6240,110412,110513,0.7547170519828796,3153,0.0005,0.46,35,-23.09145564,1.0639139413833618
0.023768549785017967,18.04,17.56314468383789,6244,110463,110564,0.37378016114234924,3154,0.0005,0.45,35,-23.299502550000003,0.48175472021102905
0.0241702813655138,18.01,18.811010360717773,6248,110536,110637,0.278340220451355,3156,0.0005,0.46,35,-22.944164560000004,0.9110251069068909
0.02439390867948532,17.9,16.77593231201172,6252,110607,110708,-0.2186022400856018,3158,0.0005,0.45,35,-22.921766679999998,0.7789866924285889
0.02438206411898136,17.89,18.486820220947266,6256,110689,110790,0.2529573440551758,3160,0.0005,0.44,35,-23.282301120000003,0.27784740924835205
0.02426639199256897,17.8,17.77210235595703,6260,110768,110869,0.22793297469615936,3162,0.0005,0.43,35,-23.626964800000007,0.444832444190979
0.02397569827735424,17.73,17.529430389404297,6264,110818,110919,-0.2088158279657364,3164,0.0005,0.42,35,-23.687176110000006,0.20610415935516357
0.024063510820269585,17.91,15.568349838256836,6268,110903,111004,0.21240706741809845,3166,0.0005,0.41,35,-23.94185113,0.2655078172683716
0.02430783398449421,17.96,16.94902801513672,6272,110977,111078,0.07233390212059021,3168,0.0005,0.43,35,-23.35141372,0.23957908153533936
0.02406798116862774,18.02,17.416915893554688,6276,111046,111147,-0.10402582585811615,3170,0.0005,0.43,35,-23.395725299999995,0.19050894677639008
0.024524617940187454,17.98,17.59537124633789,6280,111109,111210,1.2183399200439453,3171,0.0005,0.42,35,-23.714881830000003,1.9788970947265625
0.02455504797399044,17.92,17.88968849182129,6284,111176,111277,-1.1308188438415527,3173,0.0005,0.41,35,-23.89274449,0.43610042333602905
0.02373208850622177,17.92,17.647159576416016,6288,111253,111354,-0.878364086151123,3175,0.0005,0.41,35,-24.048033560000004,0.20410820841789246
0.023603791370987892,17.87,18.658344268798828,6292,111324,111425,0.13888415694236755,3176,0.0005,0.41,35,-23.993118409999997,2.154085159301758
0.02436208724975586,18.04,16.805347442626953,6296,111407,111508,0.4074136018753052,3178,0.0005,0.43,35,-23.39509541,0.9210056662559509
0.024514298886060715,17.82,18.416868209838867,6300,111473,111574,-0.6279455423355103,3180,0.0005,0.44,35,-23.174260269999994,0.21125909686088562
0.024115609005093575,17.85,17.247936248779297,6304,111541,111642,-0.18186220526695251,3182,0.0005,0.42,35,-23.921935549999997,0.45321857929229736
0.023869583383202553,18.07,18.171554565429688,6308,111622,111723,0.11089539527893066,3184,0.0005,0.44,35,-23.378784240000005,0.14420506358146667
0.02393803559243679,18.04,17.542945861816406,6312,111686,111787,0.10596776753664017,3186,0.0005,0.44,35,-23.20821154,0.8573841452598572
0.024047963321208954,17.87,16.95537757873535,6316,111746,111847,0.11706812679767609,3187,0.0005,0.43,35,-23.260236220000003,0.22841860353946686
0.02428090013563633,17.75,16.542339324951172,6320,111818,111919,0.27974647283554077,3189,0.0005,0.43,35,-23.334396009999995,0.10205450654029846
0.024523815140128136,17.71,18.15355682373047,6324,111877,111978,-1.152787208557129,3191,0.0005,0.43,35,-23.247351300000005,1.1365277767181396
0.02431248314678669,17.47,19.195520401000977,6328,111935,112036,0.16097229719161987,3192,0.0005,0.42,35,-23.76288298,1.46722412109375
0.024212108924984932,17.38,17.586591720581055,6332,112006,112107,0.4048618674278259,3194,0.0005,0.41,35,-23.862421959999995,1.3450632095336914
0.024535635486245155,17.35,18.609434127807617,6336,112071,112172,0.25311559438705444,3196,0.0005,0.39,35,-24.528804750000003,1.8895041942596436
0.02523636817932129,17.37,16.584110260009766,6340,112149,112250,-0.02774430811405182,3198,0.0005,0.4,35,-24.364528470000003,0.13180318474769592
0.02560475282371044,17.42,17.229000091552734,6344,112205,112306,0.34354379773139954,3199,0.0005,0.42,35,-23.696358810000003,0.6409940719604492
0.025431722402572632,17.38,17.724746704101562,6348,112274,112375,-0.0512932687997818,3201,0.0005,0.41,35,-24.01260822,0.1731763333082199
0.024572327733039856,17.43,16.100360870361328,6352,112350,112451,-0.3031482696533203,3203,0.0005,0.44,35,-23.276445049999996,0.054012399166822433
0.024034958332777023,17.41,17.30011558532715,6356,112430,112531,-0.2057618945837021,3205,0.0005,0.45,35,-22.82647329,0.0775238648056984
0.024837570264935493,17.36,15.242799758911133,6360,112504,112605,0.24433141946792603,3207,0.0005,0.46,35,-22.56461438,0.5110984444618225
0.024384981021285057,17.66,17.939462661743164,6364,112584,112685,1.0152742862701416,3209,0.0005,0.47,35,-22.242167970000004,0.6776013374328613
0.024439560249447823,17.46,16.311214447021484,6368,112649,112750,0.3019627332687378,3211,0.0005,0.46,35,-22.7649136,0.09344479441642761
0.02428418956696987,17.36,17.351680755615234,6372,112713,112814,-0.1256137490272522,3212,0.0005,0.46,35,-22.64890707,0.12637372314929962
0.023607270792126656,17.34,17.483863830566406,6376,112780,112881,-1.307784080505371,3214,0.0005,0.45,35,-23.030032699999996,0.570565402507782
0.023037772625684738,17.45,16.941539764404297,6380,112854,112955,0.3409802317619324,3216,0.0005,0.47,35,-22.281388489999998,0.4046934247016907
0.023222241550683975,17.41,17.792917251586914,6384,112917,113018,0.16788426041603088,3217,0.0005,0.48,35,-21.93428912,0.4352944493293762
0.02318725362420082,17.28,16.457273483276367,6388,112981,113082,-0.11592789739370346,3219,0.0005,0.45,35,-22.68389186,0.40662601590156555
0.023133499547839165,17.36,16.936763763427734,6392,113060,113161,0.17912808060646057,3221,0.0005,0.46,35,-22.480641710000004,0.16723419725894928
0.023506147786974907,17.35,16.874195098876953,6396,113142,113243,-0.42413127422332764,3223,0.0005,0.46,35,-22.48055033,0.13083451986312866
0.023618776351213455,17.23,17.172653198242188,6400,113196,113297,0.41762763261795044,3225,0.0005,0.46,35,-22.317511389999996,0.14681144058704376
0.02373754233121872,17.37,18.252511978149414,6404,113278,113379,-0.3759138584136963,3227,0.0005,0.49,35,-21.420493710000002,0.3697570562362671
0.023774415254592896,17.25,16.96666145324707,6408,113347,113448,-0.6324518918991089,3229,0.0005,0.48,35,-21.60669194,1.173957347869873
0.023303918540477753,17.31,17.418758392333984,6412,113417,113518,-0.4714004099369049,3231,0.0005,0.49,35,-21.440548470000003,0.45507878065109253
0.022679951041936874,17.57,17.009214401245117,6416,113503,113604,-0.25441819429397583,3233,0.0005,0.5,35,-21.132787639999997,0.2377631515264511
0.023100078105926514,17.61,19.39027214050293,6420,113579,113680,0.16385844349861145,3235,0.0005,0.48,35,-21.61234946,1.2887458801269531
0.023037174716591835,17.73,15.960294723510742,6424,113650,113751,0.3861076831817627,3238,0.0005,0.49,35,-21.1671375,0.16561686992645264
0.023040398955345154,17.87,15.918306350708008,6428,113722,113823,-0.1215343177318573,3240,0.0005,0.51,35,-20.55051099,0.6248169541358948
0.02311702072620392,17.84,18.155364990234375,6432,113790,113891,0.5546522736549377,3241,0.0005,0.49,35,-21.095588539999998,1.5367755889892578
0.023841531947255135,17.83,17.076488494873047,6436,113854,113955,-0.21115553379058838,3243,0.0005,0.5,35,-20.681526180000002,0.14858292043209076
0.024218637496232986,17.69,16.359981536865234,6440,113918,114019,0.4515870213508606,3245,0.0005,0.5,35,-20.57953499,0.1887853890657425
0.024441849440336227,17.83,18.96515655517578,6444,113988,114089,-0.4945792555809021,3247,0.0005,0.49,35,-21.02997631,0.4022275507450104
0.023865696042776108,17.79,18.669437408447266,6448,114053,114154,-0.43933647871017456,3248,0.0005,0.49,35,-21.14428809,0.3517584204673767
0.02389184571802616,17.63,18.248855590820312,6452,114113,114214,0.49760594964027405,3250,0.0005,0.5,35,-20.82396744,0.4130992591381073
0.02377180941402912,17.55,18.232498168945312,6456,114185,114286,0.4020634889602661,3252,0.0005,0.51,35,-20.64370616,0.23870967328548431
0.024045292288064957,17.46,17.329753875732422,6460,114250,114351,1.0644844770431519,3254,0.0005,0.51,35,-20.72206378,0.7061599493026733
0.023962251842021942,17.27,17.3741455078125,6464,114311,114412,-0.05827797204256058,3255,0.0005,0.52,35,-20.577747260000002,0.25447776913642883
0.02379881963133812,17.33,16.443458557128906,6468,114382,114483,-0.3129534125328064,3257,0.0005,0.53,35,-20.08749872,0.1480819582939148
0.023854510858654976,17.42,18.251373291015625,6472,114455,114556,0.23996509611606598,3259,0.0005,0.53,35,-20.18115964,0.50599205493927
0.023865843191742897,17.33,16.417278289794922,6476,114513,114614,-0.45209822058677673,3261,0.0005,0.53,35,-20.000145260000004,1.1338484287261963
0.023955099284648895,17.34,17.828453063964844,6480,114588,114689,0.47367024421691895,3263,0.0005,0.54,35,-19.776743590000002,0.35836759209632874
0.023660901933908463,17.43,17.361324310302734,6484,114660,114761,-0.34400397539138794,3266,0.0005,0.53,35,-20.08349965,0.9555670022964478
0.023323548957705498,17.45,17.363323211669922,6488,114726,114827,-0.0985414981842041,3267,0.0005,0.56,35,-19.250023990000003,0.16698236763477325
0.023065082728862762,17.36,16.58055877685547,6492,114796,114897,-0.8071911334991455,3269,0.0005,0.55,35,-19.69348012,0.07902099192142487
0.022874558344483376,17.17,19.552949905395508,6496,114859,114960,0.5811300277709961,3271,0.0005,0.51,35,-20.74590356,0.7562013268470764
0.023019583895802498,17.3,17.28000259399414,6500,114926,115027,0.35087740421295166,3273,0.0005,0.51,35,-20.824168399999998,0.14249053597450256
0.022846722975373268,17.14,15.439506530761719,6504,114992,115093,-0.16808563470840454,3275,0.0005,0.48,35,-21.590728240000004,0.5786087512969971
0.022677620872855186,17.22,17.307964324951172,6508,115069,115170,0.7683166265487671,3277,0.0005,0.49,35,-21.300214319999995,0.742273211479187
0.02284826524555683,17.28,16.81206512451172,6512,115145,115246,-0.2997432351112366,3279,0.0005,0.49,35,-21.34715421,0.09007716923952103
0.023016899824142456,16.95,16.979448318481445,6516,115198,115299,0.10134810209274292,3280,0.0005,0.47,35,-22.13248609,0.241812065243721
0.023020649328827858,16.84,17.7255859375,6520,115263,115364,0.0862385630607605,3282,0.0005,0.49,35,-21.51946582,0.314432829618454
0.02313181757926941,16.75,17.594877243041992,6524,115325,115426,0.02161521464586258,3284,0.0005,0.47,35,-22.08511569,0.1323147416114807
0.023330779746174812,16.82,16.88536834716797,6528,115404,115505,0.5226731300354004,3286,0.0005,0.47,35,-21.980126690000002,0.15311464667320251
0.023193247616291046,16.78,17.30251693725586,6532,115468,115569,-0.3797515332698822,3288,0.0005,0.5,35,-21.225766559999993,0.1977289617061615
0.02316240780055523,16.74,18.041828155517578,6536,115528,115629,0.8801631927490234,3290,0.0005,0.48,35,-21.69159359999999,0.09818413108587265
0.023589923977851868,16.83,18.338275909423828,6540,115601,115702,-0.19490712881088257,3292,0.0005,0.47,35,-21.87403386,0.19142474234104156
0.023593343794345856,16.78,15.531244277954102,6544,115666,115767,0.13413432240486145,3294,0.0005,0.46,35,-22.28024491,0.12234117090702057
0.0233052559196949,16.68,17.461929321289062,6548,115721,115822,-0.5129578113555908,3296,0.0005,0.47,35,-21.842794040000005,0.43586236238479614
0.023212235420942307,16.75,17.73602294921875,6552,115788,115889,0.45433419942855835,3298,0.0005,0.43,35,-23.112415920000004,0.3853120803833008
0.023136407136917114,16.62,17.743358612060547,6556,115847,115948,0.47603338956832886,3299,0.0005,0.43,35,-23.083694050000005,0.6796910762786865
0.023090220987796783,16.81,17.73594856262207,6560,115931,116032,-0.6797747611999512,3301,0.0005,0.43,35,-23.091944929999997,0.26192766427993774
0.023191843181848526,16.92,18.199020385742188,6564,116003,116104,0.5181432962417603,3303,0.0005,0.43,35,-23.14675573,0.2904406189918518
0.02352527156472206,16.9,18.955402374267578,6568,116072,116173,0.9629755020141602,3305,0.0005,0.44,35,-22.962675019999995,0.075660839676857
0.024161027744412422,16.92,18.154190063476562,6572,116147,116248,1.0788404941558838,3307,0.0005,0.43,35,-23.33088539,2.5279135704040527
0.024190476164221764,17.06,18.082218170166016,6576,116219,116320,-0.39902153611183167,3309,0.0005,0.44,35,-23.245586030000005,0.07819945365190506
0.023522282019257545,17.1,18.404644012451172,6580,116298,116399,-0.29279208183288574,3311,0.0005,0.4,35,-24.419114060000005,0.3806123733520508
0.023186977952718735,17.12,17.924041748046875,6584,116372,116473,-0.10914066433906555,3313,0.0005,0.4,35,-24.41695151,0.38837730884552
0.023373175412416458,16.99,17.188434600830078,6588,116425,116526,-0.5815681219100952,3314,0.0005,0.39,35,-24.691509389999997,0.17145192623138428
0.023411419242620468,16.98,18.513320922851562,6592,116494,116595,0.24093171954154968,3316,0.0005,0.39,35,-24.464752410000003,0.417264461517334
0.02310536615550518,17.01,17.96289825439453,6596,116560,116661,-0.2787661552429199,3318,0.0005,0.39,35,-24.49332228,2.561521530151367
0.023270027711987495,17.02,18.277206420898438,6600,116628,116729,0.44817307591438293,3320,0.0005,0.38,35,-24.807554130000003,0.24255450069904327
0.023679452016949654,16.89,18.651382446289062,6604,116681,116782,0.5146342515945435,3321,0.0005,0.37,35,-25.182728299999997,0.8107365369796753
0.02396218292415142,16.8,17.91875648498535,6608,116749,116850,-0.02034953236579895,3323,0.0005,0.37,35,-25.12934984,0.21658171713352203
0.023801753297448158,16.55,17.238706588745117,6612,116800,116901,-0.14078092575073242,3325,0.0005,0.35,35,-25.581525329999998,0.9369698762893677
0.02419203333556652,16.8,18.737998962402344,6616,116878,116979,-0.2862986922264099,3327,0.0005,0.36,35,-25.101890340000004,0.3442452847957611
0.02394866570830345,16.76,17.31173324584961,6620,116939,117040,-0.006538137793540955,3329,0.0005,0.34,35,-25.57059175000001,0.19845014810562134
0.023535629734396935,16.74,18.30547523498535,6624,116999,117100,-0.47992804646492004,3330,0.0005,0.35,35,-25.505910609999997,1.5280745029449463
0.02304413914680481,16.73,17.621740341186523,6628,117077,117178,0.5375869274139404,3333,0.0005,0.36,35,-25.131015729999998,0.17646414041519165
0.023059066385030746,16.86,18.622364044189453,6632,117154,117255,-0.03290450572967529,3335,0.0005,0.33,35,-25.82057795,2.7386507987976074
0.023074811324477196,16.98,17.191944122314453,6636,117226,117327,0.6476023197174072,3337,0.0005,0.35,35,-25.489908749999998,0.1142539381980896
0.02279379405081272,16.99,17.116619110107422,6640,117300,117401,0.4890424907207489,3338,0.0005,0.35,35,-25.73631323,0.2778589725494385
0.02292034588754177,16.96,16.0032958984375,6644,117362,117463,-0.10381090641021729,3340,0.0005,0.36,35,-25.27647106000001,0.06419257074594498
0.023252230137586594,17.22,17.268177032470703,6648,117443,117544,-0.4479190409183502,3342,0.0005,0.36,35,-25.328832499999997,0.2299290895462036
0.023464970290660858,17.16,17.67434310913086,6652,117504,117605,0.6883063316345215,3344,0.0005,0.38,35,-24.782545709999994,0.07827901840209961
0.023845119401812553,17.32,18.45134735107422,6656,117579,117680,-0.30288630723953247,3346,0.0005,0.37,35,-25.18194757,0.36051467061042786
0.0230997484177351,17.23,14.876407623291016,6660,117654,117755,-0.7107268571853638,3348,0.0005,0.37,35,-24.998629259999998,1.2956984043121338
0.023325366899371147,17.22,16.43421173095703,6664,117725,117826,-0.5398380756378174,3350,0.0005,0.37,35,-25.099599779999995,0.2854732871055603
0.023067617788910866,17.07,17.051969528198242,6668,117779,117880,-0.8429776430130005,3351,0.0005,0.36,35,-25.36026257,0.8408758044242859
0.022418763488531113,17.0,18.768836975097656,6672,117847,117948,-1.0154123306274414,3353,0.0005,0.36,35,-25.386335689999996,0.0784270316362381
0.022281596437096596,17.12,17.433441162109375,6676,117931,118032,0.27227628231048584,3355,0.0005,0.36,35,-25.15553699,0.23298126459121704
0.022120652720332146,17.04,19.062088012695312,6680,118002,118103,-0.9627748727798462,3357,0.0005,0.37,35,-24.91845613,0.24241848289966583
0.021673358976840973,17.04,18.039737701416016,6684,118076,118177,-0.25851497054100037,3359,0.0005,0.37,35,-24.99204382,0.05260470137000084
0.021446745842695236,17.15,16.96114730834961,6688,118140,118241,0.5721497535705566,3361,0.0005,0.38,35,-24.637040700000004,0.12264528125524521
0.021768251433968544,16.96,18.229703903198242,6692,118190,118291,0.8723552227020264,3362,0.0005,0.38,35,-24.557852769999997,0.18449971079826355
0.022613776847720146,16.95,17.400585174560547,6696,118255,118356,0.6424533724784851,3364,0.0005,0.41,35,-23.708343689999996,0.29348281025886536
0.022837873548269272,16.86,17.51624298095703,6700,118314,118415,-0.3802921175956726,3365,0.0005,0.4,35,-24.06620389,0.17271912097930908
0.0226856991648674,16.96,17.641096115112305,6704,118377,118478,-0.3324432373046875,3367,0.0005,0.42,35,-23.40898383,1.8238675594329834
0.02259049192070961,16.86,17.103134155273438,6708,118435,118536,0.7918412685394287,3368,0.0005,0.4,35,-24.02626201,0.18517068028450012
0.0228583887219429,17.06,16.995933532714844,6712,118506,118607,0.2669883966445923,3370,0.0005,0.41,35,-23.74480238,0.885080099105835
0.0226458553224802,16.97,18.291065216064453,6716,118575,118676,0.6815040111541748,3372,0.0005,0.41,35,-23.74357068,0.5465666055679321
0.022869497537612915,17.18,17.209518432617188,6720,118657,118758,-0.12403183430433273,3374,0.0005,0.42,35,-23.5555912,0.0397452637553215
0.022428980097174644,17.33,16.53282928466797,6724,118732,118833,0.47085195779800415,3376,0.0005,0.43,35,-23.07338832,0.2684001922607422
0.02237740531563759,17.23,17.736209869384766,6728,118800,118901,0.12659969925880432,3378,0.0005,0.43,35,-23.17105742999999,0.16232258081436157
0.022654632106423378,17.01,16.248231887817383,6732,118855,118956,0.5205025672912598,3380,0.0005,0.43,35,-23.325512510000003,0.34562763571739197
0.0230095311999321,17.04,17.882598876953125,6736,118930,119031,-0.5659193396568298,3382,0.0005,0.42,35,-23.47486402,0.07505923509597778
0.022473564371466637,16.99,16.372085571289062,6740,118999,119100,0.38022342324256897,3384,0.0005,0.44,35,-22.717321050000006,0.20004478096961975
0.022440699860453606,17.0,16.31734848022461,6744,119062,119163,0.35119760036468506,3385,0.0005,0.43,35,-22.937097520000002,0.3050813674926758
0.02261160872876644,16.92,16.19593048095703,6748,119135,119236,0.6930978298187256,3387,0.0005,0.42,35,-23.05493938,0.4269372820854187
0.022781608626246452,17.04,16.665802001953125,6752,119208,119309,-0.45434942841529846,3389,0.0005,0.43,35,-22.780141590000007,0.363935261964798
0.02289760112762451,17.15,16.172225952148438,6756,119294,119395,0.6946138143539429,3392,0.0005,0.45,35,-22.131406660000003,0.20453059673309326
0.02291206642985344,16.99,16.589618682861328,6760,119353,119454,0.829270601272583,3394,0.0005,0.44,35,-22.4354629,0.6925124526023865
0.02258407324552536,16.93,20.28040313720703,6764,119418,119519,0.3708638846874237,3395,0.0005,0.43,35,-22.51350827,0.32999545335769653
0.022643081843852997,17.14,18.20480728149414,6768,119493,119594,0.003285646438598633,3397,0.0005,0.43,35,-22.492930519999994,0.9459776878356934
0.02335386909544468,17.05,17.007061004638672,6772,119552,119653,-0.9239062070846558,3399,0.0005,0.43,35,-22.43015242,0.9146797060966492
0.023333977907896042,16.97,17.21835708618164,6776,119628,119729,-0.15789169073104858,3401,0.0005,0.45,35,-21.96178496,0.1484382599592209
0.023577071726322174,16.93,18.98841094970703,6780,119695,119796,0.6921327114105225,3403,0.0005,0.46,35,-21.68392609,1.5736870765686035
0.02348960004746914,16.89,16.924074172973633,6784,119765,119866,-0.2679804265499115,3405,0.0005,0.48,35,-21.08363865,0.07628007233142853
0.023207509890198708,16.93,18.404983520507812,6788,119833,119934,0.4977410137653351,3407,0.0005,0.47,35,-21.532877850000006,0.7328901290893555
0.023309340700507164,17.15,18.750049591064453,6792,119905,120006,0.019830189645290375,3424,0.0005,0.49,35,-21.063055180000003,2.2304959297180176
0.023656869307160378,17.23,16.919803619384766,6796,119978,120079,0.41659921407699585,3426,0.0005,0.49,35,-20.986280469999997,1.9977588653564453
0.024015001952648163,17.3,16.835716247558594,6800,120044,120145,0.1424223780632019,3427,0.0005,0.51,35,-20.40463569,0.41348883509635925
0.023866480216383934,17.31,17.59085464477539,6804,120108,120209,0.2513718903064728,3429,0.0005,0.49,35,-20.99299756,0.1367112547159195
0.023558063432574272,17.38,17.246429443359375,6808,120173,120274,-0.4007168114185333,3431,0.0005,0.51,35,-20.418100850000002,0.17592686414718628
0.023561976850032806,17.45,18.22838020324707,6812,120251,120352,0.36243000626564026,3433,0.0005,0.51,35,-20.471335760000002,0.1179119199514389
0.02398049458861351,17.59,17.14779281616211,6816,120334,120435,-0.7381947040557861,3435,0.0005,0.51,35,-20.485275570000002,0.14758777618408203
0.024071011692285538,17.51,17.693775177001953,6820,120408,120509,-0.13559386134147644,3437,0.0005,0.51,35,-20.54425522,0.2494383156299591
0.023884497582912445,17.39,18.138416290283203,6824,120471,120572,-0.7406226992607117,3439,0.0005,0.5,35,-20.894356170000002,0.11495591700077057
0.02366693876683712,17.52,17.047405242919922,6828,120552,120653,0.43476009368896484,3441,0.0005,0.49,35,-21.10012244,0.12660104036331177
0.023878827691078186,17.52,17.187009811401367,6832,120607,120708,-0.12442699074745178,3443,0.0005,0.5,35,-20.839008200000002,0.8789223432540894
0.024182777851819992,17.49,16.583925247192383,6836,120679,120780,-0.8350687026977539,3445,0.0005,0.5,35,-20.8268341,0.29779738187789917
0.023492533713579178,17.53,18.324504852294922,6840,120752,120853,-0.1859135925769806,3447,0.0005,0.46,35,-21.91353396,0.49129390716552734
0.02303931675851345,17.66,17.709714889526367,6844,120828,120929,0.4531612992286682,3449,0.0005,0.46,35,-21.91586417,0.12136800587177277
0.022975051775574684,17.53,16.836647033691406,6848,120888,120989,-0.17843464016914368,3451,0.0005,0.48,35,-21.4171246,0.09596771001815796
0.023650750517845154,17.39,18.68795394897461,6852,120947,121048,0.030750319361686707,3452,0.0005,0.49,35,-20.966729029999996,1.1559803485870361
0.023758582770824432,17.21,17.173486709594727,6856,121015,121116,-0.7904602885246277,3454,0.0005,0.47,35,-21.704837549999993,1.8535629510879517
0.023452602326869965,17.27,17.256568908691406,6860,121080,121181,-0.8177186250686646,3456,0.0005,0.48,35,-21.491100590000002,2.3822386264801025
0.023138204589486122,17.23,18.84300994873047,6864,121141,121242,0.2930641174316406,3457,0.0005,0.48,35,-21.619047100000007,2.011075019836426
0.02316092699766159,17.12,17.1517276763916,6868,121205,121306,0.15470179915428162,3459,0.0005,0.49,35,-21.26170608,0.6783566474914551
0.02274455316364765,17.18,17.38062286376953,6872,121270,121371,-0.052520543336868286,3461,0.0005,0.5,35,-21.029824550000004,0.4549129605293274
0.02209652215242386,17.24,16.985965728759766,6876,121352,121453,-0.006680488586425781,3462,0.0005,0.49,35,-21.288237199999994,0.2630874812602997
0.022450091317296028,17.3,16.018659591674805,6880,121425,121526,-0.3721581995487213,3464,0.0005,0.51,35,-20.624917279999995,0.17623767256736755
0.022966967895627022,17.23,16.72201919555664,6884,121488,121589,0.4855349659919739,3466,0.0005,0.5,35,-20.85092213,0.2874896228313446
0.023096388205885887,17.21,19.331478118896484,6888,121554,121655,-0.4409424364566803,3468,0.0005,0.51,35,-20.476358480000002,0.23770231008529663
0.02240065112709999,17.14,16.700366973876953,6892,121619,121720,-0.4733635187149048,3469,0.0005,0.49,35,-21.231979380000002,0.11603215336799622
0.022075355052947998,16.98,17.198705673217773,6896,121676,121777,-0.9975404739379883,3471,0.0005,0.49,35,-21.253529080000003,0.38297712802886963
0.022209960967302322,16.96,16.095722198486328,6900,121740,121841,-0.4354984760284424,3472,0.0005,0.47,35,-21.638416700000004,0.3303329050540924
0.022395113483071327,17.15,17.43880271911621,6904,121823,121924,0.24964934587478638,3475,0.0005,0.5,35,-20.775128570000003,0.09494026005268097
0.0222017839550972,17.18,18.731090545654297,6908,121891,121992,-0.27218079566955566,3476,0.0005,0.5,35,-20.734087489999997,0.4365169107913971
0.021745719015598297,17.11,17.159664154052734,6912,121962,122063,-0.06828109920024872,3478,0.0005,0.49,35,-20.95338249,0.30252766609191895
0.0216254610568285,16.82,17.216211318969727,6916,122016,122117,-0.6033852696418762,3480,0.0005,0.49,35,-21.05379449,0.20766475796699524
0.022002197802066803,16.66,17.080785751342773,6920,122074,122175,-0.43092843890190125,3481,0.0005,0.49,35,-21.04125789,0.14270342886447906
0.022085893899202347,16.67,17.98710823059082,6924,122138,122239,-0.3525550365447998,3483,0.0005,0.51,35,-20.417678860000002,0.33053117990493774
0.02228386700153351,16.65,16.020084381103516,6928,122217,122318,0.30791908502578735,3485,0.0005,0.51,35,-20.637657919999995,0.4402256906032562
0.022317027673125267,16.92,17.097393035888672,6932,122299,122400,0.183085098862648,3487,0.0005,0.52,35,-20.296045130000003,0.35936659574508667
0.022659925743937492,16.85,18.25790786743164,6936,122364,122465,-0.058318644762039185,3488,0.0005,0.53,35,-20.10596834,0.09544643014669418
0.0231693834066391,16.87,16.933490753173828,6940,122439,122540,0.16906657814979553,3490,0.0005,0.55,35,-19.78039557,1.2654199600219727
0.023502292111516,16.84,19.247882843017578,6944,122512,122613,-0.3445344567298889,3492,0.0005,0.55,35,-19.76290575,2.2029733657836914
0.0231147613376379,16.84,17.38030242919922,6948,122572,122673,0.333493709564209,3494,0.0005,0.56,35,-19.499874939999998,1.108816146850586
0.023088565096259117,16.95,18.81792449951172,6952,122642,122743,-0.8698564171791077,3496,0.0005,0.53,35,-20.639101890000003,0.10483857989311218
0.022979415953159332,16.94,16.205326080322266,6956,122709,122810,0.6996507048606873,3497,0.0005,0.54,35,-20.213955010000003,0.16899192333221436
0.023005133494734764,16.94,16.821117401123047,6960,122774,122875,-0.3434779942035675,3499,0.0005,0.53,35,-20.55457895,0.47943973541259766
0.02250717394053936,16.89,15.375190734863281,6964,122830,122931,-0.6480857729911804,3500,0.0005,0.55,35,-19.887461960000003,0.08512060344219208
0.022163789719343185,16.79,19.17502212524414,6968,122884,122985,0.3270944356918335,3501,0.0005,0.54,35,-20.167546750000003,0.11418192088603973
0.022562921047210693,16.82,17.559972763061523,6972,122952,123053,1.166205644607544,3503,0.0005,0.53,35,-20.544620469999998,0.9491403698921204
0.023103829473257065,16.72,15.228069305419922,6976,123024,123125,0.803541898727417,3505,0.0005,0.53,35,-20.620286500000002,0.32963454723358154
0.02334805205464363,16.62,17.558414459228516,6980,123087,123188,-0.45316824316978455,3507,0.0005,0.51,35,-21.077327949999997,0.14165890216827393
0.022941261529922485,16.79,17.203956604003906,6984,123167,123268,-0.09323830902576447,3508,0.0005,0.51,35,-21.127767590000005,0.21100221574306488
0.02292366698384285,16.73,16.3719539642334,6988,123227,123328,-0.6799977421760559,3510,0.0005,0.5,35,-21.44614265,0.4538242816925049
0.022535182535648346,16.84,16.645591735839844,6992,123303,123404,0.2395239770412445,3512,0.0005,0.53,35,-20.434875039999998,0.1468149721622467
0.02207873947918415,16.95,17.639068603515625,6996,123371,123472,-0.2911105751991272,3513,0.0005,0.51,35,-21.22897738,0.14871062338352203
0.022256575524806976,16.93,16.742631912231445,7000,123433,123534,0.22992588579654694,3515,0.0005,0.52,35,-21.16937454,0.15722554922103882
0.02272915653884411,16.85,16.496051788330078,7004,123508,123609,0.22111776471138,3517,0.0005,0.52,35,-21.118855530000005,0.27571341395378113
0.02274511754512787,16.78,16.474071502685547,7008,123569,123670,0.2205946445465088,3518,0.0005,0.51,35,-21.572534510000004,0.3583216667175293
0.02232888527214527,16.65,16.781208038330078,7012,123627,123728,-0.8584587574005127,3520,0.0005,0.53,35,-20.906778380000006,0.1424776315689087
0.021932147443294525,16.8,17.79993438720703,7016,123696,123797,-0.9282284379005432,3521,0.0005,0.54,35,-20.50245289,0.17505985498428345
0.02194407396018505,16.92,18.34536361694336,7020,123766,123867,0.5100394487380981,3523,0.0005,0.55,35,-20.28963396,0.18636634945869446
0.02249937877058983,17.13,16.796918869018555,7024,123851,123952,0.280100017786026,3525,0.0005,0.55,35,-20.50987889,1.5681869983673096
0.02277037315070629,17.22,17.026782989501953,7028,123939,124040,-0.560388445854187,3527,0.0005,0.54,35,-20.626155989999997,0.12489890307188034
0.022844690829515457,17.2,17.22600555419922,7032,124019,124120,0.016267135739326477,3529,0.0005,0.54,35,-20.632664209999998,0.08084749430418015
0.02316531166434288,17.35,18.70838165283203,7036,124099,124200,-0.6358211636543274,3531,0.0005,0.54,35,-20.654181429999998,0.23487313091754913
0.023002220317721367,17.39,17.76477813720703,7040,124178,124279,0.4217085540294647,3532,0.0005,0.54,35,-20.51843592,0.6765514612197876
0.023128360509872437,17.36,17.636497497558594,7044,124248,124349,-0.19649115204811096,3534,0.0005,0.54,35,-20.569999439999997,0.08799630403518677
0.02287406660616398,17.45,18.646982192993164,7048,124317,124418,-0.5858480930328369,3536,0.0005,0.52,35,-21.215787810000002,0.5266279578208923
0.022400887683033943,17.59,18.274810791015625,7052,124401,124502,-0.2731912136077881,3538,0.0005,0.55,35,-20.24220523,0.038431838154792786
0.022537555545568466,17.63,16.89767074584961,7056,124472,124573,0.31944209337234497,3540,0.0005,0.56,35,-19.99202278,0.23347875475883484
0.022032223641872406,17.61,18.345664978027344,7060,124535,124636,0.2026323676109314,3541,0.0005,0.57,35,-19.62188312,0.19654017686843872
0.022504087537527084,17.71,18.282468795776367,7064,124601,124702,0.06191122531890869,3543,0.0005,0.56,35,-20.03503573,1.8078809976577759
0.022276727482676506,18.02,17.521892547607422,7068,124686,124787,0.09027563035488129,3545,0.0005,0.57,35,-19.824663369999996,0.26668477058410645
0.02234584093093872,17.97,17.232330322265625,7072,124749,124850,0.7369872331619263,3547,0.0005,0.58,35,-19.437747289999997,0.31595203280448914
0.022280622273683548,17.93,16.345062255859375,7076,124817,124918,0.42677390575408936,3548,0.0005,0.57,35,-19.76329491,2.374497890472412
0.022119836881756783,17.94,16.618961334228516,7080,124881,124982,-0.6637206077575684,3550,0.0005,0.57,35,-19.73771841,0.11978130042552948
0.021876618266105652,17.86,16.56995391845703,7084,124953,125054,0.6855095624923706,3552,0.0005,0.58,35,-19.397564680000002,0.9091066718101501
0.022413969039916992,17.98,17.356725692749023,7088,125025,125126,0.902372419834137,3554,0.0005,0.59,35,-19.13363896,0.10170003771781921
0.02220625802874565,17.86,17.158185958862305,7092,125089,125190,1.2745689153671265,3556,0.0005,0.56,35,-20.12931621,0.095103919506073
0.022130323573946953,18.01,18.462854385375977,7096,125172,125273,0.6744270324707031,3558,0.0005,0.57,35,-19.6876458,0.11270478367805481
0.022286709398031235,18.22,17.381568908691406,7100,125255,125356,-0.10745242238044739,3561,0.0005,0.59,35,-18.981910680000002,0.57107013463974
0.0220173429697752,18.15,16.35948371887207,7104,125323,125424,-0.3733389675617218,3563,0.0005,0.59,35,-19.086161360000002,0.23232166469097137
0.022170988842844963,18.22,17.529109954833984,7108,125391,125492,-0.04160342365503311,3565,0.0005,0.6,35,-18.79027151,0.05218358710408211
0.022411735728383064,18.38,18.83492660522461,7112,125465,125566,-0.03518371284008026,3567,0.0005,0.61,35,-18.64067705,0.5539539456367493
0.022281289100646973,18.31,16.27150535583496,7116,125527,125628,-0.4645109176635742,3568,0.0005,0.61,35,-18.6734993,0.22062790393829346
0.022351181134581566,18.24,19.103870391845703,7120,125590,125691,0.7038550972938538,3570,0.0005,0.6,35,-18.975748069999998,0.6367337703704834
0.022382201626896858,18.17,17.03615951538086,7124,125668,125769,0.16078469157218933,3572,0.0005,0.6,35,-18.92388735,0.20433546602725983
0.02227672189474106,17.79,16.4639892578125,7128,125718,125819,0.2469576746225357,3573,0.0005,0.59,35,-19.051157599999996,0.22661815583705902
0.02267523668706417,17.63,17.535402297973633,7132,125782,125883,-0.37864354252815247,3575,0.0005,0.6,35,-18.71915815,0.2803943157196045
0.023203646764159203,17.59,19.115198135375977,7136,125858,125959,0.0002610236406326294,3577,0.0005,0.6,35,-18.632835970000002,0.6522476673126221
0.0232422836124897,17.62,17.832115173339844,7140,125940,126041,-0.5680920481681824,3579,0.0005,0.62,35,-18.10753809,0.06271833181381226
0.022823525592684746,17.57,16.4478759765625,7144,126005,126106,0.27986520528793335,3580,0.0005,0.64,35,-17.586933679999998,1.54298734664917
0.022804243490099907,17.61,16.94765853881836,7148,126078,126179,0.0905868411064148,3582,0.0005,0.65,35,-17.392539750000005,2.895404815673828
0.022200047969818115,17.46,16.35674285888672,7152,126147,126248,0.1595202535390854,3584,0.0005,0.64,35,-17.654166840000002,0.12605981528759003
0.022095922380685806,17.36,17.10527801513672,7156,126208,126309,-0.561504602432251,3585,0.0005,0.63,35,-17.769724919999998,0.3570655584335327
0.02224552445113659,17.49,16.469837188720703,7160,126284,126385,0.29295605421066284,3587,0.0005,0.62,35,-18.06247342,0.9344186186790466
0.02218281477689743,17.63,16.791873931884766,7164,126364,126465,0.23901447653770447,3589,0.0005,0.62,35,-18.021792310000002,0.1325351446866989
0.022487010806798935,17.55,17.412195205688477,7168,126441,126542,-0.4031100273132324,3591,0.0005,0.61,35,-18.32468832,0.21900248527526855
0.02219804748892784,17.51,17.355546951293945,7172,126500,126601,0.1712685525417328,3593,0.0005,0.6,35,-18.54916582,0.18974097073078156
0.02217148430645466,17.41,18.706195831298828,7176,126558,126659,-0.051082462072372437,3594,0.0005,0.61,35,-18.11788619,0.1547473669052124
0.02213194966316223,17.55,17.33247184753418,7180,126636,126737,0.4236762523651123,3596,0.0005,0.6,35,-18.49306051,0.41930586099624634
0.021667975932359695,17.59,16.369718551635742,7184,126712,126813,-0.3994988203048706,3598,0.0005,0.6,35,-18.61238489,0.145232155919075
0.021636955440044403,17.48,16.3580322265625,7188,126773,126874,0.0705452561378479,3599,0.0005,0.59,35,-18.811809729999997,0.5456615686416626
0.021714618429541588,17.54,16.839218139648438,7192,126843,126944,-0.1364501565694809,3601,0.0005,0.61,35,-18.13919628,0.8466301560401917
0.021832844242453575,17.61,18.55401611328125,7196,126933,127034,0.1142445057630539,3604,0.0005,0.63,35,-17.66404332,0.155951589345932
0.021847747266292572,17.51,17.18401336669922,7200,127006,127107,-0.3626269996166229,3605,0.0005,0.61,35,-18.45407704,0.14032761752605438
0.02205219306051731,17.67,18.318286895751953,7204,127090,127191,0.3876497447490692,3608,0.0005,0.61,35,-18.40554423,0.09885828197002411
0.022129543125629425,17.7,16.805694580078125,7208,127161,127262,0.368529349565506,3610,0.0005,0.59,35,-19.14782512,0.273779958486557
0.022302256897091866,17.71,17.700082778930664,7212,127236,127337,0.6296512484550476,3612,0.0005,0.56,35,-20.072824869999998,0.20964759588241577
0.022458428516983986,17.75,17.127365112304688,7216,127302,127403,-0.30695778131484985,3613,0.0005,0.55,35,-20.35996064,0.11348649114370346
0.022472810000181198,17.86,16.405593872070312,7220,127376,127477,0.07808786630630493,3615,0.0005,0.55,35,-20.29632485,0.9645587205886841
0.02286934107542038,17.74,16.15166664123535,7224,127442,127543,-0.905310869216919,3617,0.0005,0.53,35,-20.918662010000002,0.07019135355949402
0.02205788344144821,18.0,17.724702835083008,7228,127518,127619,-0.34324514865875244,3619,0.0005,0.56,35,-20.3036198,0.24232810735702515
0.021939411759376526,18.1,16.68194580078125,7232,127592,127693,-0.13687817752361298,3621,0.0005,0.57,35,-20.102447719999997,0.19777525961399078
0.02199511229991913,18.01,17.305740356445312,7236,127659,127760,0.26328784227371216,3623,0.0005,0.56,35,-20.316459730000005,1.943131446838379
0.021842682734131813,17.83,16.055002212524414,7240,127723,127824,-0.1403193175792694,3624,0.0005,0.55,35,-20.46659413,1.5440081357955933
0.02158457040786743,17.94,15.674811363220215,7244,127799,127900,0.36224979162216187,3626,0.0005,0.54,35,-20.661560859999998,1.0341888666152954
0.021700777113437653,17.93,17.548473358154297,7248,127871,127972,0.7771459221839905,3628,0.0005,0.52,35,-21.04671483,0.09299074113368988
0.02182115986943245,17.88,18.210044860839844,7252,127935,128036,-0.4858088493347168,3630,0.0005,0.5,35,-21.405978759999996,0.13005174696445465
0.021600637584924698,17.87,18.32143783569336,7256,127995,128096,-0.4344539940357208,3631,0.0005,0.49,35,-21.74930022,0.17963187396526337
0.0218450166285038,17.95,15.846405029296875,7260,128079,128180,-0.6385393738746643,3634,0.0005,0.5,35,-21.454497199999995,0.6891025304794312
0.022106334567070007,17.9,16.959373474121094,7264,128154,128255,-0.8528956174850464,3635,0.0005,0.52,35,-20.855187079999997,0.3113728165626526
0.021752329543232918,17.68,18.366193771362305,7268,128209,128310,-0.12478092312812805,3637,0.0005,0.52,35,-20.690788629999997,0.19702990353107452
0.022200878709554672,17.96,18.599977493286133,7272,128296,128397,-0.0741686075925827,3639,0.0005,0.53,35,-20.463132309999995,0.06130688637495041
0.021871652454137802,18.13,17.578664779663086,7276,128371,128472,-0.16043764352798462,3641,0.0005,0.53,35,-20.443636649999995,0.6565960049629211
0.02217104472219944,17.95,16.481868743896484,7280,128431,128532,0.5624582171440125,3642,0.0005,0.54,35,-20.09167195,0.17592760920524597
0.022286655381321907,17.77,17.540328979492188,7284,128489,128590,0.1343267858028412,3644,0.0005,0.53,35,-20.22931388,0.16717004776000977
0.022047009319067,18.08,16.98944091796875,7288,128581,128682,-0.4272260069847107,3646,0.0005,0.52,35,-20.55620696,0.5874473452568054
0.021836748346686363,18.24,18.732521057128906,7292,128667,128768,-0.797694206237793,3648,0.0005,0.51,35,-20.706661590000003,0.2943929433822632
0.02188420295715332,18.08,17.105358123779297,7296,128741,128842,-0.8502979874610901,3650,0.0005,0.49,35,-21.080885520000002,0.097847118973732
0.021227246150374413,17.96,18.26723289489746,7300,128802,128903,-0.16053712368011475,3651,0.0005,0.49,35,-20.994900819999998,0.31082311272621155
0.020706193521618843,17.92,17.071090698242188,7304,128882,128983,-0.5956010818481445,3653,0.0005,0.47,35,-21.56462715,0.06144655495882034
0.020521322265267372,18.09,17.569053649902344,7308,128970,129071,0.7285090684890747,3655,0.0005,0.48,35,-21.15333492,0.12323987483978271
0.02096676081418991,18.08,14.998374938964844,7312,129044,129145,-0.20774686336517334,3657,0.0005,0.5,35,-20.60260163,0.2330450713634491
0.02146735042333603,18.01,16.129581451416016,7316,129103,129204,0.10975024104118347,3659,0.0005,0.5,35,-20.571804030000003,0.17320415377616882
0.02253093011677265,17.91,17.117982864379883,7320,129167,129268,0.7662479877471924,3660,0.0005,0.51,35,-20.215936829999997,0.5299230813980103
0.022348927333950996,17.88,17.6878662109375,7324,129230,129331,0.5023378133773804,3662,0.0005,0.52,35,-19.76280542,0.0999438613653183
0.022533241659402847,17.85,16.949424743652344,7328,129303,129404,0.7132580280303955,3664,0.0005,0.51,35,-20.09603149,0.16238941252231598
0.02236129157245159,17.68,16.792800903320312,7332,129360,129461,-0.6290820837020874,3665,0.0005,0.49,35,-20.706027130000003,0.10347460210323334
0.022339263930916786,17.6,16.831478118896484,7336,129419,129520,0.08670151233673096,3666,0.0005,0.48,35,-21.139831800000003,0.28229930996894836
0.02262735553085804,17.67,15.64814567565918,7340,129490,129591,-0.34568145871162415,3668,0.0005,0.46,35,-21.738856610000003,0.142571359872818
0.022458283230662346,17.45,17.583309173583984,7344,129544,129645,-0.1964949667453766,3670,0.0005,0.46,35,-21.83361473,0.21906444430351257
0.022255748510360718,17.43,17.89402961730957,7348,129614,129715,-0.019284263253211975,3672,0.0005,0.48,35,-21.43951665,0.21993352472782135
0.02229524962604046,17.33,17.464752197265625,7352,129668,129769,-0.13406258821487427,3673,0.0005,0.47,35,-21.79399148,0.3815242648124695
0.02274462766945362,17.39,19.8912410736084,7356,129734,129835,-0.43860769271850586,3675,0.0005,0.48,35,-21.58468176,0.12522703409194946
0.022725040093064308,17.09,15.807147979736328,7360,129788,129889,0.05922552943229675,3676,0.0005,0.46,35,-22.244321279999994,0.4300999045372009
0.02246861532330513,17.02,15.732402801513672,7364,129856,129957,-0.6806098818778992,3678,0.0005,0.43,35,-23.19259087,0.08634329587221146
0.022492244839668274,17.18,15.881291389465332,7368,129927,130028,-0.03836488723754883,3697,0.0005,0.44,35,-23.115568159999995,0.16289962828159332
0.02274731732904911,17.12,16.209360122680664,7372,130008,130109,-0.09133875370025635,3699,0.0005,0.44,35,-22.994499519999998,0.20433174073696136
0.02259203791618347,17.11,17.50680160522461,7376,130082,130183,-0.8835636377334595,3701,0.0005,0.43,35,-23.32078962,0.12386397272348404
0.02269531413912773,17.26,17.952205657958984,7380,130157,130258,0.5159263610839844,3704,0.0005,0.45,35,-22.86697527,0.12582328915596008
0.022412152960896492,17.37,16.762990951538086,7384,130226,130327,0.4926154911518097,3706,0.0005,0.46,35,-22.677478230000002,0.15040548145771027
0.022234013304114342,17.2,16.958858489990234,7388,130301,130402,-0.16021297872066498,3708,0.0005,0.47,35,-22.52281579000001,0.3369807004928589
0.022296015173196793,16.96,17.214984893798828,7392,130363,130464,0.4853768050670624,3710,0.0005,0.47,35,-22.666208870000002,0.37718915939331055
0.022210801020264626,16.88,18.013662338256836,7396,130429,130530,0.43479251861572266,3712,0.0005,0.47,35,-22.762512749999996,0.2169705629348755
0.02250187285244465,16.96,17.756284713745117,7400,130498,130599,0.2543966472148895,3713,0.0005,0.47,35,-22.57922054,1.8735287189483643
0.02249172329902649,16.79,16.488357543945312,7404,130561,130662,0.6681104898452759,3715,0.0005,0.48,35,-22.193900400000008,0.2087213397026062
0.022422408685088158,16.67,16.16145896911621,7408,130637,130738,-0.6261905431747437,3717,0.0005,0.47,35,-22.399865339999998,0.08048304915428162
0.022629303857684135,16.65,16.0323543548584,7412,130709,130810,-0.376492440700531,3719,0.0005,0.46,35,-22.74414219,0.29542070627212524
0.022970812395215034,16.75,17.161418914794922,7416,130778,130879,0.9308308362960815,3721,0.0005,0.48,35,-22.26602815,0.5207339525222778
0.023544741794466972,16.96,16.91802215576172,7420,130863,130964,-0.16850021481513977,3723,0.0005,0.47,35,-22.605192629999998,0.5627308487892151
0.02334010973572731,17.01,18.214298248291016,7424,130931,131032,-0.4877825379371643,3725,0.0005,0.46,35,-23.09046095,0.1416841447353363
0.02319108135998249,16.92,17.941373825073242,7428,130995,131096,-0.3588782548904419,3726,0.0005,0.45,35,-23.278402129999996,0.05997622385621071
0.022920357063412666,17.01,16.354549407958984,7432,131061,131162,0.6833798885345459,3728,0.0005,0.45,35,-23.092143229999998,0.12234443426132202
0.022931823506951332,17.08,17.534664154052734,7436,131127,131228,-0.25848090648651123,3730,0.0005,0.45,35,-23.10552872,0.07722488790750504
0.02320576086640358,17.12,16.839292526245117,7440,131202,131303,-0.045031264424324036,3732,0.0005,0.46,35,-22.930491280000002,0.20239940285682678
0.023086048662662506,17.28,17.97443962097168,7444,131272,131373,0.3043549358844757,3734,0.0005,0.46,35,-22.903394319999997,0.16514956951141357
0.022810572758316994,17.3,16.733482360839844,7448,131344,131445,0.02970801293849945,3736,0.0005,0.44,35,-23.384402840000003,1.1787121295928955
0.022700082510709763,17.43,17.38214874267578,7452,131411,131512,0.6406508684158325,3738,0.0005,0.46,35,-22.91992093,0.08994365483522415
0.02325313910841942,17.47,16.768102645874023,7456,131481,131582,0.08320918679237366,3740,0.0005,0.46,35,-23.011160439999998,0.27167952060699463
0.022884955629706383,17.57,17.17401123046875,7460,131545,131646,0.14539653062820435,3741,0.0005,0.48,35,-22.434212319999997,0.07279342412948608
0.022735998034477234,17.48,16.494230270385742,7464,131604,131705,-0.7173522114753723,3743,0.0005,0.48,35,-22.28212306,0.10461289435625076
0.02256263606250286,17.54,18.63007926940918,7468,131681,131782,-0.0036784112453460693,3745,0.0005,0.48,35,-22.157810880000007,0.2093689888715744
0.022202564403414726,17.49,17.354883193969727,7472,131757,131858,-0.26066023111343384,3747,0.0005,0.49,35,-21.852270430000004,0.598942220211029
0.02240566723048687,17.44,16.628889083862305,7476,131826,131927,-0.20020651817321777,3749,0.0005,0.5,35,-21.629023280000002,0.47356194257736206
0.02265140227973461,17.4,17.22174072265625,7480,131897,131998,0.16114559769630432,3751,0.0005,0.48,35,-22.18309492,0.817618191242218
0.02228684164583683,17.33,17.781574249267578,7484,131959,132060,0.11486523598432541,3752,0.0005,0.47,35,-22.406389220000005,0.3078782856464386
0.022768659517169,17.21,17.521875381469727,7488,132022,132123,-0.1633063554763794,3754,0.0005,0.48,35,-21.896643730000005,0.12245117127895355
0.022634264081716537,17.38,18.220304489135742,7492,132101,132202,0.21146109700202942,3756,0.0005,0.49,35,-21.58805453,0.16104507446289062
0.022582225501537323,17.42,18.183361053466797,7496,132171,132272,0.0071836113929748535,3758,0.0005,0.48,35,-21.901491979999996,0.2719212770462036
0.02262156829237938,17.39,15.839405059814453,7500,132237,132338,0.2021767497062683,3760,0.0005,0.49,35,-21.60616446,0.05912012606859207
0.022495903074741364,17.4,16.277057647705078,7504,132301,132402,-0.3418700098991394,3761,0.0005,0.48,35,-21.98740006,0.9196600914001465
0.022340359166264534,17.28,17.130706787109375,7508,132365,132466,-0.17931239306926727,3763,0.0005,0.48,35,-21.96873526,0.06475891172885895
0.022744547575712204,17.26,17.121145248413086,7512,132435,132536,-0.3920212388038635,3765,0.0005,0.48,35,-21.94347967,0.33211129903793335
0.02236165478825569,17.46,17.259395599365234,7516,132524,132625,0.7429630756378174,3768,0.0005,0.45,35,-22.806650040000005,0.7640244960784912
0.02208389900624752,17.36,17.82610321044922,7520,132599,132700,0.20654654502868652,3770,0.0005,0.45,35,-22.89645981,0.12433947622776031
0.02236321195960045,17.28,16.75564956665039,7524,132659,132760,-0.5301859378814697,3771,0.0005,0.45,35,-22.663109040000005,0.18289580941200256
0.02240249328315258,17.42,17.499277114868164,7528,132737,132838,0.28488922119140625,3774,0.0005,0.44,35,-22.825250620000006,0.46897152066230774
0.022462228313088417,17.48,18.82027816772461,7532,132809,132910,0.5214390158653259,3776,0.0005,0.43,35,-23.471936760000002,0.08252587914466858
0.022500917315483093,17.55,16.911666870117188,7536,132882,132983,0.2978130877017975,3778,0.0005,0.45,35,-22.845254390000004,0.05767946317791939
0.022736338898539543,17.64,16.903112411499023,7540,132966,133067,0.18318359553813934,3780,0.0005,0.45,35,-22.70309526,0.07177643477916718
0.022099241614341736,17.85,15.943536758422852,7544,133057,133158,0.528113842010498,3783,0.0005,0.44,35,-22.906869460000003,0.42339038848876953
0.022140799090266228,17.96,17.604351043701172,7548,133140,133241,0.6690351963043213,3785,0.0005,0.45,35,-22.56255657,0.13949556648731232
0.022385360673069954,17.96,16.052406311035156,7552,133207,133308,-0.9615468382835388,3787,0.0005,0.45,35,-22.493102640000004,0.04103706777095795
0.022550299763679504,18.1,18.715530395507812,7556,133291,133392,-0.22372576594352722,3789,0.0005,0.46,35,-22.08082359,0.5917186737060547
0.021902216598391533,18.25,16.186344146728516,7560,133370,133471,-0.653842568397522,3792,0.0005,0.46,35,-22.2036124,0.1211247593164444
0.021666502580046654,18.45,17.237228393554688,7564,133449,133550,-0.007022947072982788,3794,0.0005,0.47,35,-22.158358409999995,1.0922966003417969
0.021520037204027176,18.36,16.69519805908203,7568,133517,133618,-0.0737001895904541,3796,0.0005,0.46,35,-22.470867950000002,0.03214156627655029
0.021885909140110016,18.24,18.03213882446289,7572,133581,133682,0.6860887408256531,3798,0.0005,0.44,35,-23.086567619999997,0.29361552000045776
0.02220701426267624,18.17,18.764699935913086,7576,133643,133744,0.20793485641479492,3800,0.0005,0.42,35,-23.52497394,0.16993141174316406
0.022316427901387215,18.28,16.186561584472656,7580,133725,133826,-0.13203084468841553,3802,0.0005,0.4,35,-24.124267389999996,0.5753411054611206
0.022321758791804314,18.46,16.670026779174805,7584,133805,133906,-0.6326451897621155,3804,0.0005,0.41,35,-23.888744720000005,0.24388839304447174
0.02216261625289917,18.6,17.445201873779297,7588,133882,133983,0.5575938820838928,3806,0.0005,0.39,35,-24.606937749999997,0.347252756357193
0.02181665413081646,18.4,17.329486846923828,7592,133941,134042,-0.2506214380264282,3807,0.0005,0.38,35,-24.808616930000003,0.10422028601169586
0.021735554561018944,18.35,19.120548248291016,7596,134006,134107,0.43364930152893066,3809,0.0005,0.4,35,-24.202671089999996,0.06736339628696442
0.021756572648882866,18.43,17.824268341064453,7600,134080,134181,0.38675984740257263,3811,0.0005,0.41,35,-23.954970069999998,0.6866945028305054
0.022228622809052467,18.33,18.02481460571289,7604,134134,134235,0.2212458997964859,3812,0.0005,0.42,35,-23.680434100000003,0.11981895565986633
0.02276950515806675,18.35,17.96393585205078,7608,134200,134301,-0.13499653339385986,3814,0.0005,0.43,35,-23.416085279999997,0.22875815629959106
0.02240409143269062,18.58,16.849693298339844,7612,134293,134394,-0.43283724784851074,3816,0.0005,0.43,35,-23.263126059999994,1.6420226097106934
0.022262217476963997,18.33,16.39132308959961,7616,134357,134458,0.25927379727363586,3818,0.0005,0.44,35,-22.74697047,0.7389241456985474
0.022421885281801224,18.32,16.703107833862305,7620,134431,134532,-0.004837818443775177,3820,0.0005,0.43,35,-23.039405270000003,0.19901412725448608
0.022454818710684776,18.36,18.18386459350586,7624,134495,134596,-0.40423011779785156,3822,0.0005,0.44,35,-22.90334891,0.25342386960983276
0.022532032802700996,18.22,16.939668655395508,7628,134559,134660,-0.4227326214313507,3823,0.0005,0.47,35,-22.047854330000003,0.24778762459754944
0.022215403616428375,18.23,17.496915817260742,7632,134632,134733,0.3196766972541809,3825,0.0005,0.5,35,-20.977728940000002,0.11576598137617111
0.022181177511811256,18.37,16.65513038635254,7636,134719,134820,-0.5658841133117676,3828,0.0005,0.48,35,-21.57805511,0.05675248056650162
0.022036895155906677,18.23,16.463054656982422,7640,134789,134890,-0.8984163999557495,3829,0.0005,0.48,35,-21.768533960000003,0.1301332712173462
0.021950876340270042,18.03,17.737607955932617,7644,134860,134961,-0.6471968293190002,3831,0.0005,0.49,35,-21.566811480000002,0.1270020455121994
0.021919282153248787,18.09,17.35527801513672,7648,134949,135050,-0.1948651224374771,3834,0.0005,0.51,35,-21.204413970000004,0.05855520814657211
0.021889233961701393,18.09,17.60747528076172,7652,135016,135117,-0.03839755803346634,3835,0.0005,0.5,35,-21.746128109999994,0.6893081665039062
0.022191978991031647,17.86,16.644886016845703,7656,135077,135178,0.07439103722572327,3837,0.0005,0.49,35,-22.01779703,0.09919651597738266
0.022041475400328636,17.6,16.875022888183594,7660,135130,135231,0.7825776934623718,3838,0.0005,0.49,35,-21.744353059999998,2.2528581619262695
0.02224414050579071,17.44,17.376449584960938,7664,135193,135294,0.03305022418498993,3840,0.0005,0.5,35,-21.191950399999996,0.22628000378608704
0.022756393998861313,17.42,15.908040046691895,7668,135259,135360,0.2932714521884918,3842,0.0005,0.49,35,-21.476399269999998,0.19353801012039185
0.022878961637616158,17.62,15.737176895141602,7672,135343,135444,-0.7187762260437012,3844,0.0005,0.5,35,-21.299342739999997,2.1485564708709717
0.02281687594950199,17.67,16.845718383789062,7676,135410,135511,-0.345292866230011,3846,0.0005,0.52,35,-20.69620532,0.49005740880966187
0.02297843061387539,17.67,17.07320785522461,7680,135492,135593,0.3366531729698181,3848,0.0005,0.53,35,-20.291259500000002,0.39924097061157227
0.023073837161064148,17.64,17.17963409423828,7684,135569,135670,-0.8246464729309082,3850,0.0005,0.53,35,-20.355613539999993,0.8745320439338684
0.022887133061885834,17.7,19.109874725341797,7688,135652,135753,-0.2561362385749817,3852,0.0005,0.55,35,-19.70170351,0.09954982995986938
0.022588644176721573,17.86,18.085346221923828,7692,135727,135828,-0.7423132658004761,3854,0.0005,0.54,35,-20.022455389999998,0.08276985585689545
0.022387158125638962,17.82,16.42568588256836,7696,135788,135889,0.06878480315208435,3856,0.0005,0.51,35,-20.88802672,0.1549951732158661
0.022449571639299393,17.9,18.75909423828125,7700,135870,135971,0.1523156762123108,3858,0.0005,0.51,35,-20.905336759999997,0.043553661555051804
0.022112570703029633,18.1,15.439804077148438,7704,135944,136045,0.05114069581031799,3860,0.0005,0.5,35,-21.40813977,0.14794877171516418
0.022265518084168434,18.09,16.956382751464844,7708,136009,136110,-0.04625484347343445,3862,0.0005,0.51,35,-21.120874510000004,0.11049264669418335
0.02196647599339485,17.77,17.972972869873047,7712,136070,136171,-0.4680215120315552,3863,0.0005,0.51,35,-21.115305069999998,0.6639091968536377
0.021308818832039833,17.8,17.644411087036133,7716,136137,136238,-0.22552382946014404,3865,0.0005,0.52,35,-21.018730490000006,0.3097185492515564
0.02135607972741127,17.69,17.38690757751465,7720,136200,136301,-0.6337828636169434,3867,0.0005,0.53,35,-20.638728870000005,0.17190486192703247
0.02175677940249443,17.71,16.75792694091797,7724,136266,136367,0.25760865211486816,3868,0.0005,0.52,35,-20.978623310000003,0.21902358531951904
0.021743090823292732,17.83,16.782550811767578,7728,136342,136443,0.02694612741470337,3871,0.0005,0.52,35,-20.988594,1.1049904823303223
0.02180301584303379,17.87,17.435338973999023,7732,136419,136520,0.3801388740539551,3873,0.0005,0.49,35,-21.791332119999996,0.7386427521705627
0.022440962493419647,17.75,17.977371215820312,7736,136494,136595,-0.3677600026130676,3875,0.0005,0.51,35,-21.15679968,0.16314412653446198
0.022755058482289314,17.68,17.0364933013916,7740,136557,136658,-0.46170997619628906,3876,0.0005,0.52,35,-20.68320607,0.9395313262939453
0.022674843668937683,17.75,18.670467376708984,7744,136635,136736,-0.5264793038368225,3878,0.0005,0.53,35,-20.50975884,0.09810952842235565
0.02244757115840912,17.67,17.341064453125,7748,136716,136817,-0.3227769136428833,3880,0.0005,0.53,35,-20.45370462,1.7694545984268188
0.022292044013738632,17.68,17.522584915161133,7752,136784,136885,-0.039141178131103516,3882,0.0005,0.53,35,-20.19678794,0.7274507284164429
0.022048477083444595,17.7,16.715402603149414,7756,136847,136948,0.011436164379119873,3884,0.0005,0.53,35,-20.20167708,0.034148599952459335
0.021408868953585625,17.86,16.321077346801758,7760,136916,137017,0.013732045888900757,3886,0.0005,0.54,35,-20.04765925,2.036851406097412
0.020976511761546135,17.94,18.41559410095215,7764,136987,137088,0.5305780172348022,3887,0.0005,0.54,35,-20.098506090000004,0.6733783483505249
0.02096829004585743,17.83,16.56666374206543,7768,137042,137143,0.4159490764141083,3889,0.0005,0.55,35,-19.863023400000003,0.6239054799079895
0.021316364407539368,17.6,17.93045997619629,7772,137103,137204,0.12332940101623535,3890,0.0005,0.55,35,-19.74320988,0.24956567585468292
0.02112531289458275,17.57,17.69851303100586,7776,137167,137268,0.4029601216316223,3892,0.0005,0.53,35,-20.35356723,0.31796151399612427
0.021418623626232147,17.45,17.458385467529297,7780,137237,137338,-0.08048538863658905,3894,0.0005,0.52,35,-20.79583104,0.06248544156551361
0.02170398086309433,17.45,15.979789733886719,7784,137314,137415,1.2423689365386963,3896,0.0005,0.52,35,-20.797230709999997,0.12273670732975006
0.021625321358442307,17.32,17.52882957458496,7788,137384,137485,0.34218376874923706,3898,0.0005,0.49,35,-21.773358970000004,1.6206490993499756
0.021329887211322784,17.22,17.670509338378906,7792,137449,137550,-0.6645467877388,3900,0.0005,0.49,35,-21.85240792,0.26444411277770996
0.020856959745287895,17.28,16.855281829833984,7796,137516,137617,-0.08638841658830643,3902,0.0005,0.51,35,-21.268969769999998,0.12138202041387558
0.02065933868288994,17.13,16.30079460144043,7800,137583,137684,-0.1598912924528122,3904,0.0005,0.5,35,-21.572526470000003,0.06633738428354263
0.02070370875298977,17.23,17.90389633178711,7804,137667,137768,-0.6269406676292419,3906,0.0005,0.52,35,-20.766600700000005,0.49484819173812866
0.020395586267113686,17.38,16.93783950805664,7808,137747,137848,-0.5280601978302002,3908,0.0005,0.52,35,-20.741540740000005,0.13443690538406372
0.020085439085960388,17.42,17.02808380126953,7812,137812,137913,0.6926522254943848,3910,0.0005,0.5,35,-21.41842968,0.2571796178817749
0.020427677780389786,17.44,17.591659545898438,7816,137881,137982,0.9002000093460083,3912,0.0005,0.48,35,-21.941873909999998,0.0726894736289978
0.02105993777513504,17.41,16.332603454589844,7820,137941,138042,0.03222588449716568,3913,0.0005,0.46,35,-22.63021466,0.13797365128993988
0.02150973118841648,17.46,17.703651428222656,7824,138012,138113,1.0000693798065186,3915,0.0005,0.48,35,-21.874222400000004,0.30019527673721313
0.021668562665581703,17.46,18.771224975585938,7828,138088,138189,0.6603350639343262,3917,0.0005,0.45,35,-22.72614169,0.043431878089904785
0.02233254909515381,17.38,16.13896942138672,7832,138157,138258,0.09070798754692078,3919,0.0005,0.47,35,-22.08667989,0.7692316174507141
0.022526457905769348,17.29,18.151020050048828,7836,138223,138324,-0.07588998973369598,3921,0.0005,0.47,35,-22.069264930000003,0.11710977554321289
0.022100426256656647,17.3,16.398765563964844,7840,138287,138388,0.8687952756881714,3922,0.0005,0.46,35,-22.365791129999998,0.1621883362531662
0.022151749581098557,17.38,17.341018676757812,7844,138373,138474,-0.8091524839401245,3925,0.0005,0.44,35,-22.85814102000001,0.4943090081214905
0.02144387550652027,17.2,16.481792449951172,7848,138436,138537,-0.040178872644901276,3926,0.0005,0.41,35,-23.559734470000002,0.1895013153553009
0.021117128431797028,17.11,17.909748077392578,7852,138495,138596,-0.11466726660728455,3928,0.0005,0.41,35,-23.72621752,0.5086396336555481
0.020690806210041046,17.23,16.7612361907959,7856,138570,138671,-0.3369065523147583,3930,0.0005,0.43,35,-23.185566740000002,0.07237064093351364
0.021320514380931854,17.16,16.997501373291016,7860,138632,138733,0.4178928732872009,3932,0.0005,0.42,35,-23.489398150000003,0.3561950922012329
0.0216220673173666,17.22,16.686412811279297,7864,138709,138810,0.05995306372642517,3933,0.0005,0.39,35,-24.264612039999996,0.7478894591331482
0.021968860179185867,17.42,18.506935119628906,7868,138784,138885,-0.17449788749217987,3935,0.0005,0.39,35,-24.320412800000003,0.21508143842220306
0.0220282431691885,17.55,16.879840850830078,7872,138858,138959,0.20979297161102295,3937,0.0005,0.39,35,-24.23687016,0.24394217133522034
0.022520583122968674,17.63,17.23038101196289,7876,138930,139031,-0.016659796237945557,3939,0.0005,0.41,35,-23.684699450000004,0.3910410702228546
0.022646678611636162,17.67,18.20037841796875,7880,139004,139105,1.9540519714355469,3940,0.0005,0.45,35,-22.492595030000004,0.9960176944732666
0.022698169574141502,17.68,17.566049575805664,7884,139082,139183,0.9646029472351074,3942,0.0005,0.45,35,-22.426140439999998,0.8235617876052856
0.02292809449136257,17.62,17.804576873779297,7888,139146,139247,-1.175066590309143,3944,0.0005,0.46,35,-22.182938730000004,0.22252625226974487
0.023132771253585815,17.59,18.135805130004883,7892,139208,139309,0.16571643948554993,3945,0.0005,0.47,35,-21.817577540000002,0.29097726941108704
0.023253321647644043,17.65,18.748756408691406,7896,139281,139382,-0.07498764991760254,3947,0.0005,0.47,35,-21.79045044,0.07821992039680481
0.023248273879289627,17.62,18.197874069213867,7900,139345,139446,-0.575528085231781,3949,0.0005,0.48,35,-21.50038615,0.12167645990848541
0.022855913266539574,17.43,17.37828254699707,7904,139410,139511,0.15097913146018982,3950,0.0005,0.47,35,-21.726184659999998,0.17552459239959717
0.02311898209154606,17.26,17.109092712402344,7908,139473,139574,0.8759673833847046,3952,0.0005,0.45,35,-22.297682800000004,0.20076799392700195
0.022524137049913406,17.33,16.467403411865234,7912,139545,139646,-0.6850569248199463,3953,0.0005,0.47,35,-21.63544073,0.12933866679668427
0.022165849804878235,17.34,18.199010848999023,7916,139615,139716,-0.05466705560684204,3955,0.0005,0.48,35,-21.43371378999999,0.5133512020111084
0.021505238488316536,17.56,16.36664581298828,7920,139697,139798,0.08757053315639496,3957,0.0005,0.51,35,-20.469481709999997,0.04948338121175766
0.021245276555418968,17.51,16.789539337158203,7924,139763,139864,0.34692299365997314,3959,0.0005,0.51,35,-20.511465280000003,4.9262166023254395
0.021900493651628494,17.41,18.10223388671875,7928,139829,139930,0.346693217754364,3960,0.0005,0.52,35,-20.22533374,0.3734465539455414
0.021911438554525375,17.43,17.201156616210938,7932,139900,140001,-1.3482201099395752,4002,0.0005,0.51,34,-20.523042290000003,0.3168892562389374
0.021509720012545586,17.43,19.296085357666016,7936,139966,140067,1.5147497653961182,4003,0.0005,0.5,34,-20.895335460000002,0.2245231717824936
0.02164170704782009,17.46,17.15824317932129,7940,140033,140134,0.008714750409126282,4005,0.0005,0.5,34,-20.97113883,0.1777791827917099
0.022019026800990105,17.4,16.543582916259766,7944,140113,140214,-0.2793686091899872,4007,0.0005,0.5,34,-20.824905429999998,0.07578668743371964
0.021736931055784225,17.45,16.541080474853516,7948,140181,140282,-0.2341342717409134,4009,0.0005,0.51,34,-20.661319520000003,0.6942768692970276
0.02169802039861679,17.64,17.39626693725586,7952,140259,140360,-0.27075526118278503,4011,0.0005,0.53,34,-20.08529437,0.31749844551086426
0.021693281829357147,17.56,16.42816162109375,7956,140326,140427,0.09775739163160324,4013,0.0005,0.52,34,-20.40135742,0.17840975522994995
0.021302027627825737,17.69,17.23064613342285,7960,140401,140502,-0.7552731037139893,4015,0.0005,0.51,34,-20.707464570000003,0.10488325357437134
0.020797139033675194,17.62,17.944942474365234,7964,140471,140572,0.8322793245315552,4017,0.0005,0.53,34,-20.36113239,2.8626394271850586
0.021090732887387276,17.39,17.366233825683594,7968,140523,140624,0.5442680716514587,4018,0.0005,0.52,34,-20.46553674,0.6190534830093384
0.02153453603386879,17.22,18.628934860229492,7972,140580,140681,0.01598423719406128,4020,0.0005,0.51,34,-20.9601726,0.5447664856910706
0.021981319412589073,17.13,16.000980377197266,7976,140643,140744,0.2849292755126953,4021,0.0005,0.49,34,-21.662614710000003,0.2758125364780426
0.021906264126300812,16.98,18.361793518066406,7980,140702,140803,-0.6934466361999512,4023,0.0005,0.46,34,-22.52995075,0.29346799850463867
0.021490497514605522,16.79,17.34259033203125,7984,140761,140862,-0.16212496161460876,4025,0.0005,0.44,34,-22.99403309,0.07225461304187775
0.021784501150250435,16.87,14.80932903289795,7988,140833,140934,0.21265357732772827,4027,0.0005,0.43,34,-23.233789850000004,0.08693923056125641
0.022440358996391296,16.87,16.65061378479004,7992,140895,140996,-0.5737749338150024,4029,0.0005,0.43,34,-23.140092380000006,0.14503486454486847
0.022012680768966675,16.86,15.746978759765625,7996,140967,141068,0.42342033982276917,4031,0.0005,0.43,34,-23.287854720000006,0.3306361138820648
0.0219173114746809,17.03,19.59925079345703,8000,141048,141149,-0.1510697305202484,4033,0.0005,0.42,34,-23.753549330000002,1.5594193935394287
0.021756412461400032,16.96,17.765880584716797,8004,141106,141207,0.3962402045726776,4034,0.0005,0.41,34,-24.20690247,1.9028313159942627
0.021907374262809753,17.0,16.651756286621094,8008,141173,141274,-0.03225978463888168,4036,0.0005,0.41,34,-24.26348199,0.3857966363430023
0.02204415202140808,17.02,16.32611083984375,8012,141247,141348,0.10692290961742401,4038,0.0005,0.41,35,-24.421403129999998,0.16143211722373962
0.022082466632127762,17.02,18.318819046020508,8016,141317,141418,-0.43321433663368225,4040,0.0005,0.42,35,-24.190834870000003,0.1142929419875145
0.02161499485373497,16.92,16.93955421447754,8020,141389,141490,0.7207677364349365,4041,0.0005,0.42,35,-24.17536861,0.4127396047115326
0.022105645388364792,16.95,16.002321243286133,8024,141458,141559,0.2117014229297638,4043,0.0005,0.4,35,-24.692271069999997,0.0972316563129425
0.021858885884284973,17.03,18.31546401977539,8028,141532,141633,-0.14559406042099,4045,0.0005,0.41,35,-24.60921112,0.08908408880233765
0.021962439641356468,17.02,17.665822982788086,8032,141602,141703,-0.48451241850852966,4047,0.0005,0.41,35,-24.742147489999997,0.9506077766418457
0.02206190675497055,17.18,15.434797286987305,8036,141684,141785,1.5613200664520264,4049,0.0005,0.42,35,-24.427316379999997,0.7743964195251465
0.022631358355283737,17.14,17.120779037475586,8040,141747,141848,-0.4968532919883728,4051,0.0005,0.43,35,-24.133895049999992,0.04599625617265701
0.022498970851302147,17.13,16.774389266967773,8044,141826,141927,-0.8088523149490356,4053,0.0005,0.45,35,-23.805046610000005,0.319113552570343
0.02265552245080471,17.07,16.359935760498047,8048,141888,141989,-0.8822657465934753,4055,0.0005,0.45,35,-23.74742986,0.06983202695846558
0.0220267865806818,17.07,17.060962677001953,8052,141966,142067,-0.5688068866729736,4057,0.0005,0.45,35,-23.746891530000003,0.23090510070323944
0.022188851609826088,16.96,17.33787727355957,8056,142022,142123,-0.3747333288192749,4058,0.0005,0.45,35,-23.570538349999996,0.06540980190038681
0.02143860049545765,16.94,17.95457649230957,8060,142095,142196,-0.12110072374343872,4060,0.0005,0.45,35,-23.420761290000005,0.53765869140625
0.020998705178499222,17.07,17.398418426513672,8064,142178,142279,-1.4620901346206665,4063,0.0005,0.45,35,-23.492851470000005,0.09244926273822784
0.020751720294356346,17.36,18.19415283203125,8068,142259,142360,0.481084406375885,4065,0.0005,0.46,35,-23.355805979999996,0.0937545895576477
0.020972810685634613,17.5,17.123306274414062,8072,142330,142431,0.43909087777137756,4067,0.0005,0.47,35,-22.95060024,0.09751293063163757
0.02116570994257927,17.55,16.514501571655273,8076,142398,142499,0.05872762203216553,4068,0.0005,0.48,35,-22.710357150000004,0.05047538876533508
0.02152954414486885,17.69,17.252254486083984,8080,142471,142572,1.0435580015182495,4070,0.0005,0.5,35,-22.04513536,0.1528283953666687
0.021625088527798653,17.64,17.838085174560547,8084,142525,142626,-0.4160688519477844,4072,0.0005,0.51,35,-21.75875117,2.7049643993377686
0.021370453760027885,17.61,17.28785514831543,8088,142594,142695,-0.18380828201770782,4073,0.0005,0.52,35,-21.40096352,0.3878311514854431
0.021683473140001297,17.78,17.053009033203125,8092,142673,142774,0.13219034671783447,4075,0.0005,0.52,35,-21.46344369,0.3978182077407837
0.022010954096913338,17.74,18.261741638183594,8096,142741,142842,0.4001040458679199,4077,0.0005,0.51,35,-21.658568889999998,0.5273226499557495
0.022022901102900505,17.74,16.47787857055664,8100,142822,142923,0.378467857837677,4079,0.0005,0.51,35,-21.4327723,0.08448108285665512
0.02200237102806568,17.74,18.240867614746094,8104,142880,142981,0.2708985209465027,4081,0.0005,0.53,35,-20.72374127,0.11867459118366241
0.022069808095693588,17.79,16.48317527770996,8108,142952,143053,0.6650761365890503,4083,0.0005,0.55,35,-20.08721756,0.26721858978271484
0.022035811096429825,17.85,16.2607421875,8112,143032,143133,-0.21113528311252594,4085,0.0005,0.55,35,-19.978987500000002,1.7478257417678833
0.022059377282857895,17.72,16.886688232421875,8116,143089,143190,-0.3637131452560425,4086,0.0005,0.56,35,-19.54834855,1.4365434646606445
0.022039905190467834,17.73,18.004575729370117,8120,143162,143263,-0.426673948764801,4088,0.0005,0.55,35,-19.76542793,0.34568125009536743
0.021998662501573563,17.57,16.582427978515625,8124,143215,143316,-0.3782110810279846,4089,0.0005,0.55,35,-19.788317300000003,0.5596985816955566
0.021468235179781914,17.5,17.64763641357422,8128,143282,143383,-0.20122098922729492,4090,0.0005,0.56,35,-19.25749366,0.23592743277549744
0.021329140290617943,17.46,17.37960433959961,8132,143348,143449,-0.24378880858421326,4092,0.0005,0.56,35,-19.32430022,0.08266785740852356
0.02120112255215645,17.52,16.413379669189453,8136,143436,143537,0.37317219376564026,4094,0.0005,0.56,35,-19.37540593,0.11385638266801834
0.021254969760775566,17.51,16.07538604736328,8140,143498,143599,0.37862294912338257,4096,0.0005,0.54,35,-19.92739428,0.06591826677322388
0.02104565128684044,17.36,18.736507415771484,8144,143562,143663,1.0352344512939453,4098,0.0005,0.52,35,-20.28834327,0.18740005791187286
0.02163425087928772,17.47,17.945213317871094,8148,143635,143736,-0.8229745626449585,4099,0.0005,0.53,35,-19.96056512,0.1328658014535904
0.02118835411965847,17.43,16.23440170288086,8152,143709,143810,-0.1049608588218689,4101,0.0005,0.53,35,-19.846725080000002,0.06066165864467621
0.02143208123743534,17.58,17.85478401184082,8156,143780,143881,-0.6665655374526978,4103,0.0005,0.53,35,-20.04146051,0.18652363121509552
0.02123516984283924,17.61,15.897787094116211,8160,143856,143957,0.17206315696239471,4105,0.0005,0.55,35,-19.63141139,0.8281499147415161
0.021941451355814934,17.45,17.46495819091797,8164,143923,144024,0.11809489876031876,4107,0.0005,0.55,35,-19.53504467,0.04827170819044113
0.02213912084698677,17.31,16.819175720214844,8168,143990,144091,-0.1819368302822113,4109,0.0005,0.55,35,-19.58466423,1.6320667266845703
0.022216511890292168,17.38,18.05580711364746,8172,144068,144169,0.1724241077899933,4111,0.0005,0.56,35,-19.43166674,0.3197295665740967
0.02214903011918068,17.46,15.92669677734375,8176,144144,144245,0.5483133792877197,4113,0.0005,0.55,35,-19.59893148,0.16427816450595856
0.02277822047472,17.53,17.228092193603516,8180,144224,144325,0.4501834809780121,4115,0.0005,0.54,35,-19.865419239999998,0.22960758209228516
0.022674253210425377,17.68,17.4957275390625,8184,144293,144394,0.35982221364974976,4116,0.0005,0.54,35,-19.902488200000004,0.4888414144515991
0.02279471978545189,17.59,17.262928009033203,8188,144353,144454,0.5057274699211121,4118,0.0005,0.54,35,-19.69106944,0.26575130224227905
0.02253120392560959,17.51,16.32164192199707,8192,144424,144525,-0.7025269865989685,4120,0.0005,0.55,35,-19.425587020000002,0.2406672090291977
0.021388905122876167,17.7,16.354015350341797,8196,144511,144612,-0.13078352808952332,4122,0.0005,0.55,35,-19.39835931,0.06607024371623993
0.021075237542390823,17.55,17.277271270751953,8200,144577,144678,0.3885693848133087,4124,0.0005,0.54,35,-19.869612779999997,0.1863512545824051
0.02108081988990307,17.53,16.73238182067871,8204,144633,144734,0.23354744911193848,4125,0.0005,0.54,35,-19.78254727,0.1445305049419403
0.021497314795851707,17.63,18.64509391784668,8208,144715,144816,0.20067651569843292,4127,0.0005,0.54,35,-19.79265509,0.6975853443145752
0.021679271012544632,17.49,16.893310546875,8212,144781,144882,-0.2042231559753418,4129,0.0005,0.54,35,-19.6984919,0.04774954915046692
0.021447138860821724,17.56,16.951290130615234,8216,144845,144946,-0.26459652185440063,4130,0.0005,0.54,35,-19.749501690000002,0.13044843077659607
0.021212568506598473,17.62,17.937999725341797,8220,144924,145025,1.2482128143310547,4132,0.0005,0.53,35,-20.10429243,0.057612888514995575
0.021770020946860313,17.74,16.258071899414062,8224,144989,145090,-0.053626544773578644,4134,0.0005,0.54,35,-19.84554762,0.05471125245094299
0.02201644890010357,17.73,17.441852569580078,8228,145055,145156,0.39227136969566345,4136,0.0005,0.54,35,-19.845609590000002,0.5493308305740356
0.021999873220920563,17.64,16.869525909423828,8232,145112,145213,0.15848931670188904,4137,0.0005,0.55,35,-19.333107339999998,1.3352227210998535
0.02247949130833149,17.6,17.74762725830078,8236,145196,145297,-0.6738759279251099,4139,0.0005,0.54,35,-19.51260387,0.45465293526649475
0.022065671160817146,17.53,16.944957733154297,8240,145251,145352,0.21008142828941345,4141,0.0005,0.55,35,-19.165426919999998,0.28562840819358826
0.022012576460838318,17.65,16.062255859375,8244,145327,145428,0.04921361804008484,4143,0.0005,0.57,35,-18.666800879999997,1.0846399068832397
0.02220410853624344,17.51,16.648361206054688,8248,145386,145487,0.9788458943367004,4144,0.0005,0.54,35,-19.77844844,1.8880685567855835
0.022843867540359497,17.68,18.098079681396484,8252,145477,145578,-0.09087799489498138,4146,0.0005,0.52,35,-20.26602339,2.344677448272705
0.022837063297629356,17.74,16.698890686035156,8256,145554,145655,-0.5939295887947083,4148,0.0005,0.5,35,-20.999335839999993,0.06286469846963882
0.022335173562169075,17.52,18.28748321533203,8260,145608,145709,0.27187269926071167,4149,0.0005,0.49,35,-21.202540439999996,0.14730755984783173
0.022176984697580338,17.41,16.46354866027832,8264,145664,145765,-0.32568690180778503,4151,0.0005,0.48,35,-21.32011483,0.07858173549175262
0.02209283597767353,17.57,18.166980743408203,8268,145747,145848,-0.9222188591957092,4153,0.0005,0.49,35,-20.941587409999997,0.35244596004486084
0.02220688760280609,17.53,16.44348907470703,8272,145821,145922,1.110718846321106,4154,0.0005,0.48,35,-20.99789102,0.07702115923166275
0.023013943806290627,17.45,17.87238311767578,8276,145889,145990,-0.03981412947177887,4156,0.0005,0.5,35,-20.48024246,1.5245981216430664
0.02271188236773014,17.55,14.737019538879395,8280,145979,146080,-0.6550190448760986,4158,0.0005,0.52,35,-20.12514866,0.43269050121307373
0.022604236379265785,17.36,18.167577743530273,8284,146029,146130,-0.4777190685272217,4160,0.0005,0.51,35,-20.417135169999998,0.09124517440795898
0.022284936159849167,17.4,17.6615047454834,8288,146093,146194,0.019959330558776855,4162,0.0005,0.51,35,-20.64770215,0.4363543391227722
0.022606337442994118,17.5,16.156997680664062,8292,146174,146275,-0.6888793110847473,4164,0.0005,0.5,35,-20.86951605,0.1900767982006073
0.022389765828847885,17.35,15.867596626281738,8296,146246,146347,-0.4328438341617584,4166,0.0005,0.52,35,-20.35151338,0.30631223320961
0.02229461260139942,17.4,16.21727752685547,8300,146317,146418,0.04101163148880005,4168,0.0005,0.53,35,-20.04779357,1.1455175876617432
0.022406596690416336,17.56,17.184236526489258,8304,146389,146490,0.043854475021362305,4170,0.0005,0.52,35,-20.37204186,0.10531141608953476
0.022560328245162964,17.54,17.826181411743164,8308,146469,146570,-0.2447832226753235,4172,0.0005,0.53,35,-20.155740359999996,0.13355939090251923
0.022870535030961037,17.59,16.26101303100586,8312,146540,146641,0.5097160339355469,4174,0.0005,0.54,35,-19.90145678,0.08426080644130707
0.022630993276834488,17.53,17.72409439086914,8316,146598,146699,0.12935692071914673,4175,0.0005,0.52,35,-20.479857740000003,0.2796350419521332
0.022516217082738876,17.39,16.95306396484375,8320,146663,146764,0.023915141820907593,4177,0.0005,0.52,35,-20.56792796,1.030395269393921
0.021816229447722435,17.43,16.45100212097168,8324,146732,146833,-0.38289743661880493,4179,0.0005,0.51,35,-20.804270329999998,0.7882438898086548
0.0212322436273098,17.6,16.33977508544922,8328,146815,146916,-0.7410577535629272,4181,0.0005,0.5,35,-21.39031385,0.3686288893222809
0.020868971943855286,17.61,18.38896942138672,8332,146873,146974,-0.6422805190086365,4183,0.0005,0.49,35,-21.76409222,0.1887005865573883
0.02070659212768078,17.47,17.030696868896484,8336,146943,147044,-0.15293705463409424,4185,0.0005,0.49,35,-21.826624889999998,0.10241613537073135
0.02058449015021324,17.65,16.842723846435547,8340,147016,147117,-0.04492172598838806,4187,0.0005,0.49,35,-22.02988825,0.1460050642490387
0.020611824467778206,17.78,17.134212493896484,8344,147105,147206,1.0373640060424805,4189,0.0005,0.48,35,-22.297985819999994,0.3433711528778076
0.021096371114253998,18.04,17.83551025390625,8348,147190,147291,0.1373191773891449,4192,0.0005,0.5,35,-21.61801803,0.24324965476989746
0.020956721156835556,17.82,18.144359588623047,8352,147259,147360,0.07828903198242188,4194,0.0005,0.51,35,-21.45191221,0.13279050588607788
0.021147480234503746,17.67,16.66678810119629,8356,147321,147422,0.21052873134613037,4195,0.0005,0.5,35,-21.701634130000002,0.406417578458786
0.02175295725464821,18.02,17.562334060668945,8360,147410,147511,0.5309286117553711,4198,0.0005,0.5,35,-21.655066780000002,0.18593797087669373
0.021042874082922935,18.18,17.73365020751953,8364,147482,147583,-0.29170918464660645,4200,0.0005,0.51,35,-21.575504189999997,2.418480396270752
0.020949682220816612,18.18,15.724706649780273,8368,147565,147666,0.07798191905021667,4202,0.0005,0.51,35,-21.58904892,0.25980934500694275
0.02070602960884571,18.07,16.752553939819336,8372,147628,147729,-0.16694101691246033,4204,0.0005,0.5,35,-21.812534250000002,0.1275140643119812
0.020722080022096634,18.15,18.370059967041016,8376,147704,147805,0.9930229187011719,4206,0.0005,0.5,35,-21.705530190000005,0.4222654700279236
0.020927974954247475,17.91,17.61931610107422,8380,147770,147871,0.3497578203678131,4207,0.0005,0.46,35,-22.795586370000002,0.07456530630588531
0.021123448386788368,18.23,16.910533905029297,8384,147852,147953,0.5963183641433716,4210,0.0005,0.49,35,-22.03237266,0.30876240134239197
0.021322347223758698,18.23,19.35181427001953,8388,147916,148017,-0.13067086040973663,4211,0.0005,0.51,35,-21.29349204,0.2801186442375183
0.021193208172917366,18.07,17.64373207092285,8392,147981,148082,-0.5239036083221436,4213,0.0005,0.49,35,-21.869218320000005,0.1820705533027649
0.021355900913476944,18.1,16.55727195739746,8396,148056,148157,-0.04376637935638428,4215,0.0005,0.49,35,-21.90169909,0.11789322644472122
0.02132953703403473,18.21,18.195228576660156,8400,148138,148239,-0.06783130764961243,4218,0.0005,0.5,35,-21.48280795,1.5698580741882324
0.021363427862524986,18.15,17.501556396484375,8404,148204,148305,-0.6187474131584167,4220,0.0005,0.5,35,-21.586629960000003,0.17771092057228088
0.02098889835178852,17.99,17.716115951538086,8408,148268,148369,0.12675654888153076,4221,0.0005,0.48,35,-21.963350499999997,1.5020060539245605
0.021397626027464867,18.08,18.54256248474121,8412,148348,148449,0.8584339618682861,4224,0.0005,0.47,35,-22.317193089999996,0.421785831451416
0.02148902788758278,18.16,18.43271255493164,8416,148414,148515,0.22135202586650848,4225,0.0005,0.48,35,-22.027399649999996,1.0109387636184692
0.021330351009964943,18.12,17.382022857666016,8420,148475,148576,0.7108238339424133,4227,0.0005,0.49,35,-21.65660088,0.23853765428066254
0.021698905155062675,18.23,16.490699768066406,8424,148555,148656,-1.0448675155639648,4229,0.0005,0.5,35,-21.36801388,0.2565231919288635
0.022230377420783043,18.28,15.513022422790527,8428,148643,148744,0.06436240673065186,4231,0.0005,0.52,35,-20.723378599999997,0.30059170722961426
0.02216372638940811,18.29,17.432697296142578,8432,148702,148803,-0.3469584584236145,4233,0.0005,0.52,35,-20.721072,0.22705745697021484
0.022470777854323387,18.35,17.836387634277344,8436,148778,148879,0.25056976079940796,4235,0.0005,0.51,35,-21.010552620000002,0.5785361528396606
0.02249831147491932,18.48,15.802066802978516,8440,148864,148965,0.4923691749572754,4237,0.0005,0.52,35,-20.619289609999996,0.33651214838027954
0.022128423675894737,18.2,16.134315490722656,8444,148925,149026,0.004909820854663849,4239,0.0005,0.5,35,-21.326408859999997,0.43209585547447205
0.02209840901196003,18.07,16.924781799316406,8448,148997,149098,0.8013315796852112,4241,0.0005,0.51,35,-20.90133424,0.046874940395355225
0.02236928418278694,18.03,16.724544525146484,8452,149062,149163,0.09076429903507233,4242,0.0005,0.51,35,-20.95676667,0.34792184829711914
0.022263649851083755,18.12,18.246423721313477,8456,149133,149234,1.2259069681167603,4244,0.0005,0.51,35,-20.659935990000005,0.32501935958862305
0.022408723831176758,17.9,16.998226165771484,8460,149200,149301,-0.6466705203056335,4246,0.0005,0.5,35,-21.14381528,0.08730651438236237
0.022618617862462997,17.69,15.763607025146484,8464,149251,149352,0.9008767604827881,4248,0.0005,0.49,35,-21.188957229999996,0.3238424062728882
0.023097896948456764,17.58,16.710105895996094,8468,149323,149424,0.628103494644165,4250,0.0005,0.48,35,-21.602209449999997,0.503649115562439
0.02375275455415249,17.66,16.97013282775879,8472,149394,149495,-0.5095402002334595,4252,0.0005,0.5,35,-21.25655741,1.1284778118133545
0.023456662893295288,17.54,18.27134132385254,8476,149458,149559,0.3888474702835083,4253,0.0005,0.48,35,-22.017108209999996,0.25984275341033936
0.024065982550382614,17.56,17.44585418701172,8480,149526,149627,0.2247852385044098,4255,0.0005,0.5,35,-21.40163413,1.1243058443069458
0.024137714877724648,17.52,15.958189010620117,8484,149604,149705,0.3023759126663208,4257,0.0005,0.49,35,-21.735415010000008,0.14955823123455048
0.024149125441908836,17.69,18.72637176513672,8488,149685,149786,-0.45604783296585083,4259,0.0005,0.49,35,-21.840499599999994,0.10025382041931152
0.023711631074547768,17.69,16.522106170654297,8492,149750,149851,-0.38863301277160645,4261,0.0005,0.5,35,-21.705500019999995,0.09075318276882172
0.023084282875061035,17.74,17.181884765625,8496,149830,149931,0.2160518914461136,4263,0.0005,0.49,35,-21.871772959999998,0.10297248512506485
0.023150255903601646,17.55,16.749755859375,8500,149893,149994,0.26052194833755493,4265,0.0005,0.49,35,-21.881519730000004,0.06656280159950256
0.022939583286643028,17.55,17.061695098876953,8504,149959,150060,-0.032339006662368774,4283,0.0005,0.48,35,-22.172510900000002,0.11492935568094254
0.02306760661303997,17.47,17.205636978149414,8508,150015,150116,-0.6376307010650635,4284,0.0005,0.49,35,-21.89531832,0.2915552258491516
0.02303246222436428,17.31,16.834178924560547,8512,150079,150180,0.5627313852310181,4286,0.0005,0.47,35,-22.409830079999995,1.1438984870910645
0.02271946333348751,17.3,16.005393981933594,8516,150144,150245,0.3744555413722992,4287,0.0005,0.49,35,-21.782870930000005,0.09096622467041016
0.022633874788880348,17.4,16.20108413696289,8520,150215,150316,0.1475665420293808,4289,0.0005,0.48,35,-21.89413329,0.11516478657722473
0.022162172943353653,17.24,16.695789337158203,8524,150279,150380,-0.0831122100353241,4291,0.0005,0.49,35,-21.576481670000003,0.11346118152141571
0.02176082134246826,17.03,16.896459579467773,8528,150346,150447,0.7842333912849426,4292,0.0005,0.47,35,-22.13061962,2.0092885494232178
0.022186022251844406,17.18,15.953739166259766,8532,150420,150521,-0.5029709339141846,4294,0.0005,0.49,35,-21.610850850000002,0.10321614146232605
0.02230890467762947,16.99,16.278045654296875,8536,150477,150578,-0.41870012879371643,4296,0.0005,0.51,35,-20.99724686,0.052037566900253296
0.022226974368095398,16.91,19.244447708129883,8540,150555,150656,0.6967222690582275,4298,0.0005,0.51,35,-21.092186050000006,0.28318819403648376
0.021903589367866516,17.0,16.868986129760742,8544,150625,150726,-0.31395992636680603,4300,0.0005,0.52,35,-20.60884106,0.5265870094299316
0.021561456844210625,16.99,16.648860931396484,8548,150696,150797,-0.7539093494415283,4302,0.0005,0.51,35,-20.937808729999997,0.11278560757637024
0.02111399732530117,16.93,18.39727020263672,8552,150755,150856,0.1327393352985382,4304,0.0005,0.51,35,-20.824253270000003,0.07124685496091843
0.021120140329003334,16.95,18.149471282958984,8556,150828,150929,-0.7206437587738037,4306,0.0005,0.55,35,-19.79936648,0.15261481702327728
0.02056952752172947,17.02,17.163341522216797,8560,150902,151003,0.4206889569759369,4308,0.0005,0.57,35,-19.00250783,0.726987898349762
0.020742040127515793,17.2,15.610569953918457,8564,150971,151072,-1.218958854675293,4310,0.0005,0.58,35,-18.856059760000004,0.09220679104328156
0.020371757447719574,17.22,16.21953773498535,8568,151045,151146,0.4607976973056793,4312,0.0005,0.58,35,-18.8712191,0.9787241220474243
0.020899280905723572,17.31,15.76822280883789,8572,151125,151226,-0.6854977607727051,4314,0.0005,0.57,35,-19.296017200000005,2.929656744003296
0.02050492912530899,17.49,17.73783302307129,8576,151207,151308,0.326088011264801,4316,0.0005,0.57,35,-19.305987730000002,0.07462988793849945
0.020505519583821297,17.54,18.69374656677246,8580,151280,151381,-0.15211039781570435,4318,0.0005,0.57,35,-19.17903031,1.0570602416992188
0.02045569010078907,17.44,16.841400146484375,8584,151348,151449,0.2132929563522339,4320,0.0005,0.56,35,-19.36185699,1.715437889099121
0.02057715691626072,17.45,15.765800476074219,8588,151430,151531,0.563814103603363,4323,0.0005,0.57,35,-19.14910202,0.30075734853744507
0.02079799771308899,17.46,17.326684951782227,8592,151496,151597,-0.5757092237472534,4324,0.0005,0.59,35,-18.432940200000004,0.11715453118085861
0.020789267495274544,17.37,18.352920532226562,8596,151567,151668,0.7767713665962219,4326,0.0005,0.6,35,-18.228709000000002,0.37403860688209534
0.021170608699321747,17.36,16.8008975982666,8600,151629,151730,0.19395264983177185,4328,0.0005,0.59,35,-18.570224120000006,0.8262102603912354
0.021339813247323036,17.42,15.878061294555664,8604,151701,151802,0.2197597771883011,4330,0.0005,0.62,35,-17.702805750000003,0.24331729114055634
0.021233484148979187,17.55,18.070812225341797,8608,151770,151871,0.4521562457084656,4332,0.0005,0.6,35,-18.429391959999997,0.10499109327793121
0.021205773577094078,17.73,17.740827560424805,8612,151852,151953,0.41105660796165466,4334,0.0005,0.61,35,-18.02850109,0.11757243424654007
0.02110286056995392,17.71,16.640827178955078,8616,151915,152016,0.1319018006324768,4336,0.0005,0.6,35,-18.365698270000003,0.1596202552318573
0.021125428378582,17.75,17.10481071472168,8620,151990,152091,-1.213997483253479,4338,0.0005,0.6,35,-18.64024693,0.042294684797525406
0.021330641582608223,17.81,17.008438110351562,8624,152060,152161,-0.03497070074081421,4340,0.0005,0.57,35,-19.696759750000002,0.3726966381072998
0.021225951611995697,18.02,20.26683807373047,8628,152148,152249,0.5488063097000122,4342,0.0005,0.56,35,-19.783105479999996,1.4125193357467651
0.021396208554506302,17.91,16.62000846862793,8632,152211,152312,-0.060995399951934814,4344,0.0005,0.55,35,-20.067756379999995,0.3124564290046692
0.021871324628591537,18.05,16.443681716918945,8636,152282,152383,-0.12749165296554565,4346,0.0005,0.55,35,-20.085585789999996,0.17422521114349365
0.02197900228202343,17.9,14.28610610961914,8640,152345,152446,-0.035954877734184265,4348,0.0005,0.53,35,-20.44015573,0.03202110528945923
0.022289929911494255,17.91,16.996665954589844,8644,152416,152517,0.21084290742874146,4350,0.0005,0.55,35,-20.02575633,0.2470322847366333
0.022099457681179047,17.92,15.531760215759277,8648,152488,152589,0.5361106395721436,4352,0.0005,0.56,35,-19.74347972,0.9549819827079773
0.022441241890192032,17.93,16.647686004638672,8652,152548,152649,0.8443491458892822,4354,0.0005,0.56,35,-19.740573070000003,0.12089699506759644
0.021922145038843155,17.82,15.782523155212402,8656,152610,152711,-1.0327198505401611,4355,0.0005,0.54,35,-20.2148967,0.654206395149231
0.02111574448645115,17.71,15.845422744750977,8660,152673,152774,0.2330881506204605,4357,0.0005,0.54,35,-20.2830279,0.03452303633093834
0.020780233666300774,17.68,16.928884506225586,8664,152739,152840,0.8342462778091431,4359,0.0005,0.52,35,-20.82203121,0.17431077361106873
0.020643984898924828,17.78,18.01685333251953,8668,152823,152924,0.20497283339500427,4361,0.0005,0.53,35,-20.370934140000003,0.5135007500648499
0.02018752135336399,17.66,17.356624603271484,8672,152891,152992,0.2518153786659241,4363,0.0005,0.53,35,-20.28187627,0.06358864158391953
0.0200134739279747,17.32,15.209101676940918,8676,152939,153040,0.13385535776615143,4364,0.0005,0.52,35,-20.29309794,0.14942815899848938
0.01976904645562172,17.24,15.277734756469727,8680,153004,153105,0.028434112668037415,4366,0.0005,0.52,35,-20.246430699999998,0.5609220266342163
0.019974060356616974,17.3,17.891830444335938,8684,153078,153179,0.550922691822052,4367,0.0005,0.52,35,-20.29848774,0.08737305551767349
0.02020610310137272,17.13,17.86370849609375,8688,153143,153244,0.32174843549728394,4369,0.0005,0.5,35,-20.73860708,0.8317800164222717
0.020426439121365547,17.19,16.109649658203125,8692,153215,153316,0.01255529373884201,4371,0.0005,0.5,35,-20.74098333,0.10307634621858597
0.021014880388975143,17.27,17.118436813354492,8696,153294,153395,0.009838730096817017,4372,0.0005,0.49,35,-20.912154660000006,0.0995536744594574
0.02087702415883541,17.41,17.859296798706055,8700,153370,153471,0.5692673325538635,4374,0.0005,0.5,35,-20.6610752,0.10036029666662216
0.02108241803944111,17.27,18.99463653564453,8704,153428,153529,0.5127439498901367,4376,0.0005,0.49,35,-20.89935709,0.06732969731092453
0.020832836627960205,17.17,18.422924041748047,8708,153487,153588,-0.302008718252182,4378,0.0005,0.5,35,-20.62527729,0.536139726638794
0.02107352949678898,17.13,17.5559139251709,8712,153565,153666,0.3934755027294159,4380,0.0005,0.51,35,-20.416356359999998,0.22528178989887238
0.021432513371109962,17.02,16.83086585998535,8716,153617,153718,-0.13976287841796875,4381,0.0005,0.49,35,-20.86742968,0.4032618999481201
0.021745577454566956,16.95,15.926088333129883,8720,153685,153786,-0.7525343894958496,4383,0.0005,0.5,35,-20.534526869999993,0.8273414373397827
0.021441837772727013,16.88,17.610727310180664,8724,153748,153849,0.14728984236717224,4385,0.0005,0.53,35,-19.483241370000002,0.08225236088037491
0.021589012816548347,16.58,17.485170364379883,8728,153806,153907,-0.051572754979133606,4387,0.0005,0.53,35,-19.61840003,0.21290427446365356
0.021511849015951157,16.66,16.669857025146484,8732,153877,153978,0.04098041355609894,4389,0.0005,0.51,35,-20.363039840000003,0.17145228385925293
0.02193785272538662,16.59,16.836639404296875,8736,153941,154042,0.16715683043003082,4390,0.0005,0.49,35,-20.92138131,0.08069059252738953
0.02198873646557331,16.67,19.066917419433594,8740,154012,154113,0.3570311665534973,4392,0.0005,0.5,35,-20.637540019999996,0.08392061293125153
0.022133754566311836,16.51,14.618626594543457,8744,154067,154168,-1.052882194519043,4394,0.0005,0.47,35,-21.58084432,1.9886369705200195
0.02153000235557556,16.56,16.676517486572266,8748,154144,154245,0.24493828415870667,4396,0.0005,0.46,35,-21.90040013,0.12312958389520645
0.021675441414117813,16.59,19.184837341308594,8752,154207,154308,1.104172945022583,4397,0.0005,0.44,35,-22.611039880000007,0.1602688431739807
0.021023185923695564,16.79,17.665592193603516,8756,154289,154390,-0.4841504991054535,4400,0.0005,0.46,35,-22.194448729999998,0.6963894963264465
0.020636824890971184,16.82,16.082263946533203,8760,154355,154456,-0.501096248626709,4401,0.0005,0.44,35,-22.81828305,0.9004325866699219
0.02087845280766487,16.84,18.565664291381836,8764,154423,154524,0.5809497237205505,4403,0.0005,0.46,35,-22.27643671,0.08410746604204178
0.02101277746260166,16.72,17.15894889831543,8768,154495,154596,0.493599534034729,4405,0.0005,0.45,35,-22.57374247,0.10346228629350662
0.02171892113983631,16.68,19.56573486328125,8772,154559,154660,1.369936227798462,4407,0.0005,0.46,35,-22.201847079999997,1.5078729391098022
0.02271938882768154,16.77,19.523595809936523,8776,154616,154717,0.8848179578781128,4408,0.0005,0.47,35,-21.86221323,0.5522958040237427
0.025378113612532616,16.77,17.180213928222656,8780,154681,154782,3.4131975173950195,4410,0.0005,0.46,35,-22.356618719999997,0.5895533561706543
0.027342768386006355,16.75,16.319997787475586,8784,154753,154854,0.7599332332611084,4412,0.0005,0.46,35,-22.298554899999996,0.19967511296272278
0.028072645887732506,16.83,18.061752319335938,8788,154826,154927,-0.8062617182731628,4414,0.0005,0.46,35,-22.308730290000003,0.24058747291564941
0.027762385085225105,16.6,17.599321365356445,8792,154875,154976,0.6957283616065979,4415,0.0005,0.43,35,-23.268413550000002,0.541297435760498
0.027981361374258995,16.55,16.684864044189453,8796,154949,155050,0.9915920495986938,4417,0.0005,0.43,35,-23.475687779999998,0.24480432271957397
0.02828972600400448,16.47,16.5734806060791,8800,155017,155118,0.460193395614624,4419,0.0005,0.42,35,-23.762275440000003,0.29800260066986084
0.028387613594532013,16.57,18.402727127075195,8804,155085,155186,0.8398410081863403,4421,0.0005,0.41,35,-24.113854619999998,0.8526137471199036
0.028644194826483727,16.73,18.849750518798828,8808,155160,155261,-0.3388451933860779,4423,0.0005,0.4,35,-24.353949929999995,0.18936043977737427
0.028282875195145607,16.69,16.450597763061523,8812,155234,155335,0.0630587711930275,4425,0.0005,0.4,35,-24.381976189999996,0.35822898149490356
0.02782067283987999,16.86,17.186405181884766,8816,155303,155404,0.09595411270856857,4427,0.0005,0.4,35,-24.51990463,0.38163697719573975
0.02761884219944477,16.85,17.879030227661133,8820,155370,155471,-0.24215370416641235,4429,0.0005,0.38,35,-25.04438656,0.25637122988700867
0.027145732194185257,16.71,16.71868324279785,8824,155419,155520,-0.5482615232467651,4430,0.0005,0.35,35,-26.08706062,0.7048519849777222
0.02702333964407444,16.89,18.656389236450195,8828,155495,155596,0.18035788834095,4432,0.0005,0.34,35,-26.26193148,1.355236530303955
0.026987731456756592,16.92,17.02010726928711,8832,155569,155670,0.08709809184074402,4434,0.0005,0.37,35,-25.234490380000008,2.765010356903076
0.026996595785021782,16.89,16.420759201049805,8836,155630,155731,-0.7743987441062927,4435,0.0005,0.37,35,-25.173891389999998,0.48743006587028503
0.02705247700214386,16.8,18.277915954589844,8840,155692,155793,0.32835572957992554,4437,0.0005,0.36,35,-25.464012189999995,0.7998380661010742
0.026829775422811508,16.98,16.9489688873291,8844,155765,155866,-0.42206257581710815,4438,0.0005,0.37,35,-24.919333710000004,0.31671199202537537
0.026632195338606834,16.88,18.188716888427734,8848,155832,155933,-0.9384984374046326,4440,0.0005,0.39,35,-24.286514139999998,0.22745130956172943
0.02641933597624302,17.0,17.554222106933594,8852,155907,156008,-0.1150815337896347,4441,0.0005,0.41,35,-23.763654590000005,0.060764774680137634
0.026350239291787148,16.89,16.9276123046875,8856,155978,156079,-0.7310394048690796,4443,0.0005,0.37,35,-24.846788580000002,0.10513748973608017
0.02570316568017006,16.85,17.093822479248047,8860,156040,156141,0.06827525794506073,4444,0.0005,0.38,35,-24.57154703,0.2307865023612976
0.0257255919277668,16.93,18.177658081054688,8864,156116,156217,-0.1493244767189026,4446,0.0005,0.37,35,-24.67031564000001,0.7178232669830322
0.02538144215941429,17.0,17.899173736572266,8868,156195,156296,-0.28900790214538574,4447,0.0005,0.38,35,-24.33259561,0.5296564102172852
0.025137178599834442,17.1,17.08079719543457,8872,156269,156370,0.04559387266635895,4449,0.0005,0.39,35,-24.04632782,0.2570858895778656
0.025066405534744263,17.16,16.971487045288086,8876,156332,156433,-0.8238744735717773,4451,0.0005,0.41,35,-23.587006269999996,0.07581304013729095
0.024609969928860664,17.19,16.35710906982422,8880,156400,156501,-0.460080623626709,4452,0.0005,0.43,35,-22.83603284000001,0.19964711368083954
0.02468881383538246,17.08,17.53528594970703,8884,156461,156562,-0.16140490770339966,4453,0.0005,0.43,35,-22.893612790000002,0.4952409863471985
0.02437341772019863,17.27,17.058364868164062,8888,156553,156654,1.0225858688354492,4455,0.0005,0.42,35,-23.2549586,0.14572805166244507
0.024447526782751083,17.36,16.15171241760254,8892,156611,156712,-0.2740001678466797,4457,0.0005,0.45,35,-22.241438629999998,0.41142362356185913
0.023727037012577057,17.42,17.394983291625977,8896,156691,156792,0.09470377117395401,4459,0.0005,0.46,35,-21.911602699999992,0.22875583171844482
0.023584604263305664,17.39,16.973642349243164,8900,156756,156857,-0.8090757131576538,4460,0.0005,0.46,35,-21.75325117,0.15315215289592743
0.023525260388851166,17.49,18.334217071533203,8904,156834,156935,-0.032027631998062134,4462,0.0005,0.47,35,-21.480265420000006,1.970444679260254
0.02368357963860035,17.4,18.212987899780273,8908,156900,157001,-0.22662420570850372,4464,0.0005,0.47,35,-21.47959027,0.8207812309265137
0.023282593116164207,17.4,15.795103073120117,8912,156974,157075,-0.07367435842752457,4466,0.0005,0.46,35,-21.767080380000003,0.22801868617534637
0.022959932684898376,17.37,18.879745483398438,8916,157040,157141,-0.07757893204689026,4468,0.0005,0.48,35,-21.18782432,0.0968746617436409
0.023228228092193604,17.49,18.525835037231445,8920,157119,157220,-1.0308916568756104,4470,0.0005,0.51,35,-20.44635455,0.41422104835510254
0.023252669721841812,17.84,15.803112030029297,8924,157203,157304,1.059110403060913,4472,0.0005,0.52,35,-20.290542169999995,1.3346660137176514
0.023762639611959457,17.88,19.007673263549805,8928,157283,157384,-0.15756551921367645,4474,0.0005,0.54,35,-19.75810485,0.2045443058013916
0.02389593981206417,17.88,18.251659393310547,8932,157357,157458,0.8063294887542725,4476,0.0005,0.54,35,-19.75526569,0.11232390999794006
0.024481454864144325,17.88,17.82764434814453,8936,157418,157519,-0.8073065280914307,4478,0.0005,0.54,35,-19.75751434,0.12880396842956543
0.024259107187390327,17.86,19.01736831665039,8940,157478,157579,0.29768097400665283,4479,0.0005,0.57,35,-18.896464289999997,0.11475005745887756
0.024251574650406837,17.88,17.12726593017578,8944,157553,157654,0.4633558988571167,4481,0.0005,0.57,35,-19.19416581,0.478049635887146
0.02444308064877987,17.86,17.25480842590332,8948,157618,157719,0.19469892978668213,4483,0.0005,0.56,35,-19.53202048,0.14603416621685028
0.02418951317667961,17.91,16.5443058013916,8952,157698,157799,-0.6083084344863892,4485,0.0005,0.54,35,-20.229975090000003,0.09413781762123108
0.023785941302776337,17.95,15.982898712158203,8956,157773,157874,0.4133393466472626,4487,0.0005,0.58,35,-19.09280189,0.17825670540332794
0.02370244264602661,18.03,16.691368103027344,8960,157843,157944,0.4188622236251831,4489,0.0005,0.56,35,-19.602591470000004,0.11143012344837189
0.02307445928454399,17.96,17.53173828125,8964,157912,158013,-0.21833129227161407,4491,0.0005,0.57,35,-19.595361529999998,0.13698524236679077
0.022677214816212654,17.92,15.62457275390625,8968,157987,158088,0.5815739631652832,4493,0.0005,0.56,35,-19.839905149999996,2.235856533050537
0.02262476645410061,17.87,16.573883056640625,8972,158056,158157,1.203913688659668,4495,0.0005,0.53,35,-20.62786339,0.3416316509246826
0.02300892397761345,17.85,17.53203582763672,8976,158117,158218,-0.9431944489479065,4497,0.0005,0.5,35,-21.524767199999996,0.10908268392086029
0.022785203531384468,17.85,18.235492706298828,8980,158185,158286,0.04842270910739899,4498,0.0005,0.51,35,-21.316429239999998,0.14824914932250977
0.023269444704055786,18.15,18.18366050720215,8984,158276,158377,0.3926420211791992,4501,0.0005,0.52,35,-21.022655920000002,0.13816097378730774
0.023448919877409935,17.82,16.879152297973633,8988,158335,158436,-0.4781545102596283,4502,0.0005,0.52,35,-20.93828052,0.28318285942077637
0.023070450872182846,17.83,18.47582244873047,8992,158394,158495,0.028589189052581787,4504,0.0005,0.5,35,-21.664908890000003,0.4591047167778015
0.022759301587939262,17.67,16.474098205566406,8996,158458,158559,-1.0907187461853027,4506,0.0005,0.47,35,-22.41380257,0.13428612053394318
0.022598637267947197,17.79,16.367595672607422,9000,158535,158636,0.08844229578971863,4508,0.0005,0.46,35,-22.753306190000004,0.229356050491333
0.022491080686450005,17.83,15.414898872375488,9004,158617,158718,-0.1778584122657776,4510,0.0005,0.47,35,-22.49576916,0.08384670317173004
0.022698231041431427,17.77,18.93512535095215,9008,158677,158778,0.7129698395729065,4511,0.0005,0.47,35,-22.55135589,0.17025569081306458
0.022599799558520317,17.64,17.533498764038086,9012,158738,158839,-0.7877213954925537,4513,0.0005,0.47,35,-22.61399648,0.5304166078567505
0.022638164460659027,17.69,17.55910873413086,9016,158809,158910,-0.6459745168685913,4515,0.0005,0.47,35,-22.57363107,0.7899173498153687
0.02239704690873623,17.62,18.123815536499023,9020,158881,158982,0.23845133185386658,4517,0.0005,0.46,35,-22.73970456,0.4863930344581604
0.02206285297870636,17.41,19.627708435058594,9024,158944,159045,-0.6904873847961426,4518,0.0005,0.47,35,-22.274022260000002,0.5573793649673462
0.021883800625801086,17.25,17.121482849121094,9028,159008,159109,-0.40179139375686646,4520,0.0005,0.46,35,-22.583262490000003,0.15299838781356812
0.02147967368364334,17.31,18.294147491455078,9032,159088,159189,0.2031199336051941,4522,0.0005,0.44,35,-23.108759480000003,0.09257394075393677
0.021781038492918015,17.42,18.13726806640625,9036,159160,159261,0.6133913993835449,4524,0.0005,0.45,35,-22.829039750000007,0.5724812746047974
0.022071707993745804,17.42,16.989194869995117,9040,159220,159321,0.3245804011821747,4525,0.0005,0.43,35,-23.540775699999994,0.2053985893726349
0.022574404254555702,17.31,17.344038009643555,9044,159284,159385,0.041297078132629395,4527,0.0005,0.45,35,-22.793069610000003,0.43122386932373047
0.023109877482056618,17.45,16.94805335998535,9048,159363,159464,-0.5721018314361572,4529,0.0005,0.45,35,-22.87842294,0.24129809439182281
0.023001616820693016,17.32,16.770484924316406,9052,159430,159531,0.9181423783302307,4530,0.0005,0.46,35,-22.313456870000003,0.6138823628425598
0.023155881091952324,17.23,17.16989517211914,9056,159496,159597,0.11556747555732727,4532,0.0005,0.43,35,-23.22504687,0.19139806926250458
0.023076128214597702,17.41,18.040788650512695,9060,159584,159685,0.14495627582073212,4534,0.0005,0.44,35,-22.7854861,0.22900672256946564
0.023318501189351082,17.36,15.500320434570312,9064,159648,159749,0.9631434679031372,4536,0.0005,0.45,35,-22.38445884,0.11805857717990875
0.02379624918103218,17.29,16.463924407958984,9068,159716,159817,0.6090245246887207,4538,0.0005,0.46,35,-22.084571160000007,0.4852128326892853
0.023960286751389503,17.32,17.994876861572266,9072,159788,159889,-0.08419506251811981,4539,0.0005,0.47,35,-21.84704866,0.062260180711746216
0.02425510063767433,17.41,17.488994598388672,9076,159858,159959,-0.48878082633018494,4541,0.0005,0.49,35,-21.42672461,0.19170425832271576
0.02448510378599167,17.28,16.390108108520508,9080,159913,160014,-1.0282611846923828,4571,0.0005,0.46,35,-22.42438758,0.5594632625579834
0.024962713941931725,17.18,17.231922149658203,9084,159994,160095,0.37897396087646484,4573,0.0005,0.44,35,-23.06288809,0.3080466389656067
0.02551867999136448,17.33,16.588560104370117,9088,160068,160169,-0.0044706761837005615,4575,0.0005,0.45,35,-22.98848291,0.32485583424568176
0.02539115585386753,17.53,17.04059600830078,9092,160147,160248,0.7170969247817993,4577,0.0005,0.47,35,-22.49940368,0.19871947169303894
0.025324711576104164,17.62,18.7239990234375,9096,160220,160321,0.4095691740512848,4579,0.0005,0.48,35,-22.057437829999998,0.06063096225261688
0.02498292177915573,17.68,18.88392448425293,9100,160303,160404,0.1680883765220642,4581,0.0005,0.5,35,-21.48054115,0.4690057039260864
0.024200117215514183,17.57,17.449851989746094,9104,160374,160475,0.35328784584999084,4583,0.0005,0.49,35,-21.746010700000003,0.3104338049888611
0.023554764688014984,17.58,14.576136589050293,9108,160435,160536,-0.5434322953224182,4584,0.0005,0.51,35,-21.118100300000002,0.5808858871459961
0.023406406864523888,17.48,14.954133987426758,9112,160486,160587,-0.03981500864028931,4586,0.0005,0.51,35,-20.965128059999998,0.06838586926460266
0.023580392822623253,17.39,17.824867248535156,9116,160548,160649,-0.5302608609199524,4587,0.0005,0.5,35,-21.338174200000005,0.14371955394744873
0.023066051304340363,17.44,16.354515075683594,9120,160625,160726,0.30503275990486145,4589,0.0005,0.51,35,-21.169459880000005,0.16805347800254822
0.023188820108771324,17.48,15.887603759765625,9124,160692,160793,0.33476200699806213,4591,0.0005,0.5,35,-21.331789020000006,1.9691951274871826
0.023520421236753464,17.58,17.759807586669922,9128,160766,160867,0.4264587163925171,4593,0.0005,0.5,35,-21.566121940000002,0.24589739739894867
0.023273084312677383,17.58,17.96039581298828,9132,160846,160947,-0.5957449674606323,4595,0.0005,0.5,35,-21.570744050000002,0.10400647670030594
0.023033220320940018,17.53,16.938339233398438,9136,160913,161014,0.07244101166725159,4597,0.0005,0.52,35,-21.048967750000003,0.10696525871753693
0.022872187197208405,17.65,16.65753936767578,9140,160985,161086,-0.3930397927761078,4599,0.0005,0.53,35,-20.69799061,0.16125109791755676
0.022917749360203743,17.66,16.351655960083008,9144,161050,161151,-0.6451187133789062,4600,0.0005,0.51,35,-21.339870660000003,2.7586755752563477
0.02344672754406929,17.56,16.514894485473633,9148,161119,161220,0.23535269498825073,4602,0.0005,0.49,35,-21.765599350000002,0.2630491852760315
0.023827893659472466,17.56,16.659273147583008,9152,161186,161287,-0.13561105728149414,4604,0.0005,0.49,35,-21.705347709999998,0.34115859866142273
0.024131404235959053,17.52,16.95278549194336,9156,161248,161349,-0.08925102651119232,4605,0.0005,0.49,35,-21.537398209999992,0.8036841154098511
0.024367408826947212,17.22,17.359333038330078,9160,161306,161407,0.2669723331928253,4607,0.0005,0.48,35,-21.775228480000006,0.24576517939567566
0.02455070987343788,17.28,16.489315032958984,9164,161376,161477,1.0366692543029785,4609,0.0005,0.46,35,-22.29243892,0.4497082829475403
0.024740418419241905,17.33,17.19552230834961,9168,161449,161550,0.7266060709953308,4611,0.0005,0.45,35,-22.840267460000003,0.06848093122243881
0.02479637786746025,17.25,16.579425811767578,9172,161513,161614,-0.17991694808006287,4612,0.0005,0.46,35,-22.490061339999993,0.16391387581825256
0.023876246064901352,17.36,16.838699340820312,9176,161594,161695,-0.6843909621238708,4615,0.0005,0.48,35,-21.86918396,0.18646079301834106
0.02362796850502491,17.35,17.297351837158203,9180,161648,161749,-0.22631625831127167,4616,0.0005,0.47,35,-22.205051680000008,0.2871459424495697
0.023294556885957718,17.26,16.644987106323242,9184,161720,161821,-0.2642173767089844,4618,0.0005,0.49,35,-21.493774399999996,0.18395867943763733
0.023156747221946716,17.14,16.130979537963867,9188,161782,161883,-0.5252568125724792,4619,0.0005,0.49,35,-21.32602378,0.1580774486064911
0.023105382919311523,16.93,15.601797103881836,9192,161840,161941,0.39311277866363525,4621,0.0005,0.47,35,-21.818412089999995,0.1939851939678192
0.022981494665145874,16.95,16.457096099853516,9196,161915,162016,0.6972812414169312,4623,0.0005,0.48,35,-21.683768350000005,0.1420055478811264
0.023332692682743073,16.91,16.01368522644043,9200,161994,162095,0.17952972650527954,4625,0.0005,0.47,35,-21.93739587,0.4231252372264862
0.023497743532061577,16.88,17.25835418701172,9204,162062,162163,0.009632393717765808,4627,0.0005,0.46,35,-22.19427146,0.04138075187802315
0.023988373577594757,16.91,17.253829956054688,9208,162126,162227,0.5630749464035034,4629,0.0005,0.46,35,-22.12273459,0.30174076557159424
0.02413811907172203,17.07,16.19547462463379,9212,162193,162294,0.07543595880270004,4630,0.0005,0.46,35,-22.17971745,0.2358284443616867
0.024462871253490448,17.14,18.3612060546875,9216,162262,162363,-0.14792633056640625,4632,0.0005,0.48,35,-21.502174750000005,0.19402606785297394
0.024181514978408813,17.13,18.024330139160156,9220,162338,162439,-0.23552633821964264,4634,0.0005,0.48,35,-21.501351909999993,0.1203962117433548
0.024156788364052773,17.21,17.206729888916016,9224,162413,162514,-0.8141129016876221,4636,0.0005,0.49,35,-21.412809279999998,0.13737782835960388
0.023935483768582344,17.16,15.844316482543945,9228,162482,162583,0.5085498094558716,4638,0.0005,0.5,35,-20.937753710000003,0.24028342962265015
0.02450384385883808,17.15,17.773290634155273,9232,162561,162662,-0.1986885815858841,4640,0.0005,0.51,35,-20.785949730000006,0.19878700375556946
0.024675168097019196,17.27,16.651626586914062,9236,162640,162741,0.1061970517039299,4643,0.0005,0.48,35,-21.657670230000004,1.5535396337509155
0.024819735437631607,17.4,16.487796783447266,9240,162725,162826,0.08143234252929688,4645,0.0005,0.47,35,-21.899947450000003,0.14345672726631165
0.024419955909252167,17.52,16.447757720947266,9244,162802,162903,-0.0831289142370224,4647,0.0005,0.47,35,-21.76026906,0.26272332668304443
0.024420058354735374,17.47,17.450212478637695,9248,162866,162967,0.210359126329422,4648,0.0005,0.47,35,-21.87134432,0.11450548470020294
0.024407953023910522,17.38,17.558998107910156,9252,162924,163025,-0.028816640377044678,4650,0.0005,0.46,35,-22.249645619999995,0.11552897095680237
0.024399086833000183,17.47,17.17178726196289,9256,162995,163096,1.3085713386535645,4652,0.0005,0.47,35,-22.05440708,0.17252720892429352
0.02436836063861847,17.6,17.113332748413086,9260,163066,163167,-0.39031267166137695,4653,0.0005,0.5,35,-21.36686206,0.7215980291366577
0.02385023422539234,17.7,18.126529693603516,9264,163146,163247,-0.02440643310546875,4656,0.0005,0.51,35,-21.169766610000007,0.18999454379081726
0.023984022438526154,17.74,18.522207260131836,9268,163223,163324,-0.38070249557495117,4657,0.0005,0.52,35,-20.830565649999997,0.09655100852251053
0.023734040558338165,17.78,17.110889434814453,9272,163291,163392,-0.2878800630569458,4659,0.0005,0.51,35,-21.207542319999998,0.15766742825508118
0.023585397750139236,17.67,16.493982315063477,9276,163361,163462,-0.6206215620040894,4661,0.0005,0.5,35,-21.40222983,0.05246879905462265
0.02301025576889515,17.96,16.870452880859375,9280,163444,163545,-0.7606602907180786,4664,0.0005,0.53,35,-20.38160086,0.609040379524231
0.0232118908315897,18.12,17.442195892333984,9284,163532,163633,-0.2276143729686737,4666,0.0005,0.54,35,-20.230489809999998,0.1654142439365387
0.02335849218070507,18.18,16.69741439819336,9288,163600,163701,0.08605438470840454,4668,0.0005,0.54,35,-20.26302443,1.9073050022125244
0.023468220606446266,18.32,17.35247802734375,9292,163672,163773,-0.2598848044872284,4670,0.0005,0.56,35,-19.639359150000004,0.9872802495956421
0.022949663922190666,18.2,18.438827514648438,9296,163735,163836,-0.6709736585617065,4672,0.0005,0.56,35,-19.712742480000003,0.4071715474128723
0.02327468805015087,18.24,17.605438232421875,9300,163818,163919,0.27598997950553894,4674,0.0005,0.57,35,-19.45865083,0.2205522656440735
0.02354132942855358,18.3,17.398866653442383,9304,163892,163993,-0.38724201917648315,4676,0.0005,0.57,35,-19.51004405,0.1792527437210083
0.023333217948675156,18.32,17.43359375,9308,163958,164059,0.2113785296678543,4678,0.0005,0.58,35,-19.25726047,0.8854347467422485
0.023290425539016724,18.2,16.35755157470703,9312,164013,164114,0.3367956280708313,4679,0.0005,0.6,35,-18.69335936,0.19761598110198975
0.02317328378558159,18.39,18.475360870361328,9316,164101,164202,0.313871294260025,4682,0.0005,0.59,35,-19.06156373,0.6901447772979736
0.023356180638074875,18.37,16.46607208251953,9320,164175,164276,0.6201338768005371,4684,0.0005,0.58,35,-19.379421909999998,0.0762006938457489
0.023988179862499237,18.31,17.2835693359375,9324,164244,164345,0.1242792159318924,4686,0.0005,0.57,35,-19.390688670000003,0.2886533737182617
0.023662634193897247,18.18,16.945068359375,9328,164300,164401,-0.9887179136276245,4687,0.0005,0.56,35,-19.56021486,1.2832053899765015
0.023927096277475357,18.08,16.136350631713867,9332,164369,164470,0.05666474252939224,4689,0.0005,0.54,35,-20.19337015,0.12037737667560577
0.024355165660381317,17.96,16.714916229248047,9336,164436,164537,0.23741403222084045,4691,0.0005,0.55,35,-20.03554247,0.14596214890480042
0.0242020133882761,17.82,16.99920654296875,9340,164507,164608,-0.7407016754150391,4693,0.0005,0.56,35,-19.87283048,0.25563162565231323
0.023996738716959953,17.61,15.644926071166992,9344,164563,164664,0.3347424864768982,4695,0.0005,0.55,35,-20.2027082,0.2177802324295044
0.023838426917791367,17.55,18.78974151611328,9348,164621,164722,-0.43344807624816895,4696,0.0005,0.55,35,-20.1747665,0.19952169060707092
0.023707900196313858,17.5,17.84480094909668,9352,164674,164775,0.2605774998664856,4698,0.0005,0.57,35,-19.49950057,0.35253220796585083
0.024055154994130135,17.47,17.992504119873047,9356,164742,164843,0.01684632897377014,4700,0.0005,0.55,35,-20.07690634,0.05923503637313843
0.02466011792421341,17.45,19.1702938079834,9360,164811,164912,0.12077528238296509,4701,0.0005,0.55,35,-20.140799769999997,0.1691049337387085
0.023936429992318153,17.31,15.796313285827637,9364,164877,164978,0.1492159366607666,4703,0.0005,0.53,35,-20.669052909999994,0.4177292585372925
0.024209320545196533,17.17,15.846146583557129,9368,164940,165041,0.33366477489471436,4705,0.0005,0.51,35,-21.287041990000002,0.36938682198524475
0.024146609008312225,17.29,15.930439949035645,9372,165020,165121,0.32297563552856445,4707,0.0005,0.51,35,-21.22736153,0.13619154691696167
0.02440664917230606,17.23,17.48997688293457,9376,165084,165185,1.4779353141784668,4709,0.0005,0.49,35,-21.877788559999995,0.671166718006134
0.024733372032642365,17.23,15.947883605957031,9380,165167,165268,-0.9560426473617554,4711,0.0005,0.49,35,-21.88859141,0.2505827844142914
0.024601615965366364,17.01,15.544965744018555,9384,165233,165334,-0.7244383096694946,4713,0.0005,0.47,35,-22.421175110000004,0.05634724348783493
0.024629762396216393,17.05,18.296947479248047,9388,165305,165406,0.48987168073654175,4715,0.0005,0.46,35,-22.747146109999996,0.12151645869016647
0.024942655116319656,17.01,18.166784286499023,9392,165373,165474,0.4075448215007782,4717,0.0005,0.44,35,-23.52336687,0.25982385873794556
0.024757325649261475,17.03,16.837352752685547,9396,165438,165539,0.019617512822151184,4719,0.0005,0.45,35,-23.093647700000002,0.49450066685676575
0.024791961535811424,16.71,18.380231857299805,9400,165489,165590,0.429542601108551,4720,0.0005,0.43,35,-23.653858090000004,0.11972258239984512
0.024299098178744316,16.58,16.645057678222656,9404,165550,165651,0.017914339900016785,4722,0.0005,0.43,35,-23.57398681,1.7395610809326172
0.024167226627469063,16.5,16.895221710205078,9408,165608,165709,0.4531340003013611,4724,0.0005,0.41,35,-24.234564340000006,1.8569214344024658
0.02456391230225563,16.69,18.573978424072266,9412,165682,165783,0.17733123898506165,4726,0.0005,0.4,35,-24.56216489,0.02606748230755329
0.024640582501888275,16.45,16.363250732421875,9416,165746,165847,-0.21703335642814636,4727,0.0005,0.39,35,-24.653482550000003,0.4459798336029053
0.02423880435526371,16.4,16.524871826171875,9420,165815,165916,-0.03518357872962952,4729,0.0005,0.4,35,-24.279235130000004,0.8204305171966553
0.024290673434734344,16.37,17.707080841064453,9424,165881,165982,-0.000673830509185791,4731,0.0005,0.41,35,-24.20482319,0.29480814933776855
0.023862186819314957,16.59,17.03799057006836,9428,165959,166060,-0.16099676489830017,4733,0.0005,0.42,35,-24.031932359999995,0.08509968221187592
0.02369079738855362,16.74,17.664592742919922,9432,166043,166144,0.18490691483020782,4735,0.0005,0.43,35,-23.661803990000003,0.18257172405719757
0.024115752428770065,16.73,17.587024688720703,9436,166109,166210,0.30846837162971497,4737,0.0005,0.43,35,-23.657195700000003,0.06581278145313263
0.023854222148656845,16.74,16.329113006591797,9440,166181,166282,0.7071244120597839,4738,0.0005,0.43,35,-23.524577310000005,0.1304764449596405
0.02391236647963524,16.82,15.896329879760742,9444,166245,166346,-0.3767128586769104,4740,0.0005,0.43,35,-23.67885538,0.07463221251964569
0.02402813360095024,17.07,17.413713455200195,9448,166328,166429,-0.518298864364624,4742,0.0005,0.45,35,-23.072736780000003,0.7921584844589233
0.023722166195511818,17.36,16.038673400878906,9452,166410,166511,-0.7955840826034546,4744,0.0005,0.47,35,-22.639811869999996,0.06961952894926071
0.02345256507396698,17.33,15.860456466674805,9456,166475,166576,-0.19679975509643555,4746,0.0005,0.5,35,-21.712068310000003,0.3122164011001587
0.023370228707790375,17.37,17.368532180786133,9460,166548,166649,0.7083848714828491,4747,0.0005,0.51,35,-21.39494899,0.15715831518173218
0.02324940450489521,17.36,17.606990814208984,9464,166613,166714,-0.13475480675697327,4749,0.0005,0.52,35,-21.09010189,0.3679031729698181
0.022873014211654663,17.35,17.14858055114746,9468,166675,166776,0.5790154933929443,4750,0.0005,0.52,35,-20.92762336,0.1030886098742485
0.023305578157305717,17.14,16.150047302246094,9472,166734,166835,0.5115404725074768,4752,0.0005,0.52,35,-21.01532073,0.5807991027832031
0.023137642070651054,17.3,17.98867416381836,9476,166814,166915,-0.993337869644165,4754,0.0005,0.54,35,-20.42660882,0.077468141913414
0.02271510474383831,17.15,18.75861358642578,9480,166882,166983,0.3581960201263428,4755,0.0005,0.54,35,-20.31277103,0.09146580100059509
0.02306959219276905,17.13,16.62994384765625,9484,166946,167047,0.4820253849029541,4757,0.0005,0.55,35,-19.95894312,0.6475216150283813
0.023837387561798096,17.16,17.876840591430664,9488,167021,167122,1.1706727743148804,4759,0.0005,0.56,35,-19.776343139999998,0.0826149731874466
0.0241769440472126,17.11,17.01380157470703,9492,167084,167185,1.069692611694336,4761,0.0005,0.57,35,-19.19734132,0.19745363295078278
0.024795815348625183,17.19,16.708965301513672,9496,167157,167258,0.28403693437576294,4763,0.0005,0.56,35,-19.536888410000003,0.225481778383255
0.024842912331223488,17.34,17.069835662841797,9500,167223,167324,-0.12601912021636963,4765,0.0005,0.57,35,-19.373322490000003,0.14563128352165222
0.024294212460517883,17.37,17.7255916595459,9504,167287,167388,-0.5334182381629944,4766,0.0005,0.56,35,-19.740201820000003,1.577603816986084
0.02447892166674137,17.49,16.379802703857422,9508,167357,167458,1.4129924774169922,4768,0.0005,0.57,35,-19.467770870000003,0.47294461727142334
0.024852722883224487,17.5,17.983108520507812,9512,167432,167533,-0.5820279121398926,4771,0.0005,0.58,35,-19.126878149999996,0.1588861346244812
0.024630490690469742,17.59,15.694395065307617,9516,167505,167606,0.7163868546485901,4773,0.0005,0.58,35,-19.17829693,1.7163324356079102
0.024942783638834953,17.44,15.824599266052246,9520,167559,167660,-0.9093681573867798,4774,0.0005,0.57,35,-19.33721006,0.14560995995998383
0.024581458419561386,17.42,17.069843292236328,9524,167623,167724,-0.4512529969215393,4776,0.0005,0.57,35,-19.19595519,2.172673225402832
0.0241286251693964,17.36,16.735149383544922,9528,167695,167796,-0.12887993454933167,4778,0.0005,0.58,35,-18.86079975,0.3032243847846985
0.024266408756375313,17.17,18.20659065246582,9532,167760,167861,0.46979421377182007,4780,0.0005,0.58,35,-18.79011595,0.8275090456008911
0.024480212479829788,17.14,16.557506561279297,9536,167823,167924,-0.4380168616771698,4782,0.0005,0.57,35,-18.963414670000002,0.1890515387058258
0.024300696328282356,17.17,16.91718101501465,9540,167898,167999,0.6171134114265442,4784,0.0005,0.55,35,-19.67971215,0.20734064280986786
0.024275807663798332,17.27,16.31321907043457,9544,167972,168073,-0.4363885819911957,4786,0.0005,0.56,35,-19.250758660000002,0.24626997113227844
0.023815806955099106,17.17,17.541400909423828,9548,168045,168146,0.9132201671600342,4788,0.0005,0.57,35,-18.977779390000002,0.11881992965936661
0.023952975869178772,17.06,18.594623565673828,9552,168116,168217,-0.06633937358856201,4790,0.0005,0.55,35,-19.463479239999998,0.1847390979528427
0.02421463094651699,17.1,16.899791717529297,9556,168185,168286,0.07331990450620651,4792,0.0005,0.54,35,-19.84382676,2.963172674179077
0.024532850831747055,17.16,18.15468978881836,9560,168264,168365,-0.625554621219635,4794,0.0005,0.52,35,-20.59503079,0.2049509584903717
0.02470298670232296,17.06,17.56395721435547,9564,168319,168420,0.4059782326221466,4795,0.0005,0.53,35,-20.347793619999997,0.2994522452354431
0.024956127628684044,17.12,16.72439193725586,9568,168387,168488,0.3748167157173157,4797,0.0005,0.56,35,-19.468832629999998,0.1282532811164856
0.02506979927420616,17.07,18.608642578125,9572,168441,168542,-0.20379528403282166,4798,0.0005,0.56,35,-19.34723974,0.10681600123643875
0.024461612105369568,16.78,18.23484230041504,9576,168492,168593,0.23806478083133698,4799,0.0005,0.54,35,-19.77334814,0.3765319287776947
0.02394520491361618,16.9,17.625476837158203,9580,168572,168673,-0.35117989778518677,4801,0.0005,0.53,35,-20.19680629,0.05840350687503815
0.023354394361376762,16.89,16.40655517578125,9584,168635,168736,-1.2332892417907715,4803,0.0005,0.51,35,-20.73458012,0.5212588310241699
0.022542472928762436,16.72,16.362165451049805,9588,168693,168794,-0.11178752779960632,4804,0.0005,0.5,35,-20.875980879999997,1.636476755142212
0.022852018475532532,16.62,17.534963607788086,9592,168746,168847,-0.04073941707611084,4805,0.0005,0.48,35,-21.52489001,0.29794663190841675
0.022491613402962685,16.77,15.707435607910156,9596,168834,168935,0.5256247520446777,4808,0.0005,0.47,35,-21.69900312,0.047894276678562164
0.022711314260959625,16.73,17.657817840576172,9600,168896,168997,0.17492227256298065,4809,0.0005,0.47,35,-21.569668560000004,0.32682690024375916
0.02290916070342064,16.93,15.904438018798828,9604,168980,169081,0.13633589446544647,4811,0.0005,0.48,35,-21.289702610000003,0.18983016908168793
0.023043211549520493,16.84,17.594154357910156,9608,169041,169142,0.4007255434989929,4812,0.0005,0.46,35,-21.61716062,0.15164373815059662
0.023316994309425354,16.76,16.47320556640625,9612,169108,169209,0.48328396677970886,4814,0.0005,0.45,35,-22.05841866,0.28063827753067017
0.02329319715499878,16.63,19.314210891723633,9616,169168,169269,0.10295948386192322,4816,0.0005,0.45,35,-22.11639507,0.28549426794052124
0.023393331095576286,16.74,18.804203033447266,9620,169233,169334,-1.0211689472198486,4817,0.0005,0.46,35,-21.83932539,0.2907305359840393
0.02315477654337883,16.83,17.194114685058594,9624,169306,169407,0.09612731635570526,4819,0.0005,0.46,35,-22.037915649999995,0.3724271059036255
0.023340148851275444,16.89,18.80406379699707,9628,169384,169485,0.352344810962677,4821,0.0005,0.46,35,-22.087554510000004,0.9235532283782959
0.023419545963406563,16.79,16.97231674194336,9632,169439,169540,-0.10934185981750488,4823,0.0005,0.47,35,-21.74584468,0.15665698051452637
0.023166770115494728,16.88,16.051664352416992,9636,169511,169612,-0.09037718176841736,4824,0.0005,0.49,35,-21.25287088,0.2787075340747833
0.022719724103808403,16.91,16.767210006713867,9640,169589,169690,0.05166104435920715,4826,0.0005,0.5,35,-20.906472819999998,0.08633804321289062
0.022674236446619034,16.97,16.427120208740234,9644,169669,169770,0.6120412349700928,4828,0.0005,0.5,35,-20.797313219999996,0.14367084205150604
0.022826440632343292,16.9,14.47829818725586,9648,169735,169836,0.5585700273513794,4830,0.0005,0.5,35,-20.744139190000002,0.5303858518600464
0.022996023297309875,16.81,17.91747283935547,9652,169797,169898,0.0969250500202179,4832,0.0005,0.5,35,-20.744498309999997,0.10916337370872498
0.023644400760531425,16.84,16.664905548095703,9656,169869,169970,0.3147088587284088,4834,0.0005,0.5,35,-20.623871470000005,1.2228572368621826
0.02388748712837696,16.6,17.58504295349121,9660,169924,170025,0.760535717010498,4852,0.0005,0.49,35,-20.611063650000002,0.14834238588809967
0.024092644453048706,16.8,16.31574058532715,9664,169999,170100,-0.4781070351600647,4854,0.0005,0.48,35,-20.921999560000003,0.7046529054641724
0.023907549679279327,16.91,16.55072021484375,9668,170078,170179,-0.1829659640789032,4856,0.0005,0.46,35,-21.5608037,0.40213432908058167
0.023547543212771416,17.07,17.028213500976562,9672,170148,170249,-0.7310592532157898,4858,0.0005,0.46,35,-21.656066840000005,0.06329140067100525
0.02368093654513359,17.31,17.369670867919922,9676,170223,170324,-0.1534479856491089,4860,0.0005,0.49,35,-20.919572490000004,0.11376237124204636
0.023479817435145378,17.19,17.79229164123535,9680,170291,170392,0.11444570124149323,4862,0.0005,0.49,35,-20.926982640000002,0.09192336350679398
0.02349003031849861,17.16,16.18783950805664,9684,170351,170452,-0.4133337736129761,4864,0.0005,0.5,35,-20.63589203,0.07095731049776077
0.023600298911333084,17.44,17.1520938873291,9688,170437,170538,-0.3462553024291992,4866,0.0005,0.51,35,-20.41649999,0.18688823282718658
0.02369556948542595,17.59,15.653446197509766,9692,170505,170606,-0.32381564378738403,4868,0.0005,0.52,35,-20.261886090000004,0.0545535571873188
0.02395075559616089,17.41,17.029541015625,9696,170575,170676,0.26370930671691895,4870,0.0005,0.52,35,-20.352138570000005,0.10966342687606812
0.023778734728693962,17.53,17.919418334960938,9700,170649,170750,-0.5371314287185669,4873,0.0005,0.54,35,-19.82127606,0.1692458838224411
0.024608854204416275,17.34,17.776443481445312,9704,170714,170815,-0.20742972195148468,4874,0.0005,0.54,35,-19.83697792,0.4805777072906494
0.024630267173051834,17.48,16.89739990234375,9708,170789,170890,-0.59871506690979,4876,0.0005,0.55,35,-19.89182473,0.06872937083244324
0.0247410386800766,17.42,16.719308853149414,9712,170850,170951,0.553565263748169,4878,0.0005,0.55,35,-19.683127810000002,0.15957173705101013
0.024360839277505875,17.49,18.48002052307129,9716,170917,171018,-0.7032263278961182,4880,0.0005,0.55,35,-19.80435555,0.7780411243438721
0.02402077242732048,17.53,19.03860855102539,9720,170986,171087,1.2121009826660156,4882,0.0005,0.54,35,-20.110341039999998,0.06413325667381287
0.023826586082577705,17.52,17.06180191040039,9724,171058,171159,-0.5720581412315369,4883,0.0005,0.54,35,-19.96522234,0.17188827693462372
0.02321888692677021,17.35,16.633071899414062,9728,171119,171220,-0.7617244720458984,4885,0.0005,0.54,35,-19.92893574,0.27990061044692993
0.02272382564842701,17.5,16.386280059814453,9732,171189,171290,-0.12164929509162903,4887,0.0005,0.52,35,-20.510512639999998,1.1472959518432617
0.022551938891410828,17.45,16.167949676513672,9736,171256,171357,0.5358217358589172,4889,0.0005,0.51,35,-20.830613229999997,0.1813279390335083
0.022393468767404556,17.42,17.118623733520508,9740,171331,171432,0.19778697192668915,4890,0.0005,0.51,35,-20.97062985,0.21354007720947266
0.022619804367423058,17.32,15.763022422790527,9744,171401,171502,0.44576919078826904,4892,0.0005,0.52,35,-20.76854782,0.32820069789886475
0.022887466475367546,17.25,16.429113388061523,9748,171460,171561,-0.5361608862876892,4894,0.0005,0.48,35,-21.824611169999997,0.14534226059913635
0.0229506716132164,17.24,16.605987548828125,9752,171521,171622,0.04723542928695679,4896,0.0005,0.48,35,-21.820326529999992,0.13256211578845978
0.023303361609578133,17.15,17.431819915771484,9756,171584,171685,0.7640702128410339,4897,0.0005,0.46,35,-22.565557549999994,0.11611863970756531
0.02341078780591488,17.4,17.151348114013672,9760,171664,171765,0.4624690115451813,4899,0.0005,0.48,35,-22.11442275,0.8815175294876099
0.023564200848340988,17.53,17.33919906616211,9764,171752,171853,-0.9766499996185303,4902,0.0005,0.5,35,-21.533015219999996,0.6152634024620056
0.023080050945281982,17.54,17.931900024414062,9768,171832,171933,-0.32470932602882385,4904,0.0005,0.5,35,-21.417959660000005,0.12587779760360718
0.023377763107419014,17.69,16.609420776367188,9772,171917,172018,0.31757786870002747,4906,0.0005,0.49,35,-21.68998146,0.5089633464813232
0.02295559085905552,17.67,15.998249053955078,9776,171990,172091,-0.2956213355064392,4908,0.0005,0.49,35,-21.691821370000003,0.07413847744464874
0.022906839847564697,17.62,15.186470031738281,9780,172053,172154,-0.05133211612701416,4910,0.0005,0.49,35,-21.517079289999998,0.11398403346538544
0.023119714111089706,17.74,16.691532135009766,9784,172125,172226,-0.4066265821456909,4912,0.0005,0.49,35,-21.67798373,0.034427933394908905
0.0230711717158556,17.67,15.774091720581055,9788,172204,172305,-0.38186728954315186,4914,0.0005,0.47,35,-22.05745419999999,0.4990113377571106
0.022712169215083122,17.6,16.091981887817383,9792,172265,172366,-0.5559548735618591,4916,0.0005,0.48,35,-21.73588522,0.20652419328689575
0.022654907777905464,17.52,17.528297424316406,9796,172327,172428,-0.20997457206249237,4917,0.0005,0.48,35,-21.910195950000006,0.05843988433480263
0.022725120186805725,17.41,16.04775047302246,9800,172390,172491,-0.2629256844520569,4919,0.0005,0.47,35,-22.193091560000003,0.11112082004547119
0.022667011246085167,17.45,17.36962127685547,9804,172459,172560,0.9726985692977905,4921,0.0005,0.46,35,-22.349649180000007,1.4128962755203247
0.022892044857144356,17.34,15.184134483337402,9808,172523,172624,-0.011635109782218933,4923,0.0005,0.47,35,-21.921071030000004,0.39362502098083496
0.023011039942502975,17.41,19.16350555419922,9812,172591,172692,0.6566376090049744,4924,0.0005,0.46,35,-22.251188589999998,0.7151118516921997
0.023098496720194817,17.4,18.537067413330078,9816,172657,172758,-0.22370755672454834,4926,0.0005,0.46,35,-22.2721896,0.14323395490646362
0.02317187935113907,17.3,17.904109954833984,9820,172716,172817,-0.2271324098110199,4928,0.0005,0.44,35,-22.77494099,1.458256483078003
0.022833941504359245,17.19,16.215774536132812,9824,172777,172878,0.7663555145263672,4929,0.0005,0.44,35,-22.844312919999997,0.11582563817501068
0.023259401321411133,17.21,17.2006893157959,9828,172840,172941,-0.35267770290374756,4930,0.0005,0.43,35,-23.07323485,0.7284150719642639
0.023641910403966904,17.22,16.971067428588867,9832,172911,173012,0.3632102608680725,4932,0.0005,0.45,35,-22.58677323,0.2074783444404602
0.023811493068933487,17.14,16.458423614501953,9836,172970,173071,-0.1008966788649559,4933,0.0005,0.44,35,-22.783536960000003,0.6858999133110046
0.02462753839790821,17.12,17.563640594482422,9840,173043,173144,0.4445597529411316,4935,0.0005,0.42,35,-23.12644555,0.2378045916557312
0.02511890046298504,17.19,17.504985809326172,9844,173120,173221,0.15917307138442993,4937,0.0005,0.41,35,-23.32472851,1.082089900970459
0.024926532059907913,17.42,17.117218017578125,9848,173202,173303,-0.863459587097168,4939,0.0005,0.43,35,-22.80799016000001,0.23056559264659882
0.024205805733799934,17.45,16.53044891357422,9852,173266,173367,-1.406949758529663,4940,0.0005,0.43,35,-22.735112580000006,0.10982315987348557
0.023156769573688507,17.37,15.712077140808105,9856,173321,173422,-0.004400014877319336,4942,0.0005,0.45,35,-21.934875590000004,0.4852096438407898
0.022950656712055206,17.22,17.551658630371094,9860,173386,173487,0.04562845826148987,4944,0.0005,0.44,35,-22.0598079,0.21068991720676422
0.022094452753663063,17.13,17.14703369140625,9864,173465,173566,-0.8129674196243286,4945,0.0005,0.43,35,-22.324944840000004,0.05356743186712265
0.021688509732484818,16.96,17.110498428344727,9868,173528,173629,0.431800901889801,4947,0.0005,0.43,35,-22.34482971,0.14588505029678345
0.02157379314303398,16.72,16.296152114868164,9872,173589,173690,-0.3173975348472595,4949,0.0005,0.44,35,-22.03264084,1.1145707368850708
0.021504132077097893,16.73,14.64622688293457,9876,173663,173764,0.3581044673919678,4950,0.0005,0.44,35,-22.030152999999995,0.735639214515686
0.021705368533730507,16.68,17.233139038085938,9880,173721,173822,-0.9468123912811279,4952,0.0005,0.42,35,-22.608269930000002,0.05236990004777908
0.021534807980060577,16.74,15.525721549987793,9884,173799,173900,-0.1223757266998291,4954,0.0005,0.42,35,-22.512123539999997,3.004364490509033
0.021146103739738464,16.83,17.58934783935547,9888,173887,173988,0.40243837237358093,4956,0.0005,0.45,35,-21.805435809999995,1.0411888360977173
0.021349797025322914,17.06,17.835453033447266,9892,173971,174072,-0.4341292381286621,4958,0.0005,0.46,35,-21.605271039999998,0.2610885500907898
0.021064095199108124,17.12,17.181882858276367,9896,174039,174140,-0.7895206809043884,4960,0.0005,0.46,35,-21.40500834,0.13955605030059814
0.02145601250231266,17.05,16.455394744873047,9900,174095,174196,0.09222403168678284,4961,0.0005,0.46,35,-21.271531850000002,0.10241995006799698
0.021528232842683792,17.03,18.44074249267578,9904,174162,174263,-0.622888445854187,4963,0.0005,0.47,35,-21.120311219999998,0.07852867990732193
0.021571554243564606,17.2,16.620128631591797,9908,174243,174344,0.10781925916671753,4965,0.0005,0.48,35,-20.885406399999997,0.23800960183143616
0.021708136424422264,17.17,17.338272094726562,9912,174308,174409,-0.07753461599349976,4967,0.0005,0.5,35,-20.30920341,0.26331520080566406
0.02214442566037178,17.25,16.860179901123047,9916,174382,174483,0.5996149778366089,4969,0.0005,0.5,35,-20.33681352,0.16493335366249084
0.022547470405697823,17.31,17.665740966796875,9920,174447,174548,0.17671769857406616,4971,0.0005,0.5,35,-20.53186694,0.8427661061286926
0.02198520302772522,17.4,16.187721252441406,9924,174517,174618,-0.5838515162467957,4972,0.0005,0.48,35,-20.83541366,0.09208991378545761
0.021853085607290268,17.25,15.946640968322754,9928,174565,174666,0.33910468220710754,4974,0.0005,0.46,35,-21.40644556,0.15068422257900238
0.022415054962038994,17.18,17.155353546142578,9932,174629,174730,-0.01677832007408142,4975,0.0005,0.43,35,-22.286699879999997,0.1387787163257599
0.022218815982341766,17.26,19.154787063598633,9936,174696,174797,-0.23897598683834076,4977,0.0005,0.43,35,-22.303391539999996,0.1575247347354889
0.02206720970571041,17.25,15.628314971923828,9940,174768,174869,-0.5244826078414917,4979,0.0005,0.44,35,-22.18669484,0.03690355271100998
0.022075749933719635,17.06,15.771010398864746,9944,174826,174927,-0.2560652196407318,4980,0.0005,0.44,35,-22.41981256,0.06588687002658844
0.02214895188808441,16.89,18.164691925048828,9948,174891,174992,0.34534958004951477,4982,0.0005,0.44,35,-22.403707880000002,1.8482390642166138
0.021540513262152672,17.0,17.776187896728516,9952,174966,175067,0.007351934909820557,4984,0.0005,0.42,35,-23.063084660000005,0.2563405930995941
0.021553566679358482,17.24,17.213958740234375,9956,175045,175146,0.5330134630203247,4986,0.0005,0.43,35,-23.03291436,0.19261720776557922
0.02208382450044155,17.31,17.764545440673828,9960,175117,175218,0.9635008573532104,4988,0.0005,0.43,35,-23.1735549,0.07856735587120056
0.02227213978767395,17.33,17.766231536865234,9964,175198,175299,0.1404862403869629,4990,0.0005,0.44,35,-22.86437765,0.131124809384346
0.02265295386314392,17.34,17.97021484375,9968,175262,175363,0.6192679405212402,4992,0.0005,0.45,35,-22.57109588,0.16349339485168457
0.023113040253520012,17.37,18.489673614501953,9972,175326,175427,0.6136407256126404,4994,0.0005,0.45,35,-22.52132044,0.08698190003633499
0.02278033271431923,17.29,16.934574127197266,9976,175392,175493,0.5778819918632507,4995,0.0005,0.43,35,-23.167305929999998,0.12583695352077484
0.02285248599946499,17.42,18.39301300048828,9980,175463,175564,0.4787113070487976,4997,0.0005,0.44,35,-22.841593020000005,0.45172539353370667
0.02253253199160099,17.36,17.54754066467285,9984,175535,175636,-0.9993562698364258,4999,0.0005,0.46,35,-22.242576620000005,0.4144632816314697
0.02263581193983555,17.07,17.612796783447266,9988,175594,175695,-0.39576956629753113,5001,0.0005,0.43,35,-23.01548449,0.5452090501785278
0.02262527495622635,16.82,15.447994232177734,9992,175653,175754,0.7835814952850342,5002,0.0005,0.41,35,-23.434985589999997,1.3002369403839111
0.023027999326586723,16.87,18.19696807861328,9996,175726,175827,-0.6536961793899536,5004,0.0005,0.42,35,-23.187455359999994,0.1453717052936554
0.02214398980140686,17.02,18.198673248291016,10000,175797,175898,0.058642350137233734,5006,0.0005,0.42,35,-23.293466179999996,0.29586702585220337
0.021930834278464317,17.05,16.39743423461914,10004,175867,175968,0.5964590311050415,5008,0.0005,0.41,35,-23.355780109999998,0.6688692569732666
0.022039752453565598,16.97,17.430206298828125,10008,175940,176041,-0.6091316342353821,5010,0.0005,0.38,35,-24.247427880000004,0.5982744097709656
0.02128106914460659,16.96,17.137691497802734,10012,176004,176105,-0.3520113229751587,5012,0.0005,0.38,35,-24.248857150000003,0.24998602271080017
0.021573632955551147,16.97,16.534793853759766,10016,176079,176180,-0.5914095044136047,5013,0.0005,0.4,35,-23.56595906,0.263505220413208
0.0217448677867651,16.85,17.453670501708984,10020,176132,176233,0.11797493696212769,5015,0.0005,0.42,35,-22.845389119999997,0.0753990039229393
0.021530864760279655,17.01,17.87876319885254,10024,176218,176319,0.659543514251709,5017,0.0005,0.45,35,-22.34748971,0.08288510888814926
0.021543635055422783,17.29,16.89160919189453,10028,176294,176395,-0.36514419317245483,5019,0.0005,0.47,35,-21.894953630000003,0.13620857894420624
0.021597079932689667,17.41,17.733423233032227,10032,176370,176471,0.9297580122947693,5021,0.0005,0.49,35,-21.40234532,0.06423480808734894
0.021787863224744797,17.53,16.255008697509766,10036,176449,176550,0.5853564739227295,5023,0.0005,0.5,35,-21.01849257,0.4585776627063751
0.021761957556009293,17.45,17.23271942138672,10040,176513,176614,-0.20594651997089386,5025,0.0005,0.52,35,-20.3676674,0.1029609739780426
0.021642319858074188,17.62,16.903852462768555,10044,176588,176689,0.5138285160064697,5027,0.0005,0.54,35,-19.626424349999997,0.16635212302207947
0.021567655727267265,17.7,17.802486419677734,10048,176661,176762,-0.12025431543588638,5028,0.0005,0.53,35,-20.15879191,0.29143327474594116
0.02189589850604534,17.64,16.62320327758789,10052,176730,176831,0.7907699346542358,5030,0.0005,0.55,35,-19.5936271,0.16737444698810577
0.021921781823039055,17.61,18.862138748168945,10056,176806,176907,-0.09575191140174866,5032,0.0005,0.54,35,-19.90574131,0.10206502676010132
0.0217861607670784,17.55,17.226085662841797,10060,176872,176973,-0.5220038890838623,5034,0.0005,0.54,35,-19.76088221,0.0829414427280426
0.021579429507255554,17.3,16.04492950439453,10064,176928,177029,0.30452948808670044,5035,0.0005,0.51,35,-20.77795251,0.3825060725212097
0.021356910467147827,17.52,16.857866287231445,10068,177014,177115,-0.4187842607498169,5037,0.0005,0.49,35,-21.56184483,0.03534245118498802
0.021935807541012764,17.46,17.030336380004883,10072,177072,177173,0.2560526728630066,5038,0.0005,0.48,35,-21.933913309999998,0.06062932312488556
0.02206970378756523,17.38,17.31903839111328,10076,177130,177231,-0.10319527983665466,5040,0.0005,0.49,35,-21.43681967,0.19914263486862183
0.021853206679224968,17.38,18.309402465820312,10080,177201,177302,0.8831186294555664,5041,0.0005,0.49,35,-21.642279079999998,0.054571643471717834
0.022119641304016113,17.43,17.287296295166016,10084,177278,177379,-0.34052562713623047,5043,0.0005,0.46,35,-22.710773099999997,0.13211658596992493
0.022016076371073723,17.48,15.869331359863281,10088,177342,177443,0.12320515513420105,5045,0.0005,0.49,35,-21.82829617,0.11778849363327026
0.021953104063868523,17.5,16.823301315307617,10092,177403,177504,0.12863150238990784,5047,0.0005,0.5,35,-21.495115409999997,0.07471588253974915
0.02122296579182148,17.44,14.980511665344238,10096,177470,177571,-0.13288059830665588,5048,0.0005,0.5,35,-21.621538699999995,0.151392862200737
0.02117825299501419,17.44,17.230113983154297,10100,177541,177642,-0.016225799918174744,5050,0.0005,0.5,35,-21.699081979999995,0.45872873067855835
0.021265000104904175,17.45,17.585187911987305,10104,177612,177713,-0.7430524826049805,5052,0.0005,0.5,35,-21.927820240000003,0.1617976725101471
0.021246260032057762,17.39,17.017074584960938,10108,177679,177780,0.1829487830400467,5054,0.0005,0.52,35,-21.18323214,0.12509071826934814
0.021498799324035645,17.43,15.245343208312988,10112,177747,177848,-0.95986407995224,5056,0.0005,0.51,35,-21.635515090000002,0.23384425044059753
0.021333368495106697,17.26,16.931072235107422,10116,177805,177906,-0.07812318205833435,5057,0.0005,0.48,35,-22.569784019999997,0.11621078848838806
0.0215676911175251,17.46,17.302963256835938,10120,177878,177979,1.1626513004302979,5059,0.0005,0.49,35,-22.424388360000002,0.11005400121212006
0.0218888521194458,17.29,16.870677947998047,10124,177947,178048,0.6891286373138428,5061,0.0005,0.48,35,-22.529302729999994,0.5177837610244751
0.022525936365127563,17.2,17.174800872802734,10128,178014,178115,0.5432226657867432,5063,0.0005,0.47,35,-22.841022800000005,0.32205793261528015
0.022598475217819214,16.99,16.326879501342773,10132,178069,178170,0.3427141308784485,5064,0.0005,0.47,35,-22.618970220000005,0.18656016886234283
0.022898267954587936,16.99,17.01500701904297,10136,178148,178249,0.06982727348804474,5066,0.0005,0.48,35,-22.436361190000003,0.0688381940126419
0.022633086889982224,17.21,18.334877014160156,10140,178234,178335,-0.34802767634391785,5069,0.0005,0.46,35,-22.909856720000004,0.08264515548944473
0.02239968627691269,17.07,16.075374603271484,10144,178295,178396,0.3434167504310608,5070,0.0005,0.45,35,-23.14402833,0.9029771685600281
0.021939417347311974,17.19,16.620363235473633,10148,178380,178481,0.22384142875671387,5073,0.0005,0.46,35,-22.781925689999998,0.184512659907341
0.022387905046343803,17.11,17.794246673583984,10152,178441,178542,0.2925480902194977,5074,0.0005,0.46,35,-22.743649539999996,1.4636847972869873
0.022734658792614937,17.01,16.252471923828125,10156,178507,178608,-0.21865656971931458,5076,0.0005,0.45,35,-22.919721520000003,0.49489888548851013
0.02228885516524315,17.07,16.713947296142578,10160,178579,178680,0.48899659514427185,5078,0.0005,0.44,35,-23.214055439999996,0.7409769296646118
0.022193433716893196,17.29,16.71300506591797,10164,178657,178758,-0.23936599493026733,5080,0.0005,0.47,35,-22.31016109,0.15794318914413452
0.021919026970863342,17.19,17.83186149597168,10168,178733,178834,0.2861483097076416,5082,0.0005,0.48,35,-21.917498589999994,0.6163275837898254
0.021549619734287262,17.46,17.943824768066406,10172,178818,178919,0.525293231010437,5085,0.0005,0.48,35,-21.91048202,0.13777074217796326
0.02190287411212921,17.57,16.74060821533203,10176,178887,178988,-0.04694000631570816,5086,0.0005,0.47,35,-22.274753299999997,0.24441181123256683
0.02230510301887989,17.64,17.509201049804688,10180,178965,179066,0.24775098264217377,5089,0.0005,0.49,35,-21.77551129,0.43005067110061646
0.022689664736390114,17.51,16.54220199584961,10184,179029,179130,0.36959022283554077,5090,0.0005,0.5,35,-21.158753609999998,0.18417268991470337
0.02338295243680477,17.48,17.514293670654297,10188,179090,179191,0.6464771032333374,5092,0.0005,0.49,35,-21.579297670000003,0.058962225914001465
0.02417011931538582,17.57,16.00578498840332,10192,179160,179261,0.1396912783384323,5093,0.0005,0.48,35,-22.09785388,0.31446313858032227
0.024487702175974846,17.61,16.15740203857422,10196,179231,179332,-0.11014114320278168,5095,0.0005,0.49,35,-21.692152269999998,0.11334221065044403
0.0238861832767725,17.64,17.13814926147461,10200,179305,179406,-0.09240888059139252,5097,0.0005,0.47,35,-22.26590564,0.1687552034854889
0.02333630993962288,17.73,16.453025817871094,10204,179385,179486,-0.10647734999656677,5098,0.0005,0.48,35,-21.921674789999997,1.1334455013275146
0.022967565804719925,17.84,16.855045318603516,10208,179463,179564,-0.37269431352615356,5100,0.0005,0.47,35,-22.317508719999996,0.24103762209415436
0.022494405508041382,17.89,18.022098541259766,10212,179536,179637,0.1461164951324463,5102,0.0005,0.46,35,-22.581531199999993,0.087006576359272
0.023013120517134666,17.95,17.326513290405273,10216,179600,179701,0.0049262940883636475,5104,0.0005,0.47,35,-22.05782148,0.15639376640319824
0.023070048540830612,18.02,16.708354949951172,10220,179680,179781,-0.4663040339946747,5105,0.0005,0.47,35,-21.980153329999997,0.16242265701293945
0.022792045027017593,17.89,18.715007781982422,10224,179736,179837,0.4251145124435425,5107,0.0005,0.48,35,-21.601309529999995,0.15305742621421814
0.022656437009572983,17.99,18.701480865478516,10228,179813,179914,-0.4610658288002014,5109,0.0005,0.49,35,-21.24873208,0.680565595626831
0.022455552592873573,18.15,16.753963470458984,10232,179884,179985,0.48574182391166687,5111,0.0005,0.5,35,-21.020265139999996,0.22039198875427246
0.02307569980621338,17.95,17.547969818115234,10236,179943,180044,0.6916203498840332,5128,0.0005,0.49,35,-21.32105453,0.044414833188056946
0.022601336240768433,17.91,17.898012161254883,10240,180025,180126,-0.21613408625125885,5130,0.0005,0.52,35,-20.612625010000002,0.1586569845676422
0.02250315435230732,17.84,15.538531303405762,10244,180079,180180,-0.49315810203552246,5131,0.0005,0.52,35,-20.72461071,0.1229867935180664
0.022268112748861313,17.56,17.131969451904297,10248,180136,180237,-0.27606716752052307,5133,0.0005,0.53,35,-20.23079615,1.5903598070144653
0.02223113365471363,17.72,16.810867309570312,10252,180213,180314,0.28712719678878784,5135,0.0005,0.53,35,-20.29730607,0.6929574012756348
0.022553808987140656,17.93,17.798748016357422,10256,180300,180401,0.3940191864967346,5137,0.0005,0.54,35,-20.06960537,0.0845249816775322
0.02248978428542614,17.84,16.50974464416504,10260,180363,180464,0.250312477350235,5139,0.0005,0.54,35,-20.34435561,0.6225879192352295
0.02233121171593666,17.7,18.057954788208008,10264,180427,180528,-0.6273196935653687,5141,0.0005,0.52,35,-20.79168848,0.19186289608478546
0.021915102377533913,17.75,17.46597671508789,10268,180508,180609,-0.0768764317035675,5143,0.0005,0.52,35,-20.68820736,0.11078079044818878
0.022012708708643913,17.56,17.264671325683594,10272,180574,180675,0.10622991621494293,5145,0.0005,0.53,35,-20.47748726,0.3102916479110718
0.021473489701747894,17.39,16.840389251708984,10276,180626,180727,-0.30302223563194275,5146,0.0005,0.52,35,-20.784489490000002,1.7351741790771484
0.021466245874762535,17.21,16.606178283691406,10280,180686,180787,0.28247523307800293,5147,0.0005,0.51,35,-21.01098237,0.10080258548259735
0.021403038874268532,17.12,17.640277862548828,10284,180741,180842,0.45690611004829407,5149,0.0005,0.51,35,-21.05012265,0.044069740921258926
0.021424610167741776,17.12,18.42919158935547,10288,180802,180903,0.3166704475879669,5150,0.0005,0.51,35,-21.050579369999994,0.12240561842918396
0.021438131108880043,17.24,17.8687744140625,10292,180884,180985,0.036749690771102905,5152,0.0005,0.53,35,-20.28430182,0.08673639595508575
0.02150040492415428,17.05,19.614587783813477,10296,180936,181037,0.2774381637573242,5154,0.0005,0.52,35,-20.50945617,0.12985846400260925
0.021591169759631157,16.95,17.60940933227539,10300,181000,181101,-0.1363438218832016,5155,0.0005,0.52,35,-20.513123489999998,0.2113635241985321
0.021537739783525467,16.96,16.603256225585938,10304,181081,181182,0.2942019999027252,5158,0.0005,0.54,35,-19.958415829999996,0.17034225165843964
0.021320870146155357,16.94,17.338809967041016,10308,181157,181258,-0.27480795979499817,5160,0.0005,0.53,35,-20.29313509,0.14791379868984222
0.02086489088833332,16.87,17.193073272705078,10312,181223,181324,0.04584704339504242,5161,0.0005,0.54,35,-19.87390979,0.116788350045681
0.020941566675901413,17.01,18.520973205566406,10316,181301,181402,0.20259767770767212,5164,0.0005,0.54,35,-20.053656590000003,0.17946863174438477
0.020798085257411003,16.91,15.101511001586914,10320,181371,181472,0.12786069512367249,5166,0.0005,0.53,35,-20.30258731,1.195820689201355
0.02149849757552147,17.23,15.344854354858398,10324,181459,181560,0.27049779891967773,5168,0.0005,0.53,35,-20.46751928,0.2144288569688797
0.02140234038233757,17.08,17.192766189575195,10328,181521,181622,0.4698353409767151,5170,0.0005,0.52,35,-20.64701614,0.8639000058174133
0.02159145101904869,16.99,18.02153205871582,10332,181583,181684,-0.4875946044921875,5171,0.0005,0.51,35,-20.91822667,0.07335014641284943
0.021380910649895668,17.11,17.598583221435547,10336,181654,181755,0.6137634515762329,5173,0.0005,0.49,35,-21.47196136,0.7249040603637695
0.021362144500017166,17.0,18.358898162841797,10340,181725,181826,0.37822481989860535,5175,0.0005,0.48,35,-21.75673273,0.08284582197666168
0.0217963308095932,17.03,17.304224014282227,10344,181782,181883,-0.5166822671890259,5176,0.0005,0.49,35,-21.423846559999998,0.09022112190723419
0.021941639482975006,17.17,17.793699264526367,10348,181853,181954,-0.18541108071804047,5178,0.0005,0.48,35,-21.738475930000003,0.1659768968820572
0.022064920514822006,17.08,18.35428237915039,10352,181921,182022,0.9252266883850098,5180,0.0005,0.47,35,-21.932662190000002,0.06397701799869537
0.022305037826299667,16.79,17.226150512695312,10356,181979,182080,-0.9922406673431396,5181,0.0005,0.46,35,-22.170954660000003,0.04328019171953201
0.021959831938147545,17.02,16.7457275390625,10360,182065,182166,0.3822052478790283,5184,0.0005,0.48,35,-21.524475790000007,0.08015735447406769
0.02195877395570278,17.02,16.984638214111328,10364,182129,182230,0.050973229110240936,5185,0.0005,0.49,35,-21.20276003,0.5910632014274597
0.021792564541101456,16.82,17.447734832763672,10368,182190,182291,0.19875329732894897,5187,0.0005,0.49,35,-21.236092520000003,0.10641196370124817
0.021686378866434097,16.78,18.737300872802734,10372,182252,182353,0.7148612141609192,5188,0.0005,0.47,35,-21.836863100000002,0.10917270928621292
0.021662522107362747,16.88,15.730026245117188,10376,182314,182415,-1.0734721422195435,5190,0.0005,0.48,35,-21.552733189999994,0.9181382656097412
0.021551094949245453,17.07,16.257034301757812,10380,182393,182494,0.4474032521247864,5192,0.0005,0.48,35,-21.542287469999998,0.41497012972831726
0.021432213485240936,17.26,16.44325828552246,10384,182467,182568,-0.41457876563072205,5194,0.0005,0.47,35,-21.713132929999997,0.11023327708244324
0.021751079708337784,17.33,17.865943908691406,10388,182535,182636,0.04542209208011627,5196,0.0005,0.46,35,-21.901980339999994,0.31481391191482544
0.021818896755576134,17.35,17.02381134033203,10392,182619,182720,-0.12355633080005646,5199,0.0005,0.45,35,-22.270291990000004,0.4595334231853485
0.02216147631406784,17.54,17.52267074584961,10396,182690,182791,-0.004283994436264038,5200,0.0005,0.46,35,-22.12760891,0.0964163988828659
0.022179409861564636,17.44,17.44366455078125,10400,182744,182845,-0.19686898589134216,5202,0.0005,0.47,35,-21.78764087,0.9361625909805298
0.02220212295651436,17.36,16.40990447998047,10404,182817,182918,0.8103124499320984,5204,0.0005,0.45,35,-22.435075539999993,0.7589941024780273
0.021981649100780487,17.22,18.337467193603516,10408,182879,182980,-0.2937699258327484,5205,0.0005,0.45,35,-22.484051309999998,2.419193744659424
0.02139398455619812,17.19,18.024850845336914,10412,182942,183043,0.4804544448852539,5207,0.0005,0.44,35,-22.962669530000003,0.3401811420917511
0.021275248378515244,17.06,17.886253356933594,10416,183007,183108,0.35710608959198,5208,0.0005,0.44,35,-22.776631610000003,0.078859344124794
0.021374069154262543,17.11,17.20142364501953,10420,183082,183183,-0.1099378690123558,5211,0.0005,0.42,35,-23.314502639999997,0.23433011770248413
0.021406179293990135,16.84,17.501846313476562,10424,183143,183244,-0.5734876394271851,5212,0.0005,0.41,35,-23.620032709999997,0.04591750353574753
0.021396249532699585,16.93,19.440723419189453,10428,183214,183315,0.21125930547714233,5214,0.0005,0.41,35,-23.62209884,0.23353034257888794
0.021045465022325516,16.82,15.774914741516113,10432,183265,183366,0.2797355651855469,5216,0.0005,0.4,35,-23.91017388,0.043949320912361145
0.0217756275087595,16.71,17.529542922973633,10436,183325,183426,-0.410434365272522,5217,0.0005,0.42,35,-23.36702482,0.07223793864250183
0.021739643067121506,16.67,18.37822151184082,10440,183392,183493,-0.11074851453304291,5219,0.0005,0.4,35,-23.90291982,0.05879060551524162
0.02149113453924656,16.71,16.938831329345703,10444,183453,183554,0.2954064607620239,5220,0.0005,0.39,35,-24.20702192,0.7698072195053101
0.021644312888383865,16.61,17.239078521728516,10448,183514,183615,0.11265254020690918,5222,0.0005,0.39,35,-24.280517640000003,0.14567528665065765
0.02170759253203869,16.62,16.35000228881836,10452,183583,183684,-0.07832341641187668,5224,0.0005,0.39,35,-24.387208039999997,0.46913039684295654
0.0219403225928545,16.78,17.145877838134766,10456,183657,183758,-0.15933683514595032,5226,0.0005,0.42,35,-23.51443785,0.4848201274871826
0.021566370502114296,16.68,16.9068603515625,10460,183733,183834,-0.524132251739502,5228,0.0005,0.4,35,-24.087884480000003,0.0840386301279068
0.020650183781981468,16.81,15.959732055664062,10464,183810,183911,0.19420383870601654,5230,0.0005,0.41,35,-23.960567800000003,0.14906680583953857
0.020793311297893524,16.82,18.216102600097656,10468,183872,183973,0.25317108631134033,5231,0.0005,0.41,35,-23.982670940000002,0.14802400767803192
0.020625039935112,16.89,17.61105728149414,10472,183941,184042,0.11634902656078339,5233,0.0005,0.43,35,-23.26794311,0.34790366888046265
0.021171240136027336,17.09,18.506309509277344,10476,184023,184124,0.11397475004196167,5235,0.0005,0.42,35,-23.424201990000007,1.8639678955078125
0.021466117352247238,16.96,16.86468505859375,10480,184089,184190,-0.6827861666679382,5237,0.0005,0.44,35,-22.779620240000003,1.0993069410324097
0.02175031788647175,16.96,17.3284912109375,10484,184163,184264,0.10265922546386719,5239,0.0005,0.47,35,-22.119913070000006,0.08690271526575089
0.021630337461829185,16.79,17.74280548095703,10488,184214,184315,-0.25833287835121155,5241,0.0005,0.47,35,-22.128141039999996,0.07597143948078156
0.0212309118360281,16.76,16.18353843688965,10492,184295,184396,-0.8722717761993408,5243,0.0005,0.46,35,-22.45552641,0.2563577890396118
0.021238155663013458,16.6,18.365184783935547,10496,184350,184451,0.36036449670791626,5244,0.0005,0.44,35,-22.890712160000003,0.09200742095708847
0.02138390764594078,16.79,15.684654235839844,10500,184423,184524,-0.32619035243988037,5246,0.0005,0.45,35,-22.518110709999995,0.3444739580154419
0.021078070625662804,16.69,17.014516830444336,10504,184486,184587,-0.9249714016914368,5248,0.0005,0.43,35,-23.047660299999993,0.0861673429608345
0.02167198807001114,16.68,16.558895111083984,10508,184547,184648,1.2344400882720947,5250,0.0005,0.44,35,-22.608028410000003,0.5552467107772827
0.021698351949453354,16.81,18.01407241821289,10512,184623,184724,0.16954568028450012,5252,0.0005,0.44,35,-22.47253105,0.29237836599349976
0.021596910431981087,16.8,16.122621536254883,10516,184687,184788,0.34969186782836914,5253,0.0005,0.43,35,-23.061000800000002,0.28116559982299805
0.021359430626034737,16.84,18.187610626220703,10520,184766,184867,0.25871679186820984,5256,0.0005,0.45,35,-22.53855856,0.10276627540588379
0.020861778408288956,16.86,17.773954391479492,10524,184829,184930,0.09815216064453125,5257,0.0005,0.46,35,-22.202946059999995,0.5056573152542114
0.02118765562772751,16.81,17.120094299316406,10528,184895,184996,0.6091935634613037,5259,0.0005,0.46,35,-22.36229021,0.13070239126682281
0.02129179611802101,17.01,16.581113815307617,10532,184966,185067,0.3346364498138428,5261,0.0005,0.47,35,-22.234190169999998,0.06200835853815079
0.021020572632551193,17.21,16.830554962158203,10536,185046,185147,0.19373780488967896,5263,0.0005,0.47,35,-22.087121679999996,0.15652723610401154
0.020558403804898262,17.29,18.23577880859375,10540,185121,185222,-1.0185089111328125,5265,0.0005,0.48,35,-21.932555099999995,0.1838781237602234
0.020108452066779137,17.39,15.980727195739746,10544,185192,185293,-0.21823650598526,5267,0.0005,0.47,35,-22.424572780000002,0.27671995759010315
0.01986386440694332,17.46,17.498037338256836,10548,185260,185361,-0.4907541275024414,5269,0.0005,0.46,35,-22.673356899999998,0.16694140434265137
0.01999671384692192,17.44,17.32134246826172,10552,185327,185428,-0.2783382833003998,5271,0.0005,0.47,35,-22.35773782,0.3090013861656189
0.020017893984913826,17.42,17.882747650146484,10556,185399,185500,-0.7330361604690552,5273,0.0005,0.46,35,-22.67595619,0.2999793291091919
0.019986532628536224,17.17,16.4049072265625,10560,185450,185551,-0.1501055657863617,5275,0.0005,0.46,35,-22.50602456,0.09742669761180878
0.020587604492902756,17.05,18.028076171875,10564,185515,185616,0.7294149398803711,5276,0.0005,0.46,35,-22.333964069999997,0.627568781375885
0.02034151181578636,17.15,16.964378356933594,10568,185587,185688,0.11393360048532486,5279,0.0005,0.44,35,-23.02629663999999,0.12967988848686218
0.02046911045908928,17.1,18.104507446289062,10572,185651,185752,0.3833596706390381,5280,0.0005,0.44,35,-22.90881894,0.07731862366199493
0.020607206970453262,17.08,17.016443252563477,10576,185731,185832,0.9095332622528076,5283,0.0005,0.45,35,-22.73422593,1.0005664825439453
0.02082192152738571,17.03,16.447587966918945,10580,185792,185893,0.4111317992210388,5284,0.0005,0.41,35,-23.8057416,0.49466127157211304
0.021127911284565926,16.93,16.65975570678711,10584,185856,185957,0.2894526720046997,5286,0.0005,0.4,35,-24.005751869999997,0.030038384720683098
0.021550849080085754,17.23,18.35784912109375,10588,185937,186038,0.09807251393795013,5288,0.0005,0.43,35,-23.24046786,0.07118426263332367
0.0220288448035717,17.26,15.586421966552734,10592,186021,186122,-0.6941704750061035,5290,0.0005,0.45,35,-22.701660530000005,1.023781180381775
0.02175196073949337,17.4,17.55404281616211,10596,186090,186191,0.625667929649353,5292,0.0005,0.45,35,-22.710671119999994,0.347864031791687
0.02201901748776436,17.3,17.295269012451172,10600,186153,186254,-0.23494134843349457,5293,0.0005,0.43,35,-23.25617119,0.12919729948043823
0.02237747237086296,17.39,17.230783462524414,10604,186225,186326,0.25757119059562683,5295,0.0005,0.45,35,-22.57844249,0.3787541091442108
0.022463535889983177,17.51,16.47885513305664,10608,186298,186399,-0.4438801109790802,5297,0.0005,0.45,35,-22.589356040000002,1.248990774154663
0.022488674148917198,17.51,18.783906936645508,10612,186374,186475,-0.08944602310657501,5299,0.0005,0.45,35,-22.646954580000003,0.5379663705825806
0.022792603820562363,17.57,16.15985679626465,10616,186444,186545,0.463091105222702,5301,0.0005,0.46,35,-22.114734090000002,0.3649015426635742
0.023308774456381798,17.56,17.364757537841797,10620,186522,186623,0.5100978016853333,5302,0.0005,0.46,35,-22.18250378,0.04473713040351868
0.02346845157444477,17.71,16.57449722290039,10624,186600,186701,-0.19041147828102112,5304,0.0005,0.46,35,-22.268486859999992,1.5307950973510742
0.0234022606164217,17.57,17.084178924560547,10628,186652,186753,-0.23756137490272522,5305,0.0005,0.46,35,-22.091707019999998,0.837195873260498
0.02311393991112709,17.53,16.810829162597656,10632,186719,186820,0.07027816772460938,5307,0.0005,0.45,35,-22.28308643999999,0.16988034546375275
0.02293478138744831,17.35,17.667007446289062,10636,186781,186882,-0.6207771897315979,5309,0.0005,0.43,35,-22.96766029999999,0.11023318022489548
0.022168446332216263,17.46,16.75823211669922,10640,186867,186968,0.24191024899482727,5311,0.0005,0.42,35,-22.990281050000004,0.144245907664299
0.02233615331351757,17.51,16.670310974121094,10644,186943,187044,-0.9171344637870789,5312,0.0005,0.43,35,-22.678960770000007,0.10204505920410156
0.02224576286971569,17.54,15.682052612304688,10648,187014,187115,-0.2580071985721588,5314,0.0005,0.42,35,-23.052318090000004,0.18507498502731323
0.0223550982773304,17.58,17.73194122314453,10652,187085,187186,-0.3500813841819763,5316,0.0005,0.41,35,-23.51492974,0.1872609257698059
0.02209446392953396,17.6,16.758859634399414,10656,187159,187260,0.3448241353034973,5317,0.0005,0.41,35,-23.398753990000003,0.9078848958015442
0.02195942960679531,17.64,17.751358032226562,10660,187214,187315,0.022930912673473358,5319,0.0005,0.41,35,-23.532822330000002,0.09733549505472183
0.021784082055091858,17.54,17.545333862304688,10664,187269,187370,0.16860778629779816,5320,0.0005,0.38,35,-24.525390259999998,0.3040837347507477
0.021995745599269867,17.53,16.625892639160156,10668,187340,187441,0.6800777316093445,5322,0.0005,0.41,35,-23.519672380000003,0.9085571765899658
0.02259514480829239,17.62,17.6135311126709,10672,187413,187514,-0.466823935508728,5324,0.0005,0.4,35,-23.921494189999997,0.30566728115081787
0.02259637415409088,17.63,18.233505249023438,10676,187494,187595,-0.07757362723350525,5326,0.0005,0.41,35,-23.663038259999997,0.4282708168029785
0.022193560376763344,17.83,18.048858642578125,10680,187575,187676,-0.6377040147781372,5328,0.0005,0.43,35,-23.114743050000005,0.08608275651931763
0.021955043077468872,17.91,18.39473533630371,10684,187647,187748,-0.6935974359512329,5330,0.0005,0.43,35,-23.165570410000004,0.099643275141716
0.02199053391814232,17.88,17.19106674194336,10688,187725,187826,-0.5295395255088806,5332,0.0005,0.42,35,-23.4862093,0.09412039816379547
0.021940050646662712,17.58,19.368968963623047,10692,187779,187880,0.4387577474117279,5333,0.0005,0.41,35,-23.550988960000005,0.8121070265769958
0.022036217153072357,17.61,17.10892677307129,10696,187851,187952,-0.11260896921157837,5335,0.0005,0.4,35,-23.81744592,0.06933803856372833
0.02208259329199791,17.62,18.335966110229492,10700,187915,188016,-0.03932812809944153,5337,0.0005,0.41,35,-23.562367729999995,0.13478563725948334
0.022147176787257195,17.56,17.867454528808594,10704,187981,188082,0.17887970805168152,5339,0.0005,0.4,35,-23.890897410000008,0.1698310673236847
0.021836185827851295,17.48,14.8167142868042,10708,188046,188147,-0.4890308976173401,5340,0.0005,0.39,35,-24.16163982,0.13247933983802795
0.022000230848789215,17.4,16.878013610839844,10712,188114,188215,-0.537501871585846,5342,0.0005,0.39,35,-24.061689079999994,0.2208951860666275
0.0221552774310112,17.51,16.444135665893555,10716,188195,188296,0.2564955949783325,5344,0.0005,0.41,35,-23.648128400000004,0.3487251400947571
0.022415440529584885,17.5,17.36979866027832,10720,188272,188373,-1.1170203685760498,5346,0.0005,0.42,35,-23.430389369999993,0.046429991722106934
0.021946914494037628,17.39,17.198749542236328,10724,188339,188440,-0.07750535756349564,5347,0.0005,0.4,35,-23.838102399999997,0.14500510692596436
0.021969860419631004,17.58,16.23748779296875,10728,188410,188511,-0.5346956253051758,5349,0.0005,0.41,35,-23.554934869999997,0.17519904673099518
0.021268868818879128,17.65,18.164419174194336,10732,188484,188585,0.16129915416240692,5351,0.0005,0.41,35,-23.58316872,0.031807009130716324
0.020918812602758408,17.65,16.974655151367188,10736,188546,188647,-0.00895286351442337,5352,0.0005,0.44,35,-22.713775739999996,0.3406049609184265
0.02124546468257904,17.43,17.808853149414062,10740,188610,188711,0.3864819407463074,5354,0.0005,0.44,35,-22.857869720000004,0.554225742816925
0.02145989052951336,17.26,16.483280181884766,10744,188669,188770,0.08313371241092682,5355,0.0005,0.44,35,-22.74396408,0.5012131929397583
0.021554291248321533,17.31,17.860294342041016,10748,188745,188846,0.23510345816612244,5357,0.0005,0.44,35,-22.7204725,0.4260292649269104
0.021166929975152016,17.14,17.02063751220703,10752,188799,188900,0.4311169385910034,5359,0.0005,0.45,35,-22.17495449,0.4001498222351074
0.021502701565623283,17.09,17.119386672973633,10756,188868,188969,0.17057980597019196,5361,0.0005,0.44,35,-22.575484650000003,0.4601566195487976
0.0213428046554327,17.19,17.817920684814453,10760,188933,189034,-0.0821739211678505,5362,0.0005,0.44,35,-22.482548319999996,0.06770836561918259
0.021441733464598656,17.36,17.294261932373047,10764,189005,189106,-0.08228220045566559,5364,0.0005,0.46,35,-21.83399144,0.08281616866588593
0.02137403003871441,17.35,15.591246604919434,10768,189075,189176,-0.8498367667198181,5366,0.0005,0.45,35,-22.072134039999995,1.3544130325317383
0.02092793956398964,17.21,15.938089370727539,10772,189134,189235,0.08992355316877365,5367,0.0005,0.46,35,-21.863590890000005,0.05290105566382408
0.021011844277381897,17.05,15.843262672424316,10776,189199,189300,0.39833682775497437,5369,0.0005,0.43,35,-22.722453209999998,0.3899533748626709
0.021310700103640556,16.94,15.617862701416016,10780,189269,189370,0.1677023023366928,5371,0.0005,0.43,35,-22.778303100000002,0.09306620806455612
0.02160668931901455,16.92,17.192413330078125,10784,189339,189440,0.501705527305603,5372,0.0005,0.43,35,-22.775943730000005,0.07633316516876221
0.021600132808089256,16.78,17.887248992919922,10788,189403,189504,0.08637642115354538,5374,0.0005,0.42,35,-22.800487359999998,0.05966140329837799
0.02165387198328972,16.82,16.65648078918457,10792,189461,189562,-0.3192911148071289,5375,0.0005,0.43,35,-22.54825698,0.2279435396194458
0.021041924133896828,16.95,16.71614646911621,10796,189546,189647,-0.2671125531196594,5377,0.0005,0.44,35,-22.354717640000004,0.23013125360012054
0.02178569696843624,17.0,18.31876564025879,10800,189615,189716,0.5652978420257568,5379,0.0005,0.44,35,-22.36174593,1.7845635414123535
0.02203630656003952,17.13,16.570079803466797,10804,189694,189795,0.11775168031454086,5381,0.0005,0.44,35,-22.204376410000005,0.4267728626728058
0.02235485427081585,17.29,16.861621856689453,10808,189775,189876,-0.2843559980392456,5383,0.0005,0.47,35,-21.435304780000003,0.06536780297756195
0.02192305214703083,17.28,15.337759017944336,10812,189842,189943,0.11804243922233582,5385,0.0005,0.47,35,-21.495670170000004,0.6412386298179626
0.021641520783305168,17.16,17.123600006103516,10816,189911,190012,-0.39575693011283875,5408,0.0005,0.47,35,-21.39566055,0.11327789723873138
0.021437129005789757,17.12,17.50794792175293,10820,189984,190085,0.3586016297340393,5409,0.0005,0.45,35,-21.921190820000003,1.060414433479309
0.020929478108882904,17.15,16.81432342529297,10824,190054,190155,-0.16130360960960388,5411,0.0005,0.47,35,-21.463339700000002,0.06598818302154541
0.0209349412471056,17.1,17.2496395111084,10828,190120,190221,0.6009721159934998,5413,0.0005,0.47,35,-21.649364799999997,0.11272764205932617
0.02065848559141159,17.21,16.658302307128906,10832,190205,190306,-0.7086007595062256,5415,0.0005,0.49,35,-21.170795789999996,0.07104727625846863
0.02050897665321827,17.26,17.972702026367188,10836,190272,190373,0.450227826833725,5417,0.0005,0.48,35,-21.540143410000006,0.2293700873851776
0.020737091079354286,17.41,18.24807357788086,10840,190351,190452,-0.37593138217926025,5419,0.0005,0.5,35,-21.02979962,0.3240131735801697
0.02051430195569992,17.58,18.137409210205078,10844,190427,190528,-0.6579757928848267,5421,0.0005,0.5,35,-20.95647952,0.10820773243904114
0.020570548251271248,17.58,17.636316299438477,10848,190503,190604,0.8458077311515808,5423,0.0005,0.53,35,-20.1965168,0.2676781713962555
0.021137826144695282,17.82,15.891926765441895,10852,190581,190682,0.20987148582935333,5425,0.0005,0.52,35,-20.434142729999998,0.08953668922185898
0.021399253979325294,17.86,16.77056121826172,10856,190654,190755,-0.582734227180481,5427,0.0005,0.52,35,-20.29759736,0.30659157037734985
0.021226543933153152,17.93,16.88779067993164,10860,190726,190827,0.23158115148544312,5429,0.0005,0.52,35,-20.429876290000003,0.05583908408880234
0.02099146507680416,17.93,18.10088348388672,10864,190798,190899,0.8074092864990234,5431,0.0005,0.52,35,-20.352752820000003,0.10417259484529495
0.02130720391869545,17.77,15.371241569519043,10868,190852,190953,-0.4141703248023987,5432,0.0005,0.52,35,-20.37359236,0.517294704914093
0.021218841895461082,17.84,17.568645477294922,10872,190918,191019,0.1531030833721161,5434,0.0005,0.52,35,-20.423077490000004,0.243991419672966
0.021348075941205025,17.78,18.514095306396484,10876,190977,191078,0.6166350841522217,5436,0.0005,0.52,35,-20.393608890000003,0.445313960313797
0.02142452821135521,17.77,17.078041076660156,10880,191046,191147,0.011931940913200378,5438,0.0005,0.5,35,-20.792179729999997,0.4219815135002136
0.021180124953389168,17.83,17.15165901184082,10884,191122,191223,-0.08296409249305725,5440,0.0005,0.5,35,-20.92106491,0.1158880963921547
0.021286699920892715,17.83,18.167404174804688,10888,191186,191287,0.10942606627941132,5442,0.0005,0.51,35,-20.719055909999998,0.23289600014686584
0.021280869841575623,17.91,17.32651138305664,10892,191252,191353,0.22259683907032013,5444,0.0005,0.5,35,-21.12403629,0.37935397028923035
0.02118116244673729,17.68,17.515949249267578,10896,191314,191415,0.4488959312438965,5445,0.0005,0.51,35,-20.89540807,0.05193391442298889
0.0210653655230999,17.66,15.919275283813477,10900,191381,191482,-0.21055056154727936,5447,0.0005,0.52,35,-20.71486381,0.10835232585668564
0.02150881662964821,17.63,17.30220603942871,10904,191457,191558,-0.46149253845214844,5449,0.0005,0.53,35,-20.682919750000007,0.049258314073085785
0.021421091631054878,17.52,16.738603591918945,10908,191527,191628,0.7105492353439331,5451,0.0005,0.5,35,-21.443246070000004,0.13251404464244843
0.021879591047763824,17.57,16.956912994384766,10912,191599,191700,0.6611253023147583,5453,0.0005,0.52,35,-20.917147620000005,1.4205210208892822
0.02268936298787594,17.64,18.84298324584961,10916,191675,191776,0.6645112037658691,5455,0.0005,0.51,35,-21.341512030000004,0.4834716320037842
0.022889358922839165,17.63,17.32498550415039,10920,191747,191848,0.9044985771179199,5457,0.0005,0.52,35,-20.898265660000003,0.08553044497966766
0.022951727733016014,17.78,18.06822395324707,10924,191832,191933,-0.7735452651977539,5459,0.0005,0.51,35,-21.22274191,0.08027452230453491
0.022718338295817375,17.82,17.816844940185547,10928,191902,192003,0.028215304017066956,5461,0.0005,0.5,35,-21.61562156,0.09329131990671158
0.02250554785132408,17.72,17.196086883544922,10932,191977,192078,-0.3340167701244354,5463,0.0005,0.49,35,-21.892136139999998,0.10328416526317596
0.02207363396883011,17.63,17.17267608642578,10936,192035,192136,-0.38455846905708313,5464,0.0005,0.49,35,-21.846840850000003,0.2818864583969116
0.02217588759958744,17.52,17.587963104248047,10940,192103,192204,0.2676027715206146,5466,0.0005,0.49,35,-21.79268075,0.0809149369597435
0.021844172850251198,17.39,16.079784393310547,10944,192166,192267,0.07929957658052444,5468,0.0005,0.5,35,-21.528953459999997,0.12947297096252441
0.022120032459497452,17.32,17.84252166748047,10948,192235,192336,-0.7049729228019714,5470,0.0005,0.49,35,-21.83345081,0.2695774435997009
0.022375205531716347,17.26,17.563514709472656,10952,192307,192408,-0.048105835914611816,5471,0.0005,0.51,35,-21.363608139999997,0.19694586098194122
0.02258484810590744,17.16,18.077186584472656,10956,192370,192471,-0.20987476408481598,5473,0.0005,0.52,35,-21.18053132,0.07577426731586456
0.02284586802124977,17.06,16.011032104492188,10960,192432,192533,0.19703689217567444,5475,0.0005,0.52,35,-21.171652900000005,0.17433679103851318
0.023180920630693436,17.13,16.374589920043945,10964,192511,192612,-0.11941789090633392,5477,0.0005,0.51,35,-21.436947789999998,1.8123241662979126
0.023286299780011177,17.35,16.9294376373291,10968,192587,192688,0.7918702363967896,5479,0.0005,0.53,35,-20.954562819999996,0.14404426515102386
0.023144930601119995,17.4,17.10451889038086,10972,192658,192759,0.3368780016899109,5480,0.0005,0.54,35,-20.62086969,0.37606021761894226
0.02290661633014679,17.49,17.434513092041016,10976,192726,192827,0.24367322027683258,5482,0.0005,0.58,35,-19.48186099,0.15915937721729279
0.02301475591957569,17.4,16.444135665893555,10980,192786,192887,-0.7399958968162537,5484,0.0005,0.59,35,-19.272241590000004,0.12313147634267807
0.022556686773896217,17.34,17.994590759277344,10984,192856,192957,-0.5484384298324585,5486,0.0005,0.58,35,-19.42342156,0.18080666661262512
0.02213555946946144,17.38,19.121150970458984,10988,192924,193025,-0.04380042105913162,5487,0.0005,0.57,35,-19.8830938,0.32859566807746887
0.02273452840745449,17.5,16.83257293701172,10992,193002,193103,-0.4357030689716339,5489,0.0005,0.58,35,-19.610733459999995,0.06220696121454239
0.023144759237766266,17.63,17.60468292236328,10996,193077,193178,0.6845859289169312,5492,0.0005,0.58,35,-19.56740695,0.11428024619817734
0.023043008521199226,17.72,17.608440399169922,11000,193153,193254,-0.4644230604171753,5494,0.0005,0.59,35,-19.2570685,0.16865891218185425
0.022672835737466812,17.66,17.95603370666504,11004,193223,193324,-0.33774614334106445,5496,0.0005,0.58,35,-19.59861717,1.6523537635803223
0.02232467569410801,17.65,18.259723663330078,11008,193292,193393,0.1726256012916565,5497,0.0005,0.57,35,-20.176047110000003,0.3081895709037781
0.02225811965763569,17.64,15.586849212646484,11012,193363,193464,-1.2693711519241333,5499,0.0005,0.55,35,-20.602395299999998,0.829920768737793
0.021974479779601097,17.47,18.139202117919922,11016,193422,193523,-1.0770924091339111,5501,0.0005,0.52,35,-21.23563209,0.08711111545562744
0.021843766793608665,17.27,16.7281494140625,11020,193474,193575,0.8137813806533813,5502,0.0005,0.52,35,-21.34035425,0.5314569473266602
0.021978888660669327,17.1,17.440813064575195,11024,193542,193643,0.42798247933387756,5504,0.0005,0.51,35,-21.430947059999998,0.4479719400405884
0.021864531561732292,17.11,16.902589797973633,11028,193613,193714,-0.09394977986812592,5505,0.0005,0.53,35,-20.730933130000004,0.11263319104909897
0.02187148667871952,17.04,16.350505828857422,11032,193681,193782,-0.5551286935806274,5507,0.0005,0.53,35,-20.53614777,0.22294214367866516
0.021220415830612183,17.34,15.689335823059082,11036,193769,193870,-0.578499436378479,5510,0.0005,0.53,35,-20.460437239999997,0.05594519525766373
0.021283838897943497,17.4,17.117589950561523,11040,193843,193944,1.347684383392334,5512,0.0005,0.53,35,-20.35959142,0.504366934299469
0.021427061408758163,17.47,18.395015716552734,11044,193913,194014,0.8910131454467773,5514,0.0005,0.52,35,-20.55226783,0.0691971629858017
0.021628284826874733,17.58,16.220417022705078,11048,193993,194094,0.37223055958747864,5516,0.0005,0.54,35,-19.92659024,0.08997438848018646
0.022433964535593987,17.67,17.22140121459961,11052,194074,194175,-0.4208228290081024,5518,0.0005,0.55,35,-19.72660444,0.2719218134880066
0.022217946127057076,17.75,17.885295867919922,11056,194145,194246,-0.2382148802280426,5520,0.0005,0.55,35,-19.69108784,0.03671005368232727
0.02173609845340252,17.79,18.099727630615234,11060,194211,194312,-1.039462685585022,5522,0.0005,0.58,35,-18.7401993,0.0454370453953743
0.021201269701123238,17.61,17.270177841186523,11064,194272,194373,-0.3509649634361267,5524,0.0005,0.58,35,-18.83733656,0.20161238312721252
0.021586427465081215,17.7,15.305290222167969,11068,194357,194458,0.4056539535522461,5526,0.0005,0.56,35,-19.46520963,0.7448768615722656
0.021969739347696304,17.72,17.50910186767578,11072,194430,194531,-0.4041129946708679,5529,0.0005,0.55,35,-19.551251060000002,0.4361252188682556
0.021624382585287094,17.69,15.331903457641602,11076,194495,194596,-0.2379930019378662,5530,0.0005,0.53,35,-20.09264543,0.30135470628738403
0.021380441263318062,17.75,17.755891799926758,11080,194561,194662,0.4068405032157898,5532,0.0005,0.54,35,-20.038805470000003,0.0573132261633873
0.02155185118317604,17.84,16.826704025268555,11084,194640,194741,-0.3917999863624573,5534,0.0005,0.54,35,-20.116792420000003,2.556375026702881
0.021789629012346268,17.78,18.435157775878906,11088,194702,194803,0.031972333788871765,5536,0.0005,0.54,35,-19.92707618,0.08314545452594757
0.021862154826521873,17.64,16.849136352539062,11092,194766,194867,0.08378595113754272,5538,0.0005,0.51,35,-20.67654645,0.09082582592964172
0.022076398134231567,17.66,17.52851104736328,11096,194843,194944,0.5307689905166626,5540,0.0005,0.51,35,-20.680473590000002,0.2970581650733948
0.021835118532180786,17.69,16.013748168945312,11100,194922,195023,-0.343478798866272,5543,0.0005,0.5,35,-20.983386059999997,0.33586299419403076
0.021794963628053665,17.61,15.420429229736328,11104,194984,195085,0.03120693564414978,5544,0.0005,0.52,35,-20.22159443,0.5564008951187134
0.021891262382268906,17.67,16.839475631713867,11108,195059,195160,-0.485269695520401,5547,0.0005,0.53,35,-19.64424929,0.08267997205257416
0.022009478881955147,17.6,17.6878662109375,11112,195123,195224,-0.7632526159286499,5548,0.0005,0.54,35,-19.374919170000002,0.11792773008346558
0.021611934527754784,17.74,17.531129837036133,11116,195196,195297,-0.2595076262950897,5550,0.0005,0.56,35,-18.78758939,0.1886650174856186
0.02147790789604187,18.03,17.206451416015625,11120,195277,195378,0.9831508994102478,5553,0.0005,0.58,35,-18.274780110000002,1.5881510972976685
0.021468298509716988,18.02,18.309099197387695,11124,195344,195445,0.9859762191772461,5555,0.0005,0.59,35,-18.194129240000006,0.07058647274971008
0.02118813246488571,18.05,17.852550506591797,11128,195418,195519,0.1469351053237915,5557,0.0005,0.59,35,-18.065879849999998,0.08353988826274872
0.02119837887585163,18.11,17.490083694458008,11132,195492,195593,0.06733763217926025,5559,0.0005,0.59,35,-18.261036839999996,0.38601869344711304
0.021643992513418198,17.86,16.515413284301758,11136,195555,195656,-0.6787664294242859,5560,0.0005,0.6,35,-17.92314024,0.381184846162796
0.021978264674544334,17.86,18.327388763427734,11140,195629,195730,-0.2619951367378235,5562,0.0005,0.58,35,-18.53101984,0.04304260015487671
0.021882615983486176,17.83,17.1639404296875,11144,195696,195797,0.5209643244743347,5564,0.0005,0.58,35,-18.647530760000002,0.16506075859069824
0.02170219086110592,17.72,17.295310974121094,11148,195765,195866,0.07792244106531143,5566,0.0005,0.55,35,-19.40491235,0.20420044660568237
0.021641071885824203,17.62,17.17396354675293,11152,195836,195937,0.5971069931983948,5568,0.0005,0.54,35,-19.666786950000002,0.2148432731628418
0.02199563756585121,17.67,15.799994468688965,11156,195912,196013,0.07431907951831818,5570,0.0005,0.53,35,-19.99634241,1.6982396841049194
0.0223504900932312,17.69,15.041641235351562,11160,195980,196081,0.6082178354263306,5572,0.0005,0.52,35,-20.20745696,0.2525312304496765
0.022542262449860573,17.69,17.491321563720703,11164,196041,196142,0.8321915864944458,5574,0.0005,0.53,35,-19.89322288,1.4848986864089966
0.02283347398042679,17.56,16.843223571777344,11168,196113,196214,0.5450016260147095,5576,0.0005,0.54,35,-19.513780730000004,0.11744481325149536
0.023335324600338936,17.5,18.945453643798828,11172,196180,196281,-0.04250914230942726,5578,0.0005,0.53,35,-19.97723536,0.1542627066373825
0.023208294063806534,17.49,16.89736557006836,11176,196244,196345,-0.5481510758399963,5579,0.0005,0.53,35,-19.90767125,0.12348569184541702
0.022805070504546165,17.57,16.947237014770508,11180,196318,196419,-0.21954026818275452,5581,0.0005,0.55,35,-19.246174720000003,0.30951428413391113
0.022546911612153053,17.3,16.798683166503906,11184,196370,196471,-0.5827581286430359,5583,0.0005,0.54,35,-19.46751963,0.05555282533168793
0.02240920253098011,17.4,17.416820526123047,11188,196442,196543,-0.9258432388305664,5585,0.0005,0.54,35,-19.551218710000004,0.045943185687065125
0.022104822099208832,17.4,17.979938507080078,11192,196506,196607,0.31980714201927185,5587,0.0005,0.57,35,-18.71795539,0.14025495946407318
0.021855810657143593,17.29,16.478939056396484,11196,196572,196673,-0.4209604859352112,5588,0.0005,0.56,35,-18.910723559999997,0.09814485907554626
0.021809203550219536,17.31,16.37217140197754,11200,196653,196754,0.7136374711990356,5591,0.0005,0.57,35,-18.65656283,0.17023082077503204
0.021671244874596596,17.5,16.351741790771484,11204,196734,196835,0.8767597675323486,5593,0.0005,0.58,35,-18.442005290000004,0.5875617265701294
0.02182595059275627,17.39,16.90038299560547,11208,196798,196899,-0.04475054144859314,5594,0.0005,0.6,35,-17.915108500000002,0.0372651107609272
0.02164255827665329,17.46,18.156238555908203,11212,196869,196970,0.2598690092563629,5596,0.0005,0.6,35,-17.88674786,0.1256939172744751
0.021746573969721794,17.37,16.3491153717041,11216,196933,197034,-0.23553356528282166,5598,0.0005,0.6,35,-17.91983613,0.10772950947284698
0.021868852898478508,17.35,17.934280395507812,11220,197012,197113,-1.3176110982894897,5600,0.0005,0.59,35,-18.17056573,0.04643063247203827
0.021334582939743996,17.33,16.779529571533203,11224,197077,197178,-0.14207696914672852,5602,0.0005,0.59,35,-17.92468759,0.2899114191532135
0.021265659481287003,17.4,17.271442413330078,11228,197158,197259,-0.06867927312850952,5604,0.0005,0.59,35,-17.989853390000004,0.5078871846199036
0.0215119831264019,17.35,15.349238395690918,11232,197227,197328,-0.5282222032546997,5606,0.0005,0.58,35,-18.170021690000002,0.04226704686880112
0.02157772146165371,17.4,15.80408000946045,11236,197295,197396,-0.023738890886306763,5608,0.0005,0.57,35,-18.565697889999996,0.8749082088470459
0.021481195464730263,17.34,18.40308380126953,11240,197363,197464,-0.676892876625061,5609,0.0005,0.57,35,-18.53575872,0.1909414827823639
0.021333692595362663,17.32,16.773115158081055,11244,197428,197529,-0.05663706362247467,5611,0.0005,0.56,35,-18.82888819,0.9585447907447815
0.021377943456172943,17.26,16.286453247070312,11248,197491,197592,0.06108543276786804,5613,0.0005,0.57,35,-18.56089166,0.04495369642972946
0.021609440445899963,17.44,18.74287223815918,11252,197580,197681,0.10242342948913574,5615,0.0005,0.57,35,-18.556063209999998,0.06170619651675224
0.021510737016797066,17.35,16.71731185913086,11256,197647,197748,0.6832523345947266,5617,0.0005,0.57,35,-18.546623940000003,0.4202307462692261
0.021559908986091614,17.41,15.6137056350708,11260,197721,197822,0.26318997144699097,5619,0.0005,0.57,35,-18.596935629999997,0.3341160714626312
0.021202579140663147,17.45,16.293729782104492,11264,197786,197887,-0.8110370635986328,5621,0.0005,0.55,35,-19.19751499,0.9849081039428711
0.020747222006320953,17.44,17.66486167907715,11268,197857,197958,0.4004139304161072,5623,0.0005,0.54,35,-19.480090689999997,0.3664115071296692
0.020431138575077057,17.36,16.922679901123047,11272,197916,198017,0.21719972789287567,5624,0.0005,0.54,35,-19.57515565,0.10192783176898956
0.020004061982035637,17.48,17.30545425415039,11276,197992,198093,-0.07957027852535248,5626,0.0005,0.54,35,-19.78767143,0.03169738128781319
0.01947168819606304,17.44,17.41281509399414,11280,198062,198163,0.3453483581542969,5628,0.0005,0.52,35,-20.38740064,0.12570112943649292
0.019553329795598984,17.6,16.65422821044922,11284,198130,198231,-0.6748772859573364,5630,0.0005,0.52,35,-20.363982120000003,0.10308116674423218
0.019767392426729202,17.69,15.616917610168457,11288,198211,198312,-0.5473250150680542,5633,0.0005,0.52,35,-20.330413449999998,0.30752032995224
0.019688190892338753,17.67,16.758224487304688,11292,198273,198374,0.18666182458400726,5634,0.0005,0.51,35,-20.67215941,0.9507866501808167
0.01966775394976139,17.68,14.9205322265625,11296,198340,198441,0.4410834014415741,5636,0.0005,0.52,35,-20.553743679999997,0.12685102224349976
0.01999683864414692,17.39,16.772550582885742,11300,198392,198493,1.0340790748596191,5638,0.0005,0.5,35,-20.97561039,0.173780158162117
0.02029845304787159,17.14,17.571935653686523,11304,198448,198549,0.7156010866165161,5639,0.0005,0.47,35,-21.685874079999994,0.12488554418087006
0.020786257460713387,17.06,16.69028091430664,11308,198504,198605,0.5961232781410217,5641,0.0005,0.45,35,-22.34551574,0.8134550452232361
0.021109869703650475,16.94,17.48312759399414,11312,198563,198664,-0.644298791885376,5642,0.0005,0.44,35,-22.663890450000007,0.03968627750873566
0.02093222178518772,16.97,15.865679740905762,11316,198630,198731,-0.22510980069637299,5644,0.0005,0.44,35,-22.84809094,0.08253943175077438
0.021196037530899048,16.84,15.297718048095703,11320,198696,198797,0.7917506694793701,5646,0.0005,0.43,35,-23.115451450000002,0.16068895161151886
0.02110808901488781,17.08,15.314492225646973,11324,198785,198886,0.05411728471517563,5648,0.0005,0.44,35,-23.024659209999996,0.16601461172103882
0.021391088142991066,17.03,16.446622848510742,11328,198861,198962,0.9677543640136719,5650,0.0005,0.43,35,-23.44551165,1.1023423671722412
0.02188418246805668,17.1,15.112131118774414,11332,198937,199038,0.6578112840652466,5652,0.0005,0.44,35,-23.13051881,0.41278040409088135
0.021769430488348007,17.23,16.47612762451172,11336,199018,199119,-0.2481784224510193,5654,0.0005,0.44,35,-23.119664630000003,0.11945544928312302
0.02177787572145462,17.25,17.81371307373047,11340,199088,199189,0.47866177558898926,5656,0.0005,0.45,35,-22.894448590000003,0.030629822984337807
0.02172635681927204,17.2,17.297256469726562,11344,199148,199249,-0.7664555311203003,5657,0.0005,0.46,35,-22.62807938,0.07799918949604034
0.021436244249343872,17.16,16.674367904663086,11348,199207,199308,-0.26534491777420044,5659,0.0005,0.45,35,-22.952564149999997,0.2447451800107956
0.021423686295747757,16.92,14.825714111328125,11352,199272,199373,0.07775846868753433,5660,0.0005,0.44,35,-23.0346515,0.2321118712425232
0.021394530311226845,16.96,17.55562973022461,11356,199343,199444,1.0073908567428589,5662,0.0005,0.45,35,-22.727084570000002,0.2585483193397522
0.022176174446940422,16.94,17.36407470703125,11360,199415,199516,-0.9539174437522888,5664,0.0005,0.44,35,-23.062793969999998,0.9020557403564453
0.02199280820786953,17.01,16.800081253051758,11364,199487,199588,-0.4217287302017212,5666,0.0005,0.47,35,-22.189740999999998,0.29774412512779236
0.02197696454823017,16.82,15.469930648803711,11368,199539,199640,0.06511300802230835,5667,0.0005,0.46,35,-22.561834940000004,0.7576022744178772
0.02218944951891899,16.89,16.693397521972656,11372,199605,199706,-0.46856123208999634,5669,0.0005,0.46,35,-22.37782509,0.06109600141644478
0.02207781746983528,16.86,17.36989974975586,11376,199678,199779,0.09690385311841965,5671,0.0005,0.48,35,-21.74569706,2.3469185829162598
0.021419601514935493,16.86,16.726699829101562,11380,199748,199849,-0.9122829437255859,5673,0.0005,0.47,35,-22.10943233,0.4022349715232849
0.021084167063236237,16.9,16.703136444091797,11384,199820,199921,0.07520037889480591,5675,0.0005,0.48,35,-21.99459864,0.1940353810787201
0.02139168046414852,16.73,17.724822998046875,11388,199884,199985,0.39989250898361206,5677,0.0005,0.49,35,-21.672913430000005,1.3812761306762695
0.021237513050436974,16.83,16.783357620239258,11392,199956,200057,-0.3549731969833374,5700,0.0005,0.5,35,-21.38787959,0.3114730715751648
0.021574774757027626,16.95,16.898550033569336,11396,200035,200136,0.5456351041793823,5702,0.0005,0.51,35,-21.122887320000004,0.1129487082362175
0.022457677870988846,17.16,16.89586067199707,11400,200108,200209,0.9422016143798828,5704,0.0005,0.51,35,-21.273192019999996,0.10275115072727203
0.022891880944371223,17.29,15.851712226867676,11404,200177,200278,0.3984650671482086,5706,0.0005,0.52,35,-21.09871239,0.05995889753103256
0.02330159582197666,17.62,15.739057540893555,11408,200266,200367,-0.5514382123947144,5708,0.0005,0.53,35,-20.679695440000003,2.601285457611084
0.022619983181357384,17.92,16.591215133666992,11412,200355,200456,-0.0511154904961586,5711,0.0005,0.55,35,-20.21266058,0.07186271995306015
0.0223385076969862,18.06,16.245800018310547,11416,200436,200537,-0.18215546011924744,5713,0.0005,0.57,35,-19.62571903,0.10028679668903351
0.022462010383605957,18.28,19.00616455078125,11420,200524,200625,-0.3385196030139923,5715,0.0005,0.57,35,-19.60519147,0.08856849372386932
0.022532762959599495,18.01,16.956941604614258,11424,200586,200687,0.33083784580230713,5717,0.0005,0.55,35,-20.18239198,0.23809920251369476
0.022468870505690575,17.83,16.35382843017578,11428,200644,200745,0.22142058610916138,5718,0.0005,0.53,35,-20.479028600000003,0.0944206714630127
0.02279854007065296,17.75,16.060243606567383,11432,200712,200813,-0.0038816481828689575,5720,0.0005,0.53,35,-20.56854887,0.22563602030277252
0.022159287706017494,17.56,18.03241729736328,11436,200774,200875,0.49731579422950745,5722,0.0005,0.51,35,-21.22488903,0.08751727640628815
0.022093452513217926,17.53,18.273590087890625,11440,200841,200942,-0.42501300573349,5724,0.0005,0.5,35,-21.662672220000005,0.1550481915473938
0.02171894535422325,17.57,16.55495834350586,11444,200905,201006,-0.2588823735713959,5725,0.0005,0.49,35,-22.037102930000007,0.10809092223644257
0.02178444154560566,17.65,17.33987045288086,11448,200972,201073,0.4627055525779724,5727,0.0005,0.52,35,-21.119708899999996,0.0841296911239624
0.02184065245091915,17.78,15.876614570617676,11452,201050,201151,0.21137434244155884,5729,0.0005,0.52,35,-21.305401209999996,0.33373305201530457
0.021656055003404617,17.83,17.889915466308594,11456,201126,201227,-0.19353356957435608,5731,0.0005,0.51,35,-21.625023300000002,0.8071720600128174
0.02130207233130932,17.72,16.545204162597656,11460,201187,201288,-0.4971184730529785,5733,0.0005,0.51,35,-21.61838366,0.05286981537938118
0.0215668436139822,17.69,17.7478084564209,11464,201256,201357,0.7653549313545227,5734,0.0005,0.5,35,-21.879946540000002,0.20698806643486023
0.021697523072361946,18.02,17.35356903076172,11468,201341,201442,0.03513624519109726,5737,0.0005,0.51,35,-21.604408000000003,0.3448500633239746
0.02151537872850895,18.04,17.259437561035156,11472,201409,201510,0.3814314007759094,5738,0.0005,0.52,35,-21.499880670000003,0.10652554035186768
0.021704336628317833,17.94,17.552257537841797,11476,201472,201573,0.19343498349189758,5740,0.0005,0.5,35,-21.910828050000006,0.08148214221000671
0.021420544013381004,17.97,17.77540397644043,11480,201545,201646,-0.23845922946929932,5742,0.0005,0.52,35,-21.181919199999996,0.20659974217414856
0.021360931918025017,17.73,16.656471252441406,11484,201593,201694,0.9664586782455444,5743,0.0005,0.5,35,-21.48588735,0.18324249982833862
0.021623438224196434,17.76,16.21729278564453,11488,201660,201761,-0.08086979389190674,5745,0.0005,0.49,35,-21.939953920000004,0.3078587055206299
0.021749379113316536,17.78,17.236597061157227,11492,201734,201835,0.3209618031978607,5747,0.0005,0.5,35,-21.602485100000003,0.04241075739264488
0.021780457347631454,17.57,16.88484001159668,11496,201792,201893,0.3952831029891968,5749,0.0005,0.48,35,-21.99992615,0.17797666788101196
0.021754013374447823,17.51,16.636962890625,11500,201859,201960,0.5451745390892029,5750,0.0005,0.48,35,-22.03655118,0.08010507375001907
0.022003157064318657,17.61,16.200437545776367,11504,201938,202039,0.3263828754425049,5752,0.0005,0.48,35,-22.045054459999996,0.6474343538284302
0.021963365375995636,17.3,16.338905334472656,11508,201996,202097,-0.288379043340683,5754,0.0005,0.47,35,-22.369854189999998,0.09442868828773499
0.02138916403055191,17.24,15.960853576660156,11512,202079,202180,0.31175631284713745,5756,0.0005,0.46,35,-22.529749220000003,0.2806815803050995
0.021536892279982567,16.97,16.58648109436035,11516,202133,202234,-0.277572900056839,5757,0.0005,0.44,35,-23.049465650000002,0.13894185423851013
0.022150229662656784,16.78,18.87369728088379,11520,202202,202303,-0.16760629415512085,5759,0.0005,0.44,35,-23.032102530000003,0.15574142336845398
0.0220190417021513,16.77,18.442140579223633,11524,202263,202364,0.2576889991760254,5760,0.0005,0.45,35,-22.66877987,0.4317168891429901
0.022310148924589157,16.75,17.570175170898438,11528,202319,202420,-0.1288311928510666,5762,0.0005,0.46,35,-22.44676152,0.15991413593292236
0.022203030064702034,16.78,18.613529205322266,11532,202390,202491,-0.1327100694179535,5763,0.0005,0.45,35,-22.68650644,0.3054874539375305
0.022230731323361397,16.88,17.39981460571289,11536,202462,202563,0.7854022979736328,5765,0.0005,0.48,35,-21.681635199999995,0.18019184470176697
0.022249635308980942,16.93,16.94947052001953,11540,202534,202635,-0.2578529715538025,5767,0.0005,0.49,35,-21.21968919,0.05306041240692139
0.021771159023046494,17.11,15.8613920211792,11544,202616,202717,-0.5640891790390015,5769,0.0005,0.51,35,-20.50477309,0.03454377502202988
0.0214997585862875,17.34,17.565473556518555,11548,202706,202807,-0.620529294013977,5771,0.0005,0.51,35,-20.667771159999997,0.5097406506538391
0.021137574687600136,17.11,15.566112518310547,11552,202761,202862,-0.0441611111164093,5773,0.0005,0.49,35,-21.28115625,0.6446462869644165
0.020794080570340157,17.11,16.923568725585938,11556,202837,202938,0.7045798301696777,5774,0.0005,0.48,35,-21.53429011,0.3227575421333313
0.020862197503447533,17.15,16.802791595458984,11560,202902,203003,-0.4429802894592285,5776,0.0005,0.46,35,-22.196363299999998,0.6538989543914795
0.02073998749256134,17.1,16.851709365844727,11564,202966,203067,0.7009522914886475,5777,0.0005,0.47,35,-21.971701150000005,0.02714712917804718
0.020851554349064827,16.91,15.815156936645508,11568,203032,203133,0.07267001271247864,5779,0.0005,0.48,35,-21.49262619,0.10548374056816101
0.020868323743343353,17.04,18.861143112182617,11572,203113,203214,-0.25204530358314514,5781,0.0005,0.47,35,-21.765299380000002,0.05546779930591583
0.020922163501381874,16.98,15.348836898803711,11576,203170,203271,-0.7654648423194885,5782,0.0005,0.46,35,-22.20742507,0.1011115312576294
0.021159276366233826,16.97,17.499073028564453,11580,203242,203343,0.4695741534233093,5784,0.0005,0.46,35,-22.23029844,0.1547727882862091
0.02086956426501274,17.24,16.844234466552734,11584,203317,203418,0.6691717505455017,5786,0.0005,0.48,35,-21.858803490000003,0.8859356045722961
0.021102167665958405,17.17,17.084789276123047,11588,203377,203478,-0.46806779503822327,5788,0.0005,0.47,35,-22.03143375,0.09150312840938568
0.021620268002152443,17.11,17.87382698059082,11592,203445,203546,0.44553259015083313,5789,0.0005,0.44,35,-22.91178966,0.05072290450334549
0.02173835225403309,17.33,17.71175765991211,11596,203525,203626,0.23884317278862,5791,0.0005,0.45,35,-22.58883023,0.2281971275806427
0.021965550258755684,17.38,16.89582061767578,11600,203597,203698,0.12916675209999084,5793,0.0005,0.46,35,-22.179865879999998,0.1688424050807953
0.022142546251416206,17.22,16.406265258789062,11604,203660,203761,-0.2160361111164093,5795,0.0005,0.47,35,-21.77854427,0.08943135291337967
0.022222548723220825,17.36,17.364154815673828,11608,203732,203833,0.9064747095108032,5796,0.0005,0.49,35,-21.18007244,0.11515114456415176
0.022328464314341545,17.29,16.9223690032959,11612,203808,203909,0.43030476570129395,5798,0.0005,0.49,35,-21.38227671,0.3460994362831116
0.022027481347322464,17.36,16.929424285888672,11616,203869,203970,0.472452312707901,5800,0.0005,0.49,35,-21.43405754999999,0.22228756546974182
0.02253938838839531,17.18,18.119991302490234,11620,203920,204021,0.5152358412742615,5801,0.0005,0.48,35,-21.72260752,0.1226300597190857
0.023156067356467247,17.35,17.3886775970459,11624,203998,204099,-0.9557726383209229,5804,0.0005,0.49,35,-21.56604021,0.030930379405617714
0.02280978299677372,17.36,17.287216186523438,11628,204055,204156,-0.6204342842102051,5805,0.0005,0.51,35,-21.031193569999996,0.04555541276931763
0.02277105301618576,17.39,17.528772354125977,11632,204129,204230,0.05750386416912079,5807,0.0005,0.52,35,-20.727054969999998,0.18246395885944366
0.023141587153077126,17.45,16.41779327392578,11636,204207,204308,0.8826137781143188,5809,0.0005,0.51,35,-21.09577743,0.9382126331329346
0.023355992510914803,17.32,18.61317253112793,11640,204266,204367,0.372580885887146,5811,0.0005,0.53,35,-20.43866954,0.08118057250976562
0.022976776584982872,17.14,16.75775146484375,11644,204330,204431,-1.368947982788086,5813,0.0005,0.51,35,-21.08437094,0.06894980370998383
0.022085005417466164,17.07,17.148998260498047,11648,204413,204514,-0.578210175037384,5815,0.0005,0.49,35,-21.625160250000004,0.0699843019247055
0.021761992946267128,17.15,16.931991577148438,11652,204476,204577,-0.6455069780349731,5817,0.0005,0.51,35,-20.929293709999996,0.23394083976745605
0.021884489804506302,17.07,15.768603324890137,11656,204544,204645,-0.07411244511604309,5818,0.0005,0.52,35,-20.775582169999996,0.09262073040008545
0.022179996594786644,17.15,17.591644287109375,11660,204617,204718,1.2471526861190796,5820,0.0005,0.52,35,-20.704982639999997,0.9414450526237488
0.022171711549162865,17.11,16.814624786376953,11664,204677,204778,-0.0468696653842926,5822,0.0005,0.49,35,-21.642018230000005,0.18305684626102448
0.021867088973522186,17.31,18.035499572753906,11668,204763,204864,-1.4791145324707031,5824,0.0005,0.48,35,-22.117558959999997,0.16954872012138367
0.02114340104162693,17.08,15.655086517333984,11672,204821,204922,-0.6816400289535522,5826,0.0005,0.48,35,-22.127560449999997,0.091075599193573
0.021441269665956497,17.25,17.23564910888672,11676,204895,204996,0.8668238520622253,5827,0.0005,0.5,35,-21.48252284,0.02731797844171524
0.021603774279356003,17.25,16.524673461914062,11680,204967,205068,0.2735484838485718,5829,0.0005,0.49,35,-21.769382,0.04253477230668068
0.021513039246201515,17.17,17.445384979248047,11684,205034,205135,-0.19127044081687927,5831,0.0005,0.5,35,-21.299172919999993,0.2138153463602066
0.021186988800764084,17.27,14.764381408691406,11688,205104,205205,0.18594388663768768,5833,0.0005,0.52,35,-20.804503280000002,0.13995739817619324
0.021434588357806206,17.21,17.690479278564453,11692,205166,205267,0.4586983025074005,5835,0.0005,0.52,35,-20.660512249999996,0.1831286996603012
0.021974852308630943,17.13,18.498790740966797,11696,205238,205339,0.7923229336738586,5837,0.0005,0.53,35,-20.534437490000002,2.4825785160064697
0.02223183959722519,16.99,17.518268585205078,11700,205296,205397,-0.10877683758735657,5838,0.0005,0.51,35,-21.066081840000006,0.0882791206240654
0.022606294602155685,17.17,17.713653564453125,11704,205377,205478,0.17151963710784912,5841,0.0005,0.49,35,-21.80837584,0.031236816197633743
0.022620709612965584,17.24,17.32290267944336,11708,205456,205557,0.11005345731973648,5843,0.0005,0.48,35,-22.164067499999998,0.22955429553985596
0.02262597531080246,17.1,15.87832260131836,11712,205518,205619,-0.6085168719291687,5844,0.0005,0.48,35,-22.003104899999993,0.056535277515649796
0.02251853235065937,17.08,17.772531509399414,11716,205577,205678,0.13108935952186584,5846,0.0005,0.47,35,-22.34162788,0.1538005918264389
0.02271711453795433,17.27,17.121780395507812,11720,205647,205748,-0.15162518620491028,5848,0.0005,0.49,35,-21.855675629999997,0.11639393866062164
0.022974476218223572,17.05,16.88825798034668,11724,205703,205804,0.06362806260585785,5849,0.0005,0.49,35,-21.709353769999996,0.07636282593011856
0.02304408699274063,17.1,18.42673110961914,11728,205765,205866,0.05777925252914429,5851,0.0005,0.48,35,-22.018088920000004,0.11103647947311401
0.023217463865876198,16.96,18.315610885620117,11732,205825,205926,0.2793356478214264,5853,0.0005,0.48,35,-21.942674280000002,0.13364142179489136
0.023103734478354454,16.92,17.118223190307617,11736,205899,206000,-0.5097590088844299,5855,0.0005,0.47,35,-22.26992921,0.1813696324825287
0.02281666360795498,17.0,16.62786865234375,11740,205966,206067,0.12052834033966064,5856,0.0005,0.45,35,-22.94974556,0.2134273499250412
0.022544316947460175,17.0,16.18594741821289,11744,206030,206131,-0.41663259267807007,5858,0.0005,0.47,35,-22.33288691,0.04468275234103203
0.022490115836262703,16.89,16.5947265625,11748,206102,206203,0.3611755669116974,5860,0.0005,0.48,35,-22.018708160000003,0.393108069896698
0.022040562704205513,16.98,18.38654327392578,11752,206174,206275,-0.08879297971725464,5862,0.0005,0.47,35,-22.287627630000003,0.10186763852834702
0.021747611463069916,17.03,17.115943908691406,11756,206247,206348,-0.516379714012146,5864,0.0005,0.49,35,-21.605441829999997,0.06017500162124634
0.021176965907216072,17.0,17.698854446411133,11760,206317,206418,0.47446808218955994,5866,0.0005,0.51,35,-21.003198089999998,0.20439472794532776
0.021496232599020004,17.15,17.21652603149414,11764,206392,206493,0.8238529562950134,5868,0.0005,0.52,35,-20.610860820000003,0.24874067306518555
0.021648067981004715,16.9,17.123435974121094,11768,206453,206554,-0.01640242338180542,5869,0.0005,0.52,35,-20.60353676,0.24213136732578278
0.021562684327363968,17.03,16.733081817626953,11772,206524,206625,-0.39380455017089844,5871,0.0005,0.52,35,-20.40365874,0.5360553860664368
0.021481456235051155,16.96,17.240737915039062,11776,206591,206692,-0.009188689291477203,5873,0.0005,0.53,35,-20.142768710000002,1.0812371969223022
0.021555757150053978,16.75,17.35380744934082,11780,206642,206743,-0.4207704961299896,5874,0.0005,0.52,35,-20.41801769,0.0518888458609581
0.02156805619597435,16.9,17.44634246826172,11784,206724,206825,-0.13760444521903992,5877,0.0005,0.53,35,-20.32420455,0.4216097593307495
0.021794404834508896,16.93,17.04330825805664,11788,206797,206898,0.2635115385055542,5878,0.0005,0.52,35,-20.69028224,0.11281216144561768
0.022233402356505394,17.01,16.513896942138672,11792,206867,206968,0.2462376058101654,5880,0.0005,0.52,35,-20.9854351,0.07828743010759354
0.022177767008543015,17.07,16.937694549560547,11796,206945,207046,-0.8591122627258301,5882,0.0005,0.52,35,-20.950427639999997,0.031258828938007355
0.02209281548857689,17.19,18.702503204345703,11800,207015,207116,0.40292689204216003,5884,0.0005,0.54,35,-20.48100703,1.7218867540359497
0.022348148748278618,17.13,14.281370162963867,11804,207090,207191,-0.8232765793800354,5886,0.0005,0.57,35,-19.542443289999998,0.18703371286392212
0.02195243537425995,16.96,16.96485137939453,11808,207152,207253,-0.04300668090581894,5888,0.0005,0.58,35,-19.19853869,0.13276407122612
0.021565943956375122,17.12,16.61376953125,11812,207230,207331,0.29272985458374023,5890,0.0005,0.59,35,-18.984497440000002,1.266033411026001
0.02161131612956524,17.21,15.548203468322754,11816,207298,207399,0.32315564155578613,5892,0.0005,0.6,35,-18.677353380000003,0.2688053250312805
0.021985381841659546,17.25,17.28548240661621,11820,207372,207473,0.1919519305229187,5894,0.0005,0.6,35,-18.561633,0.18049418926239014
0.02184845320880413,17.37,15.939315795898438,11824,207440,207541,0.46002933382987976,5896,0.0005,0.58,35,-19.199395149999997,0.26314693689346313
0.02216235175728798,17.58,16.852508544921875,11828,207523,207624,-0.08167421817779541,5898,0.0005,0.57,35,-19.525632190000003,0.0502588264644146
0.022179685533046722,17.83,15.623212814331055,11832,207608,207709,0.7936755418777466,5901,0.0005,0.58,35,-19.43146173,1.4978141784667969
0.022484196349978447,17.81,17.21781349182129,11836,207680,207781,0.22819221019744873,5903,0.0005,0.6,35,-18.732772950000005,1.3142921924591064
0.022601939737796783,17.86,14.850544929504395,11840,207752,207853,-0.6616138219833374,5905,0.0005,0.61,35,-18.479699810000003,0.04421164467930794
0.022324925288558006,17.91,16.368316650390625,11844,207821,207922,0.5520814061164856,5907,0.0005,0.59,35,-19.18825564,0.1569948047399521
0.02234504371881485,17.9,16.59592628479004,11848,207892,207993,0.5108693838119507,5908,0.0005,0.59,35,-19.10308217,1.4972827434539795
0.022579936310648918,17.81,16.741477966308594,11852,207955,208056,0.32033365964889526,5910,0.0005,0.6,35,-18.96160938,0.3394719660282135
0.022126425057649612,17.91,15.635512351989746,11856,208038,208139,-0.4103802740573883,5912,0.0005,0.58,35,-19.597499130000003,0.08731776475906372
0.02168179862201214,17.88,15.328499794006348,11860,208105,208206,-0.6184225678443909,5914,0.0005,0.6,35,-19.019804970000003,0.0752754956483841
0.021444521844387054,17.98,15.690051078796387,11864,208190,208291,-0.4354499578475952,5916,0.0005,0.6,35,-19.03072941,0.09738452732563019
0.02148301713168621,17.98,16.3493595123291,11868,208251,208352,0.4412357211112976,5918,0.0005,0.59,35,-19.14697473,0.31342190504074097
0.021394453942775726,17.96,16.0411376953125,11872,208320,208421,-0.01486562192440033,5920,0.0005,0.6,35,-18.888411660000003,1.2580591440200806
0.021352697163820267,17.94,17.942371368408203,11876,208385,208486,-0.0017586946487426758,5922,0.0005,0.58,35,-19.50855369,0.061491966247558594
0.021172214299440384,18.14,16.31412124633789,11880,208456,208557,-0.28031349182128906,5924,0.0005,0.59,35,-19.1531581,0.06064332276582718
0.02134133316576481,17.86,17.817420959472656,11884,208510,208611,0.672535240650177,5925,0.0005,0.55,35,-20.28405742,0.06984758377075195
0.021458057686686516,17.92,15.093587875366211,11888,208589,208690,-0.8133825063705444,5927,0.0005,0.55,35,-20.199652660000005,0.1509663164615631
0.02160533517599106,17.86,16.600406646728516,11892,208653,208754,0.5534151792526245,5929,0.0005,0.57,35,-19.371717920000002,0.18514810502529144
0.021671947091817856,17.81,17.96337890625,11896,208726,208827,0.0003253817558288574,5931,0.0005,0.57,35,-19.26980421,0.10765152424573898
0.021959858015179634,17.8,17.411781311035156,11900,208795,208896,-0.09004300087690353,5933,0.0005,0.57,35,-19.275742400000002,0.07740408182144165
0.02231329306960106,17.75,17.854141235351562,11904,208865,208966,-0.40372738242149353,5935,0.0005,0.54,35,-19.94578365,2.308586597442627
0.02220953069627285,18.0,17.795867919921875,11908,208952,209053,-0.12170350551605225,5937,0.0005,0.52,35,-20.41685767,0.33983248472213745
0.022508474066853523,17.83,16.489341735839844,11912,209013,209114,0.11227460950613022,5939,0.0005,0.51,35,-20.65489257,1.6143559217453003
0.022042501717805862,17.88,16.498342514038086,11916,209086,209187,0.2446404993534088,5941,0.0005,0.5,35,-20.931169079999997,0.3805251717567444
0.021677974611520767,17.82,17.317623138427734,11920,209154,209255,0.2099246382713318,5943,0.0005,0.5,35,-20.868353449999994,0.21417607367038727
0.021386967971920967,17.8,16.523439407348633,11924,209220,209321,-0.3196655809879303,5944,0.0005,0.49,35,-21.02591739,0.06212839111685753
0.02143547683954239,17.54,16.84573745727539,11928,209277,209378,1.3007352352142334,5946,0.0005,0.49,35,-21.09063485,0.1748732477426529
0.02195938304066658,17.39,15.06202507019043,11932,209347,209448,0.5560358166694641,5947,0.0005,0.47,35,-21.40975969,0.14303138852119446
0.021781636402010918,17.45,15.410470008850098,11936,209425,209526,-0.7227681875228882,5949,0.0005,0.47,35,-21.56194942,0.1630823314189911
0.021890318021178246,17.44,16.71501350402832,11940,209496,209597,0.279188871383667,5951,0.0005,0.46,35,-21.70221501,0.21336303651332855
0.021932905539870262,17.23,18.068466186523438,11944,209544,209645,-0.4899955987930298,5952,0.0005,0.45,35,-21.77783985,0.1381242871284485
0.021861163899302483,17.21,14.400733947753906,11948,209613,209714,-0.3842760920524597,5954,0.0005,0.44,35,-22.185578570000004,0.04885523021221161
0.02131531946361065,17.28,15.876632690429688,11952,209683,209784,-0.7743627429008484,5956,0.0005,0.44,35,-22.222248480000008,0.18626448512077332
0.021388577297329903,17.05,18.39381217956543,11956,209743,209844,0.1813240647315979,5957,0.0005,0.42,35,-22.812831280000005,0.05793171375989914
0.021523356437683105,17.15,16.832393646240234,11960,209820,209921,-0.4211665391921997,5959,0.0005,0.41,35,-23.240302049999997,0.0877416580915451
0.021243169903755188,17.19,16.848697662353516,11964,209909,210010,0.3598203659057617,5978,0.0005,0.44,35,-22.50867503,0.09556355327367783
0.02138040028512478,17.15,17.079437255859375,11968,209966,210067,-0.47945502400398254,5980,0.0005,0.45,35,-22.28478571,0.031385645270347595
0.021475138142704964,17.01,17.59455108642578,11972,210021,210122,-0.3047536015510559,5981,0.0005,0.44,35,-22.64493987,0.045499831438064575
0.021246178075671196,17.03,16.686161041259766,11976,210088,210189,-0.5989147424697876,5983,0.0005,0.43,35,-22.94672403,0.02720409817993641
0.021147344261407852,16.9,16.564912796020508,11980,210146,210247,-0.38692766427993774,5985,0.0005,0.42,35,-23.33796879,0.8218950033187866
0.02097497135400772,17.11,16.673254013061523,11984,210221,210322,0.2725810408592224,5987,0.0005,0.45,35,-22.368304440000006,0.06898312270641327
0.02127998135983944,17.09,15.697031021118164,11988,210298,210399,-0.09938526898622513,5989,0.0005,0.44,35,-22.60438873,0.08484166860580444
0.021751768887043,17.18,16.61091423034668,11992,210371,210472,-0.05169292539358139,5991,0.0005,0.42,35,-23.4241928,0.4987461566925049
0.021551702171564102,16.99,17.293678283691406,11996,210425,210526,-0.394652783870697,5993,0.0005,0.41,35,-23.70598024,0.14320999383926392
0.0212001521140337,16.87,16.38772201538086,12000,210482,210583,-0.6622443199157715,5994,0.0005,0.41,35,-23.617263800000003,0.042670175433158875
0.020732345059514046,16.8,17.35858917236328,12004,210545,210646,0.429162859916687,5996,0.0005,0.43,35,-23.1467227,0.2879759669303894
0.02097291499376297,16.58,16.74729347229004,12008,210610,210711,0.5248777270317078,5998,0.0005,0.43,35,-23.23551435,0.05469249188899994
0.021099375560879707,16.63,18.575410842895508,12012,210676,210777,0.7461056709289551,6000,0.0005,0.43,35,-23.269392690000004,0.045331742614507675
0.02127036079764366,16.7,17.173240661621094,12016,210756,210857,1.3195183277130127,6002,0.0005,0.43,35,-23.286845689999996,0.1546458750963211
0.021650051698088646,16.73,18.510135650634766,12020,210827,210928,0.07763787358999252,6004,0.0005,0.43,35,-23.377784120000005,0.4619861841201782
0.021498749032616615,16.72,16.41351890563965,12024,210892,210993,-0.42581337690353394,6006,0.0005,0.44,35,-23.172848859999995,0.13218453526496887
0.02148987352848053,16.83,17.29107666015625,12028,210960,211061,-0.2146781086921692,6008,0.0005,0.45,35,-22.81182633,0.08813221752643585
0.02198639325797558,16.84,17.143999099731445,12032,211031,211132,-0.6764432191848755,6010,0.0005,0.47,35,-22.4014743,0.3698897957801819
0.021887140348553658,16.67,16.99941062927246,12036,211092,211193,-0.45789840817451477,6012,0.0005,0.46,35,-22.562289460000002,0.2204858660697937
0.022017773240804672,16.75,18.366973876953125,12040,211171,211272,0.5315558314323425,6014,0.0005,0.47,35,-22.479129710000002,0.6891179084777832
0.021681757643818855,16.95,16.904634475708008,12044,211239,211340,-0.4309399425983429,6016,0.0005,0.48,35,-22.269713039999996,0.0369100421667099
0.021314572542905807,16.97,17.73017692565918,12048,211310,211411,0.037651367485523224,6018,0.0005,0.48,35,-22.075142529999997,0.1557314693927765
0.02162652648985386,16.89,15.523164749145508,12052,211372,211473,0.21953952312469482,6020,0.0005,0.49,35,-21.67588739,0.49340081214904785
0.021633153781294823,17.14,15.85963249206543,12056,211457,211558,-0.24250419437885284,6022,0.0005,0.5,35,-21.29913231,0.033787280321121216
0.021573174744844437,17.0,19.05996322631836,12060,211520,211621,-0.1099468469619751,6024,0.0005,0.5,35,-21.205536809999998,1.956827163696289
0.021662959828972816,16.66,17.859275817871094,12064,211575,211676,0.044471487402915955,6026,0.0005,0.46,35,-22.38244827,0.19456404447555542
0.021793635562062263,16.75,18.815242767333984,12068,211641,211742,0.24257349967956543,6027,0.0005,0.48,35,-21.813624479999998,0.08118855208158493
0.021899651736021042,16.79,16.099700927734375,12072,211700,211801,-0.6234595775604248,6029,0.0005,0.49,35,-21.46796481000001,1.6692097187042236
0.02186201885342598,16.95,17.706928253173828,12076,211783,211884,0.41787290573120117,6031,0.0005,0.52,35,-20.65615683,0.08064048737287521
0.021811366081237793,17.05,17.247289657592773,12080,211851,211952,0.14731882512569427,6033,0.0005,0.52,35,-20.578709989999997,0.06261222064495087
0.022335465997457504,17.04,18.46630096435547,12084,211925,212026,-0.4280231297016144,6035,0.0005,0.53,35,-20.36067969,0.0912548303604126
0.022158320993185043,16.89,16.144542694091797,12088,211987,212088,0.10552466660737991,6037,0.0005,0.54,35,-20.02598754,0.1443793773651123
0.022274719551205635,16.77,16.822328567504883,12092,212048,212149,0.9062178134918213,6039,0.0005,0.55,35,-19.45141525,0.231892392039299
0.022642256692051888,16.91,16.26381492614746,12096,212116,212217,0.05534122884273529,6041,0.0005,0.57,35,-18.916050350000006,1.5309734344482422
0.02248099260032177,17.18,17.786258697509766,12100,212200,212301,0.01069629192352295,6043,0.0005,0.56,35,-19.42152709,0.0665336549282074
0.022007083520293236,17.33,16.342681884765625,12104,212278,212379,0.10414180159568787,6045,0.0005,0.55,35,-19.817907019999996,0.5967711210250854
0.021803665906190872,17.26,18.07729721069336,12108,212336,212437,0.4536527097225189,6047,0.0005,0.55,35,-19.85334739,0.18055570125579834
0.0216837115585804,17.32,15.61112117767334,12112,212408,212509,-0.3931293487548828,6049,0.0005,0.56,35,-19.618385500000002,0.16085778176784515
0.021489130333065987,17.14,17.311817169189453,12116,212470,212571,-0.7101762294769287,6050,0.0005,0.57,35,-19.29380675,0.28278815746307373
0.021105684340000153,17.25,16.629886627197266,12120,212552,212653,-0.28592056035995483,6053,0.0005,0.58,35,-19.10338392,0.07762084156274796
0.021146951243281364,17.42,16.75602149963379,12124,212634,212735,-1.416976809501648,6055,0.0005,0.6,35,-18.553525679999996,0.041936568915843964
0.020436514168977737,17.35,15.306339263916016,12128,212695,212796,-0.6262560486793518,6056,0.0005,0.6,35,-18.42264023,0.03966906666755676
0.02033982425928116,17.25,17.07384490966797,12132,212756,212857,-1.3924208879470825,6058,0.0005,0.58,35,-18.84612896,0.02949799783527851
0.02016613818705082,17.27,16.994281768798828,12136,212819,212920,-0.5559481382369995,6060,0.0005,0.58,35,-18.84468143,0.14880523085594177
0.02004167065024376,17.17,16.69268798828125,12140,212888,212989,0.18538454174995422,6061,0.0005,0.57,35,-19.041251740000003,0.04699937254190445
0.020368702709674835,17.3,16.764049530029297,12144,212969,213070,0.16752830147743225,6063,0.0005,0.59,35,-18.432647850000002,0.6035370826721191
0.02023058570921421,17.26,17.40781021118164,12148,213036,213137,-0.377987802028656,6065,0.0005,0.6,35,-18.11917589,0.10697630792856216
0.020516185089945793,17.26,17.797658920288086,12152,213098,213199,-0.23995453119277954,6066,0.0005,0.58,35,-18.687628800000002,0.0425725132226944
0.0204380564391613,17.13,17.08099365234375,12156,213170,213271,-0.4931403398513794,6068,0.0005,0.6,35,-18.06882114,0.08023682236671448
0.020441263914108276,17.06,18.044132232666016,12160,213226,213327,0.4583076238632202,6070,0.0005,0.57,35,-18.97807379,0.41563525795936584
0.020554212853312492,17.19,15.998522758483887,12164,213294,213395,-0.039601847529411316,6071,0.0005,0.58,35,-18.478827719999998,0.5007680654525757
0.021248996257781982,17.28,16.504592895507812,12168,213369,213470,0.6601342558860779,6073,0.0005,0.57,35,-18.74151434,0.1049732118844986
0.02149845100939274,17.4,17.21652603149414,12172,213440,213541,0.5311534404754639,6075,0.0005,0.56,35,-18.99629951,0.05438897758722305
0.021870287135243416,17.18,15.827821731567383,12176,213501,213602,0.08779329061508179,6077,0.0005,0.53,35,-19.681290429999997,0.07388077676296234
0.022296525537967682,17.14,17.606101989746094,12180,213565,213666,0.9699576497077942,6078,0.0005,0.55,35,-19.097047780000004,0.6992786526679993
0.02207046002149582,17.17,16.675737380981445,12184,213642,213743,-1.100016474723816,6081,0.0005,0.53,35,-19.678704240000002,0.13465209305286407
0.02173527330160141,17.23,18.130287170410156,12188,213710,213811,0.9657978415489197,6082,0.0005,0.52,35,-20.050211870000002,1.172081708908081
0.021649116650223732,17.21,17.28985023498535,12192,213769,213870,-0.4362984001636505,6084,0.0005,0.52,35,-20.20670866,0.046769771724939346
0.021519871428608894,17.23,15.228368759155273,12196,213839,213940,-0.5634145736694336,6086,0.0005,0.51,35,-20.592015770000003,0.5010786056518555
0.0210689976811409,17.15,16.256385803222656,12200,213915,214016,-0.26584872603416443,6088,0.0005,0.5,35,-20.588839800000002,0.021272914484143257
0.02096930518746376,17.05,15.895014762878418,12204,213983,214084,0.0021581053733825684,6090,0.0005,0.49,35,-20.701099310000004,0.07017751783132553
0.020676391199231148,17.12,16.178821563720703,12208,214048,214149,-0.053285762667655945,6092,0.0005,0.51,35,-20.131092,0.4287797212600708
0.021024633198976517,17.18,17.206871032714844,12212,214126,214227,0.3633790910243988,6094,0.0005,0.49,35,-20.51627298,0.9318200349807739
0.021807117387652397,17.2,17.703516006469727,12216,214190,214291,0.22857780754566193,6096,0.0005,0.5,35,-20.09113583,0.7991856336593628
0.022305995225906372,17.08,17.33839988708496,12220,214260,214361,-0.00832456350326538,6098,0.0005,0.48,35,-20.6975306,0.13314957916736603
0.022530900314450264,16.98,17.580711364746094,12224,214332,214433,0.31678277254104614,6100,0.0005,0.48,35,-20.67897227,0.0426856130361557
0.022274475544691086,16.95,17.430744171142578,12228,214390,214491,-0.7051328420639038,6101,0.0005,0.49,35,-20.383494099999997,0.03326275199651718
0.022028101608157158,17.06,16.592613220214844,12232,214462,214563,-0.03579936921596527,6103,0.0005,0.51,35,-19.87374132,0.21944977343082428
0.02188131771981716,17.19,16.304889678955078,12236,214538,214639,-0.24489004909992218,6105,0.0005,0.51,35,-19.95355494,0.14354965090751648
0.022129543125629425,17.32,16.334835052490234,12240,214620,214721,1.3654136657714844,6107,0.0005,0.52,35,-19.64349009,0.48181864619255066
0.022445589303970337,17.16,17.682802200317383,12244,214685,214786,-0.020360589027404785,6109,0.0005,0.5,35,-20.36356656,0.2601390480995178
0.022256558761000633,17.05,17.994285583496094,12248,214741,214842,-0.5302785634994507,6111,0.0005,0.5,35,-20.35615782,1.827950358390808
0.021795479580760002,17.16,17.03012466430664,12252,214814,214915,0.16540434956550598,6113,0.0005,0.5,35,-20.346431530000004,0.08410099893808365
0.021541889756917953,17.12,16.718324661254883,12256,214882,214983,-0.8479188680648804,6114,0.0005,0.49,35,-20.79073648,0.3261711001396179
0.021239902824163437,17.19,16.799814224243164,12260,214945,215046,-1.0276920795440674,6116,0.0005,0.5,35,-20.487302210000003,0.04085641726851463
0.020765958353877068,17.04,17.50314712524414,12264,214998,215099,0.01758444309234619,6118,0.0005,0.51,35,-20.27341423,0.1387113332748413
0.020744161680340767,16.9,16.886592864990234,12268,215059,215160,-0.3425534665584564,6120,0.0005,0.5,35,-20.68346252,0.07223129272460938
0.02061539888381958,16.93,16.51587677001953,12272,215133,215234,0.48984384536743164,6122,0.0005,0.49,35,-20.951037999999997,0.7583585977554321
0.02064710110425949,16.83,18.182708740234375,12276,215184,215285,0.9177130460739136,6123,0.0005,0.49,35,-20.934306879999998,0.45992061495780945
0.020794080570340157,16.87,17.202651977539062,12280,215252,215353,0.5391991138458252,6125,0.0005,0.47,35,-21.538572790000003,0.0811958909034729
0.021212974563241005,16.76,16.1265811920166,12284,215318,215419,-0.22236689925193787,6127,0.0005,0.47,35,-21.610181110000003,0.7304897308349609
0.02132274955511093,16.69,16.917583465576172,12288,215379,215480,-0.3433647155761719,6128,0.0005,0.47,35,-21.555514199999994,0.06951531022787094
0.021460918709635735,16.83,17.29212188720703,12292,215452,215553,0.8188685774803162,6130,0.0005,0.48,35,-21.209011,0.37562400102615356
0.021867835894227028,16.92,17.599515914916992,12296,215531,215632,0.29429054260253906,6132,0.0005,0.47,35,-21.34098646,0.16494965553283691
0.02237151376903057,16.73,15.971953392028809,12300,215588,215689,0.9194482564926147,6134,0.0005,0.49,35,-20.74866315,0.10960540175437927
0.022913996130228043,16.71,17.753032684326172,12304,215654,215755,-0.87015700340271,6135,0.0005,0.5,35,-20.68944132,0.044840432703495026
0.022452635690569878,16.7,17.031049728393555,12308,215718,215819,-0.12547093629837036,6137,0.0005,0.5,35,-20.600530669999998,0.5940001010894775
0.02285795286297798,16.64,17.025222778320312,12312,215790,215891,0.19920453429222107,6139,0.0005,0.52,35,-20.12340236,1.3806363344192505
0.022686917334794998,16.63,19.02646827697754,12316,215853,215954,-0.07872150838375092,6140,0.0005,0.52,35,-20.20825782,0.3415319323539734
0.022771941497921944,16.55,18.06096649169922,12320,215915,216016,0.42904049158096313,6142,0.0005,0.52,35,-20.180766660000003,0.46284762024879456
0.0227186419069767,16.61,16.0357666015625,12324,215993,216094,0.5977920293807983,6144,0.0005,0.52,35,-20.301140840000002,0.08547475934028625
0.022805944085121155,16.63,16.460254669189453,12328,216053,216154,-0.14159531891345978,6146,0.0005,0.51,35,-20.77673762,0.15512752532958984
0.02272467501461506,16.66,17.43896484375,12332,216128,216229,-0.025719083845615387,6148,0.0005,0.52,35,-20.52593422,0.5028554797172546
0.022147951647639275,16.78,16.889286041259766,12336,216216,216317,-0.3844420611858368,6150,0.0005,0.51,35,-20.638196079999997,0.27683064341545105
0.022281577810645103,16.73,16.90317153930664,12340,216293,216394,-0.3372515141963959,6152,0.0005,0.51,35,-20.753404419999995,0.4385654926300049
0.02198898233473301,16.84,18.211170196533203,12344,216369,216470,-0.20728187263011932,6154,0.0005,0.52,35,-20.363797879999996,0.02937328815460205
0.021326003596186638,17.09,15.683775901794434,12348,216450,216551,-0.06757873296737671,6156,0.0005,0.53,35,-20.272393969999996,0.06888000667095184
0.021417872980237007,16.97,16.178539276123047,12352,216511,216612,-0.6853378415107727,6158,0.0005,0.54,35,-20.071456749999996,0.6486681699752808
0.02134067192673683,16.85,16.664812088012695,12356,216567,216668,0.11773058772087097,6159,0.0005,0.53,35,-20.24569858,0.07016873359680176
0.021353095769882202,16.85,15.844000816345215,12360,216630,216731,0.13509801030158997,6161,0.0005,0.55,35,-19.55416504,0.023977506905794144
0.02107853814959526,16.96,17.162473678588867,12364,216694,216795,-0.40023285150527954,6162,0.0005,0.54,35,-19.851645519999998,0.37802812457084656
0.02146151289343834,17.12,16.10770606994629,12368,216771,216872,-0.1904304474592209,6164,0.0005,0.55,35,-19.603407439999998,0.07269540429115295
0.021612882614135742,16.91,17.285503387451172,12372,216824,216925,-0.1017473042011261,6166,0.0005,0.57,35,-19.04294334,1.1605366468429565
0.022108765318989754,17.05,16.481029510498047,12376,216889,216990,-0.0902271717786789,6167,0.0005,0.58,35,-18.88541213,0.04754434525966644
0.021533910185098648,17.21,16.133861541748047,12380,216973,217074,0.11296898126602173,6169,0.0005,0.6,35,-18.36755542,0.1874234676361084
0.021488288417458534,17.24,18.160932540893555,12384,217042,217143,0.27743619680404663,6171,0.0005,0.59,35,-18.51315897,0.06086508184671402
0.021616417914628983,17.39,17.405635833740234,12388,217118,217219,-0.396154522895813,6173,0.0005,0.59,35,-18.427220040000005,0.552015483379364
0.021290648728609085,17.55,16.534488677978516,12392,217207,217308,0.06348150968551636,6175,0.0005,0.59,35,-18.47834403,0.04552754759788513
0.02118741348385811,17.26,16.927101135253906,12396,217257,217358,0.26453661918640137,6177,0.0005,0.57,35,-19.17155473,0.11476268619298935
0.0215245820581913,17.29,14.621084213256836,12400,217317,217418,0.4057888090610504,6178,0.0005,0.55,35,-19.92326218,0.44214096665382385
0.02153872139751911,17.34,16.99706268310547,12404,217388,217489,-0.3455536961555481,6180,0.0005,0.56,35,-19.52766119,0.5125868320465088
0.02149369567632675,17.53,18.12710952758789,12408,217471,217572,0.024920016527175903,6182,0.0005,0.53,35,-20.3801795,1.568202018737793
0.021596286445856094,17.52,17.140541076660156,12412,217542,217643,-0.7184026837348938,6184,0.0005,0.51,35,-20.974885250000003,0.03517063707113266
0.021317316219210625,17.58,16.84308624267578,12416,217611,217712,0.5478218793869019,6186,0.0005,0.51,35,-21.004247090000003,0.06330769509077072
0.021295832470059395,17.51,16.513492584228516,12420,217666,217767,0.2765640616416931,6187,0.0005,0.49,35,-21.562368819999996,0.23079803586006165
0.021270349621772766,17.43,16.738367080688477,12424,217736,217837,0.015322867780923843,6189,0.0005,0.47,35,-21.937743139999995,0.05930086970329285
0.021529247984290123,17.68,17.327693939208984,12428,217821,217922,-0.07359302043914795,6191,0.0005,0.47,35,-21.9516492,0.14286522567272186
0.022261176258325577,17.58,16.61052703857422,12432,217886,217987,1.0578489303588867,6193,0.0005,0.44,35,-22.868308009999996,0.10542021691799164
0.0225691981613636,17.41,15.695241928100586,12436,217957,218058,-0.29694628715515137,6195,0.0005,0.46,35,-22.392817409999992,0.17451798915863037
0.02223883755505085,17.29,16.30432891845703,12440,218022,218123,0.4609150290489197,6196,0.0005,0.43,35,-23.124881149999993,0.11792127788066864
0.022155342623591423,17.23,17.376245498657227,12444,218092,218193,-0.03389611840248108,6198,0.0005,0.44,35,-22.78443379,0.14280788600444794
0.022167151793837547,17.03,17.093414306640625,12448,218153,218254,-0.4467899799346924,6200,0.0005,0.42,35,-23.347832609999998,0.1309967041015625
0.021755928173661232,17.21,16.5289306640625,12452,218232,218333,-0.47222208976745605,6202,0.0005,0.43,35,-23.03510581,0.06028669327497482
0.020945975556969643,17.33,17.104459762573242,12456,218300,218401,-0.09156692028045654,6204,0.0005,0.44,35,-22.75375461,0.5236369967460632
0.02049313113093376,17.22,17.353763580322266,12460,218352,218453,-0.8321811556816101,6205,0.0005,0.42,35,-23.381556180000004,0.2584537863731384
0.020541999489068985,17.32,17.527048110961914,12464,218426,218527,1.2569804191589355,6207,0.0005,0.42,35,-23.423933549999997,0.4183800220489502
0.02093152329325676,17.17,17.162460327148438,12468,218488,218589,-0.38545286655426025,6209,0.0005,0.43,35,-22.94936241,0.21047049760818481
0.020645393058657646,17.39,16.337156295776367,12472,218563,218664,-1.022903561592102,6211,0.0005,0.45,35,-22.474741609999995,0.11250558495521545
0.02101285755634308,17.42,17.272302627563477,12476,218631,218732,1.3340864181518555,6213,0.0005,0.45,35,-22.47215407,0.15636293590068817
0.021563461050391197,17.1,15.945906639099121,12480,218683,218784,-0.055435195565223694,6214,0.0005,0.43,35,-22.83589048,0.5980780124664307
0.021827783435583115,16.98,17.439348220825195,12484,218740,218841,0.08142650127410889,6216,0.0005,0.45,35,-22.269550799999998,0.30149805545806885
0.02216651663184166,16.96,16.05747413635254,12488,218814,218915,-0.029562190175056458,6218,0.0005,0.48,35,-21.529554160000004,0.6413328051567078
0.022213676944375038,16.86,18.11092185974121,12492,218893,218994,0.00956987589597702,6220,0.0005,0.48,35,-21.59579543,0.1455092877149582
0.022373095154762268,17.02,15.897340774536133,12496,218959,219060,0.3672536313533783,6221,0.0005,0.51,35,-20.580021499999997,1.6771881580352783
0.022723017260432243,17.14,17.643966674804688,12500,219031,219132,0.2669045627117157,6223,0.0005,0.51,35,-20.52816627,0.19238878786563873
0.02320742979645729,17.05,16.629558563232422,12504,219093,219194,0.13390076160430908,6224,0.0005,0.5,35,-20.816124179999996,0.12926085293293
0.023415494710206985,16.83,18.583145141601562,12508,219154,219255,0.042186737060546875,6226,0.0005,0.53,35,-20.03685305,0.19184815883636475
0.022770579904317856,16.82,17.313514709472656,12512,219224,219325,-0.2123221755027771,6228,0.0005,0.54,35,-19.74161296,0.04669146612286568
0.022473564371466637,16.73,17.409530639648438,12516,219284,219385,-0.33621665835380554,6229,0.0005,0.53,35,-19.943674360000003,0.30582165718078613
0.02228752337396145,16.8,17.48473358154297,12520,219346,219447,-0.1344859004020691,6231,0.0005,0.55,35,-19.153336080000003,0.1015002429485321
0.022637873888015747,16.88,17.047094345092773,12524,219424,219525,-0.7630724310874939,6233,0.0005,0.57,35,-18.77973322,0.05475272238254547
0.0224287249147892,16.61,16.572620391845703,12528,219482,219583,0.21828380227088928,6234,0.0005,0.58,35,-18.29118369,0.15425413846969604
0.02294132299721241,16.73,16.095294952392578,12532,219559,219660,0.7201651334762573,6236,0.0005,0.58,35,-18.2012941,0.10766947269439697
0.023026324808597565,16.71,17.689743041992188,12536,219628,219729,0.09954974055290222,6238,0.0005,0.57,35,-18.432876350000004,0.6264826059341431
0.02307717315852642,16.56,18.95258331298828,12540,219678,219779,0.6239199638366699,6239,0.0005,0.57,35,-18.21230949,0.6350879669189453
0.023074258118867874,16.46,17.576614379882812,12544,219738,219839,0.10957786440849304,6241,0.0005,0.55,35,-18.62093932,2.053990125656128
0.02320779114961624,16.52,18.896347045898438,12548,219805,219906,0.4858349561691284,6243,0.0005,0.55,35,-18.57563105,0.08385898172855377
0.023829465731978416,16.47,15.443829536437988,12552,219879,219980,-1.2461940050125122,6245,0.0005,0.53,35,-19.18932987,0.520972490310669
0.023699603974819183,16.47,16.82175064086914,12556,219947,220048,0.22877267003059387,6263,0.0005,0.53,35,-19.150880049999998,0.3377447724342346
0.022967005148530006,16.75,15.794023513793945,12560,220027,220128,-0.11251749098300934,6265,0.0005,0.55,35,-18.62965026,0.029695922508835793
0.022911176085472107,16.67,17.100765228271484,12564,220093,220194,0.14370213449001312,6267,0.0005,0.56,35,-18.37875528,1.5088038444519043
0.02275892160832882,16.64,17.269746780395508,12568,220152,220253,0.6382733583450317,6268,0.0005,0.53,35,-19.27311369,0.3767339289188385
0.02267942577600479,16.62,17.15015411376953,12572,220225,220326,0.038757145404815674,6270,0.0005,0.52,35,-19.477619360000002,0.12886770069599152
0.022757479920983315,16.55,15.125717163085938,12576,220286,220387,0.1966400146484375,6272,0.0005,0.52,35,-19.52891254,0.030525056645274162
0.022801078855991364,16.68,16.76314926147461,12580,220351,220452,-0.08866821229457855,6273,0.0005,0.53,35,-19.45554982,0.2150680422782898
0.022909067571163177,16.74,16.810922622680664,12584,220414,220515,-0.46958452463150024,6275,0.0005,0.53,35,-19.486266720000003,0.10063901543617249
0.022801339626312256,16.58,17.128890991210938,12588,220472,220573,0.1782660335302353,6276,0.0005,0.5,35,-20.26921616,0.16448087990283966
0.022368550300598145,16.5,18.323467254638672,12592,220543,220644,0.9628087282180786,6278,0.0005,0.48,35,-20.68748458,1.1095342636108398
0.0224203672260046,16.45,16.92108154296875,12596,220604,220705,0.03395116329193115,6280,0.0005,0.47,35,-20.98043525,0.36798134446144104
0.022179225459694862,16.49,16.997114181518555,12600,220680,220781,0.056747473776340485,6282,0.0005,0.48,35,-20.563865,0.11706767976284027
0.02196815423667431,16.65,17.134204864501953,12604,220758,220859,-0.06333177536725998,6284,0.0005,0.49,35,-20.393172479999997,0.020321838557720184
0.021953441202640533,16.72,15.498266220092773,12608,220826,220927,0.5800355672836304,6286,0.0005,0.49,35,-20.444568280000002,0.08914285898208618
0.022425638511776924,16.57,16.18819808959961,12612,220881,220982,-0.361948698759079,6287,0.0005,0.47,35,-20.91189241,0.5908381938934326
0.021985501050949097,16.77,17.472692489624023,12616,220961,221062,-1.0370821952819824,6290,0.0005,0.47,35,-20.900229529999997,0.06378766149282455
0.021738195791840553,16.71,16.423078536987305,12620,221017,221118,0.35072755813598633,6291,0.0005,0.48,35,-20.728175719999996,1.0196750164031982
0.02144092693924904,16.61,17.2661190032959,12624,221085,221186,-0.5423411726951599,6293,0.0005,0.48,35,-20.511568169999997,0.07576587796211243
0.020998479798436165,16.64,18.872312545776367,12628,221146,221247,0.4524705410003662,6295,0.0005,0.47,35,-20.974261639999995,0.4118645191192627
0.02093261294066906,16.66,17.75582504272461,12632,221225,221326,0.2583606541156769,6297,0.0005,0.49,35,-20.45728911,0.04994024336338043
0.02116437628865242,16.64,16.965133666992188,12636,221292,221393,0.7517585754394531,6299,0.0005,0.48,35,-20.82901663,0.018835611641407013
0.021548787131905556,16.82,16.571088790893555,12640,221360,221461,0.18355965614318848,6301,0.0005,0.5,35,-20.61134313,0.27152758836746216
0.021884819492697716,17.03,15.346962928771973,12644,221441,221542,0.055675819516181946,6303,0.0005,0.52,35,-20.22305056,0.09694688767194748
0.021560002118349075,17.02,18.562156677246094,12648,221507,221608,0.5760863423347473,6305,0.0005,0.52,35,-20.30230068,0.4370157718658447
0.02143891714513302,17.1,16.394271850585938,12652,221589,221690,-0.31707054376602173,6307,0.0005,0.53,35,-19.84621338,0.2141343206167221
0.021497564390301704,17.19,16.767223358154297,12656,221666,221767,0.8614417910575867,6309,0.0005,0.53,35,-19.90394274,0.09966256469488144
0.021544605493545532,17.1,15.429161071777344,12660,221737,221838,-0.0754057765007019,6311,0.0005,0.51,35,-20.6250572,0.3965619206428528
0.02161250077188015,17.1,17.44948959350586,12664,221803,221904,0.0375557541847229,6313,0.0005,0.52,35,-20.11510528,0.2094803899526596
0.021265951916575432,17.07,15.663345336914062,12668,221859,221960,-0.017177224159240723,6315,0.0005,0.53,35,-19.80819633,0.16730663180351257
0.021396499127149582,17.01,18.653785705566406,12672,221926,222027,-0.34772324562072754,6316,0.0005,0.52,35,-20.2555332,0.992267370223999
0.02150708995759487,17.12,17.66710662841797,12676,221998,222099,0.36686885356903076,6318,0.0005,0.53,35,-19.976347340000004,0.07811924070119858
0.022370757535099983,17.35,16.580862045288086,12680,222086,222187,-0.004904985427856445,6321,0.0005,0.53,35,-19.928716160000004,0.028808364644646645
0.022335190325975418,17.45,15.691803932189941,12684,222159,222260,-0.5894883871078491,6323,0.0005,0.51,35,-20.549400920000004,0.45875343680381775
0.022027796134352684,17.68,17.571361541748047,12688,222240,222341,1.0080703496932983,6326,0.0005,0.51,35,-20.708568200000006,0.05837083235383034
0.02241172455251217,17.51,17.787471771240234,12692,222294,222395,0.5915762186050415,6327,0.0005,0.5,35,-21.10559076,0.279266357421875
0.022125674411654472,17.76,16.74040985107422,12696,222380,222481,-0.6672662496566772,6330,0.0005,0.51,35,-21.08977767,0.23591265082359314
0.02195373736321926,17.67,17.92491912841797,12700,222447,222548,0.040112536400556564,6331,0.0005,0.51,35,-21.07643562,0.3157663941383362
0.02209966443479061,17.56,18.27229118347168,12704,222514,222615,-0.23834852874279022,6333,0.0005,0.5,35,-21.277860819999997,0.04064672067761421
0.021951504051685333,17.64,15.465667724609375,12708,222590,222691,-0.14742259681224823,6335,0.0005,0.49,35,-21.576060310000003,0.30817732214927673
0.021673783659934998,17.81,16.525190353393555,12712,222662,222763,-0.14544075727462769,6337,0.0005,0.5,35,-21.589916660000004,0.4236992299556732
0.022119909524917603,17.85,18.35137939453125,12716,222746,222847,-0.1833612024784088,6339,0.0005,0.49,35,-21.919603230000003,0.22963187098503113
0.02187594585120678,18.01,16.736297607421875,12720,222818,222919,0.5629404783248901,6341,0.0005,0.49,35,-22.028818740000002,0.13309428095817566
0.02181001380085945,18.15,16.649429321289062,12724,222900,223001,-0.5696324110031128,6343,0.0005,0.48,35,-22.610222399999998,0.2830946147441864
0.02119634672999382,18.23,16.84315299987793,12728,222969,223070,-0.16617779433727264,6344,0.0005,0.47,35,-22.80260926,0.05900007486343384
0.02060842141509056,18.25,17.39659881591797,12732,223050,223151,0.42624324560165405,6347,0.0005,0.47,35,-22.76143859,0.3146180510520935
0.020441396161913872,18.33,16.776025772094727,12736,223125,223226,0.45980679988861084,6348,0.0005,0.47,35,-22.744202330000004,0.138454869389534
0.020329942926764488,18.4,14.545194625854492,12740,223200,223301,0.029171183705329895,6350,0.0005,0.47,35,-22.782648260000002,0.3545722961425781
0.020515676587820053,18.2,17.725318908691406,12744,223261,223362,0.013172745704650879,6352,0.0005,0.44,35,-23.73680015,0.07289141416549683
0.020344961434602737,18.25,17.98973274230957,12748,223332,223433,-0.5121495127677917,6354,0.0005,0.43,35,-23.85061236,0.07495296001434326
0.02033129148185253,17.94,17.920555114746094,12752,223383,223484,0.33687540888786316,6355,0.0005,0.42,35,-24.206777380000002,0.07552158087491989
0.020856104791164398,17.92,16.51001739501953,12756,223458,223559,0.5313061475753784,6357,0.0005,0.41,35,-24.45912961,0.15456339716911316
0.02094700001180172,17.8,16.400005340576172,12760,223517,223618,0.14117927849292755,6358,0.0005,0.41,35,-24.21030759,0.31034356355667114
0.021030232310295105,17.73,18.230377197265625,12764,223576,223677,0.7701700925827026,6360,0.0005,0.39,35,-24.93697526,0.11614292860031128
0.021780950948596,17.91,15.240145683288574,12768,223650,223751,0.4669724404811859,6362,0.0005,0.39,35,-25.148700730000005,0.21789675951004028
0.021738097071647644,17.96,16.565452575683594,12772,223722,223823,-0.18800996243953705,6364,0.0005,0.39,35,-24.955693070000006,0.05148898810148239
0.021902278065681458,17.83,15.509045600891113,12776,223781,223882,0.05177786946296692,6366,0.0005,0.37,35,-25.555218259999997,0.02637019008398056
0.02213597111403942,17.53,16.856006622314453,12780,223839,223940,0.6354055404663086,6367,0.0005,0.38,35,-25.269600049999998,0.044729530811309814
0.0226731114089489,17.63,17.28635025024414,12784,223922,224023,-0.3209500312805176,6370,0.0005,0.39,35,-25.035800249999998,0.1725495159626007
0.022544579580426216,17.57,18.015987396240234,12788,223997,224098,-0.29234594106674194,6371,0.0005,0.42,35,-24.095654430000003,0.16001828014850616
0.022411800920963287,17.71,15.981657981872559,12792,224065,224166,-0.5370299816131592,6373,0.0005,0.43,35,-23.778640200000005,0.12648212909698486
0.021820547059178352,17.61,16.04973793029785,12796,224141,224242,-0.9003691077232361,6376,0.0005,0.42,35,-24.071510889999995,0.567629337310791
0.02162564918398857,17.69,17.6943359375,12800,224216,224317,-0.20510059595108032,6378,0.0005,0.43,35,-23.878114110000002,0.05771390721201897
0.021658558398485184,17.73,17.80147361755371,12804,224287,224388,0.38124340772628784,6380,0.0005,0.44,35,-23.64089649,0.08512559533119202
0.022098267450928688,17.66,16.56158447265625,12808,224356,224457,0.34249716997146606,6382,0.0005,0.43,35,-23.800283689999997,0.27253955602645874
0.022653715685009956,17.57,15.352800369262695,12812,224419,224520,0.6921067237854004,6383,0.0005,0.45,35,-22.873540820000002,0.8227568864822388
0.023301495239138603,17.44,16.97201919555664,12816,224490,224591,0.35494667291641235,6385,0.0005,0.47,35,-22.360904679999997,0.08079034090042114
0.023153992369771004,17.35,16.495811462402344,12820,224553,224654,-0.6129039525985718,6387,0.0005,0.46,35,-22.475617969999995,0.06167293339967728
0.022859500721096992,17.15,16.917804718017578,12824,224615,224716,0.5681005716323853,6389,0.0005,0.46,35,-22.276753229999994,0.06805069744586945
0.023370908573269844,17.19,15.974494934082031,12828,224688,224789,0.6920998096466064,6391,0.0005,0.48,35,-21.817065069999998,0.11594565212726593
0.023557189851999283,17.03,18.908504486083984,12832,224753,224854,-0.5539333820343018,6393,0.0005,0.47,35,-21.96133322,0.02654649317264557
0.022859232500195503,17.05,17.54795265197754,12836,224830,224931,-0.2903798818588257,6395,0.0005,0.48,35,-21.817161289999998,0.15704432129859924
0.022616876289248466,16.91,16.599536895751953,12840,224891,224992,0.5581268072128296,6397,0.0005,0.48,35,-21.503954059999998,0.10372152924537659
0.022369088605046272,16.91,16.055011749267578,12844,224952,225053,-0.20475998520851135,6398,0.0005,0.5,35,-20.802195010000002,0.04296866059303284
0.022125765681266785,16.86,17.62407684326172,12848,225018,225119,-0.5154280066490173,6400,0.0005,0.5,35,-21.035621229999997,1.3024883270263672
0.022200794890522957,17.03,18.36197280883789,12852,225086,225187,0.3083242177963257,6402,0.0005,0.51,35,-20.87628424,0.043904874473810196
0.02290303446352482,17.05,15.785632133483887,12856,225163,225264,-0.08184869587421417,6404,0.0005,0.51,35,-20.81297428,0.15831032395362854
0.022940393537282944,17.16,15.266550064086914,12860,225233,225334,-0.2436004877090454,6405,0.0005,0.5,35,-21.189288509999997,0.24231600761413574
0.022404085844755173,17.25,17.510250091552734,12864,225301,225402,-0.18068678677082062,6407,0.0005,0.53,35,-20.26406961,1.2914432287216187
0.02217850089073181,17.27,17.661706924438477,12868,225377,225478,0.9237512350082397,6409,0.0005,0.54,35,-19.78318311,0.12397286295890808
0.021815547719597816,17.3,17.35834503173828,12872,225452,225553,-0.6151073575019836,6411,0.0005,0.53,35,-20.02308486,0.4469897150993347
0.02118486911058426,17.42,17.39476776123047,12876,225523,225624,-0.3182244896888733,6413,0.0005,0.55,35,-19.346665559999998,0.032508641481399536
0.020567703992128372,17.55,14.599700927734375,12880,225594,225695,-0.35450759530067444,6415,0.0005,0.55,35,-19.45012581,0.1809176504611969
0.020778648555278778,17.53,17.245691299438477,12884,225675,225776,-0.3610832691192627,6417,0.0005,0.56,35,-19.060998810000005,0.048683278262615204
0.020777912810444832,17.58,18.227859497070312,12888,225755,225856,1.1856927871704102,6420,0.0005,0.55,35,-19.335822020000002,0.14000579714775085
0.02111104317009449,17.59,17.874454498291016,12892,225824,225925,0.07835865020751953,6421,0.0005,0.55,35,-19.17018242,0.1236894279718399
0.021503418684005737,17.54,18.148202896118164,12896,225895,225996,-0.06312230229377747,6423,0.0005,0.54,35,-19.2974871,0.07768036425113678
0.021481435745954514,17.49,15.854804992675781,12900,225965,226066,-0.19548410177230835,6425,0.0005,0.53,35,-19.533500679999996,1.6650090217590332
0.021516619250178337,17.42,16.208110809326172,12904,226029,226130,-0.5289183855056763,6427,0.0005,0.52,35,-19.691583259999998,0.37663182616233826
0.021616175770759583,17.26,17.41063690185547,12908,226082,226183,-0.06503073871135712,6429,0.0005,0.53,35,-19.393708320000002,0.5159323215484619
0.021827450022101402,17.25,17.585159301757812,12912,226144,226245,-0.6788963079452515,6430,0.0005,0.5,35,-20.33028801,0.46850746870040894
0.02171996980905533,17.43,16.397232055664062,12916,226233,226334,-0.3299500048160553,6433,0.0005,0.5,35,-20.32422193,0.32722553610801697
0.021481743082404137,17.41,17.91607666015625,12920,226294,226395,-0.3639812469482422,6435,0.0005,0.5,35,-20.407719179999997,0.052356865257024765
0.021482553333044052,17.44,15.889384269714355,12924,226359,226460,-0.08600808680057526,6437,0.0005,0.51,35,-20.068910359999997,1.3479242324829102
0.021803613752126694,17.32,16.0216007232666,12928,226420,226521,0.9904347062110901,6438,0.0005,0.5,35,-20.265059310000005,0.18471232056617737
0.022175565361976624,17.21,18.43478012084961,12932,226474,226575,0.07333427667617798,6440,0.0005,0.5,35,-20.24703059,0.03741399943828583
0.022433318197727203,17.05,17.852081298828125,12936,226535,226636,-0.15357020497322083,6441,0.0005,0.5,35,-20.17206615,0.0803837701678276
0.022412458434700966,17.05,17.89410972595215,12940,226596,226697,0.4338796138763428,6443,0.0005,0.5,35,-20.398656059999997,0.11885349452495575
0.022754907608032227,17.12,15.531919479370117,12944,226664,226765,0.34667277336120605,6445,0.0005,0.49,35,-20.766365150000002,0.23104776442050934
0.023052411153912544,17.07,17.548982620239258,12948,226725,226826,1.2386844158172607,6447,0.0005,0.49,35,-20.418577049999996,0.11643213778734207
0.02372816763818264,17.06,16.51247215270996,12952,226792,226893,-0.4123823642730713,6448,0.0005,0.5,35,-19.915608029999994,0.19718807935714722
0.023418515920639038,17.15,17.751758575439453,12956,226878,226979,-0.15493400394916534,6451,0.0005,0.51,35,-19.880931229999998,1.213784098625183
0.023087067529559135,16.96,16.34270477294922,12960,226929,227030,-0.43456101417541504,6452,0.0005,0.52,35,-19.45867115,0.05272660404443741
0.022760426625609398,16.92,16.018932342529297,12964,226993,227094,0.06266675889492035,6454,0.0005,0.51,35,-19.798121840000004,1.091320514678955
0.022406207397580147,16.88,18.055269241333008,12968,227065,227166,-0.6840410232543945,6456,0.0005,0.5,35,-20.27991231,0.09937627613544464
0.022130407392978668,16.84,16.058351516723633,12972,227136,227237,0.23519963026046753,6457,0.0005,0.52,35,-19.92242388,0.17096295952796936
0.022146526724100113,16.82,17.850250244140625,12976,227205,227306,0.733283281326294,6459,0.0005,0.51,35,-20.258145239999998,0.1142519861459732
0.02217668667435646,16.81,15.72938060760498,12980,227275,227376,0.1976582407951355,6461,0.0005,0.49,35,-20.946660299999998,0.03944802284240723
0.02262035384774208,16.9,16.085403442382812,12984,227365,227466,0.14028915762901306,6463,0.0005,0.5,35,-20.79644396,0.11456335335969925
0.022348085418343544,16.71,16.530487060546875,12988,227426,227527,0.7241621017456055,6465,0.0005,0.49,35,-21.057264919999998,0.05227755010128021
0.02220992185175419,16.63,17.240907669067383,12992,227487,227588,0.45384669303894043,6467,0.0005,0.5,35,-20.88311526,0.12454836070537567
0.022144917398691177,16.68,17.40003776550293,12996,227563,227664,-1.2795581817626953,6469,0.0005,0.51,35,-20.75340927,0.08210825175046921
0.02157433331012726,16.78,15.825729370117188,13000,227643,227744,-0.06776075065135956,6471,0.0005,0.51,35,-20.904065380000002,0.1357363611459732
0.021219242364168167,16.91,16.150928497314453,13004,227720,227821,-0.7722384929656982,6473,0.0005,0.51,35,-21.033589109999998,0.08140555024147034
0.02111220546066761,17.16,16.501110076904297,13008,227798,227899,-0.7121865749359131,6475,0.0005,0.51,35,-21.131126729999995,0.9596805572509766
0.02124909497797489,17.32,19.735092163085938,13012,227876,227977,0.06514206528663635,6477,0.0005,0.51,35,-21.125428359999997,0.959721565246582
0.02108793891966343,17.33,17.57028579711914,13016,227966,228067,0.35766956210136414,6480,0.0005,0.52,35,-20.921329909999994,0.11811965703964233
0.021186187863349915,17.37,17.41283416748047,13020,228031,228132,0.08488953113555908,6482,0.0005,0.53,35,-20.580809889999998,0.16329586505889893
0.021265173330903053,17.37,15.042619705200195,13024,228096,228197,0.5785094499588013,6483,0.0005,0.51,35,-21.232157190000002,0.08940248936414719
0.02168947085738182,17.36,16.228450775146484,13028,228156,228257,0.2863525152206421,6485,0.0005,0.53,35,-20.589918890000003,0.08515370637178421
0.021612253040075302,17.53,17.473217010498047,13032,228227,228328,0.4498700499534607,6487,0.0005,0.53,35,-20.737373509999998,0.1386290192604065
0.02152438275516033,17.66,16.136194229125977,13036,228301,228402,0.21104228496551514,6489,0.0005,0.54,35,-20.31847451,0.024389168247580528
0.021776244044303894,17.76,16.81716537475586,13040,228372,228473,-0.19024373590946198,6491,0.0005,0.54,35,-20.23297736,1.3609977960586548
0.021930232644081116,17.72,17.13629913330078,13044,228436,228537,-0.7210163474082947,6493,0.0005,0.55,35,-19.83983385,0.5140576362609863
0.02133682183921337,17.92,17.17531967163086,13048,228517,228618,-0.3949054479598999,6495,0.0005,0.56,35,-19.712807710000003,0.21635377407073975
0.020941492170095444,17.92,16.384761810302734,13052,228584,228685,-0.4622774124145508,6497,0.0005,0.54,35,-20.330137169999997,0.05646923556923866
0.020962102338671684,17.77,17.16952133178711,13056,228655,228756,-0.15560971200466156,6499,0.0005,0.54,35,-20.13441553,0.08849263191223145
0.020726310089230537,17.8,17.208110809326172,13060,228709,228810,-0.24626219272613525,6500,0.0005,0.53,35,-20.510609959999996,0.5676337480545044
0.02081766352057457,17.75,16.799365997314453,13064,228768,228869,0.383318156003952,6502,0.0005,0.51,35,-21.01633376,0.03990022838115692
0.021164920181035995,17.76,17.254150390625,13068,228841,228942,-0.9779864549636841,6503,0.0005,0.52,35,-20.526798990000003,0.4704985022544861
0.02097412943840027,17.78,16.263080596923828,13072,228914,229015,0.17027202248573303,6505,0.0005,0.52,35,-20.52754423,0.046231940388679504
0.020716330036520958,17.86,16.31291961669922,13076,228991,229092,0.47360122203826904,6507,0.0005,0.53,35,-20.309039470000002,0.01614803448319435
0.02121770940721035,17.94,15.927567481994629,13080,229069,229170,0.018932878971099854,6509,0.0005,0.53,35,-20.00497437,1.3654913902282715
0.0215020552277565,17.67,16.581356048583984,13084,229132,229233,0.35196518898010254,6511,0.0005,0.5,35,-20.71394136,0.04576249420642853
0.02189282886683941,17.76,15.399431228637695,13088,229202,229303,-0.07828781008720398,6512,0.0005,0.48,35,-21.40918617,0.09366929531097412
0.022269828245043755,17.82,15.80082893371582,13092,229269,229370,-0.18368324637413025,6514,0.0005,0.47,35,-21.735887440000003,0.6209408044815063
0.022351069375872612,17.7,19.775381088256836,13096,229333,229434,0.23005220293998718,6516,0.0005,0.46,35,-21.992180619999996,0.07201284915208817
0.021976288408041,17.46,16.880939483642578,13100,229389,229490,-0.4788925051689148,6518,0.0005,0.45,35,-22.161142499999997,0.316547691822052
0.02149931900203228,17.4,15.904582023620605,13104,229460,229561,-0.2981983423233032,6520,0.0005,0.43,35,-22.675673080000003,0.041186317801475525
0.021260878071188927,17.37,15.870845794677734,13108,229535,229636,-0.14730387926101685,6522,0.0005,0.42,35,-22.915181970000003,0.08384976536035538
0.02112647518515587,17.36,14.576215744018555,13112,229612,229713,-0.2893752455711365,6524,0.0005,0.44,35,-22.58991583,0.03367793560028076
0.021141737699508667,17.29,16.984745025634766,13116,229695,229796,0.30882224440574646,6526,0.0005,0.44,35,-22.535108120000004,0.24524806439876556
0.021470315754413605,17.31,16.422561645507812,13120,229762,229863,-0.13485336303710938,6528,0.0005,0.41,35,-23.336618470000005,0.06339196860790253
0.02147403173148632,17.44,16.98473358154297,13124,229840,229941,0.22187428176403046,6530,0.0005,0.42,35,-23.088137980000006,0.06576694548130035
0.02158006839454174,17.45,16.131954193115234,13128,229901,230002,-0.7341490983963013,6569,0.0005,0.39,35,-24.031042359999997,0.3431839048862457
0.021736564114689827,17.42,16.935022354125977,13132,229969,230070,0.1011611819267273,6571,0.0005,0.39,35,-24.058097260000004,0.07180382311344147
0.02163299359381199,17.37,16.25827407836914,13136,230038,230139,-0.09673384577035904,6572,0.0005,0.38,35,-24.51212639,0.11411398649215698
0.02190486341714859,17.34,16.752355575561523,13140,230106,230207,0.13832424581050873,6574,0.0005,0.38,35,-24.635165660000002,0.15212848782539368
0.021586567163467407,17.27,15.679309844970703,13144,230163,230264,-0.6252995729446411,6576,0.0005,0.39,35,-24.291416550000005,2.164438247680664
0.021305862814188004,17.13,15.932516098022461,13148,230230,230331,-0.845734715461731,6578,0.0005,0.39,35,-24.333156100000007,0.13540947437286377
0.02138972096145153,17.13,16.929258346557617,13152,230297,230398,-0.2587108016014099,6579,0.0005,0.39,35,-24.377769289999996,0.187066450715065
0.021374518051743507,16.97,16.13319969177246,13156,230352,230453,0.2957616448402405,6581,0.0005,0.37,35,-24.93434843,0.06813101470470428
0.02148905210196972,16.97,18.568763732910156,13160,230406,230507,0.8755609393119812,6582,0.0005,0.38,35,-24.553846949999997,0.9908982515335083
0.02168833278119564,17.06,16.600513458251953,13164,230474,230575,0.25434398651123047,6584,0.0005,0.39,35,-24.340993960000006,0.1105884313583374
0.02153237909078598,16.83,17.045276641845703,13168,230524,230625,-1.2320420742034912,6585,0.0005,0.36,35,-25.19665451,0.14157506823539734
0.021309277042746544,16.69,15.254764556884766,13172,230583,230684,-0.10983660817146301,6587,0.0005,0.34,35,-25.699559960000002,1.1269567012786865
0.02143154852092266,16.43,16.654603958129883,13176,230634,230735,-0.5581228733062744,6588,0.0005,0.32,35,-26.14084973,0.06647257506847382
0.02147669345140457,16.34,16.58646583557129,13180,230703,230804,-1.082411527633667,6590,0.0005,0.31,35,-26.49549475,0.01801362819969654
0.02131788060069084,16.3,17.91941261291504,13184,230762,230863,-0.20303665101528168,6592,0.0005,0.3,35,-26.752997800000003,0.3981750011444092
0.021355072036385536,16.32,17.545883178710938,13188,230834,230935,-0.08232711255550385,6594,0.0005,0.32,35,-26.037428810000005,0.049264177680015564
0.021520627662539482,16.3,16.21670913696289,13192,230899,231000,-0.4075280427932739,6595,0.0005,0.34,35,-25.459097220000004,0.09613752365112305
0.021381955593824387,16.27,15.926973342895508,13196,230960,231061,-0.18402767181396484,6597,0.0005,0.34,35,-25.228783429999993,0.11569392681121826
0.02160182222723961,16.42,17.68648910522461,13200,231031,231132,-0.019423283636569977,6599,0.0005,0.35,35,-24.9163294,0.04741307720541954
0.021266277879476547,16.33,18.277639389038086,13204,231093,231194,-0.23499637842178345,6601,0.0005,0.36,35,-24.510328949999995,0.03292570635676384
0.021427148953080177,16.41,18.316661834716797,13208,231176,231277,0.19463983178138733,6603,0.0005,0.39,35,-23.743934779999996,0.1903693974018097
0.022072818130254745,16.35,16.35948371887207,13212,231247,231348,0.48266497254371643,6605,0.0005,0.39,35,-23.495392849999998,0.05304042994976044
0.022357607260346413,16.32,17.995925903320312,13216,231327,231428,0.5137704014778137,6607,0.0005,0.37,35,-23.931055139999998,0.049732670187950134
0.022466562688350677,16.17,16.379127502441406,13220,231379,231480,-0.5387258529663086,6609,0.0005,0.38,35,-23.811052749999998,0.16703122854232788
0.022673264145851135,16.07,16.618894577026367,13224,231447,231548,-0.16890285909175873,6610,0.0005,0.38,35,-23.879016759999995,0.4172499179840088
0.022779306396842003,16.2,16.425106048583984,13228,231521,231622,-0.42593979835510254,6612,0.0005,0.41,35,-23.041758440000002,0.07995687425136566
0.022071445360779762,16.19,16.919641494750977,13232,231588,231689,-0.239437997341156,6614,0.0005,0.42,35,-22.760214579999996,0.13955751061439514
0.021878374740481377,15.98,16.911222457885742,13236,231636,231737,0.781012237071991,6615,0.0005,0.4,35,-23.247088989999998,0.04406055063009262
0.02144053764641285,16.07,18.782716751098633,13240,231713,231814,-0.23968224227428436,6617,0.0005,0.39,35,-23.397783989999994,1.5808415412902832
0.021339552477002144,16.07,16.58167266845703,13244,231770,231871,-0.074750155210495,6619,0.0005,0.36,35,-24.24812925,0.7822627425193787
0.021261151880025864,16.21,17.086639404296875,13248,231851,231952,0.37937241792678833,6621,0.0005,0.36,35,-24.16126247,0.366277277469635
0.021054215729236603,16.25,16.170902252197266,13252,231922,232023,-0.8082189559936523,6623,0.0005,0.38,35,-23.669528870000004,0.2063320130109787
0.02072817273437977,16.41,18.85992431640625,13256,231993,232094,0.9276312589645386,6625,0.0005,0.4,35,-23.109357340000006,0.3205602765083313
0.02112172730267048,16.53,17.913578033447266,13260,232059,232160,1.1321264505386353,6626,0.0005,0.43,35,-22.32859519,0.07751007378101349
0.021639591082930565,16.53,16.526535034179688,13264,232127,232228,0.06965695321559906,6628,0.0005,0.43,35,-22.417228879999996,0.08569861948490143
0.02152235619723797,16.74,17.19279670715332,13268,232198,232299,-0.2161388099193573,6630,0.0005,0.45,35,-21.892011469999996,0.6928408145904541
0.021311527118086815,16.78,16.277820587158203,13272,232261,232362,-0.7458244562149048,6631,0.0005,0.47,35,-21.237929970000003,0.8768113255500793
0.020948247984051704,16.97,17.13055419921875,13276,232331,232432,0.30445894598960876,6633,0.0005,0.48,35,-20.924824470000004,0.14701278507709503
0.021207787096500397,16.89,16.096040725708008,13280,232392,232493,0.20359835028648376,6634,0.0005,0.49,35,-20.683131600000003,0.5006775259971619
0.021279718726873398,16.89,19.204139709472656,13284,232451,232552,-0.8362723588943481,6636,0.0005,0.5,35,-20.39826451,0.13977210223674774
0.021186944097280502,16.81,17.973175048828125,13288,232515,232616,0.48138922452926636,6637,0.0005,0.51,35,-20.077695280000004,0.1801588535308838
0.021719593554735184,16.88,16.182966232299805,13292,232587,232688,-0.458387553691864,6639,0.0005,0.51,35,-20.12285872,0.8517294526100159
0.02165096439421177,16.85,16.944490432739258,13296,232645,232746,0.7687166929244995,6641,0.0005,0.53,35,-19.574290519999998,1.0441285371780396
0.021403660997748375,16.71,17.095962524414062,13300,232702,232803,0.06819987297058105,6642,0.0005,0.52,35,-20.03310063,0.16674871742725372
0.020753629505634308,16.76,16.497421264648438,13304,232769,232870,-0.4550320506095886,6643,0.0005,0.52,35,-20.23630126,0.12794995307922363
0.020192470401525497,16.56,15.975506782531738,13308,232832,232933,1.1615430116653442,6645,0.0005,0.5,35,-20.78410358,0.2568652629852295
0.02038513496518135,16.49,17.49910545349121,13312,232896,232997,0.023875005543231964,6646,0.0005,0.51,35,-20.59910634,0.19148021936416626
0.02036069706082344,16.3,16.645973205566406,13316,232957,233058,0.05435381829738617,6648,0.0005,0.5,35,-20.857802200000002,0.042843207716941833
0.020257214084267616,16.37,18.502727508544922,13320,233016,233117,0.061814889311790466,6649,0.0005,0.49,35,-21.0593655,0.06502027809619904
0.020225662738084793,16.3,15.671295166015625,13324,233077,233178,0.13668636977672577,6650,0.0005,0.49,35,-21.00670865,0.37322765588760376
0.02054348960518837,16.27,16.039997100830078,13328,233148,233249,0.6742873191833496,6652,0.0005,0.47,35,-21.458758169999996,0.12303312122821808
0.0221646036952734,16.38,15.981496810913086,13332,233226,233327,3.8226683139801025,6653,0.0005,0.46,35,-21.67991591,0.6120471954345703
0.024536840617656708,16.52,27.293258666992188,13336,233288,233389,8.531514167785645,6655,0.0005,0.48,35,-21.01926056,23.878189086914062
0.027923401445150375,16.57,20.790224075317383,13340,233370,233471,2.9721364974975586,6656,0.0005,0.48,35,-21.138554789999997,1.8743205070495605
0.029169658198952675,16.93,18.4061222076416,13344,233463,233564,0.22716215252876282,6658,0.0005,0.49,35,-21.16387654,0.526932954788208
0.029759086668491364,17.09,16.458946228027344,13348,233560,233661,-0.08565527200698853,6661,0.0005,0.49,35,-21.397524569999995,0.2671900689601898
0.029797110706567764,17.1,18.68356704711914,13352,233632,233733,0.14055997133255005,6662,0.0005,0.48,35,-21.72823509,0.755427360534668
0.029671626165509224,17.12,17.865371704101562,13356,233705,233806,-1.5940431356430054,6664,0.0005,0.47,35,-22.19550628,0.9351621270179749
0.02909941039979458,17.18,17.867496490478516,13360,233777,233878,-0.931715726852417,6666,0.0005,0.46,35,-22.595850099999996,0.9196041822433472
0.028365308418869972,17.29,17.933320999145508,13364,233856,233957,-1.2854160070419312,6668,0.0005,0.46,35,-22.633027329999994,2.481308937072754
0.026197638362646103,20.05,18.210445404052734,13368,234203,234304,-0.060231663286685944,6677,0.0005,0.46,35,-24.19998192,0.17484134435653687
0.025920741260051727,20.56,15.448616027832031,13372,234317,234418,-0.45752984285354614,6680,0.0005,0.45,35,-24.97973145,0.11922802776098251
0.02580026350915432,20.43,16.197526931762695,13376,234374,234475,0.32603543996810913,6682,0.0005,0.45,35,-24.958476930000003,0.6265136003494263
0.02605116181075573,20.57,16.384998321533203,13380,234449,234550,0.46590495109558105,6684,0.0005,0.45,35,-25.05557091,0.14273008704185486
0.026330452412366867,20.8,16.232585906982422,13384,234531,234632,0.5826331377029419,6686,0.0005,0.46,35,-25.042735649999994,0.2491600066423416
0.0266263484954834,20.88,18.19757080078125,13388,234603,234704,-0.26055657863616943,6688,0.0005,0.44,35,-25.674658680000004,0.14931374788284302
0.026753468438982964,21.07,17.478397369384766,13392,234694,234795,0.31248319149017334,6690,0.0005,0.42,35,-26.445887390000003,0.5008440613746643
0.026998449116945267,21.29,18.086181640625,13396,234774,234875,0.4555389881134033,6693,0.0005,0.4,35,-27.18234722,0.2405610829591751
0.027130134403705597,21.38,18.458717346191406,13400,234840,234941,-0.2018536925315857,6695,0.0005,0.43,35,-26.209623510000007,0.34480783343315125
0.027087565511465073,21.61,18.058612823486328,13404,234930,235031,-0.09144659340381622,6698,0.0005,0.44,35,-26.057883479999997,0.1690349280834198
0.02700146846473217,21.86,17.339433670043945,13408,235018,235119,0.14002205431461334,6700,0.0005,0.44,35,-26.180534829999992,0.1417534053325653
0.026875486597418785,21.98,18.253461837768555,13412,235094,235195,-0.6981589794158936,6702,0.0005,0.41,35,-27.313006289999997,0.23234909772872925
0.026875806972384453,22.28,17.49026870727539,13416,235185,235286,-0.3161153197288513,6704,0.0005,0.41,35,-27.631651029999997,0.1179838627576828
0.026809172704815865,22.3,17.68600845336914,13420,235246,235347,0.4177471399307251,6706,0.0005,0.44,35,-26.786689449999997,0.24198274314403534
0.026790840551257133,22.41,18.42215347290039,13424,235318,235419,-0.0821993350982666,6708,0.0005,0.43,35,-27.083659039999993,0.13890114426612854
0.02665635198354721,22.48,17.700664520263672,13428,235396,235497,-0.11729766428470612,6710,0.0005,0.43,35,-27.29768684,0.11368555575609207
0.026515524834394455,22.53,17.21916961669922,13432,235479,235580,0.273065984249115,6712,0.0005,0.44,35,-27.185789030000002,0.42232728004455566
0.026635676622390747,22.74,18.55667495727539,13436,235562,235663,0.976816713809967,6714,0.0005,0.42,35,-27.951714369999994,0.09159982949495316
0.026886267587542534,22.7,16.742389678955078,13440,235640,235741,-0.42826998233795166,6716,0.0005,0.42,35,-28.02083883,0.10033392906188965
0.02677115797996521,22.53,14.111862182617188,13444,235716,235817,-0.6050972938537598,6718,0.0005,0.42,35,-27.993837510000006,0.31814315915107727
0.026594646275043488,22.37,17.01946449279785,13448,235797,235898,0.0833716094493866,6721,0.0005,0.43,35,-27.645929199999998,0.11116631329059601
0.026601595804095268,22.3,17.6864013671875,13452,235862,235963,-0.09515726566314697,6723,0.0005,0.44,35,-27.152724949999996,0.23668664693832397
0.02633478306233883,22.36,17.029216766357422,13456,235941,236042,-0.05623079836368561,6725,0.0005,0.43,35,-27.322575540000006,0.2223397046327591
0.026275742799043655,22.38,17.73940658569336,13460,236015,236116,0.009369313716888428,6727,0.0005,0.4,35,-28.116122790000006,0.31232690811157227
0.0260066669434309,22.4,16.126863479614258,13464,236096,236197,-0.849323570728302,6729,0.0005,0.39,35,-28.336326530000004,0.32769954204559326
0.02535821497440338,19.69,16.75403594970703,13468,236172,236273,-0.6600249409675598,6731,0.0005,0.39,35,-26.874158250000004,1.0281342267990112
0.02456073835492134,19.38,16.54143524169922,13472,236255,236356,-0.26035282015800476,6733,0.0005,0.4,35,-26.279457140000005,0.08045771718025208
0.025167955085635185,19.57,16.527084350585938,13476,236331,236432,0.9745287895202637,6735,0.0005,0.39,35,-26.58085353,0.34655797481536865
0.025866147130727768,19.57,17.521047592163086,13480,236406,236507,0.5774160623550415,6737,0.0005,0.4,35,-26.331605790000005,0.15365830063819885
0.025930963456630707,19.4,16.35184669494629,13484,236471,236572,-0.6315429210662842,6738,0.0005,0.4,35,-26.162024209999995,0.08832604438066483
0.025836102664470673,19.39,17.855756759643555,13488,236542,236643,0.5820121765136719,6740,0.0005,0.41,35,-25.982571829999998,0.2074836790561676
0.025981299579143524,19.3,18.157150268554688,13492,236624,236725,0.061652541160583496,6742,0.0005,0.4,35,-26.096423749999996,0.2572954595088959
0.02583775855600834,19.24,17.46773910522461,13496,236698,236799,0.30815690755844116,6744,0.0005,0.41,35,-25.786746940000004,1.26352059841156
0.02569597214460373,19.18,16.746444702148438,13500,236758,236859,0.0025551170110702515,6746,0.0005,0.4,35,-26.066211720000005,0.2632688283920288
0.025617966428399086,19.01,14.938796997070312,13504,236831,236932,-0.1602356880903244,6748,0.0005,0.4,35,-25.825465710000003,0.3070123791694641
0.025618204846978188,18.75,16.359447479248047,13508,236893,236994,-0.014512300491333008,6750,0.0005,0.4,35,-25.67081654,0.12726442515850067
0.025233108550310135,18.66,15.403328895568848,13512,236960,237061,-0.6404100656509399,6752,0.0005,0.44,35,-24.213142789999996,0.13761112093925476
0.02550891786813736,18.48,15.847284317016602,13516,237033,237134,-0.05744794011116028,6753,0.0005,0.44,35,-24.157219379999997,0.1297910511493683
0.02572351135313511,18.63,16.870384216308594,13520,237109,237210,0.0018212944269180298,6755,0.0005,0.43,35,-24.51944625,2.212650775909424
0.025836452841758728,18.6,16.697370529174805,13524,237178,237279,-0.23815321922302246,6757,0.0005,0.44,35,-24.153567549999998,0.1427995264530182
0.02588977850973606,18.45,18.10403823852539,13528,237241,237342,0.13471674919128418,6759,0.0005,0.44,35,-24.10797927,0.4910086691379547
0.025845732539892197,18.36,17.938533782958984,13532,237315,237416,0.006248772144317627,6761,0.0005,0.43,35,-24.372955009999995,0.10231481492519379
0.026260077953338623,18.27,17.0455322265625,13536,237389,237490,0.07790578901767731,6763,0.0005,0.47,35,-23.123066799999997,0.050454460084438324
0.02652077190577984,18.13,16.338943481445312,13540,237453,237554,-0.4300382137298584,6765,0.0005,0.47,35,-22.95871383,0.08121807873249054
0.026961036026477814,18.2,17.618873596191406,13544,237536,237637,0.2999553680419922,6767,0.0005,0.49,35,-22.225497459999996,0.16915352642536163
0.02718638814985752,17.97,16.246877670288086,13548,237594,237695,0.21202901005744934,6768,0.0005,0.47,35,-22.81014402,0.17035041749477386
0.027337905019521713,18.09,17.150371551513672,13552,237671,237772,0.7358403205871582,6771,0.0005,0.46,35,-23.204653569999994,0.1858922839164734
0.027357276529073715,17.95,18.973909378051758,13556,237736,237837,0.321893572807312,6772,0.0005,0.48,35,-22.642474819999997,0.0644076019525528
0.027055632323026657,17.94,18.8450984954834,13560,237809,237910,0.4655388295650482,6774,0.0005,0.5,35,-22.053539859999997,0.19446133077144623
0.026698192581534386,17.85,16.065479278564453,13564,237881,237982,0.0060004740953445435,6776,0.0005,0.49,35,-22.184256739999995,0.27484264969825745
0.02599082887172699,17.84,17.971155166625977,13568,237956,238057,-0.706475019454956,6778,0.0005,0.5,35,-21.926683670000003,0.20080554485321045
0.024914054200053215,17.82,16.56574249267578,13572,238037,238138,-0.706990122795105,6780,0.0005,0.5,35,-21.82839448,0.13074608147144318
0.024494800716638565,17.75,16.728227615356445,13576,238106,238207,-0.6203454732894897,6782,0.0005,0.52,35,-21.335090650000005,0.12493922561407089
0.02413950487971306,17.67,16.478565216064453,13580,238173,238274,-1.056876301765442,6784,0.0005,0.54,35,-20.599503980000005,0.1359780728816986
0.023206185549497604,17.66,16.26920509338379,13584,238237,238338,0.05027729272842407,6786,0.0005,0.55,35,-20.276727119999997,0.8588083982467651
0.023036004975438118,17.62,16.59714698791504,13588,238304,238405,-0.692685604095459,6787,0.0005,0.56,35,-19.919180029999996,0.48896485567092896
0.023384638130664825,17.56,19.521398544311523,13592,238380,238481,-1.0402569770812988,6790,0.0005,0.57,35,-19.76668416,0.4855005145072937
0.022567354142665863,17.48,17.643535614013672,13596,238446,238547,0.1320556402206421,6791,0.0005,0.56,35,-20.08763762,0.14979501068592072
0.022136613726615906,17.58,19.961074829101562,13600,238516,238617,-0.4330834150314331,6793,0.0005,0.55,35,-20.53160969,1.014101266860962
0.02298305556178093,17.63,17.94791030883789,13604,238594,238695,1.1166220903396606,6795,0.0005,0.56,35,-20.30598071,0.09745094180107117
0.023093661293387413,17.9,15.616180419921875,13608,238683,238784,-0.8457002639770508,6798,0.0005,0.55,35,-20.507300320000002,0.32711079716682434
0.023313427343964577,17.8,17.628379821777344,13612,238740,238841,0.28698551654815674,6800,0.0005,0.52,35,-21.35545334,0.15515321493148804
0.023526333272457123,17.78,18.22495460510254,13616,238811,238912,-0.6466572880744934,6802,0.0005,0.53,35,-20.948031569999998,0.07818230986595154
0.02335285022854805,17.69,16.723241806030273,13620,238878,238979,0.07575828582048416,6803,0.0005,0.52,35,-21.15038581,0.1273527592420578
0.02320292592048645,17.57,18.81019401550293,13624,238935,239036,0.8761301040649414,6805,0.0005,0.53,35,-20.82902233,0.105135478079319
0.0230800062417984,17.53,17.67443084716797,13628,238994,239095,0.48862215876579285,6807,0.0005,0.52,35,-21.084257860000008,0.14321377873420715
0.023247912526130676,17.44,16.30792999267578,13632,239059,239160,0.16279397904872894,6808,0.0005,0.53,35,-20.62870422,1.8104541301727295
0.022417765110731125,17.43,17.263614654541016,13636,239132,239233,-0.9627006649971008,6810,0.0005,0.52,35,-20.841312920000004,0.07228909432888031
0.022069917991757393,17.33,15.55412769317627,13640,239186,239287,-0.2018691897392273,6812,0.0005,0.53,35,-20.404833230000005,0.9296755194664001
0.021375807002186775,17.22,19.698570251464844,13644,239258,239359,1.907598853111267,6814,0.0005,0.53,35,-20.39560508,0.8673377633094788
0.02377445437014103,17.27,16.805965423583984,13648,239321,239422,1.802243709564209,6816,0.0005,0.53,35,-20.24228192,0.3261799216270447
0.024428073316812515,17.03,17.929967880249023,13652,239374,239475,1.805336356163025,6817,0.0005,0.53,35,-20.080475820000004,0.16973745822906494
0.02515810914337635,17.04,16.71533966064453,13656,239440,239541,0.0494174063205719,6819,0.0005,0.54,35,-19.75072979,0.21704813838005066
0.025209536775946617,16.94,17.532073974609375,13660,239503,239604,1.0110987424850464,6821,0.0005,0.54,35,-19.60029191,0.06320984661579132
0.025325600057840347,16.98,18.575157165527344,13664,239579,239680,-0.6544848680496216,6823,0.0005,0.58,35,-18.544634350000003,0.3640700876712799
0.024952787905931473,17.01,16.41390609741211,13668,239657,239758,-0.3613423705101013,6825,0.0005,0.56,35,-18.999934600000003,0.11821427941322327
0.024607663974165916,17.0,16.537269592285156,13672,239737,239838,-0.7116434574127197,6827,0.0005,0.55,35,-19.24447041,0.08495420217514038
0.024549070745706558,16.94,19.429645538330078,13676,239800,239901,0.14087770879268646,6829,0.0005,0.53,35,-19.74398353,0.16691181063652039
0.02432962879538536,17.02,17.886119842529297,13680,239875,239976,-0.3588930368423462,6831,0.0005,0.53,35,-19.797685840000003,0.4890444278717041
0.024107102304697037,17.05,18.49617576599121,13684,239942,240043,0.010891318321228027,6847,0.0005,0.53,35,-19.80152568,0.09848546981811523
0.023969046771526337,17.01,15.585115432739258,13688,240005,240106,-0.7758058905601501,6849,0.0005,0.51,35,-20.345860520000002,0.256234735250473
0.02387109585106373,16.96,19.57063865661621,13692,240076,240177,0.46090275049209595,6851,0.0005,0.52,35,-19.844921430000003,0.10624782741069794
0.023692959919571877,17.14,18.693172454833984,13696,240160,240261,-0.26220065355300903,6853,0.0005,0.55,35,-18.96805438,0.37140727043151855
0.023602306842803955,17.16,18.29538917541504,13700,240232,240333,0.21459639072418213,6855,0.0005,0.55,35,-18.8428225,0.2370954304933548
0.023468410596251488,17.08,17.90610122680664,13704,240302,240403,-0.039793163537979126,6857,0.0005,0.54,35,-19.12795058,0.7931062579154968
0.023320980370044708,16.77,15.532261848449707,13708,240360,240461,-0.294101357460022,6859,0.0005,0.55,35,-18.88448949,0.6207847595214844
0.02320207469165325,16.82,15.447373390197754,13712,240422,240523,0.04453419893980026,6860,0.0005,0.56,35,-18.62675616,0.11289466172456741
0.023435063660144806,16.8,17.010568618774414,13716,240491,240592,0.24694190919399261,6862,0.0005,0.55,35,-18.81724134,0.08979970216751099
0.023455483838915825,17.03,17.68227767944336,13720,240581,240682,-0.2049969732761383,6864,0.0005,0.57,35,-18.333427219999997,0.10368338227272034
0.023238815367221832,17.28,18.659137725830078,13724,240663,240764,0.07280431687831879,6867,0.0005,0.55,35,-18.90296321,1.1579442024230957
0.023099631071090698,17.31,16.46480369567871,13728,240725,240826,0.25607919692993164,6868,0.0005,0.55,35,-18.78218897,0.41679441928863525
0.023052195087075233,17.47,15.112001419067383,13732,240806,240907,1.1196584701538086,6871,0.0005,0.54,35,-19.07904361,1.57896089553833
0.023228149861097336,17.55,18.079404830932617,13736,240887,240988,-0.31470879912376404,6873,0.0005,0.53,35,-19.59680457,0.21346724033355713
0.024181267246603966,17.6,18.31711196899414,13740,240946,241047,1.8594250679016113,6874,0.0005,0.52,35,-20.18258881,0.4158242642879486
0.025349734351038933,17.57,17.277524948120117,13744,241015,241116,0.01624816656112671,6876,0.0005,0.51,35,-20.50210631,0.780970573425293
0.02512262761592865,17.59,17.320283889770508,13748,241080,241181,-0.06616776436567307,6878,0.0005,0.53,35,-19.997184289999996,0.46249130368232727
0.02526305615901947,17.67,17.317893981933594,13752,241141,241242,0.2254706174135208,6880,0.0005,0.53,35,-20.18710827,0.1661108136177063
0.025228794664144516,17.81,18.72103500366211,13756,241221,241322,0.06894870847463608,6882,0.0005,0.52,35,-20.533251540000002,0.3629116415977478
0.024753281846642494,17.8,17.079078674316406,13760,241283,241384,-0.34761732816696167,6884,0.0005,0.53,35,-20.33363725,0.08237909525632858
0.0241994746029377,17.76,16.80107879638672,13764,241355,241456,-0.12840282917022705,6886,0.0005,0.52,35,-20.592882079999995,0.2552203834056854
0.023848330602049828,17.67,17.720001220703125,13768,241424,241525,-0.4104926586151123,6888,0.0005,0.53,35,-20.253116209999998,0.28678128123283386
0.023777367547154427,17.54,16.326068878173828,13772,241491,241592,0.5416742563247681,6890,0.0005,0.53,35,-20.16727642,0.15708932280540466
0.024095693603157997,17.53,16.842029571533203,13776,241553,241654,0.006775572896003723,6892,0.0005,0.54,35,-19.91788754,0.10551782697439194
0.024464206770062447,17.44,14.316791534423828,13780,241619,241720,-0.9057319760322571,6893,0.0005,0.52,35,-20.43987082,0.09966833144426346
0.024664461612701416,17.38,15.697973251342773,13784,241680,241781,1.285707712173462,6895,0.0005,0.5,35,-20.85982848,0.25036370754241943
0.02470957115292549,17.47,16.564956665039062,13788,241752,241853,-0.39681828022003174,6897,0.0005,0.52,35,-20.25145844,0.13755816221237183
0.024754337966442108,17.41,17.41463851928711,13792,241817,241918,-0.06503230333328247,6898,0.0005,0.53,35,-19.89761159,0.09056604653596878
0.024803822860121727,17.21,17.55967140197754,13796,241881,241982,-0.41644299030303955,6900,0.0005,0.52,35,-20.11632525,1.0837132930755615
0.0248752199113369,17.06,17.544017791748047,13800,241938,242039,0.054460734128952026,6902,0.0005,0.53,35,-19.799163789999998,0.8355649709701538
0.024699617177248,17.08,17.167831420898438,13804,242010,242111,-0.34749332070350647,6904,0.0005,0.53,35,-19.75196579,2.1981687545776367
0.02427992783486843,17.21,16.503665924072266,13808,242081,242182,-0.34824708104133606,6905,0.0005,0.52,35,-19.988577919999997,0.06685397028923035
0.024239156395196915,17.3,18.03379249572754,13812,242152,242253,0.43398216366767883,6907,0.0005,0.52,35,-19.999408579999997,0.2276603877544403
0.024348348379135132,17.1,18.86731719970703,13816,242201,242302,0.3328244090080261,6909,0.0005,0.51,35,-20.279575790000003,0.2102709263563156
0.024766240268945694,17.02,16.03948402404785,13820,242283,242384,-0.10939830541610718,6911,0.0005,0.51,35,-20.23637103,0.21905329823493958
0.024976180866360664,16.7,16.24441909790039,13824,242333,242434,0.1234196275472641,6912,0.0005,0.51,35,-20.25468918,0.08268025517463684
0.024807287380099297,16.71,17.194637298583984,13828,242396,242497,-0.6241459846496582,6914,0.0005,0.53,35,-19.70623624,0.06473147869110107
0.02435530535876751,16.51,18.108720779418945,13832,242457,242558,0.003797866404056549,6916,0.0005,0.52,35,-20.0856863,0.0913921594619751
0.024079425260424614,16.28,16.967227935791016,13836,242515,242616,0.19666431844234467,6917,0.0005,0.51,35,-20.231357139999997,0.1363237053155899
0.023850269615650177,16.32,19.339014053344727,13840,242578,242679,0.7458289265632629,6919,0.0005,0.53,35,-19.525458779999997,0.26392602920532227
0.023353904485702515,16.5,16.753849029541016,13844,242665,242766,0.4317787289619446,6921,0.0005,0.54,35,-19.415441029999997,0.1699444055557251
0.023685714229941368,16.65,17.142284393310547,13848,242745,242846,-0.10960543155670166,6923,0.0005,0.53,35,-19.616117680000002,0.21797601878643036
0.024281011894345284,16.68,17.021883010864258,13852,242809,242910,-0.35529518127441406,6925,0.0005,0.54,35,-19.23525585,0.04736285284161568
0.024326050654053688,16.57,18.426624298095703,13856,242878,242979,-0.07683007419109344,6927,0.0005,0.54,35,-19.16189898,2.825572967529297
0.02419816143810749,16.59,17.672378540039062,13860,242942,243043,-0.06983190774917603,6929,0.0005,0.52,35,-19.81865153,0.06362910568714142
0.02389376424252987,16.59,17.09819984436035,13864,243014,243115,-0.46088749170303345,6931,0.0005,0.51,35,-20.03558671,0.16424033045768738
0.023473933339118958,16.58,16.50542449951172,13868,243082,243183,0.23902200162410736,6932,0.0005,0.5,35,-20.277792310000002,0.24311739206314087
0.02305850200355053,16.64,16.54830551147461,13872,243155,243256,-0.023283280432224274,6935,0.0005,0.49,35,-20.68755935,0.0701560527086258
0.02295326627790928,16.58,16.54443359375,13876,243211,243312,0.6932360529899597,6936,0.0005,0.49,35,-20.76468722,0.544050931930542
0.023231927305459976,16.61,15.923237800598145,13880,243280,243381,-0.4203495979309082,6938,0.0005,0.48,35,-21.104684600000006,0.07827280461788177
0.02351430244743824,16.64,18.544109344482422,13884,243344,243445,-0.615344762802124,6940,0.0005,0.5,35,-20.600439289999994,0.4070141911506653
0.02284521982073784,16.7,17.283849716186523,13888,243422,243523,-0.2144709974527359,6942,0.0005,0.5,35,-20.76086659,0.8743736743927002
0.02251107059419155,16.67,16.027099609375,13892,243484,243585,-0.23110684752464294,6943,0.0005,0.48,35,-21.380876979999996,1.4163216352462769
0.022088974714279175,16.65,17.893272399902344,13896,243546,243647,0.24017758667469025,6945,0.0005,0.47,35,-21.718285419999994,0.1679702252149582
0.021986696869134903,16.67,17.73642921447754,13900,243605,243706,-0.023557230830192566,6947,0.0005,0.45,35,-22.364180860000005,0.060673609375953674
0.02239479497075081,16.67,14.804351806640625,13904,243677,243778,-0.9729722738265991,6948,0.0005,0.47,35,-21.80721591,0.19145584106445312
0.023121913895010948,16.63,17.726268768310547,13908,243744,243845,7.337660789489746,6950,0.0005,0.47,35,-21.75266762,1.4883630275726318
0.024685028940439224,16.75,18.213085174560547,13912,243827,243928,-0.9124388694763184,6952,0.0005,0.46,35,-22.252102120000004,0.2519243359565735
0.024782199412584305,16.79,17.686338424682617,13916,243880,243981,0.9466242790222168,6954,0.0005,0.47,35,-22.20790915999999,0.39408546686172485
0.025006746873259544,16.79,15.996561050415039,13920,243962,244063,0.42007577419281006,6956,0.0005,0.48,35,-21.991440169999997,0.22640076279640198
0.025386732071638107,16.99,18.10428237915039,13924,244032,244133,0.15032796561717987,6958,0.0005,0.49,35,-21.639876449999996,0.5628541111946106
0.026028482243418694,16.89,18.40308952331543,13928,244085,244186,3.0209927558898926,6959,0.0005,0.47,35,-22.381354220000002,0.268903523683548
0.02753102220594883,16.91,17.73971176147461,13932,244148,244249,1.7859655618667603,6961,0.0005,0.49,35,-21.77832281,0.8788323402404785
0.02824930101633072,17.02,18.019367218017578,13936,244217,244318,0.41176339983940125,6963,0.0005,0.49,35,-21.697983879999995,0.194319948554039
0.02841133251786232,17.03,17.44448471069336,13940,244281,244382,-0.5090168714523315,6965,0.0005,0.47,35,-22.279284770000004,0.2003144919872284
0.02840483747422695,16.71,17.955595016479492,13944,244336,244437,-0.36463165283203125,6966,0.0005,0.44,35,-23.051428830000006,0.08699889481067657
0.028043217957019806,16.62,18.54657745361328,13948,244407,244508,-0.31712740659713745,6968,0.0005,0.45,35,-22.896171050000003,0.09369678050279617
0.02756609581410885,16.72,17.3859920501709,13952,244481,244582,-0.534067690372467,6970,0.0005,0.45,35,-23.073635959999997,0.16049745678901672
0.027186622843146324,16.7,17.494232177734375,13956,244548,244649,-1.0009788274765015,6972,0.0005,0.46,35,-22.8480758,0.13994905352592468
0.02685624547302723,16.67,16.780780792236328,13960,244609,244710,-0.4924752116203308,6974,0.0005,0.47,35,-22.61330627,0.788501501083374
0.02637387253344059,16.47,16.95181655883789,13964,244661,244762,-0.49531126022338867,6975,0.0005,0.46,35,-22.88463612,0.08703593164682388
0.02592838555574417,16.51,17.31125259399414,13968,244733,244834,-0.23568865656852722,6977,0.0005,0.48,35,-22.403544260000004,0.24552488327026367
0.025795428082346916,16.54,17.43507194519043,13972,244809,244910,0.37293916940689087,6979,0.0005,0.49,35,-22.156772849999996,0.14736926555633545
0.025628792122006416,16.63,17.384994506835938,13976,244874,244975,-0.06705433130264282,6981,0.0005,0.48,35,-22.503451300000002,0.08831141889095306
0.025590507313609123,16.64,17.13339614868164,13980,244944,245045,0.011771410703659058,6983,0.0005,0.49,35,-22.232602859999997,0.14837084710597992
0.025191649794578552,16.68,16.737632751464844,13984,245012,245113,-0.22334027290344238,6985,0.0005,0.48,35,-22.730869979999994,1.3308439254760742
0.02482280507683754,16.55,16.307279586791992,13988,245077,245178,-0.44234853982925415,6987,0.0005,0.47,35,-22.967813859999996,0.09770097583532333
0.024242768064141273,16.58,16.733375549316406,13992,245142,245243,-0.34080827236175537,6988,0.0005,0.49,35,-22.429861710000004,0.2746630907058716
0.024124499410390854,16.51,16.932682037353516,13996,245197,245298,0.1266328990459442,6990,0.0005,0.49,35,-22.383214440000003,0.23095054924488068
0.024332042783498764,16.61,18.32229995727539,14000,245266,245367,0.5241568088531494,6991,0.0005,0.52,35,-21.46228969,0.355852872133255
0.024524599313735962,16.6,16.55289649963379,14004,245337,245438,-0.5328301191329956,6993,0.0005,0.5,35,-21.954415140000002,0.07743680477142334
0.024937640875577927,16.61,18.905616760253906,14008,245405,245506,0.18287165462970734,6995,0.0005,0.53,35,-21.194174469999997,1.0773909091949463
0.025084717199206352,16.57,16.52872085571289,14012,245484,245585,-0.05055516958236694,6997,0.0005,0.53,35,-20.9447543,0.1558336615562439
0.024917198345065117,16.66,17.36803436279297,14016,245546,245647,0.017735183238983154,6999,0.0005,0.53,35,-20.66244339,0.3339877128601074
0.025157876312732697,17.03,17.900531768798828,14020,245665,245766,-0.14695581793785095,7002,0.0005,0.49,35,-22.15145785999999,0.10207249224185944
0.02482590824365616,17.02,19.254030227661133,14024,245734,245835,-0.6634314060211182,7004,0.0005,0.49,35,-22.276754360000005,1.6534295082092285
0.024626679718494415,16.98,15.260560989379883,14028,245783,245884,-0.7529211044311523,7005,0.0005,0.48,35,-22.403986290000002,0.7270905375480652
0.02443244680762291,17.03,16.035350799560547,14032,245851,245952,0.09068652987480164,7007,0.0005,0.49,35,-22.073913630000003,0.13147485256195068
0.02413817122578621,17.06,16.060749053955078,14036,245923,246024,0.2713243365287781,7009,0.0005,0.5,35,-21.769201170000002,1.6083801984786987
0.02355586178600788,17.06,15.703802108764648,14040,245987,246088,-0.15718330442905426,7011,0.0005,0.5,35,-21.586011900000003,0.15016838908195496
0.024293778464198112,17.15,18.259416580200195,14044,246051,246152,1.2349967956542969,7012,0.0005,0.52,35,-20.85970135,0.2104109227657318
0.02513056993484497,17.15,18.006744384765625,14048,246122,246223,0.03997299075126648,7014,0.0005,0.51,35,-21.078631350000002,0.06042902171611786
0.02482200786471367,17.05,16.71699333190918,14052,246186,246287,0.42179369926452637,7016,0.0005,0.51,35,-20.975641710000005,0.18037766218185425
0.025161137804389,17.21,17.36476707458496,14056,246269,246370,0.10356900095939636,7018,0.0005,0.51,35,-20.92217211,0.07430612295866013
0.02521752566099167,17.24,17.373538970947266,14060,246333,246434,-0.45812591910362244,7020,0.0005,0.52,35,-20.57625896,0.47597581148147583
0.025188814848661423,17.23,17.513404846191406,14064,246384,246485,-0.5333815813064575,7021,0.0005,0.52,35,-20.63186279,0.1716754138469696
0.025153007358312607,17.13,16.00887680053711,14068,246446,246547,-0.719749927520752,7023,0.0005,0.5,35,-21.199931590000002,0.03637677803635597
0.025177910923957825,17.07,15.982440948486328,14072,246516,246617,-0.885410487651825,7025,0.0005,0.5,35,-21.274357410000004,0.06175762414932251
0.02509109117090702,17.24,18.972667694091797,14076,246598,246699,-1.2954251766204834,7027,0.0005,0.53,35,-20.363610249999997,0.15436801314353943
0.025048792362213135,17.25,16.502239227294922,14080,246669,246770,-0.19451577961444855,7029,0.0005,0.54,35,-20.10748084,0.24983061850070953
0.025297779589891434,17.19,17.486740112304688,14084,246731,246832,1.1260429620742798,7031,0.0005,0.54,35,-19.874234960000003,0.1850164234638214
0.02556355483829975,17.24,17.533607482910156,14088,246801,246902,-0.15614427626132965,7032,0.0005,0.54,35,-19.743711259999994,0.11496341228485107
0.025349052622914314,17.19,17.475479125976562,14092,246861,246962,-0.020784780383110046,7034,0.0005,0.53,35,-19.99041454,0.17676539719104767
0.025339607149362564,17.27,18.533035278320312,14096,246924,247025,-0.923980712890625,7035,0.0005,0.51,35,-20.41102823,0.2292250692844391
0.024941125884652138,17.11,15.80722427368164,14100,246977,247078,-0.4593355357646942,7037,0.0005,0.48,35,-21.209990640000004,0.3146037459373474
0.0254688523709774,17.22,16.30736541748047,14104,247059,247160,0.9076178669929504,7039,0.0005,0.49,35,-21.119389639999998,0.3066348433494568
0.026224911212921143,17.19,17.0045223236084,14108,247124,247225,-0.34090355038642883,7041,0.0005,0.47,35,-21.79989307,0.3023081421852112
0.025747759267687798,17.23,17.404075622558594,14112,247207,247308,-0.2456778585910797,7043,0.0005,0.49,35,-21.26528935,0.06487097591161728
0.027760332450270653,20.76,17.90319061279297,14116,247622,247723,0.7462091445922852,7054,0.0005,0.51,35,-22.376306009999993,0.5822546482086182
0.0279838964343071,20.14,17.78070068359375,14120,247679,247780,-1.0181893110275269,7055,0.0005,0.54,35,-20.982214689999996,0.14742901921272278
0.027355169877409935,20.08,16.560991287231445,14124,247742,247843,-0.43548789620399475,7057,0.0005,0.53,35,-21.1394841,0.12604424357414246
0.02724982239305973,20.29,16.551410675048828,14128,247812,247913,0.5257089734077454,7058,0.0005,0.54,35,-20.81837379,0.254059374332428
0.027041031047701836,20.36,16.78329086303711,14132,247887,247988,-1.5311682224273682,7060,0.0005,0.54,35,-20.870442390000004,0.62554532289505
0.026818059384822845,20.3,18.376102447509766,14136,247953,248054,-0.245298370718956,7062,0.0005,0.54,35,-20.783147040000003,0.15246059000492096
0.026898635551333427,20.36,18.069761276245117,14140,248023,248124,-1.0636919736862183,7064,0.0005,0.54,35,-20.909465450000003,0.04275964945554733
0.02580960839986801,20.57,18.140705108642578,14144,248108,248209,0.0909184068441391,7065,0.0005,0.54,35,-21.03055205,0.3142762780189514
0.02534102089703083,20.61,15.368589401245117,14148,248183,248284,-0.4705164432525635,7067,0.0005,0.53,35,-21.22082489,0.07988184690475464
0.025092732161283493,20.71,16.18830108642578,14152,248257,248358,0.05635618418455124,7069,0.0005,0.53,35,-21.205249579999997,0.6194707751274109
0.025279909372329712,20.69,18.11034393310547,14156,248338,248439,-0.18612682819366455,7071,0.0005,0.51,35,-21.73866375,0.2433876395225525
0.025556886568665504,20.66,17.885026931762695,14160,248399,248500,0.2831164598464966,7073,0.0005,0.49,35,-22.23286371,0.06023106724023819
0.025922005996108055,20.79,17.652006149291992,14164,248463,248564,0.3602522611618042,7075,0.0005,0.51,35,-21.639831549999993,0.5776512622833252
0.026267623528838158,20.81,17.99207305908203,14168,248527,248628,-0.1836303472518921,7077,0.0005,0.51,35,-21.576128409999995,0.1385582983493805
0.0257513839751482,20.83,16.214244842529297,14172,248599,248700,0.13968178629875183,7078,0.0005,0.51,35,-21.36734267,0.14074677228927612
0.026521310210227966,20.64,16.367271423339844,14176,248662,248763,-0.13277795910835266,7080,0.0005,0.49,35,-21.934303479999997,0.1957239806652069
0.025213871151208878,20.8,17.0058536529541,14180,248749,248850,1.613152027130127,7083,0.0005,0.47,35,-22.523006940000005,0.754507303237915
0.026542343199253082,20.91,16.8042049407959,14184,248822,248923,0.848456621170044,7084,0.0005,0.48,35,-22.442781680000003,0.17278558015823364
0.02738247811794281,20.8,18.077579498291016,14188,248881,248982,0.7656698822975159,7086,0.0005,0.47,35,-22.81977952,0.4270173907279968
0.028050079941749573,20.9,18.30727195739746,14192,248951,249052,-0.24725699424743652,7088,0.0005,0.46,35,-23.072643399999997,0.29615020751953125
0.02751757577061653,20.78,17.01410675048828,14196,249002,249103,-0.08203932642936707,7089,0.0005,0.47,35,-22.75063754,0.11896829307079315
0.02680554799735546,20.89,16.104154586791992,14200,249066,249167,-0.8610837459564209,7091,0.0005,0.47,35,-22.687272979999992,0.31547093391418457
0.02653905376791954,20.75,18.29473304748535,14204,249134,249235,0.19590233266353607,7093,0.0005,0.45,35,-23.11297344,0.25722283124923706
0.02652410976588726,20.76,18.279430389404297,14208,249200,249301,0.7263370156288147,7094,0.0005,0.46,35,-22.790498760000002,0.09062217175960541
0.02669236809015274,20.49,16.456451416015625,14212,249256,249357,-0.19976817071437836,7096,0.0005,0.45,35,-23.020356040000003,0.16004745662212372
0.026129920035600662,16.91,17.96470832824707,14216,249313,249414,-1.156916618347168,7097,0.0005,0.44,35,-21.672907429999995,0.3425039052963257
0.025358475744724274,17.04,19.6295166015625,14220,249383,249484,-0.6940298080444336,7099,0.0005,0.43,35,-22.12956178,0.1028670072555542
0.024716930463910103,17.13,16.4614200592041,14224,249455,249556,-0.0026308298110961914,7101,0.0005,0.45,35,-21.71908556,0.7772570848464966
0.024965262040495872,17.34,16.399991989135742,14228,249546,249647,-0.38255774974823,7104,0.0005,0.48,35,-21.076631850000002,1.1299209594726562
0.024354439228773117,17.22,17.50705909729004,14232,249609,249710,0.24793432652950287,7105,0.0005,0.45,35,-21.90643072,0.3360300660133362
0.024041416123509407,17.31,17.292190551757812,14236,249684,249785,0.4746251702308655,7107,0.0005,0.47,35,-21.50560965,0.3347238302230835
0.0237936619669199,17.19,17.181636810302734,14240,249742,249843,0.3711119294166565,7109,0.0005,0.46,35,-21.81158387,0.3772522807121277
0.024180933833122253,16.85,16.367088317871094,14244,249793,249894,1.4792357683181763,7110,0.0005,0.45,35,-22.012816899999994,1.259367823600769
0.023536575958132744,17.04,17.57640266418457,14248,249887,249988,1.6632691621780396,7113,0.0005,0.46,35,-21.951972630000004,0.2045409083366394
0.024318134412169456,17.0,14.373963356018066,14252,249957,250058,0.04897591471672058,7152,0.0005,0.46,34,-21.94477401,0.04745251312851906
0.024831240996718407,16.77,18.481246948242188,14256,250015,250116,0.30008450150489807,7153,0.0005,0.46,34,-22.18125937,0.1431293487548828
0.024566179141402245,16.84,17.756561279296875,14260,250083,250184,-1.35978102684021,7155,0.0005,0.47,34,-21.852226530000003,0.0843966156244278
0.024414977058768272,16.85,17.012041091918945,14264,250148,250249,0.5056759119033813,7157,0.0005,0.47,34,-21.849750619999995,0.12048417329788208
0.024314651265740395,16.8,17.456623077392578,14268,250207,250308,-0.7719964385032654,7158,0.0005,0.46,34,-22.239681689999998,0.08420202881097794
0.024106686934828758,16.87,16.877355575561523,14272,250286,250387,-0.5288659930229187,7160,0.0005,0.47,34,-22.15637577,0.06949207931756973
0.023688904941082,16.83,17.269989013671875,14276,250345,250446,-0.5519109964370728,7162,0.0005,0.46,34,-22.371275830000005,0.8704425692558289
0.02321513555943966,16.78,15.699871063232422,14280,250427,250528,0.13679248094558716,7164,0.0005,0.48,34,-21.716520380000002,0.10927142202854156
0.022997453808784485,16.7,16.559986114501953,14284,250492,250593,-1.1163374185562134,7166,0.0005,0.47,34,-21.998089870000005,0.1646125614643097
0.022117700427770615,16.78,17.231224060058594,14288,250559,250660,0.5577710270881653,7167,0.0005,0.49,34,-21.461182370000007,0.2688945233821869
0.022120501846075058,16.69,17.928577423095703,14292,250620,250721,0.29729893803596497,7169,0.0005,0.5,34,-21.2214194,0.11922533810138702
0.022312812507152557,16.82,16.00554656982422,14296,250684,250785,-0.3226637840270996,7171,0.0005,0.51,34,-21.21863336,0.41873660683631897
0.022626271471381187,17.02,18.180747985839844,14300,250768,250869,-0.24556343257427216,7173,0.0005,0.53,34,-20.807630630000002,0.14757131040096283
0.02251356653869152,17.24,18.475162506103516,14304,250858,250959,0.01093994453549385,7176,0.0005,0.54,34,-20.492043360000004,0.2197565883398056
0.022609135136008263,17.31,16.948867797851562,14308,250931,251032,-0.20671381056308746,7178,0.0005,0.51,34,-21.20791818,0.06162652373313904
0.022714806720614433,17.31,17.844669342041016,14312,250987,251088,0.156233549118042,7179,0.0005,0.51,34,-21.19789594,0.3402490019798279
0.022780485451221466,17.49,15.8513765335083,14316,251062,251163,0.091824471950531,7181,0.0005,0.5,34,-21.612618580000003,0.6141338348388672
0.022962750867009163,17.44,18.571592330932617,14320,251127,251228,0.4825616478919983,7182,0.0005,0.49,34,-21.762957460000003,2.1930127143859863
0.02368706464767456,17.38,22.441341400146484,14324,251193,251294,-1.117400884628296,7184,0.0005,0.49,34,-21.633097659999994,1.593440294265747
0.02449868619441986,17.14,18.633033752441406,14328,251260,251361,2.2422280311584473,7186,0.0005,0.46,34,-22.428413590000005,0.26838868856430054
0.025218265131115913,17.25,17.909616470336914,14332,251334,251435,-0.07098115235567093,7187,0.0005,0.47,34,-22.217802399999997,0.28760796785354614
0.024816805496811867,17.23,16.617984771728516,14336,251407,251508,-0.3406682312488556,7189,0.0005,0.44,34,-23.161306659999994,0.06564760208129883
0.024007519707083702,17.39,16.58102798461914,14340,251481,251582,-0.7199453115463257,7191,0.0005,0.46,34,-22.73931434,0.17915698885917664
0.023327209055423737,17.61,17.182809829711914,14344,251554,251655,-0.9170238971710205,7193,0.0005,0.47,34,-22.502813609999997,0.0924658253788948
0.02257966622710228,17.46,17.763240814208984,14348,251633,251734,-0.5735605955123901,7195,0.0005,0.46,34,-22.68360278,0.10812035948038101
0.022210711613297462,17.39,17.627159118652344,14352,251696,251797,-0.9505822658538818,7196,0.0005,0.46,34,-22.689063950000005,0.9866847395896912
0.022020503878593445,17.56,18.095943450927734,14356,251771,251872,-0.5087417960166931,7199,0.0005,0.49,34,-21.64236231,0.07031596451997757
0.022045712918043137,17.57,17.84320068359375,14360,251840,251941,0.3959416151046753,7200,0.0005,0.5,34,-21.514907080000004,0.31257185339927673
0.022005874663591385,17.68,17.27747917175293,14364,251916,252017,-0.0831102505326271,7203,0.0005,0.5,34,-21.530051269999998,0.10210838913917542
0.021989507600665092,17.9,16.980003356933594,14368,251997,252098,-0.0859476625919342,7205,0.0005,0.53,34,-20.68529856,0.36061185598373413
0.02190595492720604,17.8,15.641317367553711,14372,252066,252167,-0.19942951202392578,7207,0.0005,0.52,34,-20.88482486,0.06735868006944656
0.02172255516052246,17.73,16.90128517150879,14376,252118,252219,0.5273557305335999,7208,0.0005,0.52,34,-20.87034098,0.22801828384399414
0.021940181031823158,17.55,17.80472183227539,14380,252182,252283,0.5999950170516968,7210,0.0005,0.5,34,-21.58873267,0.27692145109176636
0.022013165056705475,17.64,16.960739135742188,14384,252256,252357,-0.5331718325614929,7212,0.0005,0.5,34,-21.600131000000005,0.09714178740978241
0.02188776060938835,17.84,16.838045120239258,14388,252343,252444,0.525934100151062,7215,0.0005,0.48,34,-22.12623203,0.37348198890686035
0.022140134125947952,17.74,16.604331970214844,14392,252394,252495,-0.08209647238254547,7216,0.0005,0.47,34,-22.48256937,0.07259953022003174
0.022090591490268707,17.85,15.737207412719727,14396,252469,252570,0.35678786039352417,7218,0.0005,0.49,34,-21.818085710000002,0.820446252822876
0.022395839914679527,17.62,16.025035858154297,14400,252530,252631,-0.5415784120559692,7219,0.0005,0.48,34,-21.986451170000006,0.08736211061477661
0.022475123405456543,17.43,16.291820526123047,14404,252601,252702,-0.19612222909927368,7221,0.0005,0.49,34,-21.731692460000005,1.9442691802978516
0.023196859285235405,17.44,16.878284454345703,14408,252675,252776,0.3440697193145752,7223,0.0005,0.52,34,-20.92227947,0.15272793173789978
0.02320277877151966,17.59,17.833335876464844,14412,252746,252847,-1.1360795497894287,7225,0.0005,0.51,34,-21.29746205,0.1889272779226303
0.023091603070497513,17.4,17.847530364990234,14416,252802,252903,-1.0144681930541992,7226,0.0005,0.54,34,-20.2583123,0.056113481521606445
0.023056652396917343,17.56,16.708030700683594,14420,252883,252984,-0.07854175567626953,7229,0.0005,0.56,34,-19.76875902,0.1473531723022461
0.022991424426436424,17.52,16.378931045532227,14424,252945,253046,-0.17675743997097015,7231,0.0005,0.54,34,-20.52119308,0.08481627702713013
0.022726578637957573,17.53,17.053674697875977,14428,253013,253114,-0.5903079509735107,7232,0.0005,0.54,34,-20.371537189999998,0.2624695599079132
0.02274586446583271,17.52,17.64592742919922,14432,253086,253187,0.16406750679016113,7234,0.0005,0.55,34,-19.97628228,0.27473583817481995
0.02330082468688488,17.41,16.954679489135742,14436,253148,253249,-0.05829015374183655,7236,0.0005,0.55,34,-19.82169861,0.04418583959341049
0.023382095620036125,17.31,18.29815673828125,14440,253212,253313,0.7516206502914429,7238,0.0005,0.55,34,-19.61798435,0.2720012068748474
0.023555157706141472,17.19,17.436046600341797,14444,253273,253374,0.3864727020263672,7239,0.0005,0.54,34,-19.901542120000002,0.9260975122451782
0.023854101076722145,16.97,17.19987678527832,14448,253330,253431,-0.29619887471199036,7241,0.0005,0.56,34,-19.18073764,0.09788824617862701
0.023571832105517387,16.88,18.0375919342041,14452,253384,253485,0.08799213171005249,7242,0.0005,0.55,34,-19.40408443,0.1108410656452179
0.02303006872534752,16.84,16.03927993774414,14456,253455,253556,-1.0186705589294434,7244,0.0005,0.53,34,-20.079023739999997,0.12010335922241211
0.022681033238768578,16.73,15.820646286010742,14460,253513,253614,-0.5987274646759033,7246,0.0005,0.52,35,-20.26372839,0.14837300777435303
0.02239653281867504,16.59,17.215965270996094,14464,253575,253676,0.1722157597541809,7247,0.0005,0.51,35,-20.659694460000004,0.2676839828491211
0.02225368842482567,16.44,16.065624237060547,14468,253641,253742,-0.19428367912769318,7249,0.0005,0.49,35,-21.242544780000003,0.04295475780963898
0.022196609526872635,16.4,16.43799591064453,14472,253706,253807,-0.3421083092689514,7251,0.0005,0.49,35,-21.14430533,0.8593840599060059
0.022373056039214134,16.67,15.538132667541504,14476,253785,253886,-0.595613420009613,7253,0.0005,0.51,35,-20.71020082,0.23892748355865479
0.022552557289600372,16.8,17.423763275146484,14480,253862,253963,0.05063509941101074,7255,0.0005,0.53,35,-19.940383580000002,0.4037632346153259
0.02285214327275753,16.71,16.17192268371582,14484,253927,254028,0.24929985404014587,7257,0.0005,0.54,35,-19.545134259999998,0.198446124792099
0.023646347224712372,16.58,17.62856101989746,14488,254001,254102,1.2007155418395996,7259,0.0005,0.57,35,-18.68037373,0.09743867814540863
0.0239882655441761,16.76,16.38480567932129,14492,254070,254171,0.6025478839874268,7261,0.0005,0.57,35,-18.6606847,0.1688343733549118
0.024355292320251465,16.86,16.795106887817383,14496,254155,254256,0.18596163392066956,7263,0.0005,0.56,35,-19.03569848,0.5055410861968994
0.02445349656045437,17.08,15.94575309753418,14500,254238,254339,-0.6776663661003113,7265,0.0005,0.58,35,-18.645543879999998,0.04857159033417702
0.023931164294481277,16.94,17.972522735595703,14504,254295,254396,-0.38259708881378174,7267,0.0005,0.58,35,-18.53078931,0.11473694443702698
0.02351563237607479,16.86,16.888938903808594,14508,254361,254462,-0.024413660168647766,7268,0.0005,0.57,35,-18.81664063,0.9667102098464966
0.023733843117952347,16.87,19.275394439697266,14512,254433,254534,0.1841498613357544,7270,0.0005,0.56,35,-18.89901706,0.08984065055847168
0.023709235712885857,16.83,17.2232666015625,14516,254485,254586,0.07940316200256348,7272,0.0005,0.53,35,-19.83464512,0.05699876695871353
0.023539355024695396,16.64,17.241151809692383,14520,254547,254648,-0.27971187233924866,7273,0.0005,0.51,35,-20.394894049999998,0.07084187120199203
0.023783003911376,16.74,16.785972595214844,14524,254619,254720,-0.9634193181991577,7275,0.0005,0.51,35,-20.32133476,0.9530719518661499
0.023473162204027176,16.66,16.804044723510742,14528,254679,254780,-0.5555107593536377,7277,0.0005,0.51,35,-20.524096290000003,0.22553332149982452
0.02325303480029106,16.71,17.74649429321289,14532,254757,254858,-0.1377059817314148,7279,0.0005,0.5,35,-20.91973981,0.15506145358085632
0.023155830800533295,16.69,16.51228141784668,14536,254817,254918,0.599238395690918,7280,0.0005,0.5,35,-20.999330810000007,0.3354109525680542
0.023595891892910004,16.61,16.86671257019043,14540,254873,254974,-0.11284776031970978,7282,0.0005,0.51,35,-20.74182251,2.3077878952026367
0.023091310635209084,16.64,16.999126434326172,14544,254937,255038,-0.016385987401008606,7284,0.0005,0.53,35,-20.145813179999998,0.10901588201522827
0.02307325042784214,16.62,16.652545928955078,14548,254992,255093,1.0562005043029785,7285,0.0005,0.52,35,-20.48085553,0.5705525875091553
0.023829005658626556,16.65,17.641780853271484,14552,255049,255150,0.8281872272491455,7287,0.0005,0.5,35,-20.915976230000002,0.3374054729938507
0.02402309887111187,16.55,16.01970100402832,14556,255110,255211,0.9608168005943298,7288,0.0005,0.49,35,-21.077217920000002,0.3157136142253876
0.023753248155117035,16.57,17.555233001708984,14560,255170,255271,-1.1944165229797363,7290,0.0005,0.48,35,-21.481759699999998,0.3275279700756073
0.023401932790875435,16.66,16.685441970825195,14564,255241,255342,-0.2269267439842224,7292,0.0005,0.48,35,-21.405476439999997,0.1020415648818016
0.023515917360782623,16.68,16.668975830078125,14568,255309,255410,-0.3513129949569702,7294,0.0005,0.49,35,-21.158382309999997,0.4060487151145935
0.024400807917118073,16.83,16.74468231201172,14572,255389,255490,0.6400201320648193,7296,0.0005,0.5,35,-20.98188072,0.06157752498984337
0.0250311978161335,16.67,17.647132873535156,14576,255452,255553,0.23402124643325806,7297,0.0005,0.5,35,-20.78697751,0.1993672251701355
0.02564074657857418,16.66,18.137697219848633,14580,255528,255629,0.14188435673713684,7299,0.0005,0.48,35,-21.242820000000002,0.4805334806442261
0.02543400414288044,16.51,18.48769760131836,14584,255578,255679,1.1860928535461426,7301,0.0005,0.46,35,-21.85243523,0.10044889897108078
0.025803562253713608,16.39,15.868484497070312,14588,255640,255741,0.5973749756813049,7302,0.0005,0.44,35,-22.403940149999993,0.6489317417144775
0.02613728865981102,16.49,21.700572967529297,14592,255719,255820,-0.9576704502105713,7305,0.0005,0.46,35,-21.83769836,1.9794609546661377
0.026474786922335625,16.62,19.0087890625,14596,255817,255918,0.9066436886787415,7307,0.0005,0.43,35,-22.54558704,1.8305249214172363
0.02744367904961109,16.39,19.141342163085938,14600,255877,255978,-0.6386924982070923,7309,0.0005,0.41,35,-22.97918808,1.23237144947052
0.02801143005490303,16.47,17.613754272460938,14604,255942,256043,0.5947808623313904,7310,0.0005,0.41,35,-23.11240924,0.19400474429130554
0.02675318345427513,19.18,16.415447235107422,14608,256279,256380,-0.3478974401950836,7318,0.0005,0.41,35,-24.521946590000002,0.22063985466957092
0.02565627731382847,22.24,17.229782104492188,14612,256657,256758,-0.2740965485572815,7327,0.0005,0.42,35,-25.77133996,0.34094053506851196
0.02561563439667225,22.33,16.238807678222656,14616,256718,256819,0.10381970554590225,7329,0.0005,0.43,35,-25.56060908,1.6880607604980469
0.025461522862315178,22.56,17.244903564453125,14620,256803,256904,0.17604048550128937,7331,0.0005,0.45,35,-25.01210968000001,0.11926816403865814
0.025956107303500175,23.21,17.748031616210938,14624,256940,257041,0.8357976078987122,7335,0.0005,0.45,35,-25.122474990000004,0.19500529766082764
0.026500437408685684,23.27,15.990478515625,14628,257006,257107,0.009215064346790314,7336,0.0005,0.47,35,-24.37881864,0.1048484668135643
0.026681648567318916,23.13,16.710044860839844,14632,257070,257171,-0.0001815110445022583,7338,0.0005,0.46,35,-24.49216177,0.23777048289775848
0.026549577713012695,23.71,17.210237503051758,14636,257188,257289,0.6995260119438171,7341,0.0005,0.47,35,-24.47163099999999,0.15345844626426697
0.027412334457039833,23.69,17.062450408935547,14640,257242,257343,1.0248733758926392,7342,0.0005,0.46,35,-24.732739530000003,0.3486643433570862
0.029084088280797005,23.76,16.638948440551758,14644,257313,257414,-0.05054539442062378,7344,0.0005,0.46,35,-24.783809209999994,0.29515787959098816
0.029087714850902557,24.03,18.518081665039062,14648,257395,257496,0.015389218926429749,7346,0.0005,0.47,35,-24.572787360000003,0.6464890241622925
0.0287961233407259,25.53,17.231216430664062,14652,257602,257703,-0.4262053668498993,7352,0.0005,0.47,35,-25.399410619999998,1.1565797328948975
0.028540505096316338,25.58,17.826454162597656,14656,257668,257769,-0.25436079502105713,7354,0.0005,0.49,35,-24.847668080000002,0.2330092042684555
0.027669422328472137,25.53,17.546716690063477,14660,257723,257824,-0.45275914669036865,7356,0.0005,0.49,35,-24.831476130000002,0.7860540151596069
0.02710460126399994,25.55,16.00277328491211,14664,257796,257897,-0.26654115319252014,7358,0.0005,0.5,35,-24.55042751,0.31239569187164307
0.027008118107914925,25.47,14.72221565246582,14668,257856,257957,-0.3010181784629822,7359,0.0005,0.5,35,-24.57101106,0.06271038949489594
0.026254381984472275,27.05,17.893138885498047,14672,258094,258195,-0.7914612889289856,7366,0.0005,0.48,35,-25.34374389,0.07299217581748962
0.02562420442700386,27.11,17.72267723083496,14676,258163,258264,-0.5600829720497131,7367,0.0005,0.47,35,-25.742490359999998,0.5633558630943298
0.025249900296330452,26.94,16.765928268432617,14680,258222,258323,0.25228047370910645,7369,0.0005,0.47,35,-25.951881349999997,0.3078879714012146
0.025422176346182823,27.18,16.893739700317383,14684,258296,258397,0.3864020109176636,7371,0.0005,0.47,35,-25.921093330000005,0.1867060661315918
0.025499098002910614,27.2,17.204038619995117,14688,258360,258461,0.3340234160423279,7373,0.0005,0.45,35,-26.437641049999996,0.07215391844511032
0.025545679032802582,27.02,17.925695419311523,14692,258421,258522,0.19853466749191284,7374,0.0005,0.44,35,-26.659438579999996,0.14723438024520874
0.02525828592479229,26.52,16.505659103393555,14696,258469,258570,0.3172641098499298,7376,0.0005,0.44,35,-26.746320129999994,0.1921563297510147
0.02595839835703373,27.58,17.49554443359375,14700,258635,258736,0.4026786983013153,7380,0.0005,0.44,35,-27.103810769999996,0.07638908922672272
0.02655079960823059,27.54,16.1381778717041,14704,258696,258797,-0.22729310393333435,7382,0.0005,0.43,35,-27.44478842,0.1507577896118164
0.02637895941734314,25.08,19.276016235351562,14708,258787,258888,-0.3847746253013611,7385,0.0005,0.44,35,-25.86687055,0.07998289167881012
0.02616245299577713,21.94,17.37542724609375,14712,258851,258952,0.35535728931427,7387,0.0005,0.46,35,-23.875413749999996,0.08069059997797012
0.026446662843227386,22.07,18.513324737548828,14716,258925,259026,-0.1638815701007843,7389,0.0005,0.48,35,-23.261586859999998,0.2074393481016159
0.02603522129356861,21.8,17.350875854492188,14720,258983,259084,-0.7047222256660461,7391,0.0005,0.46,35,-23.944227419999994,0.23427648842334747
0.025738677009940147,20.99,17.729747772216797,14724,259039,259140,-0.4457082152366638,7392,0.0005,0.45,35,-24.207394040000004,0.1909022480249405
0.024769581854343414,20.98,17.331562042236328,14728,259104,259205,0.49071094393730164,7394,0.0005,0.45,35,-24.19734413,0.2998134195804596
0.02538030967116356,20.93,17.109088897705078,14732,259163,259264,-0.18399503827095032,7396,0.0005,0.44,35,-24.576665989999995,0.3984753489494324
0.025205696001648903,20.39,16.050235748291016,14736,259227,259328,-0.3880539834499359,7397,0.0005,0.44,35,-24.275582929999995,0.1490950882434845
0.025422340258955956,20.59,16.470218658447266,14740,259301,259402,1.0192517042160034,7400,0.0005,0.46,35,-23.790282809999997,0.10123395919799805
0.02590988390147686,20.69,20.323366165161133,14744,259382,259483,-0.6694531440734863,7402,0.0005,0.44,35,-24.28280328,0.47769445180892944
0.02594923786818981,20.58,16.855525970458984,14748,259453,259554,0.17901310324668884,7404,0.0005,0.42,35,-24.884211310000005,0.19458800554275513
0.02640136517584324,19.18,18.514253616333008,14752,259520,259621,-0.02171531319618225,7405,0.0005,0.44,35,-23.639552799999993,0.20712962746620178
0.025927960872650146,19.12,17.01150894165039,14756,259580,259681,-0.06388616561889648,7407,0.0005,0.42,35,-24.34048516,0.04268151894211769
0.02581356093287468,19.12,16.26428985595703,14760,259635,259736,-0.31926825642585754,7409,0.0005,0.43,35,-23.95261186,0.4505261182785034
0.025706296786665916,19.08,15.625018119812012,14764,259704,259805,0.34770137071609497,7411,0.0005,0.41,35,-24.640900129999995,0.1538485586643219
0.025794433429837227,19.17,17.400440216064453,14768,259773,259874,0.003817260265350342,7413,0.0005,0.41,35,-24.48539691,0.04452075436711311
0.026025567203760147,17.3,17.224451065063477,14772,259824,259925,-0.29424065351486206,7414,0.0005,0.41,35,-24.23059097,0.15225276350975037
0.025671526789665222,17.24,17.27093505859375,14776,259887,259988,-0.08458384871482849,7416,0.0005,0.41,35,-24.099459879999998,0.23125620186328888
0.02516031637787819,17.21,19.16286849975586,14780,259943,260044,0.3254603445529938,7434,0.0005,0.42,34,-23.613779030000003,0.15371182560920715
0.024895891547203064,17.05,18.203004837036133,14784,260001,260102,0.36658775806427,7435,0.0005,0.42,34,-23.50614036,0.079090416431427
0.02477874793112278,17.0,18.00420379638672,14788,260060,260161,0.4865849018096924,7436,0.0005,0.42,34,-23.66269309,0.051907531917095184
0.024907223880290985,17.05,16.402076721191406,14792,260126,260227,1.3270878791809082,7438,0.0005,0.44,34,-23.06734898,0.4481840431690216
0.026091646403074265,17.2,17.429214477539062,14796,260189,260290,0.933310329914093,7440,0.0005,0.45,34,-22.666622000000004,0.1690915822982788
0.026658236980438232,16.31,17.342166900634766,14800,260266,260367,-0.22583016753196716,7441,0.0005,0.45,34,-22.41800979,0.9073955416679382
0.026691922917962074,16.32,17.10092544555664,14804,260328,260429,-0.06101541966199875,7443,0.0005,0.44,34,-22.81949456,0.5839937925338745
0.027293385937809944,16.05,18.048233032226562,14808,260392,260493,0.8458888530731201,7444,0.0005,0.44,34,-22.685776380000004,0.75537109375
0.027771929278969765,15.93,16.39674949645996,14812,260444,260545,-0.3213544189929962,7446,0.0005,0.41,34,-23.699429170000002,1.0472381114959717
0.026959512382745743,15.93,17.184913635253906,14816,260518,260619,0.5235685110092163,7447,0.0005,0.4,34,-23.96509146,1.0315073728561401
0.026942165568470955,15.95,17.7946720123291,14820,260578,260679,-0.813310444355011,7449,0.0005,0.4,34,-24.018801670000002,0.15328189730644226
0.025727836415171623,16.14,18.98308563232422,14824,260653,260754,-0.7226777672767639,7451,0.0005,0.43,34,-22.971232780000005,0.15266016125679016
0.02440541610121727,16.22,18.32659912109375,14828,260726,260827,-0.40852582454681396,7452,0.0005,0.42,34,-23.321952050000004,0.2266865074634552
0.023918472230434418,16.28,16.195335388183594,14832,260791,260892,0.35468345880508423,7454,0.0005,0.44,34,-22.80202196,0.7823963165283203
0.023567376658320427,16.39,17.924392700195312,14836,260866,260967,-0.4123644232749939,7456,0.0005,0.44,34,-22.853305369999998,0.5542832612991333
0.023922350257635117,16.21,15.03034782409668,14840,260922,261023,0.9655947089195251,7458,0.0005,0.43,34,-23.008755400000005,1.6214113235473633
0.024896863847970963,15.88,18.90548324584961,14844,260970,261071,1.6656084060668945,7459,0.0005,0.42,34,-23.32004345,0.5545350909233093
0.024708310142159462,15.77,18.248640060424805,14848,261030,261131,-0.7727136611938477,7460,0.0005,0.44,34,-22.69822933,0.4960554540157318
0.023618867620825768,15.78,16.620616912841797,14852,261098,261199,-1.055713415145874,7462,0.0005,0.44,35,-22.800932519999996,0.10766647756099701
0.02297273464500904,15.84,17.135047912597656,14856,261164,261265,0.02566640079021454,7464,0.0005,0.45,35,-22.309505150000003,0.07354778051376343
0.022883357480168343,15.97,16.743938446044922,14860,261232,261333,0.38490957021713257,7465,0.0005,0.45,35,-22.404521600000002,0.11402814835309982
0.022870102897286415,16.05,16.30790138244629,14864,261309,261410,-0.3354962468147278,7467,0.0005,0.45,35,-22.259949329999998,0.05060717463493347
0.022754289209842682,15.92,17.948253631591797,14868,261365,261466,0.7040888071060181,7469,0.0005,0.46,35,-21.97838573,0.12579035758972168
0.022609759122133255,16.0,18.681846618652344,14872,261424,261525,-0.656999409198761,7470,0.0005,0.46,35,-21.863303060000003,0.6597304344177246
0.022626962512731552,16.03,16.377256393432617,14876,261490,261591,0.18874302506446838,7472,0.0005,0.46,35,-21.816291159999995,0.12802046537399292
0.022898714989423752,16.08,16.203256607055664,14880,261551,261652,0.6756671667098999,7473,0.0005,0.45,35,-22.26929634,0.2876959443092346
0.023427484557032585,16.16,16.55023193359375,14884,261617,261718,0.5995884537696838,7475,0.0005,0.48,35,-21.45432587,2.207213878631592
0.024152930825948715,16.11,18.868846893310547,14888,261671,261772,0.5330049991607666,7476,0.0005,0.48,35,-21.41831829,0.15006302297115326
0.024679115042090416,16.23,17.744144439697266,14892,261749,261850,0.36700308322906494,7478,0.0005,0.45,35,-22.196962230000004,0.09187203645706177
0.024344831705093384,16.32,17.705636978149414,14896,261821,261922,-0.8958425521850586,7481,0.0005,0.44,35,-22.438299119999996,0.20556581020355225
0.023733632639050484,16.35,17.277381896972656,14900,261901,262002,0.32294535636901855,7483,0.0005,0.44,35,-22.44342601,0.1329742670059204
0.02356545999646187,16.44,18.70319366455078,14904,261972,262073,0.5030656456947327,7485,0.0005,0.44,35,-22.20045633,0.18256467580795288
0.023564673960208893,16.5,16.636890411376953,14908,262042,262143,0.6809312105178833,7486,0.0005,0.42,35,-22.88007876,0.13543549180030823
0.02367439493536949,16.52,17.160850524902344,14912,262096,262197,0.8495020270347595,7488,0.0005,0.44,35,-22.17706334,0.1373254358768463
0.024192482233047485,16.52,15.835247039794922,14916,262170,262271,-0.28869712352752686,7490,0.0005,0.43,35,-22.51660194,0.2637796700000763
0.023502551019191742,16.55,17.04349136352539,14920,262233,262334,-0.7319872379302979,7491,0.0005,0.45,35,-21.781339990000003,0.1417236328125
0.02299106866121292,16.59,17.775501251220703,14924,262312,262413,0.7739536762237549,7493,0.0005,0.45,35,-21.96424601,1.2430009841918945
0.02285546250641346,16.64,16.28888702392578,14928,262390,262491,-0.41192150115966797,7496,0.0005,0.44,35,-22.223869150000006,0.051267027854919434
0.02264772541821003,16.53,16.858779907226562,14932,262444,262545,-0.3209145665168762,7498,0.0005,0.43,35,-22.290628750000007,0.10789187997579575
0.022874346002936363,16.54,16.315898895263672,14936,262520,262621,0.988213300704956,7500,0.0005,0.45,35,-21.69424265,0.12927204370498657
0.023771066218614578,16.73,16.21006202697754,14940,262595,262696,-0.1555977761745453,7502,0.0005,0.43,35,-22.31962081,0.7504395246505737
0.024797772988677025,16.99,17.205089569091797,14944,262669,262770,-0.29520726203918457,7504,0.0005,0.46,35,-21.378935189999993,0.29996687173843384
0.024681009352207184,17.11,17.78237533569336,14948,262741,262842,-0.4959186315536499,7506,0.0005,0.44,35,-21.994205680000004,0.14057093858718872
0.023938704282045364,17.11,16.53215789794922,14952,262809,262910,-1.023735523223877,7508,0.0005,0.44,35,-21.920111760000005,0.2682832181453705
0.023050416260957718,17.12,16.8306884765625,14956,262876,262977,-0.525291919708252,7509,0.0005,0.44,35,-21.83934729,2.107051372528076
0.022730955854058266,17.07,18.846988677978516,14960,262939,263040,0.8357879519462585,7511,0.0005,0.43,35,-22.087621309999996,0.06372608989477158
0.022949891164898872,16.83,18.56448745727539,14964,262992,263093,0.8961564302444458,7513,0.0005,0.43,35,-22.073907769999995,0.3893568515777588
0.02353934943675995,16.86,17.32162094116211,14968,263051,263152,0.3962087035179138,7514,0.0005,0.43,35,-22.12681216,0.09317480772733688
0.024190902709960938,16.96,17.024093627929688,14972,263120,263221,-0.912602424621582,7516,0.0005,0.44,35,-22.00960062,0.09388363361358643
0.02415856346487999,16.83,16.24226951599121,14976,263173,263274,-0.5522066354751587,7517,0.0005,0.43,35,-22.335344770000003,0.8880736827850342
0.024186687543988228,16.81,15.086031913757324,14980,263232,263333,2.690662384033203,7519,0.0005,0.42,35,-22.570320159999998,0.5056400299072266
0.02534499578177929,16.87,20.42226791381836,14984,263304,263405,-0.6063433289527893,7520,0.0005,0.4,35,-23.183269659999997,0.9556183218955994
0.0252329520881176,16.96,19.31361961364746,14988,263367,263468,-0.2534521818161011,7522,0.0005,0.42,35,-22.718606049999998,0.2674974799156189
0.024356309324502945,16.92,18.328176498413086,14992,263441,263542,-0.9143142700195312,7524,0.0005,0.43,35,-22.465535720000002,0.4199453890323639
0.023673517629504204,16.93,17.575448989868164,14996,263514,263615,0.2774021327495575,7526,0.0005,0.45,35,-22.16487755,0.11979134380817413
0.023610731586813927,16.76,16.660640716552734,15000,263577,263678,-0.19967345893383026,7528,0.0005,0.45,35,-22.11097406,0.15907034277915955
0.023616312071681023,16.8,17.271162033081055,15004,263652,263753,0.3072028160095215,7530,0.0005,0.47,35,-21.709345069999998,0.6005300879478455
0.023703282698988914,16.92,16.138940811157227,15008,263734,263835,-0.007794588804244995,7532,0.0005,0.47,35,-21.67795546,0.10876822471618652
0.02421535924077034,17.09,17.08151626586914,15012,263805,263906,0.6834445595741272,7534,0.0005,0.48,35,-21.42177726,0.17021088302135468
0.024705765768885612,17.07,18.005386352539062,15016,263877,263978,-0.679867148399353,7536,0.0005,0.48,35,-21.54290921,0.25204047560691833
0.02455153875052929,17.05,18.86392593383789,15020,263938,264039,0.18055929243564606,7537,0.0005,0.46,35,-22.19281083,0.1294471025466919
0.024169083684682846,17.03,18.329635620117188,15024,264015,264116,-0.5485377907752991,7539,0.0005,0.44,35,-22.58547826,0.1479199081659317
0.023866908624768257,16.87,16.930828094482422,15028,264077,264178,-0.36131495237350464,7541,0.0005,0.46,35,-22.04459761,0.1191057488322258
0.023647423833608627,17.0,14.909550666809082,15032,264144,264245,0.5730188488960266,7543,0.0005,0.46,35,-22.17599165,0.09095829725265503
0.023347077891230583,16.88,16.10795783996582,15036,264208,264309,-0.6260039210319519,7544,0.0005,0.43,35,-23.057497959999996,0.19177435338497162
0.022970587015151978,16.89,16.514812469482422,15040,264284,264385,0.8316395282745361,7546,0.0005,0.44,35,-22.87288861,0.8070374131202698
0.023141270503401756,16.79,19.513704299926758,15044,264348,264449,0.6292491555213928,7548,0.0005,0.44,35,-22.9576485,0.7587640881538391
0.023588761687278748,16.84,16.269119262695312,15048,264425,264526,0.41027554869651794,7550,0.0005,0.46,35,-22.399425079999997,0.1416759341955185
0.02446869947016239,16.75,17.415321350097656,15052,264484,264585,0.4322638511657715,7551,0.0005,0.45,35,-22.680777639999995,0.08942407369613647
0.02551114372909069,16.7,18.245651245117188,15056,264546,264647,-0.47034752368927,7553,0.0005,0.44,35,-23.125816229999995,0.1161719262599945
0.02556317113339901,16.82,16.783100128173828,15060,264621,264722,-0.4136680066585541,7555,0.0005,0.46,35,-22.51052468,0.09077510237693787
0.02554897405207157,17.02,16.70895767211914,15064,264694,264795,-0.1492454558610916,7557,0.0005,0.46,35,-22.381899310000005,0.10821196436882019
0.026393258944153786,17.07,18.764909744262695,15068,264758,264859,-0.5169642567634583,7559,0.0005,0.44,35,-22.870243979999994,0.3702327311038971
0.02636718936264515,17.14,18.688899993896484,15072,264834,264935,-0.7784214019775391,7561,0.0005,0.44,35,-22.86750074,0.10997175425291061
0.024627037346363068,17.46,16.801286697387695,15076,264919,265020,-1.4381088018417358,7563,0.0005,0.44,35,-22.971743490000005,0.0713169053196907
0.023726435378193855,17.57,17.616064071655273,15080,264989,265090,-0.34679538011550903,7565,0.0005,0.45,35,-22.68213776,0.060532182455062866
0.02350599132478237,17.55,16.279754638671875,15084,265059,265160,0.010022088885307312,7567,0.0005,0.45,35,-22.818747050000002,0.14157894253730774
0.023209018632769585,17.57,15.228500366210938,15088,265124,265225,0.2123435139656067,7569,0.0005,0.46,35,-22.30388598,0.11954271793365479
0.023336421698331833,17.52,17.870075225830078,15092,265193,265294,-0.3411046266555786,7570,0.0005,0.46,35,-22.35861109,0.08600319921970367
0.023435214534401894,17.58,17.277225494384766,15096,265272,265373,-0.30932876467704773,7572,0.0005,0.47,35,-21.95583652,0.0968756228685379
0.023378945887088776,17.73,16.74679183959961,15100,265350,265451,-0.08267879486083984,7575,0.0005,0.48,35,-21.800083270000005,0.049026258289813995
0.022818759083747864,17.63,17.459508895874023,15104,265415,265516,-0.8091371655464172,7576,0.0005,0.48,35,-21.70201789,0.12982343137264252
0.022744478657841682,17.44,15.911718368530273,15108,265478,265579,0.6171437501907349,7578,0.0005,0.49,35,-21.314950680000003,0.08330270648002625
0.02330276183784008,17.52,16.510204315185547,15112,265557,265658,0.897574245929718,7580,0.0005,0.48,35,-21.65599680999999,0.5203229188919067
0.02439276874065399,17.42,19.621700286865234,15116,265619,265720,1.7152130603790283,7582,0.0005,0.48,35,-21.472111500000004,0.15825368463993073
0.024795159697532654,17.52,18.398212432861328,15120,265690,265791,0.3506092429161072,7584,0.0005,0.49,35,-21.13522516,0.3382285237312317
0.02514861710369587,17.43,16.679054260253906,15124,265758,265859,-0.8391499519348145,7585,0.0005,0.5,35,-20.887021450000002,0.2529280185699463
0.024758493527770042,17.43,16.49862289428711,15128,265820,265921,-0.049776673316955566,7587,0.0005,0.49,35,-21.155192040000003,0.10133149474859238
0.02500726655125618,17.41,15.31351089477539,15132,265885,265986,0.23004956543445587,7589,0.0005,0.49,35,-21.238245470000003,0.24258330464363098
0.025718361139297485,17.56,18.928333282470703,15136,265964,266065,0.2101312279701233,7590,0.0005,0.49,35,-21.07677804,1.4976506233215332
0.025484280660748482,17.37,18.4103946685791,15140,266021,266122,-1.2136695384979248,7592,0.0005,0.49,35,-21.09032193,0.11791656911373138
0.02466580830514431,17.45,17.618934631347656,15144,266093,266194,-1.5065323114395142,7594,0.0005,0.49,35,-21.063734699999994,0.40549275279045105
0.023754838854074478,17.39,17.239200592041016,15148,266164,266265,-0.5664953589439392,7595,0.0005,0.48,35,-21.48255204,0.22440388798713684
0.023651596158742905,17.57,19.191547393798828,15152,266241,266342,0.017240628600120544,7597,0.0005,0.49,35,-21.216769640000003,0.10803231596946716
0.023826371878385544,17.67,18.10204315185547,15156,266313,266414,0.350019633769989,7599,0.0005,0.48,35,-21.39940868,0.08938977867364883
0.024305297061800957,17.55,16.95259666442871,15160,266376,266477,0.3633389174938202,7600,0.0005,0.48,35,-21.453028299999996,0.06974677741527557
0.0247887521982193,17.39,16.30368995666504,15164,266433,266534,0.4714371860027313,7602,0.0005,0.49,35,-21.310854499999994,0.38877418637275696
0.02491835504770279,17.33,17.689071655273438,15168,266491,266592,-0.30827152729034424,7603,0.0005,0.5,35,-21.061539449999994,0.07649475336074829
0.024535326287150383,17.2,16.885656356811523,15172,266554,266655,-1.052746057510376,7605,0.0005,0.51,35,-20.671541809999997,0.07549668848514557
0.023765115067362785,17.07,16.91727638244629,15176,266626,266727,-0.9532003402709961,7606,0.0005,0.53,35,-20.163967170000003,0.06733281910419464
0.023236624896526337,17.0,16.220855712890625,15180,266689,266790,-0.28687259554862976,7608,0.0005,0.52,35,-20.43969045,0.37221431732177734
0.02364633046090603,16.91,15.98718547821045,15184,266750,266851,0.9627909660339355,7609,0.0005,0.52,35,-20.359367530000004,0.47047972679138184
0.02435346320271492,16.76,17.711151123046875,15188,266800,266901,-0.044076114892959595,7611,0.0005,0.49,35,-21.13916743,0.1507873386144638
0.024400660768151283,16.8,18.64284324645996,15192,266873,266974,-0.19177383184432983,7612,0.0005,0.48,35,-21.328026800000004,0.11725220084190369
0.024441557005047798,16.7,17.787967681884766,15196,266942,267043,-0.34804847836494446,7614,0.0005,0.48,35,-21.33725538,0.05993935465812683
0.024437496438622475,16.56,17.281444549560547,15200,267006,267107,0.07930627465248108,7616,0.0005,0.48,35,-21.14238038,0.22018197178840637
0.024361198768019676,16.55,15.956451416015625,15204,267070,267171,0.26421689987182617,7617,0.0005,0.48,35,-21.159114170000002,0.26830393075942993
0.024270303547382355,16.57,17.574283599853516,15208,267135,267236,0.3575481176376343,7619,0.0005,0.49,35,-20.905953789999998,0.0774703398346901
0.02423548884689808,16.57,15.843759536743164,15212,267214,267315,1.008418083190918,7621,0.0005,0.49,35,-20.823852749999997,0.5738341808319092
0.024698494002223015,16.67,16.255584716796875,15216,267286,267387,-0.17437958717346191,7623,0.0005,0.5,35,-20.619878110000005,0.180990070104599
0.024908097460865974,16.56,18.19039535522461,15220,267346,267447,-0.23171868920326233,7624,0.0005,0.49,35,-20.815465420000006,0.35524269938468933
0.024755164980888367,16.57,19.376873016357422,15224,267415,267516,0.349578320980072,7626,0.0005,0.49,35,-20.876455540000002,0.21371637284755707
0.02511613443493843,16.56,18.149600982666016,15228,267476,267577,0.6639978885650635,7628,0.0005,0.49,35,-20.88391614,0.1756424754858017
0.025174874812364578,16.61,18.879199981689453,15232,267546,267647,0.060923948884010315,7629,0.0005,0.51,35,-20.247392519999995,1.8479506969451904
0.024876441806554794,16.38,17.765914916992188,15236,267602,267703,-0.613872766494751,7631,0.0005,0.51,35,-20.18861713,0.16345535218715668
0.02502199076116085,16.56,18.542503356933594,15240,267677,267778,-0.0804590955376625,7633,0.0005,0.51,35,-20.19911307,0.13312731683254242
0.02520052157342434,16.62,19.334060668945312,15244,267755,267856,0.49919480085372925,7634,0.0005,0.51,35,-20.251613470000002,0.11968781054019928
0.024934055283665657,16.59,17.427391052246094,15248,267823,267924,-0.3636239469051361,7636,0.0005,0.5,35,-20.32814091,0.23140884935855865
0.02486148290336132,16.45,17.647899627685547,15252,267886,267987,-0.5626394748687744,7638,0.0005,0.5,35,-20.319640639999996,0.48279738426208496
0.024705789983272552,16.38,17.16347312927246,15256,267951,268052,0.028454795479774475,7639,0.0005,0.53,35,-19.56226092,0.32220208644866943
0.024012332782149315,16.43,15.064823150634766,15260,268019,268120,-0.957170844078064,7641,0.0005,0.52,35,-19.856400640000004,0.10431420803070068
0.023579172790050507,16.6,16.187763214111328,15264,268093,268194,-0.42023327946662903,7643,0.0005,0.51,35,-20.17508089,0.1571209728717804
0.023871956393122673,16.64,18.303312301635742,15268,268155,268256,-0.0040385425090789795,7644,0.0005,0.5,35,-20.57150051,0.10574864596128464
0.024185067042708397,16.56,17.431493759155273,15272,268210,268311,0.10029393434524536,7646,0.0005,0.47,35,-21.372284480000005,1.058729648590088
0.023983942344784737,16.47,16.189556121826172,15276,268273,268374,-0.39732080698013306,7647,0.0005,0.44,35,-22.0934611,0.14519062638282776
0.023598508909344673,16.55,18.84195899963379,15280,268344,268445,0.3414488434791565,7649,0.0005,0.46,35,-21.712308730000004,0.30954769253730774
0.0233883336186409,16.66,15.792856216430664,15284,268416,268517,0.6626541614532471,7652,0.0005,0.45,35,-22.02737107,0.258341908454895
0.02443827874958515,16.76,18.179656982421875,15288,268476,268577,0.16323357820510864,7653,0.0005,0.46,35,-21.83283597,0.11286938935518265
0.02431349828839302,16.7,17.253198623657227,15292,268543,268644,-0.19045795500278473,7655,0.0005,0.49,35,-21.06512831,0.44486111402511597
0.02423098124563694,16.8,18.394105911254883,15296,268622,268723,0.01900242269039154,7658,0.0005,0.46,35,-21.7051026,0.11260370910167694
0.0240013487637043,16.68,16.704418182373047,15300,268674,268775,-0.40815460681915283,7659,0.0005,0.44,35,-22.254833360000003,0.05320150777697563
0.024442700669169426,16.78,16.20068359375,15304,268748,268849,0.7645126581192017,7661,0.0005,0.44,35,-22.17808132,0.17190206050872803
0.02464207448065281,16.96,17.48467254638672,15308,268831,268932,-1.1305253505706787,7663,0.0005,0.43,35,-22.609939800000003,1.1089950799942017
0.023832064121961594,16.82,17.353994369506836,15312,268896,268997,0.5396243333816528,7665,0.0005,0.43,35,-22.611343169999994,2.644357442855835
0.023594137281179428,16.81,18.60724449157715,15316,268967,269068,0.10255321860313416,7667,0.0005,0.42,35,-22.753671559999997,0.10782978683710098
0.02384660206735134,17.05,16.471834182739258,15320,269051,269152,-0.12956327199935913,7669,0.0005,0.45,35,-22.024895419999993,0.054947156459093094
0.0233230609446764,17.16,17.706607818603516,15324,269131,269232,-0.38645511865615845,7671,0.0005,0.45,35,-21.968032949999998,0.30652663111686707
0.022933626547455788,17.22,17.127914428710938,15328,269198,269299,0.35092779994010925,7673,0.0005,0.46,35,-21.742642040000007,0.05605771392583847
0.022412212565541267,17.24,16.165443420410156,15332,269270,269371,-0.6264054179191589,7675,0.0005,0.45,35,-21.971270700000005,0.26718389987945557
0.022228781133890152,17.4,15.97996997833252,15336,269342,269443,-0.6273683309555054,7677,0.0005,0.45,35,-22.226493450000003,0.5609585046768188
0.022042611613869667,17.29,15.62372875213623,15340,269406,269507,-0.524851381778717,7679,0.0005,0.45,35,-22.18712075,0.06545773893594742
0.0217929445207119,17.21,16.29073715209961,15344,269476,269577,-1.3373260498046875,7681,0.0005,0.44,35,-22.441342110000008,0.06128378584980965
0.021762091666460037,17.32,15.660451889038086,15348,269555,269656,-0.006554350256919861,7683,0.0005,0.46,35,-22.03545964000001,0.1368473768234253
0.02247072383761406,17.39,15.793338775634766,15352,269625,269726,1.0262089967727661,7685,0.0005,0.47,35,-21.742966899999995,0.3687477111816406
0.02377905137836933,17.64,16.574127197265625,15356,269715,269816,0.853924036026001,7688,0.0005,0.46,35,-22.13055747,0.5566674470901489
0.023679738864302635,17.63,17.039764404296875,15360,269782,269883,0.15289190411567688,7689,0.0005,0.45,35,-22.3842836,0.09907042235136032
0.023446956649422646,17.56,16.61903190612793,15364,269849,269950,-0.6374059915542603,7691,0.0005,0.46,35,-22.199787,1.0867730379104614
0.023632582277059555,17.61,16.955310821533203,15368,269916,270017,-0.3927963674068451,7708,0.0005,0.45,35,-22.307825670000007,0.36124828457832336
0.023456111550331116,17.6,15.72195053100586,15372,269970,270071,-0.7449745535850525,7710,0.0005,0.46,35,-22.16640852,0.11787734925746918
0.0224511306732893,17.75,16.300674438476562,15376,270048,270149,-1.1490236520767212,7712,0.0005,0.46,35,-22.161101279999997,0.10019487142562866
0.021911153569817543,17.65,17.655237197875977,15380,270109,270210,-0.6093662977218628,7714,0.0005,0.46,35,-22.113751829999998,0.4023836553096771
0.021850213408470154,17.55,16.612655639648438,15384,270171,270272,0.6876373291015625,7716,0.0005,0.47,35,-21.73115969,0.7519725561141968
0.021708590909838676,17.66,18.521024703979492,15388,270242,270343,0.8265618085861206,7718,0.0005,0.48,35,-21.49897375,1.171883463859558
0.02122141234576702,17.75,15.265745162963867,15392,270318,270419,-0.5225957632064819,7720,0.0005,0.47,35,-21.925539349999994,0.09717248380184174
0.02119562029838562,17.79,16.819522857666016,15396,270401,270502,0.2898336946964264,7722,0.0005,0.5,35,-21.23006648,0.6127007603645325
0.022245386615395546,18.02,17.33213996887207,15400,270476,270577,0.01944229006767273,7724,0.0005,0.53,35,-20.48217838,0.09213835746049881
0.022523390129208565,17.9,17.08208465576172,15404,270538,270639,-0.6729873418807983,7725,0.0005,0.52,35,-20.89045546,0.34419018030166626
0.02211948297917843,17.82,17.01243782043457,15408,270613,270714,-0.42787837982177734,7727,0.0005,0.52,35,-20.858084450000007,0.09028893709182739
0.02163759432733059,18.05,17.61981964111328,15412,270701,270802,-0.4439883530139923,7729,0.0005,0.52,35,-20.864304100000005,0.11567859351634979
0.021564513444900513,18.04,16.642852783203125,15416,270771,270872,-0.659709632396698,7731,0.0005,0.52,35,-21.075398740000004,1.7705591917037964
0.021712899208068848,17.9,17.650741577148438,15420,270841,270942,1.4057645797729492,7733,0.0005,0.49,35,-21.92642260000001,0.2608315348625183
0.022692082449793816,17.85,16.38898277282715,15424,270916,271017,-0.4766440987586975,7735,0.0005,0.48,35,-22.200044230000003,0.30939793586730957
0.023230576887726784,17.9,16.991710662841797,15428,270988,271089,1.6000007390975952,7737,0.0005,0.47,35,-22.446552580000002,0.2688503861427307
0.023824620991945267,17.8,18.553443908691406,15432,271050,271151,0.36166149377822876,7738,0.0005,0.47,35,-22.565884629999996,0.07684711366891861
0.023970719426870346,17.71,17.26056671142578,15436,271113,271214,-0.054766833782196045,7740,0.0005,0.47,35,-22.55407436,1.0112826824188232
0.023889504373073578,17.78,17.215734481811523,15440,271184,271285,0.3121378421783447,7742,0.0005,0.48,35,-22.304992970000004,0.0912933200597763
0.024620352312922478,17.69,17.322250366210938,15444,271245,271346,0.03735172748565674,7743,0.0005,0.47,35,-22.597274640000002,0.338878333568573
0.025045674294233322,17.47,17.72606658935547,15448,271302,271403,1.1529123783111572,7744,0.0005,0.46,35,-22.750388559999998,0.2127925455570221
0.02540651336312294,17.38,18.66983413696289,15452,271363,271464,-0.04991208016872406,7746,0.0005,0.44,35,-23.21266627,0.14343300461769104
0.025392476469278336,17.12,16.055940628051758,15456,271427,271528,0.03479835391044617,7748,0.0005,0.43,35,-23.451220900000003,0.1702067255973816
0.02502443827688694,16.97,16.684764862060547,15460,271479,271580,-0.8002322316169739,7749,0.0005,0.43,35,-23.35668981,0.07503236830234528
0.024367140606045723,17.02,18.2246036529541,15464,271551,271652,0.38993528485298157,7751,0.0005,0.45,35,-22.69555115,0.08468852937221527
0.02461598999798298,17.16,16.994279861450195,15468,271632,271733,-0.9970933794975281,7753,0.0005,0.48,35,-21.951982369999996,1.0405069589614868
0.02421351708471775,17.41,19.16779136657715,15472,271711,271812,-0.5978155136108398,7755,0.0005,0.48,35,-21.996813260000003,0.43786996603012085
0.02382074110209942,17.47,16.11199188232422,15476,271795,271896,-0.32517194747924805,7757,0.0005,0.51,35,-21.35756259,0.33464187383651733
0.023003261536359787,17.59,19.053194046020508,15480,271868,271969,-0.8985599875450134,7759,0.0005,0.51,35,-21.194454999999998,0.10517814755439758
0.02216472662985325,17.87,17.678436279296875,15484,271958,272059,-0.2957761287689209,7761,0.0005,0.53,35,-20.75900268,0.05552615970373154
0.021980013698339462,17.82,15.93990421295166,15488,272024,272125,0.5327173471450806,7763,0.0005,0.53,35,-20.701149270000002,0.38025182485580444
0.022497275844216347,17.71,16.300073623657227,15492,272089,272190,0.11216780543327332,7765,0.0005,0.53,35,-20.610565689999998,0.6402201652526855
0.022760430350899696,17.59,17.361656188964844,15496,272160,272261,-1.2917125225067139,7767,0.0005,0.53,35,-20.69414756,0.21349039673805237
0.022130297496914864,17.7,16.469127655029297,15500,272246,272347,0.11861883848905563,7769,0.0005,0.5,35,-21.560655859999997,0.12705083191394806
0.022223498672246933,17.69,15.536483764648438,15504,272307,272408,-0.1990104615688324,7771,0.0005,0.49,35,-21.866625570000007,2.040092706680298
0.022620154544711113,17.74,18.412006378173828,15508,272387,272488,0.6479981541633606,7773,0.0005,0.49,35,-21.755778739999997,0.06394489854574203
0.022465325891971588,17.61,16.287052154541016,15512,272462,272563,-0.5418753623962402,7775,0.0005,0.5,35,-21.451764120000004,0.06400544941425323
0.022673338651657104,17.71,18.39067840576172,15516,272542,272643,0.34013593196868896,7777,0.0005,0.5,35,-21.36271801,0.1043618693947792
0.022853586822748184,17.73,17.280006408691406,15520,272614,272715,0.32946550846099854,7779,0.0005,0.51,35,-21.018218750000003,0.08568759262561798
0.022883564233779907,17.7,16.899303436279297,15524,272686,272787,0.7531535029411316,7781,0.0005,0.52,35,-20.74850774,0.09427693486213684
0.023440055549144745,17.81,16.090988159179688,15528,272769,272870,0.03319072723388672,7784,0.0005,0.52,35,-20.64888473,0.2601989209651947
0.02306104078888893,17.82,18.500179290771484,15532,272832,272933,-0.44428184628486633,7785,0.0005,0.51,35,-20.737605249999998,0.11130727827548981
0.022529546171426773,17.81,16.305030822753906,15536,272894,272995,0.36545097827911377,7787,0.0005,0.52,35,-20.286734869999997,1.4565316438674927
0.02266676165163517,17.68,16.32659149169922,15540,272952,273053,0.12284990400075912,7789,0.0005,0.49,35,-20.959612160000002,0.06393593549728394
0.022678367793560028,17.68,15.921663284301758,15544,273013,273114,-0.2566554546356201,7790,0.0005,0.5,35,-20.582074319999997,0.1689355969429016
0.022749997675418854,17.89,17.550983428955078,15548,273091,273192,1.1705330610275269,7792,0.0005,0.5,35,-20.58070785,1.8102790117263794
0.022879282012581825,18.0,16.933547973632812,15552,273163,273264,0.7609739303588867,7794,0.0005,0.51,35,-20.345676970000003,0.12639978528022766
0.022683769464492798,18.12,17.026060104370117,15556,273239,273340,-0.41019564867019653,7796,0.0005,0.51,35,-20.14567376,1.1283196210861206
0.02239997312426567,18.31,16.369029998779297,15560,273310,273411,-0.8406001329421997,7798,0.0005,0.52,35,-19.989788420000004,0.25342705845832825
0.0229660477489233,18.27,15.945353507995605,15564,273378,273479,1.0447032451629639,7800,0.0005,0.5,35,-20.657538289999998,0.1325010061264038
0.02361346408724785,18.07,16.672103881835938,15568,273439,273540,0.33944180607795715,7801,0.0005,0.49,35,-20.82695662,0.17929676175117493
0.02363395318388939,17.85,17.896533966064453,15572,273496,273597,-0.18164637684822083,7803,0.0005,0.51,35,-20.09138283,0.19922706484794617
0.023324010893702507,17.7,17.112300872802734,15576,273565,273666,-0.8820346593856812,7805,0.0005,0.5,35,-20.152274000000002,0.06200072169303894
0.023634273558855057,17.56,16.182693481445312,15580,273624,273725,1.6994438171386719,7806,0.0005,0.49,35,-20.37197646,0.8484350442886353
0.024030327796936035,17.29,18.939117431640625,15584,273687,273788,-0.035704657435417175,7808,0.0005,0.48,35,-20.45366173,1.3408215045928955
0.02321762405335903,17.37,18.32707977294922,15588,273761,273862,-0.302322119474411,7810,0.0005,0.49,35,-20.29387568,0.10724031925201416
0.02355680987238884,17.4,16.03583526611328,15592,273829,273930,2.299342632293701,7812,0.0005,0.48,35,-20.67864948,0.16656042635440826
0.024640686810016632,17.28,17.763996124267578,15596,273888,273989,1.1141916513442993,7814,0.0005,0.46,35,-21.06895349,0.11721248924732208
0.025116480886936188,17.22,16.77048110961914,15600,273968,274069,0.14011473953723907,7816,0.0005,0.47,35,-20.71853454,1.4043681621551514
0.024618443101644516,17.21,15.501819610595703,15604,274028,274129,-0.7851656675338745,7818,0.0005,0.47,35,-20.502742110000003,0.06781848520040512
0.024278763681650162,17.22,17.97342872619629,15608,274109,274210,-0.14597739279270172,7820,0.0005,0.47,35,-20.52351702,0.21366235613822937
0.024260694161057472,17.13,15.671117782592773,15612,274175,274276,-0.204177126288414,7822,0.0005,0.46,35,-20.796955429999997,0.5440369248390198
0.02445176988840103,17.14,15.304521560668945,15616,274256,274357,0.2264166921377182,7824,0.0005,0.48,35,-20.24826292,1.115714192390442
0.024534447118639946,16.94,16.157060623168945,15620,274308,274409,-0.6107081770896912,7825,0.0005,0.47,35,-20.413060599999998,0.6197439432144165
0.02425873838365078,16.94,17.49748992919922,15624,274380,274481,0.3130277991294861,7827,0.0005,0.47,35,-20.33464569,0.03796016424894333
0.023875564336776733,16.83,17.494155883789062,15628,274452,274553,-0.41942572593688965,7829,0.0005,0.48,35,-20.127176669999997,1.036130428314209
0.024004250764846802,16.91,16.799196243286133,15632,274523,274624,0.13213178515434265,7831,0.0005,0.5,35,-19.70608674,0.18114857375621796
0.024411771446466446,17.08,15.046337127685547,15636,274602,274703,0.9171869158744812,7834,0.0005,0.51,35,-19.647372659999995,0.08539129048585892
0.02539229393005371,17.22,17.22718620300293,15640,274674,274775,0.54534912109375,7836,0.0005,0.52,35,-19.32749243,0.2619897425174713
0.024700423702597618,17.3,16.20096206665039,15644,274743,274844,-1.4282795190811157,7838,0.0005,0.52,35,-19.33604748,0.2112221121788025
0.024054862558841705,17.11,17.07402801513672,15648,274802,274903,-0.03662324696779251,7839,0.0005,0.51,35,-19.63794505,0.179562047123909
0.023681895807385445,17.06,16.758041381835938,15652,274869,274970,0.7768760323524475,7841,0.0005,0.5,35,-20.06355711,0.0974130779504776
0.02396060712635517,17.07,16.07064437866211,15656,274946,275047,-0.28847312927246094,7844,0.0005,0.51,35,-19.96779519,0.4863770008087158
0.023634515702724457,16.93,16.936229705810547,15660,275003,275104,-0.5893453359603882,7845,0.0005,0.5,35,-20.162798679999998,0.2162722796201706
0.023059051483869553,16.99,16.899158477783203,15664,275077,275178,0.8327139616012573,7847,0.0005,0.51,35,-19.759560569999998,0.6036388874053955
0.02344198152422905,17.08,17.77456283569336,15668,275147,275248,-1.6274971961975098,7849,0.0005,0.51,35,-19.90787911,0.16977787017822266
0.023179417476058006,17.18,15.702062606811523,15672,275214,275315,0.007043689489364624,7851,0.0005,0.52,35,-19.684277530000003,1.612938404083252
0.023407848551869392,17.14,16.179710388183594,15676,275279,275380,0.3797353506088257,7853,0.0005,0.52,35,-19.70619051,0.18623435497283936
0.023755643516778946,17.12,16.95547866821289,15680,275336,275437,-0.13484004139900208,7854,0.0005,0.54,35,-19.16003771,0.1879110336303711
0.023515593260526657,17.22,15.920492172241211,15684,275409,275510,0.16709069907665253,7856,0.0005,0.53,35,-19.41835725,0.24052509665489197
0.023574665188789368,17.1,18.120134353637695,15688,275471,275572,1.0990711450576782,7858,0.0005,0.52,35,-19.50045541,0.28342390060424805
0.02391006238758564,17.16,16.15787124633789,15692,275545,275646,0.5723388195037842,7860,0.0005,0.54,35,-18.830101289999998,0.28471797704696655
0.023853015154600143,17.38,16.412681579589844,15696,275626,275727,-0.39854955673217773,7862,0.0005,0.56,35,-18.37555442,0.16718381643295288
0.023694874718785286,17.22,15.334614753723145,15700,275690,275791,-0.07820509374141693,7864,0.0005,0.56,35,-18.30136144,0.056531257927417755
0.024035606533288956,17.33,16.050525665283203,15704,275761,275862,-0.05341464281082153,7866,0.0005,0.58,35,-17.832112430000002,0.36661648750305176
0.024795182049274445,17.24,16.22602081298828,15708,275833,275934,-0.37179329991340637,7868,0.0005,0.58,35,-17.854496710000003,0.12016277015209198
0.02565534971654415,17.28,15.638978004455566,15712,275903,276004,1.8825862407684326,7870,0.0005,0.58,35,-17.842650929999998,0.5459561944007874
0.02713656984269619,17.21,18.091251373291016,15716,275977,276078,0.03611510992050171,7872,0.0005,0.58,35,-17.78874115,1.1002845764160156
0.027586515992879868,17.45,16.67426300048828,15720,276053,276154,0.4370121657848358,7874,0.0005,0.58,35,-17.80432478,0.6558290123939514
0.02736719883978367,17.34,15.8095121383667,15724,276114,276215,-0.09838578850030899,7876,0.0005,0.58,35,-17.77413045,0.853100061416626
0.027131829410791397,17.26,18.40884017944336,15728,276178,276279,-0.2408134639263153,7877,0.0005,0.58,35,-17.70761944,0.24798476696014404
0.026370646432042122,17.11,17.20404815673828,15732,276234,276335,0.615165114402771,7879,0.0005,0.58,35,-17.5843507,0.1418256312608719
0.025859292596578598,17.1,17.114959716796875,15736,276312,276413,-0.1805676817893982,7881,0.0005,0.58,35,-17.503256030000003,0.08578579872846603
0.025836020708084106,16.99,17.382572174072266,15740,276373,276474,0.9802724123001099,7882,0.0005,0.57,35,-17.7753395,0.1136978417634964
0.026176180690526962,16.88,16.300533294677734,15744,276431,276532,-0.383449524641037,7884,0.0005,0.56,35,-18.00774417,2.026665210723877
0.02596638910472393,16.82,15.81134033203125,15748,276484,276585,-0.53746497631073,7885,0.0005,0.56,35,-17.893531299999996,0.0442061573266983
0.025940127670764923,16.82,16.347360610961914,15752,276551,276652,-0.5575577020645142,7887,0.0005,0.59,35,-16.938751149999995,0.07484893500804901
0.02608894556760788,16.62,16.08172035217285,15756,276608,276709,0.18055537343025208,7888,0.0005,0.59,35,-16.80538392,0.17532730102539062
0.026134105399250984,16.65,15.263731002807617,15760,276668,276769,-0.22591152787208557,7890,0.0005,0.59,35,-16.81932272,1.0367487668991089
0.026147088035941124,16.81,16.292522430419922,15764,276758,276859,0.44745421409606934,7891,0.0005,0.59,35,-16.87754677,0.2955990433692932
0.026482822373509407,16.71,16.75189781188965,15768,276818,276919,1.0141427516937256,7893,0.0005,0.59,35,-16.71056347,0.07646934688091278
0.027309533208608627,16.73,16.72178077697754,15772,276887,276988,-0.01557062566280365,7894,0.0005,0.57,35,-17.344032130000002,0.1372394859790802
0.02726798504590988,16.76,16.99004554748535,15776,276955,277056,0.03143566846847534,7896,0.0005,0.57,35,-17.35151304,0.8249019384384155
0.027575213462114334,16.71,15.113544464111328,15780,277007,277108,-0.038702934980392456,7897,0.0005,0.55,35,-17.916104070000003,0.08687490969896317
0.02765098214149475,16.68,15.83327865600586,15784,277077,277178,0.24338263273239136,7899,0.0005,0.55,35,-18.03142848,1.489104151725769
0.02797841839492321,16.86,16.740503311157227,15788,277157,277258,0.05974593013525009,7901,0.0005,0.56,35,-17.88513628,0.33103039860725403
0.02765577659010887,16.94,15.662141799926758,15792,277239,277340,-0.04229423403739929,7903,0.0005,0.56,35,-17.943857210000004,0.5654661655426025
0.027256546542048454,16.88,15.67636775970459,15796,277314,277415,-0.12154322862625122,7905,0.0005,0.56,35,-17.881576569999996,0.08531590551137924
0.02690439485013485,16.96,18.772594451904297,15800,277386,277487,0.7310101985931396,7907,0.0005,0.56,35,-17.915602289999995,0.12909162044525146
0.027289941906929016,16.79,17.377147674560547,15804,277440,277541,0.543168842792511,7908,0.0005,0.55,35,-18.15672046,0.5569732189178467
0.027765700593590736,16.85,16.379764556884766,15808,277518,277619,0.008384615182876587,7910,0.0005,0.55,35,-18.15378983,0.08530080318450928
0.028351986780762672,16.87,15.803521156311035,15812,277590,277691,0.8307943344116211,7912,0.0005,0.55,35,-18.163588490000002,0.15479052066802979
0.0288863368332386,16.8,16.554332733154297,15816,277657,277758,0.5555084347724915,7914,0.0005,0.52,35,-18.899581469999998,0.08703798055648804
0.029677163809537888,16.67,17.442794799804688,15820,277720,277821,-0.6913982629776001,7915,0.0005,0.52,35,-18.800651879999997,0.08256646990776062
0.029506217688322067,16.74,17.001943588256836,15824,277788,277889,-0.5055637359619141,7917,0.0005,0.52,35,-18.94887394,0.17001785337924957
0.029635271057486534,16.69,15.733230590820312,15828,277847,277948,-0.005645781755447388,7919,0.0005,0.49,35,-19.643717310000003,0.0902724489569664
0.029850129038095474,16.83,17.77695655822754,15832,277917,278018,0.9259597659111023,7921,0.0005,0.46,35,-20.42243167,0.22258798778057098
0.02992139384150505,16.83,15.539719581604004,15836,277995,278096,0.13835027813911438,7923,0.0005,0.45,35,-20.6954699,1.3569377660751343
0.03031374327838421,16.93,16.90860939025879,15840,278066,278167,-0.2507303059101105,7925,0.0005,0.48,35,-19.99298146,0.09757538139820099
0.03002810850739479,17.0,17.598609924316406,15844,278131,278232,0.03608867526054382,7927,0.0005,0.5,35,-19.558049819999997,0.39373838901519775
0.029459621757268906,17.05,15.57155990600586,15848,278189,278290,-0.022917896509170532,7928,0.0005,0.52,35,-18.96806351,0.6076065301895142
0.02930634282529354,17.02,16.27294158935547,15852,278253,278354,-0.526885449886322,7930,0.0005,0.5,35,-19.433958660000002,0.06102752685546875
0.029543597251176834,17.24,15.182641983032227,15856,278332,278433,0.033854007720947266,7932,0.0005,0.51,35,-19.341175619999998,0.6479960083961487
0.030034009367227554,17.57,18.62508773803711,15860,278425,278526,-0.042976588010787964,7935,0.0005,0.54,35,-18.67641331,0.8711770176887512
0.029635878279805183,17.27,16.58405303955078,15864,278485,278586,0.38023823499679565,7936,0.0005,0.52,35,-19.113681479999997,0.10588706284761429
0.029481051489710808,17.21,18.371458053588867,15868,278539,278640,-0.0014206916093826294,7938,0.0005,0.52,35,-19.080545209999997,0.11757653951644897
0.029150288552045822,17.1,16.62076187133789,15872,278597,278698,-0.16167260706424713,7939,0.0005,0.5,35,-19.591982620000003,0.12983909249305725
0.02925879694521427,17.1,16.706491470336914,15876,278665,278766,0.6667976379394531,7941,0.0005,0.48,35,-20.01936057,0.48433399200439453
0.02959223836660385,17.17,16.23879623413086,15880,278724,278825,0.5112875699996948,7943,0.0005,0.48,35,-20.04685041,0.2950524389743805
0.030168117955327034,17.28,16.328609466552734,15884,278805,278906,-0.06420537829399109,7945,0.0005,0.5,35,-19.534295040000003,0.9000238180160522
0.029966602101922035,17.08,16.20396614074707,15888,278865,278966,0.03267568349838257,7946,0.0005,0.48,35,-19.944635489999996,0.04453626275062561
0.029927795752882957,16.87,17.724702835083008,15892,278926,279027,0.18552500009536743,7948,0.0005,0.46,35,-20.41441838,0.11238992214202881
0.029799021780490875,16.74,17.389442443847656,15896,278988,279089,0.5286464095115662,7949,0.0005,0.45,35,-20.64117258,0.657000720500946
0.029929008334875107,16.62,15.734074592590332,15900,279048,279149,0.14414134621620178,7951,0.0005,0.43,35,-21.168514209999998,0.38721418380737305
0.029969386756420135,16.64,16.40423011779785,15904,279104,279205,0.3447762727737427,7952,0.0005,0.43,35,-21.16211591,0.6740469932556152
0.029908157885074615,16.54,14.944082260131836,15908,279172,279273,-0.11692576110363007,7954,0.0005,0.45,35,-20.577333619999994,0.14736893773078918
0.028547601774334908,16.69,17.933921813964844,15912,279259,279360,0.34634658694267273,7956,0.0005,0.44,35,-20.859514009999998,0.09255900979042053
0.028545498847961426,16.59,14.796098709106445,15916,279316,279417,-0.608733594417572,7958,0.0005,0.46,35,-20.275412839999998,0.03310791403055191
0.028470462188124657,16.58,15.791378021240234,15920,279378,279479,-0.11760386824607849,7959,0.0005,0.46,35,-20.27905406,0.0776062160730362
0.02831394411623478,16.7,15.834737777709961,15924,279458,279559,-0.28155601024627686,7961,0.0005,0.47,35,-20.006700440000003,0.038663897663354874
0.028142178431153297,16.86,16.364015579223633,15928,279533,279634,0.05556599423289299,7963,0.0005,0.5,35,-19.443325339999998,0.9304597973823547
0.028213808313012123,16.86,15.767499923706055,15932,279603,279704,-0.10469534993171692,7965,0.0005,0.52,35,-19.053054779999997,2.3252968788146973
0.0282931849360466,16.63,17.172958374023438,15936,279658,279759,0.1381250023841858,7967,0.0005,0.52,35,-18.939125970000003,0.17258498072624207
0.02852163463830948,16.56,16.581920623779297,15940,279722,279823,-0.08584040403366089,7968,0.0005,0.51,35,-19.29765489,0.06564949452877045
0.02780238352715969,16.72,17.178253173828125,15944,279803,279904,0.1240411102771759,7970,0.0005,0.52,35,-19.0667794,0.5924205183982849
0.027435271069407463,16.88,16.736141204833984,15948,279877,279978,-0.14630261063575745,7972,0.0005,0.5,35,-19.59627731,0.08297067880630493
0.027602307498455048,16.95,16.28213119506836,15952,279948,280049,0.5470249652862549,7989,0.0005,0.49,35,-19.98490642,0.1002022922039032
0.027775445953011513,16.83,15.233530044555664,15956,280015,280116,0.008742868900299072,7991,0.0005,0.5,35,-19.54078547,0.0678064376115799
0.028070898726582527,16.66,17.95172119140625,15960,280091,280192,-0.02820831537246704,7993,0.0005,0.48,35,-19.84408485,0.2665787935256958
0.027968114241957664,16.72,16.781173706054688,15964,280157,280258,0.18239513039588928,7995,0.0005,0.51,35,-19.03472471,2.2339048385620117
0.028217824175953865,16.79,17.282791137695312,15968,280218,280319,0.7808965444564819,7996,0.0005,0.51,35,-19.095526789999997,0.12213215231895447
0.027908360585570335,17.05,17.481836318969727,15972,280302,280403,0.24593931436538696,7999,0.0005,0.53,35,-18.487941269999997,1.5728845596313477
0.02752704545855522,17.05,16.30184555053711,15976,280370,280471,-0.799098014831543,8000,0.0005,0.53,35,-18.58433253,0.3882572054862976
0.026887940242886543,17.11,16.076602935791016,15980,280435,280536,-0.015681453049182892,8002,0.0005,0.54,35,-18.359853909999998,0.2471897304058075
0.02670770324766636,16.84,16.656246185302734,15984,280489,280590,-0.1462923288345337,8003,0.0005,0.52,35,-18.78218457,0.294269859790802
0.027484910562634468,17.0,14.585725784301758,15988,280565,280666,-0.23837408423423767,8005,0.0005,0.53,35,-18.52582999,0.07297470420598984
0.02773667313158512,16.9,15.64478588104248,15992,280616,280717,0.309538334608078,8006,0.0005,0.52,35,-18.807762119999996,1.94725501537323
0.028421001508831978,17.01,17.317935943603516,15996,280689,280790,0.06145685538649559,8008,0.0005,0.51,35,-19.166127549999995,0.09654296934604645
0.028318634256720543,16.92,15.773750305175781,16000,280740,280841,0.23463591933250427,8009,0.0005,0.52,35,-18.81546237,0.1355123668909073
0.02835545688867569,17.08,17.106460571289062,16004,280812,280913,0.007296115159988403,8011,0.0005,0.51,35,-19.14255031,0.05693409964442253
0.028146304190158844,16.98,16.31694221496582,16008,280870,280971,-0.6051689982414246,8013,0.0005,0.48,35,-19.88952524,0.09367179870605469
0.028392547741532326,16.91,16.733043670654297,16012,280950,281051,-0.021253369748592377,8015,0.0005,0.5,35,-19.50660453,0.029282482340931892
0.02847977727651596,17.07,16.25286102294922,16016,281023,281124,0.08198101073503494,8017,0.0005,0.49,35,-19.90254556,0.07958513498306274
0.028291264548897743,17.22,16.102680206298828,16020,281100,281201,-0.7242067456245422,8019,0.0005,0.5,35,-19.79483139,0.3150827884674072
0.027566004544496536,17.22,16.74030876159668,16024,281180,281281,-0.163749098777771,8021,0.0005,0.49,35,-20.006762709999997,0.10277794301509857
0.027567356824874878,17.08,16.16183853149414,16028,281241,281342,0.11164671182632446,8022,0.0005,0.48,35,-20.21013628,1.7031798362731934
0.027909578755497932,16.92,16.220712661743164,16032,281295,281396,-0.4590924084186554,8024,0.0005,0.48,35,-20.078586780000002,1.4214532375335693
0.027875389903783798,16.88,16.80402946472168,16036,281346,281447,-0.25166240334510803,8025,0.0005,0.47,35,-20.33248358,0.8809497356414795
0.027196774259209633,16.95,17.02615737915039,16040,281417,281518,-0.15965816378593445,8027,0.0005,0.47,35,-20.17458295,0.05853503569960594
0.027043307200074196,16.74,15.52562141418457,16044,281477,281578,-0.516619086265564,8029,0.0005,0.45,35,-20.574379820000004,0.3876676559448242
0.026394087821245193,16.59,15.694253921508789,16048,281536,281637,-0.6902682185173035,8030,0.0005,0.45,35,-20.62138608,0.06815536320209503
0.02613043040037155,16.62,15.449615478515625,16052,281610,281711,-0.11597058176994324,8032,0.0005,0.46,35,-20.36754522,0.07995981723070145
0.02666286937892437,16.75,16.411495208740234,16056,281690,281791,0.34645867347717285,8034,0.0005,0.43,35,-21.126629290000004,0.06816325336694717
0.027253935113549232,16.63,16.929214477539062,16060,281754,281855,0.651422917842865,8035,0.0005,0.43,35,-21.119739749999997,0.07439640909433365
0.02761738933622837,16.58,17.461360931396484,16064,281815,281916,0.6049919128417969,8037,0.0005,0.41,35,-21.62450047,6.294665813446045
0.027635857462882996,16.56,17.13701820373535,16068,281874,281975,-0.02921953797340393,8039,0.0005,0.42,35,-21.316046200000006,0.05620797351002693
0.027757558971643448,16.47,16.036693572998047,16072,281949,282050,-0.22507186233997345,8041,0.0005,0.42,35,-21.38171574,0.044729527086019516
0.02784341387450695,16.63,16.065990447998047,16076,282033,282134,-0.2635195553302765,8043,0.0005,0.44,35,-20.95344383,0.19388514757156372
0.02798505686223507,16.61,16.418277740478516,16080,282096,282197,-0.3746790587902069,8044,0.0005,0.44,35,-20.851119739999998,0.11297933012247086
0.027961893007159233,16.71,16.805011749267578,16084,282160,282261,0.20775096118450165,8046,0.0005,0.44,35,-20.90379919,0.9002938270568848
0.027499213814735413,16.78,17.15852928161621,16088,282243,282344,0.11497238278388977,8049,0.0005,0.46,35,-20.53081435,0.10724228620529175
0.027614563703536987,16.9,16.16832733154297,16092,282306,282407,0.3785591125488281,8050,0.0005,0.47,35,-20.256781449999995,1.1582192182540894
0.027989020571112633,16.68,17.910797119140625,16096,282357,282458,0.25567033886909485,8052,0.0005,0.47,35,-20.114150119999998,0.20559900999069214
0.02792525291442871,17.0,16.701675415039062,16100,282440,282541,-0.3180162012577057,8054,0.0005,0.48,35,-19.93191028,0.10519593209028244
0.028107235208153725,16.94,15.621601104736328,16104,282506,282607,-0.7348010540008545,8056,0.0005,0.48,35,-19.865810359999998,0.025198135524988174
0.028069190680980682,16.89,18.15009117126465,16108,282559,282660,0.1847696602344513,8057,0.0005,0.49,35,-19.57541774,0.12415282428264618
0.028508227318525314,16.71,16.120969772338867,16112,282621,282722,-0.34888672828674316,8059,0.0005,0.47,35,-19.872734469999997,0.3234751224517822
0.027888258919119835,16.72,16.252349853515625,16116,282695,282796,-1.1900851726531982,8061,0.0005,0.47,35,-19.79512752,0.08157094568014145
0.02763734571635723,16.69,16.22362518310547,16120,282769,282870,0.17231965065002441,8063,0.0005,0.48,35,-19.592316190000002,0.04839302971959114
0.027643423527479172,16.56,15.121599197387695,16124,282836,282937,-0.16775721311569214,8065,0.0005,0.49,35,-19.343574240000002,0.09717614203691483
0.027560465037822723,16.7,17.905963897705078,16128,282911,283012,0.22038191556930542,8067,0.0005,0.48,35,-19.584822360000004,0.0955737829208374
0.02755485288798809,16.85,16.259246826171875,16132,282980,283081,-0.18032918870449066,8069,0.0005,0.48,35,-19.792624919999998,0.39455050230026245
0.027397211641073227,17.07,16.159452438354492,16136,283053,283154,-0.28972864151000977,8071,0.0005,0.5,35,-19.398483820000003,1.4174070358276367
0.027057668194174767,16.89,16.055513381958008,16140,283106,283207,-0.4041311740875244,8073,0.0005,0.48,35,-19.985370339999996,0.10615171492099762
0.026782680302858353,16.88,16.430397033691406,16144,283165,283266,0.14337962865829468,8074,0.0005,0.47,35,-20.402090240000003,0.08229224383831024
0.026660960167646408,17.17,14.96604061126709,16148,283253,283354,0.6224749088287354,8077,0.0005,0.5,35,-19.789308330000004,0.07321157306432724
0.027017392218112946,16.97,16.71553611755371,16152,283307,283408,-0.22648023068904877,8078,0.0005,0.5,35,-19.637544679999998,0.4194316864013672
0.02690252661705017,16.66,16.656192779541016,16156,283356,283457,-0.05567639321088791,8080,0.0005,0.49,35,-19.998909049999998,0.1491747796535492
0.026853378862142563,16.6,14.159261703491211,16160,283414,283515,-0.05148722231388092,8082,0.0005,0.48,35,-20.27876321,0.05376354232430458
0.027359716594219208,16.77,15.898873329162598,16164,283492,283593,-0.0680091381072998,8084,0.0005,0.48,35,-20.33147978,0.0473136305809021
0.02782384864985943,16.98,16.460247039794922,16168,283572,283673,0.10695542395114899,8086,0.0005,0.47,35,-20.68654642,0.06184561550617218
0.028108295053243637,16.98,15.30955696105957,16172,283647,283748,-0.10949522256851196,8088,0.0005,0.47,35,-20.678524610000004,0.09449288249015808
0.028286542743444443,16.71,17.43965721130371,16176,283704,283805,-0.02526339888572693,8089,0.0005,0.47,35,-20.553198390000002,0.13509240746498108
0.02804015576839447,16.86,16.255172729492188,16180,283782,283883,0.16888317465782166,8091,0.0005,0.48,35,-20.441998570000003,0.6249568462371826
0.027606314048171043,16.81,16.408748626708984,16184,283841,283942,0.2966660261154175,8093,0.0005,0.46,35,-20.912097720000002,0.13782045245170593
0.027103586122393608,16.8,16.82122802734375,16188,283923,284024,0.5919945240020752,8095,0.0005,0.45,35,-21.125517140000003,0.041439805179834366
0.026941746473312378,16.88,16.613582611083984,16192,283994,284095,0.10867173969745636,8097,0.0005,0.43,35,-21.607393920000003,0.06920556724071503
0.026843391358852386,17.11,17.011554718017578,16196,284068,284169,-0.3903408348560333,8099,0.0005,0.46,35,-20.947027600000002,0.6868829131126404
0.02673182263970375,16.97,17.18255043029785,16200,284137,284238,0.2299393117427826,8101,0.0005,0.45,35,-21.201870730000007,0.14732252061367035
0.026490425691008568,16.85,17.328638076782227,16204,284191,284292,0.3601054251194,8103,0.0005,0.46,35,-20.859601240000003,0.08308571577072144
0.027029557153582573,17.05,15.571123123168945,16208,284264,284365,0.366150826215744,8105,0.0005,0.46,35,-20.915326620000002,0.03851737827062607
0.027718693017959595,17.02,14.859851837158203,16212,284323,284424,-0.23182401061058044,8107,0.0005,0.46,35,-20.956902879999998,0.04866602271795273
0.027787262573838234,16.96,16.94817352294922,16216,284391,284492,0.2688990831375122,8109,0.0005,0.44,35,-21.41639545,0.12694105505943298
0.028108173981308937,16.89,16.40532875061035,16220,284458,284559,-0.3778194189071655,8111,0.0005,0.42,35,-21.8852542,0.10602905601263046
0.02791946567595005,16.96,16.597583770751953,16224,284532,284633,0.03326196223497391,8113,0.0005,0.4,35,-22.28768268,0.08408306539058685
0.028238404542207718,16.92,15.98740005493164,16228,284603,284704,-0.12633734941482544,8115,0.0005,0.42,35,-21.76709317,0.052002646028995514
0.028096884489059448,16.9,15.27929973602295,16232,284670,284771,-0.66745525598526,8117,0.0005,0.43,35,-21.44530654,0.0747610479593277
0.0277986079454422,16.91,15.593158721923828,16236,284744,284845,-1.0002292394638062,8119,0.0005,0.42,35,-21.52688257,0.0602029487490654
0.02789105847477913,16.92,16.959596633911133,16240,284798,284899,-0.09520071744918823,8120,0.0005,0.43,35,-21.201920739999995,0.29872336983680725
0.028047986328601837,16.89,15.598669052124023,16244,284854,284955,-0.6345998048782349,8122,0.0005,0.44,35,-20.79749417,0.2964733839035034
0.027134550735354424,16.77,17.207931518554688,16248,284930,285031,0.23129665851593018,8123,0.0005,0.43,35,-20.900134039999998,0.058273300528526306
0.026698186993598938,16.87,15.925039291381836,16252,284994,285095,0.2124113142490387,8125,0.0005,0.43,35,-21.00621021,0.9751623272895813
0.026789801195263863,17.04,15.50737476348877,16256,285060,285161,-0.3474363088607788,8127,0.0005,0.46,35,-20.149403630000002,0.13385707139968872
0.026661699637770653,17.07,14.566507339477539,16260,285121,285222,0.4551694989204407,8128,0.0005,0.47,35,-19.9089114,0.1763979196548462
0.026517590507864952,17.07,17.2567195892334,16264,285199,285300,0.9947113990783691,8130,0.0005,0.46,35,-20.14105388,2.4633307456970215
0.026197386905550957,16.85,15.821287155151367,16268,285257,285358,-1.3180338144302368,8132,0.0005,0.45,35,-20.34778853,0.0677572637796402
0.025810901075601578,16.9,16.56499481201172,16272,285337,285438,0.09277451038360596,8134,0.0005,0.46,35,-20.12084475,0.07327356934547424
0.025432681664824486,16.91,15.471233367919922,16276,285395,285496,-0.007766216993331909,8136,0.0005,0.45,35,-20.434055080000004,0.06396260857582092
0.025065520778298378,16.69,18.45340347290039,16280,285451,285552,0.17662504315376282,8137,0.0005,0.44,35,-20.595553380000002,0.37404170632362366
0.024774329736828804,16.76,16.019004821777344,16284,285517,285618,-0.45022085309028625,8139,0.0005,0.45,35,-20.3993604,0.14273163676261902
0.024624688550829887,16.62,15.83867359161377,16288,285585,285686,0.7145974040031433,8141,0.0005,0.45,35,-20.294107869999998,0.08481763303279877
0.024907752871513367,16.55,15.021495819091797,16292,285649,285750,0.26154541969299316,8143,0.0005,0.48,35,-19.47796479,0.1624852418899536
0.025777870789170265,16.53,15.889663696289062,16296,285721,285822,-0.16037946939468384,8145,0.0005,0.45,35,-20.2191251,0.06042293459177017
0.025793233886361122,16.59,16.691131591796875,16300,285796,285897,0.5489480495452881,8147,0.0005,0.47,35,-19.829643819999998,0.11021164059638977
0.025822965428233147,16.69,16.481586456298828,16304,285860,285961,-0.5156902074813843,8149,0.0005,0.47,35,-19.838761880000003,0.14001524448394775
0.025849416851997375,16.7,15.986863136291504,16308,285934,286035,0.9232850074768066,8151,0.0005,0.48,35,-19.5919114,0.2676107585430145
0.025886137038469315,16.83,17.466930389404297,16312,286006,286107,0.2008228898048401,8153,0.0005,0.48,35,-19.66077003,1.583061695098877
0.02605198137462139,16.86,16.16165542602539,16316,286077,286178,0.5808406472206116,8155,0.0005,0.49,35,-19.43117978,0.24272295832633972
0.026179451495409012,17.0,16.814455032348633,16320,286158,286259,0.5021982789039612,8157,0.0005,0.51,35,-19.00720385,0.41895434260368347
0.026196589693427086,16.85,16.539794921875,16324,286217,286318,0.1776757538318634,8158,0.0005,0.5,35,-19.25074916,0.2843736708164215
0.02704552374780178,16.96,15.35776138305664,16328,286299,286400,0.1741091012954712,8160,0.0005,0.5,35,-19.25848259,0.03596503287553787
0.02717842347919941,16.92,16.12051010131836,16332,286362,286463,-0.10769934952259064,8162,0.0005,0.49,35,-19.50893837,0.03562227264046669
0.027189532294869423,16.69,15.27588176727295,16336,286413,286514,0.7856426239013672,8163,0.0005,0.48,35,-19.98482202,0.26158812642097473
0.026978515088558197,16.82,17.212739944458008,16340,286480,286581,-0.452743798494339,8165,0.0005,0.49,35,-19.69638399,0.20705287158489227
0.026543786749243736,16.88,17.400930404663086,16344,286542,286643,0.31484344601631165,8167,0.0005,0.49,35,-19.75588315,0.15926718711853027
0.026688741520047188,16.71,15.9595308303833,16348,286601,286702,-0.6464498043060303,8168,0.0005,0.47,35,-20.317926739999997,0.0468592531979084
0.026365045458078384,16.77,15.570547103881836,16352,286671,286772,-0.34708404541015625,8170,0.0005,0.48,35,-20.07631725,1.763489007949829
0.026511535048484802,16.92,15.237016677856445,16356,286752,286853,0.24448443949222565,8172,0.0005,0.48,35,-20.13014004,0.15691831707954407
0.026787571609020233,16.95,15.269881248474121,16360,286816,286917,-0.15482169389724731,8173,0.0005,0.49,35,-19.87507697,1.2357850074768066
0.026982972398400307,16.75,16.462852478027344,16364,286874,286975,0.2594800591468811,8174,0.0005,0.49,35,-19.92839315,0.0688677430152893
0.026727762073278427,16.96,16.667896270751953,16368,286953,287054,-0.11888537555932999,8176,0.0005,0.51,35,-19.489930960000002,0.04601707309484482
0.026240196079015732,16.88,15.93147087097168,16372,287025,287126,-0.007571563124656677,8178,0.0005,0.51,35,-19.43092015,0.7246701121330261
0.026333024725317955,16.9,15.999950408935547,16376,287085,287186,-0.4126530885696411,8180,0.0005,0.51,35,-19.309382969999998,0.2257956713438034
0.02638886123895645,17.05,16.30673599243164,16380,287156,287257,0.16624072194099426,8181,0.0005,0.52,35,-19.096313410000004,0.4364759624004364
0.02658040076494217,16.91,16.863685607910156,16384,287208,287309,-0.059859324246644974,8183,0.0005,0.52,35,-19.01752516,0.036385394632816315
0.02667391300201416,16.87,15.683431625366211,16388,287272,287373,0.11583776026964188,8185,0.0005,0.52,35,-19.12373612,0.07398146390914917
0.02691999450325966,16.87,16.05975341796875,16392,287336,287437,-0.1263120472431183,8186,0.0005,0.52,35,-19.11755512,0.18206113576889038
0.026889054104685783,16.85,16.630844116210938,16396,287406,287507,-0.721099853515625,8188,0.0005,0.54,35,-18.70523339,0.31347936391830444
0.026461338624358177,16.76,15.251579284667969,16400,287472,287573,-0.830165684223175,8190,0.0005,0.53,35,-18.97791561,0.10243591666221619
0.025857238098978996,16.83,16.478031158447266,16404,287543,287644,0.05648985505104065,8192,0.0005,0.54,35,-18.828543900000003,0.28283801674842834
0.025824353098869324,16.81,16.186676025390625,16408,287615,287716,-0.2937723994255066,8194,0.0005,0.54,35,-18.864179869999997,0.12641388177871704
0.025734055787324905,16.87,16.883567810058594,16412,287693,287794,-0.7451361417770386,8196,0.0005,0.54,35,-18.86785353,0.2146081030368805
0.02622084692120552,17.06,15.497259140014648,16416,287783,287884,0.057549625635147095,8198,0.0005,0.57,35,-18.27882469,0.1477881669998169
0.026888633146882057,16.99,16.53540802001953,16420,287857,287958,-0.44728776812553406,8200,0.0005,0.58,35,-17.8941486,0.057879358530044556
0.02644386887550354,16.9,16.508464813232422,16424,287907,288008,-0.791743278503418,8202,0.0005,0.59,35,-17.696925020000002,0.21399341523647308
0.02621164545416832,16.74,15.636942863464355,16428,287973,288074,0.20225751399993896,8204,0.0005,0.57,35,-18.23171965,0.10792340338230133
0.026114411652088165,16.75,16.400028228759766,16432,288037,288138,0.43087148666381836,8206,0.0005,0.57,35,-18.229727769999997,0.3542594909667969
0.026277752593159676,17.0,17.947547912597656,16436,288113,288214,1.2410002946853638,8208,0.0005,0.59,35,-17.66854101,0.20450839400291443
0.026365825906395912,17.0,15.95632266998291,16440,288180,288281,-0.5425546765327454,8210,0.0005,0.59,35,-17.83090518,0.06051632761955261
0.02608475461602211,17.12,18.255748748779297,16444,288254,288355,0.19878339767456055,8212,0.0005,0.6,35,-17.524009420000002,0.0856696292757988
0.02588782273232937,17.22,15.312481880187988,16448,288323,288424,-1.2017104625701904,8214,0.0005,0.61,35,-17.22727362,0.13842010498046875
0.025890013203024864,17.16,17.84194564819336,16452,288387,288488,-0.2577992081642151,8215,0.0005,0.6,35,-17.50926648,0.10874952375888824
0.025397639721632004,16.95,16.892057418823242,16456,288447,288548,-0.060611799359321594,8217,0.0005,0.58,35,-17.92423344,0.07001475244760513
0.0252603217959404,16.85,16.24713706970215,16460,288501,288602,-0.5176103115081787,8219,0.0005,0.57,35,-18.11390936,0.08524686098098755
0.025376468896865845,16.89,16.077735900878906,16464,288563,288664,-0.019171491265296936,8220,0.0005,0.58,35,-17.750006619999997,0.06471030414104462
0.025151925161480904,16.75,15.790851593017578,16468,288628,288729,0.24026066064834595,8222,0.0005,0.57,35,-17.884629640000004,0.039158307015895844
0.025372300297021866,16.78,15.499567031860352,16472,288703,288804,0.031155601143836975,8224,0.0005,0.57,35,-17.84149052,1.0065677165985107
0.025377696380019188,16.98,16.03238296508789,16476,288783,288884,-0.11879916489124298,8226,0.0005,0.59,35,-17.483552739999997,0.11255006492137909
0.025323884561657906,16.83,17.765182495117188,16480,288839,288940,0.23462289571762085,8228,0.0005,0.59,35,-17.35978215,1.9389588832855225
0.0259262528270483,17.08,16.513099670410156,16484,288916,289017,0.7764997482299805,8230,0.0005,0.6,35,-17.164319919999997,0.38516953587532043
0.026973919942975044,17.15,15.652627944946289,16488,288987,289088,0.08527720719575882,8232,0.0005,0.59,35,-17.34425654,0.1520976722240448
0.026828669011592865,17.2,17.184619903564453,16492,289056,289157,-0.5795978903770447,8234,0.0005,0.59,35,-17.41230746,0.058565590530633926
0.025952128693461418,17.12,15.538487434387207,16496,289118,289219,-1.103747844696045,8236,0.0005,0.57,35,-17.73385946,0.8619160652160645
0.02571616694331169,17.15,16.7322998046875,16500,289187,289288,-0.05769374966621399,8238,0.0005,0.57,35,-17.70673386,0.15967455506324768
0.025450751185417175,17.13,17.201011657714844,16504,289256,289357,0.5264905691146851,8240,0.0005,0.54,35,-18.538720650000002,0.07914470881223679
0.026026614010334015,17.22,16.84538459777832,16508,289337,289438,0.12696711719036102,8242,0.0005,0.54,35,-18.55588528,0.1722472608089447
0.026237523183226585,17.13,16.57512855529785,16512,289406,289507,-0.7712846398353577,8244,0.0005,0.54,35,-18.42845289,0.10653858631849289
0.02605554647743702,16.8,14.829532623291016,16516,289463,289564,0.13685788214206696,8245,0.0005,0.51,35,-19.104997769999997,0.11937820166349411
0.02637573331594467,16.6,16.511634826660156,16520,289517,289618,0.26482731103897095,8247,0.0005,0.49,35,-19.502228579999997,0.0337478369474411
0.02610022760927677,16.9,15.782610893249512,16524,289597,289698,-0.5352526903152466,8249,0.0005,0.51,35,-19.040942529999995,0.2520034909248352
0.025901082903146744,16.82,15.51457691192627,16528,289655,289756,0.4367070198059082,8250,0.0005,0.51,35,-19.18856892,0.3959220349788666
0.025988344103097916,16.88,15.578922271728516,16532,289725,289826,0.4400724470615387,8252,0.0005,0.51,35,-19.110961100000004,0.2755588889122009
0.0260129664093256,16.74,17.348236083984375,16536,289787,289888,0.9433717727661133,8254,0.0005,0.49,35,-19.43827985,0.248620867729187
0.026261936873197556,16.78,16.31856918334961,16540,289858,289959,0.06149381399154663,8256,0.0005,0.5,35,-19.101891549999998,0.09775358438491821
0.026354046538472176,16.76,17.12487030029297,16544,289930,290031,0.21161247789859772,8273,0.0005,0.49,35,-19.345148650000002,0.2435346245765686
0.02629239857196808,16.67,16.536108016967773,16548,289990,290091,-0.41358786821365356,8275,0.0005,0.48,35,-19.64926805,0.05386912450194359
0.02643079124391079,16.64,18.33232307434082,16552,290051,290152,0.6336528062820435,8277,0.0005,0.48,35,-19.63338152,0.09378111362457275
0.026481088250875473,16.76,13.515138626098633,16556,290123,290224,-0.776677131652832,8278,0.0005,0.49,35,-19.50071564,0.09936346113681793
0.026440653949975967,16.91,17.09803009033203,16560,290192,290293,-0.29184266924858093,8280,0.0005,0.49,35,-19.690657570000003,0.06857001781463623
0.025691015645861626,16.94,16.73194122314453,16564,290257,290358,1.0104247331619263,8282,0.0005,0.48,35,-20.072287859999996,0.08156124502420425
0.02533269114792347,16.94,16.9510498046875,16568,290322,290423,-0.31601831316947937,8284,0.0005,0.49,35,-19.86282635,0.05283362790942192
0.02475525252521038,16.77,16.026695251464844,16572,290380,290481,0.2881454527378082,8285,0.0005,0.48,35,-20.128396650000003,0.07722890377044678
0.02465886063873768,16.51,15.495880126953125,16576,290434,290535,-0.1686258465051651,8287,0.0005,0.47,35,-20.201000460000003,0.2907254695892334
0.02452205680310726,16.76,16.00999641418457,16580,290515,290616,-0.5049490928649902,8289,0.0005,0.47,35,-20.44644306,0.20700828731060028
0.024085162207484245,16.81,17.004695892333984,16584,290597,290698,0.3720760941505432,8291,0.0005,0.47,35,-20.411323160000002,0.07275476306676865
0.023955270648002625,16.91,16.709121704101562,16588,290678,290779,-0.13490420579910278,8293,0.0005,0.47,35,-20.54970604,0.1721189320087433
0.02405945025384426,16.94,15.499166488647461,16592,290750,290851,-0.246107816696167,8295,0.0005,0.46,35,-20.742095430000003,0.03161436691880226
0.023779885843396187,16.98,15.714242935180664,16596,290816,290917,-0.3424798846244812,8297,0.0005,0.48,35,-20.35915625,0.20385122299194336
0.02401820197701454,16.9,17.395050048828125,16600,290877,290978,0.13231416046619415,8298,0.0005,0.48,35,-20.2355093,0.07687169313430786
0.02443612739443779,16.93,15.401143074035645,16604,290949,291050,-0.17140451073646545,8300,0.0005,0.5,35,-19.61441783,0.1993541419506073
0.024378689005970955,16.85,16.7740535736084,16608,291022,291123,-0.10220758616924286,8302,0.0005,0.5,35,-19.591331939999996,0.4347575902938843
0.024431683123111725,16.72,16.684364318847656,16612,291078,291179,0.7207199335098267,8304,0.0005,0.51,35,-19.39570922,0.08666930347681046
0.024725040420889854,16.74,16.073612213134766,16616,291137,291238,-0.48701828718185425,8305,0.0005,0.51,35,-19.39781601,0.03175846487283707
0.024523423984646797,16.89,16.837087631225586,16620,291206,291307,0.4550495147705078,8307,0.0005,0.5,35,-19.71585332,0.8147313594818115
0.024712417274713516,16.68,16.530948638916016,16624,291265,291366,0.3971202075481415,8308,0.0005,0.49,35,-19.92460763,0.07406510412693024
0.025211982429027557,16.78,16.211639404296875,16628,291333,291434,0.12885691225528717,8310,0.0005,0.5,35,-19.4893862,0.28754377365112305
0.02566789835691452,16.63,15.687065124511719,16632,291388,291489,-0.8854886293411255,8311,0.0005,0.51,35,-19.182006810000004,0.1288159340620041
0.025715773925185204,16.6,16.767440795898438,16636,291447,291548,0.44975948333740234,8313,0.0005,0.5,35,-19.43043402,0.13117806613445282
0.025929350405931473,16.49,15.77531909942627,16640,291507,291608,0.12806284427642822,8314,0.0005,0.5,35,-19.404460990000004,0.09641586244106293
0.02630860172212124,16.39,15.838025093078613,16644,291569,291670,0.13705651462078094,8316,0.0005,0.49,35,-19.59863068,1.4807907342910767
0.026089400053024292,16.51,15.383159637451172,16648,291641,291742,-0.038592953234910965,8318,0.0005,0.51,35,-19.07099238,0.09791819751262665
0.026191862300038338,16.51,16.528461456298828,16652,291702,291803,0.47936150431632996,8319,0.0005,0.5,35,-19.20176005,0.07121728360652924
0.02601456642150879,16.6,16.536365509033203,16656,291783,291884,0.07011989504098892,8322,0.0005,0.5,35,-19.123278659999997,0.4972299337387085
0.025541087612509727,16.48,16.89455795288086,16660,291840,291941,-0.13685786724090576,8323,0.0005,0.51,35,-18.696042959999996,0.28847742080688477
0.025159411132335663,16.63,16.051254272460938,16664,291920,292021,0.03440666198730469,8325,0.0005,0.52,35,-18.371342019999997,0.3886696696281433
0.024796094745397568,16.62,16.423818588256836,16668,291984,292085,-0.894304633140564,8327,0.0005,0.51,35,-18.58490577,0.1520702987909317
0.024347107857465744,16.82,16.729076385498047,16672,292062,292163,0.35324305295944214,8329,0.0005,0.49,35,-19.04863955,0.08100830018520355
0.024681363254785538,16.95,17.871639251708984,16676,292129,292230,0.6973986029624939,8331,0.0005,0.5,35,-18.825365429999998,0.19318409264087677
0.02506379410624504,16.76,16.538578033447266,16680,292191,292292,0.5216306447982788,8332,0.0005,0.48,35,-19.093427589999997,0.08015627413988113
0.02531091868877411,16.57,15.975080490112305,16684,292254,292355,-0.10781768709421158,8334,0.0005,0.46,35,-19.64941831,0.035042040050029755
0.02504018135368824,16.39,17.1008358001709,16688,292317,292418,0.6673099994659424,8335,0.0005,0.45,35,-19.907622,0.03129575029015541
0.024736780673265457,16.31,17.002986907958984,16692,292381,292482,0.9028877019882202,8337,0.0005,0.45,35,-19.87746931,0.06578466296195984
0.02479398436844349,16.29,17.027202606201172,16696,292445,292546,0.6263552904129028,8339,0.0005,0.44,35,-20.12633351,0.042642444372177124
0.0249802079051733,16.26,17.566661834716797,16700,292503,292604,0.7581148743629456,8340,0.0005,0.43,35,-20.355980360000004,0.2044406235218048
0.025510456413030624,16.3,16.35995101928711,16704,292579,292680,-0.24675965309143066,8342,0.0005,0.44,35,-20.10312026,0.03703771531581879
0.02606399543583393,16.26,16.812339782714844,16708,292648,292749,0.757847785949707,8344,0.0005,0.43,35,-20.42691157,0.08199512958526611
0.026598487049341202,16.4,14.839559555053711,16712,292718,292819,0.22238001227378845,8345,0.0005,0.42,35,-20.67034764,0.11543768644332886
0.02672441303730011,16.45,15.231396675109863,16716,292782,292883,0.08063170313835144,8347,0.0005,0.42,35,-20.6116496,0.07821156084537506
0.026492774486541748,16.47,16.52342987060547,16720,292853,292954,-0.4248512387275696,8349,0.0005,0.42,35,-20.676043130000004,0.27272680401802063
0.026082521304488182,16.55,17.209150314331055,16724,292920,293021,-0.10274170339107513,8350,0.0005,0.42,35,-20.79875504,0.6666056513786316
0.02578061819076538,16.58,16.767972946166992,16728,292991,293092,-0.42299169301986694,8352,0.0005,0.43,35,-20.541996169999997,0.3036029636859894
0.02534674108028412,16.67,19.162967681884766,16732,293055,293156,-0.5030301809310913,8354,0.0005,0.42,35,-20.93425554,0.10155842453241348
0.02493504248559475,16.79,16.41533660888672,16736,293126,293227,-0.4458557665348053,8356,0.0005,0.45,35,-20.277156429999998,0.8621174097061157
0.025082306936383247,16.73,16.853900909423828,16740,293180,293281,-0.09652921557426453,8357,0.0005,0.43,35,-20.76823338,0.05897996574640274
0.025077451020479202,16.72,15.490017890930176,16744,293241,293342,-0.0865073949098587,8358,0.0005,0.43,35,-20.977544230000003,0.038098856806755066
0.025433743372559547,16.65,14.928316116333008,16748,293306,293407,-0.09865131974220276,8360,0.0005,0.41,35,-21.587876740000002,0.05399256572127342
0.025996239855885506,16.86,15.165266036987305,16752,293388,293489,0.08406631648540497,8362,0.0005,0.43,35,-21.321518669999996,0.25672388076782227
0.02614729292690754,16.86,16.427446365356445,16756,293469,293570,-0.42483964562416077,8365,0.0005,0.43,35,-21.330481389999996,0.07219131290912628
0.02554885670542717,17.04,15.59776496887207,16760,293544,293645,-0.22282811999320984,8367,0.0005,0.42,35,-21.721447079999997,0.03058359958231449
0.025049377232789993,16.98,16.15839385986328,16764,293618,293719,-0.1428767293691635,8368,0.0005,0.41,35,-22.09946869,0.1692667007446289
0.024828802794218063,17.05,16.659618377685547,16768,293689,293790,0.043669842183589935,8370,0.0005,0.41,35,-22.25527737,0.08995576202869415
0.02482483722269535,16.82,16.132503509521484,16772,293744,293845,0.49771231412887573,8372,0.0005,0.43,35,-21.76800581,0.36819595098495483
0.02500065416097641,16.8,17.371807098388672,16776,293809,293910,-0.5208535194396973,8373,0.0005,0.42,35,-22.013049329999998,0.11492884904146194
0.02478136494755745,16.72,15.100412368774414,16780,293863,293964,-0.4138544201850891,8375,0.0005,0.41,35,-22.425388079999998,0.3112937808036804
0.024427233263850212,16.7,15.404436111450195,16784,293924,294025,0.3129713535308838,8376,0.0005,0.41,35,-22.371853949999995,0.04226137697696686
0.024218887090682983,16.82,17.202117919921875,16788,293999,294100,-0.2079218029975891,8378,0.0005,0.44,35,-21.52617672,0.03554462641477585
0.02361721731722355,16.89,16.04667091369629,16792,294070,294171,0.4463695287704468,8380,0.0005,0.45,35,-21.36199572,0.2729877829551697
0.023503609001636505,16.92,18.375896453857422,16796,294137,294238,0.4909576177597046,8382,0.0005,0.44,35,-21.554808230000003,0.045283883810043335
0.02381865680217743,17.04,16.65005874633789,16800,294207,294308,-0.3674911856651306,8384,0.0005,0.45,35,-21.437368919999994,0.22506952285766602
0.023655500262975693,16.93,15.870437622070312,16804,294272,294373,-0.5158705711364746,8386,0.0005,0.45,35,-21.492891689999997,0.20795786380767822
0.02326703816652298,16.89,16.31084442138672,16808,294337,294438,0.3874730169773102,8387,0.0005,0.44,35,-21.730785259999994,0.09109450876712799
0.023454930633306503,16.99,17.092662811279297,16812,294417,294518,0.40381836891174316,8389,0.0005,0.45,35,-21.524258540000005,0.6315532326698303
0.023345842957496643,17.25,15.074190139770508,16816,294507,294608,0.3184698820114136,8392,0.0005,0.47,35,-21.116380779999997,0.11377762258052826
0.023377947509288788,17.12,16.406906127929688,16820,294565,294666,0.5325210690498352,8393,0.0005,0.47,35,-21.28334893,0.7299264669418335
0.02339005656540394,16.97,16.764150619506836,16824,294617,294718,0.09525644779205322,8395,0.0005,0.46,35,-21.400064819999997,0.09775569289922714
0.02340743876993656,16.91,14.928153991699219,16828,294682,294783,-0.18476295471191406,8396,0.0005,0.46,35,-21.344090660000003,0.185201495885849
0.023174073547124863,16.9,14.96026611328125,16832,294745,294846,0.5590961575508118,8398,0.0005,0.47,35,-21.004851650000006,0.38226616382598877
0.023175625130534172,17.01,15.665882110595703,16836,294827,294928,0.04689118266105652,8400,0.0005,0.48,35,-20.806780149999998,0.048025116324424744
0.02331429347395897,17.16,16.858919143676758,16840,294896,294997,1.4890803098678589,8402,0.0005,0.48,35,-20.87090782,0.09426197409629822
0.02316823974251747,17.17,16.3137149810791,16844,294958,295059,0.6651120185852051,8404,0.0005,0.49,35,-20.463314710000002,0.35367506742477417
0.022978845983743668,17.02,15.558164596557617,16848,295008,295109,0.927578330039978,8405,0.0005,0.49,35,-20.24567702,0.148398756980896
0.023254072293639183,16.9,16.484142303466797,16852,295078,295179,0.1834632158279419,8407,0.0005,0.49,35,-20.10328026,0.04599367082118988
0.023647073656320572,16.6,16.79367446899414,16856,295129,295230,0.5626372694969177,8408,0.0005,0.47,35,-20.67962364,0.6271604299545288
0.023961680009961128,16.4,17.361440658569336,16860,295184,295285,-0.4076860547065735,8409,0.0005,0.47,35,-20.598197730000003,0.07336335629224777
0.02389388345181942,16.4,15.796021461486816,16864,295258,295359,-0.32655856013298035,8411,0.0005,0.5,35,-19.73482575,0.046043552458286285
0.02397247403860092,16.5,14.735992431640625,16868,295339,295440,-0.08485870063304901,8414,0.0005,0.49,35,-19.84589429,0.11632437258958817
0.02413780800998211,16.61,15.942298889160156,16872,295405,295506,0.19433477520942688,8415,0.0005,0.5,35,-19.550467530000002,0.07135911285877228
0.023970553651452065,16.54,15.869851112365723,16876,295463,295564,0.7769438028335571,8417,0.0005,0.52,35,-19.03918393,1.1373169422149658
0.02386760339140892,16.65,15.555883407592773,16880,295528,295629,-0.6741011142730713,8419,0.0005,0.54,35,-18.46048725,1.656453251838684
0.02350555919110775,16.66,16.049455642700195,16884,295590,295691,0.5163276791572571,8420,0.0005,0.56,35,-17.991438560000002,0.2265777736902237
0.023949069902300835,16.55,17.956377029418945,16888,295654,295755,0.39768192172050476,8422,0.0005,0.55,35,-18.26205461,0.6092162132263184
0.023893268778920174,16.62,16.65507698059082,16892,295732,295833,0.4503476321697235,8424,0.0005,0.55,35,-18.29739889,0.02887045033276081
0.023915501311421394,16.61,16.340904235839844,16896,295798,295899,0.196659117937088,8425,0.0005,0.56,35,-18.05335709,0.2417401373386383
0.02392362803220749,16.64,14.900747299194336,16900,295871,295972,-0.07222301512956619,8427,0.0005,0.57,35,-17.738818430000002,0.08233773708343506
0.023952260613441467,16.71,15.519609451293945,16904,295943,296044,-0.6427591443061829,8429,0.0005,0.56,35,-18.00880971,0.3498682975769043
0.023296961560845375,16.81,16.309326171875,16908,296018,296119,0.4373309910297394,8431,0.0005,0.58,35,-17.409056680000003,0.3873671889305115
0.023610344156622887,16.74,15.097291946411133,16912,296091,296192,-0.19279301166534424,8433,0.0005,0.58,35,-17.440019660000004,0.10962963104248047
0.02351599745452404,16.64,17.000774383544922,16916,296171,296272,-0.3158559203147888,8436,0.0005,0.57,35,-17.626197330000004,0.3298318088054657
0.023299967870116234,16.62,15.8211088180542,16920,296227,296328,-0.12910979986190796,8437,0.0005,0.58,35,-17.15539878,0.1232035681605339
0.023142807185649872,16.91,15.571795463562012,16924,296308,296409,0.10225775837898254,8439,0.0005,0.6,35,-16.812906440000003,0.11872179061174393
0.023196078836917877,16.87,16.213619232177734,16928,296369,296470,0.544809103012085,8441,0.0005,0.59,35,-17.06111436,0.22698494791984558
0.02332833781838417,16.93,15.39310073852539,16932,296438,296539,0.41773363947868347,8443,0.0005,0.57,35,-17.65024866,0.05806536227464676
0.023632770404219627,16.8,15.265497207641602,16936,296507,296608,-0.3302260935306549,8444,0.0005,0.55,35,-18.0926461,0.12915612757205963
0.02376917190849781,16.92,16.955398559570312,16940,296588,296689,0.21425087749958038,8446,0.0005,0.56,35,-17.79017811,0.09866136312484741
0.023667672649025917,16.98,16.670310974121094,16944,296656,296757,0.4641713500022888,8448,0.0005,0.57,35,-17.58549196,1.53484308719635
0.023353464901447296,17.18,15.952604293823242,16948,296726,296827,-0.5678061246871948,8450,0.0005,0.58,35,-17.39487372,0.19658023118972778
0.02327170968055725,17.02,14.823263168334961,16952,296780,296881,0.34220871329307556,8451,0.0005,0.57,35,-17.62609615,0.11397047340869904
0.023411720991134644,17.01,15.55971908569336,16956,296830,296931,-0.05458223819732666,8452,0.0005,0.58,35,-17.225631619999998,1.5733040571212769
0.023086361587047577,17.09,13.19615364074707,16960,296893,296994,-0.4044548273086548,8454,0.0005,0.59,35,-16.95464955,0.08136111497879028
0.02359241060912609,16.97,16.65435028076172,16964,296955,297056,0.7885215878486633,8455,0.0005,0.56,35,-17.61978254,0.10327222943305969
0.02352122962474823,16.85,17.00277328491211,16968,297024,297125,-0.4573339521884918,8457,0.0005,0.57,35,-17.43322264,0.0908304750919342
0.02348920702934265,16.8,14.795917510986328,16972,297085,297186,-0.23295904695987701,8458,0.0005,0.55,35,-18.03679663,0.09642945230007172
0.023434091359376907,16.78,16.205814361572266,16976,297141,297242,-0.5481445789337158,8460,0.0005,0.52,35,-18.821799520000003,0.319598525762558
0.0236180629581213,17.03,16.14250946044922,16980,297231,297332,0.3664757311344147,8462,0.0005,0.52,35,-18.87361388,0.07610450685024261
0.02393222041428089,17.13,16.18515396118164,16984,297303,297404,0.336483359336853,8464,0.0005,0.51,35,-19.023445380000002,0.7625761032104492
0.023949744179844856,17.15,16.866352081298828,16988,297369,297470,0.6910336017608643,8465,0.0005,0.49,35,-19.488366019999997,0.18931563198566437
0.023796645924448967,17.16,14.322439193725586,16992,297448,297549,-0.2896909713745117,8467,0.0005,0.48,35,-19.713706549999998,0.2849579155445099
0.023925956338644028,17.19,16.226686477661133,16996,297517,297618,-0.5069089531898499,8469,0.0005,0.49,35,-19.409686609999998,0.04396302253007889
0.024143170565366745,17.11,16.886123657226562,17000,297582,297683,0.881357729434967,8471,0.0005,0.47,35,-19.87720879,0.08348288387060165
0.024176454171538353,17.12,15.637069702148438,17004,297655,297756,-0.567263662815094,8473,0.0005,0.48,35,-19.600977549999996,0.3139840364456177
0.024251943454146385,16.99,16.570236206054688,17008,297717,297818,0.3108641505241394,8475,0.0005,0.46,35,-20.047942350000003,0.08936955034732819
0.02401934750378132,16.9,15.285442352294922,17012,297781,297882,0.12796279788017273,8476,0.0005,0.46,35,-20.01806977,0.3456428050994873
0.024915456771850586,16.79,17.537227630615234,17016,297850,297951,1.4153639078140259,8478,0.0005,0.45,35,-20.38849956,0.07367590069770813
0.025311589241027832,16.93,15.477875709533691,17020,297920,298021,0.3115895986557007,8480,0.0005,0.46,35,-20.16370483,0.09990200400352478
0.025393402203917503,16.83,15.021623611450195,17024,297991,298092,0.4384711980819702,8482,0.0005,0.44,35,-20.562040070000002,0.169907808303833
0.02527429163455963,16.87,16.145641326904297,17028,298056,298157,0.3219195604324341,8483,0.0005,0.44,35,-20.53207553,0.07731097936630249
0.025037411600351334,16.87,14.741983413696289,17032,298125,298226,-1.0661996603012085,8485,0.0005,0.45,35,-20.33550992,0.07043708115816116
0.024883178994059563,16.9,14.290777206420898,17036,298197,298298,0.10541890561580658,8487,0.0005,0.45,35,-20.315263450000003,0.030138719826936722
0.024182869121432304,21.76,16.678394317626953,17040,298764,298865,0.14321964979171753,8501,0.0005,0.44,35,-21.145666319999997,0.04536089673638344
0.024295205250382423,21.72,17.093353271484375,17044,298828,298929,0.2569723129272461,8503,0.0005,0.43,35,-21.292713009999996,0.09400588274002075
0.02418730966746807,21.63,16.714332580566406,17048,298889,298990,0.09784962236881256,8505,0.0005,0.43,35,-21.369847569999997,0.07390431314706802
0.024402104318141937,21.89,16.892452239990234,17052,298969,299070,0.26145926117897034,8507,0.0005,0.45,35,-20.94175821,0.15822160243988037
0.024696461856365204,22.0,15.771360397338867,17056,299030,299131,-0.4368751645088196,8509,0.0005,0.45,35,-21.10393379,0.11489693820476532
0.025142448022961617,22.11,16.913131713867188,17060,299104,299205,0.018479883670806885,8511,0.0005,0.46,35,-20.913003569999997,0.056471534073352814
0.02521267533302307,22.06,15.843267440795898,17064,299161,299262,-0.17135471105575562,8512,0.0005,0.48,35,-20.47112092,0.5351693630218506
0.025493670254945755,22.05,15.855826377868652,17068,299229,299330,0.05160880088806152,8514,0.0005,0.46,35,-21.01036531,1.1364150047302246
0.025331290438771248,21.95,15.83559799194336,17072,299280,299381,0.4213498830795288,8515,0.0005,0.46,35,-20.90088744,0.06486764550209045
0.025471609085798264,22.1,17.11258316040039,17076,299351,299452,-0.21915709972381592,8517,0.0005,0.47,35,-20.75698336,1.362886905670166
0.025207974016666412,21.89,16.57949447631836,17080,299420,299521,0.4012492299079895,8519,0.0005,0.47,35,-20.698359259999997,0.11072526127099991
0.025272484868764877,21.97,16.621532440185547,17084,299500,299601,0.17879143357276917,8521,0.0005,0.48,35,-20.62327303,0.06965348869562149
0.025041908025741577,21.89,15.584721565246582,17088,299558,299659,0.08481601625680923,8523,0.0005,0.47,35,-20.879252849999997,0.1743517369031906
0.024605698883533478,21.75,14.601927757263184,17092,299623,299724,-0.28752973675727844,8524,0.0005,0.46,35,-21.089764829999993,0.06370043009519577
0.024203801527619362,21.7,14.882856369018555,17096,299687,299788,-0.6838172674179077,8526,0.0005,0.46,35,-21.122681309999997,0.08851098269224167
0.023748846724629402,21.88,16.204788208007812,17100,299770,299871,-0.3862335681915283,8528,0.0005,0.48,35,-20.650983269999998,0.10875153541564941
0.02346871793270111,21.8,16.816650390625,17104,299835,299936,-0.4118863344192505,8530,0.0005,0.48,35,-20.5913926,0.09006980061531067
0.023407818749547005,21.86,15.956945419311523,17108,299903,300004,0.10167145729064941,8547,0.0005,0.48,35,-20.63859009,0.0519266352057457
0.023705488070845604,21.9,17.172264099121094,17112,299971,300072,0.6695263981819153,8549,0.0005,0.48,35,-20.63413821,0.14496490359306335
0.024076009169220924,21.85,16.126867294311523,17116,300035,300136,-0.4006749987602234,8550,0.0005,0.5,35,-19.956329540000002,0.6724464893341064
0.023729469627141953,21.81,15.783788681030273,17120,300101,300202,-0.08007627725601196,8552,0.0005,0.48,35,-20.56079537,0.9453436136245728
0.023455411195755005,21.78,15.271340370178223,17124,300169,300270,0.1712253987789154,8554,0.0005,0.49,35,-20.387849810000002,0.04184417799115181
0.023516159504652023,21.74,15.902946472167969,17128,300230,300331,-0.06590256094932556,8555,0.0005,0.48,35,-20.7265402,0.0749061107635498
0.023664964362978935,21.87,16.85783576965332,17132,300312,300413,0.15966671705245972,8557,0.0005,0.49,35,-20.40782699,0.1494193971157074
0.024056077003479004,21.82,16.794906616210938,17136,300379,300480,-0.13137578964233398,8559,0.0005,0.49,35,-20.413419469999997,0.3055741786956787
0.024326102808117867,16.69,17.49361801147461,17140,300433,300534,0.32610517740249634,8561,0.0005,0.5,35,-19.58272853,0.1924678236246109
0.024326983839273453,16.65,16.415470123291016,17144,300493,300594,0.2595013380050659,8562,0.0005,0.49,35,-20.02915162,0.0779525488615036
0.024430034682154655,16.68,15.751769065856934,17148,300557,300658,0.29072970151901245,8564,0.0005,0.5,35,-19.70123863,0.4734800159931183
0.024541988968849182,16.61,15.370843887329102,17152,300630,300731,-0.10777466744184494,8566,0.0005,0.48,35,-20.18837568,1.420983910560608
0.02463320456445217,16.6,15.173343658447266,17156,300690,300791,-1.2565064430236816,8568,0.0005,0.49,35,-19.82147703,1.6968238353729248
0.024587729945778847,16.67,16.30167007446289,17160,300771,300872,-0.7128319144248962,8570,0.0005,0.48,35,-20.07726877,0.43758898973464966
0.024071602150797844,16.78,14.67525863647461,17164,300839,300940,-0.8027831315994263,8572,0.0005,0.46,35,-20.66080559,0.027259139344096184
0.023956740275025368,16.89,16.784658432006836,17168,300918,301019,-0.5448628067970276,8574,0.0005,0.49,35,-19.9281523,0.20343032479286194
0.024033749476075172,17.1,15.146122932434082,17172,300990,301091,0.36376240849494934,8576,0.0005,0.5,35,-19.73371145,0.08134369552135468
0.023977035656571388,16.92,16.197050094604492,17176,301043,301144,-0.02331683039665222,8577,0.0005,0.49,35,-19.91880655,0.45995962619781494
0.02390652894973755,16.86,16.01852035522461,17180,301106,301207,0.5902947187423706,8579,0.0005,0.48,35,-20.16577885,0.05490409582853317
0.02371498942375183,16.62,16.298974990844727,17184,301162,301263,-0.3266615867614746,8581,0.0005,0.47,35,-20.35567456,1.02091383934021
0.02310456708073616,16.87,14.726871490478516,17188,301245,301346,-0.6649602055549622,8583,0.0005,0.51,35,-19.41854337,0.11154342442750931
0.022989435121417046,16.93,15.574135780334473,17192,301316,301417,-0.6043094396591187,8585,0.0005,0.53,35,-18.93467507,0.14880721271038055
0.022883620113134384,16.92,16.963970184326172,17196,301379,301480,-0.027328506112098694,8587,0.0005,0.52,35,-19.194105840000002,0.08854225277900696
0.023202085867524147,16.85,16.82668113708496,17200,301455,301556,0.745587944984436,8589,0.0005,0.5,35,-19.797456779999997,0.6292867660522461
0.023745955899357796,16.95,15.959620475769043,17204,301530,301631,0.1477838009595871,8591,0.0005,0.48,35,-20.440966619999998,0.0397651307284832
0.024298371747136116,16.97,16.832080841064453,17208,301600,301701,0.1688050925731659,8593,0.0005,0.5,35,-19.98963912,0.12162430584430695
0.024288306012749672,17.0,14.628243446350098,17212,301671,301772,-0.2889971137046814,8595,0.0005,0.49,35,-20.267663080000002,0.07718750089406967
0.02422996424138546,17.11,15.940791130065918,17216,301746,301847,-0.0002593100070953369,8597,0.0005,0.48,35,-20.71296552,0.0589875727891922
0.024475298821926117,17.16,14.56047248840332,17220,301817,301918,0.5557831525802612,8599,0.0005,0.49,35,-20.32523403,0.028891820460557938
0.024832259863615036,17.02,15.27967643737793,17224,301871,301972,-0.8426358699798584,8600,0.0005,0.49,35,-20.19694033,0.0661718025803566
0.024652821943163872,16.98,16.006500244140625,17228,301928,302029,-0.6452627182006836,8602,0.0005,0.52,35,-19.334223759999997,0.09979024529457092
0.024257754907011986,16.82,14.855847358703613,17232,301994,302095,0.7466192245483398,8603,0.0005,0.52,35,-19.34271824,0.09890308976173401
0.024194438010454178,16.75,15.309122085571289,17236,302054,302155,-0.22613300383090973,8605,0.0005,0.51,35,-19.56071177,0.13195669651031494
0.024228248745203018,16.91,15.892948150634766,17240,302124,302225,0.23461365699768066,8607,0.0005,0.5,35,-19.780300950000004,0.47484248876571655
0.024006271734833717,16.83,16.15228271484375,17244,302176,302277,-0.5215694904327393,8608,0.0005,0.5,35,-19.664683900000004,0.0670430064201355
0.02359369955956936,16.94,16.36127471923828,17248,302251,302352,0.42426228523254395,8611,0.0005,0.51,35,-19.4649535,0.049527689814567566
0.02365701086819172,16.85,15.321184158325195,17252,302315,302416,0.5485486388206482,8612,0.0005,0.52,35,-19.09259858,0.19106104969978333
0.0234997421503067,16.8,16.018428802490234,17256,302370,302471,-0.0933145210146904,8614,0.0005,0.51,35,-19.37880021,0.0689033642411232
0.02305564284324646,16.59,15.87393569946289,17260,302430,302531,0.212198406457901,8615,0.0005,0.5,35,-19.56467091,0.06072551757097244
0.022953001782298088,16.53,16.330772399902344,17264,302492,302593,-1.026366949081421,8617,0.0005,0.5,35,-19.52928603,1.4192562103271484
0.022774305194616318,16.49,15.822044372558594,17268,302567,302668,-0.9661519527435303,8619,0.0005,0.5,35,-19.44502104,0.12560048699378967
0.022486085072159767,16.44,16.179607391357422,17272,302634,302735,0.6126644611358643,8621,0.0005,0.52,35,-18.93410242,0.3494895100593567
0.023439019918441772,16.72,16.15117835998535,17276,302715,302816,-0.1735825091600418,8623,0.0005,0.54,35,-18.589842250000004,0.12428111582994461
0.023886239156126976,16.74,17.04344367980957,17280,302780,302881,1.3642430305480957,8625,0.0005,0.55,35,-18.26651092,0.12516720592975616
0.024586834013462067,16.87,16.803956985473633,17284,302849,302950,0.378953754901886,8627,0.0005,0.55,35,-18.187449380000004,0.177046537399292
0.024920674040913582,16.79,16.275423049926758,17288,302924,303025,-0.5302468538284302,8629,0.0005,0.53,35,-18.55175315,1.197879672050476
0.02551484853029251,16.77,18.179851531982422,17292,302993,303094,1.0098776817321777,8631,0.0005,0.52,35,-18.813405059999997,0.0893455296754837
0.02616235986351967,16.95,15.824300765991211,17296,303074,303175,-0.2772742509841919,8633,0.0005,0.54,35,-18.40608906,0.050503164529800415
0.02620805986225605,16.71,15.728618621826172,17300,303126,303227,0.1036803275346756,8635,0.0005,0.55,35,-17.94738159,0.22247612476348877
0.026198599487543106,16.58,16.535842895507812,17304,303188,303289,-0.5061175227165222,8637,0.0005,0.56,35,-17.609411220000002,0.13203716278076172
0.02557850442826748,16.68,15.422948837280273,17308,303268,303369,-0.34442031383514404,8639,0.0005,0.54,35,-18.042736700000003,0.30788856744766235
0.0254273172467947,16.64,16.793903350830078,17312,303335,303436,0.5537201762199402,8640,0.0005,0.55,35,-17.735662440000002,0.18703287839889526
0.025095948949456215,16.49,16.286558151245117,17316,303395,303496,-0.5374257564544678,8642,0.0005,0.54,35,-17.8267047,0.33833134174346924
0.02439717762172222,16.5,16.806089401245117,17320,303467,303568,0.7070214152336121,8644,0.0005,0.55,35,-17.615362859999994,0.06395093351602554
0.024409674108028412,16.61,15.78786849975586,17324,303532,303633,-0.6556341052055359,8645,0.0005,0.55,35,-17.668871789999997,0.06394632905721664
0.024244463071227074,16.76,16.247831344604492,17328,303604,303705,-0.15628375113010406,8647,0.0005,0.54,35,-18.02424461,0.03786167874932289
0.023529669269919395,16.68,16.84329605102539,17332,303662,303763,-1.2885501384735107,8649,0.0005,0.51,35,-18.671752039999998,0.0687033012509346
0.02332727052271366,16.96,16.101362228393555,17336,303750,303851,0.40463194251060486,8651,0.0005,0.54,35,-18.079189919999997,0.1608562171459198
0.02300919219851494,16.98,14.818164825439453,17340,303822,303923,0.042356789112091064,8653,0.0005,0.55,35,-17.835227850000003,0.060110267251729965
0.022953135892748833,17.2,16.073654174804688,17344,303896,303997,0.21225088834762573,8655,0.0005,0.56,35,-17.631098429999998,0.8291901350021362
0.022685380652546883,17.1,15.423345565795898,17348,303961,304062,-0.5528408288955688,8657,0.0005,0.53,35,-18.361280599999997,0.18056249618530273
0.022191153839230537,17.25,15.379220962524414,17352,304040,304141,0.39819061756134033,8659,0.0005,0.53,35,-18.509331829999994,0.44506144523620605
0.022558016702532768,17.34,16.193767547607422,17356,304104,304205,-0.65509033203125,8661,0.0005,0.54,35,-18.29557584,0.09009415656328201
0.02202017791569233,17.56,15.517570495605469,17360,304186,304287,0.34053003787994385,8663,0.0005,0.55,35,-18.10908077,0.11000856757164001
0.021790409460663795,17.48,16.103609085083008,17364,304240,304341,1.0001142024993896,8664,0.0005,0.56,35,-17.7426901,0.04346922039985657
0.02184937708079815,17.43,15.503751754760742,17368,304310,304411,0.5662592053413391,8666,0.0005,0.55,35,-17.982943889999998,0.25065484642982483
0.02177504077553749,17.4,15.564033508300781,17372,304374,304475,-0.24787922203540802,8668,0.0005,0.54,35,-18.22502597,0.07756499946117401
0.02203715592622757,17.14,15.535408973693848,17376,304429,304530,-0.16138024628162384,8669,0.0005,0.53,35,-18.402770450000002,0.10922037065029144
0.02195904590189457,17.1,15.945320129394531,17380,304490,304591,-0.1033855676651001,8671,0.0005,0.52,35,-18.930891470000002,0.07503022253513336
0.02222066931426525,17.01,15.33031177520752,17384,304550,304651,0.27439868450164795,8672,0.0005,0.52,35,-18.99478795,0.13594862818717957
0.02272389642894268,16.97,15.953535079956055,17388,304621,304722,0.34793156385421753,8674,0.0005,0.53,35,-18.823521109999998,0.14953452348709106
0.023165440186858177,16.9,15.618524551391602,17392,304683,304784,-0.5572696328163147,8675,0.0005,0.52,35,-18.986284660000003,0.036892712116241455
0.02305058017373085,16.7,16.762887954711914,17396,304744,304845,0.31419050693511963,8677,0.0005,0.49,35,-19.60695799,0.09622557461261749
0.023401573300361633,16.8,15.627177238464355,17400,304806,304907,-0.10320994257926941,8679,0.0005,0.48,35,-19.932284770000003,0.13978736102581024
0.02366388589143753,16.79,15.484375,17404,304867,304968,-0.13227611780166626,8680,0.0005,0.47,35,-20.081494220000003,0.06581641733646393
0.023430950939655304,16.65,15.797835350036621,17408,304933,305034,-0.2737937569618225,8682,0.0005,0.46,35,-20.416213459999998,0.350065678358078
0.022932343184947968,16.77,16.776588439941406,17412,305012,305113,1.1615875959396362,8684,0.0005,0.46,35,-20.44079202,0.7170920968055725
0.023066066205501556,16.96,16.860990524291992,17416,305091,305192,-0.46053874492645264,8686,0.0005,0.48,35,-20.011861590000002,0.13492310047149658
0.022563420236110687,16.95,15.883174896240234,17420,305162,305263,-0.3180617392063141,8688,0.0005,0.47,35,-20.221465639999998,0.024023864418268204
0.02220074273645878,16.95,16.007598876953125,17424,305227,305328,-0.00808672234416008,8690,0.0005,0.48,35,-19.900249700000003,0.11780484020709991
0.02193775400519371,16.97,16.343751907348633,17428,305301,305402,-0.13312190771102905,8692,0.0005,0.48,35,-19.97189918,0.059802018105983734
0.021898597478866577,16.93,15.4068603515625,17432,305355,305456,-1.01236093044281,8693,0.0005,0.5,35,-19.45970594,0.0811457484960556
0.021591585129499435,16.87,15.886148452758789,17436,305437,305538,-0.07477870583534241,8695,0.0005,0.47,35,-20.128984810000002,1.4898810386657715
0.02203114703297615,16.9,14.312657356262207,17440,305512,305613,-0.30060213804244995,8697,0.0005,0.48,35,-19.976883400000006,0.12999175488948822
0.02250639535486698,16.77,16.185503005981445,17444,305573,305674,-0.16737490892410278,8699,0.0005,0.47,35,-20.224086890000002,0.2684459686279297
0.02283095382153988,16.93,16.263547897338867,17448,305654,305755,0.6663397550582886,8701,0.0005,0.49,35,-19.74903786,0.029286090284585953
0.022694051265716553,16.97,17.04717254638672,17452,305737,305838,-0.36636924743652344,8703,0.0005,0.48,35,-19.89568792,0.09091126918792725
0.022610438987612724,17.01,15.670927047729492,17456,305805,305906,-0.4033421277999878,8705,0.0005,0.48,35,-19.881076189999998,0.13845232129096985
0.021871766075491905,16.9,16.06170654296875,17460,305876,305977,-0.15204337239265442,8707,0.0005,0.48,35,-19.87812063,0.04706600308418274
0.02188420295715332,17.12,15.786935806274414,17464,305952,306053,-0.3585795760154724,8709,0.0005,0.48,35,-19.996987689999997,0.06779899448156357
0.02265113778412342,17.13,15.524908065795898,17468,306023,306124,-0.3357691168785095,8711,0.0005,0.48,35,-19.990474250000002,0.1930670589208603
0.022677632048726082,17.14,17.178592681884766,17472,306088,306189,0.09083357453346252,8712,0.0005,0.46,35,-20.605596480000003,0.2039785385131836
0.022557025775313377,17.31,15.57514762878418,17476,306160,306261,-0.11413724720478058,8714,0.0005,0.46,35,-20.516264610000004,0.0672120451927185
0.022164704278111458,17.25,15.867063522338867,17480,306215,306316,-0.4542067050933838,8716,0.0005,0.47,35,-19.981600959999998,0.39732825756073
0.022153671830892563,17.36,15.611719131469727,17484,306286,306387,0.10253359377384186,8717,0.0005,0.47,35,-20.062427340000003,1.0747852325439453
0.022290678694844246,17.33,16.470497131347656,17488,306354,306455,-0.020275652408599854,8719,0.0005,0.46,35,-20.31590417,0.0803215354681015
0.022259460762143135,17.38,16.34238052368164,17492,306421,306522,-0.8917181491851807,8721,0.0005,0.47,35,-20.23483833,0.30991581082344055
0.02187935635447502,17.6,15.92957878112793,17496,306504,306605,0.3908206522464752,8723,0.0005,0.49,35,-19.83943937,0.04324829578399658
0.02194022759795189,17.77,15.307117462158203,17500,306583,306684,0.1622050404548645,8725,0.0005,0.5,35,-19.63297922,0.06674865633249283
0.022115012630820274,17.81,16.139156341552734,17504,306648,306749,1.0862081050872803,8726,0.0005,0.5,35,-19.70885624,0.08471326529979706
0.022186942398548126,17.86,16.238113403320312,17508,306719,306820,0.6678135991096497,8728,0.0005,0.52,35,-19.1480681,0.06380957365036011
0.022617319598793983,17.63,16.711986541748047,17512,306775,306876,0.5498284101486206,8729,0.0005,0.53,35,-18.78700928,0.2695927321910858
0.02261705882847309,17.39,15.801702499389648,17516,306830,306931,-0.707429826259613,8731,0.0005,0.5,35,-19.49887445,0.14429709315299988
0.022096464410424232,17.32,15.199064254760742,17520,306894,306995,-0.3033119738101959,8732,0.0005,0.49,35,-19.745275850000002,0.025200583040714264
0.02170226164162159,17.35,15.900674819946289,17524,306962,307063,0.4517463147640228,8734,0.0005,0.49,35,-19.71033444,0.03427858650684357
0.02152736485004425,17.26,16.36839485168457,17528,307027,307128,0.1987868845462799,8735,0.0005,0.48,35,-19.809585079999998,0.06344866752624512
0.021552128717303276,17.41,15.980998039245605,17532,307096,307197,-0.2985950708389282,8737,0.0005,0.47,35,-20.16781925,0.03754086792469025
0.021660806611180305,17.26,15.506562232971191,17536,307163,307264,-0.028093591332435608,8738,0.0005,0.5,35,-19.33976772,0.02696460857987404
0.021708602085709572,17.1,15.650579452514648,17540,307222,307323,0.04876735806465149,8740,0.0005,0.48,35,-19.74368752,0.032371241599321365
0.02167002111673355,17.18,14.957952499389648,17544,307291,307392,0.07032445073127747,8741,0.0005,0.5,35,-19.21375842,0.049876224249601364
0.021789640188217163,16.97,15.431924819946289,17548,307351,307452,0.09901280701160431,8742,0.0005,0.48,35,-19.615264460000002,0.20674997568130493
0.021663444116711617,16.78,16.502286911010742,17552,307415,307516,-0.7772182822227478,8744,0.0005,0.49,35,-19.353244949999997,0.15764090418815613
0.021788524463772774,16.8,17.89858055114746,17556,307485,307586,0.3930414915084839,8745,0.0005,0.49,35,-19.38813863,0.07623662799596786
0.021617768332362175,16.65,15.813434600830078,17560,307541,307642,0.07867784053087234,8747,0.0005,0.47,35,-19.82459261,0.39804500341415405
0.022283058613538742,16.58,16.72484016418457,17564,307610,307711,1.062272310256958,8748,0.0005,0.47,35,-19.80263819,0.11706800013780594
0.02240811474621296,16.67,17.570995330810547,17568,307690,307791,0.052721425890922546,8750,0.0005,0.48,35,-19.616288179999998,0.08035299926996231
0.022473735734820366,16.63,15.98906135559082,17572,307751,307852,0.8612663745880127,8751,0.0005,0.49,35,-19.25971469,0.3697115182876587
0.022805215790867805,16.72,16.87010955810547,17576,307832,307933,0.0009028315544128418,8753,0.0005,0.51,35,-18.84780369,0.7256174087524414
0.0224650576710701,16.94,15.302746772766113,17580,307909,308010,-0.7079530358314514,8755,0.0005,0.52,35,-18.753299449999997,1.4346787929534912
0.02191155031323433,16.88,16.444091796875,17584,307974,308075,-0.10273472964763641,8757,0.0005,0.55,35,-17.84022739,0.34198787808418274
0.021918781101703644,16.82,17.336896896362305,17588,308036,308137,-0.14399966597557068,8758,0.0005,0.55,35,-17.788051460000002,0.030047915875911713
0.021750260144472122,16.85,16.192689895629883,17592,308106,308207,-0.35450291633605957,8760,0.0005,0.55,35,-17.70794185,0.03932590037584305
0.021469106897711754,16.74,15.71685791015625,17596,308178,308279,-0.3280652165412903,8762,0.0005,0.54,35,-17.896715559999997,0.1775875985622406
0.02174682728946209,16.76,16.99932861328125,17600,308259,308360,0.9963595867156982,8764,0.0005,0.54,35,-17.84370241,0.25158190727233887
0.022005073726177216,16.75,16.42025375366211,17604,308323,308424,-1.1962759494781494,8766,0.0005,0.55,35,-17.51962252,0.07646039128303528
0.021746370941400528,16.77,15.686227798461914,17608,308396,308497,-0.2896645963191986,8767,0.0005,0.54,35,-17.81194623,0.03541292995214462
0.02191878668963909,16.75,16.886913299560547,17612,308450,308551,-0.04771588742733002,8769,0.0005,0.52,35,-18.37572687,0.7978498935699463
0.02200043573975563,16.84,15.115784645080566,17616,308514,308615,-0.0015240609645843506,8771,0.0005,0.53,35,-18.07045587,0.1739073395729065
0.02234828844666481,16.87,17.77975082397461,17620,308581,308682,0.607144832611084,8772,0.0005,0.53,35,-18.06541503,0.027486197650432587
0.022026756778359413,17.0,16.62505340576172,17624,308662,308763,0.015838533639907837,8774,0.0005,0.52,35,-18.35604558,0.5155048370361328
0.021837841719388962,17.02,17.00961685180664,17628,308729,308830,0.1694682538509369,8776,0.0005,0.53,35,-18.148803150000003,0.042763616889715195
0.021688327193260193,16.98,14.637490272521973,17632,308794,308895,-0.8226033449172974,8778,0.0005,0.53,35,-18.19961289,0.03363947197794914
0.02190610021352768,17.04,16.6806583404541,17636,308867,308968,0.42130523920059204,8780,0.0005,0.52,35,-18.510108959999997,0.08974645286798477
0.021792825311422348,17.06,16.70337677001953,17640,308928,309029,0.4023367762565613,8782,0.0005,0.53,35,-18.24945608,0.05701359361410141
0.022093715146183968,17.0,16.64739990234375,17644,308991,309092,0.005831897258758545,8783,0.0005,0.5,35,-18.98096665,0.2806241512298584
0.021736128255724907,17.03,15.986581802368164,17648,309054,309155,0.30165398120880127,8785,0.0005,0.51,35,-18.81314599,1.2313225269317627
0.021476473659276962,17.16,16.366233825683594,17652,309131,309232,0.528458833694458,8787,0.0005,0.49,35,-19.35637155,0.07887813448905945
0.02168906293809414,17.03,17.03567886352539,17656,309188,309289,0.5785268545150757,8789,0.0005,0.49,35,-19.26996412,0.18997152149677277
0.021652234718203545,17.23,17.02115821838379,17660,309264,309365,-0.4398565888404846,8791,0.0005,0.51,35,-18.87332605,0.026654034852981567
0.021398259326815605,17.18,16.5607967376709,17664,309328,309429,0.41027408838272095,8792,0.0005,0.52,35,-18.570023550000002,0.06753662973642349
0.02185998111963272,17.04,15.879496574401855,17668,309394,309495,0.18576499819755554,8794,0.0005,0.5,35,-19.123735850000003,1.065809726715088
0.02229064702987671,17.18,16.791122436523438,17672,309469,309570,0.28297996520996094,8796,0.0005,0.5,35,-19.207377100000002,0.39600151777267456
0.02254270389676094,16.92,15.463276863098145,17676,309524,309625,0.14775286614894867,8798,0.0005,0.47,35,-19.875435770000003,0.34865933656692505
0.022808777168393135,16.74,15.42404556274414,17680,309583,309684,0.011908799409866333,8799,0.0005,0.44,35,-20.484003310000002,0.11352311074733734
0.023017942905426025,16.8,16.95032501220703,17684,309654,309755,0.39836639165878296,8801,0.0005,0.43,35,-20.792955390000007,1.725996971130371
0.02313428372144699,16.82,15.444217681884766,17688,309718,309819,0.6540734171867371,8803,0.0005,0.43,35,-20.854113750000007,0.09111492335796356
0.02345281094312668,16.84,14.717409133911133,17692,309790,309891,0.5044251680374146,8805,0.0005,0.42,35,-20.99593918,0.043256185948848724
0.02364428900182247,16.74,15.929329872131348,17696,309852,309953,0.3404400646686554,8807,0.0005,0.41,35,-21.21674402,0.06572415679693222
0.02367095649242401,16.57,16.03487777709961,17700,309916,310017,-0.625551164150238,8824,0.0005,0.41,35,-21.266497900000005,0.024074731394648552
0.023578813299536705,16.5,16.09872055053711,17704,309973,310074,-0.1695759892463684,8826,0.0005,0.4,35,-21.64136488,0.029664063826203346
0.022919777780771255,16.38,14.827415466308594,17708,310034,310135,-0.9842158555984497,8827,0.0005,0.4,35,-21.661898549999997,0.11897861212491989
0.022756921127438545,16.44,15.850700378417969,17712,310094,310195,-0.0942605584859848,8829,0.0005,0.41,35,-21.468577359999994,0.07295510172843933
0.02274990640580654,16.53,16.178424835205078,17716,310167,310268,-0.5302588939666748,8831,0.0005,0.41,35,-21.49357502,0.13967262208461761
0.02254233881831169,16.68,15.311978340148926,17720,310249,310350,-0.36757922172546387,8833,0.0005,0.43,35,-21.047642779999997,0.25100016593933105
0.02209576405584812,16.66,15.716619491577148,17724,310328,310429,0.07185707986354828,8835,0.0005,0.43,35,-21.07288208,0.08833114802837372
0.021694162860512733,16.62,14.714193344116211,17728,310391,310492,-0.7657748460769653,8837,0.0005,0.41,35,-21.61263572,0.04476442188024521
0.02160600945353508,16.68,15.162286758422852,17732,310462,310563,0.5845758318901062,8839,0.0005,0.4,35,-21.765765430000002,0.07021131366491318
0.02127782069146633,16.71,15.357266426086426,17736,310538,310639,-0.9363384246826172,8841,0.0005,0.39,35,-22.028310700000002,0.057314518839120865
0.021052872762084007,16.8,16.489091873168945,17740,310608,310709,0.6955679655075073,8843,0.0005,0.4,35,-21.810904030000003,0.1652444750070572
0.021250514313578606,16.84,14.317412376403809,17744,310675,310776,0.09768715500831604,8845,0.0005,0.41,35,-21.5576753,1.2745782136917114
0.021279647946357727,16.85,15.735954284667969,17748,310739,310840,-0.7235380411148071,8846,0.0005,0.41,35,-21.513896650000003,0.45283621549606323
0.02123444527387619,16.74,15.101244926452637,17752,310805,310906,0.593467652797699,8848,0.0005,0.42,35,-21.278080329999998,1.7291724681854248
0.021688370034098625,16.89,16.2518367767334,17756,310877,310978,-0.33647119998931885,8850,0.0005,0.42,35,-21.28156762,0.11376263201236725
0.021682413294911385,16.82,16.162534713745117,17760,310946,311047,0.41025131940841675,8852,0.0005,0.41,35,-21.450329110000002,0.03068787045776844
0.021727994084358215,16.87,15.887418746948242,17764,311015,311116,-0.1434043049812317,8854,0.0005,0.39,35,-22.035178140000003,0.0365602970123291
0.022153766825795174,16.75,17.004438400268555,17768,311069,311170,0.2581607401371002,8855,0.0005,0.4,35,-21.59809584,0.07091505080461502
0.022539790719747543,16.68,15.516948699951172,17772,311137,311238,0.4016391336917877,8857,0.0005,0.39,35,-21.768303480000004,0.1983286291360855
0.023216623812913895,16.81,16.9725341796875,17776,311205,311306,0.8432954549789429,8859,0.0005,0.38,35,-21.968233760000004,0.1293722689151764
0.023627225309610367,16.91,15.686647415161133,17780,311274,311375,0.4285949170589447,8861,0.0005,0.4,35,-21.563043150000002,0.6158243417739868
0.023751327767968178,16.96,15.2574462890625,17784,311350,311451,0.07242703437805176,8863,0.0005,0.39,35,-21.822542279999997,0.20349782705307007
0.023486273363232613,17.01,16.262168884277344,17788,311419,311520,0.3203064501285553,8865,0.0005,0.4,35,-21.562608479999998,0.05181450396776199
0.02374093234539032,16.94,16.0975341796875,17792,311484,311585,-0.31196093559265137,8866,0.0005,0.42,35,-21.10832915,0.18178576231002808
0.023745853453874588,17.02,16.666059494018555,17796,311554,311655,-0.15780314803123474,8868,0.0005,0.44,35,-20.674787530000003,0.17391836643218994
0.02356204390525818,17.21,17.432064056396484,17800,311637,311738,0.7896755933761597,8870,0.0005,0.44,35,-20.63327704,0.09764029085636139
0.023412412032485008,17.21,16.004981994628906,17804,311694,311795,0.3817289471626282,8872,0.0005,0.44,35,-20.62289766,0.04168631136417389
0.02300943247973919,17.31,16.055185317993164,17808,311765,311866,-0.17490941286087036,8874,0.0005,0.46,35,-20.10449709,0.07803591340780258
0.022549955174326897,17.36,16.219837188720703,17812,311830,311931,0.26512449979782104,8875,0.0005,0.45,35,-20.308804799999997,1.2387646436691284
0.02212260663509369,17.2,15.434202194213867,17816,311887,311988,-0.9572522640228271,8877,0.0005,0.45,35,-20.34754922,0.6756278872489929
0.021973224356770515,17.08,16.4031925201416,17820,311957,312058,0.2706424593925476,8879,0.0005,0.45,35,-20.333937119999998,0.3920784592628479
0.021984819322824478,16.97,16.624217987060547,17824,312025,312126,-0.23992595076560974,8881,0.0005,0.44,35,-20.578082549999994,0.035565853118896484
0.021573184058070183,17.14,15.678962707519531,17828,312105,312206,0.08728322386741638,8883,0.0005,0.46,35,-20.09497884,0.03833039104938507
0.021808069199323654,16.97,14.020298957824707,17832,312159,312260,0.1328790783882141,8885,0.0005,0.46,35,-20.142045,2.2686691284179688
0.02196071296930313,16.83,14.727128982543945,17836,312221,312322,-0.43772411346435547,8886,0.0005,0.45,35,-20.268676759999995,0.09205594658851624
0.022153625264763832,16.85,17.951648712158203,17840,312293,312394,0.46635785698890686,8888,0.0005,0.43,35,-20.810634129999997,0.036138832569122314
0.022375674918293953,16.79,16.362945556640625,17844,312354,312455,0.6819502711296082,8890,0.0005,0.44,35,-20.54869704,0.30807235836982727
0.022856606170535088,16.85,14.623025894165039,17848,312424,312525,-0.7301692962646484,8892,0.0005,0.45,35,-20.34204137,0.1852504014968872
0.022995837032794952,16.84,16.013999938964844,17852,312489,312590,0.47844138741493225,8894,0.0005,0.46,35,-20.031480469999998,0.11878708004951477
0.023409593850374222,16.88,16.262290954589844,17856,312565,312666,-0.21214133501052856,8896,0.0005,0.45,35,-20.31052046,0.13701394200325012
0.02351517789065838,16.9,16.599117279052734,17860,312636,312737,0.6802618503570557,8898,0.0005,0.45,35,-20.31385598,0.09983517229557037
0.023530371487140656,16.85,15.463058471679688,17864,312700,312801,0.01613934338092804,8900,0.0005,0.47,35,-19.72836393,0.03512260317802429
0.023072903975844383,17.05,15.002462387084961,17868,312774,312875,-0.470416784286499,8902,0.0005,0.48,35,-19.5522412,0.08277063071727753
0.02280941978096962,17.02,16.350051879882812,17872,312839,312940,-0.1614629179239273,8904,0.0005,0.49,35,-19.373425400000002,0.06628032773733139
0.022119954228401184,17.05,15.330009460449219,17876,312910,313011,-0.14714562892913818,8906,0.0005,0.52,35,-18.70960105,0.3956131339073181
0.021699009463191032,17.11,16.119308471679688,17880,312985,313086,0.03379359841346741,8908,0.0005,0.51,35,-18.933386459999998,0.0670502781867981
0.021474318578839302,17.05,16.48581314086914,17884,313055,313156,0.13728374242782593,8909,0.0005,0.5,35,-19.13955271,0.04576962813735008
0.02164076268672943,17.03,16.602079391479492,17888,313122,313223,0.28944793343544006,8911,0.0005,0.48,35,-19.586852739999998,0.06554949283599854
0.021569035947322845,17.11,14.18521499633789,17892,313195,313296,0.08630809187889099,8913,0.0005,0.46,35,-20.06865695,0.053602736443281174
0.021736154332756996,17.12,16.134767532348633,17896,313266,313367,-0.43773117661476135,8915,0.0005,0.46,35,-20.077570450000003,0.6290346384048462
0.022002192214131355,17.08,16.115619659423828,17900,313345,313446,0.06847131252288818,8917,0.0005,0.44,35,-20.598189070000004,0.10007937252521515
0.022338498383760452,17.22,14.946969985961914,17904,313416,313517,0.07896488904953003,8919,0.0005,0.45,35,-20.27583539,0.079315185546875
0.022388476878404617,17.09,16.100872039794922,17908,313474,313575,0.9373403787612915,8921,0.0005,0.42,35,-21.01711124,0.10319569706916809
0.022701488807797432,17.12,16.0073299407959,17912,313542,313643,0.32931050658226013,8923,0.0005,0.43,35,-20.805064379999997,0.19310009479522705
0.022664874792099,17.13,14.492036819458008,17916,313600,313701,-0.5237218737602234,8924,0.0005,0.42,35,-20.93462834,0.0306895412504673
0.022330036386847496,16.98,16.209733963012695,17920,313655,313756,-0.6709833145141602,8926,0.0005,0.41,35,-21.090094999999998,0.18846307694911957
0.022613614797592163,17.04,15.491035461425781,17924,313729,313830,-0.47872394323349,8928,0.0005,0.44,35,-20.36252504,0.35615870356559753
0.02270425856113434,17.07,16.06214714050293,17928,313812,313913,-0.008338063955307007,8930,0.0005,0.43,35,-20.566268660000002,0.08454571664333344
0.022338498383760452,17.3,16.9151611328125,17932,313889,313990,0.7370599508285522,8933,0.0005,0.45,35,-20.15319168,0.07486206293106079
0.022492272779345512,17.32,15.77579116821289,17936,313953,314054,0.5145747661590576,8934,0.0005,0.45,35,-20.25564243,0.030011888593435287
0.022513292729854584,17.32,14.733098983764648,17940,314025,314126,0.09118765592575073,8936,0.0005,0.47,35,-19.73150819,0.38179051876068115
0.022655107080936432,17.33,14.904962539672852,17944,314087,314188,-0.840135395526886,8938,0.0005,0.46,35,-19.927667010000004,0.9454329609870911
0.022914759814739227,17.34,16.20232582092285,17948,314158,314259,0.2945020794868469,8940,0.0005,0.46,35,-19.93006442,0.3285778760910034
0.022738642990589142,17.59,15.152660369873047,17952,314248,314349,-0.25475412607192993,8942,0.0005,0.46,35,-20.056393500000002,0.04257500171661377
0.022780392318964005,17.43,16.112821578979492,17956,314308,314409,0.26442962884902954,8943,0.0005,0.47,35,-19.755264699999998,0.07091086357831955
0.02344026044011116,17.49,15.690398216247559,17960,314385,314486,0.10054662823677063,8946,0.0005,0.47,35,-19.776022119999997,0.024302341043949127
0.023620933294296265,17.51,15.089269638061523,17964,314451,314552,-0.05021277070045471,8947,0.0005,0.45,35,-20.272535329999997,0.05254276469349861
0.023697705939412117,17.52,15.117258071899414,17968,314526,314627,-0.5147871375083923,8949,0.0005,0.42,35,-21.05829491,0.22788211703300476
0.0234011672437191,17.61,16.215890884399414,17972,314600,314701,0.4212566018104553,8951,0.0005,0.43,35,-20.79357074,0.7901027798652649
0.023337027058005333,17.46,14.43099594116211,17976,314656,314757,-0.4834171533584595,8953,0.0005,0.4,35,-21.495404259999997,0.23431414365768433
0.02315909042954445,17.5,15.676007270812988,17980,314735,314836,-0.7688643932342529,8955,0.0005,0.41,35,-21.288299539999997,0.08216855674982071
0.023553114384412766,17.5,17.729473114013672,17984,314805,314906,0.4735727310180664,8957,0.0005,0.42,35,-21.027091330000005,0.12448026239871979
0.02401217445731163,17.55,15.235544204711914,17988,314877,314978,-1.3162281513214111,8958,0.0005,0.43,35,-20.782095280000004,0.15680834650993347
0.024222230538725853,17.48,17.437149047851562,17992,314943,315044,0.675567626953125,8960,0.0005,0.43,35,-20.820294700000005,0.06676796078681946
0.024327384307980537,17.55,15.448974609375,17996,315021,315122,0.3226747512817383,8962,0.0005,0.42,35,-21.06834898,0.5391080379486084
0.024564122781157494,17.51,15.871466636657715,18000,315096,315197,1.0924158096313477,8964,0.0005,0.45,35,-20.291925080000002,0.057774920016527176
0.024478046223521233,17.62,17.963611602783203,18004,315178,315279,0.33270683884620667,8966,0.0005,0.46,35,-20.093469499999998,0.06547631323337555
0.024188095703721046,17.68,17.05215072631836,18008,315242,315343,-0.12087496370077133,8968,0.0005,0.48,35,-19.515248250000003,0.040176473557949066
0.023926110938191414,17.68,15.546335220336914,18012,315310,315411,0.21659639477729797,8970,0.0005,0.46,35,-19.90826019,0.04669373109936714
0.023819657042622566,17.78,16.85051155090332,18016,315378,315479,0.05932343006134033,8972,0.0005,0.47,35,-19.71730584,0.07084321230649948
0.02354998141527176,17.93,15.818582534790039,18020,315448,315549,-0.2985520362854004,8974,0.0005,0.47,35,-19.79740334,0.06443080306053162
0.02353791333734989,17.94,16.344135284423828,18024,315523,315624,0.971569299697876,8976,0.0005,0.46,35,-20.09466389,0.0822119489312172
0.023968622088432312,17.81,14.97938346862793,18028,315593,315694,0.1020101010799408,8978,0.0005,0.44,35,-20.54214829,0.30847811698913574
0.023857520893216133,17.76,15.86492919921875,18032,315665,315766,0.10283902287483215,8980,0.0005,0.44,35,-20.40548583,0.03705548495054245
0.023491855710744858,17.87,15.830232620239258,18036,315740,315841,-0.9737684726715088,8982,0.0005,0.46,35,-19.86948176,0.24996276199817657
0.023254968225955963,17.78,16.307344436645508,18040,315803,315904,-0.5034050345420837,8984,0.0005,0.46,35,-19.80994364,0.3763881325721741
0.02337620221078396,18.0,15.527336120605469,18044,315887,315988,0.1600319743156433,8986,0.0005,0.47,35,-19.71602242,0.24280239641666412
0.023475825786590576,17.96,15.751773834228516,18048,315954,316055,-0.4708946943283081,8988,0.0005,0.46,35,-19.96428885,0.05291260778903961
0.023030348122119904,17.67,14.496814727783203,18052,316015,316116,-0.3178885281085968,8990,0.0005,0.45,35,-20.093563789999997,0.15115545690059662
0.022851981222629547,17.84,16.876649856567383,18056,316092,316193,-0.28390443325042725,8992,0.0005,0.43,35,-20.6809202,0.1002616286277771
0.022883117198944092,17.74,15.28718376159668,18060,316159,316260,-0.04668467491865158,8994,0.0005,0.43,35,-20.668014279999998,0.22456501424312592
0.02227063663303852,17.89,14.940850257873535,18064,316240,316341,-0.9747706651687622,8996,0.0005,0.45,35,-20.231477679999998,0.7494955062866211
0.022052587941288948,18.02,14.681625366210938,18068,316328,316429,-0.31970879435539246,8999,0.0005,0.47,35,-19.781905469999998,0.05521693080663681
0.022369589656591415,18.01,16.380443572998047,18072,316401,316502,1.4187917709350586,9001,0.0005,0.45,35,-20.190090140000002,0.8090572953224182
0.023010844364762306,18.03,16.815448760986328,18076,316459,316560,0.696911096572876,9002,0.0005,0.45,35,-20.211311860000002,0.0477723628282547
0.023738591000437737,18.07,15.277971267700195,18080,316542,316643,0.5329994559288025,9005,0.0005,0.45,35,-20.16160251,0.7105574607849121
0.02448345720767975,18.1,14.971367835998535,18084,316615,316716,0.32473066449165344,9007,0.0005,0.45,35,-20.176297870000003,0.4496062397956848
0.024472620338201523,18.21,15.159418106079102,18088,316698,316799,-0.6502223610877991,9009,0.0005,0.46,35,-20.06666774,0.16710150241851807
0.024403484538197517,18.19,15.404329299926758,18092,316762,316863,-0.29626354575157166,9010,0.0005,0.48,35,-19.54785271,0.06119586527347565
0.024174977093935013,18.12,15.764781951904297,18096,316833,316934,-0.965040385723114,9012,0.0005,0.47,35,-19.761607250000004,0.1347074955701828
0.023664355278015137,18.12,15.484685897827148,18100,316908,317009,-0.17752741277217865,9014,0.0005,0.45,35,-20.291737910000005,0.02496487833559513
0.023623481392860413,18.01,16.265810012817383,18104,316979,317080,-0.3817993998527527,9016,0.0005,0.44,35,-20.494148140000004,0.10956265032291412
0.02359246090054512,17.9,16.023311614990234,18108,317032,317133,-0.14377519488334656,9017,0.0005,0.44,35,-20.4643192,1.0476664304733276
0.02333885245025158,17.92,16.496850967407227,18112,317102,317203,-0.3171084523200989,9019,0.0005,0.46,35,-20.046015509999997,0.12180116027593613
0.02328694425523281,17.8,17.01716423034668,18116,317158,317259,-0.1278475821018219,9020,0.0005,0.48,35,-19.465064570000003,0.07299716770648956
0.02325737103819847,17.87,14.351177215576172,18120,317235,317336,-0.04145534336566925,9022,0.0005,0.49,35,-19.25992399,0.1948481649160385
0.023199675604701042,17.91,18.39325714111328,18124,317314,317415,0.46654975414276123,9024,0.0005,0.47,35,-19.69057908,0.2029007077217102
0.02365444414317608,17.93,15.7025146484375,18128,317386,317487,0.48986804485321045,9026,0.0005,0.5,35,-18.99206959,0.18552139401435852
0.023588361218571663,17.88,15.363465309143066,18132,317453,317554,0.17654013633728027,9028,0.0005,0.49,35,-19.20728582,0.05767092853784561
0.023558078333735466,17.85,16.232215881347656,18136,317525,317626,0.4342641532421112,9030,0.0005,0.48,35,-19.45487024,0.027710866183042526
0.023663993924856186,17.85,17.476375579833984,18140,317588,317689,0.8110178709030151,9031,0.0005,0.45,35,-20.206505460000002,0.11384759098291397
0.023793237283825874,17.85,16.2210693359375,18144,317672,317773,0.2999168336391449,9034,0.0005,0.45,35,-20.2273573,0.09643882513046265
0.023456182330846786,17.83,15.880199432373047,18148,317737,317838,0.13763752579689026,9035,0.0005,0.44,35,-20.43969742,0.25742965936660767
0.023202113807201385,17.84,15.802440643310547,18152,317799,317900,-0.260775089263916,9037,0.0005,0.44,35,-20.43161015,0.05584597960114479
0.023751666769385338,17.88,14.365350723266602,18156,317880,317981,-0.12882471084594727,9039,0.0005,0.46,35,-19.97580776,0.28940504789352417
0.023572197183966637,17.83,16.047725677490234,18160,317942,318043,-0.27497029304504395,9041,0.0005,0.45,35,-20.16947772,0.02406531572341919
0.023401964455842972,17.71,16.266094207763672,18164,318011,318112,0.5169593095779419,9042,0.0005,0.43,35,-20.697647300000003,0.5015014410018921
0.023344160988926888,17.68,17.005718231201172,18168,318096,318197,0.11616943776607513,9045,0.0005,0.43,35,-20.70847458,0.023080140352249146
0.022710328921675682,17.62,17.018890380859375,18172,318163,318264,0.6847238540649414,9046,0.0005,0.44,35,-20.53381097,0.08975980430841446
0.022786416113376617,17.81,17.604290008544922,18176,318240,318341,0.6547484397888184,9048,0.0005,0.47,35,-19.86675887,0.07201769948005676
0.02306264080107212,17.72,13.569389343261719,18180,318314,318415,0.5863697528839111,9050,0.0005,0.46,35,-20.172540150000003,0.2749963402748108
0.023140549659729004,17.6,16.27534294128418,18184,318375,318476,0.17188897728919983,9052,0.0005,0.46,35,-20.22134532,0.046342432498931885
0.0231508519500494,17.58,15.612675666809082,18188,318456,318557,0.20505088567733765,9054,0.0005,0.44,35,-20.67755721,0.15010368824005127
0.022753095254302025,17.67,15.378658294677734,18192,318529,318630,-0.37396278977394104,9056,0.0005,0.45,35,-20.47911898,0.9221255779266357
0.022283732891082764,17.57,13.93716812133789,18196,318590,318691,-0.5992523431777954,9058,0.0005,0.45,35,-20.41403235,0.06619076430797577
0.022533832117915154,17.37,16.835350036621094,18200,318645,318746,0.05904841423034668,9059,0.0005,0.45,35,-20.373833299999998,0.07701028883457184
0.02263639308512211,17.26,16.214210510253906,18204,318705,318806,-0.07635605335235596,9061,0.0005,0.45,35,-20.367024219999998,0.05985910817980766
0.02243032678961754,17.32,15.462791442871094,18208,318764,318865,-0.42846614122390747,9062,0.0005,0.45,35,-20.4164897,0.04868205636739731
0.022182704880833626,17.28,17.57515525817871,18212,318830,318931,0.5053620338439941,9064,0.0005,0.44,35,-20.66463028,1.0403380393981934
0.022368956357240677,17.32,15.37345027923584,18216,318890,318991,0.20745161175727844,9065,0.0005,0.41,35,-21.441588659999994,0.02420414239168167
0.0221200380474329,17.18,15.59416675567627,18220,318953,319054,-0.1558072417974472,9067,0.0005,0.39,35,-21.82009364,0.05753657594323158
0.022183503955602646,17.15,15.368534088134766,18224,319029,319130,0.4854468107223511,9069,0.0005,0.39,35,-21.818546230000003,0.18682751059532166
0.022143254056572914,17.15,13.896705627441406,18228,319101,319202,0.3002983629703522,9071,0.0005,0.39,35,-21.854993789999998,0.08248896896839142
0.021942760795354843,17.26,14.925859451293945,18232,319179,319280,0.029903694987297058,9073,0.0005,0.39,35,-21.90946223,0.132120281457901
0.02244098298251629,17.32,17.020774841308594,18236,319257,319358,0.5223584175109863,9075,0.0005,0.39,35,-21.952247819999997,0.08991143107414246
0.0224958173930645,17.33,15.185781478881836,18240,319321,319422,-0.04110978543758392,9077,0.0005,0.42,35,-21.21030171,0.02376352809369564
0.022696586325764656,17.13,15.7108793258667,18244,319385,319486,-0.20626452565193176,9079,0.0005,0.43,35,-20.818539850000008,0.10812368243932724
0.022973863407969475,17.25,16.50632095336914,18248,319462,319563,0.27695006132125854,9081,0.0005,0.44,35,-20.62200916,0.6015949249267578
0.022946152836084366,17.29,14.87343978881836,18252,319528,319629,0.007821738719940186,9083,0.0005,0.46,35,-20.1251114,0.3396317958831787
0.02254144661128521,17.08,16.696155548095703,18256,319588,319689,0.1121346652507782,9084,0.0005,0.48,35,-19.45304496,0.061478834599256516
0.022506052628159523,17.11,16.710115432739258,18260,319653,319754,-0.3740686774253845,9086,0.0005,0.5,35,-18.979454739999998,0.21737617254257202
0.02225314825773239,17.02,15.226377487182617,18264,319713,319814,0.13223963975906372,9088,0.0005,0.5,35,-18.893036989999995,0.041448820382356644
0.02301989309489727,16.95,13.305517196655273,18268,319791,319892,-0.13662990927696228,9090,0.0005,0.51,35,-18.645459799999998,0.08813545107841492
0.023792089894413948,16.99,17.65274429321289,18272,319862,319963,-0.3353954553604126,9092,0.0005,0.5,35,-18.81175815,0.15632665157318115
0.02396753802895546,17.06,15.198395729064941,18276,319946,320047,0.19913578033447266,9109,0.0005,0.48,35,-19.28132516,0.14495037496089935
0.02421194687485695,16.97,14.160873413085938,18280,320011,320112,-0.018308699131011963,9111,0.0005,0.48,35,-19.25331945,0.1085413247346878
0.0241271760314703,16.89,16.954910278320312,18284,320064,320165,-0.05284716188907623,9113,0.0005,0.48,35,-19.13705864,1.2803356647491455
0.02391299232840538,16.89,15.176961898803711,18288,320145,320246,-0.030330181121826172,9115,0.0005,0.51,35,-18.386516930000003,0.08090969920158386
0.02401440031826496,17.06,15.234434127807617,18292,320235,320336,-0.20442283153533936,9117,0.0005,0.48,35,-19.11444507,0.029668716713786125
0.02357376553118229,17.15,17.119762420654297,18296,320305,320406,-0.5485849380493164,9119,0.0005,0.49,35,-18.90395185,0.1883516013622284
0.023328104987740517,17.32,15.074974060058594,18300,320377,320478,-0.3992193043231964,9121,0.0005,0.49,35,-18.95369198,0.26897528767585754
0.02328433468937874,17.51,16.65934944152832,18304,320456,320557,0.23911432921886444,9123,0.0005,0.49,35,-19.027606180000003,0.03789760172367096
0.02354602888226509,17.51,14.590046882629395,18308,320515,320616,-0.34232985973358154,9124,0.0005,0.49,35,-19.036035209999998,2.418421983718872
0.023329995572566986,17.36,14.753278732299805,18312,320566,320667,-0.4982990026473999,9126,0.0005,0.49,35,-18.96166811,0.4233219027519226
0.023123253136873245,17.47,15.58522891998291,18316,320637,320738,0.2396601289510727,9128,0.0005,0.51,35,-18.566253819999996,0.047966647893190384
0.023591112345457077,17.5,14.592456817626953,18320,320703,320804,-1.0217951536178589,9129,0.0005,0.52,35,-18.39636055,0.06575804948806763
0.023743748664855957,17.46,15.483563423156738,18324,320775,320876,-0.6679471135139465,9131,0.0005,0.53,35,-18.105583019999997,2.0152416229248047
0.023356541991233826,17.59,16.15313148498535,18328,320860,320961,-0.48912233114242554,9134,0.0005,0.52,35,-18.39602217,0.35831207036972046
0.023250902071595192,17.5,16.55010414123535,18332,320929,321030,-0.16288354992866516,9136,0.0005,0.53,35,-18.157347069999997,0.05927770212292671
0.023361165076494217,17.4,15.372787475585938,18336,320997,321098,-0.41650718450546265,9137,0.0005,0.51,35,-18.58067055,0.028858045116066933
0.02337663806974888,17.47,15.449228286743164,18340,321068,321169,-0.3717544376850128,9139,0.0005,0.51,35,-18.632937339999998,0.08660305291414261
0.02308906987309456,17.58,15.012665748596191,18344,321143,321244,0.47631126642227173,9141,0.0005,0.51,35,-18.65081853,0.21011734008789062
0.02315589226782322,17.52,15.112348556518555,18348,321214,321315,0.18924514949321747,9143,0.0005,0.51,35,-18.590558840000003,0.05964002385735512
0.0235914196819067,17.5,17.888561248779297,18352,321278,321379,0.7521405220031738,9145,0.0005,0.5,35,-18.8393052,0.936358630657196
0.023595819249749184,17.59,15.25932502746582,18356,321347,321448,0.9534305930137634,9146,0.0005,0.48,35,-19.44463198,0.20634624361991882
0.024188533425331116,17.75,15.678120613098145,18360,321428,321529,-0.38721388578414917,9148,0.0005,0.48,35,-19.518222809999997,1.5009313821792603
0.02396920695900917,17.87,15.743754386901855,18364,321500,321601,-0.3813096880912781,9150,0.0005,0.49,35,-19.28915944,0.44518548250198364
0.023626262322068214,17.67,15.783466339111328,18368,321558,321659,-0.8137272596359253,9152,0.0005,0.47,35,-19.67056047,0.07890689373016357
0.0238709207624197,17.74,15.427562713623047,18372,321636,321737,0.059477925300598145,9154,0.0005,0.49,35,-19.305579769999998,0.061035167425870895
0.023614121600985527,17.58,15.937206268310547,18376,321704,321805,-0.8896255493164062,9155,0.0005,0.52,35,-18.475876239999998,0.04291282594203949
0.02344929240643978,17.56,14.804569244384766,18380,321767,321868,0.21814848482608795,9157,0.0005,0.53,35,-18.164683470000003,0.3989465534687042
0.023733418434858322,17.76,15.855430603027344,18384,321840,321941,-0.28880825638771057,9159,0.0005,0.54,35,-17.981653320000003,0.033869341015815735
0.024030093103647232,17.59,16.66042137145996,18388,321904,322005,-0.19511589407920837,9161,0.0005,0.53,35,-18.12974674,0.0824970155954361
0.024400928989052773,17.4,16.155725479125977,18392,321975,322076,0.2519255578517914,9162,0.0005,0.55,35,-17.6450566,0.04872293770313263
0.02478085830807686,17.3,16.377065658569336,18396,322035,322136,-1.0943961143493652,9164,0.0005,0.54,35,-17.90828328,0.10744842141866684
0.024754054844379425,17.47,16.847667694091797,18400,322124,322225,-0.07398524880409241,9166,0.0005,0.57,35,-17.26008289,0.0589628703892231
0.02447931282222271,17.36,16.545366287231445,18404,322192,322293,0.6039986610412598,9168,0.0005,0.59,35,-16.68792636,0.04267921298742294
0.0240626223385334,17.41,16.202665328979492,18408,322256,322357,0.6434456706047058,9170,0.0005,0.59,35,-16.64212625,0.1628662794828415
0.02380530536174774,17.65,16.61543083190918,18412,322331,322432,-0.4336928725242615,9172,0.0005,0.62,35,-15.988043190000003,1.3954427242279053
0.023217668756842613,17.68,15.039552688598633,18416,322405,322506,0.9984240531921387,9174,0.0005,0.6,35,-16.40453613,0.07819467037916183
0.022781001403927803,17.58,16.377323150634766,18420,322461,322562,-1.0114469528198242,9175,0.0005,0.61,35,-16.06277235,0.09465309977531433
0.02235024981200695,17.44,15.691105842590332,18424,322519,322620,-0.2941863238811493,9177,0.0005,0.62,35,-15.772403459999998,1.0163733959197998
0.022052399814128876,17.21,16.144866943359375,18428,322581,322682,-0.028290674090385437,9178,0.0005,0.63,35,-15.407196670000001,0.08236681669950485
0.022291693836450577,17.12,17.501605987548828,18432,322641,322742,-0.24460956454277039,9180,0.0005,0.61,35,-15.860884279999995,0.12450173497200012
0.022513167932629585,17.08,16.637203216552734,18436,322705,322806,0.26370012760162354,9182,0.0005,0.64,35,-15.13257756,0.608076810836792
0.022554805502295494,16.95,16.291128158569336,18440,322763,322864,0.432256281375885,9183,0.0005,0.62,35,-15.590676,0.0800325870513916
0.023051375523209572,16.85,15.26402473449707,18444,322828,322929,-0.048905134201049805,9185,0.0005,0.62,35,-15.579134749999998,0.02935914508998394
0.023369615897536278,16.86,17.21246337890625,18448,322900,323001,1.0190246105194092,9187,0.0005,0.63,35,-15.378020820000001,0.7780375480651855
0.02330152876675129,16.91,16.619205474853516,18452,322969,323070,0.1537753939628601,9188,0.0005,0.61,35,-15.8943535,0.035042982548475266
0.02339235506951809,16.96,16.21258544921875,18456,323043,323144,0.7800418734550476,9190,0.0005,0.6,35,-16.150457199999998,0.19277316331863403
0.023428499698638916,16.79,16.022314071655273,18460,323107,323208,-0.5917056202888489,9191,0.0005,0.6,35,-16.057678940000002,0.045092202723026276
0.02318946085870266,16.8,14.030216217041016,18464,323180,323281,-0.11528085172176361,9193,0.0005,0.6,35,-16.13541003,0.33544421195983887
0.022998858243227005,17.01,15.433348655700684,18468,323259,323360,-0.2894728481769562,9195,0.0005,0.6,35,-16.174376949999996,0.09557197242975235
0.023064401000738144,16.89,16.36045265197754,18472,323325,323426,-0.03009265661239624,9197,0.0005,0.6,35,-16.08047501,1.4225804805755615
0.023392310366034508,16.97,15.928621292114258,18476,323401,323502,-0.06839373707771301,9199,0.0005,0.59,35,-16.40381551,0.14489145576953888
0.023283420130610466,17.05,15.748069763183594,18480,323472,323573,-1.3439788818359375,9200,0.0005,0.6,35,-16.218320289999998,0.048117201775312424
0.02259649708867073,17.04,17.428016662597656,18484,323544,323645,-0.3805153965950012,9202,0.0005,0.59,35,-16.46263909,0.03929539769887924
0.022478075698018074,17.11,16.63311004638672,18488,323615,323716,1.0220153331756592,9204,0.0005,0.58,35,-16.726911279999996,0.0389350987970829
0.022781576961278915,17.12,17.46628189086914,18492,323687,323788,0.5331016778945923,9206,0.0005,0.57,35,-16.961207060000003,0.02434525638818741
0.02282794937491417,17.37,15.480298042297363,18496,323772,323873,-1.021653413772583,9209,0.0005,0.58,35,-16.78632388,0.13890966773033142
0.022938165813684464,17.23,16.44474220275879,18500,323847,323948,-0.4581925868988037,9211,0.0005,0.55,35,-17.42874655,0.052264805883169174
0.02258145995438099,17.2,17.610816955566406,18504,323912,324013,0.4952283501625061,9212,0.0005,0.53,35,-17.987751189999997,0.15752358734607697
0.022934196516871452,17.17,15.384490966796875,18508,323973,324074,-0.6101163029670715,9214,0.0005,0.52,35,-18.24862452,0.2937875986099243
0.02324836142361164,17.17,16.077545166015625,18512,324048,324149,0.26673442125320435,9216,0.0005,0.5,35,-18.68214297,0.04809784144163132
0.023348240181803703,17.31,16.798250198364258,18516,324136,324237,-0.7650683522224426,9219,0.0005,0.52,35,-18.266426019999997,0.05027003586292267
0.02349071390926838,17.52,15.578582763671875,18520,324213,324314,-0.2628147006034851,9221,0.0005,0.5,35,-18.84580252,0.11700817942619324
0.023294789716601372,17.68,15.537593841552734,18524,324287,324388,0.010261047631502151,9223,0.0005,0.48,35,-19.445970289999995,0.03608958423137665
0.023642484098672867,17.66,16.25952911376953,18528,324347,324448,-0.20165690779685974,9224,0.0005,0.47,35,-19.70001782,0.2632696330547333
0.023638444021344185,17.71,15.349931716918945,18532,324412,324513,-0.9434349536895752,9226,0.0005,0.5,35,-18.943036590000002,0.046688176691532135
0.023740340024232864,17.68,15.365111351013184,18536,324473,324574,1.1029927730560303,9228,0.0005,0.49,35,-19.1877377,0.046031609177589417
0.024098223075270653,17.79,16.555133819580078,18540,324542,324643,-0.2307409942150116,9229,0.0005,0.5,35,-18.92431565,0.3958515524864197
0.0240874532610178,17.72,15.668323516845703,18544,324600,324701,-0.3469257354736328,9231,0.0005,0.48,35,-19.42169231,0.9237887859344482
0.023888085037469864,17.79,15.569389343261719,18548,324679,324780,-0.6836550831794739,9233,0.0005,0.47,35,-19.746121759999998,0.07662416994571686
0.02373383566737175,17.78,14.41336727142334,18552,324747,324848,-0.1585180163383484,9235,0.0005,0.46,35,-19.95321138,0.046984799206256866
0.023792339488863945,17.61,14.098163604736328,18556,324804,324905,-0.31555992364883423,9237,0.0005,0.48,35,-19.34051474,0.4902898669242859
0.02373936027288437,17.77,14.762720108032227,18560,324884,324985,-0.34438708424568176,9239,0.0005,0.47,35,-19.68125306,0.44319188594818115
0.02384914830327034,17.75,15.946088790893555,18564,324955,325056,0.37845316529273987,9241,0.0005,0.47,35,-19.59475623,0.07223071902990341
0.02439349703490734,17.7,15.244241714477539,18568,325029,325130,0.47731584310531616,9243,0.0005,0.49,35,-19.073869809999998,0.06498108804225922
0.024741999804973602,17.81,15.691473960876465,18572,325106,325207,0.04015115648508072,9245,0.0005,0.49,35,-19.163727030000004,0.03424309566617012
0.024718746542930603,17.67,15.017441749572754,18576,325168,325269,0.039726413786411285,9246,0.0005,0.48,35,-19.336066000000002,0.06604859977960587
0.02449239045381546,17.47,15.924280166625977,18580,325219,325320,-0.01463937759399414,9248,0.0005,0.46,35,-19.74037387,0.41083353757858276
0.023921268060803413,17.37,14.32580852508545,18584,325281,325382,-0.20268240571022034,9249,0.0005,0.47,35,-19.47567213,0.04406224191188812
0.02419256418943405,17.39,15.846866607666016,18588,325354,325455,-0.260992169380188,9251,0.0005,0.47,35,-19.48180884,0.1163911297917366
0.024197224527597427,17.39,15.85556411743164,18592,325426,325527,0.3142499625682831,9253,0.0005,0.47,35,-19.46697748,0.0609498992562294
0.024352604523301125,17.35,14.854552268981934,18596,325507,325608,0.515592634677887,9255,0.0005,0.48,35,-19.19747378,0.05913350731134415
0.024577362462878227,17.46,17.371540069580078,18600,325593,325694,-0.6155087947845459,9257,0.0005,0.48,35,-19.197561659999998,0.09644225239753723
0.024418650195002556,17.53,15.90566635131836,18604,325665,325766,-0.14564688503742218,9259,0.0005,0.48,35,-19.15147234,0.17609822750091553
0.023937121033668518,17.74,15.98175048828125,18608,325747,325848,0.5603538155555725,9261,0.0005,0.5,35,-18.75531032,0.06379489600658417
0.023396393284201622,17.65,15.261359214782715,18612,325813,325914,0.372844398021698,9263,0.0005,0.49,35,-19.01170931,0.12160447239875793
0.022938905283808708,17.48,15.58056354522705,18616,325884,325985,0.17278790473937988,9265,0.0005,0.5,35,-18.747587379999995,0.3620089590549469
0.023116039112210274,17.37,14.341569900512695,18620,325950,326051,0.18273364007472992,9267,0.0005,0.52,35,-18.17932753,0.2241196632385254
0.023370524868369102,17.2,14.784971237182617,18624,326007,326108,0.3589250147342682,9268,0.0005,0.54,35,-17.57781115,0.05368278920650482
0.023609235882759094,17.33,15.080791473388672,18628,326080,326181,-0.8312722444534302,9270,0.0005,0.54,35,-17.643902309999998,0.6984829902648926
0.02357424795627594,17.29,15.69056510925293,18632,326141,326242,-0.281421035528183,9272,0.0005,0.53,35,-17.90194606,0.2342209666967392
0.02389971725642681,17.49,17.061412811279297,18636,326222,326323,1.1329524517059326,9274,0.0005,0.54,35,-17.721794099999997,0.0915716141462326
0.02458619326353073,17.41,15.814529418945312,18640,326283,326384,0.5785795450210571,9276,0.0005,0.54,35,-17.71233895,0.0492987222969532
0.02493397332727909,17.54,15.622733116149902,18644,326354,326455,0.46303942799568176,9278,0.0005,0.56,35,-17.26508217,0.02610291726887226
0.024354293942451477,17.47,16.281959533691406,18648,326426,326527,0.43084660172462463,9280,0.0005,0.56,35,-17.16470527,0.04208759963512421
0.024081164970993996,17.53,16.550586700439453,18652,326500,326601,-0.6668633222579956,9282,0.0005,0.6,35,-16.24712946,0.09174696356058121
0.023685041815042496,17.84,15.662579536437988,18656,326588,326689,0.5922694206237793,9285,0.0005,0.58,35,-16.847660629999996,0.05892281234264374
0.023698914796113968,17.82,14.774001121520996,18660,326666,326767,0.17206566035747528,9287,0.0005,0.59,35,-16.636280019999997,0.11841946840286255
0.023693541064858437,17.82,16.605323791503906,18664,326737,326838,0.289533406496048,9289,0.0005,0.6,35,-16.39382786,0.046432364732027054
0.023863134905695915,17.8,14.723979949951172,18668,326809,326910,-0.4687935411930084,9291,0.0005,0.6,35,-16.437600309999997,0.26797300577163696
0.023706069216132164,17.8,16.138858795166016,18672,326886,326987,0.026503831148147583,9293,0.0005,0.59,35,-16.65838182,0.07159344851970673
0.02318825013935566,17.9,15.947708129882812,18676,326958,327059,-0.6805213093757629,9295,0.0005,0.59,35,-16.66956878,0.1399199366569519
0.02281489595770836,18.04,15.044041633605957,18680,327023,327124,0.4607003927230835,9297,0.0005,0.6,35,-16.432960200000004,0.07536879181861877
0.02258477918803692,18.15,15.646873474121094,18684,327096,327197,-0.5419033169746399,9298,0.0005,0.59,35,-16.68973345,0.04309786483645439
0.022371547296643257,18.3,15.935158729553223,18688,327184,327285,0.20433665812015533,9301,0.0005,0.58,35,-16.963914459999998,0.112322598695755
0.02273934707045555,18.39,17.573301315307617,18692,327265,327366,0.24421897530555725,9302,0.0005,0.6,35,-16.55096565,0.9089388847351074
0.02310735546052456,18.37,16.655517578125,18696,327344,327445,0.3890209197998047,9304,0.0005,0.6,35,-16.590501070000002,0.13316887617111206
0.023327741771936417,18.24,15.63046932220459,18700,327417,327518,0.3018609285354614,9306,0.0005,0.63,35,-15.836956060000002,0.06570254266262054
0.023501334711909294,18.13,16.262630462646484,18704,327478,327579,0.16498029232025146,9308,0.0005,0.63,35,-15.820410090000001,0.4472982883453369
0.02390838786959648,17.92,14.204497337341309,18708,327539,327640,-0.35239070653915405,9310,0.0005,0.61,35,-16.220230869999998,0.48157697916030884
0.02398112416267395,17.99,16.015663146972656,18712,327612,327713,-0.027822330594062805,9312,0.0005,0.62,35,-16.000710259999998,0.10387347638607025
0.023683860898017883,17.91,14.136690139770508,18716,327675,327776,-0.3586190640926361,9314,0.0005,0.6,35,-16.41243132,0.15981638431549072
0.023819424211978912,17.87,15.629164695739746,18720,327737,327838,0.2209576666355133,9316,0.0005,0.59,35,-16.68695343,0.11089096963405609
0.023659182712435722,17.97,16.073205947875977,18724,327804,327905,0.07367905974388123,9318,0.0005,0.58,35,-17.01569612,0.06992705911397934
0.023752890527248383,17.95,16.8492488861084,18728,327875,327976,-0.07288618385791779,9319,0.0005,0.59,35,-16.730077540000003,0.0313306525349617
0.02374037355184555,18.19,15.412508964538574,18732,327960,328061,0.47946181893348694,9322,0.0005,0.58,35,-17.0263762,0.4445938467979431
0.023507174104452133,18.1,15.510122299194336,18736,328032,328133,-0.25204595923423767,9324,0.0005,0.58,35,-17.007607770000003,0.15827149152755737
0.02342088706791401,18.17,15.279553413391113,18740,328100,328201,0.47274449467658997,9325,0.0005,0.56,35,-17.490537520000004,0.02876885049045086
0.02335204929113388,18.01,15.60395622253418,18744,328155,328256,0.25160104036331177,9327,0.0005,0.55,35,-17.638329520000003,0.3741896450519562
0.02326233871281147,18.12,16.63370132446289,18748,328238,328339,-0.4021153450012207,9329,0.0005,0.57,35,-17.228380019999996,0.3419213593006134
0.0233004167675972,18.1,15.741992950439453,18752,328310,328411,0.20560969412326813,9331,0.0005,0.56,35,-17.47494991,0.03501315414905548
0.02338946983218193,17.99,14.298677444458008,18756,328387,328488,-0.3687797784805298,9333,0.0005,0.56,35,-17.48954992,0.12090378254652023
0.02351820096373558,17.86,15.662347793579102,18760,328452,328553,-0.36108237504959106,9335,0.0005,0.54,35,-17.91543278,0.5459345579147339
0.023319296538829803,17.89,15.781312942504883,18764,328526,328627,-0.3083683252334595,9337,0.0005,0.53,35,-18.20984031,0.07088124006986618
0.02323569357395172,17.97,15.7960205078125,18768,328606,328707,-0.10405899584293365,9339,0.0005,0.51,35,-18.682279160000004,0.0521889328956604
0.02295377478003502,17.89,16.83859634399414,18772,328675,328776,0.4751625061035156,9341,0.0005,0.5,35,-18.911746379999997,0.03603605926036835
0.0227633286267519,17.78,16.365447998046875,18776,328736,328837,0.279676616191864,9343,0.0005,0.5,35,-18.891204130000002,0.028923816978931427
0.023073295131325722,17.77,15.452919006347656,18780,328800,328901,-0.09485913813114166,9345,0.0005,0.51,35,-18.668409020000002,0.0927789956331253
0.023195941001176834,17.65,14.972023010253906,18784,328861,328962,-0.32408052682876587,9347,0.0005,0.5,35,-18.85864846,0.2022554874420166
0.022959263995289803,17.31,15.390609741210938,18788,328915,329016,0.6265764832496643,9348,0.0005,0.51,35,-18.499938869999998,0.11549216508865356
0.022954169660806656,17.12,15.971267700195312,18792,328977,329078,0.5203442573547363,9350,0.0005,0.49,35,-18.89635723,0.3234383165836334
0.023228421807289124,16.95,15.855626106262207,18796,329039,329140,0.37998437881469727,9352,0.0005,0.49,35,-18.78589309,0.7794196009635925
0.02316698618233204,16.89,14.914234161376953,18800,329106,329207,-1.8183159828186035,9353,0.0005,0.47,35,-19.25889132,0.07018841803073883
0.022597748786211014,16.9,15.779417037963867,18804,329168,329269,-0.13372677564620972,9355,0.0005,0.48,35,-18.98116757,1.5545064210891724
0.022593216970562935,17.0,15.289468765258789,18808,329239,329340,-0.6854085326194763,9357,0.0005,0.48,35,-19.00639899,0.03564746677875519
0.022883111611008644,16.91,13.917104721069336,18812,329303,329404,0.22463424503803253,9358,0.0005,0.48,35,-18.9334324,0.04646724462509155
0.023165004327893257,16.82,14.097110748291016,18816,329357,329458,-0.14740341901779175,9360,0.0005,0.49,35,-18.652670240000003,0.4407626986503601
0.023293642327189445,17.02,14.46388053894043,18820,329439,329540,-0.01577197015285492,9362,0.0005,0.49,35,-18.77051132,0.051902465522289276
0.023947427049279213,17.02,15.676358222961426,18824,329506,329607,-0.39259693026542664,9364,0.0005,0.49,35,-18.77159295,0.6079519987106323
0.02465784177184105,16.98,17.153661727905273,18828,329573,329674,0.1864185333251953,9366,0.0005,0.5,35,-18.50125303,0.7419896125793457
0.02440301701426506,16.87,14.691319465637207,18832,329647,329748,-0.807564914226532,9368,0.0005,0.53,35,-17.74833928,0.306942880153656
0.024302173405885696,16.94,15.739350318908691,18836,329726,329827,-0.5489554405212402,9370,0.0005,0.51,35,-18.212873509999998,0.29599958658218384
0.024411147460341454,17.01,16.815757751464844,18840,329801,329902,0.4829045534133911,9372,0.0005,0.52,35,-18.03407377,0.03294858708977699
0.02484065666794777,17.13,16.142189025878906,18844,329868,329969,-0.07374642044305801,9374,0.0005,0.53,35,-17.799533340000004,0.08785173296928406
0.025331705808639526,17.05,16.361854553222656,18848,329943,330044,-0.1426832526922226,9392,0.0005,0.51,35,-18.15779852,0.05217354744672775
0.02535712532699108,17.05,16.878238677978516,18852,330015,330116,0.5975670218467712,9394,0.0005,0.49,35,-18.588958579999996,0.07586947083473206
0.0251596812158823,16.97,16.394941329956055,18856,330084,330185,0.4204469919204712,9396,0.0005,0.5,35,-18.284728859999998,0.03520413115620613
0.024991430342197418,16.97,17.243824005126953,18860,330149,330250,-0.25179484486579895,9398,0.0005,0.5,35,-18.28969811,0.03873620182275772
0.024612324312329292,16.88,15.127908706665039,18864,330214,330315,0.4857316017150879,9400,0.0005,0.51,35,-17.976604849999998,0.2370648831129074
0.024381250143051147,16.63,16.19881248474121,18868,330269,330370,0.849090576171875,9401,0.0005,0.52,35,-17.652704189999994,0.18858760595321655
0.024183278903365135,16.62,15.771907806396484,18872,330337,330438,-0.3547917604446411,9403,0.0005,0.52,35,-17.625371599999998,0.03770759701728821
0.024504445493221283,16.82,14.857885360717773,18876,330418,330519,0.48645728826522827,9405,0.0005,0.53,35,-17.467990559999997,0.08981265872716904
0.024345967918634415,16.85,15.45582389831543,18880,330485,330586,0.25724828243255615,9407,0.0005,0.5,35,-18.19639536,0.8288194537162781
0.024410134181380272,17.07,14.898944854736328,18884,330568,330669,-0.09598788619041443,9409,0.0005,0.51,35,-18.108177350000002,0.1296384334564209
0.02417963743209839,17.19,16.278472900390625,18888,330634,330735,-0.6276125907897949,9411,0.0005,0.51,35,-18.220233,0.2585357427597046
0.02405237779021263,17.19,15.580355644226074,18892,330696,330797,-0.01603633165359497,9413,0.0005,0.5,35,-18.51552378,0.11121805012226105
0.023899957537651062,17.28,17.432308197021484,18896,330767,330868,0.10082706809043884,9415,0.0005,0.48,35,-18.99162683,0.07885203510522842
0.02329198643565178,17.28,15.332805633544922,18900,330834,330935,-1.2358566522598267,9417,0.0005,0.47,35,-19.31828348,0.044682785868644714
0.022797834128141403,17.37,16.974185943603516,18904,330905,331006,-0.168192058801651,9419,0.0005,0.46,35,-19.621429250000002,0.028798377141356468
0.0223204605281353,17.34,15.16395378112793,18908,330973,331074,-1.2921528816223145,9421,0.0005,0.46,35,-19.626769889999995,0.03709279000759125
0.021544020622968674,17.49,15.035947799682617,18912,331052,331153,0.5424452424049377,9423,0.0005,0.46,35,-19.73324581,0.05197618529200554
0.021847005933523178,17.59,15.364540100097656,18916,331116,331217,0.20703333616256714,9425,0.0005,0.47,35,-19.53692287,0.05928916111588478
0.02167118713259697,17.44,16.209924697875977,18920,331183,331284,-0.40124747157096863,9426,0.0005,0.47,35,-19.4571843,0.76717209815979
0.021861977875232697,17.61,12.308276176452637,18924,331267,331368,0.33645182847976685,9429,0.0005,0.49,35,-19.04240378,0.2510746717453003
0.022645581513643265,17.66,15.101527214050293,18928,331339,331440,-0.0719463974237442,9431,0.0005,0.46,35,-19.769657619999997,0.0791688933968544
0.022752199321985245,17.62,15.777589797973633,18932,331409,331510,-0.12198686599731445,9433,0.0005,0.44,35,-20.26969278,0.10625573992729187
0.022579554468393326,17.63,16.558917999267578,18936,331489,331590,-0.7821050882339478,9435,0.0005,0.44,35,-20.27030721,0.06336149573326111
0.022407425567507744,17.53,16.25641441345215,18940,331554,331655,0.44137245416641235,9436,0.0005,0.46,35,-19.73435655,0.07992029935121536
0.022347131744027138,17.64,15.113556861877441,18944,331632,331733,0.7126627564430237,9438,0.0005,0.45,35,-20.08704463,0.1253206431865692
0.022518986836075783,17.6,15.600364685058594,18948,331703,331804,-0.061773478984832764,9440,0.0005,0.45,35,-20.1147511,0.16727282106876373
0.02248278260231018,17.6,16.566020965576172,18952,331775,331876,0.15238919854164124,9442,0.0005,0.46,35,-19.89906615,0.031464193016290665
0.022412532940506935,17.77,15.224340438842773,18956,331861,331962,0.2318601906299591,9445,0.0005,0.45,35,-20.167700349999997,0.22835633158683777
0.022205818444490433,17.84,16.655960083007812,18960,331933,332034,-0.0912443995475769,9446,0.0005,0.47,35,-19.68547976,0.20546169579029083
0.02229219302535057,17.85,16.181428909301758,18964,331999,332100,0.05704650282859802,9448,0.0005,0.47,35,-19.64444401,0.035811081528663635
0.022578777745366096,17.91,15.081666946411133,18968,332060,332161,-0.2285936325788498,9450,0.0005,0.47,35,-19.70903651,0.03416919335722923
0.023150630295276642,17.93,16.115036010742188,18972,332130,332231,-0.10727336257696152,9452,0.0005,0.49,35,-19.25334624,0.04502800107002258
0.02329915016889572,17.84,16.82341766357422,18976,332202,332303,0.7218515872955322,9454,0.0005,0.49,35,-19.22346345,0.0446188747882843
0.023504920303821564,17.95,14.557365417480469,18980,332280,332381,-0.2523311674594879,9456,0.0005,0.49,35,-19.25446626,0.043914876878261566
0.023585358634591103,17.85,15.427907943725586,18984,332353,332454,0.035054199397563934,9457,0.0005,0.49,35,-19.150686899999997,0.03263164311647415
0.023652369156479836,17.83,16.30709457397461,18988,332417,332518,-0.34511658549308777,9459,0.0005,0.5,35,-18.84401678,0.2100687325000763
0.023478731513023376,17.95,16.891061782836914,18992,332491,332592,0.8391689658164978,9461,0.0005,0.53,35,-18.10145083,0.93485426902771
0.02332690916955471,17.91,15.95156478881836,18996,332558,332659,-0.11107158660888672,9462,0.0005,0.56,35,-17.377568649999997,0.018030455335974693
0.022822121158242226,17.95,16.261201858520508,19000,332629,332730,0.3556087613105774,9464,0.0005,0.57,35,-17.03477143,0.06563156843185425
0.022556578740477562,18.07,15.540861129760742,19004,332712,332813,-0.25222247838974,9466,0.0005,0.58,35,-16.83012243,2.0718631744384766
0.022939829155802727,18.22,15.215442657470703,19008,332795,332896,0.15364305675029755,9468,0.0005,0.61,35,-16.19238556,0.4232978820800781
0.023127300664782524,18.14,15.79348087310791,19012,332866,332967,-0.206480011343956,9470,0.0005,0.62,35,-15.933814900000002,0.07032649964094162
0.02346496470272541,18.22,15.771322250366211,19016,332938,333039,0.6081885099411011,9472,0.0005,0.61,35,-16.207729410000002,0.024081343784928322
0.023843778297305107,18.28,16.083072662353516,19020,333011,333112,-0.2785033583641052,9474,0.0005,0.62,35,-15.94389311,0.05488192290067673
0.023995788767933846,18.23,15.038387298583984,19024,333090,333191,-0.10056591033935547,9476,0.0005,0.6,35,-16.399699,0.02874220907688141
0.024275396019220352,18.17,14.614620208740234,19028,333156,333257,-0.3490108251571655,9478,0.0005,0.61,35,-16.216625960000002,0.07677491754293442
0.024333881214261055,18.16,15.940587043762207,19032,333225,333326,-0.2283104956150055,9480,0.0005,0.59,35,-16.64540205,0.10754374414682388
0.024549666792154312,18.01,15.861475944519043,19036,333290,333391,0.6525728702545166,9481,0.0005,0.59,35,-16.659810170000004,1.3542358875274658
0.02485223114490509,18.03,14.608926773071289,19040,333357,333458,0.3526318073272705,9483,0.0005,0.58,35,-16.94601626,0.07032065093517303
0.024636534973978996,17.99,15.324729919433594,19044,333431,333532,0.09520001709461212,9485,0.0005,0.6,35,-16.43200767,0.07405397295951843
0.024369731545448303,17.88,14.975887298583984,19048,333491,333592,0.2594020962715149,9486,0.0005,0.59,35,-16.65611738,0.02567712590098381
0.024265581741929054,17.78,15.532546997070312,19052,333553,333654,-0.5108179450035095,9488,0.0005,0.58,35,-16.86536535,0.05793970078229904
0.023892061784863472,17.68,16.440460205078125,19056,333629,333730,0.37920811772346497,9490,0.0005,0.61,35,-16.144769510000003,0.2641633450984955
0.023377908393740654,17.67,17.444501876831055,19060,333700,333801,1.6921395063400269,9492,0.0005,0.61,35,-16.14183858,0.28748199343681335
0.023529618978500366,17.63,17.037612915039062,19064,333762,333863,0.3015464246273041,9493,0.0005,0.6,35,-16.43602623,0.21936394274234772
0.023646831512451172,17.63,15.323640823364258,19068,333823,333924,0.3516395092010498,9495,0.0005,0.59,35,-16.632678399999996,0.060133177787065506
0.023661505430936813,17.57,16.037662506103516,19072,333887,333988,-0.8310762643814087,9496,0.0005,0.59,35,-16.570979219999998,0.1850690096616745
0.02355087362229824,17.45,16.237529754638672,19076,333947,334048,0.20964902639389038,9498,0.0005,0.58,35,-16.7719273,0.14984330534934998
0.023160768672823906,17.39,15.031439781188965,19080,334019,334120,-0.33126986026763916,9500,0.0005,0.6,35,-16.27848281,0.09789460897445679
0.022470135241746902,17.46,14.625317573547363,19084,334099,334200,0.07355953752994537,9502,0.0005,0.6,35,-16.2998073,0.20766156911849976
0.022205358371138573,17.48,15.16518783569336,19088,334165,334266,0.545291543006897,9504,0.0005,0.6,35,-16.307089819999998,0.04223279282450676
0.022815944626927376,17.45,14.657181739807129,19092,334236,334337,1.1958978176116943,9506,0.0005,0.58,35,-16.766721429999997,0.03831927850842476
0.023223796859383583,17.45,13.623743057250977,19096,334303,334404,-0.27408334612846375,9508,0.0005,0.54,35,-17.744903020000002,0.1627447009086609
0.02356128580868244,17.38,14.949090957641602,19100,334367,334468,-0.2509204149246216,9509,0.0005,0.55,35,-17.48360435,0.07607368379831314
0.023725073784589767,17.25,15.016338348388672,19104,334437,334538,-0.5608184933662415,9511,0.0005,0.55,35,-17.46078184,0.069681815803051
0.023873474448919296,17.06,15.980996131896973,19108,334501,334602,0.30163729190826416,9512,0.0005,0.54,35,-17.601575470000004,1.2493326663970947
0.024034511297941208,17.03,16.007633209228516,19112,334569,334670,-0.6286675333976746,9514,0.0005,0.52,35,-18.064670200000002,0.11002624034881592
0.023756498470902443,17.0,13.756841659545898,19116,334638,334739,-0.7282936573028564,9516,0.0005,0.52,35,-18.0980995,1.7856075763702393
0.023484021425247192,16.99,16.11813735961914,19120,334710,334811,0.8617687821388245,9518,0.0005,0.52,35,-18.146401509999997,0.1666165292263031
0.023007545620203018,17.01,16.546775817871094,19124,334791,334892,-0.8369311094284058,9520,0.0005,0.52,35,-18.09161339,0.022361431270837784
0.0229498241096735,17.05,16.956253051757812,19128,334861,334962,0.13427604734897614,9522,0.0005,0.53,35,-17.82513081,0.03080243617296219
0.023023612797260284,17.16,14.25656509399414,19132,334941,335042,-0.6522567272186279,9524,0.0005,0.56,35,-17.167123210000003,0.0716007798910141
0.02286183461546898,17.12,17.13418960571289,19136,335002,335103,-0.09859001636505127,9525,0.0005,0.57,35,-16.889762909999998,0.10631030797958374
0.022655576467514038,17.06,15.622632026672363,19140,335063,335164,-0.4241735339164734,9527,0.0005,0.56,35,-17.068597410000002,0.38434773683547974
0.02246950753033161,17.0,15.709670066833496,19144,335131,335232,0.34032100439071655,9528,0.0005,0.53,35,-17.78025495,0.5935477018356323
0.02233106456696987,17.11,14.866849899291992,19148,335202,335303,-1.0466930866241455,9530,0.0005,0.53,35,-17.77839501,0.02937920391559601
0.022224584594368935,17.25,17.218891143798828,19152,335278,335379,0.43799126148223877,9532,0.0005,0.52,35,-18.030357289999998,0.23737958073616028
0.02248685620725155,17.23,16.301124572753906,19156,335352,335453,-0.22083184123039246,9534,0.0005,0.49,35,-18.72217693,0.14278598129749298
0.022568559274077415,17.3,15.209190368652344,19160,335430,335531,0.18883876502513885,9536,0.0005,0.47,35,-19.194874119999998,0.06565213948488235
0.02280888520181179,17.35,15.154010772705078,19164,335497,335598,-0.4547196328639984,9538,0.0005,0.48,35,-18.945326629999997,0.052075743675231934
0.02301684021949768,17.45,16.70821762084961,19168,335568,335669,-0.5081911087036133,9540,0.0005,0.5,35,-18.53942278,0.4694885015487671
0.02257329411804676,17.42,16.220731735229492,19172,335629,335730,-0.08148440718650818,9541,0.0005,0.49,35,-18.79018005,0.051259104162454605
0.022420719265937805,17.5,14.230934143066406,19176,335697,335798,-0.29002368450164795,9543,0.0005,0.51,35,-18.28710046,0.13524645566940308
0.022812096402049065,17.49,14.183599472045898,19180,335768,335869,0.36703142523765564,9545,0.0005,0.52,35,-18.07414525,0.05742384120821953
0.023062823340296745,17.29,16.232154846191406,19184,335828,335929,0.8450945615768433,9547,0.0005,0.54,35,-17.48919013,0.04708593338727951
0.02314174734055996,17.13,14.176445007324219,19188,335878,335979,0.4227069616317749,9548,0.0005,0.51,35,-18.18355681,0.7574224472045898
0.023503508418798447,17.15,15.013233184814453,19192,335951,336052,-0.4134485721588135,9550,0.0005,0.52,35,-17.97163314,0.765893280506134
0.023263292387127876,17.17,16.237560272216797,19196,336020,336121,0.2775275707244873,9552,0.0005,0.53,35,-17.73609454,0.09711942076683044
0.023123838007450104,17.11,16.24677276611328,19200,336078,336179,0.531152069568634,9553,0.0005,0.54,35,-17.43605891,0.7270970940589905
0.023079130798578262,17.08,16.300003051757812,19204,336145,336246,-0.45083892345428467,9555,0.0005,0.53,35,-17.674099260000002,0.04141290485858917
0.022787952795624733,17.18,16.109159469604492,19208,336219,336320,-1.2183176279067993,9556,0.0005,0.53,35,-17.731458200000002,0.1781885027885437
0.02274586446583271,17.2,15.585784912109375,19212,336289,336390,0.10467685759067535,9558,0.0005,0.54,35,-17.40625757,0.035424988716840744
0.02253650687634945,17.29,15.184041976928711,19216,336367,336468,0.19889649748802185,9560,0.0005,0.53,35,-17.64628764,0.06696496903896332
0.022803133353590965,17.35,16.73830795288086,19220,336445,336546,0.05963830649852753,9562,0.0005,0.52,35,-17.895318280000005,1.0335203409194946
0.02266809158027172,17.05,15.387859344482422,19224,336496,336597,-0.18257367610931396,9563,0.0005,0.51,35,-18.081316870000002,0.9689046144485474
0.022908184677362442,17.04,15.91767692565918,19228,336565,336666,0.4339584708213806,9565,0.0005,0.49,35,-18.57006831,0.0927211195230484
0.022907232865691185,16.96,14.576936721801758,19232,336637,336738,-0.24306005239486694,9567,0.0005,0.49,35,-18.511962800000003,0.10287975519895554
0.022702045738697052,17.09,16.184377670288086,19236,336711,336812,-0.18514364957809448,9569,0.0005,0.49,35,-18.49934479,0.0329388827085495
0.023021511733531952,17.04,16.061851501464844,19240,336767,336868,-0.9317761659622192,9571,0.0005,0.51,35,-17.98124059,0.03940245509147644
0.023264093324542046,17.09,16.156490325927734,19244,336840,336941,-0.36122167110443115,9573,0.0005,0.52,35,-17.77367669,0.12337915599346161
0.023424740880727768,17.08,15.98216724395752,19248,336910,337011,0.14815938472747803,9574,0.0005,0.52,35,-17.783294700000003,0.09601154923439026
0.023886142298579216,17.0,15.635994911193848,19252,336978,337079,-0.21858558058738708,9576,0.0005,0.53,35,-17.577281130000003,0.9510856866836548
0.02421892061829567,16.97,16.481931686401367,19256,337049,337150,0.9232889413833618,9578,0.0005,0.53,35,-17.55993929,0.406554639339447
0.024073421955108643,16.97,15.344823837280273,19260,337127,337228,0.01674996316432953,9580,0.0005,0.53,35,-17.557345,0.37834733724594116
0.024645380675792694,17.06,15.456729888916016,19264,337203,337304,0.6823620796203613,9581,0.0005,0.51,35,-18.09476277,0.036031607538461685
0.025134218856692314,16.94,15.296222686767578,19268,337262,337363,-0.22358649969100952,9583,0.0005,0.51,35,-17.9860287,0.05127231031656265
0.025056663900613785,17.12,16.4112491607666,19272,337341,337442,1.0140607357025146,9585,0.0005,0.5,35,-18.24150864,0.4393331706523895
0.025330601260066032,17.15,16.00485610961914,19276,337412,337513,-0.4460674524307251,9586,0.0005,0.48,35,-18.76101339,0.06687675416469574
0.024976611137390137,16.98,14.702134132385254,19280,337466,337567,0.26855406165122986,9588,0.0005,0.47,35,-18.90776889,0.030571483075618744
0.025446079671382904,17.16,15.239425659179688,19284,337544,337645,-0.1033516451716423,9590,0.0005,0.46,35,-19.31498671,0.06496307253837585
0.025993742048740387,17.44,15.501153945922852,19288,337622,337723,-0.413502037525177,9592,0.0005,0.47,35,-19.152584259999998,0.1644117385149002
0.025900403037667274,17.39,16.076438903808594,19292,337690,337791,0.10041588544845581,9594,0.0005,0.45,35,-19.59720399,1.8066803216934204
0.02547728270292282,17.45,16.116531372070312,19296,337765,337866,-0.165347158908844,9596,0.0005,0.45,35,-19.6553614,0.05449141561985016
0.0250235665589571,17.48,15.32075309753418,19300,337826,337927,-0.5781905651092529,9597,0.0005,0.42,35,-20.430488540000002,0.055397480726242065
0.024668239057064056,17.48,15.408623695373535,19304,337893,337994,-0.5344470143318176,9599,0.0005,0.44,35,-19.89367326,0.10845023393630981
0.02444426715373993,17.36,14.927462577819824,19308,337955,338056,0.3265262544155121,9601,0.0005,0.43,35,-20.090136709999996,0.060491081327199936
0.02426166646182537,17.48,14.669586181640625,19312,338037,338138,-0.2909020185470581,9603,0.0005,0.43,35,-20.265841619999996,0.09763038903474808
0.02370309643447399,17.52,14.798514366149902,19316,338119,338220,-0.3998943567276001,9605,0.0005,0.45,35,-19.798003499999997,0.03954760730266571
0.02322808839380741,17.38,15.132108688354492,19320,338183,338284,-0.32602229714393616,9607,0.0005,0.43,35,-20.28441862,0.07116727530956268
0.022612303495407104,17.58,14.74685287475586,19324,338254,338355,0.005313664674758911,9608,0.0005,0.42,35,-20.566550850000002,0.32437777519226074
0.02281719073653221,17.52,16.889373779296875,19328,338317,338418,0.17911243438720703,9610,0.0005,0.44,35,-20.053146180000002,0.21280740201473236
0.02327878400683403,17.52,15.32669448852539,19332,338389,338490,-0.07397501170635223,9612,0.0005,0.43,35,-20.29692922,0.021386226639151573
0.023591123521327972,17.4,15.197718620300293,19336,338451,338552,-0.4721238613128662,9614,0.0005,0.43,35,-20.30269662,0.03604957461357117
0.02388920821249485,17.46,16.039823532104492,19340,338513,338614,0.680108904838562,9615,0.0005,0.42,35,-20.595315499999998,0.048879191279411316
0.023849308490753174,17.53,14.804941177368164,19344,338593,338694,0.5715253949165344,9617,0.0005,0.43,35,-20.39650736,0.12061420828104019
0.024079477414488792,17.54,16.11568832397461,19348,338664,338765,0.5198908448219299,9619,0.0005,0.45,35,-19.966649170000004,0.06596609950065613
0.024503061547875404,17.54,16.399816513061523,19352,338732,338833,-0.2686392366886139,9621,0.0005,0.45,35,-19.962778410000002,0.10526587069034576
0.024734077975153923,17.49,15.465335845947266,19356,338798,338899,0.020291492342948914,9623,0.0005,0.45,35,-20.013221580000003,0.037973374128341675
0.024708328768610954,17.45,15.085406303405762,19360,338872,338973,-0.4061136245727539,9625,0.0005,0.47,35,-19.54832351,0.059288106858730316
0.02421974018216133,17.48,16.398632049560547,19364,338951,339052,0.41025614738464355,9627,0.0005,0.47,35,-19.5572862,0.037206411361694336
0.024260977283120155,17.74,14.973901748657227,19368,339036,339137,0.3834781050682068,9629,0.0005,0.46,35,-19.87139734,0.130918949842453
0.024128198623657227,17.68,14.494270324707031,19372,339109,339210,-0.5810208916664124,9631,0.0005,0.48,35,-19.42399714,0.06653717160224915
0.024533811956644058,17.59,14.133621215820312,19376,339171,339272,-0.5305882096290588,9633,0.0005,0.47,35,-19.63009088,0.027244536206126213
0.024921653792262077,17.85,14.874954223632812,19380,339251,339352,0.2890961170196533,9635,0.0005,0.48,35,-19.505932089999998,0.05047353357076645
0.024879157543182373,17.58,17.462417602539062,19384,339302,339403,-0.5660741925239563,9636,0.0005,0.46,35,-19.847915880000002,0.0342971608042717
0.02474582940340042,17.35,16.433847427368164,19388,339357,339458,-0.12315195798873901,9638,0.0005,0.47,35,-19.51371115,0.023974061012268066
0.024581313133239746,17.32,16.845035552978516,19392,339422,339523,0.1448494791984558,9639,0.0005,0.47,35,-19.55470533,0.7413555979728699
0.024771608412265778,17.36,16.531455993652344,19396,339501,339602,0.30809256434440613,9641,0.0005,0.49,35,-19.11668791,0.2206243872642517
0.024738414213061333,17.5,14.432001113891602,19400,339576,339677,-0.015259727835655212,9643,0.0005,0.51,35,-18.66136434,0.09330563247203827
0.024438107386231422,17.41,15.755585670471191,19404,339634,339735,0.6128557920455933,9644,0.0005,0.48,35,-19.424112830000002,0.2373792678117752
0.024668561294674873,17.55,14.661137580871582,19408,339710,339811,-0.7703748941421509,9646,0.0005,0.48,35,-19.41106347,0.028091738000512123
0.024817373603582382,17.41,15.291035652160645,19412,339778,339879,0.35817262530326843,9649,0.0005,0.46,35,-19.7795963,0.03587719798088074
0.02503877878189087,17.37,15.636758804321289,19416,339856,339957,-0.4026302695274353,9651,0.0005,0.44,35,-20.20062689,0.29813888669013977
0.025198113173246384,17.42,17.366975784301758,19420,339925,340026,1.1049500703811646,9668,0.0005,0.46,35,-19.723760679999998,0.09939517080783844
0.02506658248603344,17.4,15.500532150268555,19424,339994,340095,-0.7930957078933716,9670,0.0005,0.46,35,-19.74813822,0.04788447171449661
0.024219440296292305,17.43,15.096851348876953,19428,340060,340161,0.21907280385494232,9671,0.0005,0.46,35,-19.706732029999998,0.04762472212314606
0.02391134388744831,17.48,16.164825439453125,19432,340137,340238,-0.9393228888511658,9673,0.0005,0.44,35,-20.21865037,0.05023916810750961
0.024007461965084076,17.75,16.736711502075195,19436,340226,340327,0.07861454784870148,9676,0.0005,0.44,35,-20.30915611,0.034972310066223145
0.02378453128039837,18.02,15.994613647460938,19440,340315,340416,-0.04936537146568298,9678,0.0005,0.45,35,-20.1810707,0.06471101939678192
0.023612098768353462,17.87,14.621463775634766,19444,340380,340481,-0.40457645058631897,9680,0.0005,0.45,35,-20.077327189999995,0.05469835549592972
0.023297790437936783,17.86,16.13080596923828,19448,340450,340551,0.47446343302726746,9682,0.0005,0.43,35,-20.5417133,0.19519716501235962
0.023484233766794205,17.77,14.310653686523438,19452,340509,340610,-0.09365661442279816,9683,0.0005,0.43,35,-20.505539800000005,0.033388420939445496
0.02371339127421379,17.99,14.795754432678223,19456,340597,340698,0.10770335793495178,9686,0.0005,0.46,35,-19.885325730000005,0.051540397107601166
0.023658674210309982,17.85,13.90904426574707,19460,340657,340758,0.14011439681053162,9687,0.0005,0.44,35,-20.2828066,0.11247165501117706
0.02316872961819172,17.78,16.597904205322266,19464,340729,340830,0.050827451050281525,9689,0.0005,0.45,35,-19.99909405,0.08747866749763489
0.02313990332186222,17.77,14.982742309570312,19468,340813,340914,0.8806957006454468,9692,0.0005,0.45,35,-20.07002178,0.3343011736869812
0.023092931136488914,17.79,13.960973739624023,19472,340888,340989,-0.756050169467926,9694,0.0005,0.45,35,-20.02226373,0.24562638998031616
0.023111343383789062,17.76,15.235666275024414,19476,340947,341048,-0.3867240250110626,9695,0.0005,0.45,35,-20.02820473,0.03728312999010086
0.02376064658164978,17.57,14.547605514526367,19480,341008,341109,0.19213277101516724,9697,0.0005,0.43,35,-20.418364009999998,0.05258888751268387
0.024158883839845657,17.62,16.156375885009766,19484,341064,341165,-0.15595442056655884,9699,0.0005,0.45,35,-19.9127839,0.1231028139591217
0.023856014013290405,17.75,16.247772216796875,19488,341132,341233,-0.14397907257080078,9700,0.0005,0.47,35,-19.46423726,0.06789252161979675
0.023955974727869034,17.74,15.59784984588623,19492,341196,341297,0.3288353979587555,9702,0.0005,0.49,35,-18.92957566,0.1667887419462204
0.024539198726415634,17.63,15.489888191223145,19496,341264,341365,-0.8023532629013062,9704,0.0005,0.5,35,-18.57128385,0.20213235914707184
0.025000298395752907,17.57,15.704127311706543,19500,341333,341434,0.4756550192832947,9706,0.0005,0.49,35,-18.831953929999997,0.07100612670183182
0.025149893015623093,17.64,14.154325485229492,19504,341398,341499,-0.4451380968093872,9708,0.0005,0.5,35,-18.640252080000003,1.574867844581604
0.024905163794755936,17.53,15.494159698486328,19508,341463,341564,-0.10007952153682709,9710,0.0005,0.49,35,-18.92873707,0.044779516756534576
0.0249031875282526,17.54,15.869985580444336,19512,341532,341633,-0.5023854970932007,9712,0.0005,0.51,35,-18.461639560000002,0.03582184389233589
0.024579724296927452,17.48,15.643510818481445,19516,341604,341705,0.3424779772758484,9714,0.0005,0.52,35,-18.241462750000004,0.15250720083713531
0.024397671222686768,17.46,16.093618392944336,19520,341671,341772,0.13139250874519348,9715,0.0005,0.53,35,-17.89391036,0.045609235763549805
0.024398934096097946,17.43,17.186756134033203,19524,341737,341838,0.2187255322933197,9717,0.0005,0.53,35,-17.91400487,0.032112400978803635
0.024644318968057632,17.5,16.627655029296875,19528,341810,341911,0.939968466758728,9719,0.0005,0.53,35,-18.010791330000004,0.23826707899570465
0.02446822077035904,17.38,16.33342742919922,19532,341875,341976,0.41795697808265686,9721,0.0005,0.53,35,-18.017363930000002,0.03673586994409561
0.024609295651316643,17.2,15.537137985229492,19536,341946,342047,-0.3880714476108551,9723,0.0005,0.53,35,-17.93362437,0.1062905564904213
0.024081416428089142,16.92,14.955193519592285,19540,342007,342108,0.39936572313308716,9725,0.0005,0.52,35,-18.06750035,0.15480418503284454
0.023955322802066803,17.0,14.54453182220459,19544,342080,342181,-0.5364698171615601,9727,0.0005,0.52,35,-18.121616740000004,0.0320657342672348
0.023629479110240936,16.9,15.529790878295898,19548,342140,342241,0.10443149507045746,9729,0.0005,0.52,35,-18.132424750000006,0.04215069115161896
0.023804010823369026,16.95,15.89632797241211,19552,342204,342305,0.21203860640525818,9730,0.0005,0.54,35,-17.65481678,0.09900138527154922
0.024092333391308784,16.76,13.084320068359375,19556,342273,342374,-0.4786592721939087,9732,0.0005,0.52,35,-18.04810652,0.05458392575383186
0.02410064823925495,16.77,15.114810943603516,19560,342334,342435,0.04480576515197754,9734,0.0005,0.53,35,-17.853358749999998,0.20810672640800476
0.024433810263872147,16.68,14.392996788024902,19564,342397,342498,0.16675105690956116,9736,0.0005,0.54,35,-17.582951650000002,0.03286111354827881
0.024796361103653908,16.52,14.52573013305664,19568,342465,342566,-0.27731895446777344,9738,0.0005,0.54,35,-17.55581338,0.13505661487579346
0.024803608655929565,16.45,16.173736572265625,19572,342533,342634,-0.43852370977401733,9740,0.0005,0.52,35,-18.065944220000002,0.0455806627869606
0.024163758382201195,16.68,14.853935241699219,19576,342615,342716,-0.8289484977722168,9742,0.0005,0.54,35,-17.65980638,1.1260474920272827
0.023931626230478287,16.75,15.863792419433594,19580,342683,342784,-0.331548810005188,9744,0.0005,0.55,35,-17.487810839999998,1.0845527648925781
0.0243960190564394,16.85,15.090561866760254,19584,342749,342850,0.10070393979549408,9745,0.0005,0.53,35,-18.10371945,0.18723957240581512
0.024582702666521072,16.78,16.720367431640625,19588,342810,342911,0.8558003306388855,9747,0.0005,0.51,35,-18.60452302,0.10632751882076263
0.024898627772927284,16.79,15.358230590820312,19592,342875,342976,-0.7319071292877197,9749,0.0005,0.49,35,-19.179190109999997,0.04638665169477463
0.02476368099451065,16.8,15.626535415649414,19596,342944,343045,-0.08013232052326202,9751,0.0005,0.47,35,-19.742170939999998,0.05939459800720215
0.02483437955379486,16.72,15.278712272644043,19600,343005,343106,0.03639078140258789,9752,0.0005,0.47,35,-19.71203762,1.3529129028320312
0.024627700448036194,16.88,14.861512184143066,19604,343086,343187,-0.6192171573638916,9754,0.0005,0.46,35,-19.932815750000003,0.5925057530403137
0.024321939796209335,16.85,14.941266059875488,19608,343148,343249,0.03641290217638016,9756,0.0005,0.47,35,-19.62472408,0.7319800853729248
0.02413301356136799,16.88,15.365703582763672,19612,343220,343321,0.1184871643781662,9758,0.0005,0.46,35,-19.95781776,0.04635007679462433
0.024688607081770897,16.84,16.432764053344727,19616,343288,343389,-0.13706083595752716,9760,0.0005,0.46,35,-19.970583159999993,0.15406663715839386
0.024335233494639397,16.71,15.291215896606445,19620,343342,343443,-0.8048046827316284,9761,0.0005,0.45,35,-20.208295449999998,0.06549274921417236
0.024161841720342636,16.66,17.109140396118164,19624,343403,343504,-0.26730653643608093,9763,0.0005,0.47,35,-19.682297079999998,0.05523008108139038
0.023962276056408882,16.71,14.934915542602539,19628,343481,343582,-0.08735767006874084,9765,0.0005,0.46,35,-19.9583173,0.06732866168022156
0.02408435195684433,16.83,16.169952392578125,19632,343558,343659,-0.35878831148147583,9767,0.0005,0.47,35,-19.67737705,0.12595948576927185
0.024211576208472252,16.77,16.571178436279297,19636,343623,343724,0.8184409141540527,9769,0.0005,0.46,35,-19.95967713,0.05177871882915497
0.02445959486067295,16.88,14.634284019470215,19640,343695,343796,0.24132093787193298,9771,0.0005,0.47,35,-19.74252142,0.033411551266908646
0.02434305101633072,16.85,14.67783260345459,19644,343765,343866,-0.23800700902938843,9773,0.0005,0.46,35,-19.95918818,0.4611339569091797
0.02448364906013012,16.97,14.619087219238281,19648,343837,343938,-0.05293187499046326,9775,0.0005,0.47,35,-19.69533981,0.08541708439588547
0.024198638275265694,17.01,15.05392837524414,19652,343905,344006,-0.1714521050453186,9777,0.0005,0.46,35,-19.97181147,0.10687899589538574
0.023769274353981018,17.0,16.34897804260254,19656,343973,344074,0.29719823598861694,9779,0.0005,0.47,35,-19.63410402,0.033319439738988876
0.023769857361912727,17.06,14.99394416809082,19660,344040,344141,-0.27753931283950806,9781,0.0005,0.48,35,-19.37960566,0.027155669406056404
0.023856258019804955,17.05,17.104032516479492,19664,344102,344203,-0.7202149033546448,9783,0.0005,0.47,35,-19.629594330000003,0.8252710103988647
0.023851947858929634,17.07,16.013643264770508,19668,344172,344273,0.29525190591812134,9785,0.0005,0.47,35,-19.593048080000003,0.04994268715381622
0.024103078991174698,17.13,17.412952423095703,19672,344246,344347,-0.6093955039978027,9787,0.0005,0.5,35,-18.876347640000002,0.0628834068775177
0.024356558918952942,17.02,14.752304077148438,19676,344317,344418,0.1252986192703247,9789,0.0005,0.49,35,-19.06694657,0.7156884670257568
0.024197760969400406,17.0,15.645493507385254,19680,344383,344484,-0.08558009564876556,9791,0.0005,0.48,35,-19.31184727,0.05312644690275192
0.02366652525961399,17.15,15.53461742401123,19684,344464,344565,-0.19826889038085938,9793,0.0005,0.5,35,-18.821200150000003,0.2806313633918762
0.02354147657752037,17.24,14.866963386535645,19688,344534,344635,-0.13140344619750977,9795,0.0005,0.5,35,-18.83960173,0.0780227780342102
0.023421797901391983,17.23,14.818069458007812,19692,344598,344699,-0.33690232038497925,9797,0.0005,0.51,35,-18.478960320000002,0.043715376406908035
0.022988349199295044,17.26,15.900520324707031,19696,344670,344771,0.08181966841220856,9799,0.0005,0.51,35,-18.426532169999998,0.0591084249317646
0.023102175444364548,17.36,16.481693267822266,19700,344741,344842,0.3584085702896118,9801,0.0005,0.52,35,-18.239491689999998,0.11212289333343506
0.022864509373903275,17.16,16.86883544921875,19704,344802,344903,-0.0987555980682373,9803,0.0005,0.52,35,-18.16604683,0.035158950835466385
0.022983839735388756,17.13,15.953054428100586,19708,344861,344962,0.0968257486820221,9804,0.0005,0.51,35,-18.44628995,0.09569738805294037
0.023139098659157753,17.22,15.716047286987305,19712,344942,345043,1.338342308998108,9806,0.0005,0.53,35,-17.957053840000004,0.1626282036304474
0.023641318082809448,17.33,15.456783294677734,19716,345021,345122,-0.38277095556259155,9809,0.0005,0.53,35,-17.98592005,0.3094523847103119
0.023815995082259178,17.47,14.700746536254883,19720,345089,345190,0.02669963240623474,9810,0.0005,0.55,35,-17.53067785,0.17472529411315918
0.023784160614013672,17.55,15.566469192504883,19724,345158,345259,-1.1354926824569702,9812,0.0005,0.53,35,-18.01590561,0.018790747970342636
0.023567792028188705,17.68,16.035480499267578,19728,345249,345350,0.028567254543304443,9815,0.0005,0.54,35,-17.80013182,0.1630524843931198
0.023578200489282608,17.6,15.895967483520508,19732,345318,345419,-1.0671231746673584,9817,0.0005,0.55,35,-17.609000560000002,0.2726364731788635
0.02362222410738468,17.77,16.46006965637207,19736,345400,345501,0.326891154050827,9819,0.0005,0.57,35,-17.15336712,0.15644733607769012
0.02342725358903408,17.73,15.6570463180542,19740,345468,345569,0.49169787764549255,9821,0.0005,0.58,35,-16.869976649999998,0.11533890664577484
0.02370838075876236,17.85,15.256278991699219,19744,345550,345651,-0.06402236223220825,9823,0.0005,0.57,35,-17.097192400000004,0.18498589098453522
0.023618265986442566,17.77,14.124016761779785,19748,345614,345715,-0.11207181215286255,9825,0.0005,0.58,35,-16.83363191,0.1434297114610672
0.023500096052885056,17.81,16.26622200012207,19752,345686,345787,-0.5852580070495605,9827,0.0005,0.58,35,-16.82575218,0.0757402628660202
0.02344975247979164,17.82,15.530630111694336,19756,345755,345856,-0.5464368462562561,9829,0.0005,0.56,35,-17.38039324,0.09053201228380203
0.02388693392276764,17.71,14.865350723266602,19760,345811,345912,-0.2646058201789856,9831,0.0005,0.55,35,-17.573480800000002,0.05374409258365631
0.024279354140162468,17.83,15.674991607666016,19764,345885,345986,-0.030756711959838867,9833,0.0005,0.55,35,-17.56069701,0.07109619677066803
0.0247438233345747,18.0,16.41510009765625,19768,345972,346073,-0.11797883361577988,9835,0.0005,0.56,35,-17.42139106,1.832841157913208
0.024544529616832733,17.98,15.208478927612305,19772,346044,346145,-0.7296059727668762,9837,0.0005,0.53,35,-18.096026379999998,0.0661686435341835
0.024053646251559258,17.9,16.53418731689453,19776,346107,346208,-0.07370753586292267,9838,0.0005,0.53,35,-18.08354413,0.05871030315756798
0.02369999885559082,17.96,17.094573974609375,19780,346179,346280,0.19147877395153046,9840,0.0005,0.54,35,-17.82068049,0.07350780069828033
0.02375134639441967,17.77,16.236351013183594,19784,346241,346342,0.7713468670845032,9842,0.0005,0.53,35,-17.98539251,0.1163535937666893
0.02416560985147953,17.68,15.923568725585938,19788,346302,346403,-0.11175417900085449,9844,0.0005,0.53,35,-17.940193949999994,0.10704022645950317
0.02480439655482769,17.71,14.535953521728516,19792,346369,346470,-0.08399689942598343,9845,0.0005,0.52,35,-18.23962234,0.041562095284461975
0.024875380098819733,17.75,14.787008285522461,19796,346445,346546,0.594691276550293,9847,0.0005,0.53,35,-17.99275193,0.25693127512931824
0.025288859382271767,17.73,15.144817352294922,19800,346514,346615,-0.07315194606781006,9849,0.0005,0.52,35,-18.244477940000003,0.06341906636953354
0.02534927986562252,17.93,14.106589317321777,19804,346595,346696,-0.304756224155426,9851,0.0005,0.55,35,-17.63121296,1.353309154510498
0.025146763771772385,17.95,15.35118293762207,19808,346656,346757,0.01091092824935913,9853,0.0005,0.55,35,-17.58603918,0.2101791501045227
0.0252048559486866,17.94,15.425246238708496,19812,346736,346837,-0.7183936238288879,9855,0.0005,0.55,35,-17.560083499999998,0.01540733315050602
0.025087730959057808,18.03,14.902585983276367,19816,346824,346925,0.32628655433654785,9857,0.0005,0.55,35,-17.57698511,0.08309157192707062
0.024711403995752335,18.25,16.04880142211914,19820,346914,347015,-0.2319621592760086,9860,0.0005,0.54,35,-17.9385793,1.033124327659607
0.024800337851047516,18.26,15.671928405761719,19824,346984,347085,0.4213515520095825,9861,0.0005,0.55,35,-17.66427413,0.0711391419172287
0.02491837926208973,18.04,16.202468872070312,19828,347053,347154,-0.1819113790988922,9863,0.0005,0.53,35,-18.0335628,0.19125714898109436
0.024983566254377365,18.04,15.19050407409668,19832,347122,347223,0.011538773775100708,9865,0.0005,0.51,35,-18.454427279999997,0.07974550127983093
0.024325529113411903,18.0,14.483573913574219,19836,347200,347301,-1.2495312690734863,9866,0.0005,0.49,35,-18.908704769999996,0.052074868232011795
0.02334551326930523,18.06,15.642333984375,19840,347274,347375,-0.49556267261505127,9868,0.0005,0.47,35,-19.37041557,0.02265772596001625
0.023532956838607788,17.91,15.319873809814453,19844,347341,347442,-0.010302633047103882,9870,0.0005,0.46,35,-19.60722427,0.08252158015966415
0.0241115503013134,18.02,16.117412567138672,19848,347416,347517,0.27235671877861023,9872,0.0005,0.46,35,-19.61812099,0.33325260877609253
0.024250412359833717,17.98,14.343215942382812,19852,347484,347585,-0.12322492897510529,9874,0.0005,0.45,35,-19.857306760000004,0.053340449929237366
0.02437531016767025,17.98,14.84033489227295,19856,347553,347654,-0.3607313632965088,9876,0.0005,0.46,35,-19.61661207,0.21024149656295776
0.024311108514666557,18.09,16.614274978637695,19860,347620,347721,0.5236227512359619,9877,0.0005,0.45,35,-19.92663869,0.5458366274833679
0.023964982479810715,18.05,15.302806854248047,19864,347690,347791,-0.2681143581867218,9879,0.0005,0.45,35,-19.95780753,0.07703649997711182
0.023807592689990997,17.9,16.325489044189453,19868,347762,347863,0.12180835008621216,9881,0.0005,0.45,35,-19.881932380000002,0.028505783528089523
0.023600302636623383,17.77,13.44936752319336,19872,347821,347922,-0.14083406329154968,9883,0.0005,0.45,35,-19.882634,0.08012596517801285
0.023061437532305717,17.88,15.759746551513672,19876,347895,347996,0.4439446032047272,9885,0.0005,0.45,35,-19.856295220000003,0.026783311739563942
0.02370871976017952,18.03,16.026355743408203,19880,347982,348083,1.5407521724700928,9888,0.0005,0.44,35,-20.11769806,0.06533090025186539
0.0239658672362566,18.11,16.25591278076172,19884,348052,348153,-0.7779965400695801,9890,0.0005,0.44,35,-20.15823485,0.13615451753139496
0.023126648738980293,18.21,14.662762641906738,19888,348123,348224,-0.5983948707580566,9891,0.0005,0.44,35,-20.20894071,0.07738081365823746
0.022937214002013206,18.28,15.304641723632812,19892,348197,348298,-0.7629595398902893,9893,0.0005,0.46,35,-19.717308499999998,0.01890697330236435
0.02283364348113537,18.2,15.50787353515625,19896,348265,348366,0.8783029913902283,9895,0.0005,0.44,35,-20.23332324,0.07211318612098694
0.023297633975744247,18.38,16.629880905151367,19900,348352,348453,0.427705317735672,9898,0.0005,0.44,35,-20.259745960000004,0.1354062855243683
0.02349541336297989,18.08,15.79056167602539,19904,348403,348504,0.6242709755897522,9899,0.0005,0.41,35,-20.85488281,0.06451213359832764
0.023568201810121536,18.12,14.802183151245117,19908,348468,348569,-0.7846493721008301,9901,0.0005,0.42,35,-20.61697395,0.06820371747016907
0.02358257584273815,18.13,15.962433815002441,19912,348549,348650,0.014325618743896484,9903,0.0005,0.41,35,-20.81320732,0.042659513652324677
0.023723222315311432,18.15,14.767093658447266,19916,348639,348740,0.5681803226470947,9906,0.0005,0.42,35,-20.60181813,0.03473072871565819
0.023603346198797226,17.9,16.640213012695312,19920,348704,348805,0.7677242755889893,9908,0.0005,0.42,35,-20.490132959999997,1.643285870552063
0.024134596809744835,18.0,15.012619972229004,19924,348784,348885,0.29982590675354004,9910,0.0005,0.42,35,-20.51568228,0.08524560928344727
0.024106653407216072,17.9,15.739686965942383,19928,348843,348944,0.9347200393676758,9912,0.0005,0.42,35,-20.5332973,0.382158488035202
0.02417587675154209,18.02,15.303778648376465,19932,348924,349025,-0.07152092456817627,9914,0.0005,0.45,35,-19.88150883,0.20052111148834229
0.02484051324427128,18.03,13.923762321472168,19936,349003,349104,0.5601348280906677,9916,0.0005,0.44,35,-20.08720384,0.06604338437318802
0.02484675496816635,17.94,16.409862518310547,19940,349068,349169,-0.14337393641471863,9918,0.0005,0.44,35,-20.093807280000004,0.03932081162929535
0.02469451166689396,17.97,14.065034866333008,19944,349138,349239,0.20131176710128784,9920,0.0005,0.45,35,-19.83869718,0.2740762531757355
0.024604162201285362,17.88,14.23308277130127,19948,349204,349305,-0.8350776433944702,9922,0.0005,0.45,35,-19.82377928,0.030435699969530106
0.02404361590743065,17.89,17.032087326049805,19952,349273,349374,-0.49127018451690674,9923,0.0005,0.45,35,-19.836247229999998,0.14755353331565857
0.023499013856053352,17.85,14.550617218017578,19956,349338,349439,1.1307491064071655,9925,0.0005,0.45,35,-19.81789988,0.11332431435585022
0.02381669357419014,17.79,15.721577644348145,19960,349399,349500,0.563696026802063,9927,0.0005,0.46,35,-19.56351231,0.09952592849731445
0.023739632219076157,17.86,14.43319320678711,19964,349476,349577,0.04277144372463226,9929,0.0005,0.45,35,-19.82915696,0.03702594339847565
0.02381802722811699,18.02,15.339903831481934,19968,349564,349665,0.5063706636428833,9931,0.0005,0.43,35,-20.32270575,0.21026264131069183
0.023691745474934578,18.05,14.230934143066406,19972,349626,349727,-0.32281455397605896,9933,0.0005,0.44,35,-20.10068898,0.043946173042058945
0.023568162694573402,18.18,14.486902236938477,19976,349713,349814,-0.7479570508003235,9936,0.0005,0.43,35,-20.401418539999998,0.029629269614815712
0.023561667650938034,18.05,15.350454330444336,19980,349787,349888,-0.8902853727340698,9938,0.0005,0.44,35,-20.089910189999998,0.19826781749725342
0.023377111181616783,18.04,16.10535430908203,19984,349856,349957,-0.028892770409584045,9939,0.0005,0.42,35,-20.54532717,0.0427103266119957
0.023331843316555023,18.01,16.08589744567871,19988,349924,350025,-0.3387098014354706,9955,0.0005,0.41,35,-20.799183640000003,0.09962710738182068
0.023654958233237267,17.91,14.903484344482422,19992,349988,350089,0.36259952187538147,9957,0.0005,0.41,35,-20.771152659999995,0.08913646638393402
0.023828517645597458,17.87,15.188261032104492,19996,350052,350153,0.1402425318956375,9959,0.0005,0.43,35,-20.2399938,0.08800923079252243
0.02391684241592884,17.62,15.280256271362305,20000,350114,350215,-0.3564978241920471,9961,0.0005,0.42,35,-20.3616061,0.3538252115249634
0.0237922053784132,17.73,16.072317123413086,20004,350176,350277,0.2799947261810303,9962,0.0005,0.43,35,-20.129252069999996,0.5181201100349426
0.023907793685793877,17.97,16.519920349121094,20008,350265,350366,0.15331220626831055,9965,0.0005,0.44,35,-20.04308248,0.0667913407087326
0.02350005693733692,17.98,15.975887298583984,20012,350347,350448,0.3890089988708496,9967,0.0005,0.44,35,-20.042463220000002,0.09623841196298599
0.023399215191602707,17.8,16.801647186279297,20016,350419,350520,-0.10628245770931244,9969,0.0005,0.43,35,-20.188780510000004,0.04383425787091255
0.02311321161687374,17.97,15.282195091247559,20020,350501,350602,0.797861635684967,9971,0.0005,0.41,35,-20.69188887,0.13935349881649017
0.02355152554810047,17.92,14.322185516357422,20024,350576,350677,0.27408477663993835,9973,0.0005,0.43,35,-20.22305314,0.0645609200000763
0.02359095960855484,18.1,16.243576049804688,20028,350653,350754,0.1423182338476181,9975,0.0005,0.43,35,-20.26060732,0.30684220790863037
0.023297807201743126,17.94,16.465505599975586,20032,350718,350819,-0.21349431574344635,9976,0.0005,0.42,35,-20.403001859999996,0.18723276257514954
0.02304948680102825,17.86,14.815126419067383,20036,350789,350890,-0.10228149592876434,9978,0.0005,0.43,35,-20.145157570000002,0.22565697133541107
0.023550985381007195,18.09,17.45659637451172,20040,350877,350978,0.7488021850585938,9981,0.0005,0.43,35,-20.2629784,1.0738966464996338
0.02385500632226467,18.19,15.650423049926758,20044,350957,351058,-0.029094398021697998,9983,0.0005,0.44,35,-20.049325,0.46410009264945984
0.023998556658625603,18.07,15.197420120239258,20048,351011,351112,0.3907921314239502,9984,0.0005,0.43,35,-20.24305586,0.10146843641996384
0.024421794340014458,18.07,15.58150577545166,20052,351080,351181,-0.664574384689331,9986,0.0005,0.43,35,-20.204170299999998,0.07054898887872696
0.024303946644067764,18.16,16.169113159179688,20056,351154,351255,-0.7196383476257324,9988,0.0005,0.44,35,-19.9606463,0.07114369422197342
0.023854631930589676,18.37,14.328445434570312,20060,351236,351337,-0.41187259554862976,9990,0.0005,0.44,35,-19.99225085,0.06429114937782288
0.024230564013123512,18.37,17.063329696655273,20064,351313,351414,0.4677184522151947,9992,0.0005,0.45,35,-19.78216827,0.24423466622829437
0.02376372180879116,18.31,13.785223007202148,20068,351395,351496,-1.1497702598571777,9994,0.0005,0.47,35,-19.30287816,0.12242351472377777
0.023678746074438095,18.28,15.583097457885742,20072,351454,351555,-0.7334095239639282,9996,0.0005,0.45,35,-19.758648720000004,0.4985950291156769
0.02354990877211094,18.13,14.774364471435547,20076,351526,351627,0.5444545745849609,9998,0.0005,0.47,35,-19.29027392,0.04352987930178642
0.023540202528238297,18.04,15.471861839294434,20080,351591,351692,-0.10039150714874268,9999,0.0005,0.47,35,-19.368240619999998,0.2045280933380127
0.023351654410362244,18.03,14.876941680908203,20084,351659,351760,0.6689280271530151,10001,0.0005,0.47,35,-19.376401509999997,0.1293516755104065
0.02349565364420414,17.95,15.085105895996094,20088,351719,351820,0.7730933427810669,10003,0.0005,0.47,35,-19.29921649,0.04024958610534668
0.023466486483812332,17.9,14.988948822021484,20092,351778,351879,-0.18837757408618927,10004,0.0005,0.45,35,-19.76457343,0.22515203058719635
0.02323584444820881,17.87,15.97168254852295,20096,351839,351940,-0.39850109815597534,10006,0.0005,0.43,35,-20.22965825,0.020550241693854332
0.02275807596743107,17.99,16.278675079345703,20100,351913,352014,0.7624759674072266,10008,0.0005,0.45,35,-19.782382440000003,0.04312252998352051
0.022631004452705383,18.09,16.49365234375,20104,351985,352086,-0.06226271390914917,10010,0.0005,0.44,35,-20.04915089,0.3558942675590515
0.02263539656996727,17.78,15.93425178527832,20108,352043,352144,-0.11409810185432434,10011,0.0005,0.42,35,-20.38614398,0.044188372790813446
0.02290714718401432,17.71,14.320327758789062,20112,352118,352219,-0.05763727426528931,10013,0.0005,0.43,35,-20.11386129,0.02966921590268612
0.0230876337736845,17.66,14.956920623779297,20116,352185,352286,0.11373314261436462,10015,0.0005,0.44,35,-19.804879630000002,0.08919264376163483
0.023562034592032433,17.54,15.216168403625488,20120,352255,352356,-0.06503549218177795,10017,0.0005,0.46,35,-19.35873471,0.13159838318824768
0.02352835051715374,17.42,16.436588287353516,20124,352318,352419,1.4185757637023926,10019,0.0005,0.46,35,-19.34842524,0.09995783120393753
0.023659439757466316,17.36,14.981513977050781,20128,352389,352490,0.49157771468162537,10021,0.0005,0.47,35,-19.07306658,0.06589985638856888
0.023779142647981644,17.35,16.08409881591797,20132,352453,352554,0.5068988800048828,10022,0.0005,0.48,35,-18.860081379999997,0.03247176110744476
0.023940157145261765,17.25,15.073773384094238,20136,352514,352615,-0.10495537519454956,10024,0.0005,0.48,35,-18.84316329,0.03114018402993679
0.024005984887480736,16.91,15.786921501159668,20140,352568,352669,-0.0643027126789093,10025,0.0005,0.48,35,-18.703804560000002,0.07171056419610977
0.023803018033504486,16.75,16.013898849487305,20144,352632,352733,0.03896331787109375,10027,0.0005,0.48,35,-18.65261783,0.11542610824108124
0.024058567360043526,16.84,13.774252891540527,20148,352695,352796,0.20748119056224823,10028,0.0005,0.49,35,-18.46295944,0.0328761450946331
0.02410576306283474,16.88,15.13454818725586,20152,352768,352869,-0.20278534293174744,10030,0.0005,0.51,35,-17.99679516,0.055665627121925354
0.024428177624940872,16.75,15.04322624206543,20156,352829,352930,-0.32013943791389465,10031,0.0005,0.5,35,-18.23691083,0.06003130227327347
0.02491062693297863,16.61,16.01071548461914,20160,352897,352998,0.18318955600261688,10033,0.0005,0.5,35,-18.25375159,0.09138838946819305
0.024383489042520523,16.4,15.625577926635742,20164,352953,353054,-0.4414052963256836,10034,0.0005,0.5,35,-18.1186247,0.04889070615172386
0.024208886548876762,16.28,14.695526123046875,20168,353023,353124,-0.3780869245529175,10036,0.0005,0.48,35,-18.53270023,0.04289978742599487
0.02399405464529991,16.5,16.500518798828125,20172,353104,353205,0.17904317378997803,10038,0.0005,0.5,35,-18.11105161,0.05983129143714905
0.023426344618201256,16.42,14.145578384399414,20176,353168,353269,-0.36173442006111145,10040,0.0005,0.49,35,-18.2666078,0.29952749609947205
0.022927241399884224,16.41,15.624557495117188,20180,353232,353333,-0.3269304931163788,10041,0.0005,0.5,35,-17.964945360000005,0.07524903863668442
0.02286098711192608,16.27,16.135217666625977,20184,353286,353387,0.46712568402290344,10043,0.0005,0.52,35,-17.42755843,0.1395268589258194
0.02278747595846653,16.19,15.329238891601562,20188,353338,353439,0.5567394495010376,10044,0.0005,0.52,35,-17.427797799999997,0.0632142722606659
0.02282007411122322,16.2,14.843286514282227,20192,353398,353499,-0.18753479421138763,10046,0.0005,0.55,35,-16.664958199999997,0.08023707568645477
0.02301708050072193,16.31,15.002734184265137,20196,353470,353571,-0.4092221260070801,10047,0.0005,0.56,35,-16.481507459999996,0.024200566112995148
0.022634563967585564,16.44,16.2413330078125,20200,353557,353658,-0.23984435200691223,10049,0.0005,0.55,35,-16.804824089999997,0.06295814365148544
0.02276836521923542,16.4,14.527569770812988,20204,353625,353726,-0.5998293161392212,10051,0.0005,0.54,35,-17.05708129,0.2561566233634949
0.022887984290719032,16.5,15.241455078125,20208,353693,353794,-0.5651837587356567,10052,0.0005,0.54,35,-17.110984350000003,0.09613361954689026
0.022852590307593346,16.5,15.319156646728516,20212,353768,353869,0.6981145143508911,10054,0.0005,0.55,35,-16.90861447,0.06639864295721054
0.0230054073035717,16.45,15.362546920776367,20216,353830,353931,0.646740734577179,10056,0.0005,0.54,35,-17.20708077,0.05193258821964264
0.02298685349524021,16.4,14.525880813598633,20220,353895,353996,0.4530833959579468,10057,0.0005,0.54,35,-17.145072,0.08329848945140839
0.023119686171412468,16.55,14.17935848236084,20224,353973,354074,-0.05027446150779724,10059,0.0005,0.52,35,-17.689388759999996,0.0393383614718914
0.0229838564991951,16.44,15.001046180725098,20228,354033,354134,-0.4170636236667633,10060,0.0005,0.51,35,-17.884637240000004,0.20941504836082458
0.02287658303976059,16.38,15.968438148498535,20232,354091,354192,0.38581252098083496,10062,0.0005,0.51,35,-17.834596540000003,0.27129635214805603
0.023549998179078102,16.38,15.046928405761719,20236,354152,354253,0.45807695388793945,10063,0.0005,0.51,35,-17.83726018,0.1541142463684082
0.023638995364308357,16.53,14.222973823547363,20240,354221,354322,-0.24517922103405,10065,0.0005,0.5,35,-18.16394245,0.03279275819659233
0.023606235161423683,16.5,17.306814193725586,20244,354282,354383,0.8856410384178162,10067,0.0005,0.5,35,-18.202584320000003,0.17112156748771667
0.023532841354608536,16.6,15.487089157104492,20248,354355,354456,0.20869311690330505,10068,0.0005,0.51,35,-18.0040116,0.08057750761508942
0.023225078359246254,16.51,15.139793395996094,20252,354419,354520,0.8445343971252441,10070,0.0005,0.5,35,-18.19499671,0.04413079097867012
0.022890863940119743,16.46,14.633103370666504,20256,354475,354576,-1.1118993759155273,10072,0.0005,0.51,35,-17.88086227,0.09023913741111755
0.023067468777298927,16.49,15.407939910888672,20260,354546,354647,0.11659121513366699,10073,0.0005,0.51,35,-17.840910450000003,0.11886758357286453
0.023792538791894913,16.82,15.34524154663086,20264,354635,354736,-0.2887914776802063,10076,0.0005,0.5,35,-18.18483037,0.1507733166217804
0.02385595068335533,17.0,15.503870010375977,20268,354723,354824,-0.5361932516098022,10078,0.0005,0.52,35,-17.8295986,0.04297789931297302
0.02426566742360592,16.83,13.967254638671875,20272,354787,354888,0.6209017634391785,10080,0.0005,0.53,35,-17.53613502,0.10185857117176056
0.024871839210391045,16.89,16.72345733642578,20276,354857,354958,0.5028225183486938,10081,0.0005,0.54,35,-17.37049805,0.04695774242281914
0.02513754367828369,17.03,15.8844633102417,20280,354935,355036,-0.3718867301940918,10083,0.0005,0.52,35,-17.89273379,0.28775760531425476
0.024736955761909485,17.24,14.992351531982422,20284,355010,355111,-0.04146776348352432,10085,0.0005,0.53,35,-17.70798477,0.13229268789291382
0.024770289659500122,17.39,14.339677810668945,20288,355077,355178,0.18082791566848755,10087,0.0005,0.52,35,-17.98127857,0.04952234774827957
0.02484964206814766,17.38,14.385188102722168,20292,355136,355237,0.3691984713077545,10089,0.0005,0.49,35,-18.79823228,0.0962359756231308
0.024772949516773224,17.3,15.567411422729492,20296,355200,355301,-0.02696967124938965,10090,0.0005,0.5,35,-18.521599310000003,0.07077063620090485
0.02424745075404644,17.24,14.860315322875977,20300,355281,355382,-0.33110275864601135,10093,0.0005,0.5,35,-18.4628925,0.04372898489236832
0.02399417571723461,17.24,13.963844299316406,20304,355349,355450,-0.2064952403306961,10094,0.0005,0.52,35,-18.03846387,0.029325013980269432
0.023691467940807343,17.27,14.622504234313965,20308,355420,355521,-0.46883881092071533,10096,0.0005,0.52,35,-17.989382969999998,0.08537781238555908
0.023733220994472504,17.19,15.97567367553711,20312,355487,355588,0.7491167783737183,10098,0.0005,0.52,35,-17.93510341,0.05446935445070267
0.02380874939262867,17.19,16.265491485595703,20316,355549,355650,0.2940850555896759,10100,0.0005,0.52,35,-17.92991602,0.16122473776340485
0.02430027723312378,17.23,15.054384231567383,20320,355618,355719,-0.08016093075275421,10102,0.0005,0.51,35,-18.23535827,0.024470962584018707
0.024732783436775208,17.22,15.58646011352539,20324,355695,355796,-0.5613275766372681,10104,0.0005,0.51,35,-18.21819276,0.02254217490553856
0.024889705702662468,17.23,16.15457534790039,20328,355756,355857,0.3503296375274658,10105,0.0005,0.52,35,-18.002661269999997,0.05925162881612778
0.02550668455660343,17.53,15.26230525970459,20332,355844,355945,0.5256953239440918,10108,0.0005,0.53,35,-17.95585373,0.7310666441917419
0.02564055658876896,17.67,16.75326919555664,20336,355919,356020,0.8689390420913696,10109,0.0005,0.53,35,-18.018743009999998,0.17878994345664978
0.025891058146953583,17.58,14.987836837768555,20340,355979,356080,-0.3005818724632263,10111,0.0005,0.53,35,-17.96437276,0.03150619566440582
0.025726070627570152,17.59,17.065433502197266,20344,356041,356142,0.25103986263275146,10113,0.0005,0.53,35,-17.95667265,0.09898446500301361
0.025371840223670006,17.63,15.8958101272583,20348,356118,356219,-0.03703698515892029,10115,0.0005,0.51,35,-18.445158929999998,0.04498584568500519
0.025121308863162994,17.59,15.628623962402344,20352,356178,356279,0.10586024820804596,10116,0.0005,0.51,35,-18.49227114,0.06006161496043205
0.02517962083220482,17.74,13.938319206237793,20356,356249,356350,0.10225154459476471,10118,0.0005,0.5,35,-18.82257986,0.048948537558317184
0.025040270760655403,17.81,14.712669372558594,20360,356327,356428,0.17024919390678406,10120,0.0005,0.48,35,-19.30288715,3.0038580894470215
0.02495189756155014,17.65,15.153806686401367,20364,356400,356501,-0.044151246547698975,10122,0.0005,0.49,35,-19.00513793,0.036981746554374695
0.024986056610941887,17.3,16.36678695678711,20368,356453,356554,0.7640460133552551,10123,0.0005,0.48,35,-19.08367764,0.12445443123579025
0.02498656138777733,17.45,14.934040069580078,20372,356532,356633,-0.4414559006690979,10125,0.0005,0.47,35,-19.39833511,0.039103131741285324
0.024885516613721848,17.48,15.240812301635742,20376,356605,356706,-0.24535101652145386,10127,0.0005,0.45,35,-19.93929914,0.036941297352313995
0.024847591295838356,17.37,14.936326026916504,20380,356672,356773,0.7980042099952698,10129,0.0005,0.45,35,-19.933968030000003,0.2681637108325958
0.025278184562921524,17.37,15.41666030883789,20384,356747,356848,0.051067933440208435,10131,0.0005,0.45,35,-19.93233413,0.47616201639175415
0.025700543075799942,17.59,16.50836181640625,20388,356836,356937,0.07890302687883377,10133,0.0005,0.47,35,-19.528566550000004,0.025019584223628044
0.025007756426930428,17.74,15.477195739746094,20392,356910,357011,0.023178309202194214,10134,0.0005,0.49,35,-19.01323455,0.0713076964020729
0.024860195815563202,17.85,14.763471603393555,20396,356985,357086,-0.9664996862411499,10136,0.0005,0.49,35,-19.02993288,0.058466747403144836
0.024366356432437897,17.73,17.272571563720703,20400,357054,357155,0.8876420855522156,10138,0.0005,0.49,35,-19.04040966,0.1528737097978592
0.023699840530753136,17.88,14.580479621887207,20404,357137,357238,-0.44504445791244507,10140,0.0005,0.51,35,-18.5877714,0.036557637155056
0.02343250997364521,17.86,14.786284446716309,20408,357206,357307,-0.025386348366737366,10141,0.0005,0.52,35,-18.422931279999997,0.0963670015335083
0.023036345839500427,18.1,14.675660133361816,20412,357297,357398,-0.5513750314712524,10143,0.0005,0.51,35,-18.79601812,0.13845226168632507
0.02311338670551777,18.02,15.532683372497559,20416,357351,357452,-0.8389115929603577,10144,0.0005,0.51,35,-18.75515989,1.4698092937469482
0.022993136197328568,18.02,15.599742889404297,20420,357420,357521,-0.12076989561319351,10146,0.0005,0.5,35,-18.94031939,0.08933785557746887
0.02297067455947399,17.97,14.501981735229492,20424,357492,357593,0.028845906257629395,10147,0.0005,0.52,35,-18.468236280000003,0.07648292928934097
0.02338525652885437,18.09,16.16170310974121,20428,357565,357666,0.24068477749824524,10149,0.0005,0.52,35,-18.45893704,0.13135723769664764
0.02366524189710617,17.92,15.534439086914062,20432,357636,357737,-0.25269344449043274,10151,0.0005,0.5,35,-18.81424244,0.09207914769649506
0.023746810853481293,17.75,15.664305686950684,20436,357694,357795,0.43106135725975037,10152,0.0005,0.5,35,-18.78112791,0.09982722997665405
0.023710105568170547,17.68,15.543734550476074,20440,357747,357848,0.2982271611690521,10154,0.0005,0.51,35,-18.503292589999997,0.06283284723758698
0.024045273661613464,17.58,15.169780731201172,20444,357799,357900,-0.5595723986625671,10155,0.0005,0.51,35,-18.454229,0.0712643712759018
0.024469003081321716,17.55,15.783897399902344,20448,357873,357974,0.7297102212905884,10157,0.0005,0.52,35,-18.17290895,0.11086045205593109
0.025032296776771545,17.56,15.715089797973633,20452,357934,358035,0.008857406675815582,10159,0.0005,0.52,35,-18.17248305,0.052150972187519073
0.025248466059565544,17.46,15.477652549743652,20456,357995,358096,0.09030258655548096,10160,0.0005,0.52,35,-18.143505320000003,0.4217537045478821
0.025527041405439377,17.42,14.828659057617188,20460,358069,358170,-0.07066485285758972,10162,0.0005,0.55,35,-17.417529769999998,0.08626344799995422
0.025937696918845177,17.45,15.181026458740234,20464,358145,358246,-0.03189253807067871,10165,0.0005,0.54,35,-17.695371469999998,0.08500964194536209
0.026080898940563202,17.72,16.227025985717773,20468,358225,358326,0.3261115550994873,10167,0.0005,0.53,35,-17.972224739999998,0.05115217715501785
0.025845712050795555,17.65,15.974385261535645,20472,358297,358398,0.5462479591369629,10169,0.0005,0.53,35,-17.93184276,0.16858035326004028
0.025675909593701363,17.73,15.533224105834961,20476,358378,358479,0.07290437817573547,10171,0.0005,0.54,35,-17.61710424,0.040951721370220184
0.025333741679787636,17.71,16.886398315429688,20480,358443,358544,0.21273213624954224,10173,0.0005,0.56,35,-17.10583944,0.5024893283843994
0.02507028914988041,17.84,17.18906021118164,20484,358531,358632,1.1537971496582031,10175,0.0005,0.56,35,-17.20968538,0.10553659498691559
0.02490122802555561,17.83,16.02003288269043,20488,358619,358720,-0.14390559494495392,10178,0.0005,0.56,35,-17.2197355,0.16846516728401184
0.02466048114001751,17.81,13.899407386779785,20492,358691,358792,-0.15159446001052856,10180,0.0005,0.56,35,-17.26867472,1.5319557189941406
0.024148346856236458,17.84,15.017361640930176,20496,358769,358870,-0.6587122678756714,10182,0.0005,0.54,35,-17.781215460000002,0.041208889335393906
0.0236783679574728,17.88,15.095291137695312,20500,358842,358943,0.7875357270240784,10184,0.0005,0.55,35,-17.51394489,0.041865624487400055
0.02365165948867798,17.94,16.054014205932617,20504,358931,359032,-0.32686910033226013,10187,0.0005,0.53,35,-17.98775806,0.04828382655978203
0.02339181862771511,18.14,15.769373893737793,20508,359020,359121,-0.08637508749961853,10189,0.0005,0.54,35,-17.80113051,0.0310133658349514
0.02338147722184658,17.96,15.749884605407715,20512,359093,359194,-0.27416372299194336,10191,0.0005,0.54,35,-17.684391039999998,0.0591224804520607
0.023149682208895683,18.12,16.12059211730957,20516,359163,359264,-0.4814590811729431,10193,0.0005,0.54,35,-17.76260116,0.09333661198616028
0.022851282730698586,17.97,16.63678550720215,20520,359217,359318,-0.45566046237945557,10195,0.0005,0.55,35,-17.47006048,0.06530158221721649
0.02256968431174755,18.03,16.234981536865234,20524,359295,359396,-0.25645893812179565,10197,0.0005,0.52,35,-18.15457327,0.8176828622817993
0.023058265447616577,18.08,15.224809646606445,20528,359373,359474,0.4931623041629791,10199,0.0005,0.5,35,-18.64700204,0.041269417852163315
0.023410452529788017,18.09,16.563655853271484,20532,359445,359546,0.7545424699783325,10201,0.0005,0.49,35,-18.93377354,0.049775734543800354
0.02362104132771492,18.15,14.259122848510742,20536,359509,359610,-0.9449800252914429,10203,0.0005,0.5,35,-18.66586571,0.12871301174163818
0.02349567599594593,18.34,15.66557788848877,20540,359581,359682,0.12146742641925812,10205,0.0005,0.51,35,-18.52973796,0.16481761634349823
0.023452892899513245,18.59,14.659929275512695,20544,359658,359759,-0.04935377836227417,10207,0.0005,0.51,35,-18.64240556,0.42814019322395325
0.022991424426436424,18.42,15.08446979522705,20548,359715,359816,-0.6528503894805908,10208,0.0005,0.51,35,-18.583912369999997,1.3410487174987793
0.022446271032094955,18.62,14.680551528930664,20552,359796,359897,-0.28042131662368774,10210,0.0005,0.53,35,-18.185343820000003,0.08853758126497269
0.021858610212802887,18.84,16.746726989746094,20556,359879,359980,0.15908366441726685,10213,0.0005,0.53,35,-18.217016299999997,0.11043094098567963
0.021971935406327248,18.77,16.16396713256836,20560,359946,360047,0.6951082348823547,10257,0.0005,0.51,35,-18.72433926,0.622664213180542
0.022098034620285034,18.87,15.83499526977539,20564,360032,360133,0.2574007511138916,10259,0.0005,0.53,35,-18.34701078,0.0683596134185791
0.022125696763396263,18.79,14.77577018737793,20568,360104,360205,-0.21913862228393555,10261,0.0005,0.55,35,-17.886242050000003,0.21106916666030884
0.022536087781190872,18.89,14.974885940551758,20572,360186,360287,0.5968508124351501,10264,0.0005,0.55,35,-17.90207422,1.446424126625061
0.022722633555531502,18.87,15.081698417663574,20576,360265,360366,0.04302215576171875,10266,0.0005,0.54,35,-18.164838610000004,0.0493636354804039
0.022906970232725143,19.05,14.772351264953613,20580,360348,360449,0.014986373484134674,10268,0.0005,0.54,35,-18.23384833,0.0319758802652359
0.02278686687350273,18.69,15.840096473693848,20584,360400,360501,-0.20765039324760437,10269,0.0005,0.52,35,-18.57298045,0.5386373400688171
0.022475900128483772,18.48,15.911259651184082,20588,360467,360568,0.35401880741119385,10271,0.0005,0.54,35,-17.992934920000003,0.049936387687921524
0.022372107952833176,18.3,14.554206848144531,20592,360521,360622,-0.282096266746521,10273,0.0005,0.53,35,-18.1420603,0.0352042019367218
0.022471195086836815,18.13,15.600996017456055,20596,360582,360683,-0.5268236398696899,10275,0.0005,0.53,35,-18.06809457,0.05195813626050949
0.02235233783721924,18.11,15.691431999206543,20600,360653,360754,-0.5246288776397705,10276,0.0005,0.53,35,-18.104454879999995,0.05153176560997963
0.022575287148356438,18.05,15.303707122802734,20604,360736,360837,0.9867161512374878,10279,0.0005,0.55,35,-17.63443527,0.12118353694677353
0.023044124245643616,17.88,14.992209434509277,20608,360808,360909,0.2646878659725189,10281,0.0005,0.54,35,-17.77443783,0.036899909377098083
0.023459335789084435,17.79,15.59669303894043,20612,360872,360973,0.6302521824836731,10282,0.0005,0.53,35,-17.98406173,0.2258763611316681
0.023935973644256592,17.74,16.225830078125,20616,360937,361038,-0.2601904571056366,10284,0.0005,0.51,35,-18.433530280000003,0.17605239152908325
0.023548582568764687,17.85,16.164825439453125,20620,361002,361103,0.34067410230636597,10286,0.0005,0.52,35,-18.237490310000002,0.231401264667511
0.023914897814393044,17.96,17.15064811706543,20624,361091,361192,0.9515424966812134,10289,0.0005,0.54,35,-17.83338607,0.21451346576213837
0.02411789260804653,17.98,16.21295166015625,20628,361171,361272,-0.30168476700782776,10291,0.0005,0.56,35,-17.40178265,0.08708500117063522
0.024181457236409187,17.87,16.006845474243164,20632,361232,361333,0.5692809820175171,10292,0.0005,0.56,35,-17.32424405,0.03380003944039345
0.0244439709931612,17.91,16.6641845703125,20636,361300,361401,0.5004843473434448,10294,0.0005,0.55,35,-17.61580613,0.05380607396364212
0.024527855217456818,17.9,15.179433822631836,20640,361371,361472,0.013813227415084839,10296,0.0005,0.53,35,-18.04602161,0.05045635998249054
0.024143707007169724,17.82,14.620325088500977,20644,361440,361541,-0.46992769837379456,10298,0.0005,0.52,35,-18.22435644,0.04182007908821106
0.024000834673643112,17.89,14.529890060424805,20648,361504,361605,-0.2450537383556366,10300,0.0005,0.52,35,-18.27606206,0.07532255351543427
0.024367809295654297,17.69,15.22203540802002,20652,361565,361666,0.520751953125,10302,0.0005,0.5,35,-18.67749231,0.22268375754356384
0.025115134194493294,17.64,15.313028335571289,20656,361643,361744,0.09794719517230988,10304,0.0005,0.49,35,-18.92837357,0.02437678351998329
0.02545808255672455,17.75,16.2563533782959,20660,361721,361822,0.5355195999145508,10306,0.0005,0.5,35,-18.717985719999998,0.12342852354049683
0.02512197382748127,17.57,15.844722747802734,20664,361789,361890,-0.4451732933521271,10308,0.0005,0.48,35,-19.10360946,0.0508694127202034
0.025153690949082375,17.6,14.87378215789795,20668,361864,361965,-0.39585739374160767,10310,0.0005,0.49,35,-18.887477049999998,0.1344233751296997
0.02500740997493267,17.58,14.084230422973633,20672,361944,362045,-0.4222409129142761,10312,0.0005,0.48,35,-19.08683771,0.03271031007170677
0.024906868115067482,17.42,15.576919555664062,20676,362007,362108,0.3400239944458008,10314,0.0005,0.5,35,-18.552706060000002,0.044784218072891235
0.025201087817549706,17.24,16.289426803588867,20680,362072,362173,0.055768489837646484,10315,0.0005,0.49,35,-18.688738190000002,0.06281156837940216
0.025369396433234215,17.5,15.17282485961914,20684,362150,362251,-0.27707144618034363,10317,0.0005,0.5,35,-18.550269390000004,0.034852221608161926
0.02517409436404705,17.58,14.793142318725586,20688,362225,362326,-0.13467630743980408,10319,0.0005,0.49,35,-18.815321300000004,0.12765158712863922
0.025228111073374748,17.68,14.999096870422363,20692,362289,362390,-0.8038897514343262,10321,0.0005,0.49,35,-18.84519817,0.8189669847488403
0.024933021515607834,17.72,14.982145309448242,20696,362354,362455,0.4173817038536072,10323,0.0005,0.5,35,-18.595876370000003,0.26044028997421265
0.024595709517598152,17.7,15.995977401733398,20700,362423,362524,-0.09713202714920044,10325,0.0005,0.47,35,-19.26582516,0.020902268588542938
0.024776354432106018,17.68,14.593883514404297,20704,362504,362605,-0.1889050304889679,10327,0.0005,0.46,35,-19.46658244,0.08516760915517807
0.024509623646736145,17.5,16.175661087036133,20708,362558,362659,-0.038364797830581665,10329,0.0005,0.45,35,-19.64719057,0.07254466414451599
0.024210548028349876,17.74,15.306918144226074,20712,362646,362747,0.26293468475341797,10331,0.0005,0.44,35,-20.0013421,0.038666509091854095
0.024409284815192223,17.88,15.394418716430664,20716,362725,362826,-0.2131473571062088,10333,0.0005,0.46,35,-19.583940799999997,0.0900035947561264
0.024481968954205513,17.85,15.036516189575195,20720,362787,362888,-0.2888932228088379,10335,0.0005,0.45,35,-19.82961992,0.7432445287704468
0.024398555979132652,17.61,14.818246841430664,20724,362852,362953,-0.6756588220596313,10337,0.0005,0.45,35,-19.71127252,0.05711735785007477
0.024283060804009438,17.45,15.546539306640625,20728,362916,363017,0.6192065477371216,10339,0.0005,0.45,35,-19.627568189999998,0.08673609793186188
0.024496402591466904,17.52,15.699280738830566,20732,362984,363085,0.1679556965827942,10341,0.0005,0.44,35,-19.87253264,0.07901784777641296
0.02491128072142601,17.66,16.846221923828125,20736,363066,363167,0.4465596079826355,10343,0.0005,0.46,35,-19.416862209999998,0.13936090469360352
0.02539927512407303,17.73,15.199987411499023,20740,363144,363245,-0.18553143739700317,10345,0.0005,0.45,35,-19.65011919,0.018434371799230576
0.02512560412287712,17.7,16.564029693603516,20744,363210,363311,0.11133813858032227,10347,0.0005,0.47,35,-19.10883076,0.05193048343062401
0.025153929367661476,17.85,15.760174751281738,20748,363289,363390,0.09070494771003723,10349,0.0005,0.45,35,-19.64821435,0.08805800974369049
0.02496793493628502,18.14,14.612037658691406,20752,363379,363480,0.5735553503036499,10352,0.0005,0.45,35,-19.72448414,0.02459670417010784
0.024756256490945816,17.99,16.010089874267578,20756,363442,363543,0.018987342715263367,10353,0.0005,0.47,35,-19.19111435,0.9649677276611328
0.02435171790421009,17.95,14.438542366027832,20760,363516,363617,-0.2228403389453888,10355,0.0005,0.47,35,-19.10192861,0.11327208578586578
0.023938696831464767,18.01,14.929983139038086,20764,363590,363691,-0.521493673324585,10357,0.0005,0.49,35,-18.588486239999998,0.0320608876645565
0.023766277357935905,18.01,15.608076095581055,20768,363665,363766,-0.578291118144989,10359,0.0005,0.48,35,-18.80482997,0.5127013325691223
0.023573653772473335,17.94,15.753199577331543,20772,363738,363839,-0.6350218653678894,10361,0.0005,0.5,35,-18.375625109999994,0.024240639060735703
0.02352476306259632,18.18,17.0467529296875,20776,363825,363926,0.38639047741889954,10364,0.0005,0.48,35,-18.90523743,0.030910253524780273
0.023248832672834396,18.14,15.918105125427246,20780,363886,363987,0.25925779342651367,10365,0.0005,0.48,35,-18.946025730000002,0.4120328426361084
0.02348177134990692,18.14,16.095619201660156,20784,363964,364065,0.13110122084617615,10368,0.0005,0.47,35,-19.165677180000003,0.07127455621957779
0.023698773235082626,18.13,14.757877349853516,20788,364038,364139,-0.2115265130996704,10370,0.0005,0.47,35,-19.157442969999998,0.06274305284023285
0.024011418223381042,18.15,14.441726684570312,20792,364104,364205,0.5631212592124939,10371,0.0005,0.48,35,-18.89261766,0.03752315789461136
0.02436814457178116,18.19,16.44797134399414,20796,364173,364274,-0.29154711961746216,10373,0.0005,0.47,35,-19.1604722,0.05366954579949379
0.024462763220071793,18.05,16.343645095825195,20800,364228,364329,0.4747759699821472,10375,0.0005,0.49,35,-18.62395994,0.7458750009536743
0.024428270757198334,17.93,15.849647521972656,20804,364297,364398,-0.14520317316055298,10377,0.0005,0.47,35,-19.079087459999997,0.05793781578540802
0.02450168877840042,17.95,15.756965637207031,20808,364353,364454,-0.4653148651123047,10378,0.0005,0.49,35,-18.577752469999997,0.057211410254240036
0.024003546684980392,17.82,15.78794002532959,20812,364428,364529,-0.4460031986236572,10381,0.0005,0.51,35,-18.02393991,0.02765968069434166
0.024234291166067123,17.84,14.030868530273438,20816,364509,364610,-0.5966092348098755,10383,0.0005,0.5,35,-18.22774599,0.03190826624631882
0.024566564708948135,18.08,15.033943176269531,20820,364595,364696,-0.5037620067596436,10385,0.0005,0.48,35,-18.735872200000003,0.025641735643148422
0.024999385699629784,18.21,14.718073844909668,20824,364673,364774,0.5361511707305908,10387,0.0005,0.47,35,-19.036638959999998,0.14588530361652374
0.025534000247716904,18.28,15.530841827392578,20828,364744,364845,-0.26479125022888184,10389,0.0005,0.46,35,-19.29937347,0.2694035768508911
0.025611553341150284,18.41,14.99200439453125,20832,364825,364926,0.4420735239982605,10392,0.0005,0.48,35,-18.909233699999998,0.28947126865386963
0.025382138788700104,18.3,14.209956169128418,20836,364896,364997,0.03372524678707123,10394,0.0005,0.47,35,-19.10124818,0.0425955131649971
0.024651087820529938,18.24,15.326606750488281,20840,364968,365069,0.37004992365837097,10396,0.0005,0.49,35,-18.645667019999998,0.05849231407046318
0.024558203294873238,18.28,16.09227752685547,20844,365038,365139,-0.5273683667182922,10398,0.0005,0.47,35,-19.20777703,0.13310277462005615
0.024442601948976517,18.09,16.261566162109375,20848,365098,365199,0.7771241068840027,10399,0.0005,0.47,35,-19.121452979999997,0.309558629989624
0.024820782244205475,17.89,15.19972038269043,20852,365168,365269,-0.22340071201324463,10401,0.0005,0.48,35,-18.835183649999998,0.04956568032503128
0.025358129292726517,17.89,15.252890586853027,20856,365231,365332,0.7169206738471985,10403,0.0005,0.48,35,-18.837250920000002,0.08274421095848083
0.026401886716485023,17.84,16.400230407714844,20860,365300,365401,-0.32792603969573975,10404,0.0005,0.46,35,-19.3412186,0.08872785419225693
0.025754109025001526,17.81,15.821521759033203,20864,365371,365472,-0.618190586566925,10406,0.0005,0.45,35,-19.59715919,1.4627323150634766
0.02504625916481018,17.65,14.82497501373291,20868,365430,365531,-1.0526511669158936,10408,0.0005,0.42,35,-20.28307236,0.03516234830021858
0.024999141693115234,17.64,15.32858657836914,20872,365502,365603,-0.04261338710784912,10410,0.0005,0.4,35,-20.70454419,0.04888708516955376
0.024810563772916794,17.37,15.152265548706055,20876,365562,365663,-0.4937649965286255,10411,0.0005,0.4,35,-20.66969918,0.6593935489654541
0.02478853240609169,17.63,14.892987251281738,20880,365649,365750,-0.5265381336212158,10413,0.0005,0.4,35,-20.7609957,0.031647805124521255
0.02483873814344406,17.49,15.343229293823242,20884,365713,365814,0.3866836428642273,10415,0.0005,0.42,35,-20.2292921,0.13027027249336243
0.024885155260562897,17.52,15.464067459106445,20888,365790,365891,0.21572253108024597,10417,0.0005,0.41,35,-20.52246007,0.05411330983042717
0.024783091619610786,17.37,15.557804107666016,20892,365841,365942,-0.1799757480621338,10418,0.0005,0.39,35,-21.013297280000007,0.0600396953523159
0.024532834067940712,17.46,14.288265228271484,20896,365919,366020,0.04216749966144562,10420,0.0005,0.4,35,-20.843817380000004,0.08224576711654663
0.024545131251215935,17.42,14.732425689697266,20900,365970,366071,-0.07762905955314636,10421,0.0005,0.39,35,-21.10727927,0.10429385304450989
0.02460593916475773,17.41,15.256753921508789,20904,366038,366139,-0.07034288346767426,10423,0.0005,0.4,35,-20.893241829999997,0.07977018505334854
0.024627309292554855,17.52,15.318487167358398,20908,366105,366206,-0.11043721437454224,10425,0.0005,0.4,35,-20.910717490000007,0.04764118045568466
0.02426258474588394,17.54,15.809930801391602,20912,366182,366283,-0.15560540556907654,10427,0.0005,0.38,35,-21.444556210000002,0.09758870303630829
0.023975670337677002,17.53,15.82439136505127,20916,366262,366363,-0.07117307186126709,10429,0.0005,0.38,35,-21.410713049999995,0.13886424899101257
0.023913830518722534,17.55,14.529745101928711,20920,366350,366451,0.9380239248275757,10431,0.0005,0.41,35,-20.766873540000002,0.07836202532052994
0.023877909407019615,17.4,15.467107772827148,20924,366413,366514,-0.6482278108596802,10433,0.0005,0.42,35,-20.453423819999998,0.10139594972133636
0.023764507845044136,17.37,16.16196060180664,20928,366481,366582,0.250691682100296,10434,0.0005,0.42,35,-20.500477410000002,0.03057292103767395
0.02370384894311428,17.38,14.416434288024902,20932,366563,366664,-0.15059608221054077,10436,0.0005,0.43,35,-20.243321129999998,0.05087903141975403
0.02347911149263382,17.46,15.35336685180664,20936,366642,366743,-0.22637015581130981,10438,0.0005,0.43,35,-20.31294672,0.032881904393434525
0.023188626393675804,17.62,14.04161262512207,20940,366730,366831,-0.5244154930114746,10440,0.0005,0.43,35,-20.37330547,0.26497310400009155
0.022992903366684914,17.74,15.37168025970459,20944,366812,366913,-0.0705530047416687,10442,0.0005,0.44,35,-20.12427097,1.458479404449463
0.022986222058534622,17.83,14.433887481689453,20948,366881,366982,0.6579318642616272,10444,0.0005,0.44,35,-20.15776956,0.5710585117340088
0.0232516098767519,17.95,14.47698974609375,20952,366963,367064,0.20411524176597595,10446,0.0005,0.43,35,-20.388522390000002,0.10073672235012054
0.023632334545254707,18.08,15.993133544921875,20956,367039,367140,-0.6592031121253967,10448,0.0005,0.44,35,-20.196726950000002,0.10440531373023987
0.024179203435778618,18.01,15.64741325378418,20960,367101,367202,0.28858810663223267,10449,0.0005,0.45,35,-19.92177293,0.1140451729297638
0.024700595065951347,17.87,14.471597671508789,20964,367158,367259,-0.06190448999404907,10451,0.0005,0.46,35,-19.607423419999996,0.5429921746253967
0.02541770227253437,17.93,15.506795883178711,20968,367223,367324,0.7822642922401428,10452,0.0005,0.5,35,-18.64865522,0.12072716653347015
0.026014579460024834,18.01,16.049949645996094,20972,367303,367404,0.28532034158706665,10454,0.0005,0.52,35,-18.241865779999998,0.10886136442422867
0.02558070607483387,18.15,14.961238861083984,20976,367377,367478,-0.9487304091453552,10456,0.0005,0.54,35,-17.7592039,0.04540727287530899
0.025248153135180473,18.16,15.35490608215332,20980,367465,367566,-0.369731605052948,10458,0.0005,0.53,35,-17.96680929,0.08803882449865341
0.025122566148638725,18.18,15.440431594848633,20984,367531,367632,0.3280140161514282,10460,0.0005,0.51,35,-18.493826589999998,0.040458887815475464
0.0249136034399271,18.3,16.234771728515625,20988,367620,367721,0.05985088646411896,10462,0.0005,0.52,35,-18.311429359999998,0.05590621381998062
0.0245040375739336,18.43,14.698110580444336,20992,367684,367785,-0.8462014198303223,10464,0.0005,0.53,35,-18.07965318,0.016141707077622414
0.024102969095110893,18.28,15.88500690460205,20996,367747,367848,-0.3810390830039978,10465,0.0005,0.54,35,-17.77008714,0.10887917876243591
0.02413296140730381,18.47,16.371309280395508,21000,367817,367918,0.3672345280647278,10467,0.0005,0.54,35,-17.78916469,0.14950072765350342
0.024284491315484047,18.49,15.075815200805664,21004,367887,367988,-0.05699838697910309,10469,0.0005,0.54,35,-17.73754834,0.06180626526474953
0.02403181605041027,18.62,14.707987785339355,21008,367967,368068,0.44203758239746094,10471,0.0005,0.53,35,-18.096402319999996,0.050107985734939575
0.023967765271663666,18.5,15.845634460449219,21012,368032,368133,-0.612678050994873,10473,0.0005,0.55,35,-17.546316750000003,0.137117400765419
0.023582585155963898,18.31,15.418020248413086,21016,368093,368194,-0.3020879924297333,10474,0.0005,0.56,35,-17.31047779,0.37795400619506836
0.02333815209567547,18.16,15.896674156188965,21020,368166,368267,-0.5083377361297607,10476,0.0005,0.55,35,-17.4730113,0.08573687076568604
0.023141399025917053,18.32,15.618890762329102,21024,368245,368346,0.8441730737686157,10478,0.0005,0.53,35,-18.0001687,0.04599102959036827
0.022878088057041168,18.52,14.372995376586914,21028,368333,368434,0.07637679576873779,10480,0.0005,0.53,35,-18.01953143,0.18910062313079834
0.023208536207675934,18.49,13.98195743560791,21032,368412,368513,0.07411371916532516,10482,0.0005,0.51,35,-18.48789546,0.04831836372613907
0.022876102477312088,18.59,16.346981048583984,21036,368501,368602,0.5859194993972778,10484,0.0005,0.5,35,-18.7238428,0.5693786144256592
0.022538388147950172,18.42,16.371341705322266,21040,368572,368673,0.564755380153656,10486,0.0005,0.51,35,-18.45360848,0.8736352920532227
0.02284281887114048,18.32,14.324387550354004,21044,368644,368745,0.15044420957565308,10488,0.0005,0.51,35,-18.455445330000003,1.7908804416656494
0.022665366530418396,18.37,13.914024353027344,21048,368718,368819,-0.1998554766178131,10490,0.0005,0.53,35,-17.98299636,0.25026899576187134
0.022441251203417778,18.24,16.084579467773438,21052,368787,368888,-0.14413851499557495,10491,0.0005,0.53,35,-18.00274496,0.2004498988389969
0.02229921706020832,18.22,14.944629669189453,21056,368861,368962,0.4965924620628357,10493,0.0005,0.51,35,-18.429873159999996,0.03033616952598095
0.02209923043847084,18.4,14.557129859924316,21060,368941,369042,-0.46654629707336426,10495,0.0005,0.52,35,-18.29874725,0.030836058780550957
0.022200042381882668,18.65,15.411827087402344,21064,369023,369124,0.8159396648406982,10497,0.0005,0.52,35,-18.412442759999998,0.07304385304450989
0.022089580073952675,18.72,14.922709465026855,21068,369095,369196,-0.7797743678092957,10499,0.0005,0.49,35,-19.1302734,0.1447543501853943
0.021876277402043343,18.61,14.881243705749512,21072,369164,369265,-0.14061743021011353,10501,0.0005,0.48,35,-19.373536389999998,0.05359776318073273
0.02272924780845642,18.65,14.329916000366211,21076,369242,369343,0.4902490973472595,10503,0.0005,0.46,35,-19.87962855,0.01722504198551178
0.02300567924976349,18.31,14.274646759033203,21080,369296,369397,-0.16627594828605652,10504,0.0005,0.47,35,-19.522951609999996,0.036281611770391464
0.02368960529565811,18.44,14.589302062988281,21084,369375,369476,-0.05043879151344299,10506,0.0005,0.49,35,-19.10000797,0.04323710501194
0.02378951571881771,18.34,15.987188339233398,21088,369454,369555,0.058195263147354126,10509,0.0005,0.48,35,-19.296689569999998,0.26943132281303406
0.02366642653942108,18.49,15.508000373840332,21092,369533,369634,-0.3323309123516083,10511,0.0005,0.47,35,-19.612921659999998,0.15017755329608917
0.02327815070748329,18.65,16.793418884277344,21096,369612,369713,0.24023090302944183,10513,0.0005,0.47,35,-19.72166423,0.02830822952091694
0.023242780938744545,18.63,14.99792194366455,21100,369680,369781,0.007394377142190933,10514,0.0005,0.47,35,-19.757807070000002,0.0449906662106514
0.02346027083694935,18.6,15.278837203979492,21104,369747,369848,0.04123416915535927,10516,0.0005,0.45,35,-20.222838810000002,0.060693029314279556
0.023457609117031097,18.48,15.747090339660645,21108,369815,369916,-0.5883029103279114,10518,0.0005,0.44,35,-20.422411800000003,0.09705640375614166
0.023416845127940178,18.58,15.388036727905273,21112,369890,369991,0.9438378214836121,10520,0.0005,0.42,35,-20.917414310000005,0.30565375089645386
0.02392163686454296,18.74,16.112199783325195,21116,369967,370068,0.696270763874054,10536,0.0005,0.41,35,-21.192945090000002,0.05546742305159569
0.02428986318409443,18.84,15.170938491821289,21120,370050,370151,0.23813247680664062,10538,0.0005,0.42,35,-20.996577519999995,0.09318174421787262
0.024828588590025902,18.85,15.749184608459473,21124,370130,370231,0.5618450045585632,10540,0.0005,0.44,35,-20.52915706,0.041671354323625565
0.024891147390007973,18.55,15.616689682006836,21128,370188,370289,-0.14331191778182983,10542,0.0005,0.44,35,-20.48442399,0.0676150992512703
0.0244553554803133,18.65,15.255997657775879,21132,370277,370378,0.09126700460910797,10544,0.0005,0.45,35,-20.25833919,0.020680975168943405
0.02383635938167572,18.59,15.455097198486328,21136,370360,370461,-0.9581955075263977,10546,0.0005,0.47,35,-19.763081760000002,0.43125587701797485
0.02402549795806408,18.74,15.300069808959961,21140,370446,370547,0.028385430574417114,10548,0.0005,0.45,35,-20.25556013,0.23083722591400146
0.024443894624710083,18.72,16.12236785888672,21144,370516,370617,0.9074206352233887,10550,0.0005,0.44,35,-20.449229640000002,0.07740875333547592
0.024151455610990524,18.87,15.751367568969727,21148,370605,370706,-0.43453139066696167,10552,0.0005,0.43,35,-20.758135570000004,0.04161708801984787
0.02418651431798935,18.85,15.571614265441895,21152,370672,370773,-0.31967052817344666,10554,0.0005,0.44,35,-20.426253929999998,0.5786819458007812
0.0242296289652586,18.99,16.225605010986328,21156,370760,370861,-0.24292942881584167,10556,0.0005,0.43,35,-20.748123019999998,0.03493812680244446
0.024360274896025658,18.87,16.401470184326172,21160,370828,370929,0.1815624088048935,10558,0.0005,0.42,35,-20.934830429999998,0.11258856952190399
0.02434660866856575,18.77,14.09868335723877,21164,370900,371001,-0.16271522641181946,10560,0.0005,0.41,35,-21.13688339,0.08616089075803757
0.023953523486852646,18.69,16.73624610900879,21168,370964,371065,-0.07020099461078644,10561,0.0005,0.43,35,-20.667588500000008,0.076424241065979
0.023333840072155,18.71,13.664746284484863,21172,371035,371136,-0.8074365854263306,10563,0.0005,0.43,35,-20.615659089999998,0.026365747675299644
0.02290012314915657,18.66,15.503637313842773,21176,371108,371209,0.25451433658599854,10565,0.0005,0.44,35,-20.315904099999997,0.057125724852085114
0.02258136309683323,18.73,13.801197052001953,21180,371169,371270,-0.2805245518684387,10567,0.0005,0.44,35,-20.37312384,0.22472792863845825
0.02241344563663006,18.42,14.992050170898438,21184,371217,371318,-0.643998384475708,10568,0.0005,0.41,35,-20.968001019999996,0.053904175758361816
0.02303903177380562,18.49,15.326316833496094,21188,371303,371404,0.4152737259864807,10570,0.0005,0.4,35,-21.186397040000003,1.0835833549499512
0.023155581206083298,18.42,16.752460479736328,21192,371375,371476,0.3975018858909607,10572,0.0005,0.41,35,-20.91007225,0.06149251013994217
0.023187927901744843,18.41,15.30443000793457,21196,371453,371554,0.1855139434337616,10574,0.0005,0.4,35,-21.114588530000002,0.048326317220926285
0.023005286231637,18.51,16.118431091308594,21200,371531,371632,0.14159944653511047,10577,0.0005,0.41,35,-20.915756349999995,0.43538200855255127
0.02300400659441948,18.7,14.710210800170898,21204,371617,371718,-0.10904395580291748,10579,0.0005,0.43,35,-20.54808797,1.4465935230255127
0.02283213473856449,18.67,14.671133995056152,21208,371682,371783,0.1928616762161255,10581,0.0005,0.45,35,-20.03842056,0.05885874107480049
0.022799761965870857,18.7,15.13856315612793,21212,371760,371861,-0.461775004863739,10583,0.0005,0.44,35,-20.28957756,0.9835191369056702
0.02276221662759781,18.73,14.510698318481445,21216,371840,371941,0.4939810633659363,10585,0.0005,0.44,35,-20.239867370000002,0.041388820856809616
0.023314977064728737,18.61,15.230588912963867,21220,371911,372012,0.7701820135116577,10587,0.0005,0.42,35,-20.640085440000004,0.06492938846349716
0.023927554488182068,18.51,15.717808723449707,21224,371981,372082,-0.2170848548412323,10589,0.0005,0.42,35,-20.642333609999994,0.3497738838195801
0.023597821593284607,18.54,15.965072631835938,21228,372042,372143,-0.40002086758613586,10591,0.0005,0.42,35,-20.608063339999998,0.03971327841281891
0.02384357340633869,18.32,16.318954467773438,21232,372109,372210,0.9694197177886963,10593,0.0005,0.42,35,-20.58724668,0.10248074680566788
0.023994317278265953,18.13,15.843759536743164,21236,372173,372274,-0.21327100694179535,10594,0.0005,0.41,35,-20.727845029999994,0.23038464784622192
0.02355949394404888,18.07,15.725320816040039,21240,372253,372354,-0.3479820787906647,10596,0.0005,0.43,35,-20.28469367,0.038695380091667175
0.023312436416745186,18.15,16.757671356201172,21244,372331,372432,-0.023356325924396515,10598,0.0005,0.45,35,-19.93163538,0.044972434639930725
0.02321728691458702,17.81,15.923820495605469,21248,372386,372487,-0.017084721475839615,10600,0.0005,0.45,35,-19.8067243,0.09184912592172623
0.023136643692851067,17.83,15.434834480285645,21252,372455,372556,-0.2970222532749176,10602,0.0005,0.43,35,-20.35762875,0.038055986166000366
0.02301686815917492,17.58,14.836623191833496,21256,372518,372619,0.24524784088134766,10604,0.0005,0.44,35,-20.00570223,0.0443601980805397
0.02270376682281494,17.71,16.228729248046875,21260,372599,372700,0.32267600297927856,10606,0.0005,0.45,35,-19.78089192,0.15397723019123077
0.022892901673913002,17.77,16.23857307434082,21264,372677,372778,1.0598974227905273,10608,0.0005,0.46,35,-19.620437730000003,0.03423551842570305
0.02304219640791416,17.9,16.945819854736328,21268,372754,372855,0.10271952301263809,10610,0.0005,0.46,35,-19.70594058,0.07424935698509216
0.023431872949004173,17.83,14.657732009887695,21272,372818,372919,0.3646164834499359,10612,0.0005,0.46,35,-19.660251059999997,0.07312710583209991
0.023684004321694374,17.75,15.558778762817383,21276,372883,372984,0.645671010017395,10614,0.0005,0.47,35,-19.435250619999998,0.022491853684186935
0.024087315425276756,17.93,15.75419807434082,21280,372962,373063,0.48261499404907227,10616,0.0005,0.47,35,-19.51256962,0.08266931772232056
0.024132421240210533,17.98,13.79158878326416,21284,373015,373116,-0.4262247085571289,10618,0.0005,0.49,35,-19.010636139999995,0.038420096039772034
0.02418336644768715,17.82,14.234207153320312,21288,373085,373186,-0.156792551279068,10620,0.0005,0.5,35,-18.779104529999998,0.07293595373630524
0.024238040670752525,17.64,15.391624450683594,21292,373139,373240,0.018213868141174316,10621,0.0005,0.5,35,-18.70995022,0.1157989501953125
0.024072404950857162,17.69,16.44167137145996,21296,373222,373323,0.13637292385101318,10623,0.0005,0.51,35,-18.45676925,0.10688354820013046
0.02409837208688259,17.49,15.036239624023438,21300,373280,373381,-0.5989007353782654,10625,0.0005,0.49,35,-18.858330359999997,0.03324088826775551
0.02388768084347248,17.52,16.031375885009766,21304,373369,373470,0.9580503702163696,10627,0.0005,0.49,35,-18.830758499999998,0.18447758257389069
0.023774681612849236,17.69,14.27239990234375,21308,373451,373552,-0.7948611974716187,10629,0.0005,0.49,35,-18.88367889,0.07722035050392151
0.023785846307873726,17.69,16.338878631591797,21312,373529,373630,0.6501435041427612,10632,0.0005,0.5,35,-18.64152143,0.11193138360977173
0.02390003204345703,17.61,15.39532470703125,21316,373601,373702,1.4988982677459717,10634,0.0005,0.52,35,-18.11379693,0.1759970784187317
0.023900488391518593,17.59,16.536151885986328,21320,373670,373771,0.03935300558805466,10636,0.0005,0.53,35,-17.92273788,0.311489999294281
0.02394946478307247,17.6,15.169633865356445,21324,373741,373842,0.019566461443901062,10638,0.0005,0.52,35,-18.13065814,0.04613079875707626
0.023633310571312904,17.71,15.9677095413208,21328,373813,373914,-0.24029341340065002,10640,0.0005,0.54,35,-17.71714158,0.039802707731723785
0.02330426685512066,17.52,14.403831481933594,21332,373861,373962,-0.6270042061805725,10642,0.0005,0.52,35,-18.13166894,0.29529112577438354
0.023078614845871925,17.69,14.58564567565918,21336,373942,374043,-0.2329425811767578,10644,0.0005,0.53,35,-17.99165864,0.07789632678031921
0.022669166326522827,17.67,15.029195785522461,21340,374020,374121,-0.07108557224273682,10646,0.0005,0.51,35,-18.42288759,0.06117584928870201
0.02223915047943592,17.54,15.130887031555176,21344,374085,374186,-0.39030057191848755,10648,0.0005,0.5,35,-18.53319882,0.1974508911371231
0.022083008661866188,17.79,14.864619255065918,21348,374165,374266,-0.5484951734542847,10650,0.0005,0.51,35,-18.402732309999998,0.25052782893180847
0.022350791841745377,17.84,15.648736953735352,21352,374239,374340,0.018718279898166656,10652,0.0005,0.52,35,-18.120303409999998,0.036665212363004684
0.022780414670705795,17.98,15.742227554321289,21356,374316,374417,0.3884906768798828,10654,0.0005,0.52,35,-18.24827923,0.20865373313426971
0.022448990494012833,17.98,15.870969772338867,21360,374397,374498,0.06896394491195679,10656,0.0005,0.53,35,-18.02531057,0.14072011411190033
0.02214844524860382,17.81,14.915206909179688,21364,374458,374559,-0.05589551478624344,10658,0.0005,0.51,35,-18.385728460000003,0.026439376175403595
0.022245194762945175,17.79,15.40761947631836,21368,374533,374634,0.7992333173751831,10660,0.0005,0.51,35,-18.324845370000002,0.9392319321632385
0.02235402725636959,17.9,15.21878433227539,21372,374608,374709,-0.6538370847702026,10662,0.0005,0.5,35,-18.64119295,0.16323691606521606
0.0223966296762228,18.06,15.23979377746582,21376,374689,374790,0.41790226101875305,10664,0.0005,0.49,35,-18.921804790000003,0.06326711177825928
0.02291310578584671,17.95,16.557086944580078,21380,374757,374858,1.5387768745422363,10666,0.0005,0.48,35,-19.101840090000003,0.26570746302604675
0.023367661982774734,18.04,15.807211875915527,21384,374819,374920,-0.3043419122695923,10668,0.0005,0.47,35,-19.430125120000003,0.054072313010692596
0.023489676415920258,18.1,17.384071350097656,21388,374895,374996,0.6642799377441406,10670,0.0005,0.45,35,-19.88943762,0.032282184809446335
0.02375796064734459,18.43,15.418025970458984,21392,374982,375083,-0.3836714029312134,10673,0.0005,0.46,35,-19.81292178,1.2678306102752686
0.024201316758990288,18.37,14.249298095703125,21396,375059,375160,-0.02913525700569153,10675,0.0005,0.45,35,-20.064262369999998,1.886043906211853
0.02420317940413952,18.42,13.725846290588379,21400,375122,375223,0.5018267035484314,10677,0.0005,0.47,35,-19.565286389999997,0.02006765827536583
0.02402581460773945,18.35,15.996700286865234,21404,375204,375305,-0.11325962841510773,10679,0.0005,0.49,35,-19.09960002,0.08811020106077194
0.02388675883412361,18.31,15.14785385131836,21408,375282,375383,0.02360190451145172,10681,0.0005,0.48,35,-19.35951937,0.036873385310173035
0.02387450449168682,18.13,15.560256958007812,21412,375342,375443,-0.27051615715026855,10682,0.0005,0.48,35,-19.30518625,0.04234359413385391
0.02401478961110115,18.13,14.921527862548828,21416,375414,375515,0.20513322949409485,10684,0.0005,0.48,35,-19.37068834,0.02865963615477085
0.024306299164891243,18.05,15.022826194763184,21420,375475,375576,-0.120063416659832,10686,0.0005,0.47,35,-19.54515559,0.10836924612522125
0.024016261100769043,18.05,15.934206008911133,21424,375546,375647,-0.08732347935438156,10688,0.0005,0.48,35,-19.327556790000003,0.06703423708677292
0.023823456838726997,18.12,15.446961402893066,21428,375625,375726,0.01747278869152069,10690,0.0005,0.47,35,-19.59096122,0.17440363764762878
0.023187978193163872,18.36,16.113571166992188,21432,375697,375798,-1.495751142501831,10693,0.0005,0.5,35,-18.90633837,0.03842441365122795
0.0224714744836092,18.35,17.80747413635254,21436,375777,375878,-0.4886903166770935,10695,0.0005,0.49,35,-19.122383099999997,0.04418453574180603
0.022134607657790184,18.17,16.421703338623047,21440,375837,375938,0.6517726182937622,10696,0.0005,0.49,35,-19.04045919,0.08407538384199142
0.021999849006533623,18.31,15.738460540771484,21444,375916,376017,0.5399582386016846,10699,0.0005,0.48,35,-19.3470566,0.06133168935775757
0.022339768707752228,18.15,16.10089874267578,21448,375980,376081,0.48212239146232605,10700,0.0005,0.48,35,-19.27594012,0.32353922724723816
0.022161755710840225,18.14,15.662199020385742,21452,376053,376154,-0.5541567206382751,10702,0.0005,0.49,35,-19.100165160000003,0.034955210983753204
0.021915169432759285,17.89,16.298826217651367,21456,376105,376206,-0.09968245029449463,10703,0.0005,0.49,35,-18.966738739999997,0.05342462658882141
0.021871058270335197,17.68,14.736013412475586,21460,376165,376266,-0.3658974766731262,10705,0.0005,0.48,35,-19.1540861,0.10422058403491974
0.021732253953814507,17.88,15.151129722595215,21464,376246,376347,-0.03352659195661545,10707,0.0005,0.5,35,-18.764324860000002,0.04602525755763054
0.021899240091443062,17.78,15.761316299438477,21468,376311,376412,0.23282413184642792,10709,0.0005,0.5,35,-18.72283027,0.2159671038389206
0.021704668179154396,17.7,15.003555297851562,21472,376378,376479,-0.11496582627296448,10711,0.0005,0.51,35,-18.410332569999998,0.10959403216838837
0.021707993000745773,17.49,16.61979866027832,21476,376438,376539,0.42713797092437744,10712,0.0005,0.5,35,-18.602875080000004,0.07394863665103912
0.021584870293736458,17.63,16.61109733581543,21480,376520,376621,0.29397761821746826,10715,0.0005,0.52,35,-18.17555261,0.055156998336315155
0.02175975777208805,17.81,15.792242050170898,21484,376600,376701,0.07450175285339355,10717,0.0005,0.53,35,-17.92272596,0.3871961236000061
0.021889176219701767,17.68,14.378080368041992,21488,376663,376764,-0.19791455566883087,10718,0.0005,0.55,35,-17.378416400000003,0.02446887642145157
0.022094689309597015,17.45,14.78493881225586,21492,376727,376828,0.22451753914356232,10720,0.0005,0.54,35,-17.477008940000005,0.0606025792658329
0.022301867604255676,17.34,15.90890884399414,21496,376793,376894,0.7677387595176697,10722,0.0005,0.55,35,-17.174464760000003,0.25543588399887085
0.02275552600622177,17.46,15.231937408447266,21500,376868,376969,0.5307506918907166,10723,0.0005,0.56,35,-16.97643036,0.6547213792800903
0.022387143224477768,17.3,15.5921049118042,21504,376934,377035,-1.0858004093170166,10725,0.0005,0.55,35,-17.12657907,0.04913661628961563
0.02229894883930683,17.24,16.46489715576172,21508,377006,377107,0.3721788823604584,10727,0.0005,0.55,35,-17.071779130000003,0.03197357803583145
0.022530589252710342,17.42,15.683192253112793,21512,377084,377185,0.24202238023281097,10729,0.0005,0.57,35,-16.731691490000003,0.11653165519237518
0.023267891258001328,17.27,16.342540740966797,21516,377141,377242,0.13563531637191772,10730,0.0005,0.57,35,-16.66486325,0.09264881908893585
0.023490753024816513,17.4,14.899776458740234,21520,377215,377316,0.7182725667953491,10732,0.0005,0.59,35,-16.23049741,0.1263120174407959
0.023787202313542366,17.41,15.17205810546875,21524,377287,377388,0.27415186166763306,10733,0.0005,0.6,35,-16.01987821,0.1984502375125885
0.024444129317998886,17.4,15.008153915405273,21528,377365,377466,0.0499359667301178,10735,0.0005,0.6,35,-16.02262195,0.025078188627958298
0.02425016276538372,17.28,16.203283309936523,21532,377425,377526,-0.2352531999349594,10737,0.0005,0.58,35,-16.50786346,0.021199237555265427
0.0240775253623724,17.28,16.242328643798828,21536,377505,377606,-0.2898316979408264,10739,0.0005,0.58,35,-16.50915041,0.07228413224220276
0.023479100316762924,17.49,14.241707801818848,21540,377586,377687,-0.3098703920841217,10741,0.0005,0.59,35,-16.33662438,0.2064754068851471
0.022882811725139618,17.49,16.41419219970703,21544,377665,377766,0.3289490342140198,10743,0.0005,0.59,35,-16.35211628,0.08505645394325256
0.022764233872294426,17.39,14.913537979125977,21548,377719,377820,-0.48660823702812195,10745,0.0005,0.58,35,-16.56101526,0.026352256536483765
0.02242731861770153,17.38,15.899079322814941,21552,377791,377892,-0.29095277190208435,10747,0.0005,0.57,35,-16.7665688,1.8137928247451782
0.021791670471429825,17.67,14.554649353027344,21556,377872,377973,-0.4803823232650757,10749,0.0005,0.57,35,-16.866624579999996,0.05022832751274109
0.02130187675356865,17.94,16.203235626220703,21560,377959,378060,-0.38231968879699707,10751,0.0005,0.57,35,-16.96614468,0.06974386423826218
0.02142016775906086,17.68,14.84870719909668,21564,378014,378115,0.4263210892677307,10753,0.0005,0.56,35,-17.084895829999997,0.2603663206100464
0.02224237285554409,17.92,16.886260986328125,21568,378103,378204,-0.15431593358516693,10755,0.0005,0.55,35,-17.43924002,0.24207544326782227
0.022344551980495453,17.96,14.445930480957031,21572,378174,378275,-0.16490626335144043,10757,0.0005,0.54,35,-17.684595939999998,0.02973073720932007
0.022065671160817146,18.07,16.497211456298828,21576,378245,378346,-0.35399529337882996,10759,0.0005,0.56,35,-17.26468365,0.08504100143909454
0.021803535521030426,17.94,15.571500778198242,21580,378314,378415,0.2265160083770752,10761,0.0005,0.57,35,-16.94002039,0.0535309724509716
0.022052792832255363,17.89,16.400320053100586,21584,378389,378490,-0.39768022298812866,10762,0.0005,0.58,35,-16.68236906,0.040975987911224365
0.02244240790605545,18.04,16.043025970458984,21588,378467,378568,0.4678761959075928,10764,0.0005,0.57,35,-17.00064431,0.09855794906616211
0.02237883396446705,18.04,15.006929397583008,21592,378531,378632,-0.022263407707214355,10766,0.0005,0.58,35,-16.791504240000002,0.06893290579319
0.022484460845589638,18.18,14.822137832641602,21596,378611,378712,-0.1972886621952057,10768,0.0005,0.58,35,-16.88541604,0.2732429504394531
0.022499850019812584,18.2,14.99462890625,21600,378688,378789,-0.7047988176345825,10770,0.0005,0.56,35,-17.407652839999997,0.030797604471445084
0.022585343569517136,18.3,14.39459228515625,21604,378764,378865,-0.7800386548042297,10772,0.0005,0.56,35,-17.40975451,0.11781907081604004
0.022985460236668587,18.3,14.703163146972656,21608,378836,378937,-0.2128220498561859,10774,0.0005,0.57,35,-17.169106319999997,0.0566817969083786
0.022988809272646904,18.22,15.508686065673828,21612,378906,379007,-1.1003774404525757,10776,0.0005,0.56,35,-17.327641159999995,0.05232611298561096
0.022876521572470665,18.24,14.927400588989258,21616,378965,379066,0.22649265825748444,10778,0.0005,0.54,35,-17.84271007,0.28449079394340515
0.023140544071793556,18.21,15.992521286010742,21620,379036,379137,0.26898911595344543,10780,0.0005,0.52,35,-18.304231279999996,0.05844395235180855
0.02347310446202755,18.18,15.995782852172852,21624,379105,379206,0.28066739439964294,10781,0.0005,0.49,35,-18.970120819999998,0.09248572587966919
0.02359575219452381,18.14,14.872271537780762,21628,379179,379280,0.9353491067886353,10783,0.0005,0.51,35,-18.455350709999998,0.10340823233127594
0.02363453432917595,18.17,16.551925659179688,21632,379242,379343,-0.2716580033302307,10785,0.0005,0.52,35,-18.208889740000004,0.13804593682289124
0.023746492341160774,18.03,15.31808853149414,21636,379308,379409,-0.40618032217025757,10787,0.0005,0.54,35,-17.6736679,0.14108338952064514
0.023775329813361168,17.92,14.698637962341309,21640,379378,379479,-0.05875604599714279,10789,0.0005,0.55,35,-17.41913579,0.020808018743991852
0.024004943668842316,17.72,16.643230438232422,21644,379437,379538,0.3961787819862366,10790,0.0005,0.57,35,-16.83354469,0.09286247193813324
0.02394929900765419,17.99,13.115050315856934,21648,379518,379619,-0.37561994791030884,10793,0.0005,0.56,35,-17.113340710000003,0.11479094624519348
0.023695027455687523,17.93,15.15868854522705,21652,379584,379685,-0.7158585786819458,10794,0.0005,0.56,35,-17.061229750000003,0.04333188012242317
0.023169444873929024,17.79,15.915607452392578,21656,379651,379752,0.3389263451099396,10796,0.0005,0.58,35,-16.51567187,0.06096998602151871
0.022913213819265366,17.58,14.184981346130371,21660,379717,379818,-0.6243553161621094,10798,0.0005,0.58,35,-16.38003897,1.1156704425811768
0.022858066484332085,17.57,16.0893611907959,21664,379771,379872,0.2771230936050415,10800,0.0005,0.58,35,-16.39263555,2.246708631515503
0.022928506135940552,17.39,14.733123779296875,21668,379842,379943,-0.5290186405181885,10802,0.0005,0.57,35,-16.53483768,0.4671010375022888
0.023023327812552452,17.3,15.465734481811523,21672,379904,380005,0.34690165519714355,10846,0.0005,0.57,35,-16.523296650000002,0.10639198869466782
0.0236344076693058,17.39,15.36445140838623,21676,379984,380085,0.9976101517677307,10848,0.0005,0.57,35,-16.52559087,0.03303556889295578
0.023627974092960358,17.24,14.760708808898926,21680,380038,380139,-0.5300868153572083,10849,0.0005,0.55,35,-16.968933559999996,0.14277613162994385
0.023921705782413483,17.3,14.98951530456543,21684,380119,380220,-0.17298728227615356,10851,0.0005,0.55,35,-17.01338665,0.10040310025215149
0.023776642978191376,17.32,15.271245956420898,21688,380199,380300,0.04606249928474426,10853,0.0005,0.55,35,-16.960820230000003,0.029527323320508003
0.024066735059022903,17.41,15.463384628295898,21692,380272,380373,0.6274147033691406,10855,0.0005,0.55,35,-16.967684730000002,0.37386301159858704
0.02352452464401722,17.33,15.723420143127441,21696,380344,380445,0.2348104566335678,10857,0.0005,0.56,35,-16.66529118,0.07753027975559235
0.02341436594724655,17.45,15.7496976852417,21700,380433,380534,0.6626394987106323,10859,0.0005,0.57,35,-16.449476880000002,2.217421770095825
0.023144351318478584,17.39,15.01449966430664,21704,380503,380604,0.3030710816383362,10861,0.0005,0.54,35,-17.19333217,0.20859313011169434
0.023053504526615143,17.38,14.648852348327637,21708,380574,380675,0.4936794936656952,10863,0.0005,0.53,35,-17.42312841,0.018112201243638992
0.022932589054107666,17.32,16.52011489868164,21712,380638,380739,0.5203542113304138,10865,0.0005,0.53,35,-17.374220270000002,0.17019721865653992
0.022696709260344505,17.36,14.567475318908691,21716,380701,380802,-0.8376368880271912,10866,0.0005,0.54,35,-17.12790839,0.06825920939445496
0.022739434614777565,17.43,14.816375732421875,21720,380779,380880,0.4560197591781616,10868,0.0005,0.53,35,-17.39425366,1.8615350723266602
0.022931385785341263,17.53,14.407051086425781,21724,380858,380959,0.0011699497699737549,10870,0.0005,0.54,35,-17.20856749,0.03775428980588913
0.023149995133280754,17.48,16.121749877929688,21728,380927,381028,0.6369801163673401,10872,0.0005,0.52,35,-17.710364130000002,0.11477690935134888
0.02330351248383522,17.65,15.821889877319336,21732,381007,381108,-0.2638744115829468,10874,0.0005,0.51,35,-17.98773823,0.1914333999156952
0.023212803527712822,17.87,15.361536026000977,21736,381095,381196,0.8098629713058472,10876,0.0005,0.48,35,-18.795560840000004,0.08746252954006195
0.023279661312699318,17.94,15.43896770477295,21740,381172,381273,0.818467378616333,10878,0.0005,0.46,35,-19.29019395,0.05511344596743584
0.023220980539917946,18.03,15.440500259399414,21744,381240,381341,0.24583736062049866,10880,0.0005,0.43,35,-20.062533620000004,0.049972787499427795
0.02288093976676464,18.0,15.318901062011719,21748,381318,381419,-0.40162980556488037,10882,0.0005,0.45,35,-19.679804230000002,0.020898256450891495
0.022943872958421707,18.23,14.910741806030273,21752,381407,381508,-1.1939504146575928,10884,0.0005,0.45,35,-19.79877288,0.08612528443336487
0.022366218268871307,18.2,15.934033393859863,21756,381471,381572,0.9454115629196167,10885,0.0005,0.43,35,-20.279734740000002,0.05195982754230499
0.02207253873348236,18.3,14.378213882446289,21760,381547,381648,0.549767017364502,10887,0.0005,0.44,35,-20.08867477,0.10387945175170898
0.022304430603981018,18.37,15.897380828857422,21764,381608,381709,0.716657817363739,10889,0.0005,0.44,35,-20.13382549,0.5446620583534241
0.02250780165195465,18.31,16.49492645263672,21768,381673,381774,0.005163624882698059,10891,0.0005,0.45,35,-19.877809619999997,0.043556950986385345
0.022786302492022514,18.4,15.713382720947266,21772,381744,381845,-0.086854949593544,10892,0.0005,0.46,35,-19.693718599999997,0.08457513898611069
0.023300794884562492,18.47,15.459820747375488,21776,381831,381932,0.4794730544090271,10895,0.0005,0.45,35,-19.97300549,0.16490960121154785
0.023680010810494423,18.71,15.497278213500977,21780,381909,382010,0.18377825617790222,10897,0.0005,0.44,35,-20.298053839999998,0.20081882178783417
0.023595493286848068,18.72,15.199804306030273,21784,381991,382092,-0.1220109760761261,10899,0.0005,0.43,35,-20.51646596,0.971635103225708
0.023378638550639153,18.73,15.461252212524414,21788,382072,382173,-0.3141704797744751,10901,0.0005,0.44,35,-20.30685152,0.5692059993743896
0.02273661643266678,18.74,15.820115089416504,21792,382146,382247,-0.22224608063697815,10903,0.0005,0.43,35,-20.52260552,0.2405480146408081
0.022656826302409172,18.75,14.997203826904297,21796,382219,382320,0.4833895266056061,10905,0.0005,0.43,35,-20.52680318,0.4093073010444641
0.022640300914645195,18.56,16.867839813232422,21800,382289,382390,0.26109081506729126,10906,0.0005,0.41,35,-20.940598580000007,0.31177669763565063
0.02295598015189171,18.55,14.664396286010742,21804,382358,382459,0.2212923765182495,10908,0.0005,0.41,35,-20.90140422,0.333640992641449
0.02258572168648243,18.72,15.07274341583252,21808,382446,382547,0.560775876045227,10911,0.0005,0.4,35,-21.192016629999994,0.03886951878666878
0.022279653698205948,18.8,14.283140182495117,21812,382518,382619,0.1948920637369156,10912,0.0005,0.41,35,-21.023376919999997,0.030364809557795525
0.021832432597875595,18.82,15.943333625793457,21816,382583,382684,0.37462639808654785,10914,0.0005,0.42,35,-20.808527649999995,0.11107878386974335
0.021444765850901604,18.76,15.026885986328125,21820,382655,382756,-0.14140579104423523,10916,0.0005,0.45,35,-20.113187470000003,0.22259250283241272
0.021933089941740036,18.73,14.81612777709961,21824,382731,382832,0.024426788091659546,10918,0.0005,0.45,35,-20.09415867,0.06083354353904724
0.021905897185206413,18.9,14.827598571777344,21828,382817,382918,-0.5927690863609314,10920,0.0005,0.44,35,-20.319194820000003,0.07164853811264038
0.021907107904553413,18.89,16.64501190185547,21832,382896,382997,0.27025479078292847,10922,0.0005,0.45,35,-20.11247389,0.05289477854967117
0.021755384281277657,18.82,16.477277755737305,21836,382977,383078,-0.6094863414764404,10924,0.0005,0.46,35,-19.831823710000002,0.03993833810091019
0.02114967815577984,18.66,13.980226516723633,21840,383038,383139,0.0789470225572586,10926,0.0005,0.47,35,-19.56407967,0.06598996371030807
0.02112218365073204,18.72,15.032594680786133,21844,383112,383213,0.1125253289937973,10928,0.0005,0.51,35,-18.64036602,0.0364353209733963
0.021261217072606087,18.74,14.610437393188477,21848,383192,383293,0.2001536339521408,10930,0.0005,0.49,35,-19.02264341,0.30698996782302856
0.021779661998152733,18.54,14.985368728637695,21852,383261,383362,0.9864532947540283,10932,0.0005,0.47,35,-19.42420763,0.1431952714920044
0.02241632714867592,18.72,17.001663208007812,21856,383343,383444,0.6208045482635498,10935,0.0005,0.47,35,-19.51476902,1.0940476655960083
0.022734355181455612,18.65,14.84195327758789,21860,383412,383513,-0.6704303026199341,10936,0.0005,0.45,35,-20.00499031,0.45749402046203613
0.02231636829674244,18.84,14.70582103729248,21864,383492,383593,0.1443130522966385,10939,0.0005,0.46,35,-19.83628871,0.0995023101568222
0.022498225793242455,18.98,15.081494331359863,21868,383571,383672,-0.8980360627174377,10941,0.0005,0.45,35,-20.088938489999997,0.04400463029742241
0.022187862545251846,19.09,15.489313125610352,21872,383653,383754,-0.29167690873146057,10943,0.0005,0.45,35,-20.101298739999997,0.14504468441009521
0.02232515439391136,19.03,14.640687942504883,21876,383734,383835,-0.8672418594360352,10945,0.0005,0.46,35,-19.83468418,0.025426939129829407
0.022103747352957726,18.9,14.617979049682617,21880,383799,383900,-1.2344698905944824,10946,0.0005,0.47,35,-19.5322191,0.04965757206082344
0.02180088497698307,18.7,15.858362197875977,21884,383861,383962,0.15804354846477509,10948,0.0005,0.46,35,-19.715755929999997,0.05581028759479523
0.022021962329745293,18.58,15.961446762084961,21888,383930,384031,0.49118271470069885,10950,0.0005,0.45,35,-19.95587099,0.08981190621852875
0.02241378277540207,18.55,15.615005493164062,21892,384001,384102,0.03752052038908005,10952,0.0005,0.45,35,-19.998150180000003,0.05297638475894928
0.022907288745045662,18.46,15.777566909790039,21896,384065,384166,0.6434013247489929,10954,0.0005,0.44,35,-20.196667809999997,0.08181460201740265
0.022931840270757675,18.47,14.887450218200684,21900,384136,384237,-0.4286547601222992,10956,0.0005,0.45,35,-19.930041520000003,0.11312007904052734
0.022927073761820793,18.51,14.811678886413574,21904,384209,384310,0.13247402012348175,10958,0.0005,0.48,35,-19.22843834,0.05009346455335617
0.023049255833029747,18.39,15.160289764404297,21908,384285,384386,0.4262881875038147,10960,0.0005,0.51,35,-18.489394899999997,0.04628249630331993
0.022879118099808693,18.37,14.775308609008789,21912,384355,384456,-0.4177156090736389,10962,0.0005,0.49,35,-18.916410469999995,0.1139446347951889
0.022787459194660187,18.51,15.829427719116211,21916,384434,384535,0.49617481231689453,10964,0.0005,0.48,35,-19.22790115,0.992980420589447
0.023102842271327972,18.48,16.354305267333984,21920,384503,384604,0.11967796087265015,10966,0.0005,0.46,35,-19.67396473,0.03566461801528931
0.023534635081887245,18.33,14.629291534423828,21924,384564,384665,-0.19970765709877014,10967,0.0005,0.46,35,-19.630971520000003,0.050355106592178345
0.023626741021871567,18.22,15.17087173461914,21928,384639,384740,0.3314635753631592,10969,0.0005,0.47,35,-19.32954612,0.09723640233278275
0.023918529972434044,18.16,16.643463134765625,21932,384712,384813,-0.14966167509555817,10971,0.0005,0.48,35,-19.01006515,0.48412972688674927
0.023880107328295708,18.16,15.20903491973877,21936,384793,384894,0.2513958811759949,10973,0.0005,0.47,35,-19.230939399999997,0.06163369119167328
0.02351587824523449,18.24,14.967310905456543,21940,384862,384963,-0.81325763463974,10975,0.0005,0.47,35,-19.248054559999996,0.02035287767648697
0.02331465855240822,18.19,14.932175636291504,21944,384931,385032,-0.44173842668533325,10977,0.0005,0.44,35,-19.96065423,0.028439413756132126
0.022807907313108444,18.08,15.555806159973145,21948,385000,385101,-0.12158141285181046,10979,0.0005,0.44,35,-19.955523709999998,0.061759114265441895
0.0225998368114233,17.98,16.355384826660156,21952,385059,385160,0.05331416428089142,10980,0.0005,0.45,35,-19.70650576,0.052866846323013306
0.02221057377755642,17.86,15.657567024230957,21956,385129,385230,0.28875675797462463,10982,0.0005,0.45,35,-19.66648774,0.25896626710891724
0.022026944905519485,17.98,15.222495079040527,21960,385210,385311,-0.5217335224151611,10985,0.0005,0.47,35,-19.218693920000003,0.023474328219890594
0.02175610512495041,17.82,15.186874389648438,21964,385274,385375,0.1059856116771698,10986,0.0005,0.46,35,-19.34741511,0.12003050744533539
0.02222679927945137,17.68,15.621344566345215,21968,385339,385440,1.3538175821304321,10988,0.0005,0.45,35,-19.61551144,0.3660809397697449
0.022955307736992836,17.49,15.488788604736328,21972,385402,385503,0.41069626808166504,10990,0.0005,0.46,35,-19.33443723,0.27113717794418335
0.02312014065682888,17.31,14.348408699035645,21976,385465,385566,-0.987963080406189,10992,0.0005,0.45,35,-19.48764857,0.5404762029647827
0.022289611399173737,17.55,14.717893600463867,21980,385554,385655,0.09261946380138397,10994,0.0005,0.45,35,-19.596089029999998,0.04676605015993118
0.021902034059166908,17.56,16.0411376953125,21984,385617,385718,-0.08248436450958252,10996,0.0005,0.46,35,-19.38978375,0.18016071617603302
0.02146301604807377,17.67,16.55849266052246,21988,385697,385798,-0.18594492971897125,10998,0.0005,0.47,35,-19.14996652,0.156497985124588
0.02132534794509411,17.64,14.724815368652344,21992,385765,385866,0.587018609046936,11000,0.0005,0.46,35,-19.396604590000003,0.18140114843845367
0.021460499614477158,17.72,14.144495964050293,21996,385837,385938,-0.5443903207778931,11002,0.0005,0.47,35,-19.1960015,0.07320345938205719
0.021485580131411552,17.73,15.012018203735352,22000,385909,386010,-0.28595826029777527,11003,0.0005,0.48,35,-18.992830980000004,0.07242798805236816
0.021426010876893997,17.62,15.03647232055664,22004,385971,386072,0.590370774269104,11005,0.0005,0.46,35,-19.446711000000004,0.043770164251327515
0.02166426181793213,17.66,13.784461975097656,22008,386051,386152,-0.5969040393829346,11007,0.0005,0.44,35,-19.920280720000004,0.042512647807598114
0.021790679544210434,17.65,14.944150924682617,22012,386120,386221,0.15355901420116425,11009,0.0005,0.43,35,-20.196140930000002,0.42425549030303955
0.022231463342905045,17.59,15.00216293334961,22016,386193,386294,0.20868797600269318,11012,0.0005,0.43,35,-20.10673501,0.19708353281021118
0.021990938112139702,17.63,15.593955993652344,22020,386266,386367,0.2803703844547272,11014,0.0005,0.44,35,-19.82911753,0.17587196826934814
0.021770991384983063,17.73,14.95422649383545,22024,386337,386438,-0.38595759868621826,11015,0.0005,0.45,35,-19.62988833,0.06870317459106445
0.021724076941609383,17.55,14.689594268798828,22028,386394,386495,0.17448624968528748,11017,0.0005,0.46,35,-19.34687143,0.17705923318862915
0.021762719377875328,17.52,15.2130765914917,22032,386464,386565,-0.019402146339416504,11019,0.0005,0.45,35,-19.59534438,0.9498870968818665
0.021665124222636223,17.42,14.525720596313477,22036,386535,386636,-0.4989396333694458,11021,0.0005,0.45,35,-19.56756273,0.8438539505004883
0.02174646407365799,17.37,15.82501220703125,22040,386599,386700,-0.1753443479537964,11022,0.0005,0.46,35,-19.29086769,0.060411229729652405
0.021707644686102867,17.49,14.964902877807617,22044,386680,386781,-0.8516433238983154,11025,0.0005,0.47,35,-19.05377121,0.20047220587730408
0.021435901522636414,17.52,14.631750106811523,22048,386752,386853,0.1290011703968048,11026,0.0005,0.49,35,-18.63008293,0.038875870406627655
0.021671302616596222,17.67,14.723495483398438,22052,386826,386927,0.45170289278030396,11028,0.0005,0.5,35,-18.36824566,0.035478826612234116
0.021811241284012794,17.62,15.511678695678711,22056,386891,386992,-0.6036450862884521,11030,0.0005,0.51,35,-18.088821,0.35478323698043823
0.022016283124685287,17.5,16.542278289794922,22060,386960,387061,0.048448339104652405,11032,0.0005,0.49,35,-18.531443409999998,0.06430896371603012
0.02240895852446556,17.57,14.883553504943848,22064,387031,387132,0.4500395357608795,11034,0.0005,0.5,35,-18.376084560000002,0.040981754660606384
0.022817861288785934,17.69,15.148139953613281,22068,387108,387209,-1.1897108554840088,11036,0.0005,0.5,35,-18.378571320000002,0.037730343639850616
0.022906912490725517,17.69,14.734636306762695,22072,387171,387272,0.18099445104599,11038,0.0005,0.49,35,-18.593828339999998,0.047309741377830505
0.02312290109694004,17.84,14.8037691116333,22076,387249,387350,-0.4416639506816864,11040,0.0005,0.49,35,-18.693416749999997,0.09599081426858902
0.022956587374210358,17.59,14.754660606384277,22080,387313,387414,-0.5286040902137756,11041,0.0005,0.49,35,-18.581660730000003,0.04549703001976013
0.022806433960795403,17.51,15.543611526489258,22084,387368,387469,0.42867225408554077,11043,0.0005,0.49,35,-18.53223518,0.05305898189544678
0.022391339763998985,17.52,15.38011646270752,22088,387449,387550,0.4580290913581848,11045,0.0005,0.49,35,-18.528348859999998,0.02595258317887783
0.02235994301736355,17.55,15.92833137512207,22092,387520,387621,0.4922887086868286,11047,0.0005,0.5,35,-18.271398780000002,0.1788603961467743
0.022468067705631256,17.57,15.52854061126709,22096,387594,387695,-0.4198550283908844,11049,0.0005,0.49,35,-18.48503049,0.0347357913851738
0.022317761555314064,17.52,14.668109893798828,22100,387661,387762,-0.8796936869621277,11050,0.0005,0.48,35,-18.744374989999997,0.06770779937505722
0.02193055860698223,17.58,14.178764343261719,22104,387729,387830,-0.03641881048679352,11052,0.0005,0.48,35,-18.79333117,0.13313502073287964
0.021462172269821167,17.56,14.195510864257812,22108,387807,387908,0.32630449533462524,11054,0.0005,0.49,35,-18.621208900000003,0.061897821724414825
0.021547378972172737,17.65,13.713457107543945,22112,387885,387986,-0.4868786334991455,11056,0.0005,0.51,35,-18.182963830000002,1.188783049583435
0.021946391090750694,17.66,15.1244478225708,22116,387959,388060,-0.020238839089870453,11058,0.0005,0.52,35,-17.96856699,0.12373998761177063
0.022055769339203835,17.7,15.122781753540039,22120,388036,388137,-0.5238187909126282,11060,0.0005,0.5,35,-18.48830439,0.028989294543862343
0.022004662081599236,17.86,15.32518196105957,22124,388123,388224,0.06905096769332886,11062,0.0005,0.5,35,-18.5386892,0.04228638857603073
0.02210226096212864,17.97,15.108115196228027,22128,388191,388292,1.1168577671051025,11063,0.0005,0.48,35,-19.11175289,0.17971715331077576
0.02208610065281391,17.9,15.164936065673828,22132,388254,388355,-0.39796391129493713,11065,0.0005,0.48,35,-19.062566020000006,2.212303638458252
0.022147314622998238,17.99,16.8470516204834,22136,388334,388435,-0.16226115822792053,11067,0.0005,0.49,35,-18.87381412,0.041925907135009766
0.022073781117796898,17.92,14.095430374145508,22140,388391,388492,-0.05545961856842041,11069,0.0005,0.46,35,-19.59351971,0.05907130241394043
0.022286731749773026,17.69,14.650803565979004,22144,388449,388550,0.14368468523025513,11070,0.0005,0.45,35,-19.820174400000003,0.47001808881759644
0.022341325879096985,17.6,14.908510208129883,22148,388512,388613,-0.15192261338233948,11072,0.0005,0.45,35,-19.764167529999998,0.8645662665367126
0.022287793457508087,17.49,16.92009925842285,22152,388575,388676,0.17820891737937927,11073,0.0005,0.46,35,-19.545581499999997,0.12805914878845215
0.02230888232588768,17.47,14.932673454284668,22156,388638,388739,0.20560215413570404,11075,0.0005,0.45,35,-19.761559679999994,0.08175060153007507
0.022801019251346588,17.52,15.128782272338867,22160,388712,388813,-0.07538694143295288,11077,0.0005,0.46,35,-19.47012727,0.05107642337679863
0.023086687549948692,17.32,15.277777671813965,22164,388763,388864,-0.2597334384918213,11079,0.0005,0.44,35,-19.85674967,0.3713817596435547
0.02344159036874771,17.27,15.54448127746582,22168,388835,388936,-0.06805482506752014,11081,0.0005,0.46,35,-19.346318800000002,0.12316049635410309
0.023876599967479706,17.43,16.430171966552734,22172,388914,389015,0.9498027563095093,11083,0.0005,0.46,35,-19.41016478,0.05912730097770691
0.02428177371621132,17.45,14.978979110717773,22176,388994,389095,0.3355706036090851,11085,0.0005,0.46,35,-19.370242310000002,0.02533675916492939
0.024282116442918777,17.51,15.441740989685059,22180,389064,389165,-0.23848608136177063,11087,0.0005,0.45,35,-19.625179649999996,0.024585634469985962
0.02351490966975689,17.68,14.157928466796875,22184,389136,389237,-0.10910582542419434,11089,0.0005,0.45,35,-19.683597309999996,0.09193211793899536
0.02256149984896183,17.75,15.351442337036133,22188,389224,389325,0.2824048697948456,11092,0.0005,0.45,35,-19.743402609999997,0.08578464388847351
0.022306090220808983,17.72,15.208247184753418,22192,389292,389393,-1.053572416305542,11094,0.0005,0.43,35,-20.224034160000002,2.0328593254089355
0.0225736815482378,17.76,15.695084571838379,22196,389370,389471,0.3363099694252014,11096,0.0005,0.4,35,-20.953007189999997,1.7481093406677246
0.02236098423600197,17.78,14.077201843261719,22200,389439,389540,0.23689810931682587,11098,0.0005,0.41,35,-20.72169708,0.29293954372406006
0.02213187888264656,17.74,15.886427879333496,22204,389503,389604,0.4692320227622986,11100,0.0005,0.4,35,-20.944673669999997,0.7982447743415833
0.02232043817639351,17.77,16.05661392211914,22208,389584,389685,-0.28148362040519714,11102,0.0005,0.4,35,-20.909516570000005,0.3595270812511444
0.02256290428340435,17.79,15.002655029296875,22212,389664,389765,-0.32247018814086914,11104,0.0005,0.4,35,-20.86685026,0.06775140762329102
0.022545069456100464,17.94,14.84360122680664,22216,389753,389854,-0.38400208950042725,11107,0.0005,0.4,35,-20.981204520000002,0.019808664917945862
0.022474978119134903,18.0,14.666873931884766,22220,389836,389937,-0.08239933848381042,11109,0.0005,0.43,35,-20.305567139999997,0.06608554720878601
0.022714221850037575,17.99,16.41006088256836,22224,389922,390023,0.14428184926509857,11127,0.0005,0.43,35,-20.31579877,0.060719504952430725
0.022866029292345047,18.0,15.773061752319336,22228,389991,390092,0.2710787057876587,11128,0.0005,0.44,35,-20.10599118,0.0657096803188324
0.023138683289289474,17.97,14.537959098815918,22232,390051,390152,0.14982768893241882,11130,0.0005,0.43,35,-20.36127551,0.09686744958162308
0.023118622601032257,17.98,16.258962631225586,22236,390132,390233,0.1585341989994049,11132,0.0005,0.45,35,-19.939487409999998,0.030973149463534355
0.022661807015538216,18.19,15.770074844360352,22240,390210,390311,-0.3673107624053955,11134,0.0005,0.46,35,-19.75902479,0.0329965315759182
0.0225023552775383,18.3,16.618209838867188,22244,390279,390380,-0.49476540088653564,11136,0.0005,0.47,35,-19.565580840000003,0.5105829834938049
0.022550348192453384,18.45,16.49735450744629,22248,390357,390458,0.5184271335601807,11138,0.0005,0.46,35,-19.878803989999998,0.027132119983434677
0.022517768666148186,18.42,15.68260669708252,22252,390417,390518,0.5877171158790588,11140,0.0005,0.45,35,-20.12518608,0.04210113734006882
0.022459305822849274,18.47,15.610503196716309,22256,390485,390586,-0.5519495606422424,11142,0.0005,0.45,35,-20.21023292,1.3779964447021484
0.022467922419309616,18.36,15.235722541809082,22260,390548,390649,-0.9178183674812317,11144,0.0005,0.45,35,-20.20279948,0.06083763763308525
0.021992694586515427,18.55,15.121668815612793,22264,390618,390719,-0.16190770268440247,11146,0.0005,0.45,35,-20.230562289999998,0.029506588354706764
0.021787064149975777,18.49,14.29190731048584,22268,390684,390785,-0.47308528423309326,11148,0.0005,0.46,35,-20.00169127,0.5864708423614502
0.021551815792918205,18.37,14.76573371887207,22272,390751,390852,-0.2686663866043091,11150,0.0005,0.44,35,-20.44616611,0.07413306832313538
0.022025171667337418,18.21,13.996112823486328,22276,390815,390916,0.4103555679321289,11151,0.0005,0.45,35,-20.166212559999998,0.9820171594619751
0.022026145830750465,18.16,15.2640380859375,22280,390880,390981,-0.3399774730205536,11153,0.0005,0.47,35,-19.69982165,0.028321772813796997
0.02196272276341915,18.08,15.137651443481445,22284,390944,391045,-0.2605392634868622,11155,0.0005,0.47,35,-19.650271590000003,0.06239103525876999
0.021976759657263756,17.85,16.178401947021484,22288,391009,391110,0.4351726472377777,11156,0.0005,0.47,35,-19.540721650000002,0.0680166557431221
0.022214440628886223,17.87,16.487197875976562,22292,391079,391180,1.3050475120544434,11158,0.0005,0.47,35,-19.536064549999995,0.09882191568613052
0.022770801559090614,17.83,16.061765670776367,22296,391153,391254,0.8887516856193542,11160,0.0005,0.49,35,-19.01847833,0.05728816241025925
0.023199006915092468,17.78,15.742866516113281,22300,391217,391318,-0.28304213285446167,11162,0.0005,0.5,35,-18.72146676,0.03289042040705681
0.023174842819571495,17.82,15.888468742370605,22304,391285,391386,-0.8871865272521973,11163,0.0005,0.51,35,-18.49838139,0.061153315007686615
0.022817159071564674,17.61,15.820876121520996,22308,391345,391446,-0.178910493850708,11165,0.0005,0.5,35,-18.680635539999997,0.03879716247320175
0.022659925743937492,17.47,16.044597625732422,22312,391411,391512,-0.10116103291511536,11166,0.0005,0.51,35,-18.36833104,0.1064562201499939
0.021818194538354874,17.36,14.281620025634766,22316,391489,391590,0.4688045382499695,11168,0.0005,0.49,35,-18.77425513,0.4110148847103119
0.02142784744501114,17.24,14.29824161529541,22320,391560,391661,0.6860957145690918,11170,0.0005,0.48,35,-18.975127089999997,0.02163270115852356
0.021285340189933777,17.09,15.563241004943848,22324,391631,391732,0.20176255702972412,11172,0.0005,0.48,35,-18.90567724,0.08785311877727509
0.02128397487103939,17.11,14.393264770507812,22328,391702,391803,-0.6094202399253845,11175,0.0005,0.49,35,-18.64839091,0.03924061730504036
0.021312588825821877,17.31,14.992147445678711,22332,391782,391883,-0.5535202026367188,11177,0.0005,0.49,35,-18.66574174,0.3049962520599365
0.021359551697969437,17.2,15.021446228027344,22336,391852,391953,0.3483298718929291,11179,0.0005,0.47,35,-19.07247719,0.03376888111233711
0.021307453513145447,17.17,14.703009605407715,22340,391927,392028,1.1620070934295654,11181,0.0005,0.5,35,-18.343805009999997,0.6265198588371277
0.021293817088007927,17.0,16.33839988708496,22344,391979,392080,0.5292924046516418,11182,0.0005,0.49,35,-18.49223595,0.021206509321928024
0.021448351442813873,17.03,14.905187606811523,22348,392060,392161,1.0114784240722656,11185,0.0005,0.51,35,-18.032923649999997,0.027082812041044235
0.021448928862810135,17.23,15.273323059082031,22352,392140,392241,-0.3292420208454132,11187,0.0005,0.5,35,-18.2806147,0.021856075152754784
0.02156311646103859,17.24,15.550382614135742,22356,392209,392310,0.0803074985742569,11189,0.0005,0.48,35,-18.698481909999998,0.46386873722076416
0.022055037319660187,17.41,16.348526000976562,22360,392289,392390,0.5075410604476929,11191,0.0005,0.49,35,-18.55211598,0.07129597663879395
0.022428639233112335,17.41,15.056852340698242,22364,392359,392460,0.2600327134132385,11192,0.0005,0.5,35,-18.34784846,0.052736371755599976
0.022152716293931007,17.54,15.599971771240234,22368,392438,392539,0.09705054014921188,11195,0.0005,0.48,35,-18.88700818,0.07114725559949875
0.02245897427201271,17.7,14.585591316223145,22372,392521,392622,-0.18045169115066528,11197,0.0005,0.5,35,-18.443964079999997,0.043405093252658844
0.022318867966532707,17.85,15.722762107849121,22376,392600,392701,0.49403977394104004,11199,0.0005,0.5,35,-18.55118356,0.0435565747320652
0.021760789677500725,17.93,14.960016250610352,22380,392673,392774,-0.8056520223617554,11201,0.0005,0.51,35,-18.34610949,0.2685459554195404
0.02142169512808323,17.96,16.052927017211914,22384,392740,392841,-0.7633182406425476,11202,0.0005,0.5,35,-18.64340808,0.05611623823642731
0.021053502336144447,17.91,14.991655349731445,22388,392800,392901,-0.059355854988098145,11204,0.0005,0.5,35,-18.638904699999998,0.07481400668621063
0.021132847294211388,17.83,15.845492362976074,22392,392862,392963,-0.12686537206172943,11206,0.0005,0.52,35,-18.15810312,0.02032916434109211
0.02127854712307453,17.74,14.765755653381348,22396,392927,393028,-0.4120028018951416,11207,0.0005,0.5,35,-18.67442405,0.06952530890703201
0.021286513656377792,17.78,14.9237060546875,22400,392995,393096,0.5224545001983643,11209,0.0005,0.49,35,-18.981007039999998,0.0730951577425003
0.02105483040213585,17.88,14.876638412475586,22404,393073,393174,-0.06428904086351395,11211,0.0005,0.49,35,-18.99577142,0.26867640018463135
0.02149459347128868,18.07,14.621719360351562,22408,393152,393253,-0.9200539588928223,11213,0.0005,0.48,35,-19.275832630000004,0.024828674271702766
0.02169286459684372,18.11,13.592947006225586,22412,393222,393323,0.3455975651741028,11215,0.0005,0.47,35,-19.582558069999997,0.14729395508766174
0.02178932912647724,18.0,15.536763191223145,22416,393289,393390,-0.0008420348167419434,11216,0.0005,0.46,35,-19.76935713,0.03578348830342293
0.02191133052110672,17.95,15.40566635131836,22420,393355,393456,-0.17585256695747375,11218,0.0005,0.46,35,-19.77745311,0.038419026881456375
0.02235533855855465,18.02,15.903365135192871,22424,393433,393534,-0.0005086362361907959,11220,0.0005,0.45,35,-20.046843199999998,0.14614057540893555
0.02258814312517643,18.11,14.295326232910156,22428,393513,393614,-0.06704165041446686,11222,0.0005,0.44,35,-20.27447013,0.12191291153430939
0.022699793800711632,18.11,14.97458553314209,22432,393593,393694,-0.19562989473342896,11224,0.0005,0.45,35,-20.06958822,0.030688423663377762
0.022486191242933273,18.12,14.22557544708252,22436,393664,393765,-0.2305038422346115,11226,0.0005,0.45,35,-20.06414743,0.08282575011253357
0.022407589480280876,18.16,15.534786224365234,22440,393743,393844,-0.2846474051475525,11228,0.0005,0.44,35,-20.339800089999997,0.16850736737251282
0.021906482055783272,18.39,14.304495811462402,22444,393818,393919,-0.18543590605258942,11230,0.0005,0.46,35,-19.896133199999998,0.08321483433246613
0.02152249403297901,18.24,16.05502700805664,22448,393884,393985,0.4804518520832062,11232,0.0005,0.45,35,-20.001494800000003,0.07206118106842041
0.021445181220769882,18.06,15.27983570098877,22452,393946,394047,0.032169364392757416,11234,0.0005,0.46,35,-19.717651680000003,0.09825076162815094
0.02106582745909691,18.11,15.889421463012695,22456,394020,394121,-0.6345200538635254,11235,0.0005,0.49,35,-19.005606040000004,0.14490720629692078
0.020740492269396782,18.11,14.700511932373047,22460,394100,394201,-0.26765114068984985,11238,0.0005,0.49,35,-18.998683709999998,0.11002235859632492
0.02058078721165657,18.09,15.802038192749023,22464,394168,394269,0.6268556714057922,11239,0.0005,0.49,35,-19.039687099999995,0.031155508011579514
0.020780108869075775,18.09,15.060042381286621,22468,394247,394348,0.3348620533943176,11241,0.0005,0.49,35,-19.01993664,0.11743564903736115
0.021200187504291534,17.93,14.969608306884766,22472,394314,394415,-0.5952786207199097,11243,0.0005,0.48,35,-19.248660740000002,0.02774495631456375
0.021432070061564445,17.95,15.869178771972656,22476,394395,394496,0.3154597878456116,11244,0.0005,0.48,35,-19.19842793,0.14983630180358887
0.021387599408626556,18.04,15.399628639221191,22480,394477,394578,0.609492301940918,11246,0.0005,0.45,35,-19.872683199999997,0.4492851793766022
0.02195710875093937,18.11,15.727340698242188,22484,394551,394652,0.3265319764614105,11248,0.0005,0.48,35,-19.15711123,0.11119197309017181
0.02260572835803032,18.32,15.599315643310547,22488,394632,394733,1.0871423482894897,11250,0.0005,0.49,35,-19.005924229999994,0.12187609821557999
0.022928740829229355,18.38,14.593729972839355,22492,394700,394801,0.01857595145702362,11252,0.0005,0.49,35,-19.048526719999998,0.06374229490756989
0.022628914564847946,18.5,15.310554504394531,22496,394777,394878,0.15484288334846497,11254,0.0005,0.51,35,-18.615557389999996,1.6807200908660889
0.022418763488531113,18.54,15.531241416931152,22500,394849,394950,0.32837778329849243,11256,0.0005,0.52,35,-18.369465299999998,0.0720905214548111
0.022724129259586334,18.25,15.813285827636719,22504,394898,394999,-0.1756906658411026,11257,0.0005,0.51,35,-18.52588182,0.11635220050811768
0.02231009490787983,18.34,15.71445369720459,22508,394986,395087,0.16025584936141968,11259,0.0005,0.53,35,-18.109837,0.08364074677228928
0.022092144936323166,18.34,15.385313034057617,22512,395056,395157,-0.5204178690910339,11261,0.0005,0.53,35,-18.112237069999995,0.028173401951789856
0.022015463560819626,18.27,15.16427230834961,22516,395116,395217,0.4926151931285858,11262,0.0005,0.55,35,-17.618119640000003,0.13514119386672974
0.02206128090620041,18.34,16.128131866455078,22520,395189,395290,-0.45578739047050476,11264,0.0005,0.56,35,-17.346393459999998,0.1916125863790512
0.021959204226732254,18.2,14.794675827026367,22524,395253,395354,-0.184170663356781,11266,0.0005,0.58,35,-16.81234047,0.051374662667512894
0.022111963480710983,18.05,16.626602172851562,22528,395318,395419,0.19956010580062866,11268,0.0005,0.59,35,-16.530316579999997,0.02095651999115944
0.02234998717904091,18.03,15.403388977050781,22532,395396,395497,-0.3736058175563812,11270,0.0005,0.59,35,-16.57423775,0.10966764390468597
0.022481802850961685,18.11,14.81711196899414,22536,395475,395576,0.22696509957313538,11272,0.0005,0.59,35,-16.636697090000002,0.048304613679647446
0.02245887741446495,18.0,14.763700485229492,22540,395543,395644,-0.2364630103111267,11274,0.0005,0.57,35,-17.074306829999998,0.025255925953388214
0.022318538278341293,17.95,15.462039947509766,22544,395613,395714,0.2998698055744171,11276,0.0005,0.56,35,-17.322762239999996,0.10151451826095581
0.022448400035500526,18.04,15.863666534423828,22548,395688,395789,0.3840382397174835,11278,0.0005,0.57,35,-17.167888169999998,0.026932086795568466
0.02249850519001484,18.16,15.963724136352539,22552,395762,395863,0.5560834407806396,11281,0.0005,0.58,35,-16.968252539999998,0.03446894884109497
0.02272973209619522,17.95,15.172353744506836,22556,395815,395916,-0.666470468044281,11282,0.0005,0.57,35,-17.15877685,0.12084262073040009
0.02232973650097847,18.02,15.230239868164062,22560,395902,396003,0.5662224888801575,11285,0.0005,0.56,35,-17.43802787,0.1147531121969223
0.022396810352802277,17.93,14.411736488342285,22564,395961,396062,0.9725815057754517,11286,0.0005,0.55,35,-17.63457159,0.27995765209198
0.022712592035531998,17.85,15.146750450134277,22568,396032,396133,0.17046986520290375,11288,0.0005,0.56,35,-17.37077225,0.11773042380809784
0.022744515910744667,17.86,15.6353759765625,22572,396100,396201,-0.22127342224121094,11290,0.0005,0.57,35,-17.169052139999998,0.08584339171648026
0.022488968446850777,17.79,12.958321571350098,22576,396174,396275,-0.9409184455871582,11292,0.0005,0.57,35,-17.125413780000002,0.041273333132267
0.022457607090473175,17.6,13.899103164672852,22580,396237,396338,-0.3653924763202667,11293,0.0005,0.59,35,-16.650613600000003,0.17912349104881287
0.02265596203505993,17.75,15.423506736755371,22584,396326,396427,0.02486918866634369,11296,0.0005,0.58,35,-16.97059295,0.07185045629739761
0.022766737267374992,17.47,15.235479354858398,22588,396379,396480,0.4819889962673187,11297,0.0005,0.57,35,-17.09877903,0.10782700777053833
0.023218825459480286,17.5,15.69287109375,22592,396450,396551,0.09876090288162231,11299,0.0005,0.58,35,-16.851628679999997,0.03183848038315773
0.02385282889008522,17.35,16.078889846801758,22596,396512,396613,0.07011417299509048,11301,0.0005,0.58,35,-16.78339742,0.36603668332099915
0.02393939346075058,17.49,15.840719223022461,22600,396598,396699,0.05745799094438553,11303,0.0005,0.57,35,-17.062297589999996,0.3225747346878052
0.02387350983917713,17.57,16.12879180908203,22604,396655,396756,-0.8844631910324097,11305,0.0005,0.6,35,-16.324743079999998,0.027737222611904144
0.02329174242913723,17.49,14.74570083618164,22608,396735,396836,-0.4925203025341034,11307,0.0005,0.59,35,-16.47709499,0.02638855203986168
0.022767508402466774,17.46,16.02627182006836,22612,396802,396903,-0.27248719334602356,11309,0.0005,0.61,35,-15.95844297,0.06605372577905655
0.022349972277879715,17.44,14.257593154907227,22616,396860,396961,-1.0054658651351929,11310,0.0005,0.6,35,-16.238111760000002,0.06626792252063751
0.022084319964051247,17.41,14.643852233886719,22620,396930,397031,-0.7663494348526001,11312,0.0005,0.58,35,-16.711591480000003,0.04124734550714493
0.02176683396100998,17.49,14.320611953735352,22624,397002,397103,-0.2543031573295593,11314,0.0005,0.58,35,-16.77268944,0.0344325453042984
0.021081866696476936,17.53,15.442596435546875,22628,397071,397172,0.29409798979759216,11316,0.0005,0.56,35,-17.26519345,0.06601466238498688
0.020809022709727287,17.46,16.272075653076172,22632,397142,397243,0.6115681529045105,11318,0.0005,0.56,35,-17.21497151,1.8250675201416016
0.020968835800886154,17.46,16.015033721923828,22636,397221,397322,1.1776361465454102,11321,0.0005,0.56,35,-17.175056590000004,0.04559668153524399
0.02141587808728218,17.59,14.722357749938965,22640,397302,397403,0.4280981719493866,11323,0.0005,0.59,35,-16.510663420000004,0.05436225235462189
0.021743711084127426,17.7,14.210550308227539,22644,397383,397484,0.47328418493270874,11325,0.0005,0.58,35,-16.739749500000002,0.2126842737197876
0.022141633555293083,17.74,14.451719284057617,22648,397462,397563,0.4318867027759552,11327,0.0005,0.55,35,-17.46310541,0.1731579303741455
0.022216573357582092,17.61,14.629863739013672,22652,397523,397624,-0.5873649716377258,11329,0.0005,0.54,35,-17.70509905,0.019167741760611534
0.022453658282756805,17.78,14.061718940734863,22656,397593,397694,-0.2135397344827652,11331,0.0005,0.54,35,-17.7628716,0.03811795264482498
0.02293926477432251,17.78,16.955402374267578,22660,397680,397781,0.015602201223373413,11333,0.0005,0.53,35,-17.9457712,0.023238424211740494
0.0231563001871109,17.79,15.520036697387695,22664,397740,397841,-0.24674096703529358,11335,0.0005,0.56,35,-17.140363629999996,0.06336051225662231
0.02322433516383171,17.66,16.023563385009766,22668,397798,397899,0.8422309756278992,11336,0.0005,0.54,35,-17.59557096,0.06972615420818329
0.023692598566412926,17.61,15.650856018066406,22672,397861,397962,1.2424993515014648,11338,0.0005,0.55,35,-17.28614611,0.1557418555021286
0.02367379516363144,17.65,15.584375381469727,22676,397939,398040,-0.16874708235263824,11340,0.0005,0.55,35,-17.369701380000002,0.07669012248516083
0.02343958429992199,17.63,16.0039005279541,22680,398000,398101,0.31583401560783386,11342,0.0005,0.53,35,-17.830437709999998,0.0397191196680069
0.022641612216830254,17.48,14.418780326843262,22684,398074,398175,-0.1237981766462326,11344,0.0005,0.53,35,-17.73088602,0.10302722454071045
0.021806567907333374,17.68,15.910419464111328,22688,398147,398248,0.40638628602027893,11345,0.0005,0.54,35,-17.59278998,0.17813247442245483
0.02159976214170456,17.57,16.203250885009766,22692,398207,398308,0.16250616312026978,11347,0.0005,0.52,35,-18.00882364,0.03100404143333435
0.021312426775693893,17.65,15.347248077392578,22696,398277,398378,-0.438553124666214,11349,0.0005,0.54,35,-17.520977289999998,0.08242828398942947
0.020934972912073135,17.47,12.596136093139648,22700,398345,398446,-0.16519083082675934,11351,0.0005,0.53,35,-17.709394460000002,0.1298847198486328
0.020356353372335434,17.64,15.462081909179688,22704,398419,398520,-0.2869139611721039,11352,0.0005,0.52,35,-17.97642272,0.046221256256103516
0.020433614030480385,17.48,15.834871292114258,22708,398483,398584,-0.2973494529724121,11354,0.0005,0.5,35,-18.433423859999998,0.05033827945590019
0.020518455654382706,17.41,14.882440567016602,22712,398543,398644,0.9329546093940735,11355,0.0005,0.47,35,-19.145184649999997,0.5785314440727234
0.020851176232099533,17.5,14.091448783874512,22716,398610,398711,-0.4403718411922455,11357,0.0005,0.47,35,-19.14768031,0.06144445389509201
0.02077641710639,17.4,14.43171501159668,22720,398670,398771,-0.162148118019104,11359,0.0005,0.5,35,-18.366394810000003,0.11812730133533478
0.02068529650568962,17.29,15.039989471435547,22724,398731,398832,0.8503220081329346,11360,0.0005,0.49,35,-18.55359486,0.34167036414146423
0.021046409383416176,17.27,14.895413398742676,22728,398798,398899,-0.010740503668785095,11362,0.0005,0.48,35,-18.78118178,0.04166244715452194
0.021259699016809464,17.37,14.678009033203125,22732,398879,398980,-0.33204931020736694,11364,0.0005,0.48,35,-18.768133569999996,0.017262987792491913
0.0213845856487751,17.46,17.008163452148438,22736,398967,399068,0.43557101488113403,11367,0.0005,0.48,35,-18.8128177,0.17573559284210205
0.02156132087111473,17.45,16.370521545410156,22740,399047,399148,0.32293999195098877,11369,0.0005,0.46,35,-19.222374870000003,0.5211025476455688
0.021420080214738846,17.42,16.177574157714844,22744,399125,399226,0.8456064462661743,11371,0.0005,0.47,35,-19.048767580000003,0.19056163728237152
0.02136053517460823,17.45,15.052297592163086,22748,399207,399308,0.09066799283027649,11373,0.0005,0.49,35,-18.586045360000004,0.042071789503097534
0.0215827077627182,17.55,13.862174034118652,22752,399278,399379,-0.8930981159210205,11375,0.0005,0.5,35,-18.380288,0.10617492347955704
0.021956821903586388,17.51,14.283953666687012,22756,399344,399445,0.2931813895702362,11377,0.0005,0.51,35,-18.08551413,0.09495814889669418
0.02210180275142193,17.46,15.524849891662598,22760,399426,399527,0.6327892541885376,11379,0.0005,0.53,35,-17.634507490000004,0.6639962196350098
0.022086672484874725,17.67,15.432107925415039,22764,399507,399608,-0.35191625356674194,11381,0.0005,0.51,35,-18.212553640000003,0.025721948593854904
0.021878156810998917,17.6,14.836206436157227,22768,399558,399659,1.0845422744750977,11382,0.0005,0.52,35,-17.953245749999997,0.19563740491867065
0.022056173533201218,17.8,15.446578979492188,22772,399641,399742,0.15250909328460693,11385,0.0005,0.51,35,-18.28193316,0.07072502374649048
0.021919475868344307,17.75,17.22492218017578,22776,399714,399815,0.3864424526691437,11387,0.0005,0.5,35,-18.405719249999997,0.027869900688529015
0.022113652899861336,17.81,17.122509002685547,22780,399781,399882,0.04185521602630615,11388,0.0005,0.5,35,-18.45721381,0.030363084748387337
0.022042501717805862,17.77,16.23546028137207,22784,399851,399952,-0.1431674063205719,11390,0.0005,0.48,35,-18.94717833,0.07194449007511139
0.02215278148651123,17.74,15.322049140930176,22788,399921,400022,0.5435321927070618,11409,0.0005,0.46,35,-19.40593419,0.04966448247432709
0.022020108997821808,17.85,15.363133430480957,22792,399992,400093,-0.08385354280471802,11411,0.0005,0.47,35,-19.20147184,1.1994235515594482
0.022084631025791168,17.86,14.23834228515625,22796,400063,400164,0.03826659917831421,11413,0.0005,0.45,35,-19.71157647,0.031957898288965225
0.021907584741711617,18.0,14.427608489990234,22800,400145,400246,0.0462275892496109,11415,0.0005,0.48,35,-19.04548707,0.03660985827445984
0.02214314416050911,18.03,15.286579132080078,22804,400222,400323,0.5071755051612854,11417,0.0005,0.47,35,-19.3526657,0.024392247200012207
0.02226964756846428,18.16,14.121001243591309,22808,400299,400400,-0.07989174127578735,11419,0.0005,0.5,35,-18.72106234,0.044580962508916855
0.022219927981495857,18.26,16.132850646972656,22812,400369,400470,-0.04877813160419464,11421,0.0005,0.51,35,-18.527815039999997,0.03029213659465313
0.022712131962180138,18.33,16.276275634765625,22816,400443,400544,-0.28949928283691406,11423,0.0005,0.53,35,-18.028232600000003,0.11009121686220169
0.022826218977570534,18.33,15.106618881225586,22820,400503,400604,-0.06851635128259659,11425,0.0005,0.5,35,-18.79883696,0.927109956741333
0.02276267670094967,18.33,15.641040802001953,22824,400564,400665,0.15868064761161804,11426,0.0005,0.49,35,-19.00961565,0.03619864955544472
0.02290666103363037,18.27,14.756275177001953,22828,400625,400726,-0.8205855488777161,11428,0.0005,0.5,35,-18.761018319999998,1.0361616611480713
0.02332734316587448,18.16,14.898189544677734,22832,400695,400796,-0.36959001421928406,11430,0.0005,0.51,35,-18.552912420000002,0.2857334613800049
0.02304738201200962,17.87,14.067712783813477,22836,400754,400855,-0.4142336845397949,11432,0.0005,0.5,35,-18.73387465,0.07319903373718262
0.022535104304552078,17.8,15.715530395507812,22840,400827,400928,-0.1364337056875229,11434,0.0005,0.49,35,-19.02566403,0.02839316800236702
0.022255748510360718,17.82,14.496956825256348,22844,400907,401008,0.2642124891281128,11436,0.0005,0.48,35,-19.316812390000003,0.08733871579170227
0.022052530199289322,17.79,15.904624938964844,22848,400986,401087,0.19224417209625244,11438,0.0005,0.46,35,-19.77734264,0.0170518197119236
0.022141538560390472,17.82,14.362785339355469,22852,401060,401161,-0.7045700550079346,11440,0.0005,0.46,35,-19.73713981,0.08551638573408127
0.0220382958650589,17.96,15.208908081054688,22856,401140,401241,-0.2847825884819031,11442,0.0005,0.45,35,-20.04884504,0.05368119850754738
0.021811697632074356,18.01,14.704998970031738,22860,401227,401328,-0.6994456648826599,11445,0.0005,0.45,35,-20.100634010000004,0.047519389539957047
0.021665826439857483,18.0,14.426843643188477,22864,401307,401408,-1.310187578201294,11447,0.0005,0.46,35,-19.887044919999997,0.04710819572210312
0.021588025614619255,18.16,14.39102554321289,22868,401374,401475,-0.4215881824493408,11448,0.0005,0.48,35,-19.39331461,0.04651280492544174
0.021504869684576988,18.13,13.884513854980469,22872,401454,401555,-0.6026325225830078,11451,0.0005,0.49,35,-19.13403486,0.03304016962647438
0.021239513531327248,18.17,15.656116485595703,22876,401531,401632,0.24895387887954712,11453,0.0005,0.48,35,-19.446878350000002,0.4661977291107178
0.020782863721251488,18.15,16.300846099853516,22880,401596,401697,0.09500020742416382,11454,0.0005,0.49,35,-19.14187434,0.4354531168937683
0.0208436269313097,18.19,15.450979232788086,22884,401670,401771,0.5801158547401428,11457,0.0005,0.51,35,-18.6437682,0.06091664358973503
0.021363181993365288,18.22,15.908075332641602,22888,401743,401844,0.17911136150360107,11459,0.0005,0.53,35,-18.1476355,1.90815007686615
0.021647745743393898,18.18,13.882171630859375,22892,401810,401911,-0.16634371876716614,11460,0.0005,0.52,35,-18.367954790000002,0.01884930208325386
0.021395061165094376,18.21,14.707725524902344,22896,401884,401985,-0.6889169216156006,11462,0.0005,0.53,35,-18.110296320000003,0.25779783725738525
0.02092270739376545,18.12,15.138165473937988,22900,401957,402058,-0.4685099124908447,11464,0.0005,0.52,35,-18.25696114,0.11286204308271408
0.02094981260597706,18.04,15.314047813415527,22904,402026,402127,0.47034165263175964,11466,0.0005,0.52,35,-18.26323477,0.07641161978244781
0.02146448940038681,18.09,14.731194496154785,22908,402108,402209,0.20485489070415497,11469,0.0005,0.53,35,-18.02663539,0.046725764870643616
0.02143988385796547,18.17,15.129003524780273,22912,402186,402287,-0.8096052408218384,11471,0.0005,0.52,35,-18.29696609,0.14763334393501282
0.021494325250387192,18.13,14.866991996765137,22916,402256,402357,-0.10239771008491516,11473,0.0005,0.5,35,-18.761582920000002,0.9219484329223633
0.02141794003546238,18.27,15.007707595825195,22920,402330,402431,0.5445660352706909,11474,0.0005,0.51,35,-18.55809623,0.08204346895217896
0.02175229787826538,18.3,15.009193420410156,22924,402394,402495,-0.3075041174888611,11476,0.0005,0.53,35,-18.09724436,0.07849729061126709
0.02190021052956581,18.36,15.611573219299316,22928,402461,402562,0.6530351638793945,11478,0.0005,0.53,35,-18.159000860000003,0.027204133570194244
0.022081023082137108,18.38,14.80296516418457,22932,402533,402634,-0.3533751368522644,11480,0.0005,0.52,35,-18.378011419999996,0.03454018756747246
0.022082297131419182,18.47,14.983125686645508,22936,402601,402702,-0.2785009741783142,11482,0.0005,0.53,35,-18.17432669,0.02014205977320671
0.0220630019903183,18.48,15.944560050964355,22940,402675,402776,0.5669701099395752,11484,0.0005,0.55,35,-17.632519950000002,0.26897209882736206
0.021942654624581337,18.42,15.206762313842773,22944,402749,402850,-0.134062260389328,11486,0.0005,0.56,35,-17.24105414,0.03920913115143776
0.02177996002137661,18.17,14.544602394104004,22948,402803,402904,-0.10282851755619049,11488,0.0005,0.57,35,-16.91371213,0.08793982863426208
0.021727610379457474,18.07,15.448599815368652,22952,402867,402968,-1.1101452112197876,11490,0.0005,0.57,35,-16.90118416,0.07257489860057831
0.02190365642309189,17.89,15.524263381958008,22956,402929,403030,-0.03664751350879669,11492,0.0005,0.57,35,-16.87190402,0.06484224647283554
0.02268085442483425,17.79,13.907930374145508,22960,403006,403107,-0.18255078792572021,11494,0.0005,0.55,35,-17.276990729999998,0.5061404705047607
0.022953277453780174,17.71,15.6453857421875,22964,403078,403179,-0.34505975246429443,11496,0.0005,0.54,35,-17.48416828,0.3353100121021271
0.023295963183045387,17.71,15.995259284973145,22968,403145,403246,0.18864977359771729,11498,0.0005,0.55,35,-17.273582530000002,0.20498844981193542
0.02334774099290371,17.68,14.394554138183594,22972,403222,403323,-0.008234903216362,11500,0.0005,0.53,35,-17.726709570000004,0.03733380511403084
0.023233290761709213,17.7,15.532960891723633,22976,403301,403402,0.009969890117645264,11502,0.0005,0.54,35,-17.48592296,0.474570095539093
0.022713448852300644,17.69,15.818886756896973,22980,403365,403466,-0.24527880549430847,11504,0.0005,0.54,35,-17.486922,0.11985081434249878
0.02252291701734066,17.68,15.313237190246582,22984,403438,403539,-0.4914857745170593,11506,0.0005,0.55,35,-17.27772768,1.0605497360229492
0.022533854469656944,17.56,15.480274200439453,22988,403499,403600,-0.7689254283905029,11508,0.0005,0.53,35,-17.72377495,0.06436478346586227
0.021970253437757492,17.69,15.949667930603027,22992,403579,403680,0.43489348888397217,11510,0.0005,0.54,35,-17.5550108,0.05848145857453346
0.02193661779165268,17.76,14.341653823852539,22996,403660,403761,-0.07322336733341217,11512,0.0005,0.53,35,-17.81840476,0.13674473762512207
0.022086072713136673,17.64,16.811424255371094,23000,403721,403822,-0.006990097463130951,11514,0.0005,0.51,35,-18.27142173,0.06822628527879715
0.022177934646606445,17.64,17.11244773864746,23004,403790,403891,0.8825237154960632,11516,0.0005,0.51,35,-18.240355450000003,0.04916105419397354
0.021741053089499474,17.4,15.363227844238281,23008,403848,403949,-0.5683688521385193,11518,0.0005,0.51,35,-18.07872605,0.3856150507926941
0.021514074876904488,17.44,14.823310852050781,23012,403930,404031,0.18313568830490112,11520,0.0005,0.52,35,-17.82317682,0.21386782824993134
0.021752484142780304,17.53,16.077131271362305,23016,404009,404110,-0.43742555379867554,11522,0.0005,0.52,35,-17.822859190000003,0.024473868310451508
0.021950196474790573,17.39,14.631092071533203,23020,404069,404170,-0.1387772113084793,11524,0.0005,0.51,35,-18.01523684,1.7285292148590088
0.021852001547813416,17.42,16.027196884155273,23024,404136,404237,-0.6569139361381531,11526,0.0005,0.49,35,-18.535437169999998,0.4993283450603485
0.021511664614081383,17.52,14.101154327392578,23028,404213,404314,0.22254887223243713,11528,0.0005,0.49,35,-18.54169941,0.09410296380519867
0.02118845470249653,17.66,14.59007453918457,23032,404299,404400,-0.8409532904624939,11530,0.0005,0.49,35,-18.612726260000002,0.06157974526286125
0.02074398286640644,17.69,15.6434326171875,23036,404370,404471,-0.3958125710487366,11532,0.0005,0.49,35,-18.577182290000003,0.1292257010936737
0.020674671977758408,17.74,15.437173843383789,23040,404449,404550,-0.2665739953517914,11534,0.0005,0.49,35,-18.58108767,0.14075607061386108
0.020328061655163765,17.76,15.309967041015625,23044,404525,404626,0.4400874376296997,11536,0.0005,0.48,35,-18.878201,0.07968184351921082
0.020296966657042503,17.94,14.83914566040039,23048,404597,404698,0.49994853138923645,11538,0.0005,0.47,35,-19.147381610000004,0.04205099120736122
0.02075451985001564,18.04,15.807317733764648,23052,404671,404772,-1.0371606349945068,11540,0.0005,0.48,35,-18.95064151,0.103208526968956
0.020928649231791496,18.15,14.301843643188477,23056,404744,404845,0.16115574538707733,11542,0.0005,0.49,35,-18.76349473,0.04036435857415199
0.02246027998626232,18.09,15.540644645690918,23060,404815,404916,0.6866887807846069,11543,0.0005,0.5,35,-18.4574125,0.08028113842010498
0.02290310524404049,17.99,15.85131549835205,23064,404877,404978,0.3889005184173584,11545,0.0005,0.5,35,-18.435989669999998,0.28926029801368713
0.023235971108078957,18.2,15.380647659301758,23068,404965,405066,0.18655647337436676,11547,0.0005,0.49,35,-18.796576870000003,0.07353325188159943
0.023650597780942917,18.09,15.75784683227539,23072,405031,405132,-0.39722394943237305,11549,0.0005,0.5,35,-18.46714177,0.055234648287296295
0.023505717515945435,17.97,16.278484344482422,23076,405098,405199,-0.3162023425102234,11551,0.0005,0.52,35,-17.92690256,0.09735512733459473
0.02315351739525795,17.96,15.011462211608887,23080,405161,405262,0.2762739658355713,11552,0.0005,0.52,35,-17.928946070000002,0.04187025502324104
0.023021280765533447,17.85,16.081707000732422,23084,405223,405324,-0.11028619110584259,11554,0.0005,0.5,35,-18.37753197,0.030571348965168
0.02288156747817993,17.95,15.804994583129883,23088,405294,405395,0.8630316853523254,11556,0.0005,0.52,35,-17.960149710000007,0.08514165878295898
0.02321622520685196,17.76,14.66524600982666,23092,405355,405456,-0.27133628726005554,11557,0.0005,0.51,35,-18.10503044,1.1755847930908203
0.023175079375505447,17.53,13.980234146118164,23096,405413,405514,0.47324925661087036,11559,0.0005,0.49,35,-18.543706049999997,1.0716631412506104
0.022875556722283363,17.7,14.925640106201172,23100,405491,405592,0.8581839799880981,11561,0.0005,0.5,35,-18.39957044,1.2474539279937744
0.022736046463251114,17.64,15.496437072753906,23104,405554,405655,-0.06390851736068726,11562,0.0005,0.52,35,-17.897512300000002,0.06782357394695282
0.02268151380121708,17.66,14.474363327026367,23108,405614,405715,0.6281380653381348,11564,0.0005,0.5,35,-18.45652205,0.06650802493095398
0.02251012995839119,17.64,14.635251998901367,23112,405694,405795,-0.7425264120101929,11566,0.0005,0.5,35,-18.439018980000004,0.07467636466026306
0.022243672981858253,17.53,14.404391288757324,23116,405762,405863,-0.8889914751052856,11568,0.0005,0.5,35,-18.47918614,0.454032838344574
0.022061791270971298,17.73,15.189334869384766,23120,405842,405943,0.28703975677490234,11570,0.0005,0.52,35,-18.07974074,0.06499843299388885
0.02211068384349346,17.75,15.334816932678223,23124,405911,406012,-0.32643669843673706,11571,0.0005,0.51,35,-18.28475805,0.06502901017665863
0.02190784551203251,17.59,14.894826889038086,23128,405972,406073,-0.3280380070209503,11573,0.0005,0.52,35,-17.99362444,0.05272602289915085
0.022009139880537987,17.47,15.527328491210938,23132,406046,406147,0.2927478551864624,11575,0.0005,0.52,35,-17.87484972,0.1709064096212387
0.022408146411180496,17.42,15.804755210876465,23136,406112,406213,0.703845202922821,11576,0.0005,0.51,35,-18.080776009999997,0.09348656237125397
0.022180430591106415,17.24,15.038290023803711,23140,406173,406274,-0.022511571645736694,11578,0.0005,0.5,35,-18.3072446,0.03354286029934883
0.02239253558218479,17.29,15.727832794189453,23144,406254,406355,0.17251306772232056,11580,0.0005,0.5,35,-18.281726010000003,0.1430852711200714
0.02235008217394352,17.27,16.75934600830078,23148,406324,406425,0.6575604677200317,11581,0.0005,0.51,35,-18.08387305,0.17484381794929504
0.022589202970266342,17.07,15.476041793823242,23152,406378,406479,-0.01638423651456833,11583,0.0005,0.49,35,-18.47530321,0.03458072245121002
0.022515112534165382,17.05,13.323781967163086,23156,406449,406550,-1.0791510343551636,11584,0.0005,0.47,35,-18.89333685,0.05522853881120682
0.022103819996118546,16.95,16.68289566040039,23160,406510,406611,-0.9221687316894531,11586,0.0005,0.46,35,-19.135987200000002,0.03157108277082443
0.022001804783940315,17.09,13.621837615966797,23164,406586,406687,-0.9253100752830505,11588,0.0005,0.47,35,-18.914665890000002,1.115975260734558
0.021989045664668083,17.05,14.338173866271973,23168,406670,406771,0.2832251191139221,11590,0.0005,0.47,35,-18.87786624,0.05118592828512192
0.021926039829850197,16.95,15.316246032714844,23172,406726,406827,-0.48573267459869385,11592,0.0005,0.47,35,-18.8829563,0.04582124575972557
0.021697545424103737,17.02,13.500202178955078,23176,406800,406901,0.08010847121477127,11594,0.0005,0.46,35,-19.136843279999997,0.026480207219719887
0.021490568295121193,16.87,15.156492233276367,23180,406848,406949,-0.4721500873565674,11595,0.0005,0.44,35,-19.641158199999996,0.09129840135574341
0.02124779485166073,16.89,15.755043029785156,23184,406912,407013,-0.08753783255815506,11597,0.0005,0.44,35,-19.60268419,0.03501207381486893
0.02100546844303608,16.96,15.163774490356445,23188,406990,407091,-0.44113689661026,11599,0.0005,0.43,35,-19.877549199999997,0.0346342958509922
0.021205687895417213,17.08,15.421159744262695,23192,407063,407164,0.37238773703575134,11601,0.0005,0.44,35,-19.687817139999996,0.13673149049282074
0.02145547978579998,17.12,16.280750274658203,23196,407125,407226,-0.11778189241886139,11602,0.0005,0.46,35,-19.22194554,0.062071628868579865
0.021859996020793915,17.11,14.795379638671875,23200,407202,407303,0.6945993900299072,11604,0.0005,0.45,35,-19.44010877,0.07739418745040894
0.02238127775490284,17.26,16.342985153198242,23204,407280,407381,0.6523302793502808,11606,0.0005,0.44,35,-19.752361099999998,0.07651481032371521
0.022503530606627464,17.33,15.093400955200195,23208,407347,407448,-0.19068728387355804,11608,0.0005,0.42,35,-20.216630410000004,0.10976110398769379
0.022652752697467804,17.22,14.673771858215332,23212,407416,407517,-0.9114456176757812,11610,0.0005,0.41,35,-20.47363478,1.3999996185302734
0.022145308554172516,17.36,15.706008911132812,23216,407498,407599,0.19375768303871155,11612,0.0005,0.42,35,-20.2470851,0.06879311054944992
0.021982604637742043,17.2,15.532951354980469,23220,407562,407663,0.10622455179691315,11614,0.0005,0.41,35,-20.40203369,0.2415362149477005
0.022115327417850494,17.23,13.375738143920898,23224,407634,407735,0.5722396373748779,11616,0.0005,0.44,35,-19.73048388,0.03629939258098602
0.02278752624988556,17.19,15.215802192687988,23228,407691,407792,0.4016718566417694,11618,0.0005,0.44,35,-19.749964460000005,0.6345353126525879
0.022871995344758034,17.13,16.286996841430664,23232,407759,407860,-0.10023362934589386,11620,0.0005,0.43,35,-20.035358750000004,0.031214313581585884
0.02286444418132305,17.07,14.857240676879883,23236,407819,407920,-0.3262721300125122,11621,0.0005,0.43,35,-20.020815130000003,0.04414810985326767
0.02288401685655117,17.2,14.249686241149902,23240,407893,407994,-0.12685559689998627,11623,0.0005,0.44,35,-19.79379565,0.020909380167722702
0.023350942879915237,17.09,16.004703521728516,23244,407963,408064,0.5273479223251343,11625,0.0005,0.44,35,-19.78127865,0.022447004914283752
0.02317088097333908,17.2,14.922953605651855,23248,408044,408145,-0.48555636405944824,11627,0.0005,0.44,35,-19.78583455,0.07586620002985
0.022518187761306763,17.38,15.339678764343262,23252,408116,408217,-0.26180994510650635,11629,0.0005,0.43,35,-20.07412809,0.3150210976600647
0.0221887044608593,17.4,15.039573669433594,23256,408189,408290,-0.04834724962711334,11631,0.0005,0.44,35,-19.81624195,1.280587911605835
0.02202988602221012,17.38,15.013254165649414,23260,408248,408349,-0.2692577540874481,11633,0.0005,0.44,35,-19.815730350000003,0.245365709066391
0.02189415507018566,17.25,16.165796279907227,23264,408311,408412,-0.3185787498950958,11634,0.0005,0.43,35,-19.995839309999997,0.10621349513530731
0.021952632814645767,17.12,15.066313743591309,23268,408382,408483,0.5767226219177246,11636,0.0005,0.42,35,-20.187623860000002,0.03912275284528732
0.021963020786643028,17.22,14.425443649291992,23272,408448,408549,0.23325423896312714,11638,0.0005,0.43,35,-19.94830148,0.028693651780486107
0.022093357518315315,17.09,15.805153846740723,23276,408509,408610,0.6458977460861206,11640,0.0005,0.42,35,-20.1966665,0.0325382761657238
0.02224506251513958,17.39,15.422388076782227,23280,408587,408688,-0.19933879375457764,11642,0.0005,0.45,35,-19.58128232,0.09232517331838608
0.02182903327047825,17.48,14.19000244140625,23284,408660,408761,-0.36103901267051697,11644,0.0005,0.46,35,-19.40097199,0.0951850563287735
0.02189597673714161,17.39,15.795615196228027,23288,408729,408830,0.8780559301376343,11646,0.0005,0.46,35,-19.38151585,0.01782781258225441
0.022479217499494553,17.51,16.52212142944336,23292,408814,408915,0.6162392497062683,11648,0.0005,0.44,35,-19.86419578,0.047926388680934906
0.02282910794019699,17.67,15.780525207519531,23296,408892,408993,-0.6192499399185181,11650,0.0005,0.44,35,-19.941842020000003,0.1714196503162384
0.022378573194146156,17.61,15.181866645812988,23300,408963,409064,-0.18027812242507935,11652,0.0005,0.44,35,-19.881202270000003,0.03480225056409836
0.02253037318587303,17.61,14.837139129638672,23304,409041,409142,-0.6748998165130615,11654,0.0005,0.44,35,-19.888680410000003,0.10608118772506714
0.022588789463043213,17.62,15.2526216506958,23308,409109,409210,-0.3741384446620941,11656,0.0005,0.44,35,-19.895232030000003,1.0359140634536743
0.02241954579949379,17.67,15.948898315429688,23312,409183,409284,-0.01323719322681427,11658,0.0005,0.46,35,-19.387263700000002,0.033188365399837494
0.02219114825129509,17.57,14.674392700195312,23316,409255,409356,-1.1203771829605103,11660,0.0005,0.46,35,-19.36935544,0.033246468752622604
0.02153119444847107,17.62,14.872848510742188,23320,409324,409425,-0.4741972088813782,11662,0.0005,0.45,35,-19.6696186,0.03278261795639992
0.021587183699011803,17.62,16.901695251464844,23324,409396,409497,0.13368220627307892,11664,0.0005,0.45,35,-19.678023,0.669037401676178
0.021840017288923264,17.76,14.754600524902344,23328,409467,409568,0.23126715421676636,11665,0.0005,0.45,35,-19.682842199999996,0.14331573247909546
0.02171570435166359,17.89,14.573251724243164,23332,409548,409649,0.05564501881599426,11668,0.0005,0.47,35,-19.25208562,0.049223050475120544
0.021647706627845764,18.1,14.926085472106934,23336,409629,409730,0.27906981110572815,11670,0.0005,0.48,35,-19.06597514,0.07233811914920807
0.0216972753405571,18.16,13.206921577453613,23340,409709,409810,-1.1355869770050049,11672,0.0005,0.48,35,-19.10479172,0.12607063353061676
0.0215606689453125,18.19,15.994112014770508,23344,409782,409883,0.3107914328575134,11675,0.0005,0.5,35,-18.639779810000004,0.05482921749353409
0.021259702742099762,18.0,15.778468132019043,23348,409844,409945,0.10132868587970734,11676,0.0005,0.5,35,-18.6255195,0.14295996725559235
0.020980453118681908,18.05,15.109960556030273,23352,409921,410022,-0.19809113442897797,11694,0.0005,0.5,35,-18.66409711,0.04432157427072525
0.020876524969935417,17.95,16.915809631347656,23356,409984,410085,-0.13341616094112396,11696,0.0005,0.5,35,-18.698073830000002,0.059668976813554764
0.021056167781352997,18.04,15.638984680175781,23360,410052,410153,0.7033014297485352,11698,0.0005,0.49,35,-18.959376849999995,0.6233288049697876
0.02113412693142891,18.22,15.278709411621094,23364,410133,410234,-1.0663257837295532,11700,0.0005,0.51,35,-18.609179219999998,0.06529849022626877
0.020833829417824745,18.17,14.106581687927246,23368,410199,410300,-0.24526762962341309,11702,0.0005,0.49,35,-19.06775604,0.06325079500675201
0.0209848340600729,18.32,14.35565185546875,23372,410280,410381,-0.09828263521194458,11704,0.0005,0.48,35,-19.37684176,0.08944228291511536
0.020961012691259384,18.49,15.469606399536133,23376,410358,410459,0.17146942019462585,11706,0.0005,0.47,35,-19.648032439999998,0.16052019596099854
0.021227601915597916,18.39,16.31855583190918,23380,410426,410527,0.5643503069877625,11708,0.0005,0.45,35,-20.064781329999995,0.2677414119243622
0.021526101976633072,18.36,15.827417373657227,23384,410496,410597,0.6332862377166748,11710,0.0005,0.43,35,-20.49324179,0.023657286539673805
0.021789388731122017,18.45,15.260316848754883,23388,410574,410675,0.5437000393867493,11712,0.0005,0.42,35,-20.68050219,0.05497729778289795
0.02179931104183197,18.28,15.541755676269531,23392,410642,410743,-0.7215664386749268,11714,0.0005,0.46,35,-19.6826246,0.0436067134141922
0.02164905145764351,18.28,14.42828369140625,23396,410720,410821,-0.5478118062019348,11716,0.0005,0.46,35,-19.672297599999997,0.02877793461084366
0.02104252576828003,18.39,14.704309463500977,23400,410802,410903,0.18387776613235474,11718,0.0005,0.48,35,-19.272317830000002,0.07140516489744186
0.02099519409239292,18.24,13.978862762451172,23404,410865,410966,-0.5089802145957947,11720,0.0005,0.48,35,-19.20060167,0.014747034758329391
0.021053168922662735,18.46,14.68836784362793,23408,410955,411056,0.14072993397712708,11722,0.0005,0.5,35,-18.816475869999998,0.019045114517211914
0.021121857687830925,18.43,15.223586082458496,23412,411026,411127,-0.10618020594120026,11724,0.0005,0.49,35,-19.063683119999997,0.08648108690977097
0.020733747631311417,18.31,14.70013427734375,23416,411086,411187,-0.2789967656135559,11725,0.0005,0.48,35,-19.26583088,0.12680284678936005
0.02053561434149742,18.42,15.305977821350098,23420,411166,411267,0.22012299299240112,11728,0.0005,0.5,35,-18.85796699,0.033752039074897766
0.02087131142616272,18.47,14.754632949829102,23424,411243,411344,0.4613434076309204,11730,0.0005,0.49,35,-19.10943768,0.05295626074075699
0.021071573719382286,18.56,15.780344009399414,23428,411323,411424,0.4075693190097809,11732,0.0005,0.49,35,-19.121317689999998,0.06435158848762512
0.021812329068779945,18.54,16.18056869506836,23432,411402,411503,0.28187257051467896,11734,0.0005,0.47,35,-19.523311619999998,0.070986807346344
0.021577948704361916,18.37,15.192846298217773,23436,411466,411567,-0.1293908804655075,11735,0.0005,0.47,35,-19.461647060000004,0.9250032901763916
0.0212912168353796,18.35,14.979461669921875,23440,411544,411645,-0.4779370129108429,11737,0.0005,0.46,35,-19.72720032,3.2733888626098633
0.021306218579411507,18.42,15.29976749420166,23444,411624,411725,0.19223237037658691,11740,0.0005,0.45,35,-19.987703560000003,0.30104514956474304
0.02160738594830036,18.36,14.810590744018555,23448,411680,411781,-0.12961095571517944,11741,0.0005,0.46,35,-19.66638222,0.10786119848489761
0.02208089828491211,18.39,15.264219284057617,23452,411760,411861,-0.0843246579170227,11743,0.0005,0.48,35,-19.201459110000002,0.02292044088244438
0.021946365013718605,18.39,14.830020904541016,23456,411823,411924,0.2134392261505127,11745,0.0005,0.48,35,-19.156944300000006,0.031016483902931213
0.021845579147338867,18.39,15.188338279724121,23460,411891,411992,0.4934408366680145,11747,0.0005,0.49,35,-18.947198000000004,0.027970338240265846
0.021937869489192963,18.39,14.786758422851562,23464,411972,412073,-0.6740174293518066,11749,0.0005,0.48,35,-19.15984706,0.034343138337135315
0.02181435562670231,18.39,15.853410720825195,23468,412038,412139,0.05199175328016281,11751,0.0005,0.48,35,-19.15147596,0.033813223242759705
0.021842366084456444,18.34,14.411918640136719,23472,412114,412215,-0.6080374121665955,11753,0.0005,0.47,35,-19.40972087,0.0976448804140091
0.02142915688455105,18.36,17.484603881835938,23476,412194,412295,-0.4170191287994385,11755,0.0005,0.5,35,-18.73986762,0.025545287877321243
0.021075785160064697,18.38,15.21024227142334,23480,412264,412365,-0.9873692989349365,11757,0.0005,0.51,35,-18.48949872,0.15998534858226776
0.020987913012504578,18.27,14.981183052062988,23484,412323,412424,-0.5062422752380371,11759,0.0005,0.51,35,-18.522097159999998,0.4837966859340668
0.02093440853059292,18.19,15.208683967590332,23488,412393,412494,0.418770432472229,11761,0.0005,0.52,35,-18.301660430000002,0.056124329566955566
0.021240707486867905,18.32,14.352357864379883,23492,412474,412575,-0.17545688152313232,11763,0.0005,0.51,35,-18.6134592,0.03751419484615326
0.021067742258310318,18.13,16.12260627746582,23496,412533,412634,0.5791498422622681,11765,0.0005,0.53,35,-17.99813652,0.7959283590316772
0.021240754052996635,18.02,15.829254150390625,23500,412604,412705,-0.4574028253555298,11767,0.0005,0.51,35,-18.39906845,0.03232409805059433
0.021259494125843048,18.01,15.946961402893066,23504,412666,412767,0.804809033870697,11768,0.0005,0.51,35,-18.35266706,0.04475080966949463
0.02147705852985382,17.74,14.19944953918457,23508,412729,412830,-0.010059013962745667,11770,0.0005,0.52,35,-18.00963504,0.05839349329471588
0.021858857944607735,17.6,15.522005081176758,23512,412786,412887,0.2310497760772705,11772,0.0005,0.5,35,-18.461662419999996,0.22662608325481415
0.02282525971531868,17.81,14.774803161621094,23516,412867,412968,0.2913496196269989,11774,0.0005,0.52,35,-18.05173407,0.0445498451590538
0.02367163449525833,17.82,15.705333709716797,23520,412948,413049,0.28918910026550293,11776,0.0005,0.53,35,-17.80354015,0.15641969442367554
0.02370079606771469,17.72,16.28736114501953,23524,413015,413116,-0.5339033603668213,11778,0.0005,0.51,35,-18.20525455,0.16412869095802307
0.023635637015104294,17.61,14.838125228881836,23528,413084,413185,-0.31057101488113403,11780,0.0005,0.5,35,-18.39413795,0.02829761430621147
0.02345062978565693,17.6,15.685384750366211,23532,413162,413263,0.3562978506088257,11782,0.0005,0.5,35,-18.4353359,1.3664073944091797
0.023537272587418556,17.6,14.254849433898926,23536,413226,413327,-0.19927027821540833,11784,0.0005,0.49,35,-18.74270974,0.03996244817972183
0.023196682333946228,17.62,14.826234817504883,23540,413306,413407,0.3204226791858673,11786,0.0005,0.49,35,-18.685030349999998,0.07589849829673767
0.02302774228155613,17.43,15.54394817352295,23544,413367,413468,0.2852139174938202,11788,0.0005,0.48,35,-18.8694007,0.035194579511880875
0.02303147502243519,17.42,13.842491149902344,23548,413422,413523,-0.664984941482544,11789,0.0005,0.48,35,-18.872667999999997,0.07375426590442657
0.02287594974040985,17.44,13.857978820800781,23552,413504,413605,-0.2271392047405243,11792,0.0005,0.47,35,-19.081585909999998,0.073903888463974
0.022436071187257767,17.54,14.198807716369629,23556,413577,413678,0.31573569774627686,11794,0.0005,0.48,35,-18.89098463,0.11255313456058502
0.022128470242023468,17.66,15.060372352600098,23560,413657,413758,0.6725296974182129,11796,0.0005,0.49,35,-18.70313171,0.04751961678266525
0.022128134965896606,17.46,15.793967247009277,23564,413718,413819,0.15412397682666779,11797,0.0005,0.48,35,-18.88645118,0.06982578337192535
0.02191777154803276,17.42,15.3699951171875,23568,413780,413881,-0.1061873584985733,11799,0.0005,0.49,35,-18.62455374,0.17212599515914917
0.021622680127620697,17.23,14.8034086227417,23572,413837,413938,0.20911431312561035,11801,0.0005,0.48,35,-18.81387541,0.047651343047618866
0.021325087174773216,17.04,14.356327056884766,23576,413898,413999,0.03955093026161194,11802,0.0005,0.46,35,-19.20506694,0.04561181366443634
0.02147742733359337,16.88,15.483290672302246,23580,413952,414053,0.21318066120147705,11804,0.0005,0.46,35,-19.13545526,0.2465112954378128
0.021416356787085533,17.07,14.889669418334961,23584,414030,414131,-0.13308081030845642,11806,0.0005,0.47,35,-18.964541760000003,0.054843828082084656
0.02128114365041256,17.11,15.527042388916016,23588,414104,414205,0.6547360420227051,11808,0.0005,0.46,35,-19.232448180000002,0.5345277786254883
0.021681271493434906,17.0,15.64514446258545,23592,414174,414275,-0.04047617316246033,11810,0.0005,0.45,35,-19.432387489999996,0.019813699647784233
0.02193399891257286,17.21,15.46241283416748,23596,414254,414355,0.9138936400413513,11812,0.0005,0.43,35,-20.006592769999994,0.042659156024456024
0.022524872794747353,17.27,16.934860229492188,23600,414331,414432,0.6678094267845154,11814,0.0005,0.43,35,-20.07280606,0.0403841957449913
0.022688057273626328,17.26,14.25053596496582,23604,414392,414493,-0.382672518491745,11816,0.0005,0.43,35,-20.13407476,0.07472363859415054
0.022854868322610855,17.3,15.97343635559082,23608,414459,414560,-0.7358672618865967,11818,0.0005,0.41,35,-20.64108157,0.9900475740432739
0.022557245567440987,17.47,16.152725219726562,23612,414533,414634,0.025350168347358704,11820,0.0005,0.44,35,-19.98998202,0.04569876566529274
0.02205435372889042,17.25,14.969005584716797,23616,414592,414693,0.016902774572372437,11822,0.0005,0.41,35,-20.641577079999998,0.03989562392234802
0.02166587859392166,17.25,15.735923767089844,23620,414673,414774,0.005357593297958374,11824,0.0005,0.4,35,-20.854269430000002,0.49532729387283325
0.0216558575630188,17.3,14.78138542175293,23624,414745,414846,0.11860601603984833,11826,0.0005,0.43,35,-20.192838320000003,0.05979643389582634
0.022178251296281815,17.32,15.454184532165527,23628,414816,414917,0.17116504907608032,11828,0.0005,0.44,35,-19.941584300000002,0.036120448261499405
0.022116320207715034,17.36,15.651247024536133,23632,414898,414999,-0.3976377844810486,11830,0.0005,0.46,35,-19.48599784,0.03707429766654968
0.021850813180208206,17.35,15.030330657958984,23636,414961,415062,-0.19375750422477722,11831,0.0005,0.48,35,-18.96905054,0.025852177292108536
0.021879805251955986,17.22,15.07754135131836,23640,415028,415129,0.0865672379732132,11833,0.0005,0.47,35,-19.23558551,0.09192724525928497
0.02216445468366146,17.28,14.480547904968262,23644,415095,415196,-0.5781518816947937,11835,0.0005,0.49,35,-18.738584399999997,0.11401680111885071
0.022015798836946487,17.47,14.754886627197266,23648,415169,415270,0.5423998236656189,11837,0.0005,0.49,35,-18.814986259999998,0.19063173234462738
0.0219790767878294,17.19,15.317838668823242,23652,415223,415324,0.35027146339416504,11838,0.0005,0.49,35,-18.746069559999995,1.2489482164382935
0.022154776379466057,17.34,14.639421463012695,23656,415311,415412,-0.5534874200820923,11841,0.0005,0.48,35,-19.063440739999997,0.10265721380710602
0.022022923454642296,17.35,14.870220184326172,23660,415392,415493,-0.12357012927532196,11843,0.0005,0.47,35,-19.22548686,0.08035176992416382
0.021767981350421906,17.32,16.523406982421875,23664,415450,415551,-0.09192594885826111,11845,0.0005,0.45,35,-19.676022090000004,0.07805933803319931
0.021686818450689316,17.48,15.261930465698242,23668,415528,415629,0.04557262361049652,11847,0.0005,0.45,35,-19.75673612,0.0762409120798111
0.02179056406021118,17.65,15.031496047973633,23672,415602,415703,0.5787581205368042,11849,0.0005,0.48,35,-19.06354281,0.024320024996995926
0.02199440449476242,17.66,16.28042221069336,23676,415664,415765,0.7447307705879211,11851,0.0005,0.48,35,-19.07589308,0.10295023769140244
0.02195589989423752,17.76,14.667598724365234,23680,415728,415829,-0.684565007686615,11852,0.0005,0.48,35,-19.08125911,0.021088197827339172
0.021719593554735184,17.8,15.808287620544434,23684,415810,415911,-0.059288062155246735,11854,0.0005,0.48,35,-19.001161820000004,1.0362982749938965
0.021608971059322357,17.87,15.557194709777832,23688,415891,415992,0.2667261064052582,11857,0.0005,0.5,35,-18.538707629999998,0.06696729362010956
0.021423276513814926,17.72,15.204597473144531,23692,415946,416047,0.6548188924789429,11858,0.0005,0.5,35,-18.47436609,0.13756725192070007
0.02193775400519371,17.74,15.530527114868164,23696,416028,416129,-0.35405394434928894,11860,0.0005,0.5,35,-18.481839909999998,0.03720457851886749
0.021493645384907722,17.72,15.70378589630127,23700,416103,416204,1.0253615379333496,11862,0.0005,0.53,35,-17.75027918,0.09567578136920929
0.02192646451294422,17.9,15.358999252319336,23704,416182,416283,0.9192981123924255,11864,0.0005,0.54,35,-17.59254773,0.46525782346725464
0.022059181705117226,17.94,14.381448745727539,23708,416253,416354,-0.08612994849681854,11866,0.0005,0.56,35,-17.13886337,0.18209272623062134
0.022144826129078865,17.88,16.098682403564453,23712,416321,416422,-0.24765563011169434,11867,0.0005,0.54,35,-17.58301891,0.21358296275138855
0.022295275703072548,17.86,15.117384910583496,23716,416378,416479,0.5191677808761597,11869,0.0005,0.57,35,-16.821258389999997,0.065651535987854
0.02214984782040119,17.67,13.948911666870117,23720,416440,416541,-0.9039224982261658,11870,0.0005,0.55,35,-17.21530205,0.06793181598186493
0.021978866308927536,17.7,15.014870643615723,23724,416515,416616,-0.03188113868236542,11872,0.0005,0.56,35,-16.97044436,0.05277285724878311
0.02188039943575859,17.59,15.0715970993042,23728,416575,416676,0.16398131847381592,11874,0.0005,0.55,35,-17.19621318,0.05866406112909317
0.02156379446387291,17.54,15.451766967773438,23732,416652,416753,-0.4358978867530823,11876,0.0005,0.52,35,-17.852355220000003,0.1430259346961975
0.021676449105143547,17.61,15.886585235595703,23736,416722,416823,-0.1709296703338623,11878,0.0005,0.5,35,-18.366990580000003,0.021739840507507324
0.021411435678601265,17.58,14.2267484664917,23740,416786,416887,-0.9879980683326721,11880,0.0005,0.52,35,-17.83182868,0.13127192854881287
0.021046485751867294,17.63,14.04028034210205,23744,416858,416959,0.06362241506576538,11882,0.0005,0.51,35,-18.13626554,0.03248605132102966
0.020723981782794,17.6,14.487083435058594,23748,416929,417030,0.7560775279998779,11884,0.0005,0.51,35,-18.16628286,0.3927724361419678
0.020752793177962303,17.71,15.111305236816406,23752,416994,417095,-0.11506015062332153,11885,0.0005,0.51,35,-18.182867660000003,0.12233314663171768
0.02078084833920002,17.57,14.608442306518555,23756,417068,417169,-0.5809764266014099,11887,0.0005,0.53,35,-17.651586539999997,0.09945304691791534
0.020771093666553497,17.28,16.880325317382812,23760,417120,417221,0.04553484916687012,11889,0.0005,0.53,35,-17.606645219999997,0.02479163184762001
0.021485082805156708,17.45,14.253303527832031,23764,417195,417296,0.531089186668396,11891,0.0005,0.54,35,-17.44037508,0.19909223914146423
0.021631687879562378,17.28,15.912025451660156,23768,417256,417357,-0.14068593084812164,11892,0.0005,0.55,35,-17.14537108,0.07565414160490036
0.02172512374818325,17.22,16.235065460205078,23772,417324,417425,0.839992880821228,11894,0.0005,0.53,35,-17.62517634,0.029362753033638
0.021451076492667198,17.24,15.682938575744629,23776,417388,417489,-0.24602890014648438,11896,0.0005,0.54,35,-17.362859420000003,0.23818695545196533
0.02145286649465561,17.31,15.308656692504883,23780,417459,417560,-0.031163468956947327,11898,0.0005,0.54,35,-17.408639230000002,0.05105069652199745
0.021581703796982765,17.21,15.293011665344238,23784,417531,417632,0.25582459568977356,11900,0.0005,0.54,35,-17.432141710000003,0.013099264353513718
0.021473390981554985,17.17,16.034740447998047,23788,417608,417709,-0.3310542106628418,11902,0.0005,0.52,35,-17.886243620000002,0.049159936606884
0.02150815539062023,17.34,14.274967193603516,23792,417680,417781,-0.09085297584533691,11904,0.0005,0.52,35,-17.95135274,0.5775762796401978
0.0218672938644886,17.28,14.867006301879883,23796,417756,417857,-0.38363397121429443,11906,0.0005,0.5,35,-18.40106194,0.05582732334733009
0.02215726487338543,17.34,16.278343200683594,23800,417837,417938,0.24689912796020508,11908,0.0005,0.48,35,-18.86658062,0.024268027395009995
0.022614460438489914,17.32,14.096525192260742,23804,417914,418015,0.35027700662612915,11910,0.0005,0.48,35,-18.859340340000003,0.03143107891082764
0.02286478318274021,17.41,14.408621788024902,23808,417994,418095,0.27591031789779663,11912,0.0005,0.47,35,-19.09042541,0.7091752290725708
0.02270965650677681,17.54,14.92156982421875,23812,418075,418176,0.31164872646331787,11914,0.0005,0.48,35,-18.850347810000002,0.033031612634658813
0.022623298689723015,17.66,14.653852462768555,23816,418144,418245,-0.7181484699249268,11915,0.0005,0.47,35,-19.200977629999997,0.01757066324353218
0.022660261020064354,17.74,14.717731475830078,23820,418214,418315,0.3025621771812439,11917,0.0005,0.48,35,-18.99737056,0.06993074715137482
0.022295892238616943,17.83,15.335210800170898,23824,418298,418399,-0.4171808362007141,11919,0.0005,0.45,35,-19.739562399999997,0.2295634001493454
0.021797949448227882,17.91,14.214523315429688,23828,418366,418467,0.6252632141113281,11921,0.0005,0.45,35,-19.807014839999997,0.1605859398841858
0.021989626809954643,17.67,16.17681312561035,23832,418419,418520,0.6297130584716797,11922,0.0005,0.47,35,-19.28199265,0.03716886043548584
0.021995970979332924,17.54,15.344989776611328,23836,418476,418577,0.6028356552124023,11923,0.0005,0.46,35,-19.457761969999996,0.23808757960796356
0.022656738758087158,17.57,15.483050346374512,23840,418543,418644,1.0920933485031128,11925,0.0005,0.43,35,-20.17751008,0.07316549122333527
0.023372117429971695,17.48,15.889793395996094,23844,418606,418707,-0.13214083015918732,11926,0.0005,0.44,35,-19.905826209999997,0.10685700178146362
0.023048976436257362,17.45,15.608413696289062,23848,418674,418775,0.07789377868175507,11928,0.0005,0.45,35,-19.60608469,0.020423268899321556
0.022444607689976692,17.44,15.258695602416992,23852,418738,418839,0.24357366561889648,11930,0.0005,0.46,35,-19.390796839999997,0.055775273591279984
0.021849537268280983,17.42,13.95942497253418,23856,418810,418911,-0.6061145067214966,11932,0.0005,0.43,35,-20.055183279999998,0.669808566570282
0.022021561861038208,17.65,14.512052536010742,23860,418885,418986,-0.1333155333995819,11934,0.0005,0.44,35,-19.83359675,0.03295382112264633
0.02187347784638405,17.68,15.400944709777832,23864,418963,419064,-0.5427356958389282,11936,0.0005,0.45,35,-19.61116128,1.716076135635376
0.021967723965644836,17.71,16.326175689697266,23868,419027,419128,0.018414586782455444,11937,0.0005,0.46,35,-19.37369518,0.050271790474653244
0.022007275372743607,17.72,14.920027732849121,23872,419096,419197,0.34591013193130493,11939,0.0005,0.46,35,-19.385054879999995,1.6951510906219482
0.022022156044840813,17.79,14.387724876403809,23876,419167,419268,-0.025870278477668762,11940,0.0005,0.45,35,-19.64484466,0.04444320499897003
0.02228589728474617,17.81,15.96190071105957,23880,419240,419341,0.9704116582870483,11942,0.0005,0.44,35,-19.86948522,0.0896708220243454
0.022492287680506706,17.7,15.808521270751953,23884,419301,419402,0.5825534462928772,11944,0.0005,0.43,35,-20.062750440000002,0.014425866305828094
0.022632524371147156,17.6,14.835626602172852,23888,419368,419469,-0.8030984401702881,11946,0.0005,0.43,35,-20.028641399999998,0.03938807547092438
0.02218872494995594,17.57,14.25554084777832,23892,419437,419538,-0.020748019218444824,11947,0.0005,0.42,35,-20.227480739999997,0.1140720546245575
0.021788684651255608,17.63,15.16717529296875,23896,419519,419620,0.29839348793029785,11949,0.0005,0.45,35,-19.55086455,0.2907307744026184
0.021813347935676575,17.52,15.015464782714844,23900,419589,419690,-0.832313060760498,11951,0.0005,0.45,35,-19.536071199999995,0.13616715371608734
0.02153615839779377,17.5,15.675262451171875,23904,419664,419765,0.5000464916229248,11953,0.0005,0.45,35,-19.45789585,0.04724300652742386
0.0213756300508976,17.35,16.052406311035156,23908,419729,419830,-0.8905990123748779,11955,0.0005,0.46,35,-19.17424597,0.03738265484571457
0.02134181559085846,17.42,15.860393524169922,23912,419817,419918,0.8960728645324707,11957,0.0005,0.46,35,-19.228823300000002,0.16328835487365723
0.021629001945257187,17.47,15.771318435668945,23916,419891,419992,0.5044606924057007,11959,0.0005,0.47,35,-18.9391563,0.7758716344833374
0.02150082401931286,17.57,14.431404113769531,23920,419971,420072,-0.4231750965118408,11976,0.0005,0.47,35,-18.999255950000002,0.04975508153438568
0.021203726530075073,17.35,15.746932983398438,23924,420033,420134,-0.06907603144645691,11978,0.0005,0.47,35,-18.91793589,1.2471928596496582
0.020847652107477188,17.34,14.880142211914062,23928,420100,420201,-0.7625345587730408,11980,0.0005,0.5,35,-18.154695609999997,0.05925239250063896
0.020464764907956123,17.52,16.414440155029297,23932,420171,420272,0.30369359254837036,11982,0.0005,0.5,35,-18.22765753,0.05721186101436615
0.020401446148753166,17.61,15.616354942321777,23936,420237,420338,0.27149462699890137,11983,0.0005,0.53,35,-17.534103780000002,0.0354166254401207
0.020481685176491737,17.55,14.667770385742188,23940,420298,420399,0.5285121202468872,11985,0.0005,0.54,35,-17.282227340000002,0.0381663516163826
0.020713400095701218,17.58,15.603994369506836,23944,420364,420465,0.44524815678596497,11987,0.0005,0.52,35,-17.77573613,0.2683854401111603
0.0208826195448637,17.71,14.730361938476562,23948,420445,420546,-0.11036375164985657,11989,0.0005,0.51,35,-18.09757118,0.14043866097927094
0.02146858535706997,17.79,15.403192520141602,23952,420517,420618,-0.7411743998527527,11991,0.0005,0.5,35,-18.36006795,0.07749293744564056
0.020987071096897125,17.77,14.95728874206543,23956,420587,420688,-0.2556053400039673,11993,0.0005,0.52,35,-17.94494553,0.053002387285232544
0.021086426451802254,17.8,14.455804824829102,23960,420665,420766,0.5202593207359314,11995,0.0005,0.51,35,-18.25946643,0.30338817834854126
0.021488919854164124,17.82,15.714345932006836,23964,420745,420846,0.24493654072284698,11997,0.0005,0.52,35,-18.05087142,0.053599148988723755
0.021660713478922844,17.94,16.44805908203125,23968,420821,420922,-0.5069773197174072,11999,0.0005,0.52,35,-18.06016309,0.07425327599048615
0.02135319821536541,17.86,14.206137657165527,23972,420882,420983,-0.7044767141342163,12001,0.0005,0.53,35,-17.7980106,0.4067864418029785
0.02108979970216751,17.84,13.198906898498535,23976,420951,421052,-0.3815736174583435,12003,0.0005,0.52,35,-18.04906026,0.3786780834197998
0.020728152245283127,17.86,13.742691993713379,23980,421026,421127,-0.20988793671131134,12005,0.0005,0.55,35,-17.381060939999998,0.08711891621351242
0.020697664469480515,17.94,15.583773612976074,23984,421095,421196,0.11875006556510925,12007,0.0005,0.56,35,-17.22374837,0.09719003736972809
0.020939890295267105,18.0,14.907805442810059,23988,421168,421269,-0.32345181703567505,12009,0.0005,0.57,35,-16.93795163,0.0477011576294899
0.02083595097064972,17.93,14.749208450317383,23992,421230,421331,-0.06157538294792175,12010,0.0005,0.58,35,-16.71781317,0.051667165011167526
0.02049427479505539,17.76,16.055641174316406,23996,421295,421396,0.5748284459114075,12012,0.0005,0.58,35,-16.674688630000002,0.060655951499938965
0.02035694010555744,17.94,14.792985916137695,24000,421383,421484,-0.5372295379638672,12014,0.0005,0.57,35,-16.96274077,0.03869452700018883
0.020181428641080856,17.91,15.722389221191406,24004,421455,421556,0.16728830337524414,12016,0.0005,0.56,35,-17.20911414,0.04426991194486618
0.0200860183686018,17.87,15.403022766113281,24008,421516,421617,-0.32333874702453613,12018,0.0005,0.55,35,-17.45333765,0.04489625245332718
0.01996353082358837,17.73,13.952041625976562,24012,421590,421691,0.08037517964839935,12019,0.0005,0.56,35,-17.1429176,0.2067389190196991
0.02004498988389969,17.68,16.207042694091797,24016,421659,421760,0.6343933343887329,12021,0.0005,0.54,35,-17.632520000000003,0.7264851927757263
0.0201479010283947,17.69,15.010713577270508,24020,421740,421841,0.24658125638961792,12023,0.0005,0.54,35,-17.58167278,0.08300668001174927
0.019847840070724487,17.67,15.293466567993164,24024,421800,421901,-0.08946551382541656,12025,0.0005,0.54,35,-17.61531576,0.0330352708697319
0.019705861806869507,17.74,16.800823211669922,24028,421874,421975,-0.05270376801490784,12027,0.0005,0.52,35,-18.09442753,0.04111912101507187
0.01964343711733818,17.67,14.683032989501953,24032,421938,422039,-0.1900033950805664,12029,0.0005,0.53,35,-17.824347179999997,0.05571205914020538
0.019732823595404625,17.72,14.372833251953125,24036,422009,422110,0.3183552622795105,12031,0.0005,0.53,35,-17.87652096,1.160780906677246
0.01990867406129837,17.75,13.718031883239746,24040,422073,422174,-0.3795921802520752,12032,0.0005,0.55,35,-17.409159940000002,0.9265447854995728
0.01983913965523243,17.78,14.607221603393555,24044,422142,422243,-0.5429014563560486,12034,0.0005,0.57,35,-16.955940079999998,0.33336061239242554
0.01951904036104679,17.66,15.130056381225586,24048,422211,422312,-0.5523198843002319,12036,0.0005,0.55,35,-17.31288972,0.03330470621585846
0.019390497356653214,17.68,15.716248512268066,24052,422285,422386,1.0835102796554565,12038,0.0005,0.56,35,-17.11177104,0.07516980171203613
0.019581804051995277,17.7,15.855609893798828,24056,422357,422458,-0.09307670593261719,12040,0.0005,0.55,35,-17.327293509999993,0.0572376549243927
0.019835880026221275,17.6,15.91402530670166,24060,422425,422526,-0.10250544548034668,12042,0.0005,0.55,35,-17.308081719999997,0.01746835559606552
0.020160865038633347,17.33,16.56206512451172,24064,422478,422579,0.32043832540512085,12043,0.0005,0.53,35,-17.65320399,0.05280739814043045
0.02030126377940178,17.25,14.104181289672852,24068,422546,422647,0.8355340957641602,12045,0.0005,0.5,35,-18.369622089999996,0.2730747163295746
0.020307445898652077,17.37,15.589777946472168,24072,422619,422720,-0.04778926074504852,12047,0.0005,0.5,35,-18.376018109999997,0.017314966768026352
0.019980691373348236,17.3,15.347174644470215,24076,422681,422782,-0.6402775049209595,12049,0.0005,0.51,35,-18.07847756,0.05296645313501358
0.01963886246085167,17.07,15.525830268859863,24080,422733,422834,-0.20551873743534088,12050,0.0005,0.49,35,-18.463067389999996,0.02462281845510006
0.019800661131739616,17.02,14.032674789428711,24084,422797,422898,-0.34725823998451233,12052,0.0005,0.5,35,-18.161980330000002,0.03479347005486488
0.019966214895248413,16.93,15.170370101928711,24088,422861,422962,-0.01747584342956543,12054,0.0005,0.5,35,-18.206414740000003,0.11273476481437683
0.020028242841362953,17.17,15.046957969665527,24092,422947,423048,-0.2798570394515991,12056,0.0005,0.5,35,-18.307033020000002,0.676256537437439
0.019692400470376015,17.16,15.296876907348633,24096,423011,423112,-0.7432924509048462,12058,0.0005,0.5,35,-18.29697915,0.024310940876603127
0.01942245103418827,17.06,14.026909828186035,24100,423089,423190,-0.4128260016441345,12060,0.0005,0.49,35,-18.48710147,0.12135466933250427
0.019431209191679955,16.96,15.786755561828613,24104,423151,423252,1.0447957515716553,12062,0.0005,0.49,35,-18.465379029999998,0.18231362104415894
0.019812116399407387,16.96,15.560359954833984,24108,423212,423313,-0.07725425809621811,12064,0.0005,0.48,35,-18.66780151,0.04719323292374611
0.020359929651021957,16.87,16.11054801940918,24112,423277,423378,0.9637698531150818,12066,0.0005,0.47,35,-18.872793219999995,1.2584431171417236
0.021207978948950768,17.0,14.724099159240723,24116,423359,423460,0.11371909826993942,12068,0.0005,0.5,35,-18.228955210000002,0.14824524521827698
0.021581945940852165,16.99,15.380250930786133,24120,423439,423540,0.3597961664199829,12070,0.0005,0.49,35,-18.457614580000005,2.490743398666382
0.021978076547384262,17.17,14.99892807006836,24124,423517,423618,-0.7380757331848145,12072,0.0005,0.51,35,-18.05448557,0.09476718306541443
0.021981878206133842,17.11,15.307861328125,24128,423585,423686,-0.3893161118030548,12074,0.0005,0.5,35,-18.314282979999998,0.052252694964408875
0.021550940349698067,17.07,14.609485626220703,24132,423645,423746,-1.1143624782562256,12076,0.0005,0.48,35,-18.780453830000003,0.026232419535517693
0.020936904475092888,17.18,14.635263442993164,24136,423727,423828,0.06733044981956482,12078,0.0005,0.48,35,-18.79098621,0.08265090733766556
0.02092130109667778,17.23,15.545138359069824,24140,423796,423897,0.5937985181808472,12080,0.0005,0.47,35,-19.07601417,0.05733440816402435
0.020887577906250954,17.26,14.847494125366211,24144,423868,423969,-0.13805705308914185,12082,0.0005,0.46,35,-19.29990112,0.03173675388097763
0.020494401454925537,17.44,17.46068572998047,24148,423955,424056,0.8266451954841614,12084,0.0005,0.46,35,-19.408060550000002,0.03360673785209656
0.020158808678388596,17.49,14.371488571166992,24152,424034,424135,0.3839592933654785,12086,0.0005,0.46,35,-19.453091630000003,0.03678978979587555
0.020013345405459404,17.48,15.776281356811523,24156,424105,424206,0.2974998950958252,12088,0.0005,0.46,35,-19.447493370000004,0.03424006327986717
0.019915377721190453,17.61,14.356807708740234,24160,424186,424287,-1.2312843799591064,12091,0.0005,0.47,35,-19.209419190000002,0.0787331610918045
0.01969580538570881,17.9,14.830771446228027,24164,424268,424369,0.07062342762947083,12093,0.0005,0.48,35,-19.034618679999998,0.06652559340000153
0.019555432721972466,17.97,14.758710861206055,24168,424343,424444,-0.5180059671401978,12095,0.0005,0.51,35,-18.32717918,0.08574153482913971
0.01963750831782818,17.95,15.055246353149414,24172,424414,424515,-0.4377407431602478,12097,0.0005,0.5,35,-18.53919276,0.03920499235391617
0.01977783814072609,17.97,14.553346633911133,24176,424478,424579,-0.31665775179862976,12098,0.0005,0.5,35,-18.546737569999998,0.02586730569601059
0.020084897056221962,18.1,14.097578048706055,24180,424543,424644,0.06418168544769287,12100,0.0005,0.5,35,-18.57233063,1.4272806644439697
0.020144864916801453,18.27,15.503347396850586,24184,424624,424725,0.20112544298171997,12102,0.0005,0.5,35,-18.684225389999998,0.1652970165014267
0.02038438618183136,18.33,17.367401123046875,24188,424694,424795,0.14130789041519165,12104,0.0005,0.5,35,-18.69006776,0.07521435618400574
0.02025412768125534,18.09,14.761292457580566,24192,424756,424857,-0.23272398114204407,12106,0.0005,0.49,35,-18.78408896,0.02304111048579216
0.02000962384045124,18.14,15.666852951049805,24196,424825,424926,0.06713852286338806,12108,0.0005,0.47,35,-19.299405569999998,0.4259820878505707
0.02021319605410099,18.12,15.006298065185547,24200,424901,425002,-0.17925229668617249,12110,0.0005,0.49,35,-18.85873663,0.02647414617240429
0.020457465201616287,18.07,13.482400894165039,24204,424958,425059,-0.48345136642456055,12111,0.0005,0.5,35,-18.565687000000004,0.1312180757522583
0.020613614469766617,18.15,14.789454460144043,24208,425027,425128,-0.3174203038215637,12113,0.0005,0.5,35,-18.637992040000004,0.12161478400230408
0.020433399826288223,18.21,14.419726371765137,24212,425098,425199,-0.3006588816642761,12115,0.0005,0.5,35,-18.6842082,0.039650119841098785
0.02055950090289116,18.01,14.075907707214355,24216,425160,425261,-0.2543984055519104,12117,0.0005,0.5,35,-18.52749168,0.02187991514801979
0.02065223641693592,17.93,15.752786636352539,24220,425232,425333,-0.1780644655227661,12119,0.0005,0.52,35,-18.08188511,0.3285069465637207
0.020674118772149086,17.87,16.971620559692383,24224,425304,425405,0.45359688997268677,12121,0.0005,0.51,35,-18.24577896,0.03764063119888306
0.020922496914863586,18.01,14.59791088104248,24228,425386,425487,1.1050801277160645,12123,0.0005,0.52,35,-18.026204070000002,0.4468327462673187
0.020985489711165428,18.02,14.874399185180664,24232,425447,425548,-0.36523687839508057,12125,0.0005,0.53,35,-17.810632599999998,0.1240449771285057
0.021151982247829437,17.81,15.432295799255371,24236,425508,425609,0.4743555188179016,12127,0.0005,0.52,35,-17.996533040000003,0.04205683246254921
0.021133670583367348,17.86,16.473468780517578,24240,425582,425683,-0.21083171665668488,12129,0.0005,0.54,35,-17.5152522,0.5769599676132202
0.021099500358104706,17.75,14.667272567749023,24244,425643,425744,0.5552669167518616,12130,0.0005,0.54,35,-17.506919729999996,0.03917696326971054
0.021130576729774475,17.46,14.991222381591797,24248,425701,425802,-0.04238396883010864,12132,0.0005,0.53,35,-17.678855000000002,0.6801849603652954
0.020930835977196693,17.45,15.29488468170166,24252,425779,425880,-0.3635820150375366,12134,0.0005,0.52,35,-17.89048104,0.037482090294361115
0.02082977071404457,17.5,15.3250732421875,24256,425855,425956,-0.4179776906967163,12136,0.0005,0.53,35,-17.63424098,0.0423617847263813
0.020356062799692154,17.38,14.867207527160645,24260,425924,426025,-0.8442598581314087,12138,0.0005,0.53,35,-17.618669670000003,0.07184340804815292
0.020000958815217018,17.44,16.096359252929688,24264,426012,426113,0.504033625125885,12141,0.0005,0.53,35,-17.673512539999997,0.033085841685533524
0.019954465329647064,17.28,15.824991226196289,24268,426071,426172,-0.19023378193378448,12142,0.0005,0.5,35,-18.353509869999996,0.25573867559432983
0.019477929919958115,17.26,16.114177703857422,24272,426140,426241,-0.4184725880622864,12144,0.0005,0.49,35,-18.59385035,0.06835270673036575
0.01944804936647415,17.4,14.58432388305664,24276,426218,426319,0.2835119068622589,12146,0.0005,0.48,35,-18.90091434,0.025070438161492348
0.019881905987858772,17.42,16.129253387451172,24280,426285,426386,0.4834640920162201,12148,0.0005,0.5,35,-18.435088229999998,0.0264061838388443
0.02017102763056755,17.38,15.98326301574707,24284,426362,426463,0.4226296842098236,12150,0.0005,0.49,35,-18.63071541,0.03957916051149368
0.020448770374059677,17.4,15.727203369140625,24288,426434,426535,1.329451322555542,12152,0.0005,0.49,35,-18.62962118,0.023904358968138695
0.020484475418925285,17.4,14.4205322265625,24292,426496,426597,-0.3610338568687439,12153,0.0005,0.49,35,-18.65176099,0.1058863177895546
0.02084709145128727,17.46,15.362711906433105,24296,426571,426672,-0.17356233298778534,12155,0.0005,0.51,35,-18.151156529999998,0.029160305857658386
0.021122360602021217,17.52,14.802984237670898,24300,426653,426754,0.04403602331876755,12157,0.0005,0.5,35,-18.32876891,0.10583256930112839
0.02149728685617447,17.66,14.795141220092773,24304,426724,426825,0.37941330671310425,12159,0.0005,0.48,35,-18.85288392,0.021452417597174644
0.02140277437865734,17.62,15.177597999572754,24308,426789,426890,-0.4660879671573639,12161,0.0005,0.49,35,-18.543727980000003,0.07240863889455795
0.02149416133761406,17.43,13.783096313476562,24312,426841,426942,0.6214125156402588,12162,0.0005,0.48,35,-18.71326225,0.07245137542486191
0.021893538534641266,17.46,15.115742683410645,24316,426906,427007,0.661643385887146,12164,0.0005,0.46,35,-19.222151620000005,0.04274663329124451
0.02181129716336727,17.43,15.806525230407715,24320,426975,427076,-0.7533486485481262,12166,0.0005,0.45,35,-19.467635630000004,0.0210559219121933
0.02169935591518879,17.24,14.670663833618164,24324,427028,427129,0.3992859721183777,12167,0.0005,0.44,35,-19.66168615,0.04112604260444641
0.02134847454726696,17.14,14.71949577331543,24328,427100,427201,-0.7347643375396729,12169,0.0005,0.45,35,-19.447909850000002,0.07045800238847733
0.02136196568608284,17.19,15.776641845703125,24332,427166,427267,0.2893771827220917,12171,0.0005,0.45,35,-19.408143759999998,0.04103197902441025
0.021428901702165604,17.32,14.383399963378906,24336,427240,427341,-0.9266543388366699,12174,0.0005,0.45,35,-19.42128178,1.176201581954956
0.020996134728193283,17.35,15.045272827148438,24340,427317,427418,0.15873615443706512,12176,0.0005,0.44,35,-19.650279899999997,0.5219907164573669
0.020695097744464874,17.6,16.574016571044922,24344,427403,427504,0.03142426162958145,12178,0.0005,0.44,35,-19.740248140000002,0.14220263063907623
0.020175671204924583,17.73,13.929178237915039,24348,427474,427575,-0.032628193497657776,12180,0.0005,0.47,35,-19.082882470000005,0.43315112590789795
0.02024860493838787,17.72,15.322369575500488,24352,427551,427652,0.09820261597633362,12182,0.0005,0.47,35,-19.087058810000002,0.04029713571071625
0.020488817244768143,17.68,16.816761016845703,24356,427623,427724,0.561404287815094,12184,0.0005,0.46,35,-19.335728019999998,0.01762264594435692
0.020482687279582024,17.84,15.518159866333008,24360,427708,427809,-0.08730314671993256,12186,0.0005,0.47,35,-19.14967941,0.09149158746004105
0.02045377343893051,17.78,16.28376007080078,24364,427790,427891,0.13377124071121216,12189,0.0005,0.47,35,-19.10102761,0.1316707730293274
0.02081339806318283,17.99,15.057533264160156,24368,427870,427971,0.13099965453147888,12191,0.0005,0.48,35,-18.89896281,0.19294629991054535
0.020577356219291687,18.09,14.225776672363281,24372,427949,428050,-0.8844591379165649,12193,0.0005,0.5,35,-18.508461500000003,0.06627349555492401
0.020391950383782387,17.93,15.945867538452148,24376,428011,428112,-0.36907732486724854,12195,0.0005,0.51,35,-18.2309051,0.6276880502700806
0.020513251423835754,17.9,16.49847412109375,24380,428075,428176,0.3304426074028015,12197,0.0005,0.49,35,-18.68266672,0.1779894381761551
0.02050725556910038,17.9,15.267541885375977,24384,428152,428253,-0.049657732248306274,12199,0.0005,0.48,35,-18.89788609,1.5744109153747559
0.0208917073905468,17.84,16.32904052734375,24388,428218,428319,-0.2573225796222687,12200,0.0005,0.5,35,-18.38893893,0.08364153653383255
0.020907195284962654,18.0,15.753562927246094,24392,428296,428397,-0.6997874975204468,12202,0.0005,0.5,35,-18.440292600000003,0.08089819550514221
0.02121865004301071,17.93,13.403743743896484,24396,428364,428465,0.3681054413318634,12204,0.0005,0.48,35,-18.90374002,0.017942287027835846
0.021824931725859642,17.79,15.141983032226562,24400,428432,428533,-0.2182803452014923,12206,0.0005,0.51,35,-18.18553878,0.04249833524227142
0.021832333877682686,17.9,16.175010681152344,24404,428514,428615,0.49602216482162476,12208,0.0005,0.53,35,-17.781723720000002,0.7868701219558716
0.022051947191357613,17.97,15.564338684082031,24408,428586,428687,-0.002003505825996399,12210,0.0005,0.53,35,-17.83355958,0.030851952731609344
0.02204417809844017,18.03,16.334888458251953,24412,428644,428745,-0.179869145154953,12211,0.0005,0.52,35,-18.100774039999997,0.11411656439304352
0.022141264751553535,17.93,15.026976585388184,24416,428699,428800,0.40658363699913025,12213,0.0005,0.52,35,-18.08568598,0.03243737667798996
0.022287873551249504,18.05,15.043611526489258,24420,428780,428881,-0.3858858644962311,12215,0.0005,0.53,35,-17.861244,0.026340153068304062
0.022396443411707878,18.14,15.015134811401367,24424,428842,428943,-0.7087513208389282,12216,0.0005,0.54,35,-17.65008869,0.036209262907505035
0.02241123467683792,18.19,16.217308044433594,24428,428919,429020,0.08289778232574463,12219,0.0005,0.51,35,-18.340569340000002,0.13509711623191833
0.02278224006295204,18.17,15.874091148376465,24432,428983,429084,0.6242825388908386,12220,0.0005,0.51,35,-18.34096956,0.021949278190732002
0.02297426201403141,18.11,14.080495834350586,24436,429051,429152,0.5244329571723938,12222,0.0005,0.5,35,-18.57936842,0.13892535865306854
0.02323813922703266,18.2,14.287973403930664,24440,429137,429238,-0.744840681552887,12224,0.0005,0.48,35,-19.080444050000004,0.18375223875045776
0.022588035091757774,17.96,15.781317710876465,24444,429199,429300,0.1296095848083496,12226,0.0005,0.48,35,-18.94215878,0.04127108305692673
0.022644447162747383,18.02,15.249626159667969,24448,429276,429377,0.7227638363838196,12227,0.0005,0.46,35,-19.421933900000003,0.09650935977697372
0.023045789450407028,18.12,16.804386138916016,24452,429363,429464,0.28042200207710266,12230,0.0005,0.45,35,-19.649917970000004,0.7542131543159485
0.023247186094522476,17.94,15.3323392868042,24456,429417,429518,-0.5062602758407593,12231,0.0005,0.45,35,-19.588943419999996,0.7403827905654907
0.02373097836971283,17.85,14.64198112487793,24460,429493,429594,0.47531482577323914,12233,0.0005,0.43,35,-20.04047249,0.041304342448711395
0.023536408320069313,17.83,15.474493026733398,24464,429573,429674,0.11644762754440308,12235,0.0005,0.44,35,-19.826622309999998,0.07021704316139221
0.02334849163889885,17.72,14.580902099609375,24468,429642,429743,-0.27184194326400757,12237,0.0005,0.45,35,-19.58696922,0.09559580683708191
0.023422501981258392,17.73,15.488569259643555,24472,429722,429823,-0.24407538771629333,12239,0.0005,0.45,35,-19.55122181,0.11610042303800583
0.023383701220154762,17.85,15.249229431152344,24476,429796,429897,0.039966881275177,12241,0.0005,0.46,35,-19.321505069999997,0.08586803078651428
0.023608041927218437,17.92,14.145721435546875,24480,429867,429968,-0.18144118785858154,12242,0.0005,0.47,35,-19.172244969999998,0.05995388701558113
0.023550845682621002,17.8,15.269412994384766,24484,429932,430033,-0.5269385576248169,12258,0.0005,0.48,35,-18.85319283,0.02081824280321598
0.02279299683868885,17.93,15.76284408569336,24488,430011,430112,0.4816981852054596,12260,0.0005,0.45,35,-19.637825059999997,0.030025966465473175
0.022591067478060722,17.91,13.900721549987793,24492,430087,430188,-0.3368939757347107,12261,0.0005,0.46,35,-19.35940024,0.025740481913089752
0.022532327100634575,17.93,14.365999221801758,24496,430157,430258,-0.25917038321495056,12263,0.0005,0.46,35,-19.39543644,0.5683684349060059
0.022412996739149094,17.94,14.781244277954102,24500,430226,430327,-0.37272047996520996,12265,0.0005,0.42,35,-20.364106350000004,0.09089940786361694
0.021874360740184784,17.9,14.122485160827637,24504,430304,430405,-0.5085517168045044,12267,0.0005,0.41,35,-20.612767079999998,0.03129004314541817
0.02163875475525856,18.07,15.703146934509277,24508,430393,430494,-0.11611644923686981,12269,0.0005,0.41,35,-20.693594289999997,0.05017818138003349
0.021728072315454483,18.08,15.05441665649414,24512,430452,430553,0.46992409229278564,12270,0.0005,0.41,35,-20.69960878,0.1733991652727127
0.02200092189013958,18.24,15.832021713256836,24516,430523,430624,1.2886466979980469,12272,0.0005,0.4,35,-20.98273998,0.14143434166908264
0.0220257006585598,18.0,15.908275604248047,24520,430580,430681,0.06266357004642487,12274,0.0005,0.37,35,-21.60506512,0.04079814255237579
0.02193070948123932,18.06,14.908584594726562,24524,430648,430749,-0.48163947463035583,12275,0.0005,0.37,35,-21.665191780000004,0.2056434452533722
0.021842848509550095,18.1,14.53225326538086,24528,430729,430830,-0.40522500872612,12277,0.0005,0.39,35,-21.20508917,0.15011660754680634
0.021388033404946327,18.24,16.45556640625,24532,430807,430908,0.4570237398147583,12279,0.0005,0.39,35,-21.310029089999997,0.2633299231529236
0.021373078227043152,18.25,14.180596351623535,24536,430876,430977,-0.4365643262863159,12281,0.0005,0.39,35,-21.275251580000003,0.04488392174243927
0.021362541243433952,17.93,14.360965728759766,24540,430930,431031,-0.323308527469635,12283,0.0005,0.4,35,-20.932512940000002,0.14644411206245422
0.020870594307780266,18.0,13.888297080993652,24544,430999,431100,-0.12541744112968445,12285,0.0005,0.39,35,-21.19788964,0.018298011273145676
0.020836809650063515,17.95,14.508369445800781,24548,431071,431172,0.14796999096870422,12286,0.0005,0.41,35,-20.718947269999997,0.05574308708310127
0.021137328818440437,17.74,16.406455993652344,24552,431137,431238,0.366889089345932,12288,0.0005,0.43,35,-20.12611201,0.03177569434046745
0.021759219467639923,18.08,14.973573684692383,24556,431225,431326,-0.5860825181007385,12290,0.0005,0.44,35,-20.044450400000002,0.027996908873319626
0.021580331027507782,18.02,15.279261589050293,24560,431295,431396,0.21591401100158691,12292,0.0005,0.44,35,-19.987809340000002,0.09158524870872498
0.021662436425685883,17.93,13.707228660583496,24564,431366,431467,0.290478378534317,12294,0.0005,0.43,35,-20.17632699,0.018739955499768257
0.02163776382803917,18.02,15.436052322387695,24568,431444,431545,0.1770579218864441,12295,0.0005,0.42,35,-20.43470819,0.32738029956817627
0.021505557000637054,17.93,14.488143920898438,24572,431515,431616,0.1790449321269989,12297,0.0005,0.41,35,-20.62667619,0.06542178243398666
0.0210910402238369,17.89,15.38831901550293,24576,431585,431686,-0.4659963846206665,12299,0.0005,0.39,35,-21.07276417,0.05772291123867035
0.021260930225253105,17.99,15.347406387329102,24580,431666,431767,0.048066847026348114,12301,0.0005,0.39,35,-21.083128780000006,0.06055154651403427
0.021251559257507324,18.23,14.556563377380371,24584,431755,431856,0.05220448970794678,12303,0.0005,0.41,35,-20.792441720000003,0.19139808416366577
0.02170790731906891,18.23,14.847517013549805,24588,431834,431935,0.48901933431625366,12305,0.0005,0.42,35,-20.566996050000004,0.11182155460119247
0.02185974083840847,18.0,15.4230318069458,24592,431887,431988,0.1692028045654297,12307,0.0005,0.42,35,-20.526292079999997,0.10060502588748932
0.0220379289239645,17.97,16.721534729003906,24596,431954,432055,0.30937641859054565,12308,0.0005,0.44,35,-19.97481413,0.02666875533759594
0.022245025262236595,17.98,15.25756549835205,24600,432024,432125,-0.5965266823768616,12310,0.0005,0.46,35,-19.50722773,0.06784465163946152
0.022673215717077255,17.79,14.178436279296875,24604,432083,432184,-0.17157882452011108,12312,0.0005,0.44,35,-19.89407098,0.07797998189926147
0.022955164313316345,17.51,16.20340347290039,24608,432144,432245,0.5244213342666626,12314,0.0005,0.44,35,-19.75746297,0.10644286870956421
0.023123297840356827,17.6,16.161039352416992,24612,432212,432313,0.8926819562911987,12316,0.0005,0.45,35,-19.56794884,0.03623976930975914
0.023231234401464462,17.66,15.504971504211426,24616,432289,432390,0.4462428092956543,12318,0.0005,0.45,35,-19.62078279,0.22857147455215454
0.023095617070794106,17.9,16.91581153869629,24620,432370,432471,0.1439811885356903,12320,0.0005,0.46,35,-19.411348349999997,0.07646793872117996
0.022953692823648453,17.97,15.082029342651367,24624,432445,432546,0.26515519618988037,12322,0.0005,0.47,35,-19.1262098,0.04200655221939087
0.022837482392787933,17.87,14.008146286010742,24628,432516,432617,-0.8612164258956909,12324,0.0005,0.48,35,-18.89247004,0.08710010349750519
0.02286996692419052,17.77,14.699620246887207,24632,432584,432685,-0.03590160608291626,12325,0.0005,0.48,35,-18.808824580000003,0.9087750315666199
0.022815026342868805,17.81,17.047269821166992,24636,432657,432758,0.7714570760726929,12327,0.0005,0.49,35,-18.601809820000003,0.05935855954885483
0.022940507158637047,17.97,15.190264701843262,24640,432727,432828,-0.2220650017261505,12329,0.0005,0.48,35,-18.888489410000002,0.0101655013859272
0.02283395268023014,18.04,15.85614013671875,24644,432803,432904,0.24226084351539612,12331,0.0005,0.5,35,-18.441892129999996,0.09761872887611389
0.022725028917193413,18.11,14.298675537109375,24648,432882,432983,-1.1996439695358276,12333,0.0005,0.49,35,-18.67084925,0.07820069789886475
0.022767139598727226,18.06,15.10887336730957,24652,432943,433044,0.6156578660011292,12335,0.0005,0.48,35,-18.960968739999995,0.13335473835468292
0.022678570821881294,17.86,14.737699508666992,24656,433011,433112,-0.3355431854724884,12337,0.0005,0.45,35,-19.559860260000004,0.08500663936138153
0.02188679575920105,17.89,16.118606567382812,24660,433084,433185,0.2625869810581207,12339,0.0005,0.48,35,-18.893038670000003,0.1353169083595276
0.021271759644150734,17.97,15.387243270874023,24664,433163,433264,-0.7338709235191345,12341,0.0005,0.48,35,-18.915647649999997,0.14219117164611816
0.020802091807127,17.91,15.621013641357422,24668,433235,433336,0.3968108296394348,12343,0.0005,0.49,35,-18.65930533,0.02730947732925415
0.020930571481585503,18.01,15.132097244262695,24672,433316,433417,0.2801264524459839,12345,0.0005,0.51,35,-18.244323389999998,0.028600838035345078
0.021353891119360924,18.03,14.257890701293945,24676,433388,433489,0.792163610458374,12347,0.0005,0.51,35,-18.24762707,0.07312074303627014
0.02152424491941929,18.04,15.046429634094238,24680,433470,433571,-0.3173809051513672,12349,0.0005,0.5,35,-18.46768671,0.0980282574892044
0.021477609872817993,17.63,13.967376708984375,24684,433518,433619,-1.079504370689392,12350,0.0005,0.46,35,-19.24606013,0.046931229531764984
0.02178271673619747,17.66,16.026012420654297,24688,433600,433701,1.520024299621582,12353,0.0005,0.48,35,-18.79723796,0.038484543561935425
0.022034041583538055,17.95,15.13741683959961,24692,433682,433783,-0.49920278787612915,12355,0.0005,0.48,35,-18.88913453,0.04966828599572182
0.021844694390892982,18.01,15.945574760437012,24696,433755,433856,0.07832729816436768,12357,0.0005,0.48,35,-18.930174830000002,0.04054299369454384
0.02190113067626953,18.02,15.98015022277832,24700,433826,433927,0.391956090927124,12359,0.0005,0.48,35,-18.93862399,0.06773723661899567
0.02198266051709652,18.13,15.924985885620117,24704,433896,433997,-0.7227715849876404,12361,0.0005,0.51,35,-18.284418409999997,0.047286733984947205
0.022109361365437508,18.31,14.75692367553711,24708,433975,434076,0.3077292740345001,12363,0.0005,0.5,35,-18.55916791,0.032221511006355286
0.02229069359600544,18.35,14.229547500610352,24712,434047,434148,0.3235951066017151,12365,0.0005,0.52,35,-18.093511570000004,0.0568217895925045
0.022428302094340324,18.16,15.091004371643066,24716,434105,434206,-0.7667360305786133,12366,0.0005,0.52,35,-18.067097920000002,0.027717575430870056
0.02233569510281086,18.17,14.867359161376953,24720,434187,434288,0.24825072288513184,12369,0.0005,0.53,35,-17.858481779999998,0.10014265775680542
0.02216181345283985,18.06,13.901006698608398,24724,434251,434352,0.6638835668563843,12371,0.0005,0.51,35,-18.29602612,0.06571502983570099
0.022333849221467972,17.96,13.442359924316406,24728,434312,434413,0.009900130331516266,12372,0.0005,0.49,35,-18.70519165,0.018055152148008347
0.022303037345409393,17.95,15.059525489807129,24732,434379,434480,0.8996326327323914,12374,0.0005,0.5,35,-18.48149068,0.03395683318376541
0.022340526804327965,18.01,15.404779434204102,24736,434458,434559,-0.7887624502182007,12376,0.0005,0.48,35,-18.95092878,0.0136657003313303
0.022273221984505653,18.02,15.242441177368164,24740,434529,434630,-0.1131795197725296,12378,0.0005,0.48,35,-18.94143353,0.013840533792972565
0.022146854549646378,17.9,16.447134017944336,24744,434593,434694,0.7442681193351746,12380,0.0005,0.48,35,-18.919398420000004,0.15894204378128052
0.022167092189192772,17.63,14.465582847595215,24748,434645,434746,0.3406738340854645,12381,0.0005,0.47,35,-19.07523408,0.6930725574493408
0.02246139943599701,17.75,17.27141571044922,24752,434718,434819,0.34917548298835754,12383,0.0005,0.48,35,-18.8381252,0.32923370599746704
0.022448714822530746,17.97,16.27845573425293,24756,434808,434909,0.19165892899036407,12385,0.0005,0.5,35,-18.4680065,0.5374641418457031
0.022740567103028297,17.99,15.048755645751953,24760,434883,434984,0.3096851706504822,12387,0.0005,0.48,35,-18.89219657,0.09166737645864487
0.023204956203699112,17.88,14.912949562072754,24764,434951,435052,-0.37666890025138855,12389,0.0005,0.46,35,-19.32461102,0.46667784452438354
0.02307138405740261,17.86,15.126274108886719,24768,435021,435122,-0.09386587142944336,12391,0.0005,0.46,35,-19.37210756,0.024148037657141685
0.022453593090176582,17.82,15.341917037963867,24772,435098,435199,-0.5267598628997803,12393,0.0005,0.46,35,-19.33333831,0.11365637183189392
0.021678350865840912,17.81,16.04474639892578,24776,435169,435270,-0.09057977795600891,12395,0.0005,0.46,35,-19.33604018,0.24893227219581604
0.021757200360298157,17.63,15.488805770874023,24780,435233,435334,-0.1428411304950714,12397,0.0005,0.46,35,-19.25717496,0.11954737454652786
0.0216195210814476,18.0,14.343591690063477,24784,435318,435419,0.32010263204574585,12399,0.0005,0.5,35,-18.429863250000004,0.15054404735565186
0.02172967791557312,17.91,14.448759078979492,24788,435391,435492,0.4726355969905853,12401,0.0005,0.49,35,-18.582155930000003,0.042731862515211105
0.022382821887731552,17.88,14.701889991760254,24792,435470,435571,0.14254656434059143,12403,0.0005,0.5,35,-18.39891633,0.07289518415927887
0.02273160219192505,17.78,16.12299346923828,24796,435533,435634,0.06052494794130325,12405,0.0005,0.49,35,-18.598802279999997,0.061487827450037
0.023000655695796013,17.7,16.19063377380371,24800,435596,435697,0.33937567472457886,12407,0.0005,0.49,35,-18.589544919999998,0.08720751851797104
0.023446017876267433,17.71,14.372602462768555,24804,435667,435768,0.053374625742435455,12409,0.0005,0.48,35,-18.812211190000003,0.23375025391578674
0.02324327453970909,17.63,14.821449279785156,24808,435738,435839,-0.03695662319660187,12411,0.0005,0.49,35,-18.59384472,0.07703302800655365
0.023287272080779076,17.68,15.69873046875,24812,435815,435916,-0.746380627155304,12413,0.0005,0.49,35,-18.639362979999998,0.08088669925928116
0.022317782044410706,17.78,14.491730690002441,24816,435883,435984,-0.6583566665649414,12415,0.0005,0.5,35,-18.44872354,0.024475038051605225
0.021790243685245514,17.71,15.382063865661621,24820,435958,436059,0.23121435940265656,12417,0.0005,0.51,35,-18.19295016,0.024564241990447044
0.021123651415109634,17.83,13.093816757202148,24824,436034,436135,-1.2729816436767578,12419,0.0005,0.53,35,-17.75266785,0.03229181095957756
0.020529210567474365,17.94,14.225022315979004,24828,436106,436207,0.0595167875289917,12421,0.0005,0.54,35,-17.54505552,0.06141313910484314
0.020460309460759163,17.99,14.785236358642578,24832,436178,436279,-0.04995642602443695,12423,0.0005,0.53,35,-17.81047292,0.4827538728713989
0.02048792876303196,17.9,14.583040237426758,24836,436248,436349,1.0328938961029053,12424,0.0005,0.55,35,-17.379847809999998,0.32793498039245605
0.020430414006114006,18.02,15.578849792480469,24840,436331,436432,0.7163039445877075,12427,0.0005,0.57,35,-16.982573929999997,0.046080440282821655
0.020796246826648712,18.06,15.37198543548584,24844,436399,436500,0.06865118443965912,12428,0.0005,0.57,35,-16.93995544,0.6667197942733765
0.02082732319831848,18.16,14.548369407653809,24848,436461,436562,-0.24582450091838837,12430,0.0005,0.58,35,-16.75388693,0.08379074931144714
0.020936084911227226,18.1,16.34880828857422,24852,436528,436629,0.8227513432502747,12432,0.0005,0.58,35,-16.710144819999996,0.12938690185546875
0.02117324061691761,17.77,15.78965950012207,24856,436585,436686,1.562050223350525,12433,0.0005,0.59,35,-16.31593787,0.05032201483845711
0.021928273141384125,17.74,15.877476692199707,24860,436657,436758,0.6065925359725952,12435,0.0005,0.59,35,-16.34528292,0.0528535395860672
0.022635191679000854,17.85,14.662468910217285,24864,436736,436837,-0.4049263596534729,12437,0.0005,0.61,35,-15.94752839,0.031662337481975555
0.023119991645216942,17.92,15.75906753540039,24868,436813,436914,0.09165123105049133,12439,0.0005,0.61,35,-15.94796596,0.07111760228872299
0.023564200848340988,17.93,15.144083023071289,24872,436891,436992,-0.17558732628822327,12441,0.0005,0.6,35,-16.24222878,0.5532146096229553
0.023973727598786354,17.93,14.985973358154297,24876,436962,437063,1.0100030899047852,12443,0.0005,0.62,35,-15.820810219999998,0.3315892815589905
0.02422754280269146,18.05,14.602023124694824,24880,437038,437139,-0.401925653219223,12445,0.0005,0.63,35,-15.638051099999995,0.8362913131713867
0.024228334426879883,17.82,15.574335098266602,24884,437100,437201,-0.13531742990016937,12447,0.0005,0.61,35,-16.021347549999998,0.0353013277053833
0.0238617192953825,17.74,15.795289993286133,24888,437165,437266,-0.05003209412097931,12449,0.0005,0.6,35,-16.21846731,0.05577559396624565
0.02342943660914898,17.67,16.76238441467285,24892,437237,437338,0.1131790280342102,12451,0.0005,0.58,35,-16.59180082,0.031537771224975586
0.02331453189253807,17.69,16.21278953552246,24896,437302,437403,-0.024239644408226013,12453,0.0005,0.59,35,-16.38806521,0.07387979328632355
0.02324262075126171,17.7,15.447936058044434,24900,437366,437467,-0.23899085819721222,12455,0.0005,0.6,35,-16.13335845,0.03695877641439438
0.022838324308395386,17.69,15.647256851196289,24904,437436,437537,-0.6025623083114624,12457,0.0005,0.6,35,-16.16799772,0.03525308519601822
0.022339748218655586,17.64,14.69149398803711,24908,437502,437603,-0.655836820602417,12458,0.0005,0.62,35,-15.65558455,0.11028209328651428
0.021931450814008713,17.67,13.853764533996582,24912,437582,437683,-0.1996968388557434,12460,0.0005,0.61,35,-15.880422990000001,0.14840483665466309
0.021991074085235596,17.79,15.637374877929688,24916,437662,437763,-0.08208248019218445,12463,0.0005,0.61,35,-15.889738029999998,0.03181808441877365
0.022159894928336143,17.85,15.783885955810547,24920,437743,437844,-0.5235121250152588,12465,0.0005,0.61,35,-15.93481578,0.09305333346128464
0.022051194682717323,17.81,13.77383804321289,24924,437815,437916,0.04057513177394867,12467,0.0005,0.6,35,-16.179100990000002,0.08021527528762817
0.02201547846198082,17.77,15.01947021484375,24928,437883,437984,-0.16405275464057922,12469,0.0005,0.62,35,-15.67577893,0.7651405930519104
0.022082539275288582,17.73,16.93331527709961,24932,437951,438052,0.7436708211898804,12470,0.0005,0.63,35,-15.367937230000003,0.10463155806064606
0.02249315194785595,17.61,15.975076675415039,24936,438009,438110,-0.4959225058555603,12472,0.0005,0.64,35,-15.021924310000001,0.17893046140670776
0.022474098950624466,17.5,14.9421968460083,24940,438081,438182,0.6691882014274597,12474,0.0005,0.62,35,-15.430295070000001,0.04463007301092148
0.02252005599439144,17.51,14.013145446777344,24944,438150,438251,-0.19628018140792847,12476,0.0005,0.6,35,-15.988542800000003,0.021302450448274612
0.02265951596200466,17.57,16.71339988708496,24948,438218,438319,0.7343785166740417,12478,0.0005,0.59,35,-16.23956091,0.7975950241088867
0.022545745596289635,17.72,15.34105396270752,24952,438300,438401,-0.2915034294128418,12480,0.0005,0.58,35,-16.550070229999996,0.019805818796157837
0.022701824083924294,17.86,14.19098949432373,24956,438371,438472,-0.12929879128932953,12482,0.0005,0.56,35,-17.07452197,0.0477946400642395
0.0226198211312294,17.85,15.035576820373535,24960,438442,438543,-0.5840621590614319,12484,0.0005,0.57,35,-16.867612839999996,0.13004174828529358
0.022457534447312355,17.73,15.02470588684082,24964,438509,438610,-0.14118316769599915,12486,0.0005,0.59,35,-16.30308962,0.02121608890593052
0.02273395285010338,17.57,14.996247291564941,24968,438570,438671,0.5043854713439941,12487,0.0005,0.59,35,-16.23808511,1.1143276691436768
0.022777149453759193,17.44,14.706801414489746,24972,438635,438736,-0.33629682660102844,12489,0.0005,0.6,35,-15.889685649999999,0.9594799280166626
0.022672781720757484,17.43,15.864992141723633,24976,438705,438806,0.5097175240516663,12491,0.0005,0.59,35,-16.097921200000002,0.056434039026498795
0.022627873346209526,17.38,14.839407920837402,24980,438776,438877,-0.2977421283721924,12493,0.0005,0.58,35,-16.33706926,0.04663552716374397
0.022769609466195107,17.45,14.912517547607422,24984,438845,438946,-0.0351688489317894,12495,0.0005,0.58,35,-16.39446433,0.3372464179992676
0.022477081045508385,17.62,14.51124095916748,24988,438927,439028,-0.20163793861865997,12498,0.0005,0.59,35,-16.25098481,0.034035276621580124
0.022379761561751366,17.53,13.281787872314453,24992,438990,439091,0.09389141201972961,12499,0.0005,0.6,35,-15.970368640000002,1.5068782567977905
0.0223784651607275,17.76,16.474288940429688,24996,439078,439179,0.5673742294311523,12502,0.0005,0.59,35,-16.299516150000002,0.015584158711135387
0.022455038502812386,17.8,14.071250915527344,25000,439146,439247,0.27533721923828125,12504,0.0005,0.57,35,-16.803335620000002,0.2897564470767975
0.021911796182394028,17.84,13.318096160888672,25004,439220,439321,0.04437568783760071,12506,0.0005,0.58,35,-16.513680049999998,0.20664334297180176
0.02144131436944008,17.79,14.703556060791016,25008,439281,439382,0.2099188268184662,12508,0.0005,0.55,35,-17.22355471,0.06029748171567917
0.021332640200853348,17.69,15.705410957336426,25012,439351,439452,0.14201463758945465,12510,0.0005,0.55,35,-17.15044306,1.1537699699401855
0.020883750170469284,17.65,14.68543529510498,25016,439427,439528,-0.42767584323883057,12511,0.0005,0.56,35,-16.845525430000002,0.1433684229850769
0.020725104957818985,17.52,15.042348861694336,25020,439495,439596,0.07191428542137146,12513,0.0005,0.54,35,-17.28237696,0.05703826993703842
0.020973986014723778,17.6,15.271207809448242,25024,439575,439676,-0.1747639775276184,12515,0.0005,0.53,35,-17.51201145,0.0453176274895668
0.021303774788975716,17.69,15.161724090576172,25028,439652,439753,0.9126117825508118,12517,0.0005,0.49,35,-18.48952568,0.061466604471206665
0.02133350446820259,17.71,14.470693588256836,25032,439722,439823,-0.3308412432670593,12518,0.0005,0.48,35,-18.788842669999998,0.38391125202178955
0.021550657227635384,17.84,15.114164352416992,25036,439793,439894,0.15771213173866272,12520,0.0005,0.47,35,-19.098890959999995,0.030910836532711983
0.02182476595044136,17.65,14.567087173461914,25040,439846,439947,-0.1912350058555603,12521,0.0005,0.48,35,-18.8176706,0.04029998183250427
0.021827565506100655,17.76,13.945699691772461,25044,439926,440027,0.3770383596420288,12538,0.0005,0.5,35,-18.40947977,0.08432275801897049
0.021980538964271545,17.72,15.032687187194824,25048,439990,440091,0.21780411899089813,12540,0.0005,0.5,35,-18.362572819999997,0.1619645059108734
0.022354139015078545,17.42,14.840832710266113,25052,440042,440143,0.9161997437477112,12541,0.0005,0.49,35,-18.52436891,0.03879633545875549
0.022622371092438698,17.52,14.790360450744629,25056,440123,440224,0.9880169034004211,12543,0.0005,0.49,35,-18.5833846,0.3335743248462677
0.02311258390545845,17.58,15.57059383392334,25060,440200,440301,0.8152524828910828,12545,0.0005,0.48,35,-18.822060609999998,0.1736861616373062
0.02330744080245495,17.5,14.588857650756836,25064,440259,440360,0.0010656118392944336,12547,0.0005,0.45,35,-19.57124653,0.5426056385040283
0.023295341059565544,17.63,14.039718627929688,25068,440333,440434,0.08441507816314697,12548,0.0005,0.46,35,-19.34709174,0.18024054169654846
0.023389900103211403,17.53,15.425994873046875,25072,440388,440489,-0.08240735530853271,12550,0.0005,0.45,35,-19.57219503,0.031550727784633636
0.02311702072620392,17.71,14.466156959533691,25076,440476,440577,-0.63660728931427,12552,0.0005,0.44,35,-19.86341062,0.035981062799692154
0.02243635058403015,17.7,15.471840858459473,25080,440546,440647,-0.009155258536338806,12554,0.0005,0.43,35,-20.089188289999996,0.02691994607448578
0.02199031412601471,17.76,15.287483215332031,25084,440621,440722,-0.14891628921031952,12556,0.0005,0.45,35,-19.58851046,0.1073431447148323
0.02164006046950817,17.63,16.62818145751953,25088,440690,440791,0.759652853012085,12558,0.0005,0.44,35,-19.8331932,0.0497172512114048
0.021392442286014557,17.67,15.28550910949707,25092,440757,440858,-0.07772961258888245,12560,0.0005,0.43,35,-20.14796389,0.08094266802072525
0.02121877111494541,17.57,15.989227294921875,25096,440835,440936,0.09351543337106705,12562,0.0005,0.41,35,-20.562701690000004,0.02296658232808113
0.021215396001935005,17.51,14.90311050415039,25100,440897,440998,-0.03069271147251129,12564,0.0005,0.41,35,-20.525921450000002,0.1098596453666687
0.02083880826830864,17.53,14.283746719360352,25104,440973,441074,0.023697972297668457,12566,0.0005,0.39,35,-21.021586260000003,0.05046916380524635
0.020827824249863625,17.55,15.605895042419434,25108,441036,441137,-0.02972574532032013,12568,0.0005,0.4,35,-20.809184600000002,0.021184762939810753
0.020752402022480965,17.52,15.945947647094727,25112,441103,441204,0.6929143071174622,12570,0.0005,0.4,35,-20.77586637,0.04882890731096268
0.020459260791540146,17.57,14.769584655761719,25116,441184,441285,0.24490343034267426,12572,0.0005,0.37,35,-21.473828979999997,0.17750774323940277
0.02017364464700222,17.75,14.51243782043457,25120,441270,441371,-0.3232216536998749,12574,0.0005,0.37,35,-21.50779883,0.043120693415403366
0.020056331530213356,17.49,15.691400527954102,25124,441324,441425,0.7600019574165344,12575,0.0005,0.38,35,-21.21358928,0.030606165528297424
0.020656481385231018,17.53,15.33139705657959,25128,441405,441506,0.4123269021511078,12578,0.0005,0.41,35,-20.553186499999995,0.033328332006931305
0.02116074413061142,17.66,15.875374794006348,25132,441488,441589,-0.1758558452129364,12580,0.0005,0.42,35,-20.351619579999998,0.21577686071395874
0.020984290167689323,17.73,14.136542320251465,25136,441566,441667,-0.9294130802154541,12582,0.0005,0.41,35,-20.62416714,0.06656589359045029
0.020842619240283966,17.98,13.270476341247559,25140,441644,441745,-0.728683590888977,12584,0.0005,0.42,35,-20.530128209999997,0.06911344826221466
0.020735424011945724,17.93,14.901863098144531,25144,441719,441820,0.30337783694267273,12586,0.0005,0.41,35,-20.65138845,0.05966516211628914
0.020765477791428566,17.97,15.853910446166992,25148,441787,441888,-0.06509813666343689,12588,0.0005,0.41,35,-20.692332509999996,0.026704926043748856
0.020329827442765236,18.19,15.407398223876953,25152,441861,441962,0.04201763868331909,12590,0.0005,0.42,35,-20.483285470000002,0.08472949266433716
0.020670300349593163,18.1,14.416183471679688,25156,441933,442034,-0.05534470081329346,12592,0.0005,0.44,35,-20.003612450000002,0.04146167263388634
0.0208206158131361,18.01,14.45828628540039,25160,442001,442102,-0.6321086287498474,12594,0.0005,0.45,35,-19.6850555,0.9805451035499573
0.021018238738179207,18.13,14.005819320678711,25164,442072,442173,0.11709016561508179,12596,0.0005,0.45,35,-19.694517110000003,0.03704928606748581
0.02106826938688755,18.21,14.616394996643066,25168,442154,442255,-0.29414498805999756,12598,0.0005,0.46,35,-19.52867593,0.12016306072473526
0.020582303404808044,18.33,14.758525848388672,25172,442221,442322,-0.1285819113254547,12600,0.0005,0.44,35,-20.051923509999998,0.10382169485092163
0.020466938614845276,18.19,14.639825820922852,25176,442295,442396,-0.37941446900367737,12602,0.0005,0.46,35,-19.51626845,0.14898993074893951
0.020552219823002815,18.02,15.85535717010498,25180,442348,442449,-0.2442513257265091,12603,0.0005,0.46,35,-19.473499289999996,0.3056641221046448
0.020450590178370476,17.91,15.01306438446045,25184,442412,442513,0.05125667154788971,12605,0.0005,0.45,35,-19.665213579999996,0.1474078893661499
0.020079607143998146,17.89,15.548952102661133,25188,442479,442580,-0.5135583877563477,12607,0.0005,0.44,35,-19.866441059999996,1.3781770467758179
0.019878612831234932,18.01,15.246633529663086,25192,442558,442659,0.8461705446243286,12609,0.0005,0.44,35,-19.88066771,0.05041278153657913
0.020046893507242203,17.98,14.524188995361328,25196,442633,442734,0.3715445399284363,12610,0.0005,0.46,35,-19.38548449,0.06976872682571411
0.020084721967577934,18.15,14.894817352294922,25200,442712,442813,0.18940666317939758,12612,0.0005,0.48,35,-18.979587359999996,0.19402290880680084
0.01987798698246479,18.14,14.950010299682617,25204,442787,442888,-0.5097910165786743,12614,0.0005,0.5,35,-18.4875281,0.23987823724746704
0.01980515569448471,18.36,15.11284065246582,25208,442872,442973,0.17965593934059143,12616,0.0005,0.49,35,-18.76181872,0.05858003720641136
0.02022452838718891,18.44,16.42516326904297,25212,442947,443048,0.4272159934043884,12618,0.0005,0.51,35,-18.35127118,0.07539278268814087
0.02023434452712536,18.33,15.266838073730469,25216,443017,443118,-0.38225480914115906,12620,0.0005,0.53,35,-17.88561476,0.04313823953270912
0.02043130062520504,18.14,14.683725357055664,25220,443084,443185,-0.5553755760192871,12622,0.0005,0.56,35,-17.09744777,0.09427167475223541
0.02034587226808071,18.38,16.241924285888672,25224,443162,443263,0.17065514624118805,12624,0.0005,0.55,35,-17.42858576,0.06413974612951279
0.020270567387342453,18.33,15.844053268432617,25228,443238,443339,0.578108012676239,12626,0.0005,0.56,35,-17.16851635,0.06718770414590836
0.020281340926885605,18.16,14.769166946411133,25232,443304,443405,0.25386518239974976,12628,0.0005,0.56,35,-17.10655367,0.1377457082271576
0.020326200872659683,18.21,14.490560531616211,25236,443387,443488,0.3118633031845093,12630,0.0005,0.58,35,-16.648413039999998,0.03411296755075455
0.020122993737459183,18.21,14.938425064086914,25240,443465,443566,0.8106057643890381,12632,0.0005,0.56,35,-17.008781159999998,0.24213850498199463
0.020473197102546692,18.12,15.557479858398438,25244,443531,443632,0.7315452098846436,12634,0.0005,0.57,35,-16.735351190000003,0.06536984443664551
0.020698556676506996,18.15,13.84488296508789,25248,443602,443703,-0.6335434913635254,12636,0.0005,0.57,35,-16.71726289,0.71811842918396
0.020864147692918777,18.16,15.731720924377441,25252,443677,443778,0.41931629180908203,12638,0.0005,0.55,35,-17.258615210000002,0.05944263935089111
0.020658766850829124,18.17,14.798690795898438,25256,443750,443851,-0.2100473791360855,12639,0.0005,0.53,35,-17.67776906,0.13939040899276733
0.020687470212578773,18.1,15.492865562438965,25260,443811,443912,-0.16576313972473145,12641,0.0005,0.51,35,-18.15405316,0.04162858426570892
0.020568497478961945,18.11,14.835161209106445,25264,443883,443984,-0.07147743552923203,12643,0.0005,0.53,35,-17.70263952,0.0449545755982399
0.02053341642022133,18.01,14.42170524597168,25268,443955,444056,-0.3846905529499054,12645,0.0005,0.51,35,-18.11338058,0.056754469871520996
0.02048986218869686,17.93,14.362260818481445,25272,444014,444115,-0.38809734582901,12647,0.0005,0.52,35,-17.88578822,0.026031896471977234
0.020456640049815178,17.98,15.501802444458008,25276,444093,444194,-0.708956778049469,12649,0.0005,0.5,35,-18.404520729999998,0.028279505670070648
0.02033773995935917,18.16,15.556041717529297,25280,444164,444265,0.05565348267555237,12650,0.0005,0.52,35,-18.01168087,0.40680521726608276
0.020537661388516426,18.23,14.202778816223145,25284,444235,444336,0.11043024063110352,12652,0.0005,0.51,35,-18.28213904,0.04182951897382736
0.020360805094242096,18.39,16.090612411499023,25288,444318,444419,-0.3815803527832031,12654,0.0005,0.53,35,-17.836383559999998,0.03214547783136368
0.020244089886546135,18.41,15.163172721862793,25292,444399,444500,0.3431626558303833,12656,0.0005,0.55,35,-17.37972812,0.02676760032773018
0.020263662561774254,18.34,15.29857063293457,25296,444467,444568,-0.3134428858757019,12658,0.0005,0.54,35,-17.64183161,0.08045270293951035
0.019879821687936783,18.24,16.57046127319336,25300,444536,444637,0.5735185146331787,12660,0.0005,0.53,35,-17.879868469999998,0.09865005314350128
0.02014351449906826,18.23,15.852531433105469,25304,444610,444711,0.1573842465877533,12662,0.0005,0.53,35,-17.91304066,0.02576575055718422
0.020217476412653923,18.24,15.522102355957031,25308,444696,444797,0.22713316977024078,12664,0.0005,0.52,35,-18.14454544,0.4243028163909912
0.019976001232862473,18.19,14.757465362548828,25312,444766,444867,0.5227999687194824,12666,0.0005,0.5,35,-18.60129938,0.032985586673021317
0.020878372713923454,18.39,15.278450012207031,25316,444856,444957,0.8590853810310364,12668,0.0005,0.49,35,-18.88994641,0.10918045043945312
0.021409669890999794,18.52,14.001575469970703,25320,444936,445037,0.02736842632293701,12670,0.0005,0.48,35,-19.200981279999993,0.04245400428771973
0.02164417877793312,18.44,15.300117492675781,25324,445006,445107,0.6079049110412598,12672,0.0005,0.48,35,-19.13694667,0.0442189946770668
0.02188085950911045,18.46,15.41391372680664,25328,445084,445185,0.030188709497451782,12674,0.0005,0.46,35,-19.61808781,0.08619361370801926
0.02180890552699566,18.58,13.998867988586426,25332,445162,445263,-1.2564749717712402,12676,0.0005,0.43,35,-20.35340807,0.02606608159840107
0.021477926522493362,18.39,13.93865966796875,25336,445226,445327,-0.25499227643013,12677,0.0005,0.42,35,-20.48692217,0.0934380516409874
0.02154606021940708,18.42,15.277331352233887,25340,445307,445408,0.13651196658611298,12679,0.0005,0.43,35,-20.306831069999998,0.06355206668376923
0.021369820460677147,18.47,14.511238098144531,25344,445378,445479,-0.060077548027038574,12681,0.0005,0.42,35,-20.618483909999995,0.09644736349582672
0.021139459684491158,18.38,14.729211807250977,25348,445440,445541,-0.18776923418045044,12683,0.0005,0.43,35,-20.38170376,0.21282216906547546
0.0207317303866148,18.39,15.57602310180664,25352,445516,445617,-0.7893288135528564,12685,0.0005,0.44,35,-20.161133890000002,0.043190062046051025
0.020132586359977722,18.28,15.772746086120605,25356,445578,445679,-0.5969502925872803,12686,0.0005,0.45,35,-19.89474154,0.058901432901620865
0.02003391645848751,18.27,15.564152717590332,25360,445638,445739,-0.28002694249153137,12688,0.0005,0.45,35,-19.938747879999998,1.1018449068069458
0.019893746823072433,18.13,16.2996768951416,25364,445696,445797,0.28633230924606323,12689,0.0005,0.42,35,-20.58277352,0.018208447843790054
0.01935284584760666,18.1,15.232294082641602,25368,445765,445866,0.3430808484554291,12691,0.0005,0.41,35,-20.77063768,0.02217935211956501
0.019318589940667152,18.28,15.253386497497559,25372,445842,445943,-0.15791931748390198,12693,0.0005,0.41,35,-20.798801879999996,0.2871752977371216
0.01966698467731476,18.37,15.742321968078613,25376,445930,446031,0.7663899064064026,12695,0.0005,0.43,35,-20.38891176,0.584787130355835
0.02018541470170021,18.28,14.803642272949219,25380,445992,446093,-0.15546637773513794,12697,0.0005,0.41,35,-20.79695605,0.10339942574501038
0.02074652537703514,18.3,15.730691909790039,25384,446065,446166,0.2861868143081665,12699,0.0005,0.42,35,-20.5348372,0.03363708034157753
0.02123294211924076,18.11,14.064298629760742,25388,446129,446230,-0.006280794739723206,12700,0.0005,0.42,35,-20.47150624,0.07392528653144836
0.02156095765531063,17.93,16.37986183166504,25392,446192,446293,0.7538027763366699,12702,0.0005,0.42,35,-20.39480444,0.11592002958059311
0.021569205448031425,17.96,15.351848602294922,25396,446263,446364,0.32002225518226624,12704,0.0005,0.42,35,-20.34697227,0.9255638122558594
0.022017493844032288,18.08,16.19829559326172,25400,446344,446445,0.4847858250141144,12706,0.0005,0.44,35,-19.904044659999997,0.05004426836967468
0.02264268882572651,18.15,14.904155731201172,25404,446425,446526,-0.30551713705062866,12708,0.0005,0.45,35,-19.70304161,0.08093203604221344
0.022782575339078903,18.01,15.968597412109375,25408,446497,446598,-0.09883928298950195,12709,0.0005,0.47,35,-19.20461928,0.031206313520669937
0.02235836535692215,18.13,15.079473495483398,25412,446579,446680,-0.38678863644599915,12711,0.0005,0.49,35,-18.80119321,0.2098819464445114
0.022245731204748154,17.95,14.840338706970215,25416,446651,446752,0.44159531593322754,12713,0.0005,0.5,35,-18.51559612,0.09739518165588379
0.022199900820851326,17.96,16.02930450439453,25420,446732,446833,0.48180902004241943,12715,0.0005,0.5,35,-18.5138516,0.03766903653740883
0.022097593173384666,17.75,13.413848876953125,25424,446781,446882,-0.24262884259223938,12716,0.0005,0.49,35,-18.73877174,0.052502211183309555
0.021862898021936417,17.6,14.301441192626953,25428,446844,446945,-0.6823993921279907,12717,0.0005,0.5,35,-18.44933024,0.7793568968772888
0.021422510966658592,17.5,15.930109024047852,25432,446912,447013,-0.2445952594280243,12719,0.0005,0.51,35,-18.22781898,0.06616255640983582
0.020807137712836266,17.63,16.31389045715332,25436,446989,447090,-0.10943800210952759,12721,0.0005,0.51,35,-18.328370149999998,0.9339083433151245
0.020525820553302765,17.7,14.22635269165039,25440,447077,447178,-0.4285407066345215,12723,0.0005,0.52,35,-18.16426318,0.13742771744728088
0.020733699202537537,17.7,13.37717056274414,25444,447148,447249,-0.10981237888336182,12725,0.0005,0.52,35,-18.157484210000003,0.03892999514937401
0.02042890526354313,17.69,16.066253662109375,25448,447209,447310,0.5404679179191589,12726,0.0005,0.52,35,-18.161678229999996,0.06618256866931915
0.020456431433558464,17.64,14.815116882324219,25452,447280,447381,-0.04068288207054138,12728,0.0005,0.52,35,-18.08773006,0.1251007616519928
0.020408155396580696,17.9,13.260953903198242,25456,447368,447469,-1.150766372680664,12730,0.0005,0.52,35,-18.20479035,0.40309780836105347
0.020326556637883186,18.01,15.951321601867676,25460,447439,447540,1.0112347602844238,12732,0.0005,0.54,35,-17.77053757,0.1256577968597412
0.02025666832923889,18.14,15.072711944580078,25464,447510,447611,-0.3033633828163147,12734,0.0005,0.57,35,-17.131645499999998,0.0430365651845932
0.019766269251704216,18.33,16.039955139160156,25468,447598,447699,0.9164650440216064,12736,0.0005,0.57,35,-17.20845983,0.0756397396326065
0.019976133480668068,18.25,15.838836669921875,25472,447667,447768,0.026571497321128845,12738,0.0005,0.58,35,-16.99805471,0.1324060559272766
0.01978052780032158,18.05,15.236719131469727,25476,447735,447836,0.01559024304151535,12740,0.0005,0.57,35,-17.182088659999998,0.21615740656852722
0.02009967714548111,18.2,14.351460456848145,25480,447812,447913,-0.18623434007167816,12742,0.0005,0.57,35,-17.24345218,0.20780298113822937
0.020385615527629852,18.07,14.704742431640625,25484,447872,447973,0.20777824521064758,12743,0.0005,0.55,35,-17.699558470000003,0.06940074265003204
0.020315157249569893,18.01,16.20281219482422,25488,447930,448031,-0.022325918078422546,12745,0.0005,0.52,35,-18.39122399,1.1412756443023682
0.020355980843305588,18.04,13.954170227050781,25492,447996,448097,0.4451446533203125,12747,0.0005,0.52,35,-18.40952444,0.07414636760950089
0.01992705650627613,18.23,16.854324340820312,25496,448086,448187,0.05689924955368042,12749,0.0005,0.54,35,-18.075627669999996,0.036929257214069366
0.020128373056650162,18.17,13.945075035095215,25500,448161,448262,-0.6564419269561768,12751,0.0005,0.53,35,-18.22910864,0.3219606280326843
0.020150840282440186,18.06,15.899243354797363,25504,448231,448332,-0.21791750192642212,12753,0.0005,0.51,35,-18.636871859999996,0.04604780673980713
0.019746340811252594,18.08,15.055418014526367,25508,448305,448406,-0.6569962501525879,12754,0.0005,0.52,35,-18.39641311,0.6810022592544556
0.019663004204630852,17.78,14.03132438659668,25512,448357,448458,0.22464564442634583,12756,0.0005,0.49,35,-18.97852859,1.500706672668457
0.01987016387283802,17.76,14.093603134155273,25516,448427,448528,-0.0959758460521698,12757,0.0005,0.48,35,-19.19767655,0.06887412071228027
0.019914109259843826,17.75,14.221332550048828,25520,448507,448608,-0.4237222671508789,12759,0.0005,0.47,35,-19.46346832,0.04370982199907303
0.019650481641292572,17.91,14.912216186523438,25524,448572,448673,0.06222347915172577,12761,0.0005,0.51,35,-18.52670368,0.024642139673233032
0.01944977045059204,17.97,16.460159301757812,25528,448641,448742,0.3047431707382202,12763,0.0005,0.49,35,-19.02661757,0.04276374727487564
0.019713502377271652,18.0,16.136764526367188,25532,448712,448813,0.971671462059021,12765,0.0005,0.5,35,-18.76960507,0.04335194081068039
0.020121486857533455,17.99,15.394636154174805,25536,448788,448889,0.11770102381706238,12767,0.0005,0.49,35,-18.9822693,0.11301705986261368
0.02080262452363968,17.9,16.300329208374023,25540,448867,448968,-0.49673300981521606,12769,0.0005,0.49,35,-18.96855542,0.02339540794491768
0.02131674624979496,17.84,16.225704193115234,25544,448932,449033,-0.178907573223114,12770,0.0005,0.5,35,-18.710521989999997,0.04764273017644882
0.021588142961263657,17.8,14.430717468261719,25548,448989,449090,0.04900175333023071,12772,0.0005,0.48,35,-19.163809150000002,0.06386631727218628
0.021549537777900696,17.83,14.128296852111816,25552,449063,449164,-0.9347836971282959,12774,0.0005,0.5,35,-18.69987585,1.7299890518188477
0.021626459434628487,17.81,14.543861389160156,25556,449149,449250,0.302681028842926,12776,0.0005,0.5,35,-18.712129280000003,0.028131917119026184
0.021287797018885612,17.79,16.385292053222656,25560,449218,449319,-0.8674184083938599,12778,0.0005,0.48,35,-19.166279850000002,0.017103321850299835
0.021179256960749626,17.68,16.045917510986328,25564,449278,449379,0.5215470194816589,12779,0.0005,0.46,35,-19.55122313,0.17957380414009094
0.021201517432928085,17.67,17.0560359954834,25568,449365,449466,0.025168374180793762,12781,0.0005,0.47,35,-19.34629194,0.07248853147029877
0.02086104266345501,17.63,14.083087921142578,25572,449430,449531,-0.6211917400360107,12783,0.0005,0.48,35,-19.03500115,0.029059546068310738
0.020755505189299583,17.56,16.54159164428711,25576,449491,449592,0.40111106634140015,12785,0.0005,0.47,35,-19.19440382,0.04680010676383972
0.02088811807334423,17.47,15.361660957336426,25580,449559,449660,0.2996199131011963,12787,0.0005,0.46,35,-19.38196853,0.03686375916004181
0.020920513197779655,17.65,14.698634147644043,25584,449637,449738,-0.4999522864818573,12789,0.0005,0.48,35,-18.998662439999997,0.1048797219991684
0.020915087312459946,17.77,14.959474563598633,25588,449707,449808,0.7183510065078735,12791,0.0005,0.5,35,-18.6054663,0.03262457251548767
0.021105468273162842,17.82,14.854774475097656,25592,449778,449879,-0.1649252474308014,12793,0.0005,0.5,35,-18.64705312,0.01645435392856598
0.021075403317809105,17.72,15.581680297851562,25596,449858,449959,-0.5460063219070435,12794,0.0005,0.5,35,-18.589314889999997,0.5043797492980957
0.02125445194542408,17.68,15.976396560668945,25600,449929,450030,0.6795899271965027,12809,0.0005,0.5,35,-18.63673582,0.04747321829199791
0.021377649158239365,17.55,13.851469039916992,25604,449986,450087,0.2742534279823303,12810,0.0005,0.52,35,-18.0686816,0.06410061568021774
0.02168775536119938,17.59,15.192052841186523,25608,450064,450165,0.4870005249977112,12812,0.0005,0.52,35,-18.15991499,0.14638541638851166
0.021820230409502983,17.68,14.27845573425293,25612,450125,450226,0.12646107375621796,12814,0.0005,0.53,35,-17.96001467,0.468840628862381
0.022096475586295128,17.71,15.272113800048828,25616,450198,450299,-0.0988130196928978,12816,0.0005,0.54,35,-17.712821260000002,0.03983072191476822
0.022189779207110405,17.79,14.988839149475098,25620,450286,450387,0.8481826186180115,12818,0.0005,0.52,35,-18.13413593,0.060386817902326584
0.02220628410577774,17.78,14.808038711547852,25624,450350,450451,-0.7410838603973389,12819,0.0005,0.5,35,-18.58971335,0.05002323538064957
0.021731393411755562,17.94,14.672205924987793,25628,450435,450536,-0.2002461552619934,12821,0.0005,0.53,35,-17.95304898,0.028258586302399635
0.021590089425444603,17.88,15.214438438415527,25632,450500,450601,0.7060205936431885,12823,0.0005,0.54,35,-17.69846423,0.03741323947906494
0.021245433017611504,17.8,15.90054702758789,25636,450568,450669,-0.21282540261745453,12824,0.0005,0.54,35,-17.680877239999997,0.018003666773438454
0.02139623835682869,17.85,14.457601547241211,25640,450652,450753,-0.11346885561943054,12826,0.0005,0.53,35,-17.862973640000003,0.025753427296876907
0.02158128283917904,17.9,14.68306827545166,25644,450722,450823,0.13411903381347656,12828,0.0005,0.51,35,-18.371377759999998,0.02769722044467926
0.02189754694700241,17.91,13.214110374450684,25648,450780,450881,-0.36003291606903076,12829,0.0005,0.52,35,-18.16422134,0.26229581236839294
0.021703194826841354,17.81,15.084235191345215,25652,450844,450945,-0.9275845289230347,12831,0.0005,0.51,35,-18.36487605,0.08172308653593063
0.02153504453599453,17.74,16.551286697387695,25656,450923,451024,-0.09028685092926025,12833,0.0005,0.5,35,-18.570550460000003,0.031441580504179
0.02115583047270775,17.78,15.19306755065918,25660,450996,451097,0.41108301281929016,12834,0.0005,0.51,35,-18.32891129,0.08071999251842499
0.021261699497699738,17.71,14.736859321594238,25664,451049,451150,0.3938315510749817,12836,0.0005,0.52,35,-18.077195199999995,0.03148718923330307
0.02132064662873745,17.57,15.976263999938965,25668,451122,451223,0.10441289097070694,12837,0.0005,0.53,35,-17.755830879999998,0.04666661471128464
0.021665584295988083,17.65,15.767171859741211,25672,451195,451296,0.26230472326278687,12839,0.0005,0.53,35,-17.8095082,0.07385751605033875
0.021913189440965652,17.81,15.293160438537598,25676,451272,451373,0.20606490969657898,12841,0.0005,0.53,35,-17.867821720000002,0.09192763268947601
0.021574970334768295,17.77,13.28458309173584,25680,451336,451437,-0.5995272994041443,12842,0.0005,0.55,35,-17.36873339,0.26509493589401245
0.021252699196338654,17.74,15.759566307067871,25684,451411,451512,0.044303715229034424,12844,0.0005,0.56,35,-17.0973613,0.9438188076019287
0.02136147767305374,17.74,16.56642723083496,25688,451481,451582,-0.019688710570335388,12845,0.0005,0.56,35,-17.05733198,0.045111872255802155
0.02106783166527748,17.67,15.634559631347656,25692,451545,451646,-0.35602426528930664,12847,0.0005,0.56,35,-17.010908450000002,0.411502867937088
0.020813975483179092,17.65,16.07133674621582,25696,451623,451724,-0.7329310774803162,12849,0.0005,0.54,35,-17.460405859999998,0.03328929841518402
0.020538566634058952,17.43,14.76079273223877,25700,451672,451773,-0.8441275358200073,12850,0.0005,0.51,35,-18.098239290000002,1.3907356262207031
0.020196927711367607,17.4,15.419668197631836,25704,451726,451827,-0.33680278062820435,12851,0.0005,0.5,35,-18.34990436,0.06574830412864685
0.02025795727968216,17.24,16.66608428955078,25708,451788,451889,0.6369940042495728,12852,0.0005,0.5,35,-18.23725796,0.12160901725292206
0.020378611981868744,17.23,14.642356872558594,25712,451848,451949,0.5674887895584106,12854,0.0005,0.49,35,-18.46411128,0.0490838848054409
0.020616985857486725,17.13,15.551721572875977,25716,451911,452012,0.18230222165584564,12855,0.0005,0.49,35,-18.440908240000002,0.2050163745880127
0.020674867555499077,16.97,16.367374420166016,25720,451983,452084,-0.21925480663776398,12857,0.0005,0.5,35,-18.163472360000004,0.10139182209968567
0.02066536620259285,17.13,15.600237846374512,25724,452063,452164,-0.5324999094009399,12859,0.0005,0.51,35,-18.02263112,0.38151609897613525
0.0206600409001112,16.96,14.329383850097656,25728,452131,452232,0.30301690101623535,12861,0.0005,0.48,35,-18.66897122,1.4313194751739502
0.02075807936489582,16.96,15.749578475952148,25732,452196,452297,0.7571713924407959,12862,0.0005,0.47,35,-18.87786102,0.26477664709091187
0.02095629647374153,16.93,15.278251647949219,25736,452261,452362,0.19817590713500977,12864,0.0005,0.49,35,-18.37899549,0.8811529278755188
0.020978562533855438,16.9,14.426877975463867,25740,452342,452443,-0.11499166488647461,12866,0.0005,0.51,35,-17.94937175,0.13612140715122223
0.021327946335077286,16.91,15.763875961303711,25744,452413,452514,0.11589868366718292,12868,0.0005,0.52,35,-17.69683801,0.050775207579135895
0.021542714908719063,17.06,15.552111625671387,25748,452486,452587,1.0509189367294312,12869,0.0005,0.54,35,-17.220405500000005,0.0557284876704216
0.02197328582406044,17.09,14.782840728759766,25752,452553,452654,-0.4793141484260559,12871,0.0005,0.52,35,-17.73136995,0.3373170495033264
0.022232023999094963,17.01,15.935892105102539,25756,452624,452725,0.13385382294654846,12873,0.0005,0.54,35,-17.243838990000004,0.06674124300479889
0.022165291011333466,16.81,14.552103042602539,25760,452677,452778,-0.03420017659664154,12874,0.0005,0.54,35,-17.17007256,0.10834930837154388
0.022044865414500237,16.97,16.184917449951172,25764,452746,452847,0.36310768127441406,12876,0.0005,0.54,35,-17.27400444,0.03288779407739639
0.021493438631296158,16.87,15.06028938293457,25768,452809,452910,0.10728141665458679,12878,0.0005,0.52,35,-17.73365039,0.019049769267439842
0.021244769915938377,16.94,15.333806991577148,25772,452889,452990,-0.37183597683906555,12880,0.0005,0.52,35,-17.74766848,1.5152162313461304
0.021419737488031387,16.86,14.886346817016602,25776,452958,453059,-0.14042532444000244,12882,0.0005,0.52,35,-17.73704304,0.184131920337677
0.021632999181747437,16.98,14.573395729064941,25780,453034,453135,0.5027639865875244,12884,0.0005,0.51,35,-18.070348449999997,0.026594603434205055
0.021860584616661072,17.05,16.036327362060547,25784,453116,453217,0.5413426756858826,12886,0.0005,0.48,35,-18.73786259,0.3512314558029175
0.022306490689516068,17.06,15.409225463867188,25788,453187,453288,0.5540722012519836,12887,0.0005,0.49,35,-18.52941505,0.06268970668315887
0.022399049252271652,17.3,14.843271255493164,25792,453275,453376,-0.13246245682239532,12890,0.0005,0.5,35,-18.43250483,0.022827336564660072
0.02218593657016754,17.16,15.782276153564453,25796,453339,453440,-0.24181106686592102,12891,0.0005,0.51,35,-18.12623702,0.03614751994609833
0.021859517320990562,17.48,13.82356071472168,25800,453420,453521,0.4609932601451874,12893,0.0005,0.53,35,-17.70326846,0.05191356688737869
0.021855825558304787,17.68,15.31270694732666,25804,453494,453595,-0.04181241989135742,12895,0.0005,0.53,35,-17.768990820000003,0.022583428770303726
0.022405412048101425,17.87,16.51519775390625,25808,453575,453676,0.14283917844295502,12897,0.0005,0.53,35,-17.84034845,0.04549919068813324
0.022813847288489342,17.99,14.31578540802002,25812,453647,453748,-0.2742960453033447,12899,0.0005,0.54,35,-17.63311471,0.07978378236293793
0.022879714146256447,18.15,13.839478492736816,25816,453726,453827,-0.0694010779261589,12901,0.0005,0.54,35,-17.708294690000002,0.3804073631763458
0.022802302613854408,18.06,15.570989608764648,25820,453789,453890,0.8092585802078247,12903,0.0005,0.55,35,-17.452688610000003,0.4795093238353729
0.022696789354085922,18.08,14.851984977722168,25824,453871,453972,-0.06634767353534698,12905,0.0005,0.53,35,-17.86431372,0.04107000678777695
0.02205975167453289,18.01,16.86396026611328,25828,453932,454033,0.25887537002563477,12907,0.0005,0.54,35,-17.605656139999997,0.7375051379203796
0.021514777094125748,18.08,15.731237411499023,25832,454004,454105,-1.1899446249008179,12908,0.0005,0.54,35,-17.65904873,0.06545376032590866
0.0210702084004879,18.13,14.427146911621094,25836,454074,454175,0.2917729616165161,12910,0.0005,0.54,35,-17.70072967,0.0253872312605381
0.021004125475883484,18.12,15.709811210632324,25840,454154,454255,-0.5913193821907043,12912,0.0005,0.52,35,-18.12257507,0.09206199645996094
0.02090228535234928,18.19,14.816865921020508,25844,454232,454333,-0.40334975719451904,12914,0.0005,0.51,35,-18.387689350000002,0.02066989801824093
0.0204906202852726,18.19,15.652320861816406,25848,454305,454406,-0.12265488505363464,12916,0.0005,0.51,35,-18.3827159,0.015036087483167648
0.02019830048084259,18.25,15.631964683532715,25852,454378,454479,0.5313705801963806,12918,0.0005,0.53,35,-17.87246654,0.2336268424987793
0.019733507186174393,18.34,15.373024940490723,25856,454458,454559,0.5447361469268799,12920,0.0005,0.53,35,-17.87482501,0.05147936940193176
0.01970071718096733,18.49,15.234039306640625,25860,454526,454627,0.7430338859558105,12921,0.0005,0.53,35,-17.990381999999997,0.02926364541053772
0.02048773132264614,18.58,15.401905059814453,25864,454604,454705,-0.30312222242355347,12923,0.0005,0.53,35,-17.973952299999997,0.016436852514743805
0.02029518596827984,18.53,14.434972763061523,25868,454662,454763,-0.7578946352005005,12925,0.0005,0.52,35,-18.23212965,0.38356855511665344
0.02049921452999115,18.41,15.060823440551758,25872,454730,454831,0.5759786367416382,12927,0.0005,0.52,35,-18.128199249999998,0.05606553703546524
0.020511925220489502,18.44,15.666069030761719,25876,454802,454903,-0.0429723858833313,12928,0.0005,0.53,35,-17.85523287,0.654052197933197
0.02063651569187641,18.47,15.656469345092773,25880,454881,454982,-0.02359119802713394,12931,0.0005,0.53,35,-17.79198821,0.04346800222992897
0.02051915042102337,18.17,14.895722389221191,25884,454933,455034,0.2739837169647217,12932,0.0005,0.53,35,-17.76736672,0.04133285582065582
0.020500505343079567,18.12,15.439502716064453,25888,454999,455100,-0.8608415126800537,12934,0.0005,0.53,35,-17.67483883,0.11224561929702759
0.020020704716444016,17.96,14.791863441467285,25892,455071,455172,0.072340227663517,12936,0.0005,0.51,35,-18.024265370000002,0.034253403544425964
0.019768929108977318,18.14,14.766973495483398,25896,455153,455254,-0.26420333981513977,12938,0.0005,0.52,35,-17.878771650000004,0.20862430334091187
0.01949569210410118,18.06,15.122806549072266,25900,455226,455327,0.11221961677074432,12940,0.0005,0.52,35,-17.82600149,0.04907985404133797
0.019062258303165436,18.11,15.107831954956055,25904,455305,455406,-0.28491777181625366,12942,0.0005,0.51,35,-18.136021340000003,0.03082842007279396
0.019021766260266304,18.12,13.26179027557373,25908,455387,455488,-0.618415355682373,12944,0.0005,0.5,35,-18.348851980000003,0.8783477544784546
0.019710363820195198,18.21,16.031280517578125,25912,455468,455569,0.6372615694999695,12946,0.0005,0.5,35,-18.3566022,0.13084776699543
0.020204922184348106,18.13,14.901369094848633,25916,455539,455640,0.27437150478363037,12948,0.0005,0.49,35,-18.55895404,0.0884779617190361
0.020401159301400185,18.07,13.467456817626953,25920,455596,455697,-0.3304315209388733,12949,0.0005,0.5,35,-18.29235427,0.0321463868021965
0.020360464230179787,17.76,14.788206100463867,25924,455647,455748,0.8029472827911377,12950,0.0005,0.5,35,-18.25795368,0.0197621900588274
0.020480621606111526,17.89,15.652669906616211,25928,455721,455822,0.16268989443778992,12952,0.0005,0.51,35,-18.02385292,0.030346039682626724
0.02075229398906231,17.81,15.309266090393066,25932,455785,455886,-0.09647759795188904,12954,0.0005,0.52,35,-17.76106011,0.8138344287872314
0.0211122315376997,17.98,15.726102828979492,25936,455872,455973,-0.07108956575393677,12956,0.0005,0.5,35,-18.261578829999998,0.031088653951883316
0.020905878394842148,17.86,15.228227615356445,25940,455940,456041,0.14392901957035065,12958,0.0005,0.48,35,-18.70193376,0.06461317092180252
0.020939873531460762,17.7,14.599764823913574,25944,456002,456103,-0.32233884930610657,12960,0.0005,0.49,35,-18.429475710000002,0.03663266450166702
0.02145768515765667,17.72,14.134796142578125,25948,456077,456178,-0.08175796270370483,12962,0.0005,0.5,35,-18.22196004,0.10483913123607635
0.021556250751018524,17.71,14.25023365020752,25952,456149,456250,-0.18327121436595917,12963,0.0005,0.51,35,-18.06118447,0.1496780663728714
0.02133622020483017,17.65,15.899994850158691,25956,456223,456324,0.12447286397218704,12965,0.0005,0.51,35,-18.010101210000002,0.04689045995473862
0.020997902378439903,17.6,14.901008605957031,25960,456286,456387,0.3186072111129761,12967,0.0005,0.51,35,-17.90360422,0.43449467420578003
0.020656969398260117,17.56,13.710330963134766,25964,456360,456461,-0.048188015818595886,12969,0.0005,0.52,35,-17.63335954,0.40496039390563965
0.020472923293709755,17.58,12.784090042114258,25968,456420,456521,-0.6271982789039612,12970,0.0005,0.53,35,-17.373054240000002,0.1452380269765854
0.020365940406918526,17.69,15.405733108520508,25972,456499,456600,-0.5504746437072754,12972,0.0005,0.51,35,-17.935488300000003,0.03255610167980194
0.020167546346783638,17.68,13.813204765319824,25976,456570,456671,-0.20017562806606293,12974,0.0005,0.52,35,-17.75073529,0.13775962591171265
0.02013947255909443,17.55,15.22663688659668,25980,456636,456737,0.036500975489616394,12975,0.0005,0.54,35,-17.23208094,0.027599088847637177
0.019826794043183327,17.8,13.634159088134766,25984,456713,456814,0.05067524313926697,12977,0.0005,0.55,35,-17.100755709999998,0.1006554365158081
0.019863827154040337,17.93,14.694694519042969,25988,456792,456893,0.09018810093402863,12979,0.0005,0.54,35,-17.408589240000005,1.6062915325164795
0.0198323056101799,17.85,15.035065650939941,25992,456856,456957,0.46989232301712036,12980,0.0005,0.54,35,-17.35881107,0.06495820730924606
0.02001943625509739,17.91,14.22555923461914,25996,456944,457045,-0.5215603113174438,12982,0.0005,0.53,35,-17.61584117,0.07361981272697449
0.020346293225884438,17.76,15.595407485961914,26000,457002,457103,0.8075979948043823,12983,0.0005,0.52,35,-17.90376107,0.03894671052694321
0.020934702828526497,17.58,15.227810859680176,26004,457063,457164,0.6416623592376709,12985,0.0005,0.52,35,-17.83319193,0.03132408857345581
0.021011793985962868,17.56,14.517074584960938,26008,457143,457244,0.6868351697921753,12987,0.0005,0.52,35,-17.83676071,0.12446250766515732
0.021386712789535522,17.56,14.790817260742188,26012,457224,457325,0.6429712772369385,12989,0.0005,0.54,35,-17.42292275,0.09076929092407227
0.021611100062727928,17.65,16.142459869384766,26016,457304,457405,-0.29861754179000854,12991,0.0005,0.56,35,-17.00841901,0.050450488924980164
0.021788308396935463,17.79,16.122812271118164,26020,457375,457476,0.04256775230169296,12993,0.0005,0.54,35,-17.532404220000004,0.04649020731449127
0.02158188447356224,18.14,14.545584678649902,26024,457461,457562,-0.293605238199234,12995,0.0005,0.54,35,-17.623493040000003,0.0272708497941494
0.02130243368446827,18.13,14.740730285644531,26028,457534,457635,0.16441932320594788,12997,0.0005,0.53,35,-17.820102400000003,0.0996590405702591
0.021092016249895096,18.17,14.523689270019531,26032,457602,457703,-0.18774333596229553,12998,0.0005,0.52,35,-18.121546960000003,0.0830170139670372
0.02098962850868702,18.04,15.854586601257324,26036,457676,457777,-0.009762093424797058,13000,0.0005,0.53,35,-17.78639348,0.04535627365112305
0.02067519910633564,18.23,16.307083129882812,26040,457763,457864,1.0197087526321411,13002,0.0005,0.54,35,-17.607456239999998,0.6285638213157654
0.021259743720293045,18.25,16.58108901977539,26044,457827,457928,-0.302635133266449,13004,0.0005,0.54,35,-17.561716890000003,0.054442405700683594
0.021728631108999252,18.31,14.856691360473633,26048,457908,458009,0.9168699979782104,13006,0.0005,0.52,35,-18.04027879,0.7072542309761047
0.021744199097156525,18.1,16.975318908691406,26052,457959,458060,-0.39959463477134705,13007,0.0005,0.5,35,-18.436998940000002,0.058614581823349
0.021579893305897713,18.04,14.541109085083008,26056,458027,458128,-0.2936476469039917,13008,0.0005,0.49,35,-18.704152729999997,0.1582610309123993
0.02177228406071663,17.95,14.904390335083008,26060,458081,458182,-0.37618327140808105,13010,0.0005,0.49,35,-18.699418350000002,0.9861952066421509
0.02162419632077217,17.94,16.9300594329834,26064,458154,458255,-0.7214879989624023,13011,0.0005,0.5,35,-18.48796993,0.5807936787605286
0.021459849551320076,17.94,15.285825729370117,26068,458214,458315,-0.4065868556499481,13013,0.0005,0.49,35,-18.74535345,0.042485617101192474
0.020807405933737755,18.04,13.736133575439453,26072,458303,458404,-0.6105849742889404,13015,0.0005,0.48,35,-18.97674889,0.0740622952580452
0.020660879090428352,17.92,14.189909934997559,26076,458362,458463,0.0868438184261322,13016,0.0005,0.45,35,-19.63000737,0.028824802488088608
0.02089853771030903,17.98,15.049285888671875,26080,458434,458535,-0.10892653465270996,13018,0.0005,0.44,35,-19.93533841,0.03372617065906525
0.021168267354369164,17.91,15.510845184326172,26084,458504,458605,0.16756941378116608,13020,0.0005,0.43,35,-20.084776939999998,0.19132384657859802
0.021218083798885345,17.76,14.15356159210205,26088,458568,458669,-0.1366785615682602,13022,0.0005,0.43,35,-20.02438283,0.025091538205742836
0.021373728290200233,17.74,15.188105583190918,26092,458630,458731,0.5304385423660278,13023,0.0005,0.42,35,-20.26331915,0.17950883507728577
0.021420232951641083,17.45,14.867202758789062,26096,458689,458790,-0.5669258832931519,13025,0.0005,0.44,35,-19.6348693,0.06738772988319397
0.021246599033474922,17.48,14.331805229187012,26100,458750,458851,-0.6349491477012634,13026,0.0005,0.44,35,-19.596155170000003,0.03973311558365822
0.021735046058893204,17.75,16.633808135986328,26104,458838,458939,0.7229520082473755,13028,0.0005,0.42,35,-20.104670629999998,1.6832270622253418
0.021790621802210808,17.84,15.309671401977539,26108,458927,459028,0.3906779885292053,13030,0.0005,0.42,35,-20.154836190000005,0.04119233042001724
0.021459044888615608,17.92,14.923650741577148,26112,459016,459117,-0.5984574556350708,13033,0.0005,0.4,35,-20.624782850000003,0.17603178322315216
0.021670129150152206,17.73,15.825571060180664,26116,459077,459178,0.24563179910182953,13034,0.0005,0.39,35,-20.802984430000002,0.03378213942050934
0.021623656153678894,17.64,14.930032730102539,26120,459139,459240,-1.0368481874465942,13035,0.0005,0.4,35,-20.58257338,0.04190641641616821
0.021036721765995026,17.4,16.498149871826172,26124,459201,459302,-0.747035801410675,13037,0.0005,0.41,35,-20.29872293,0.03531884402036667
0.02064710482954979,17.25,14.930614471435547,26128,459259,459360,-0.02413034439086914,13038,0.0005,0.4,35,-20.581074389999998,0.04429258033633232
0.020300470292568207,17.32,14.68232536315918,26132,459334,459435,-0.4244113266468048,13040,0.0005,0.39,35,-20.83641381,0.07985761761665344
0.02000245824456215,17.37,15.89195442199707,26136,459413,459514,-0.11422979831695557,13042,0.0005,0.38,35,-21.101244589999997,0.06451652944087982
0.020202556625008583,17.2,14.487231254577637,26140,459483,459584,0.7994592189788818,13044,0.0005,0.39,35,-20.826413600000002,0.10474894940853119
0.02077770046889782,17.26,15.4506254196167,26144,459553,459654,-0.5873010158538818,13046,0.0005,0.38,35,-21.13730138,0.03415090590715408
0.020771276205778122,17.05,15.811084747314453,26148,459613,459714,0.6991541981697083,13047,0.0005,0.37,35,-21.356724949999997,0.0349210649728775
0.0205838680267334,17.32,14.262879371643066,26152,459691,459792,-0.25901851058006287,13049,0.0005,0.39,35,-21.017420669999996,0.14403122663497925
0.020700570195913315,17.25,15.042712211608887,26156,459752,459853,0.44298607110977173,13050,0.0005,0.39,35,-20.994003689999996,0.03071616031229496
0.020987892523407936,17.45,14.628379821777344,26160,459826,459927,-0.1743186116218567,13052,0.0005,0.39,35,-21.013148859999998,0.04346350207924843
0.021188469603657722,17.36,14.464996337890625,26164,459890,459991,0.41574883460998535,13054,0.0005,0.38,35,-21.212218430000004,0.3862641155719757
0.02082153782248497,17.54,14.808611869812012,26168,459968,460069,-0.12700136005878448,13069,0.0005,0.4,35,-20.812920589999997,0.03182442486286163
0.020363230258226395,17.34,14.911883354187012,26172,460037,460138,0.054007723927497864,13070,0.0005,0.41,35,-20.57152236,0.30531108379364014
0.020082226023077965,17.37,15.143815040588379,26176,460099,460200,0.038358062505722046,13072,0.0005,0.42,35,-20.31677394,0.03532153740525246
0.019739096984267235,17.38,15.036787033081055,26180,460172,460273,-0.37730032205581665,13074,0.0005,0.42,35,-20.319093949999996,0.10893633961677551
0.019676974043250084,17.43,16.48388671875,26184,460247,460348,-0.03447159379720688,13076,0.0005,0.43,35,-20.0480424,0.05857779085636139
0.01986844465136528,17.5,15.967181205749512,26188,460318,460419,0.7970012426376343,13077,0.0005,0.42,35,-20.318022330000005,0.058472830802202225
0.019872594624757767,17.49,14.564895629882812,26192,460379,460480,-0.693856418132782,13079,0.0005,0.42,35,-20.331451910000002,0.03093036636710167
0.01973903179168701,17.78,15.828557014465332,26196,460467,460568,-0.004007056355476379,13081,0.0005,0.41,35,-20.74992571,0.1154811903834343
0.019734617322683334,17.78,14.749709129333496,26200,460528,460629,-0.5246326923370361,13082,0.0005,0.42,35,-20.52732453,0.2003822922706604
0.019526006653904915,17.68,15.348514556884766,26204,460606,460707,-0.41321861743927,13084,0.0005,0.44,35,-20.092371390000004,0.073002889752388
0.019748099148273468,17.46,13.938541412353516,26208,460673,460774,-0.5239946246147156,13086,0.0005,0.45,35,-19.728080419999998,0.0327892005443573
0.020065518096089363,17.27,14.956506729125977,26212,460743,460844,0.12402951717376709,13087,0.0005,0.46,35,-19.45689118,0.0606439933180809
0.020156731829047203,17.4,14.745027542114258,26216,460817,460918,-0.6067630052566528,13089,0.0005,0.46,35,-19.42641848,0.029967138543725014
0.020335368812084198,17.39,15.167072296142578,26220,460878,460979,0.9827221632003784,13091,0.0005,0.46,35,-19.426897519999997,0.03336530551314354
0.02064463496208191,17.46,14.996500015258789,26224,460947,461048,-0.30651789903640747,13092,0.0005,0.46,35,-19.47342422,0.03903573751449585
0.020823650062084198,17.76,15.696273803710938,26228,461035,461136,0.4301877021789551,13094,0.0005,0.47,35,-19.30511714,0.03903251141309738
0.021015997976064682,17.74,15.45971393585205,26232,461108,461209,0.3021840453147888,13096,0.0005,0.5,35,-18.55080178,0.04964469373226166
0.020902032032608986,17.57,16.475719451904297,26236,461170,461271,0.19139856100082397,13097,0.0005,0.51,35,-18.279530190000003,0.3681119680404663
0.020862633362412453,17.65,14.720335006713867,26240,461248,461349,-0.2800547480583191,13099,0.0005,0.51,35,-18.32248114,0.04311979189515114
0.021137842908501625,17.49,15.641010284423828,26244,461302,461403,0.09073883295059204,13100,0.0005,0.52,35,-18.003121970000002,0.03717599809169769
0.02124853990972042,17.54,15.762004852294922,26248,461367,461468,-0.5204567313194275,13102,0.0005,0.53,35,-17.72351536,0.17627140879631042
0.021555287763476372,17.52,13.609724044799805,26252,461443,461544,-0.3801053464412689,13103,0.0005,0.51,35,-18.13081832,0.058441996574401855
0.021275710314512253,17.59,14.97408390045166,26256,461511,461612,-0.3713647127151489,13105,0.0005,0.5,35,-18.35904367,0.016456089913845062
0.021094027906656265,17.48,15.945636749267578,26260,461574,461675,-0.08048558235168457,13106,0.0005,0.51,35,-18.14294456,0.1606348603963852
0.020828936249017715,17.47,15.531608581542969,26264,461637,461738,-0.14907076954841614,13107,0.0005,0.5,35,-18.34747768,0.016380975022912025
0.02066345140337944,17.28,14.365338325500488,26268,461696,461797,-0.22740435600280762,13109,0.0005,0.49,35,-18.53718167,0.042593762278556824
0.02068125270307064,17.19,16.420482635498047,26272,461756,461857,0.5891669392585754,13110,0.0005,0.52,35,-17.723072089999995,0.07961492240428925
0.020579751580953598,17.38,16.364791870117188,26276,461837,461938,0.25854751467704773,13112,0.0005,0.53,35,-17.55132197,0.030582528561353683
0.020223217085003853,17.36,14.373114585876465,26280,461908,462009,0.6126024127006531,13113,0.0005,0.54,35,-17.33811655,0.5718774199485779
0.02041616104543209,17.3,15.27154541015625,26284,461977,462078,-0.21627014875411987,13115,0.0005,0.53,35,-17.646283490000002,0.0543341189622879
0.020521538332104683,17.27,14.829355239868164,26288,462045,462146,0.29901042580604553,13116,0.0005,0.53,35,-17.6760919,0.09024317562580109
0.020824413746595383,17.37,15.927396774291992,26292,462116,462217,0.009070836007595062,13118,0.0005,0.53,35,-17.6829656,0.06479015946388245
0.02120262384414673,17.32,15.023078918457031,26296,462199,462300,0.04287354648113251,13119,0.0005,0.52,35,-17.8255088,0.020088402554392815
0.02155052311718464,17.5,16.149072647094727,26300,462278,462379,0.24153415858745575,13121,0.0005,0.52,35,-17.844086620000002,0.018601924180984497
0.021805396303534508,17.48,16.035297393798828,26304,462354,462455,-1.1472392082214355,13122,0.0005,0.51,35,-18.061545280000004,0.1751507669687271
0.021054400131106377,17.61,14.272819519042969,26308,462434,462535,-0.5404118299484253,13124,0.0005,0.5,35,-18.364577240000003,0.036629561334848404
0.020561952143907547,17.7,13.556705474853516,26312,462513,462614,-0.3042684495449066,13126,0.0005,0.49,35,-18.58319461,0.20153939723968506
0.0203280970454216,17.6,16.14986228942871,26316,462577,462678,-0.35125964879989624,13127,0.0005,0.5,35,-18.37046873,0.5590857267379761
0.019935354590415955,17.63,15.96121597290039,26320,462641,462742,0.45989078283309937,13128,0.0005,0.5,35,-18.324027119999997,0.015166924335062504
0.020202865824103355,17.48,15.443193435668945,26324,462695,462796,-0.24601490795612335,13129,0.0005,0.5,35,-18.21948543,0.022819101810455322
0.019829025492072105,17.28,14.750070571899414,26328,462763,462864,0.13208438456058502,13130,0.0005,0.48,35,-18.61095621,0.02263985015451908
0.019365642219781876,17.25,14.20431137084961,26332,462833,462934,-0.9269055128097534,13132,0.0005,0.45,35,-19.276647249999996,0.03448005020618439
0.019171377643942833,17.28,15.911100387573242,26336,462898,462999,0.7295554876327515,13134,0.0005,0.46,35,-19.075665029999996,0.05708727240562439
0.019133398309350014,17.2,14.765449523925781,26340,462968,463069,-0.28853535652160645,13135,0.0005,0.47,35,-18.81906109,0.2291484773159027
0.01944040134549141,17.46,15.472509384155273,26344,463048,463149,0.037574030458927155,13137,0.0005,0.47,35,-18.897742519999998,0.025917720049619675
0.019632242619991302,17.48,15.02566146850586,26348,463115,463216,0.15802113711833954,13139,0.0005,0.49,35,-18.425376,0.09191949665546417
0.01992623507976532,17.54,15.090103149414062,26352,463197,463298,0.338887482881546,13141,0.0005,0.51,35,-17.97712071,0.02802051231265068
0.019863858819007874,17.74,14.25981616973877,26356,463285,463386,0.9672660231590271,13143,0.0005,0.51,35,-18.032313159999998,0.199192613363266
0.020033232867717743,17.8,14.101374626159668,26360,463354,463455,-0.14030814170837402,13145,0.0005,0.5,35,-18.33519926,0.5388928651809692
0.02008609101176262,17.75,16.100391387939453,26364,463412,463513,-0.28490960597991943,13147,0.0005,0.48,35,-18.850577240000003,0.23518042266368866
0.01992117613554001,17.75,14.766677856445312,26368,463471,463572,-0.722591757774353,13148,0.0005,0.47,35,-19.05952783,0.43950924277305603
0.01950540952384472,17.95,14.251314163208008,26372,463551,463652,0.4613848328590393,13150,0.0005,0.47,35,-19.21576055,0.03314889967441559
0.020159000530838966,17.75,15.131868362426758,26376,463612,463713,-0.07629798352718353,13151,0.0005,0.47,35,-19.175687800000002,0.09560506045818329
0.020915212109684944,17.78,15.408472061157227,26380,463686,463787,0.42890632152557373,13153,0.0005,0.48,35,-18.92436165,0.050007790327072144
0.021232470870018005,17.77,15.236441612243652,26384,463754,463855,-0.0053150951862335205,13155,0.0005,0.48,35,-18.935982949999996,0.16977280378341675
0.02160065248608589,17.88,15.389480590820312,26388,463833,463934,0.005804486572742462,13157,0.0005,0.48,35,-18.9071259,0.06442376226186752
0.021353600546717644,17.87,15.360143661499023,26392,463903,464004,-0.8170785307884216,13159,0.0005,0.48,35,-18.94322227,0.024001989513635635
0.02121618203818798,17.89,14.41781234741211,26396,463988,464089,-0.7489702701568604,13161,0.0005,0.47,35,-19.221245670000002,0.028571180999279022
0.02092701755464077,17.8,16.719757080078125,26400,464058,464159,0.5913404226303101,13162,0.0005,0.48,35,-19.01485671,0.03202170133590698
0.02109828218817711,17.83,13.692445755004883,26404,464137,464238,0.1499677300453186,13164,0.0005,0.49,35,-18.794965799999996,0.08916336297988892
0.020883137360215187,17.77,14.103392601013184,26408,464211,464312,-0.068153977394104,13166,0.0005,0.5,35,-18.53977428,0.20916500687599182
0.02105645276606083,17.66,15.198087692260742,26412,464279,464380,-0.34181252121925354,13168,0.0005,0.49,35,-18.78793423,0.23467662930488586
0.021166430786252022,17.72,13.118978500366211,26416,464349,464450,-0.22325587272644043,13170,0.0005,0.48,35,-19.04471276,0.23970818519592285
0.02101723663508892,17.86,15.828714370727539,26420,464427,464528,-0.10712873190641403,13172,0.0005,0.48,35,-19.14827081,1.1034870147705078
0.020888425409793854,17.96,15.465169906616211,26424,464491,464592,0.5099037885665894,13173,0.0005,0.49,35,-18.95631353,0.05080799013376236
0.021062416955828667,17.79,14.419727325439453,26428,464542,464643,-0.10028858482837677,13175,0.0005,0.5,35,-18.679933769999998,0.0710773766040802
0.021073218435049057,17.74,14.274421691894531,26432,464607,464708,-0.10374318063259125,13176,0.0005,0.52,35,-18.160735779999996,0.09257327020168304
0.020822372287511826,17.74,13.874114036560059,26436,464672,464773,-0.5112988948822021,13178,0.0005,0.51,35,-18.374223179999998,0.040489163249731064
0.020607633516192436,17.73,15.903079986572266,26440,464741,464842,0.1713358461856842,13180,0.0005,0.5,35,-18.624054580000003,0.04625583812594414
0.02088181860744953,17.56,15.794797897338867,26444,464804,464905,-0.4776259660720825,13181,0.0005,0.5,35,-18.56092739,0.03892389312386513
0.020610075443983078,17.57,14.911811828613281,26448,464872,464973,-0.2927275002002716,13183,0.0005,0.48,35,-19.110012150000003,0.1819389909505844
0.020511560142040253,17.45,14.623977661132812,26452,464942,465043,-0.7235615253448486,13185,0.0005,0.46,35,-19.50551672,0.06692046672105789
0.020493904128670692,17.16,16.65511703491211,26456,465001,465102,-0.1661590039730072,13186,0.0005,0.46,35,-19.423965250000002,0.04153934866189957
0.02073587290942669,17.18,15.166335105895996,26460,465072,465173,0.5059590339660645,13188,0.0005,0.47,35,-19.16501612,0.033074602484703064
0.02108435332775116,17.33,14.561439514160156,26464,465145,465246,0.03708987310528755,13190,0.0005,0.5,35,-18.45618961,0.08998211473226547
0.021157430484890938,17.34,16.033935546875,26468,465205,465306,-0.04940318316221237,13191,0.0005,0.51,35,-18.204339250000004,0.08545980602502823
0.020978042855858803,17.26,13.594573020935059,26472,465277,465378,-0.4495353102684021,13193,0.0005,0.49,35,-18.57092333,0.03414607793092728
0.02105211466550827,17.35,15.415176391601562,26476,465347,465448,0.4648783504962921,13195,0.0005,0.49,35,-18.58531983,0.030907081440091133
0.020992852747440338,17.2,14.622754096984863,26480,465406,465507,-0.10264751315116882,13196,0.0005,0.46,35,-19.235776129999998,0.046309806406497955
0.0207681767642498,17.09,15.156020164489746,26484,465463,465564,-0.055950552225112915,13198,0.0005,0.45,35,-19.4159166,0.06397396326065063
0.020493535324931145,16.79,14.912189483642578,26488,465512,465613,-0.5663857460021973,13199,0.0005,0.44,35,-19.62953903,0.029122833162546158
0.02053610421717167,16.82,14.020269393920898,26492,465585,465686,-0.024038225412368774,13201,0.0005,0.47,35,-18.92785809,0.17453792691230774
0.020686322823166847,16.62,15.17903995513916,26496,465650,465751,0.25049030780792236,13203,0.0005,0.49,35,-18.35036083,0.35814493894577026
0.02056829258799553,16.56,15.589897155761719,26500,465714,465815,-0.07011845707893372,13204,0.0005,0.48,35,-18.49233197,0.04875825345516205
0.020622428506612778,16.41,15.049173355102539,26504,465778,465879,0.769814133644104,13206,0.0005,0.48,35,-18.382228740000002,0.22289836406707764
0.02058773674070835,16.24,14.599729537963867,26508,465835,465936,0.8348156213760376,13208,0.0005,0.48,35,-18.314089009999996,1.058206558227539
0.020515020936727524,16.18,15.991069793701172,26512,465897,465998,0.07255266606807709,13209,0.0005,0.49,35,-18.04495421,0.09900765120983124
0.020519958809018135,16.14,14.412216186523438,26516,465963,466064,-0.3986140191555023,13211,0.0005,0.49,35,-17.99232924,0.044778384268283844
0.020495103672146797,15.97,14.625741958618164,26520,466024,466125,0.2584364414215088,13213,0.0005,0.49,35,-17.92817868,0.040709469467401505
0.0204378142952919,16.04,14.524759292602539,26524,466095,466196,-0.07671850919723511,13214,0.0005,0.48,35,-18.18602071,0.021052848547697067
0.020365571603178978,16.14,15.489118576049805,26528,466156,466257,-0.3413154184818268,13216,0.0005,0.49,35,-17.9936193,0.028459999710321426
0.020365076139569283,16.14,13.713614463806152,26532,466221,466322,-0.2601895332336426,13217,0.0005,0.49,35,-18.04740696,2.363487482070923
0.020352253690361977,16.08,14.680755615234375,26536,466280,466381,0.11506646871566772,13219,0.0005,0.48,35,-18.328366629999998,0.05765487253665924
0.020594235509634018,16.06,15.896366119384766,26540,466347,466448,-0.5738538503646851,13221,0.0005,0.5,35,-17.778857260000002,0.08066485822200775
0.020382650196552277,16.11,14.79800796508789,26544,466415,466516,0.043778806924819946,13223,0.0005,0.52,35,-17.32062806,0.0746469795703888
0.02038087695837021,16.16,15.09610652923584,26548,466488,466589,-0.6643091440200806,13225,0.0005,0.52,35,-17.25086472,0.03755754232406616
0.019957909360527992,16.18,15.794652938842773,26552,466560,466661,-0.40228766202926636,13227,0.0005,0.52,35,-17.24577126,0.12723608314990997
0.020331179723143578,16.14,14.754526138305664,26556,466615,466716,0.38649019598960876,13228,0.0005,0.53,35,-16.986458430000003,0.09876792132854462
0.02040437050163746,16.24,14.437149047851562,26560,466696,466797,0.501869261264801,13230,0.0005,0.53,35,-17.001050460000002,0.046247612684965134
0.020296409726142883,16.23,15.017993927001953,26564,466768,466869,0.3244740068912506,13231,0.0005,0.52,35,-17.21201084,0.7959030866622925
0.020089419558644295,16.25,16.394474029541016,26568,466830,466931,0.22900919616222382,13233,0.0005,0.53,35,-16.988330230000003,0.1816902756690979
0.019891608506441116,16.35,15.438455581665039,26572,466912,467013,0.2798384726047516,13234,0.0005,0.54,35,-16.82989048,0.1104268729686737
0.02040601521730423,16.26,15.983756065368652,26576,466973,467074,1.3935414552688599,13236,0.0005,0.54,35,-16.81670702,0.12078322470188141
0.02051842212677002,16.46,15.715688705444336,26580,467052,467153,0.22618044912815094,13238,0.0005,0.55,35,-16.687936790000002,0.15916164219379425
0.02034151554107666,16.55,15.209096908569336,26584,467118,467219,0.19007770717144012,13239,0.0005,0.59,35,-15.74148487,0.03702091425657272
0.02048678509891033,16.76,15.705971717834473,26588,467188,467289,0.34593603014945984,13241,0.0005,0.61,35,-15.31198082,0.01843978464603424
0.020483268424868584,16.64,13.364988327026367,26592,467249,467350,-0.2664283514022827,13242,0.0005,0.59,35,-15.757032500000001,0.0587637685239315
0.020536452531814575,16.81,14.796211242675781,26596,467331,467432,-0.051643893122673035,13244,0.0005,0.58,35,-16.0670179,0.059688542038202286
0.020428698509931564,16.9,14.729070663452148,26600,467404,467505,0.41981232166290283,13246,0.0005,0.58,35,-16.09045147,0.021474724635481834
0.020538782700896263,16.96,14.277335166931152,26604,467474,467575,-0.2705015242099762,13248,0.0005,0.57,35,-16.380425919999997,0.23374897241592407
0.020886477082967758,17.1,17.146888732910156,26608,467545,467646,0.3475208282470703,13250,0.0005,0.55,35,-16.893062959999998,0.0430259071290493
0.02178780548274517,17.2,15.927631378173828,26612,467617,467718,0.005296669900417328,13252,0.0005,0.56,35,-16.69296607,0.017692342400550842
0.022098077461123466,17.2,15.01537036895752,26616,467683,467784,0.6137121915817261,13253,0.0005,0.58,35,-16.23710533,0.07583683729171753
0.02209264598786831,17.39,15.574104309082031,26620,467763,467864,-0.5822707414627075,13255,0.0005,0.58,35,-16.26252287,0.034613288938999176
0.02193477377295494,17.36,15.046675682067871,26624,467831,467932,0.27214378118515015,13257,0.0005,0.58,35,-16.30152396,0.14252087473869324
0.02199373207986355,17.4,15.41171646118164,26628,467896,467997,-0.5187351703643799,13259,0.0005,0.58,35,-16.25763904,0.0315980426967144
0.02180572971701622,17.45,14.498746871948242,26632,467966,468067,-0.04579716920852661,13261,0.0005,0.57,35,-16.503748979999997,0.033117614686489105
0.021847521886229515,17.55,13.366942405700684,26636,468035,468136,0.6059954762458801,13262,0.0005,0.56,35,-16.73305957,0.7237759828567505
0.0221116840839386,17.58,15.73674201965332,26640,468105,468206,0.4352657198905945,13264,0.0005,0.54,35,-17.243368059999998,0.02999144047498703
0.022184090688824654,17.48,15.052586555480957,26644,468163,468264,-0.36893293261528015,13266,0.0005,0.51,35,-17.98750503,0.04004742577672005
0.02193816564977169,17.56,15.639503479003906,26648,468244,468345,0.4433360695838928,13268,0.0005,0.52,35,-17.82536172,0.0454704612493515
0.021909544244408607,17.53,16.096599578857422,26652,468313,468414,-0.1534116417169571,13269,0.0005,0.52,35,-17.838515870000002,0.34537914395332336
0.021541107445955276,17.68,13.887344360351562,26656,468383,468484,-0.6761198043823242,13271,0.0005,0.51,35,-18.114987040000003,0.041351836174726486
0.021243099123239517,17.56,14.844192504882812,26660,468452,468553,0.6201252937316895,13273,0.0005,0.48,35,-18.766338640000004,0.025162208825349808
0.021741602569818497,17.62,15.563448905944824,26664,468530,468631,-0.570735514163971,13275,0.0005,0.47,35,-19.01792826,0.050543807446956635
0.021813882514834404,17.71,15.242624282836914,26668,468601,468702,0.2842506468296051,13277,0.0005,0.47,35,-19.045964979999997,0.03558557480573654
0.0215404462069273,17.51,15.243844032287598,26672,468663,468764,0.039050668478012085,13278,0.0005,0.46,35,-19.18651817,0.024194393306970596
0.021331816911697388,17.67,14.858137130737305,26676,468740,468841,-0.009613975882530212,13280,0.0005,0.45,35,-19.470648609999998,0.1799243688583374
0.021355530247092247,17.58,13.930252075195312,26680,468810,468911,-0.10872571170330048,13282,0.0005,0.43,35,-19.873915309999997,0.48223650455474854
0.02178245224058628,17.62,14.837894439697266,26684,468880,468981,-0.2547816038131714,13284,0.0005,0.42,35,-20.167940660000003,0.03525553643703461
0.021904854103922844,17.71,14.527862548828125,26688,468959,469060,-0.6921142339706421,13286,0.0005,0.42,35,-20.2221534,0.2200499176979065
0.022105222567915916,17.71,15.633607864379883,26692,469020,469121,-0.11498157680034637,13287,0.0005,0.41,35,-20.430261350000002,0.12709888815879822
0.021963665261864662,17.58,15.110671997070312,26696,469089,469190,0.29731932282447815,13289,0.0005,0.4,35,-20.62284823,0.11132217943668365
0.021764514967799187,17.47,15.254695892333984,26700,469151,469252,-0.5676552057266235,13291,0.0005,0.4,35,-20.60638764,0.06031889468431473
0.02142491564154625,17.46,13.751836776733398,26704,469220,469321,-0.29308223724365234,13292,0.0005,0.39,35,-20.83135765,0.45555242896080017
0.02145226299762726,17.34,15.481854438781738,26708,469279,469380,0.6130139827728271,13294,0.0005,0.39,35,-20.84858908,0.305673211812973
0.02196544036269188,17.42,14.614968299865723,26712,469359,469460,0.03269539773464203,13296,0.0005,0.37,35,-21.26901713,0.038678742945194244
0.02199614979326725,17.37,15.117435455322266,26716,469420,469521,-0.7472144365310669,13297,0.0005,0.34,35,-21.96302918,0.4170999825000763
0.0216941200196743,17.46,14.700983047485352,26720,469509,469610,0.1423686444759369,13300,0.0005,0.33,35,-22.230146590000004,1.0447781085968018
0.02203460969030857,17.66,15.428945541381836,26724,469597,469698,0.13593646883964539,13302,0.0005,0.33,35,-22.25942564,0.0761876255273819
0.022001095116138458,17.68,16.007749557495117,26728,469664,469765,0.5692055225372314,13304,0.0005,0.35,35,-21.806101199999997,0.1684466004371643
0.021943146362900734,17.66,15.697257995605469,26732,469732,469833,-0.5072369575500488,13306,0.0005,0.35,35,-21.85399349999999,0.07962183654308319
0.021764833480119705,17.86,16.179412841796875,26736,469821,469922,-0.6820904016494751,13308,0.0005,0.36,35,-21.67059287,1.5310230255126953
0.021647438406944275,17.93,15.307821273803711,26740,469898,469999,-0.11387191712856293,13310,0.0005,0.34,35,-22.151731790000003,0.04461944103240967
0.021550504490733147,17.98,15.295584678649902,26744,469961,470062,-0.16725611686706543,13325,0.0005,0.36,35,-21.652354730000003,0.03179299086332321
0.020956717431545258,17.94,15.899518966674805,26748,470038,470139,-0.5009757876396179,13328,0.0005,0.34,35,-22.10484409,0.04382831230759621
0.020822670310735703,18.05,15.48225212097168,26752,470118,470219,0.14182254672050476,13330,0.0005,0.35,35,-21.9056378,0.16679075360298157
0.02063009887933731,18.05,16.16788101196289,26756,470188,470289,0.5369356870651245,13332,0.0005,0.35,35,-21.920813559999996,0.05185279995203018
0.021005408838391304,18.15,12.947652816772461,26760,470267,470368,0.03392504155635834,13334,0.0005,0.37,35,-21.52917243,0.8086696863174438
0.020951934158802032,17.99,15.263349533081055,26764,470329,470430,0.37412112951278687,13335,0.0005,0.37,35,-21.52422026999999,0.09069862961769104
0.020407594740390778,18.09,15.008707046508789,26768,470410,470511,0.1546565592288971,13337,0.0005,0.39,35,-21.109261219999997,0.015987977385520935
0.02047145366668701,18.28,14.450851440429688,26772,470491,470592,0.25094109773635864,13339,0.0005,0.38,35,-21.3879132,0.03488361835479736
0.020733267068862915,18.28,14.722421646118164,26776,470568,470669,-0.007763244211673737,13341,0.0005,0.38,35,-21.382071500000002,0.02613956294953823
0.020789703354239464,18.39,14.901420593261719,26780,470649,470750,-0.12442639470100403,13343,0.0005,0.41,35,-20.72104941,0.11735464632511139
0.021007778123021126,18.2,14.62324333190918,26784,470700,470801,-0.3045077323913574,13345,0.0005,0.39,35,-21.123024559999998,0.01555168442428112
0.021107394248247147,18.12,15.795270919799805,26788,470771,470872,-1.0707687139511108,13346,0.0005,0.39,35,-21.063839319999996,0.019467543810606003
0.02111339382827282,18.29,13.954813957214355,26792,470849,470950,1.0590555667877197,13348,0.0005,0.39,35,-21.133577719999998,0.03976420685648918
0.021510571241378784,18.22,15.94060230255127,26796,470911,471012,0.681451141834259,13350,0.0005,0.39,35,-21.12982724,0.10540857166051865
0.021783245727419853,18.17,16.40566635131836,26800,470968,471069,0.3543406128883362,13351,0.0005,0.4,35,-20.869633449999995,0.16890846192836761
0.021689724177122116,18.18,15.328315734863281,26804,471038,471139,0.13113439083099365,13353,0.0005,0.42,35,-20.401578609999998,0.03479860723018646
0.021159997209906578,18.32,15.427224159240723,26808,471111,471212,-0.29165172576904297,13355,0.0005,0.44,35,-19.98377951,0.02499236725270748
0.021054239943623543,18.4,15.000678062438965,26812,471199,471300,-0.9982129335403442,13357,0.0005,0.46,35,-19.634484959999998,0.03221431374549866
0.02091267891228199,18.59,14.211129188537598,26816,471279,471380,-0.375861257314682,13359,0.0005,0.46,35,-19.73074225,0.7765089869499207
0.021016433835029602,18.38,15.066822052001953,26820,471347,471448,0.4244418740272522,13361,0.0005,0.46,35,-19.70588651,0.048668067902326584
0.0210737157613039,18.28,14.989864349365234,26824,471425,471526,-0.1385093480348587,13362,0.0005,0.46,35,-19.703125860000004,0.07155539095401764
0.02120989002287388,18.18,16.446331024169922,26828,471482,471583,0.3408566117286682,13364,0.0005,0.42,35,-20.64972274,0.030509013682603836
0.021393917500972748,18.14,15.641380310058594,26832,471546,471647,-0.5014870166778564,13365,0.0005,0.42,35,-20.560119780000004,0.15420912206172943
0.02103923074901104,18.02,14.752063751220703,26836,471623,471724,-0.05436694622039795,13367,0.0005,0.42,35,-20.53770841,0.1771368682384491
0.020861241966485977,17.79,15.053979873657227,26840,471677,471778,-0.34134382009506226,13368,0.0005,0.44,35,-19.997604740000003,0.015212477184832096
0.020200829952955246,17.91,14.840373992919922,26844,471752,471853,0.08543792366981506,13370,0.0005,0.45,35,-19.808336590000007,0.05695987865328789
0.019862229004502296,17.94,15.143099784851074,26848,471832,471933,0.13535550236701965,13372,0.0005,0.46,35,-19.61611351,0.160951167345047
0.019924134016036987,17.85,16.403099060058594,26852,471903,472004,0.028762564063072205,13374,0.0005,0.47,35,-19.395575949999998,0.058924660086631775
0.020068055018782616,17.84,14.790146827697754,26856,471972,472073,-0.23730602860450745,13376,0.0005,0.47,35,-19.42217285,0.034692056477069855
0.02018575929105282,17.66,14.586801528930664,26860,472033,472134,0.09671378135681152,13377,0.0005,0.49,35,-18.800304029999996,0.3242032825946808
0.02076839469373226,17.83,13.590140342712402,26864,472112,472213,0.1322091817855835,13379,0.0005,0.51,35,-18.436909659999998,0.04629041627049446
0.02095768041908741,17.78,15.172444343566895,26868,472188,472289,-0.6086505651473999,13381,0.0005,0.47,35,-19.30527887,0.09314075112342834
0.020990915596485138,17.63,15.346726417541504,26872,472254,472355,0.4713737368583679,13382,0.0005,0.5,35,-18.574030430000004,3.18369197845459
0.02150156907737255,17.41,15.404848098754883,26876,472309,472410,0.7168208360671997,13384,0.0005,0.51,35,-18.242614839999998,0.07020343840122223
0.021533427760004997,17.34,15.110296249389648,26880,472383,472484,-0.4172719717025757,13385,0.0005,0.51,35,-18.19431543,0.19563384354114532
0.021912483498454094,17.57,16.542850494384766,26884,472457,472558,0.29769814014434814,13387,0.0005,0.52,35,-17.981802020000003,0.13645856082439423
0.02209256775677204,17.58,14.839616775512695,26888,472529,472630,0.041851706802845,13389,0.0005,0.52,35,-17.989201790000003,0.03476973623037338
0.022096769884228706,17.48,16.38486099243164,26892,472597,472698,0.3891814947128296,13390,0.0005,0.52,35,-17.974667420000003,0.06955479085445404
0.022094599902629852,17.53,15.667936325073242,26896,472664,472765,0.4051658511161804,13392,0.0005,0.52,35,-18.030260039999998,0.027262408286333084
0.022193104028701782,17.76,15.689452171325684,26900,472744,472845,0.05995149910449982,13393,0.0005,0.5,35,-18.603445970000003,1.3906270265579224
0.021900679916143417,17.7,15.183642387390137,26904,472808,472909,0.21416014432907104,13395,0.0005,0.51,35,-18.34365619,1.9016387462615967
0.021757075563073158,17.71,15.113698959350586,26908,472882,472983,-0.12995487451553345,13397,0.0005,0.51,35,-18.291266320000002,0.13460059463977814
0.02125226892530918,17.62,14.572968482971191,26912,472961,473062,-0.2658372223377228,13399,0.0005,0.5,35,-18.489055899999997,0.3208032548427582
0.02116648107767105,17.6,15.071847915649414,26916,473039,473140,0.25317853689193726,13400,0.0005,0.5,35,-18.466872629999997,0.14411742985248566
0.02134593389928341,17.8,14.903560638427734,26920,473127,473228,-0.7685088515281677,13402,0.0005,0.5,35,-18.49082171,0.02905263379216194
0.021227996796369553,17.81,14.736533164978027,26924,473206,473307,-0.05631644278764725,13404,0.0005,0.51,35,-18.27787865,0.11575736850500107
0.02116822637617588,18.02,15.14963436126709,26928,473284,473385,0.13298718631267548,13406,0.0005,0.52,35,-18.09961608,0.04173772782087326
0.02110566385090351,17.91,15.619202613830566,26932,473337,473438,-0.6087689399719238,13407,0.0005,0.52,35,-18.077745869999998,0.028926433995366096
0.02115524560213089,17.78,15.45346450805664,26936,473401,473502,0.749139666557312,13408,0.0005,0.54,35,-17.55350417,0.019150029867887497
0.02104959636926651,18.06,14.607107162475586,26940,473483,473584,0.6697901487350464,13410,0.0005,0.55,35,-17.42294733,0.10750064998865128
0.020632969215512276,18.1,16.180063247680664,26944,473562,473663,-0.6268957257270813,13412,0.0005,0.53,35,-17.93024193,0.03391915187239647
0.020053092390298843,18.1,14.80026912689209,26948,473642,473743,0.5120740532875061,13414,0.0005,0.53,35,-17.87170545,0.5317795276641846
0.01986066810786724,18.17,14.100675582885742,26952,473720,473821,-0.07880190014839172,13415,0.0005,0.5,35,-18.5514254,0.028715744614601135
0.020234933122992516,18.11,14.2073974609375,26956,473783,473884,0.4083268940448761,13417,0.0005,0.52,35,-18.03459298,0.04976087063550949
0.020653024315834045,18.31,13.700750350952148,26960,473864,473965,-0.1229240894317627,13419,0.0005,0.5,35,-18.61162535,0.028968151658773422
0.020766930654644966,18.29,14.844012260437012,26964,473941,474042,-0.0358753427863121,13421,0.0005,0.48,35,-19.03234602,0.2357410490512848
0.020381085574626923,18.34,15.135114669799805,26968,474022,474123,0.3029330372810364,13423,0.0005,0.51,35,-18.381327600000002,0.07054959237575531
0.02037649415433407,18.33,15.918262481689453,26972,474087,474188,-0.242674320936203,13424,0.0005,0.5,35,-18.629063209999998,0.03461158275604248
0.02006659470498562,18.49,15.165936470031738,26976,474158,474259,-0.1157757043838501,13426,0.0005,0.51,35,-18.49167764,0.5572215914726257
0.019833169877529144,18.31,15.62498664855957,26980,474214,474315,0.6528927683830261,13427,0.0005,0.48,35,-19.19779554,0.03823574632406235
0.019615596160292625,18.36,15.475580215454102,26984,474293,474394,-0.9932420253753662,13429,0.0005,0.49,35,-19.076876999999996,0.014657298102974892
0.01964351162314415,18.35,16.766151428222656,26988,474364,474465,0.8661345839500427,13431,0.0005,0.49,35,-19.07354299,0.06802003085613251
0.02016141265630722,18.42,15.452398300170898,26992,474439,474540,0.6565679311752319,13433,0.0005,0.5,35,-18.76907848,0.6216412782669067
0.02085578627884388,18.54,15.563304901123047,26996,474518,474619,-0.6213093996047974,13435,0.0005,0.5,35,-18.7429073,0.1323852837085724
0.020697589963674545,18.26,15.304624557495117,27000,474570,474671,-0.023631036281585693,13436,0.0005,0.5,35,-18.66125899,0.04248853772878647
0.020701158791780472,18.13,15.139153480529785,27004,474621,474722,-0.252594918012619,13437,0.0005,0.48,35,-19.1112616,0.04187998175621033
0.020686401054263115,18.04,14.341928482055664,27008,474686,474787,0.47979965806007385,13439,0.0005,0.47,35,-19.302890719999997,0.16536852717399597
0.021102353930473328,18.14,14.800741195678711,27012,474775,474876,-0.17961996793746948,13441,0.0005,0.46,35,-19.511893139999998,0.02034624107182026
0.02134706825017929,17.87,15.36025619506836,27016,474826,474927,0.3144221007823944,13442,0.0005,0.46,35,-19.435772569999997,0.021988287568092346
0.02128699980676174,17.85,15.3115873336792,27020,474912,475013,-0.7461770176887512,13445,0.0005,0.45,35,-19.63397235,0.016713105142116547
0.02101718634366989,17.81,16.20612144470215,27024,474987,475088,0.8364737629890442,13446,0.0005,0.44,35,-19.73848513,0.0674358457326889
0.020977606996893883,17.8,15.325421333312988,27028,475064,475165,0.015576280653476715,13448,0.0005,0.45,35,-19.52630211,0.05449721962213516
0.020821617916226387,17.95,14.383171081542969,27032,475132,475233,-0.4770456552505493,13450,0.0005,0.47,35,-19.091872799999997,1.5833663940429688
0.020879721269011497,18.1,13.805195808410645,27036,475211,475312,-0.6802232265472412,13452,0.0005,0.46,35,-19.35114338,0.12772199511528015
0.02103700302541256,18.0,16.189783096313477,27040,475283,475384,-0.09757046401500702,13454,0.0005,0.46,35,-19.332373829999998,0.9603368043899536
0.020936191082000732,17.9,14.312623023986816,27044,475352,475453,-0.16143527626991272,13455,0.0005,0.44,35,-19.735576430000002,0.025257743895053864
0.020546868443489075,17.82,15.150450706481934,27048,475424,475525,-0.20236319303512573,13457,0.0005,0.43,35,-19.93651475,0.24755394458770752
0.020144931972026825,17.72,14.697311401367188,27052,475492,475593,0.6126558780670166,13459,0.0005,0.44,35,-19.708668720000002,0.03807651251554489
0.020180802792310715,17.72,15.281460762023926,27056,475555,475656,1.1783548593521118,13460,0.0005,0.43,35,-19.91961032,0.09993690252304077
0.020507171750068665,17.52,15.607526779174805,27060,475616,475717,0.25760403275489807,13462,0.0005,0.43,35,-19.88497854,0.051568157970905304
0.020415695384144783,17.53,15.871854782104492,27064,475694,475795,-0.014381498098373413,13464,0.0005,0.43,35,-19.879846999999998,0.01803373545408249
0.020457563921809196,17.52,15.053518295288086,27068,475774,475875,0.3196033835411072,13466,0.0005,0.42,35,-20.070219039999998,0.2848145067691803
0.02037878707051277,17.58,15.793660163879395,27072,475845,475946,0.08691547065973282,13468,0.0005,0.42,35,-20.12440721,0.04305483028292656
0.020868947729468346,17.74,16.835935592651367,27076,475932,476033,1.2869246006011963,13470,0.0005,0.4,35,-20.60912142,1.5769647359848022
0.021125851199030876,17.89,14.956130981445312,27080,476003,476104,0.017725810408592224,13471,0.0005,0.41,35,-20.343103400000004,1.4098366498947144
0.02152007818222046,17.99,14.611682891845703,27084,476092,476193,0.3741758465766907,13473,0.0005,0.41,35,-20.345749090000005,0.09795347601175308
0.02159191481769085,18.06,15.041470527648926,27088,476170,476271,-0.07384690642356873,13475,0.0005,0.41,35,-20.395112660000006,0.06935325264930725
0.02153400145471096,18.1,15.518778800964355,27092,476249,476350,0.17469677329063416,13477,0.0005,0.41,35,-20.497121390000004,0.09220928698778152
0.021570490673184395,18.02,14.735782623291016,27096,476320,476421,-0.4937521815299988,13479,0.0005,0.41,35,-20.474184140000002,0.044421710073947906
0.021401897072792053,18.19,15.13283920288086,27100,476389,476490,-0.7238158583641052,13481,0.0005,0.42,35,-20.3472593,0.0615730956196785
0.020854856818914413,18.49,15.731765747070312,27104,476470,476571,-0.006828472018241882,13482,0.0005,0.43,35,-20.173801390000005,0.1272948980331421
0.02021794766187668,18.66,14.911453247070312,27108,476552,476653,-0.027434691786766052,13484,0.0005,0.44,35,-20.043591279999998,0.04654553532600403
0.020457949489355087,18.58,13.860488891601562,27112,476633,476734,-0.9740650653839111,13486,0.0005,0.46,35,-19.581796699999998,0.03492450714111328
0.02121756784617901,18.86,14.502342224121094,27116,476712,476813,-0.14695043861865997,13488,0.0005,0.47,35,-19.469870370000002,0.04744644835591316
0.021500615403056145,18.58,16.105979919433594,27120,476770,476871,1.1220853328704834,13490,0.0005,0.47,35,-19.450845989999998,0.07152208685874939
0.021993476897478104,18.43,16.50335693359375,27124,476830,476931,0.01855054497718811,13491,0.0005,0.46,35,-19.69293579,0.01837257109582424
0.021829746663570404,18.51,14.62575912475586,27128,476915,477016,-0.0871584564447403,13493,0.0005,0.45,35,-19.923277300000002,0.04717380926012993
0.021791910752654076,18.63,15.058494567871094,27132,476995,477096,-0.679975688457489,13495,0.0005,0.43,35,-20.438081389999997,0.0408860519528389
0.021342337131500244,18.56,13.994939804077148,27136,477067,477168,-0.7621724605560303,13496,0.0005,0.44,35,-20.23556916,0.04802260920405388
0.020830893889069557,18.56,15.513795852661133,27140,477139,477240,-0.7007550001144409,13498,0.0005,0.45,35,-19.982742280000004,2.492692470550537
0.020681964233517647,18.41,15.322651863098145,27144,477193,477294,-1.2173914909362793,13499,0.0005,0.47,35,-19.45702505,0.019979145377874374
0.020678117871284485,18.44,16.44382095336914,27148,477268,477369,0.019504308700561523,13501,0.0005,0.46,35,-19.717215109999998,0.05171817168593407
0.020563703030347824,18.28,15.571860313415527,27152,477320,477421,0.9981522560119629,13502,0.0005,0.46,35,-19.657337489999996,0.036443985998630524
0.020778603851795197,18.54,14.62932014465332,27156,477409,477510,-1.0864688158035278,13504,0.0005,0.47,35,-19.57790881,0.7749042510986328
0.020601218566298485,18.55,14.888230323791504,27160,477471,477572,0.20233246684074402,13506,0.0005,0.47,35,-19.587465850000005,0.036663033068180084
0.02071431465446949,18.34,13.534577369689941,27164,477528,477629,-0.6219910979270935,13507,0.0005,0.46,35,-19.757887970000002,0.016047492623329163
0.020385833457112312,18.26,15.906305313110352,27168,477600,477701,-0.19754181802272797,13509,0.0005,0.46,35,-19.76951294,0.027633871883153915
0.020347677171230316,18.17,14.394425392150879,27172,477662,477763,-0.09148645401000977,13510,0.0005,0.45,35,-19.92480912,0.030233386904001236
0.0205663051456213,18.02,15.107341766357422,27176,477734,477835,0.03892102837562561,13512,0.0005,0.46,35,-19.65151834,0.05217738449573517
0.020693741738796234,18.08,13.792472839355469,27180,477811,477912,-0.2112373262643814,13514,0.0005,0.46,35,-19.705628920000002,0.057795412838459015
0.02074914611876011,17.88,16.226333618164062,27184,477880,477981,0.1429394781589508,13515,0.0005,0.44,35,-20.09109343,0.23978282511234283
0.020792875438928604,17.79,15.568666458129883,27188,477949,478050,-0.42815983295440674,13517,0.0005,0.43,35,-20.291205329999997,0.03720289468765259
0.020632293075323105,17.79,15.608546257019043,27192,478028,478129,0.17897498607635498,13519,0.0005,0.43,35,-20.290361430000004,0.029867049306631088
0.020384564995765686,17.95,13.775436401367188,27196,478115,478216,0.5221991539001465,13521,0.0005,0.43,35,-20.36411928,0.03640411049127579
0.020203664898872375,18.02,14.82168960571289,27200,478191,478292,0.6727178692817688,13523,0.0005,0.44,35,-20.074262500000003,1.0444755554199219
0.020666111260652542,18.02,14.499305725097656,27204,478272,478373,0.2603533864021301,13525,0.0005,0.46,35,-19.654453380000003,0.13334862887859344
0.021051453426480293,17.89,14.687501907348633,27208,478341,478442,-0.45981043577194214,13527,0.0005,0.44,35,-20.098036140000005,0.03313598409295082
0.021228795871138573,17.77,14.10763168334961,27212,478410,478511,-0.6605523824691772,13529,0.0005,0.43,35,-20.28904111,0.04586638882756233
0.021254219114780426,17.75,15.677234649658203,27216,478487,478588,0.4081982374191284,13531,0.0005,0.43,35,-20.240110919999996,0.05035136640071869
0.02134677954018116,17.93,15.126288414001465,27220,478563,478664,-0.322261244058609,13532,0.0005,0.44,35,-20.040474349999997,0.10036109387874603
0.02118016593158245,18.09,14.45478630065918,27224,478639,478740,0.02659544348716736,13534,0.0005,0.47,35,-19.38876807,0.05446472018957138
0.020953992381691933,17.97,13.938085556030273,27228,478712,478813,-0.3434068560600281,13536,0.0005,0.49,35,-18.85208228,0.06850448250770569
0.02027633786201477,17.95,15.25987434387207,27232,478790,478891,0.6682786345481873,13538,0.0005,0.49,35,-18.90197047,0.3640485405921936
0.020142346620559692,17.8,13.879362106323242,27236,478847,478948,-0.586487889289856,13539,0.0005,0.48,35,-19.05137451,0.031510889530181885
0.020168215036392212,17.72,15.407422065734863,27240,478911,479012,-0.3682634234428406,13541,0.0005,0.47,35,-19.25717354,0.25229978561401367
0.02022244967520237,17.87,15.436863899230957,27244,478980,479081,0.31992441415786743,13542,0.0005,0.46,35,-19.582288330000004,0.058552127331495285
0.020582223311066628,17.89,15.546915054321289,27248,479057,479158,-0.1316368132829666,13544,0.0005,0.47,35,-19.37761855,0.06546786427497864
0.02087789960205555,18.04,15.94542121887207,27252,479124,479225,0.03316987678408623,13546,0.0005,0.47,35,-19.43079529,0.047350917011499405
0.020967630669474602,17.96,14.407417297363281,27256,479205,479306,-0.26980966329574585,13548,0.0005,0.47,35,-19.38193787,0.06252238154411316
0.020849984139204025,18.05,15.068151473999023,27260,479276,479377,-0.331922709941864,13549,0.0005,0.47,35,-19.392819550000002,0.04658619686961174
0.02081068605184555,18.02,14.679447174072266,27264,479330,479431,-0.2892886698246002,13551,0.0005,0.49,35,-18.893522909999998,0.04042641073465347
0.020753536373376846,18.09,14.365979194641113,27268,479409,479510,-0.8526590466499329,13553,0.0005,0.5,35,-18.724125059999995,0.10192713141441345
0.020646799355745316,18.09,15.346660614013672,27272,479471,479572,0.16609954833984375,13555,0.0005,0.5,35,-18.76550908,0.048310793936252594
0.020673876628279686,18.08,15.266399383544922,27276,479542,479643,0.25607186555862427,13556,0.0005,0.5,35,-18.758211659999997,0.22492501139640808
0.020965566858649254,18.02,14.624650001525879,27280,479613,479714,0.5080069303512573,13558,0.0005,0.51,35,-18.510094419999998,0.6802546977996826
0.021538637578487396,18.05,13.968674659729004,27284,479685,479786,-0.20545318722724915,13560,0.0005,0.52,35,-18.22050434,0.686050534248352
0.02159091643989086,17.97,14.188261032104492,27288,479746,479847,-0.5640211701393127,13561,0.0005,0.53,35,-17.955907109999995,0.035821378231048584
0.021398456767201424,17.81,15.51974868774414,27292,479809,479910,0.06189144402742386,13563,0.0005,0.54,35,-17.643039609999995,0.07566798478364944
0.021369261667132378,17.63,15.045564651489258,27296,479878,479979,-0.4699038863182068,13565,0.0005,0.55,35,-17.41620082,0.07331831753253937
0.021457552909851074,17.62,14.872089385986328,27300,479953,480054,0.24967627227306366,13580,0.0005,0.55,35,-17.410119820000002,0.0297764390707016
0.021696820855140686,17.48,16.41454315185547,27304,480020,480121,-0.31760892271995544,13582,0.0005,0.52,35,-18.063073789999997,0.0406494215130806
0.021434620022773743,17.49,14.100868225097656,27308,480090,480191,-0.6777971982955933,13584,0.0005,0.53,35,-17.80851164,0.0960247665643692
0.02092766761779785,17.69,15.960189819335938,27312,480179,480280,0.35405832529067993,13586,0.0005,0.53,35,-17.88935698,0.027399025857448578
0.021054210141301155,17.48,15.052003860473633,27316,480235,480336,-0.37046509981155396,13587,0.0005,0.51,35,-18.334240259999998,0.022160235792398453
0.02096768096089363,17.33,14.483895301818848,27320,480296,480397,-0.20186950266361237,13589,0.0005,0.52,35,-18.06378232,0.02746603451669216
0.02076008729636669,17.43,13.823959350585938,27324,480382,480483,1.166717767715454,13591,0.0005,0.49,35,-18.78524963,0.11479729413986206
0.02084110863506794,17.32,16.644363403320312,27328,480444,480545,0.19446855783462524,13593,0.0005,0.48,35,-19.02338912,0.031846776604652405
0.021052634343504906,17.43,15.31570816040039,27332,480533,480634,0.7256902456283569,13595,0.0005,0.49,35,-18.82842058,0.040010713040828705
0.021352088078856468,17.59,15.653696060180664,27336,480606,480707,0.842270016670227,13597,0.0005,0.5,35,-18.67262781,0.061676494777202606
0.021557046100497246,17.66,13.433886528015137,27340,480677,480778,-0.7858676910400391,13598,0.0005,0.48,35,-19.13628662,0.018243908882141113
0.021296003833413124,17.65,15.72858715057373,27344,480745,480846,0.3152194023132324,13600,0.0005,0.51,35,-18.370586090000003,0.0836164727807045
0.020922766998410225,17.46,15.585399627685547,27348,480803,480904,-0.48818832635879517,13602,0.0005,0.51,35,-18.35659271,0.35848891735076904
0.02050049602985382,17.52,14.407346725463867,27352,480876,480977,-0.7554888129234314,13603,0.0005,0.52,35,-18.126199000000003,1.3186073303222656
0.020779429003596306,17.44,15.559913635253906,27356,480949,481050,0.39116519689559937,13605,0.0005,0.52,35,-18.070039259999998,0.030585462227463722
0.02056044153869152,17.33,16.122337341308594,27360,481009,481110,-0.006501436233520508,13607,0.0005,0.51,35,-18.2728665,0.03953816741704941
0.020221350714564323,17.4,15.9473876953125,27364,481070,481171,-0.0030875802040100098,13608,0.0005,0.51,35,-18.33373844,0.0452783927321434
0.02034013904631138,17.34,15.917978286743164,27368,481143,481244,0.044826626777648926,13610,0.0005,0.5,35,-18.44662994,0.020303022116422653
0.020206468179821968,17.5,14.48038387298584,27372,481221,481322,-0.40511032938957214,13612,0.0005,0.49,35,-18.70564057,0.026093676686286926
0.020153256133198738,17.61,15.298916816711426,27376,481303,481404,-0.2266615331172943,13614,0.0005,0.5,35,-18.51828784,0.03744419664144516
0.020017411559820175,17.51,14.580948829650879,27380,481364,481465,-0.3836453855037689,13615,0.0005,0.49,35,-18.71137881,0.035521283745765686
0.01979636959731579,17.56,15.031452178955078,27384,481441,481542,0.7905884981155396,13617,0.0005,0.49,35,-18.81177069,0.4648357629776001
0.01954505406320095,17.72,13.763748168945312,27388,481518,481619,0.5017664432525635,13619,0.0005,0.48,35,-19.098684480000003,0.06741521507501602
0.019948452711105347,17.73,14.129770278930664,27392,481582,481683,0.49864688515663147,13621,0.0005,0.47,35,-19.313137180000002,0.022820085287094116
0.020274613052606583,17.85,15.664621353149414,27396,481663,481764,0.04565170407295227,13623,0.0005,0.48,35,-19.059240300000003,1.0114500522613525
0.021120285615324974,17.87,14.587006568908691,27400,481740,481841,-0.4787025451660156,13624,0.0005,0.47,35,-19.351621180000002,0.15049436688423157
0.021473657339811325,17.85,13.9393310546875,27404,481805,481906,-0.057715754956007004,13626,0.0005,0.5,35,-18.59373727,0.04322129487991333
0.02165103331208229,17.76,15.395018577575684,27408,481866,481967,0.8590275049209595,13627,0.0005,0.49,35,-18.79824707,0.06397887319326401
0.02184724062681198,17.59,14.021561622619629,27412,481938,482039,0.047242119908332825,13629,0.0005,0.49,35,-18.704190460000003,0.06017455458641052
0.02193891443312168,17.61,15.117737770080566,27416,481996,482097,0.029706865549087524,13630,0.0005,0.5,35,-18.47151842,0.04061499610543251
0.021783312782645226,17.65,15.884119033813477,27420,482061,482162,-0.6726675033569336,13631,0.0005,0.51,35,-18.2245742,0.04644666612148285
0.02167690359055996,17.43,15.189047813415527,27424,482125,482226,-0.6136572957038879,13633,0.0005,0.52,35,-17.909763499999997,0.027083199471235275
0.021667705848813057,17.56,15.704651832580566,27428,482200,482301,-0.47080913186073303,13634,0.0005,0.53,35,-17.689359949999997,0.045847054570913315
0.021287716925144196,17.48,16.00788116455078,27432,482281,482382,-0.39817607402801514,13636,0.0005,0.53,35,-17.62466123,0.042017318308353424
0.020930785685777664,17.5,15.981801986694336,27436,482356,482457,-0.1267589032649994,13638,0.0005,0.53,35,-17.582971129999997,0.03370402008295059
0.020551318302750587,17.54,14.851113319396973,27440,482431,482532,-0.3024318814277649,13640,0.0005,0.56,35,-16.92124807,0.22494453191757202
0.020678596571087837,17.67,15.317001342773438,27444,482512,482613,1.012450933456421,13642,0.0005,0.55,35,-17.239970680000003,0.08420953154563904
0.020476670935750008,17.87,16.626846313476562,27448,482590,482691,0.12441219389438629,13644,0.0005,0.56,35,-17.048319040000003,0.03362146019935608
0.020243188366293907,17.91,15.738372802734375,27452,482667,482768,-0.4216371178627014,13646,0.0005,0.55,35,-17.3055269,0.04986219108104706
0.019992981106042862,17.81,14.830442428588867,27456,482730,482831,-0.0014507174491882324,13647,0.0005,0.54,35,-17.505540710000002,0.039809584617614746
0.019613130018115044,17.85,14.936416625976562,27460,482794,482895,0.4650992751121521,13649,0.0005,0.55,35,-17.25339853,0.04193585366010666
0.019740458577871323,17.89,14.070236206054688,27464,482859,482960,-0.31114664673805237,13651,0.0005,0.56,35,-16.96009196,0.09289371967315674
0.019953124225139618,17.84,14.921289443969727,27468,482927,483028,-0.8422567248344421,13653,0.0005,0.55,35,-17.25217167,0.03500022739171982
0.01983741670846939,17.88,15.541155815124512,27472,483009,483110,0.566741406917572,13655,0.0005,0.58,35,-16.60252774,1.0976508855819702
0.020075783133506775,17.68,15.775043487548828,27476,483071,483172,0.45346343517303467,13656,0.0005,0.57,35,-16.7365348,0.015455098822712898
0.019768759608268738,17.78,14.154827117919922,27480,483142,483243,-0.29575133323669434,13658,0.0005,0.57,35,-16.74688881,0.056870441883802414
0.019580401480197906,17.81,14.122367858886719,27484,483222,483323,-0.3308451771736145,13660,0.0005,0.57,35,-16.71464932,0.036066681146621704
0.01963673159480095,17.74,16.224674224853516,27488,483292,483393,-0.3168249726295471,13662,0.0005,0.6,35,-15.93660731,0.031150933355093002
0.01901903562247753,17.9,14.975369453430176,27492,483372,483473,-0.48359668254852295,13664,0.0005,0.58,35,-16.46809301,0.04177951067686081
0.01893172226846218,17.79,14.17738151550293,27496,483442,483543,0.006194412708282471,13666,0.0005,0.57,35,-16.66546427,0.028836756944656372
0.019208773970603943,17.83,13.678876876831055,27500,483523,483624,-0.41209614276885986,13668,0.0005,0.58,35,-16.418127119999998,0.018062368035316467
0.01965177059173584,17.91,14.839272499084473,27504,483596,483697,0.3192763924598694,13669,0.0005,0.56,35,-16.92838699,0.04901360720396042
0.020249024033546448,18.0,17.095046997070312,27508,483666,483767,0.6729334592819214,13671,0.0005,0.57,35,-16.716508779999998,0.26501375436782837
0.020826300606131554,17.99,16.7006893157959,27512,483737,483838,0.6155494451522827,13673,0.0005,0.56,35,-16.945753489999998,0.03843921422958374
0.020405512303113937,18.11,14.75368881225586,27516,483807,483908,-0.5089410543441772,13674,0.0005,0.57,35,-16.73103875,0.03978005424141884
0.020390233024954796,18.16,14.901346206665039,27520,483877,483978,0.22672578692436218,13676,0.0005,0.55,35,-17.201998059999998,0.3121374845504761
0.02033362351357937,18.06,15.177505493164062,27524,483931,484032,0.16751033067703247,13677,0.0005,0.55,35,-17.179895709999997,0.12133070826530457
0.020605914294719696,18.11,14.126853942871094,27528,484011,484112,-0.21100816130638123,13679,0.0005,0.55,35,-17.26591601,0.09086553752422333
0.021135907620191574,18.01,15.085516929626465,27532,484082,484183,-0.24674871563911438,13681,0.0005,0.53,35,-17.681703969999997,0.8689843416213989
0.021013563498854637,17.96,14.760677337646484,27536,484152,484253,-0.6049098372459412,13683,0.0005,0.51,35,-18.151059939999996,0.024287763983011246
0.020481426268815994,17.93,14.704460144042969,27540,484224,484325,-0.47336071729660034,13684,0.0005,0.49,35,-18.564850720000003,0.02662019431591034
0.020316995680332184,17.93,15.565916061401367,27544,484305,484406,-0.715175986289978,13687,0.0005,0.49,35,-18.55748845,0.012720393016934395
0.02015063725411892,17.78,14.36481761932373,27548,484368,484469,-0.47550490498542786,13689,0.0005,0.49,35,-18.486999540000003,0.038449279963970184
0.020113803446292877,17.6,14.763859748840332,27552,484427,484528,0.1725866198539734,13690,0.0005,0.49,35,-18.43051099,0.04142693057656288
0.019896697252988815,17.78,15.331907272338867,27556,484508,484609,-0.09151676297187805,13692,0.0005,0.51,35,-18.071493880000002,0.01942920684814453
0.019593866541981697,18.03,14.690001487731934,27560,484597,484698,0.05520826578140259,13695,0.0005,0.51,35,-18.184910079999998,0.03411015495657921
0.019765794277191162,18.03,14.729318618774414,27564,484662,484763,1.1510738134384155,13697,0.0005,0.51,35,-18.18376718,0.047249920666217804
0.020077060908079147,18.14,14.170839309692383,27568,484741,484842,-0.11070249229669571,13699,0.0005,0.51,35,-18.19403224,0.04299896955490112
0.020069904625415802,18.06,14.787620544433594,27572,484815,484916,-0.4241489768028259,13701,0.0005,0.5,35,-18.344907980000002,0.9265589714050293
0.02044699527323246,18.19,14.934244155883789,27576,484890,484991,0.5326462984085083,13703,0.0005,0.52,35,-17.945919590000003,0.0652119368314743
0.020545482635498047,18.19,14.751877784729004,27580,484961,485062,-0.6157469749450684,13705,0.0005,0.54,35,-17.528802120000005,0.7633262276649475
0.02028755657374859,18.26,14.742179870605469,27584,485048,485149,-0.7967249155044556,13707,0.0005,0.53,35,-17.785260509999997,1.415701150894165
0.02010752260684967,18.19,15.321013450622559,27588,485111,485212,-0.25177472829818726,13708,0.0005,0.52,35,-18.03420659,0.19940827786922455
0.019945185631513596,18.19,16.339580535888672,27592,485191,485292,-0.35726016759872437,13711,0.0005,0.55,35,-17.359548160000003,0.035371750593185425
0.01987079344689846,18.01,14.719386100769043,27596,485243,485344,0.11468034982681274,13712,0.0005,0.54,35,-17.547625690000004,0.4798421561717987
0.019785281270742416,17.96,15.801139831542969,27600,485319,485420,-0.08271706849336624,13714,0.0005,0.51,35,-18.22595442,0.13943609595298767
0.019347097724676132,18.04,15.520398139953613,27604,485400,485501,0.19796845316886902,13716,0.0005,0.51,35,-18.241313160000004,0.025959117338061333
0.01922476850450039,18.11,15.787313461303711,27608,485477,485578,-0.23798881471157074,13718,0.0005,0.51,35,-18.311666149999997,0.05921892076730728
0.019223129376769066,18.04,16.642391204833984,27612,485541,485642,-0.30123525857925415,13720,0.0005,0.52,35,-18.04736227,0.030937140807509422
0.019321514293551445,18.15,14.961031913757324,27616,485622,485723,-0.006995290517807007,13722,0.0005,0.53,35,-17.83084682,0.025551479309797287
0.01922426000237465,18.15,15.196829795837402,27620,485692,485793,0.06915801763534546,13724,0.0005,0.53,35,-17.874322309999997,0.05316627770662308
0.019354719668626785,18.47,14.859857559204102,27624,485778,485879,0.09565755724906921,13726,0.0005,0.52,35,-18.20364059,0.033784009516239166
0.019238250330090523,18.47,15.669238090515137,27628,485858,485959,0.6378310918807983,13728,0.0005,0.52,35,-18.16938056,0.020697971805930138
0.019177397713065147,18.35,15.472156524658203,27632,485917,486018,-0.41045892238616943,13729,0.0005,0.52,35,-18.20279106,0.045010823756456375
0.019088860601186752,18.37,14.909894943237305,27636,485989,486090,-0.37102842330932617,13731,0.0005,0.52,35,-18.188127950000002,0.026340140029788017
0.01939072087407112,18.54,14.789462089538574,27640,486078,486179,0.9750048518180847,13733,0.0005,0.54,35,-17.87872909,0.10418149828910828
0.019373685121536255,18.4,14.829643249511719,27644,486145,486246,0.1152259111404419,13735,0.0005,0.51,35,-18.5287681,0.020971938967704773
0.019358770921826363,18.49,14.049280166625977,27648,486217,486318,0.028661683201789856,13737,0.0005,0.52,35,-18.333693790000005,0.20887520909309387
0.019322266802191734,18.73,13.89700984954834,27652,486300,486401,-0.708293080329895,13739,0.0005,0.54,35,-17.93025347,0.06998607516288757
0.01935388147830963,18.47,14.736842155456543,27656,486355,486456,-0.7976400852203369,13740,0.0005,0.52,35,-18.2731783,0.03434460610151291
0.019320983439683914,18.16,13.775020599365234,27660,486413,486514,0.029657885432243347,13742,0.0005,0.51,35,-18.436447159999997,0.029411230236291885
0.019312644377350807,18.08,15.642053604125977,27664,486470,486571,0.5966010093688965,13743,0.0005,0.51,35,-18.419917740000002,0.11130088567733765
0.01957980915904045,17.93,15.607484817504883,27668,486534,486635,0.2939244508743286,13745,0.0005,0.52,35,-18.1052402,0.15654441714286804
0.020029498264193535,17.89,16.02819061279297,27672,486604,486705,0.7906396389007568,13746,0.0005,0.52,35,-18.14586661,0.643285870552063
0.02020689845085144,17.92,13.878742218017578,27676,486682,486783,0.39652949571609497,13748,0.0005,0.48,35,-19.08837405,0.2146865576505661
0.02004428766667843,17.74,15.511013984680176,27680,486735,486836,0.06478153169155121,13750,0.0005,0.46,35,-19.484495929999998,0.02576158195734024
0.0194870438426733,17.54,15.102920532226562,27684,486802,486903,-1.4581124782562256,13751,0.0005,0.45,35,-19.65785287,0.06929907202720642
0.019061585888266563,17.64,15.725553512573242,27688,486875,486976,0.2635926604270935,13753,0.0005,0.44,35,-19.909943690000002,0.20582467317581177
0.018925819545984268,17.71,16.741477966308594,27692,486962,487063,0.28859660029411316,13755,0.0005,0.43,35,-20.177569390000002,0.04734539985656738
0.018952012062072754,17.9,13.596038818359375,27696,487033,487134,-0.9800549745559692,13757,0.0005,0.45,35,-19.787491260000003,0.02896874025464058
0.01874598115682602,17.84,14.115860939025879,27700,487103,487204,-0.040378957986831665,13759,0.0005,0.46,35,-19.53015678,0.7331164479255676
0.018621321767568588,17.91,15.689913749694824,27704,487191,487292,0.04925069212913513,13761,0.0005,0.46,35,-19.58361148,0.10144564509391785
0.018493928015232086,17.76,14.740469932556152,27708,487253,487354,0.3689391314983368,13762,0.0005,0.45,35,-19.73031626,0.021031823009252548
0.018465179949998856,17.91,15.038049697875977,27712,487332,487433,-0.3648771643638611,13764,0.0005,0.44,35,-20.060335410000004,0.5632326602935791
0.018090881407260895,17.93,15.518985748291016,27716,487415,487516,-0.25397613644599915,13766,0.0005,0.44,35,-20.067449440000004,0.1427239030599594
0.018096258863806725,17.98,15.346698760986328,27720,487490,487591,0.8504267930984497,13768,0.0005,0.46,35,-19.57176749,0.08737840503454208
0.01813473179936409,17.85,15.91949462890625,27724,487563,487664,0.5899533033370972,13770,0.0005,0.48,35,-19.06067436,0.2765326201915741
0.018297525122761726,17.67,14.964510917663574,27728,487625,487726,-0.06227707862854004,13771,0.0005,0.47,35,-19.238417140000003,0.025724343955516815
0.018217267468571663,17.71,14.61014175415039,27732,487688,487789,0.3316051959991455,13773,0.0005,0.48,35,-18.935508100000003,0.2667825222015381
0.018337363377213478,17.62,13.668262481689453,27736,487751,487852,-0.5039231777191162,13775,0.0005,0.49,35,-18.67872786,0.21333256363868713
0.018739162012934685,17.53,14.847597122192383,27740,487831,487932,-0.2888886332511902,13777,0.0005,0.47,35,-19.08361766,0.12712490558624268
0.019096413627266884,17.56,15.932099342346191,27744,487901,488002,-0.10060739517211914,13778,0.0005,0.49,35,-18.6288354,0.09512472152709961
0.01940903440117836,17.55,15.467612266540527,27748,487972,488073,-0.3443683981895447,13780,0.0005,0.49,35,-18.58708399,0.06140889599919319
0.01969294622540474,17.33,14.899835586547852,27752,488033,488134,0.07687319070100784,13782,0.0005,0.48,35,-18.76953484,0.020006313920021057
0.02008434385061264,17.64,15.45836067199707,27756,488119,488220,-0.39345282316207886,13784,0.0005,0.47,35,-19.118645260000005,0.0359283983707428
0.020005330443382263,17.79,13.998403549194336,27760,488192,488293,0.19528836011886597,13786,0.0005,0.49,35,-18.683010859999996,0.13504084944725037
0.019736316055059433,17.81,13.721248626708984,27764,488251,488352,-1.1397085189819336,13787,0.0005,0.47,35,-19.19938749,0.04067516326904297
0.01961098611354828,17.74,15.304527282714844,27768,488308,488409,0.16317661106586456,13789,0.0005,0.48,35,-18.938067990000004,0.03194952756166458
0.019295131787657738,17.92,15.243494033813477,27772,488396,488497,0.28822997212409973,13791,0.0005,0.46,35,-19.431497280000002,0.043864406645298004
0.019221598282456398,17.81,13.594049453735352,27776,488463,488564,0.5752000212669373,13793,0.0005,0.48,35,-18.905980299999996,0.028633620589971542
0.01900363527238369,18.16,14.981372833251953,27780,488551,488652,0.7265403866767883,13795,0.0005,0.48,35,-18.9735878,0.029263151809573174
0.019238999113440514,18.32,14.684921264648438,27784,488634,488735,0.6354154348373413,13797,0.0005,0.51,35,-18.33927096,0.151064932346344
0.019486477598547935,18.4,15.1104736328125,27788,488715,488816,0.1674739122390747,13799,0.0005,0.5,35,-18.57034352,0.03312264382839203
0.019589310511946678,18.3,15.446067810058594,27792,488792,488893,-0.7883095741271973,13801,0.0005,0.49,35,-18.751220189999998,2.3822593688964844
0.01924636960029602,18.47,14.682088851928711,27796,488880,488981,0.007377520203590393,13803,0.0005,0.48,35,-19.027095600000003,0.026543060317635536
0.01940285414457321,18.58,15.180548667907715,27800,488961,489062,0.2864444851875305,13805,0.0005,0.5,35,-18.60543243,0.29655495285987854
0.019291074946522713,18.43,14.73176383972168,27804,489034,489135,-0.6536435484886169,13807,0.0005,0.51,35,-18.33791699,0.0316753163933754
0.019196607172489166,18.49,16.33687400817871,27808,489102,489203,0.3022977411746979,13808,0.0005,0.51,35,-18.37090964,0.04197555407881737
0.01953727751970291,18.32,15.992794036865234,27812,489164,489265,0.4272044599056244,13810,0.0005,0.51,35,-18.281072090000002,0.03584558516740799
0.019862769171595573,18.28,15.749797821044922,27816,489243,489344,0.43271803855895996,13811,0.0005,0.5,35,-18.47153386,0.054525360465049744
0.020180583000183105,18.17,15.261138916015625,27820,489307,489408,0.3931429386138916,13813,0.0005,0.49,35,-18.654389289999997,0.09475185722112656
0.0205328818410635,18.11,13.264532089233398,27824,489374,489475,-0.5413866639137268,13814,0.0005,0.47,35,-19.1566166,0.023665502667427063
0.020315751433372498,18.17,15.569991111755371,27828,489442,489543,-0.6708172559738159,13816,0.0005,0.45,35,-19.62247344,1.4758896827697754
0.020568277686834335,18.27,15.062782287597656,27832,489515,489616,0.29191353917121887,13818,0.0005,0.45,35,-19.683688829999998,0.2933887243270874
0.020612593740224838,18.44,14.666691780090332,27836,489595,489696,-0.5338375568389893,13820,0.0005,0.45,35,-19.766772560000003,0.06373472511768341
0.020428571850061417,18.28,15.179193496704102,27840,489659,489760,-0.15761998295783997,13821,0.0005,0.46,35,-19.44690715,0.025294039398431778
0.019949058070778847,18.39,14.565408706665039,27844,489740,489841,-0.5804783701896667,13823,0.0005,0.47,35,-19.25392461,0.014883901923894882
0.019273724406957626,18.46,15.404529571533203,27848,489818,489919,-0.05181732773780823,13825,0.0005,0.47,35,-19.345533869999997,0.18908976018428802
0.018864987418055534,18.63,15.761551856994629,27852,489896,489997,-0.2398204207420349,13827,0.0005,0.47,35,-19.418553409999998,0.02242879942059517
0.018966224044561386,18.52,15.367891311645508,27856,489971,490072,-0.027910128235816956,13842,0.0005,0.49,35,-18.87487336,0.13116604089736938
0.019123369827866554,18.57,14.76494312286377,27860,490049,490150,0.7016136050224304,13843,0.0005,0.48,35,-19.124467730000003,0.056125394999980927
0.019178422167897224,18.63,15.224922180175781,27864,490114,490215,0.5364049673080444,13845,0.0005,0.5,35,-18.67205887,0.07547096908092499
0.019148623570799828,18.68,15.63929557800293,27868,490176,490277,-0.15356892347335815,13846,0.0005,0.49,35,-18.97798072,0.03235378861427307
0.01915867067873478,18.43,16.313350677490234,27872,490239,490340,0.8672256469726562,13848,0.0005,0.5,35,-18.68277134,0.0652504488825798
0.019305355846881866,18.43,14.318582534790039,27876,490306,490407,0.5306941866874695,13849,0.0005,0.49,35,-18.96217741,0.0223989337682724
0.019559470936655998,18.26,15.294218063354492,27880,490377,490478,0.6379877328872681,13851,0.0005,0.49,35,-18.91772095,0.06922463327646255
0.02005462720990181,18.15,16.074161529541016,27884,490449,490550,1.0783685445785522,13853,0.0005,0.48,35,-19.106454069999998,0.06897856295108795
0.02029130607843399,17.85,13.513017654418945,27888,490500,490601,-0.6014382839202881,13854,0.0005,0.48,35,-19.0617393,0.022182073444128036
0.020470034331083298,17.85,14.628796577453613,27892,490577,490678,0.7662384510040283,13856,0.0005,0.49,35,-18.857957289999998,0.05003909021615982
0.020604971796274185,17.67,14.249428749084473,27896,490647,490748,0.4479319453239441,13858,0.0005,0.49,35,-18.80644458,0.029561985284090042
0.02084653452038765,17.65,14.575286865234375,27900,490726,490827,-0.2662585973739624,13860,0.0005,0.48,35,-19.02720093,0.11631060391664505
0.02069018967449665,17.64,14.453527450561523,27904,490798,490899,-0.030827999114990234,13861,0.0005,0.47,35,-19.219209059999997,0.015817560255527496
0.02066868729889393,17.64,15.092860221862793,27908,490866,490967,-0.3757118880748749,13863,0.0005,0.48,35,-19.00685619,1.6331391334533691
0.020387355238199234,17.79,15.48595142364502,27912,490943,491044,-0.37923094630241394,13865,0.0005,0.49,35,-18.862381220000003,0.737851619720459
0.020088471472263336,17.64,16.275253295898438,27916,491007,491108,0.3081541657447815,13866,0.0005,0.49,35,-18.79974257,0.04477197676897049
0.019916435703635216,17.82,16.562400817871094,27920,491089,491190,0.3854433596134186,13868,0.0005,0.48,35,-19.077777659999995,0.05183438956737518
0.019765784963965416,17.85,15.319841384887695,27924,491159,491260,0.6025976538658142,13870,0.0005,0.49,35,-18.84705547,0.11106444895267487
0.019991232082247734,17.72,15.668501853942871,27928,491214,491315,-0.3287944197654724,13871,0.0005,0.51,35,-18.322725769999998,0.07967175543308258
0.01962912455201149,17.67,14.637818336486816,27932,491282,491383,-0.5580259561538696,13873,0.0005,0.51,35,-18.365635609999998,0.13501417636871338
0.019531939178705215,17.73,15.253837585449219,27936,491368,491469,-0.034250855445861816,13875,0.0005,0.5,35,-18.60957757,0.040549568831920624
0.019612962380051613,17.73,14.463824272155762,27940,491432,491533,-0.41308683156967163,13876,0.0005,0.5,35,-18.60972599,0.03144672513008118
0.020093973726034164,17.69,14.959556579589844,27944,491509,491610,0.04646725952625275,13878,0.0005,0.48,35,-19.0475014,0.057842157781124115
0.020380575209856033,17.65,15.078506469726562,27948,491583,491684,0.45523932576179504,13880,0.0005,0.49,35,-18.74774281,0.041922420263290405
0.020395319908857346,17.65,15.382108688354492,27952,491661,491762,0.28093957901000977,13882,0.0005,0.49,35,-18.742214649999998,0.14272116124629974
0.020432090386748314,17.5,15.773845672607422,27956,491721,491822,-0.3901759386062622,13883,0.0005,0.48,35,-18.959454559999998,0.38526904582977295
0.020257193595170975,17.34,15.632967948913574,27960,491783,491884,-0.15436086058616638,13885,0.0005,0.47,35,-19.092884579999996,0.36319461464881897
0.020108338445425034,17.31,15.508501052856445,27964,491845,491946,1.0448858737945557,13886,0.0005,0.45,35,-19.550494590000003,0.021926192566752434
0.02018485590815544,17.5,15.118653297424316,27968,491926,492027,-0.27612680196762085,13888,0.0005,0.46,35,-19.40736272,1.8001326322555542
0.019956592470407486,17.5,14.857288360595703,27972,491989,492090,-0.6999192833900452,13889,0.0005,0.47,35,-19.15389573,0.030020996928215027
0.01998598873615265,17.58,13.742185592651367,27976,492064,492165,0.13405722379684448,13891,0.0005,0.49,35,-18.66796415,0.0104932626709342
0.020010191947221756,17.37,15.7168607711792,27980,492114,492215,-0.3224993646144867,13892,0.0005,0.48,35,-18.88903078,0.66912442445755
0.019994935020804405,17.36,14.585282325744629,27984,492185,492286,0.12268148362636566,13894,0.0005,0.48,35,-18.8859579,0.038996707648038864
0.02046317234635353,17.63,15.053075790405273,27988,492263,492364,-0.41452091932296753,13895,0.0005,0.49,35,-18.755343299999996,0.03910357505083084
0.020463421940803528,17.5,15.067474365234375,27992,492327,492428,-0.6079861521720886,13897,0.0005,0.5,35,-18.44283403,0.025110773742198944
0.020228154957294464,17.61,13.913468360900879,27996,492408,492509,0.34784308075904846,13898,0.0005,0.52,35,-18.023488909999998,0.04900822788476944
0.020257484167814255,17.43,15.281061172485352,28000,492469,492570,0.42341968417167664,13900,0.0005,0.54,35,-17.443495919999997,0.016600199043750763
0.020313184708356857,17.38,15.26537799835205,28004,492536,492637,-0.24091309309005737,13901,0.0005,0.53,35,-17.70721827,0.01581566222012043
0.020113781094551086,17.38,15.848793029785156,28008,492604,492705,-0.18273848295211792,13902,0.0005,0.52,35,-17.92988244,0.059223517775535583
0.01964324526488781,17.21,13.880728721618652,28012,492664,492765,0.375618577003479,13904,0.0005,0.52,35,-17.866696190000003,0.03177938982844353
0.01940806768834591,17.25,15.178226470947266,28016,492732,492833,0.09209978580474854,13906,0.0005,0.53,35,-17.62956976,0.03902881592512131
0.01930520497262478,17.02,15.122543334960938,28020,492791,492892,0.36969658732414246,13907,0.0005,0.53,35,-17.64406787,0.42236682772636414
0.019244268536567688,17.02,15.043286323547363,28024,492861,492962,0.2674846649169922,13909,0.0005,0.53,35,-17.62629492,0.25573527812957764
0.01938151754438877,16.99,15.518594741821289,28028,492913,493014,-0.691102921962738,13910,0.0005,0.52,35,-17.87654161,0.03669169545173645
0.019264664500951767,16.97,15.112913131713867,28032,492979,493080,-0.2564353942871094,13911,0.0005,0.52,35,-17.78001125,0.030383644625544548
0.019166721031069756,16.83,15.870100975036621,28036,493051,493152,0.1029389500617981,13913,0.0005,0.54,35,-17.256415659999995,0.017418140545487404
0.01900928094983101,16.9,15.587005615234375,28040,493122,493223,0.6473790407180786,13915,0.0005,0.53,35,-17.50866976,0.10418755561113358
0.018976012244820595,16.83,16.287860870361328,28044,493192,493293,0.6609789133071899,13917,0.0005,0.54,35,-17.279072880000005,0.03964301198720932
0.018843894824385643,16.86,16.920852661132812,28048,493269,493370,-0.27033913135528564,13919,0.0005,0.54,35,-17.283056219999995,0.09960467368364334
0.018844660371541977,16.9,14.45201301574707,28052,493351,493452,-0.03464518487453461,13921,0.0005,0.55,35,-17.04369555,0.15623152256011963
0.01877121813595295,17.04,14.782485008239746,28056,493425,493526,-0.4136199951171875,13922,0.0005,0.56,35,-16.82963464,0.029554203152656555
0.018504632636904716,16.99,15.520052909851074,28060,493482,493583,0.016508057713508606,13924,0.0005,0.58,35,-16.33884238,0.03355049341917038
0.018709395080804825,17.04,14.286495208740234,28064,493549,493650,-0.024951204657554626,13926,0.0005,0.61,35,-15.627103069999999,0.055577266961336136
0.01875116676092148,17.02,16.392112731933594,28068,493628,493729,0.4750693738460541,13928,0.0005,0.59,35,-15.978630909999998,0.3060607314109802
0.019375750795006752,17.2,14.707212448120117,28072,493709,493810,0.5362682938575745,13930,0.0005,0.59,35,-16.042449819999998,0.13253827393054962
0.019335519522428513,17.25,15.8007230758667,28076,493789,493890,-0.8758050203323364,13932,0.0005,0.58,35,-16.299527129999998,0.020656848326325417
0.019062554463744164,17.37,14.0765380859375,28080,493851,493952,-0.8137805461883545,13934,0.0005,0.6,35,-15.853374960000004,0.1531030535697937
0.01907787285745144,17.31,14.450215339660645,28084,493916,494017,-0.5290731191635132,13936,0.0005,0.61,35,-15.59414063,0.017762327566742897
0.019012225791811943,17.24,15.230783462524414,28088,493987,494088,0.8274538516998291,13937,0.0005,0.62,35,-15.333447719999997,0.12852782011032104
0.019086239859461784,17.42,16.45619010925293,28092,494069,494170,0.28205034136772156,13939,0.0005,0.62,35,-15.40308204,0.1789277344942093
0.019616689532995224,17.18,15.619301795959473,28096,494126,494227,0.8729038238525391,13941,0.0005,0.61,35,-15.498582630000001,0.0754542201757431
0.020174400880932808,17.39,14.168135643005371,28100,494208,494309,-0.8569849729537964,13943,0.0005,0.59,35,-16.053404710000002,0.17080184817314148
0.02060084044933319,17.44,15.528560638427734,28104,494280,494381,-0.6130342483520508,13945,0.0005,0.6,35,-15.793578739999997,0.01985095627605915
0.020619157701730728,17.39,16.086204528808594,28108,494343,494444,0.7545508146286011,13946,0.0005,0.61,35,-15.48137977,0.0320451557636261
0.0207483172416687,17.47,16.758174896240234,28112,494411,494512,0.2654489278793335,13948,0.0005,0.6,35,-15.756823650000003,0.028816914185881615
0.020623894408345222,17.57,15.169239044189453,28116,494489,494590,0.10000532865524292,13950,0.0005,0.59,35,-16.1107781,0.017158277332782745
0.020571216940879822,17.63,14.305421829223633,28120,494554,494655,0.02482282742857933,13952,0.0005,0.6,35,-15.836062410000002,0.1969001293182373
0.0203604307025671,17.53,13.528264045715332,28124,494614,494715,-0.12582823634147644,13953,0.0005,0.59,35,-16.0398936,0.26034536957740784
0.020190080627799034,17.65,16.196502685546875,28128,494678,494779,-0.6041641235351562,13955,0.0005,0.61,35,-15.604671490000001,0.05254034698009491
0.019907373934984207,17.66,15.195943832397461,28132,494745,494846,0.8154352903366089,13957,0.0005,0.63,35,-15.145084249999998,0.08422499895095825
0.020062992349267006,17.63,16.245128631591797,28136,494814,494915,-0.008194148540496826,13958,0.0005,0.62,35,-15.433224459999998,0.11657218635082245
0.020275473594665527,17.64,14.919570922851562,28140,494886,494987,0.5319865942001343,13960,0.0005,0.63,35,-15.19012793,0.02370498701930046
0.02044544741511345,17.62,15.25361442565918,28144,494954,495055,0.11559216678142548,13962,0.0005,0.62,35,-15.418262530000002,0.027370510622859
0.02034379541873932,17.53,16.709070205688477,28148,495022,495123,1.0673936605453491,13963,0.0005,0.59,35,-16.122749159999998,0.14530205726623535
0.020383121445775032,17.41,14.988578796386719,28152,495092,495193,-0.5735751390457153,13965,0.0005,0.57,35,-16.51084888,0.08492804318666458
0.020082153379917145,17.35,14.704099655151367,28156,495160,495261,-0.21704146265983582,13967,0.0005,0.57,35,-16.46346421,0.061326153576374054
0.02008306421339512,17.63,14.609424591064453,28160,495245,495346,0.3717966377735138,13969,0.0005,0.56,35,-16.85575982,0.03691378980875015
0.019862869754433632,17.64,15.669266700744629,28164,495313,495414,0.4423846900463104,13971,0.0005,0.53,35,-17.60677353,0.6107319593429565
0.019492845982313156,17.51,14.397712707519531,28168,495379,495480,-0.5073089599609375,13972,0.0005,0.55,35,-17.1584299,0.06248537451028824
0.019329844042658806,17.25,14.67599105834961,28172,495434,495535,0.09017467498779297,13974,0.0005,0.54,35,-17.299535560000002,0.15667295455932617
0.019505757838487625,17.2,16.034942626953125,28176,495509,495610,0.9586639404296875,13975,0.0005,0.54,35,-17.243683139999998,0.02168659120798111
0.01979861594736576,17.28,14.403667449951172,28180,495579,495680,0.0030293166637420654,13977,0.0005,0.55,35,-17.05177489,0.02885478548705578
0.020207321271300316,17.27,13.961843490600586,28184,495643,495744,0.06263303756713867,13979,0.0005,0.55,35,-17.04819708,0.06891356408596039
0.02083267644047737,17.17,15.347090721130371,28188,495704,495805,-0.36269909143447876,13981,0.0005,0.53,35,-17.4437107,0.012767324224114418
0.020824503153562546,17.15,14.720187187194824,28192,495784,495885,0.7929425239562988,13983,0.0005,0.52,35,-17.65365313,0.13881784677505493
0.021017765626311302,17.28,15.553434371948242,28196,495854,495955,-0.014547854661941528,13984,0.0005,0.51,35,-17.959316020000003,0.04108691215515137
0.020748598501086235,17.07,14.036722183227539,28200,495915,496016,-0.9255187511444092,13986,0.0005,0.51,35,-17.95465767,0.2115674763917923
0.02059313654899597,17.05,13.832204818725586,28204,495985,496086,-0.2029990553855896,13988,0.0005,0.51,35,-17.974116229999996,0.04297518730163574
0.02080417051911354,17.05,14.68735408782959,28208,496048,496149,0.5056892037391663,13989,0.0005,0.52,35,-17.774512939999997,0.08859997987747192
0.021105004474520683,17.05,15.472373962402344,28212,496116,496217,-0.29737353324890137,13991,0.0005,0.55,35,-17.010601490000003,0.04155724495649338
0.020772866904735565,17.08,13.480154037475586,28216,496197,496298,-0.004391759634017944,13993,0.0005,0.55,35,-16.98185597,0.04045748710632324
0.020558815449476242,17.25,15.327617645263672,28220,496279,496380,-0.3916400372982025,13995,0.0005,0.56,35,-16.774838430000003,0.1541096568107605
0.020325910300016403,17.36,14.474273681640625,28224,496350,496451,-0.21373283863067627,13997,0.0005,0.57,35,-16.566349759999998,0.01887187361717224
0.020314671099185944,17.31,15.080829620361328,28228,496409,496510,-0.24152405560016632,13999,0.0005,0.54,35,-17.2610924,0.11292661726474762
0.020111482590436935,17.38,15.714203834533691,28232,496483,496584,-0.1321498453617096,14000,0.0005,0.53,35,-17.519848040000003,0.046394988894462585
0.020292969420552254,17.31,15.085299491882324,28236,496545,496646,0.5969295501708984,14002,0.0005,0.53,35,-17.42059003,0.034005843102931976
0.020444851368665695,17.17,15.688526153564453,28240,496603,496704,0.509266197681427,14004,0.0005,0.51,35,-17.90810026,0.013891894370317459
0.02034301497042179,17.07,14.969789505004883,28244,496661,496762,-0.0996057540178299,14005,0.0005,0.53,35,-17.352508540000002,0.847425103187561
0.020411113277077675,17.0,14.962535858154297,28248,496722,496823,-0.26717114448547363,14007,0.0005,0.53,35,-17.29132364,0.11546216905117035
0.020777739584445953,16.94,15.310932159423828,28252,496786,496887,0.4133961796760559,14008,0.0005,0.55,35,-16.83589673,0.09309479594230652
0.021384065970778465,17.01,14.632208824157715,28256,496861,496962,-0.38335517048835754,14010,0.0005,0.53,35,-17.375126890000004,0.03707747906446457
0.021247103810310364,16.84,15.832071304321289,28260,496929,497030,0.5423080921173096,14012,0.0005,0.52,35,-17.574890310000004,0.140504390001297
0.021071402356028557,16.85,15.65681266784668,28264,496998,497099,-0.5353541374206543,14014,0.0005,0.53,35,-17.373354789999997,0.023681335151195526
0.02129390463232994,16.91,15.731428146362305,28268,497070,497171,0.08097542822360992,14015,0.0005,0.53,35,-17.418745119999997,0.41527247428894043
0.021425796672701836,17.15,15.182233810424805,28272,497149,497250,-0.5239747762680054,14017,0.0005,0.53,35,-17.53149794,0.07175279408693314
0.021268194541335106,17.2,15.691022872924805,28276,497229,497330,0.9197057485580444,14019,0.0005,0.54,35,-17.371919750000004,1.091857671737671
0.021713120862841606,17.28,14.444609642028809,28280,497307,497408,0.2796032130718231,14021,0.0005,0.53,35,-17.62744961,0.01938246563076973
0.021762248128652573,17.3,15.254562377929688,28284,497373,497474,0.1492515206336975,14023,0.0005,0.54,35,-17.38043319,0.07345691323280334
0.021477170288562775,17.29,15.209282875061035,28288,497433,497534,-0.2636512517929077,14024,0.0005,0.54,35,-17.38720987,0.13455374538898468
0.020971911028027534,17.19,14.659305572509766,28292,497503,497604,0.12955129146575928,14026,0.0005,0.54,35,-17.424903629999996,0.11863040924072266
0.02072027139365673,17.1,17.001846313476562,28296,497564,497665,0.34827205538749695,14028,0.0005,0.53,35,-17.620363020000003,0.043238669633865356
0.020591991022229195,17.06,14.178176879882812,28300,497621,497722,-0.9628946781158447,14029,0.0005,0.51,35,-18.07286868,0.06310201436281204
0.020771168172359467,17.09,14.956283569335938,28304,497694,497795,-0.188428595662117,14031,0.0005,0.52,35,-17.862901790000002,0.22600622475147247
0.020779376849532127,17.18,15.167884826660156,28308,497766,497867,-0.4967955946922302,14033,0.0005,0.51,35,-18.13089819,0.09139314293861389
0.02047782950103283,17.32,15.641948699951172,28312,497848,497949,-0.41739609837532043,14035,0.0005,0.51,35,-18.23758609,0.09434955567121506
0.020349113270640373,17.14,14.274742126464844,28316,497911,498012,0.03601507842540741,14036,0.0005,0.52,35,-17.95685564,0.045612528920173645
0.020303206518292427,16.95,12.98725700378418,28320,497974,498075,-0.5968852639198303,14038,0.0005,0.52,35,-17.940143000000003,0.18579232692718506
0.020078081637620926,16.94,17.82239532470703,28324,498044,498145,0.5440812110900879,14040,0.0005,0.51,35,-18.15669684,0.028664376586675644
0.020317116752266884,17.09,15.776891708374023,28328,498118,498219,0.15800833702087402,14042,0.0005,0.54,35,-17.46747551,0.6953719258308411
0.02034926787018776,16.87,14.649435043334961,28332,498170,498271,0.7002734541893005,14043,0.0005,0.52,35,-17.891683349999997,0.013870451599359512
0.020174704492092133,16.99,13.052461624145508,28336,498244,498345,-0.6819665431976318,14045,0.0005,0.52,35,-17.89894405,0.0172593891620636
0.01967519335448742,17.1,15.15085506439209,28340,498313,498414,0.2883249521255493,14046,0.0005,0.53,35,-17.69426538,0.15984711050987244
0.019574297592043877,17.21,15.058328628540039,28344,498382,498483,0.3834681808948517,14048,0.0005,0.52,35,-18.02621791,0.02087121456861496
0.01966087520122528,17.34,14.583168029785156,28348,498456,498557,0.2311141937971115,14050,0.0005,0.54,35,-17.58747217,0.03471913933753967
0.020000098273158073,17.38,13.418962478637695,28352,498524,498625,0.7825791835784912,14052,0.0005,0.51,35,-18.28301023,0.16881506145000458
0.020432109013199806,17.44,15.41097640991211,28356,498605,498706,0.8054066300392151,14053,0.0005,0.52,35,-18.052934070000003,0.024158518761396408
0.02042711153626442,17.3,15.582609176635742,28360,498659,498760,-0.24134722352027893,14055,0.0005,0.53,35,-17.70773056,0.02704307623207569
0.020817628130316734,17.48,15.883788108825684,28364,498746,498847,0.2965700924396515,14057,0.0005,0.53,35,-17.71544859,0.8459322452545166
0.021064752712845802,17.55,13.58946418762207,28368,498825,498926,-0.2556147575378418,14059,0.0005,0.51,35,-18.185947760000005,0.6401187181472778
0.021036576479673386,17.42,14.370769500732422,28372,498891,498992,0.07451698929071426,14060,0.0005,0.49,35,-18.61103653,0.044429417699575424
0.020976286381483078,17.22,14.948844909667969,28376,498951,499052,0.23894912004470825,14062,0.0005,0.47,35,-19.002780830000003,0.10080502927303314
0.020646777004003525,17.33,15.415180206298828,28380,499040,499141,0.19095121324062347,14064,0.0005,0.47,35,-19.02162423,0.04052996262907982
0.02114107646048069,17.28,15.480514526367188,28384,499101,499202,0.37197649478912354,14066,0.0005,0.45,35,-19.514264089999998,0.030194135382771492
0.02166479267179966,17.38,15.675436019897461,28388,499171,499272,0.010797329246997833,14068,0.0005,0.45,35,-19.51351954,0.06629082560539246
0.021782856434583664,17.49,15.791112899780273,28392,499252,499353,0.4924316108226776,14070,0.0005,0.46,35,-19.260508639999998,0.8313512802124023
0.0222767423838377,17.76,14.835739135742188,28396,499340,499441,-0.1157706081867218,14072,0.0005,0.47,35,-19.13466662,0.07264596223831177
0.02196638099849224,18.02,14.228525161743164,28400,499423,499524,-0.6942198276519775,14074,0.0005,0.5,35,-18.49733472,0.017551301047205925
0.021915817633271217,18.0,15.240976333618164,28404,499494,499595,0.3779453635215759,14076,0.0005,0.49,35,-18.68121987,0.15916204452514648
0.02192610502243042,17.89,15.01994514465332,28408,499555,499656,0.014382511377334595,14077,0.0005,0.49,35,-18.65768543,0.030973581597208977
0.02159983478486538,17.72,14.594354629516602,28412,499620,499721,0.4582439064979553,14079,0.0005,0.48,35,-18.79944235,0.08803942799568176
0.021210744976997375,17.7,13.712169647216797,28416,499681,499782,-0.8436669111251831,14080,0.0005,0.46,35,-19.25200117,0.026832832023501396
0.021223755553364754,17.92,16.465543746948242,28420,499766,499867,-0.02417687326669693,14082,0.0005,0.44,35,-19.74998907,0.018390875309705734
0.02126835659146309,18.03,14.52864933013916,28424,499847,499948,-0.11692148447036743,14084,0.0005,0.45,35,-19.55270587,0.7177144289016724
