rollout/success_rate,train/learning_rate,rollout/ep_rew_mean,train/ent_coef,time/time_elapsed,time/fps,train/actor_loss,train/ent_coef_loss,time/episodes,train/critic_loss,rollout/ep_len_mean,train/n_updates,time/total_timesteps
0.0,0.0005,-61.32748074999999,0.9477699995040894,47,4,-3.897731304168701,-0.17944878339767456,4,44.23176574707031,52.25,108,209
0.0,0.0005,-58.381718750000005,0.8794109225273132,51,7,-19.78767204284668,-0.3717326521873474,8,43.40652084350586,46.25,269,370
0.0,0.0005,-56.04451366666667,0.8154504299163818,55,9,-10.219198226928711,-0.6147665977478027,12,26.41189193725586,43.583333333333336,422,523
0.0,0.0005,-56.981571187499995,0.7351208329200745,61,11,26.463260650634766,-0.9311296939849854,16,30.39598846435547,45.5,627,728
0.0,0.0005,-55.72938224999999,0.6974721550941467,64,12,16.766151428222656,-1.0890045166015625,20,8.71799087524414,41.8,735,836
0.0,0.0005,-56.80852266666667,0.6025051474571228,73,15,4.730534553527832,-1.3932044506072998,24,16.815439224243164,48.0,1051,1152
0.0,0.0005,-58.015674464285716,0.5146893858909607,82,17,3.5470335483551025,-1.951456069946289,28,6.358403205871582,53.0,1383,1484
0.0,0.0005,-58.613907187500004,0.4507167935371399,90,19,11.050117492675781,-2.4250197410583496,32,3.8446710109710693,54.71875,1650,1751
0.0,0.0005,-64.47220830555557,0.3185526430606842,109,22,28.755680084228516,-3.3714723587036133,36,0.4733162522315979,67.97222222222223,2346,2447
0.0,0.0005,-62.529105275000006,0.3036968410015106,112,22,39.42641830444336,-3.663820743560791,40,1.0225898027420044,63.525,2440,2541
0.0,0.0005,-61.211969227272725,0.27846500277519226,116,23,35.82705307006836,-3.6689629554748535,44,0.4772936701774597,61.63636363636363,2611,2712
0.0,0.0005,-59.1655359375,0.26654452085494995,119,23,36.78606414794922,-3.9735300540924072,48,0.490580290555954,58.354166666666664,2700,2801
0.0,0.0005,-57.677734538461536,0.25363558530807495,121,23,34.807857513427734,-3.880112648010254,52,0.3617422878742218,55.78846153846154,2800,2901
0.0,0.0005,-56.101208375,0.2436002790927887,123,24,33.46916961669922,-3.8906102180480957,56,0.4271441698074341,53.30357142857143,2884,2985
0.0,0.0005,-55.225738383333336,0.23253296315670013,126,24,32.33845520019531,-3.701552391052246,60,0.1971278190612793,51.416666666666664,2984,3085
0.0,0.0005,-54.274182140625,0.22387456893920898,128,24,34.33184814453125,-3.8038806915283203,64,0.2803318500518799,49.5,3067,3168
0.0,0.0005,-53.09544367647058,0.2143600881099701,131,24,33.499595642089844,-4.136743068695068,68,0.24444304406642914,47.98529411764706,3162,3263
0.013888888888888888,0.0005,-51.825994819444446,0.20554094016551971,134,25,33.802764892578125,-3.9291958808898926,72,0.2270716428756714,46.611111111111114,3255,3356
0.013157894736842105,0.0005,-51.063073026315784,0.1972683072090149,136,25,31.826568603515625,-3.956348419189453,76,0.2403203845024109,45.35526315789474,3346,3447
0.0125,0.0005,-50.62746919999999,0.19042672216892242,138,25,33.46954345703125,-3.9537272453308105,80,0.4687918424606323,44.0875,3426,3527
0.011904761904761904,0.0005,-50.115518238095234,0.18458974361419678,140,25,33.50823211669922,-4.271176338195801,84,0.4151400625705719,42.833333333333336,3497,3598
0.011363636363636364,0.0005,-49.652311477272725,0.17900004982948303,142,25,34.79705047607422,-4.375235080718994,88,0.40136396884918213,41.67045454545455,3566,3667
0.010869565217391304,0.0005,-49.17552126086955,0.17338436841964722,144,25,34.37071228027344,-4.35494327545166,92,0.2175779938697815,40.630434782608695,3637,3738
0.010416666666666666,0.0005,-48.72615309375001,0.16855189204216003,146,25,32.871246337890625,-3.7577202320098877,96,0.20775985717773438,39.614583333333336,3702,3803
0.02,0.0005,-48.06190284,0.16260680556297302,148,26,31.71050453186035,-4.174752235412598,100,0.1862417757511139,38.88,3787,3888
0.02,0.0005,-47.26426219999999,0.1582716703414917,150,26,32.652984619140625,-3.632098436355591,104,0.1755642294883728,37.44,3852,3953
0.02,0.0005,-46.64452234,0.15334782004356384,152,26,35.09845733642578,-4.094644069671631,108,2.0998353958129883,36.59,3928,4029
0.03,0.0005,-45.74528195,0.14939281344413757,154,26,33.41551208496094,-4.273993968963623,112,0.3449568748474121,35.7,3992,4093
0.03,0.0005,-44.94424258,0.1453244984149933,155,26,33.08045196533203,-4.248852729797363,116,0.3436686396598816,34.32,4059,4160
0.03,0.0005,-44.43770488999999,0.1414988785982132,157,26,33.285423278808594,-4.175509452819824,120,0.34220463037490845,33.9,4125,4226
0.03,0.0005,-43.392963580000014,0.13815642893314362,159,26,32.32429122924805,-3.1776585578918457,124,0.6626148223876953,31.34,4185,4286
0.03,0.0005,-42.29794620999999,0.13494780659675598,160,27,33.45805740356445,-4.212571144104004,128,0.38140857219696045,28.63,4246,4347
0.03,0.0005,-41.252835989999994,0.13180583715438843,162,27,34.016117095947266,-4.002255916595459,132,0.24779973924160004,26.55,4305,4406
0.04,0.0005,-37.9096962,0.12822484970092773,164,27,33.46554183959961,-3.2346997261047363,136,0.6191518306732178,20.3,4376,4477
0.05,0.0005,-37.241898340000006,0.12528705596923828,166,27,30.17987632751465,-2.980569839477539,140,0.601314902305603,19.99,4439,4540
0.05,0.0005,-36.538131750000005,0.12282227724790573,167,27,30.452926635742188,-3.2116212844848633,144,1.1528594493865967,18.87,4498,4599
0.06,0.0005,-36.27215589,0.12007274478673935,169,27,31.207046508789062,-2.9508070945739746,148,0.569762110710144,18.63,4563,4664
0.06,0.0005,-36.04036911,0.11730720102787018,171,27,31.417694091796875,-2.8521251678466797,152,0.4553930163383484,18.26,4626,4727
0.06,0.0005,-36.0424055,0.11500390619039536,172,27,31.603458404541016,-3.4781360626220703,156,0.5788757801055908,18.02,4686,4787
0.07,0.0005,-35.38797124,0.11217993497848511,174,27,30.637569427490234,-3.7559282779693604,160,2.02006196975708,17.73,4757,4858
0.07,0.0005,-34.97997226,0.10969828814268112,176,27,28.574230194091797,-2.571317672729492,164,1.375327706336975,17.56,4823,4924
0.07,0.0005,-34.727041650000004,0.10743868350982666,178,27,33.47608947753906,-4.210707664489746,168,1.0711007118225098,17.28,4890,4991
0.07,0.0005,-34.58941858,0.10448875278234482,180,28,30.904953002929688,-2.8200244903564453,172,0.5025138258934021,17.18,4973,5074
0.07,0.0005,-34.476694390000006,0.10239855200052261,182,28,31.022701263427734,-3.3244402408599854,176,0.6585718393325806,16.86,5032,5133
0.07,0.0005,-34.12042008,0.09989552944898605,184,28,30.767372131347656,-3.4938650131225586,180,1.9703539609909058,16.82,5108,5209
0.08,0.0005,-33.482066010000004,0.0977364256978035,185,28,31.93338966369629,-3.4653401374816895,184,1.1022999286651611,16.78,5175,5276
0.08,0.0005,-33.11683444000001,0.09517884254455566,188,28,28.45982551574707,-1.1664785146713257,188,0.8370245099067688,16.91,5257,5358
0.08,0.0005,-32.85030986000001,0.09335774183273315,189,28,30.931438446044922,-2.8882381916046143,192,0.44659215211868286,16.84,5321,5422
0.09,0.0005,-32.43661401,0.09145397692918777,191,28,32.083900451660156,-3.5072662830352783,196,0.8532252311706543,16.81,5383,5484
0.09,0.0005,-32.333518250000004,0.08991029113531113,192,28,28.931930541992188,-0.9378340244293213,200,0.8597816228866577,16.52,5439,5540
0.11,0.0005,-31.537494530000004,0.08832729607820511,194,28,29.13465118408203,-3.156332015991211,204,1.627070665359497,16.46,5498,5599
0.11,0.0005,-31.32483622,0.08692394942045212,195,28,29.017684936523438,-2.974930763244629,208,1.099381685256958,16.24,5552,5653
0.1,0.0005,-31.332910229999992,0.0852702409029007,197,28,29.22806167602539,-2.202951431274414,212,0.582599401473999,16.29,5621,5722
0.1,0.0005,-31.122327839999997,0.08414650708436966,199,28,29.643043518066406,-3.3368656635284424,216,1.0252907276153564,16.16,5675,5776
0.1,0.0005,-30.958188409999995,0.0826270803809166,200,29,27.233478546142578,-0.9193086624145508,220,1.806372046470642,16.07,5732,5833
0.1,0.0005,-30.622413499999997,0.08119256794452667,202,29,30.661401748657227,-2.6243042945861816,224,1.752307415008545,16.14,5799,5900
0.1,0.0005,-30.2890133,0.07937353104352951,204,29,32.622802734375,-1.6411093473434448,228,2.167297601699829,16.38,5884,5985
0.1,0.0005,-30.088362189999998,0.07800720632076263,206,29,30.2519474029541,-3.440519332885742,232,0.7905256152153015,16.44,5949,6050
0.1,0.0005,-30.126243149999997,0.07619117200374603,208,29,30.07171058654785,-3.313748598098755,236,4.108964920043945,16.31,6007,6108
0.09,0.0005,-30.23262704,0.07471996545791626,209,29,31.982723236083984,-0.05468568950891495,240,1.5776790380477905,16.3,6069,6170
0.09,0.0005,-30.215315529999998,0.07295563817024231,211,29,30.55839729309082,-3.0553646087646484,244,0.9416904449462891,16.4,6138,6239
0.08,0.0005,-30.300224710000002,0.07203355431556702,213,29,30.886295318603516,-1.8953474760055542,248,1.5468755960464478,16.37,6200,6301
0.09,0.0005,-29.83972658,0.07093807309865952,215,29,29.812217712402344,-2.4242420196533203,252,3.9437096118927,16.35,6261,6362
0.1,0.0005,-29.370072620000002,0.06973326206207275,216,29,29.971790313720703,-1.8180389404296875,256,1.409499168395996,16.4,6326,6427
0.09,0.0005,-29.4582103,0.06847693771123886,218,29,28.238073348999023,-1.4961786270141602,260,1.3537296056747437,16.35,6392,6493
0.1,0.0005,-29.308374330000003,0.06754472106695175,220,29,27.535213470458984,-1.0804316997528076,264,0.4802507162094116,16.33,6456,6557
0.1,0.0005,-29.47612423,0.06673211604356766,221,29,28.486160278320312,-3.0551092624664307,268,1.163849115371704,16.26,6516,6617
0.1,0.0005,-29.591920499999997,0.06570812314748764,223,29,27.03750991821289,-1.0729042291641235,272,1.1111797094345093,16.02,6575,6676
0.11,0.0005,-29.266032180000003,0.06491437554359436,224,29,27.658695220947266,-2.7631471157073975,276,0.49250519275665283,15.99,6631,6732
0.12,0.0005,-28.99401797,0.06395388394594193,226,30,28.677207946777344,-1.3004891872406006,280,0.7931540012359619,15.89,6697,6798
0.11,0.0005,-29.454424430000003,0.0632655918598175,227,30,27.511524200439453,-2.379660129547119,284,0.5793570876121521,15.8,6755,6856
0.12,0.0005,-29.172177589999997,0.06227552890777588,229,30,26.99679946899414,-0.8736079931259155,288,0.48126479983329773,15.73,6830,6931
0.13,0.0005,-28.959002840000007,0.06133382394909859,231,30,26.116886138916016,-0.5841878652572632,292,2.60202693939209,15.74,6895,6996
0.12,0.0005,-29.230119,0.060766059905290604,233,30,28.93301010131836,-1.5644466876983643,296,0.5922846794128418,15.75,6958,7059
0.12,0.0005,-28.89391135,0.059966493397951126,235,30,26.639894485473633,-0.8647841811180115,300,1.8687694072723389,15.89,7028,7129
0.11,0.0005,-29.208969989999996,0.059320930391550064,236,30,26.235492706298828,-1.3550254106521606,304,1.273782730102539,15.87,7085,7186
0.12,0.0005,-28.885469470000004,0.0589473620057106,238,30,26.005395889282227,-1.4835419654846191,308,2.7024245262145996,15.93,7145,7246
0.12,0.0005,-28.885686709999995,0.05824239179491997,239,30,26.822628021240234,-0.9046472311019897,312,3.8711791038513184,15.92,7213,7314
0.14,0.0005,-28.117405769999994,0.05755436792969704,241,30,27.453411102294922,-0.9820520877838135,316,0.810042142868042,16.06,7281,7382
0.16,0.0005,-27.498489660000004,0.05681254714727402,243,30,27.853328704833984,-1.027963399887085,320,1.6240248680114746,16.21,7353,7454
0.17,0.0005,-27.580455649999998,0.05616513267159462,245,30,27.116416931152344,-1.4399601221084595,324,1.1006500720977783,16.08,7407,7508
0.17,0.0005,-27.666545220000003,0.055518753826618195,247,30,26.479267120361328,-0.24759358167648315,328,1.5891427993774414,15.9,7474,7575
0.18,0.0005,-27.568435840000006,0.05486105754971504,248,30,26.959341049194336,-1.3693028688430786,332,1.1787514686584473,15.8,7529,7630
0.19,0.0005,-27.272498510000002,0.054261066019535065,250,30,27.415630340576172,-0.9820801019668579,336,1.0480211973190308,15.8,7587,7688
0.21,0.0005,-26.636902090000003,0.05333741009235382,252,30,27.38097381591797,-2.2806036472320557,340,2.0878257751464844,15.9,7659,7760
0.22,0.0005,-26.617600779999997,0.052524764090776443,253,30,25.952726364135742,-0.5647040009498596,344,0.6241982579231262,15.76,7714,7815
0.24,0.0005,-26.064186149999998,0.05155627056956291,255,30,24.932209014892578,0.041163235902786255,348,1.6022895574569702,15.82,7782,7883
0.24,0.0005,-26.205770359999995,0.051118820905685425,256,30,25.713844299316406,-0.6601226925849915,352,2.5909571647644043,15.81,7842,7943
0.26,0.0005,-25.78497015,0.05041033402085304,258,30,26.273738861083984,-1.155019760131836,356,2.862076759338379,15.81,7907,8008
0.27,0.0005,-25.674317409999993,0.04996340349316597,260,31,24.54327964782715,-0.9134489297866821,360,0.9471296072006226,15.76,7968,8069
0.26,0.0005,-25.773223480000002,0.04910491779446602,262,31,25.837970733642578,-0.573915421962738,364,0.9843976497650146,15.87,8043,8144
0.26,0.0005,-25.78977726,0.048490509390830994,263,31,23.69205093383789,-0.2323998361825943,368,1.8610506057739258,15.91,8107,8208
0.25,0.0005,-25.70973821,0.04812203347682953,265,31,23.354278564453125,0.12555274367332458,372,0.5219449996948242,16.04,8179,8280
0.27,0.0005,-25.027336360000003,0.0477263517677784,267,31,26.095401763916016,0.19401270151138306,376,0.6303730010986328,16.16,8247,8348
0.26,0.0005,-25.143522850000007,0.04754297062754631,269,31,24.41482162475586,0.6121425628662109,380,0.8264502286911011,16.12,8309,8410
0.26,0.0005,-24.98355733,0.04704209789633751,271,31,25.355194091796875,0.1966121941804886,384,0.6644226908683777,16.23,8378,8479
0.26,0.0005,-25.078834200000006,0.04663853719830513,272,31,25.357528686523438,0.8829509019851685,388,1.819199562072754,16.1,8440,8541
0.26,0.0005,-25.045163090000006,0.04662926495075226,274,31,25.27956771850586,0.3340054750442505,392,1.193655014038086,16.07,8502,8603
0.27,0.0005,-24.577851719999998,0.04649031534790993,276,31,23.57207489013672,1.0430151224136353,396,2.4863905906677246,16.15,8573,8674
0.27,0.0005,-24.797545320000005,0.04637505114078522,277,31,25.52818489074707,-0.9886937737464905,400,0.6897009611129761,16.04,8632,8733
0.27,0.0005,-24.435548060000006,0.04599481076002121,279,31,24.928260803222656,-1.007024884223938,404,0.46195292472839355,16.27,8712,8813
0.28,0.0005,-24.2357417,0.04554171487689018,281,31,24.611827850341797,-0.022740177810192108,408,0.47895342111587524,16.3,8775,8876
0.28,0.0005,-24.56774692,0.04547819495201111,282,31,24.132015228271484,0.4271441102027893,412,0.7403852343559265,16.14,8827,8928
0.29,0.0005,-24.476990860000004,0.04543011263012886,284,31,27.089006423950195,-0.8642134666442871,416,0.3322271704673767,16.08,8889,8990
0.28,0.0005,-24.910815059999994,0.0453425832092762,285,31,23.314281463623047,0.8256435394287109,420,2.344745397567749,15.89,8942,9043
0.28,0.0005,-24.88862029,0.04536990821361542,286,31,24.579896926879883,-1.250000238418579,424,0.5917860269546509,15.89,8996,9097
0.31,0.0005,-24.14445759,0.04521850496530533,288,31,24.557933807373047,-0.02027261257171631,428,0.8612942099571228,15.84,9058,9159
0.3,0.0005,-24.21932318,0.0453350655734539,290,31,24.821697235107422,-0.4462849199771881,432,0.49968090653419495,15.99,9128,9229
0.29,0.0005,-24.416926349999997,0.04542776942253113,291,31,24.084381103515625,0.13225214183330536,436,2.017200231552124,16.02,9189,9290
0.29,0.0005,-24.65858257,0.04531712085008621,293,31,23.081817626953125,0.5144146680831909,440,2.2618637084960938,15.87,9246,9347
0.29,0.0005,-24.423895299999998,0.045186080038547516,295,31,25.82891082763672,0.6810998916625977,444,1.969416856765747,16.06,9320,9421
0.27,0.0005,-24.9353261,0.045560359954833984,296,31,24.255962371826172,-0.7379185557365417,448,1.3216158151626587,16.03,9385,9486
0.26,0.0005,-25.2801096,0.04555671289563179,298,31,23.733444213867188,0.46781793236732483,452,1.3434560298919678,16.02,9444,9545
0.25,0.0005,-25.604734360000005,0.04516790807247162,299,32,24.354801177978516,-0.36921942234039307,456,0.7012323141098022,15.96,9503,9604
0.24,0.0005,-25.826833350000005,0.045077528804540634,301,32,23.67546844482422,0.09435337036848068,460,0.9531599283218384,15.95,9563,9664
0.24,0.0005,-25.82484064,0.045051999390125275,303,32,24.174724578857422,-0.7728369235992432,464,0.7092908620834351,15.95,9638,9739
0.24,0.0005,-25.89006911,0.04475830867886543,304,32,24.280864715576172,-0.4004822373390198,468,0.3678171634674072,15.87,9694,9795
0.27,0.0005,-25.19537994,0.04401266202330589,306,32,24.182472229003906,1.2693308591842651,472,0.45774558186531067,15.86,9765,9866
0.25,0.0005,-25.98356156,0.04433772712945938,307,32,24.52672576904297,-0.36400294303894043,476,0.8288892507553101,15.73,9820,9921
0.25,0.0005,-25.954392689999995,0.04433517903089523,309,32,25.400440216064453,-0.10532316565513611,480,1.6181879043579102,15.84,9893,9994
0.26,0.0005,-25.86324894,0.044321078807115555,323,31,23.973155975341797,0.5122364163398743,484,0.5934814810752869,15.69,9947,10048
0.26,0.0005,-25.99811324,0.044433023780584335,324,31,24.64725112915039,-0.45597440004348755,488,0.264851450920105,15.61,10001,10102
0.26,0.0005,-25.917113260000004,0.044244155287742615,326,31,23.460927963256836,1.1233947277069092,492,1.8814778327941895,15.69,10071,10172
0.25,0.0005,-26.380313929999996,0.044054675847291946,328,31,22.817066192626953,0.9318047761917114,496,0.8897062540054321,15.56,10129,10230
0.24,0.0005,-26.451997919999993,0.04401490092277527,329,31,24.727624893188477,0.8455771207809448,500,0.34836292266845703,15.69,10201,10302
0.25,0.0005,-26.494954410000002,0.04443271458148956,331,31,24.283321380615234,0.07714931666851044,504,0.8307332992553711,15.52,10264,10365
0.25,0.0005,-26.376885819999995,0.044834963977336884,333,31,25.249034881591797,0.07578103244304657,508,1.3595099449157715,15.59,10334,10435
0.26,0.0005,-25.937177589999997,0.04470513388514519,334,31,24.60390281677246,0.4424653649330139,512,1.070260763168335,15.7,10397,10498
0.23,0.0005,-26.648810859999998,0.04438924044370651,336,31,24.218406677246094,0.1340695172548294,516,1.3516476154327393,15.72,10461,10562
0.23,0.0005,-26.646627259999995,0.044614020735025406,337,31,25.36650848388672,-0.30723097920417786,520,0.4026307761669159,15.74,10516,10617
0.24,0.0005,-26.095602409999998,0.04430598393082619,339,31,22.890914916992188,-0.9454647898674011,524,2.186782121658325,15.94,10590,10691
0.22,0.0005,-26.641524940000004,0.04387112334370613,341,31,24.37213134765625,-1.3731428384780884,528,0.5468841791152954,15.94,10652,10753
0.22,0.0005,-26.78918266,0.043624259531497955,342,31,24.759300231933594,0.4483466148376465,532,0.47554951906204224,15.86,10714,10815
0.23,0.0005,-26.590850080000006,0.04350711405277252,344,31,24.277368545532227,-0.06424617767333984,536,0.670005202293396,15.84,10773,10874
0.22,0.0005,-26.797857700000005,0.043429285287857056,346,31,24.89368438720703,-1.7332637310028076,540,0.7916765213012695,15.9,10836,10937
0.21,0.0005,-27.017351500000004,0.0430711954832077,348,31,24.223243713378906,-1.3039095401763916,544,0.5618680715560913,15.88,10908,11009
0.22,0.0005,-26.827746089999994,0.04267158731818199,349,31,22.359718322753906,0.5355173349380493,548,1.1417279243469238,15.85,10970,11071
0.22,0.0005,-26.70829426,0.042219728231430054,351,31,24.037799835205078,-0.3895072340965271,552,1.7610969543457031,15.89,11033,11134
0.21,0.0005,-26.886920480000004,0.04235367849469185,353,31,22.979873657226562,0.30119794607162476,556,1.7579213380813599,15.92,11095,11196
0.22,0.0005,-26.56430851,0.04220925271511078,354,31,22.355762481689453,0.5457044839859009,560,0.7710251808166504,16.02,11165,11266
0.22,0.0005,-26.65354268,0.04170970246195793,356,31,25.905078887939453,-1.1286193132400513,564,0.23751308023929596,15.89,11227,11328
0.23,0.0005,-26.3390868,0.0413515605032444,358,31,23.53069496154785,-0.32017719745635986,568,0.7813395261764526,15.93,11287,11388
0.22,0.0005,-26.6428757,0.04100877419114113,359,31,23.395347595214844,0.4589053988456726,572,0.9804657697677612,15.91,11356,11457
0.21,0.0005,-26.81533512,0.04139431193470955,361,31,24.67333221435547,-0.7706779837608337,576,0.32751280069351196,15.98,11418,11519
0.21,0.0005,-27.033799329999997,0.041821159422397614,363,31,24.113449096679688,0.11832084506750107,580,0.4963268041610718,15.84,11477,11578
0.22,0.0005,-26.613677189999997,0.04210653901100159,364,31,23.700422286987305,-0.4737190008163452,584,0.7833365201950073,15.96,11543,11644
0.21,0.0005,-26.830437490000005,0.042309846729040146,366,31,22.545076370239258,-1.3865373134613037,588,1.3181853294372559,16.0,11601,11702
0.2,0.0005,-27.150073169999995,0.04200161248445511,367,31,23.6691837310791,-0.1871214509010315,592,0.3011958599090576,15.91,11662,11763
0.21,0.0005,-26.917427060000005,0.04257556423544884,369,32,23.649335861206055,-0.5271031856536865,596,0.9054473042488098,15.86,11715,11816
0.22,0.0005,-26.919662310000003,0.0427565723657608,370,32,23.631328582763672,0.6847965717315674,600,0.5636413097381592,15.74,11775,11876
0.22,0.0005,-26.788022779999995,0.04325291886925697,372,32,21.899126052856445,-0.7806515097618103,604,0.7230446338653564,15.77,11841,11942
0.21,0.0005,-27.169185539999994,0.04322919622063637,373,32,23.202913284301758,0.14467474818229675,608,0.5044206976890564,15.68,11902,12003
0.2,0.0005,-27.374075310000002,0.04346269369125366,375,32,23.652252197265625,0.14263875782489777,612,0.7666789293289185,15.66,11963,12064
0.2,0.0005,-27.518712930000003,0.04345637932419777,376,32,23.951478958129883,-0.6224380731582642,616,0.8738478422164917,15.62,12023,12124
0.19,0.0005,-27.691674969999998,0.04286101087927818,378,32,24.235733032226562,0.8103508949279785,620,0.35979652404785156,15.71,12087,12188
0.18,0.0005,-28.10939431,0.042944736778736115,379,32,23.6632080078125,0.2217714488506317,624,0.44611698389053345,15.64,12154,12255
0.17,0.0005,-28.26455244,0.043685104697942734,381,32,23.76638412475586,-0.7783527374267578,628,0.23890705406665802,15.71,12223,12324
0.17,0.0005,-28.270414309999996,0.043629784137010574,383,32,23.171295166015625,-0.570487380027771,632,0.647084653377533,15.67,12281,12382
0.16,0.0005,-28.48673047,0.04357271268963814,384,32,24.714385986328125,-0.6457886695861816,636,0.9389277696609497,15.67,12340,12441
0.15,0.0005,-28.57487538,0.04408140853047371,386,32,23.940547943115234,0.10694235563278198,640,1.702480435371399,15.72,12408,12509
0.15,0.0005,-28.658035840000004,0.04408034309744835,388,32,23.599475860595703,-0.5099728107452393,644,0.3059648871421814,15.69,12477,12578
0.14,0.0005,-28.87346238,0.04369090870022774,390,32,24.726276397705078,-0.1026555672287941,648,0.2773263156414032,15.69,12539,12640
0.14,0.0005,-28.82939049,0.044173937290906906,391,32,23.658790588378906,0.40921327471733093,652,0.2685703635215759,15.73,12606,12707
0.13,0.0005,-29.253468110000004,0.04416276142001152,393,32,24.748210906982422,0.8853453397750854,656,0.4050937294960022,15.63,12658,12759
0.12,0.0005,-29.520156259999993,0.04391297325491905,395,32,24.87519073486328,0.24479520320892334,660,2.011122703552246,15.59,12724,12825
0.15,0.0005,-28.83447023,0.044059090316295624,397,32,23.68016815185547,0.3685968816280365,664,0.429033100605011,15.65,12792,12893
0.14,0.0005,-29.16608695,0.043611492961645126,398,32,23.72779655456543,0.936149537563324,668,0.141305610537529,15.58,12845,12946
0.12,0.0005,-29.713838369999998,0.043670330196619034,400,32,23.844703674316406,-0.7886368036270142,672,0.6437621712684631,15.51,12907,13008
0.13,0.0005,-29.31430113,0.04378259927034378,402,32,23.91514778137207,-0.8595317602157593,676,1.693794846534729,15.54,12972,13073
0.14,0.0005,-29.12890787,0.042951665818691254,404,32,21.948511123657227,0.28987765312194824,680,1.9352306127548218,15.53,13030,13131
0.14,0.0005,-29.006030850000005,0.04343213513493538,406,32,24.32096290588379,0.8510175943374634,684,0.6580977439880371,15.57,13100,13201
0.16,0.0005,-28.446374480000003,0.04321092739701271,407,32,23.605640411376953,0.9399079084396362,688,0.5846894979476929,15.55,13156,13257
0.17,0.0005,-28.223930199999995,0.04355630278587341,409,32,24.53234100341797,0.3831212520599365,692,1.3661195039749146,15.55,13217,13318
0.18,0.0005,-27.896533899999994,0.04341699555516243,411,32,23.3309326171875,0.05477042496204376,696,1.5164109468460083,15.64,13279,13380
0.17,0.0005,-27.900875499999998,0.0432719811797142,413,32,23.109153747558594,0.7434921264648438,700,0.3873797059059143,15.75,13350,13451
0.15,0.0005,-28.439366919999998,0.04338223859667778,415,32,25.656396865844727,0.22103150188922882,704,0.205455020070076,15.78,13419,13520
0.16,0.0005,-28.053972670000004,0.04272890463471413,417,32,23.541297912597656,0.1951783299446106,708,0.944851815700531,15.85,13487,13588
0.18,0.0005,-27.465397969999998,0.042957864701747894,419,32,23.194034576416016,-0.09946763515472412,712,0.4147842824459076,15.94,13557,13658
0.18,0.0005,-27.441219400000005,0.04268111288547516,421,32,24.551170349121094,-0.36090001463890076,716,0.5957062244415283,15.94,13617,13718
0.19,0.0005,-27.001265580000005,0.04264139011502266,423,32,23.15340805053711,0.7166023254394531,720,0.29646334052085876,16.01,13688,13789
0.2,0.0005,-26.77960748,0.042119842022657394,425,32,24.185489654541016,0.6325157284736633,724,0.1530541181564331,15.95,13749,13850
0.2,0.0005,-27.051164179999997,0.042269494384527206,426,32,23.476381301879883,-0.41305017471313477,728,0.18918398022651672,15.75,13798,13899
0.22,0.0005,-26.352632929999995,0.0418153777718544,428,32,22.9005184173584,-0.4889766275882721,732,0.905005156993866,15.91,13872,13973
0.21,0.0005,-26.6630441,0.04112720116972923,429,32,21.4666748046875,0.39530548453330994,736,0.46965643763542175,15.87,13927,14028
0.21,0.0005,-26.81373058,0.040892500430345535,431,32,24.62439727783203,0.24812260270118713,740,0.844132125377655,15.79,13987,14088
0.22,0.0005,-26.68627645,0.04125039651989937,433,32,23.77876853942871,0.5896310210227966,744,0.43417656421661377,15.68,14045,14146
0.25,0.0005,-25.815215180000006,0.040904153138399124,435,32,22.470603942871094,-0.4184609651565552,748,0.8341449499130249,15.77,14116,14217
0.25,0.0005,-25.788027980000006,0.0413716696202755,436,32,24.27526092529297,-0.3797810971736908,752,0.4641934037208557,15.74,14180,14281
0.26,0.0005,-25.380421330000004,0.041917890310287476,438,32,24.86693572998047,0.10562370717525482,756,1.0119754076004028,15.84,14242,14343
0.26,0.0005,-25.547495280000007,0.041965555399656296,439,32,22.727802276611328,0.6033730506896973,760,0.6849586367607117,15.75,14299,14400
0.24,0.0005,-26.004879060000004,0.04215271398425102,441,32,24.318042755126953,-0.4152408838272095,764,0.1674334704875946,15.73,14365,14466
0.24,0.0005,-25.884623500000004,0.04293631762266159,443,32,24.78396987915039,0.011387959122657776,768,1.605325698852539,15.88,14433,14534
0.25,0.0005,-25.63948698,0.0423327311873436,445,32,23.520648956298828,-0.3241284489631653,772,0.4835618734359741,15.9,14497,14598
0.24,0.0005,-26.0566823,0.0421140119433403,447,32,25.609403610229492,-0.6872638463973999,776,0.4962638020515442,15.88,14560,14661
0.25,0.0005,-25.71848096999999,0.04195248335599899,448,32,24.811161041259766,-0.2889314889907837,780,0.699892520904541,15.88,14618,14719
0.23,0.0005,-26.445251009999996,0.04244512319564819,450,32,24.004085540771484,-0.9735682606697083,784,0.26958638429641724,15.71,14671,14772
0.22,0.0005,-26.707484400000002,0.04138641804456711,451,32,24.823394775390625,-1.20261812210083,788,0.2969669699668884,15.82,14738,14839
0.21,0.0005,-27.10414336,0.04104248061776161,453,32,24.26563262939453,0.07213668525218964,792,0.21386969089508057,15.8,14797,14898
0.19,0.0005,-27.58186698,0.040153756737709045,455,32,25.274333953857422,-1.3658496141433716,796,0.24459491670131683,15.88,14867,14968
0.19,0.0005,-27.816773329999997,0.039576206356287,456,32,23.380218505859375,-0.22879619896411896,800,0.8575252294540405,15.75,14925,15026
0.2,0.0005,-27.601928599999997,0.040123965591192245,458,32,23.97893714904785,-0.20835024118423462,804,0.6179554462432861,15.63,14982,15083
0.19,0.0005,-27.80732579,0.039918504655361176,460,32,23.79958724975586,-0.6393158435821533,808,0.3203098177909851,15.65,15052,15153
0.17,0.0005,-28.497383329999998,0.039283912628889084,462,32,24.639034271240234,-0.662100076675415,812,0.4175630807876587,15.58,15115,15216
0.17,0.0005,-28.367779239999994,0.03862820938229561,464,32,24.19609260559082,0.8303533792495728,816,0.7711713314056396,15.68,15185,15286
0.17,0.0005,-28.41948539,0.038934577256441116,465,32,22.895309448242188,0.2592235803604126,820,2.140934467315674,15.52,15240,15341
0.16,0.0005,-28.63999801,0.038847263902425766,467,32,25.467323303222656,-0.39642825722694397,824,0.3970392942428589,15.55,15304,15405
0.17,0.0005,-28.20514875,0.039706263691186905,468,32,22.738834381103516,-0.7046904563903809,828,1.3347489833831787,15.64,15362,15463
0.15,0.0005,-28.831381999999998,0.039450693875551224,470,32,23.861759185791016,-0.6639374494552612,832,1.1587028503417969,15.59,15431,15532
0.16,0.0005,-28.632199660000005,0.03907984495162964,472,33,23.209211349487305,-0.4099965989589691,836,1.157003402709961,15.58,15485,15586
0.17,0.0005,-28.385320959999998,0.0379069522023201,474,33,22.998180389404297,-0.035562872886657715,840,1.962430715560913,15.73,15560,15661
0.17,0.0005,-28.368638609999998,0.03771345317363739,475,33,24.266454696655273,0.02399124950170517,844,0.2634187340736389,15.79,15624,15725
0.15,0.0005,-29.01734113,0.037437207996845245,477,33,24.563274383544922,0.2913391590118408,848,0.5346621870994568,15.76,15692,15793
0.17,0.0005,-28.530022360000007,0.0377415306866169,479,33,24.274856567382812,-0.6346540451049805,852,0.16595761477947235,15.78,15758,15859
0.16,0.0005,-28.726077099999998,0.03762051835656166,481,33,23.44843292236328,0.8262041807174683,856,0.7652296423912048,15.82,15824,15925
0.16,0.0005,-28.649808750000002,0.03779202327132225,483,33,23.107471466064453,0.4362674057483673,860,1.3520383834838867,15.88,15887,15988
0.15,0.0005,-28.88785468,0.03793549910187721,484,33,21.93289566040039,-0.4693187177181244,864,1.404528021812439,15.89,15954,16055
0.15,0.0005,-29.00867336,0.037895623594522476,486,33,24.30548858642578,1.5826778411865234,868,0.2589464783668518,15.73,16006,16107
0.15,0.0005,-29.131018570000005,0.03803803771734238,488,33,23.750823974609375,0.43324369192123413,872,1.1005524396896362,15.72,16069,16170
0.15,0.0005,-28.91631717,0.03855785354971886,490,33,24.119346618652344,0.7331808805465698,876,0.5153417587280273,15.8,16140,16241
0.14,0.0005,-29.001228960000002,0.03943784534931183,491,33,23.306726455688477,0.2580108046531677,880,1.1900750398635864,15.88,16206,16307
0.14,0.0005,-28.921124279999994,0.03906719759106636,493,33,23.365129470825195,-0.46065956354141235,884,0.10376542806625366,16.0,16271,16372
0.13,0.0005,-29.214444299999997,0.039719752967357635,495,33,25.143043518066406,-0.744549036026001,888,0.3430827260017395,16.04,16342,16443
0.13,0.0005,-28.99402308,0.03967525064945221,497,33,24.246761322021484,-0.1381562054157257,892,0.26139533519744873,16.14,16411,16512
0.13,0.0005,-28.95416839,0.03954153507947922,498,33,24.888277053833008,0.1521681249141693,896,1.3419322967529297,16.1,16477,16578
0.14,0.0005,-28.479123949999995,0.0395345501601696,500,33,24.201982498168945,-1.7228293418884277,900,0.24795255064964294,16.21,16546,16647
0.13,0.0005,-28.653592169999992,0.039166416972875595,502,33,22.98199462890625,0.25146499276161194,904,1.2178030014038086,16.23,16605,16706
0.13,0.0005,-28.719951270000003,0.03921769559383392,503,33,24.0400390625,0.1794966459274292,908,0.4128561019897461,16.19,16671,16772
0.14,0.0005,-28.30295027,0.03895546868443489,506,33,23.819854736328125,0.7208110094070435,912,0.4372677803039551,16.31,16746,16847
0.14,0.0005,-28.44177817,0.039231520146131516,507,33,25.99856185913086,0.1383141577243805,916,0.9098665118217468,16.2,16805,16906
0.14,0.0005,-28.526328699999993,0.03900064527988434,509,33,25.534530639648438,0.2539905905723572,920,1.299915075302124,16.24,16864,16965
0.15,0.0005,-28.31954138,0.039019059389829636,511,33,22.452144622802734,0.22811610996723175,924,0.26751771569252014,16.19,16923,17024
0.16,0.0005,-27.937556990000004,0.03870910778641701,513,33,26.642181396484375,-0.8085659742355347,928,0.7356337904930115,16.32,16994,17095
0.17,0.0005,-27.541336110000007,0.039415501058101654,515,33,23.72483253479004,1.0441153049468994,932,0.6459481716156006,16.33,17064,17165
0.17,0.0005,-27.35083976,0.03918701410293579,516,33,22.72408676147461,-0.45856210589408875,936,0.8941253423690796,16.4,17125,17226
0.17,0.0005,-27.23433185,0.039050403982400894,518,33,22.917156219482422,0.5434653162956238,940,0.1759907305240631,16.34,17194,17295
0.16,0.0005,-27.600589480000004,0.03859170898795128,520,33,23.55657386779785,-0.4325738549232483,944,0.2233654111623764,16.32,17256,17357
0.17,0.0005,-27.31829184,0.0381082147359848,522,33,24.146089553833008,0.0959787666797638,948,0.2624031901359558,16.29,17321,17422
0.16,0.0005,-27.53390759,0.03777940571308136,524,33,24.344253540039062,-0.7379540205001831,952,0.38305121660232544,16.34,17392,17493
0.17,0.0005,-27.33732107,0.03780289366841316,526,33,24.827373504638672,-0.030642308294773102,956,0.47011107206344604,16.34,17458,17559
0.17,0.0005,-27.338325219999998,0.03902212157845497,528,33,23.500686645507812,0.8057200312614441,960,0.35786011815071106,16.35,17522,17623
0.18,0.0005,-27.289989450000004,0.039627805352211,529,33,25.14971923828125,-0.5652194023132324,964,0.34003156423568726,16.24,17578,17679
0.18,0.0005,-27.27888666,0.03926817327737808,531,33,24.93405532836914,0.9394698739051819,968,0.23898999392986298,16.34,17640,17741
0.17,0.0005,-27.49695737,0.040041208267211914,533,33,23.330337524414062,-0.05629737675189972,972,0.5640227794647217,16.38,17707,17808
0.18,0.0005,-27.463294190000006,0.04037095978856087,535,33,23.239765167236328,0.48495909571647644,976,1.53805673122406,16.36,17776,17877
0.17,0.0005,-27.780671910000002,0.04035846143960953,536,33,24.738658905029297,-0.18479189276695251,980,0.17187699675559998,16.3,17836,17937
0.18,0.0005,-27.447330690000005,0.040481291711330414,538,33,23.98811149597168,-0.2922942042350769,984,0.5702970027923584,16.3,17901,18002
0.2,0.0005,-26.67239195,0.04045025631785393,540,33,23.14722442626953,0.3321370482444763,988,0.586920976638794,16.32,17974,18075
0.21,0.0005,-26.331730179999994,0.03988112136721611,542,33,27.706323623657227,0.47902095317840576,992,1.866824746131897,16.33,18044,18145
0.21,0.0005,-26.34675483,0.042456384748220444,544,33,24.004989624023438,2.6711525917053223,996,0.9224650859832764,16.29,18106,18207
0.21,0.0005,-26.503537780000002,0.04432346671819687,545,33,24.992938995361328,-0.5114511251449585,1000,0.36994469165802,16.15,18161,18262
0.21,0.0005,-26.65979598000001,0.04498137906193733,547,33,24.083948135375977,0.3120373785495758,1004,0.2746095359325409,16.15,18220,18321
0.21,0.0005,-26.5345433,0.04511763155460358,549,33,25.004079818725586,-0.6924458742141724,1008,0.9195855259895325,16.14,18285,18386
0.21,0.0005,-26.45720173,0.044712986797094345,551,33,25.15985679626465,-0.3454055190086365,1012,0.41837912797927856,16.15,18361,18462
0.21,0.0005,-26.44297685,0.04383612051606178,552,33,23.15437126159668,-0.04535083472728729,1016,0.6558765172958374,16.19,18424,18525
0.2,0.0005,-26.76668157,0.04404042661190033,554,33,23.350419998168945,-0.4027162194252014,1020,0.8050369024276733,16.33,18497,18598
0.18,0.0005,-27.20056219,0.04380282387137413,556,33,21.753463745117188,-0.5449627041816711,1024,0.33569127321243286,16.38,18561,18662
0.16,0.0005,-27.83844191,0.043779175728559494,558,33,22.512638092041016,-0.437823623418808,1028,0.6013939380645752,16.33,18627,18728
0.15,0.0005,-28.353477299999998,0.04343698173761368,560,33,23.54779815673828,0.5159375667572021,1032,0.3195861279964447,16.27,18691,18792
0.15,0.0005,-28.28277789,0.04331371188163757,562,33,24.226879119873047,-0.5186149477958679,1036,0.1565440446138382,16.32,18757,18858
0.16,0.0005,-28.183105840000003,0.042569056153297424,564,33,23.661624908447266,0.22527867555618286,1040,0.3059839904308319,16.23,18817,18918
0.17,0.0005,-27.683768219999997,0.04243488237261772,566,33,23.460800170898438,-0.4526548981666565,1044,0.18323670327663422,16.31,18887,18988
0.16,0.0005,-27.826836049999997,0.04184911772608757,568,33,24.241947174072266,0.45898985862731934,1048,1.6217681169509888,16.39,18960,19061
0.15,0.0005,-28.048395699999997,0.041691508144140244,570,33,24.385040283203125,0.6490594148635864,1052,0.3900490403175354,16.53,19045,19146
0.15,0.0005,-28.063182489999996,0.0414627343416214,572,33,24.109607696533203,-0.682592511177063,1056,0.2068762481212616,16.53,19111,19212
0.15,0.0005,-28.118351949999997,0.04108171910047531,573,33,23.171724319458008,0.5337878465652466,1060,0.5681020021438599,16.49,19171,19272
0.14,0.0005,-28.132613239999998,0.040469057857990265,575,33,22.558704376220703,0.4787698984146118,1064,0.8795321583747864,16.59,19237,19338
0.15,0.0005,-27.88922158999999,0.04049283638596535,576,33,23.209697723388672,1.3955912590026855,1068,0.5489271879196167,16.55,19295,19396
0.16,0.0005,-27.593905029999995,0.040122270584106445,578,33,22.576900482177734,0.3192538022994995,1072,0.3729311525821686,16.62,19369,19470
0.17,0.0005,-27.202603889999992,0.0399809405207634,580,33,24.47610092163086,-0.5777305364608765,1076,0.7655599117279053,16.61,19437,19538
0.18,0.0005,-27.037085359999995,0.04006543755531311,582,33,23.402019500732422,-0.006694495677947998,1080,0.2777993679046631,16.69,19505,19606
0.18,0.0005,-27.23824544,0.04061155393719673,584,33,22.626441955566406,-0.6869986057281494,1084,0.4322720170021057,16.61,19562,19663
0.18,0.0005,-27.31931272,0.04062992334365845,586,33,23.719730377197266,-0.5331854820251465,1088,1.7025376558303833,16.52,19626,19727
0.18,0.0005,-27.351026349999998,0.040248606353998184,588,33,23.25253677368164,-0.2894638776779175,1092,0.17385438084602356,16.51,19695,19796
0.19,0.0005,-27.184183199999996,0.04044276103377342,589,33,22.34149169921875,-0.28040075302124023,1096,0.21368569135665894,16.52,19758,19859
0.18,0.0005,-27.213582509999995,0.04084493964910507,591,33,23.553485870361328,-0.3342645466327667,1100,1.6640065908432007,16.62,19823,19924
0.18,0.0005,-27.132435379999997,0.04090519994497299,593,33,23.658824920654297,-0.8157637119293213,1104,0.16910645365715027,16.73,19893,19994
0.19,0.0005,-27.120391529999992,0.0402839370071888,610,32,23.183589935302734,-1.0993313789367676,1108,1.1150619983673096,16.75,19960,20061
0.21,0.0005,-26.762769910000003,0.039877116680145264,612,32,24.10127067565918,-0.03716462850570679,1112,0.2136625349521637,16.57,20018,20119
0.21,0.0005,-26.735509529999998,0.03937448561191559,614,32,23.35605812072754,-0.3482249975204468,1116,1.1781686544418335,16.59,20083,20184
0.24,0.0005,-25.7702736,0.03922037407755852,615,32,24.946273803710938,0.498913049697876,1120,0.4911978840827942,16.54,20151,20252
0.25,0.0005,-25.492209570000004,0.040302373468875885,617,32,23.92687225341797,0.17200636863708496,1124,0.44435086846351624,16.58,20219,20320
0.26,0.0005,-25.036894570000005,0.04045693576335907,619,32,22.851985931396484,0.1553073227405548,1128,0.31713688373565674,16.64,20291,20392
0.26,0.0005,-24.928247040000002,0.04008831828832626,621,32,21.12264060974121,0.058330196887254715,1132,0.4111214280128479,16.59,20350,20451
0.26,0.0005,-25.12208762,0.04010500758886337,622,32,24.675437927246094,0.10027285665273666,1136,0.6510570645332336,16.52,20409,20510
0.26,0.0005,-25.075370590000006,0.04012579098343849,624,32,23.511940002441406,-0.43480390310287476,1140,1.408962368965149,16.56,20473,20574
0.25,0.0005,-25.402077950000002,0.03971200808882713,626,32,23.321739196777344,-0.7669358849525452,1144,3.3186821937561035,16.52,20539,20640
0.25,0.0005,-25.368412199999998,0.039245232939720154,628,32,24.792926788330078,-1.0678362846374512,1148,0.39982685446739197,16.49,20609,20710
0.26,0.0005,-25.255517210000004,0.0387674905359745,630,32,24.131338119506836,0.44768908619880676,1152,1.0752356052398682,16.24,20669,20770
0.27,0.0005,-24.85030688,0.03906428813934326,632,32,22.729883193969727,0.05278763175010681,1156,1.1682628393173218,16.34,20745,20846
0.29,0.0005,-24.268330000000006,0.03882874175906181,634,32,23.983301162719727,-0.23592327535152435,1160,0.15067417919635773,16.42,20813,20914
0.31,0.0005,-23.84541534,0.03897719085216522,635,32,23.169397354125977,0.6211360692977905,1164,0.3562743067741394,16.39,20876,20977
0.3,0.0005,-24.02454071,0.03875914216041565,637,32,22.924606323242188,-1.2094008922576904,1168,0.2636951208114624,16.47,20942,21043
0.29,0.0005,-24.283843729999997,0.038775209337472916,639,32,23.116790771484375,-0.37255093455314636,1172,0.18387079238891602,16.4,21009,21110
0.28,0.0005,-24.5554205,0.03944235295057297,641,33,23.92532730102539,-0.033328860998153687,1176,0.2602296471595764,16.38,21075,21176
0.29,0.0005,-24.13928247,0.0396023690700531,643,33,22.95985221862793,-0.5843132138252258,1180,1.5276999473571777,16.43,21148,21249
0.29,0.0005,-24.018314430000004,0.03953322023153305,645,33,23.680830001831055,0.5337234139442444,1184,0.3982073664665222,16.55,21217,21318
0.28,0.0005,-24.31318235,0.039775654673576355,647,33,22.98550033569336,0.43598347902297974,1188,2.0589993000030518,16.56,21282,21383
0.28,0.0005,-24.338715269999998,0.039918191730976105,649,33,23.114715576171875,0.4799906313419342,1192,2.2240867614746094,16.63,21358,21459
0.28,0.0005,-24.252355880000003,0.039788175374269485,650,33,23.202959060668945,-0.4346260726451874,1196,0.5845693349838257,16.63,21421,21522
0.28,0.0005,-24.37099354,0.03927160054445267,652,33,21.896644592285156,1.0221748352050781,1200,0.24141104519367218,16.68,21491,21592
0.29,0.0005,-24.039616900000002,0.039893899112939835,654,33,22.825700759887695,-0.7072913646697998,1204,0.5472311973571777,16.67,21560,21661
0.29,0.0005,-23.897856009999995,0.03956620395183563,655,33,23.62576675415039,-0.6148521900177002,1208,0.18894368410110474,16.61,21621,21722
0.29,0.0005,-23.883555580000003,0.038701027631759644,657,33,22.880638122558594,-0.19820533692836761,1212,1.1919193267822266,16.67,21685,21786
0.31,0.0005,-23.381107550000003,0.03978173807263374,658,33,23.74856948852539,-0.04796603322029114,1216,2.5182905197143555,16.62,21745,21846
0.28,0.0005,-24.147044900000004,0.03967661410570145,660,33,23.433605194091797,0.26412737369537354,1220,1.041852593421936,16.66,21817,21918
0.28,0.0005,-24.12173757,0.03973943740129471,662,33,23.351696014404297,-0.7640174031257629,1224,0.20749905705451965,16.81,21900,22001
0.29,0.0005,-24.03677719,0.039035696536302567,664,33,22.859146118164062,-1.3558645248413086,1228,0.11879104375839233,16.75,21966,22067
0.3,0.0005,-23.609674979999994,0.03834496811032295,666,33,23.334522247314453,0.18977680802345276,1232,0.31941816210746765,16.87,22037,22138
0.3,0.0005,-23.513267180000003,0.03861674666404724,668,33,23.444534301757812,-0.25951460003852844,1236,0.4004349112510681,17.04,22113,22214
0.29,0.0005,-23.671234870000003,0.03670491650700569,670,33,26.12076759338379,-0.7750163078308105,1240,1.9400930404663086,17.16,22189,22290
0.3,0.0005,-23.32573576,0.03962123021483421,671,33,25.405517578125,-0.30117976665496826,1244,1.0005533695220947,17.13,22252,22353
0.3,0.0005,-23.411805550000004,0.04065604880452156,673,33,24.576547622680664,0.5047250986099243,1248,1.1007920503616333,17.05,22314,22415
0.3,0.0005,-23.448362799999998,0.040821246802806854,675,33,22.876571655273438,0.7121797204017639,1252,0.583103358745575,17.08,22377,22478
0.29,0.0005,-23.89352798,0.040866244584321976,676,33,22.590599060058594,-0.3721802532672882,1256,0.479693204164505,17.0,22445,22546
0.29,0.0005,-23.749686809999993,0.04068292677402496,678,33,23.26620101928711,0.16649241745471954,1260,1.5112637281417847,17.07,22520,22621
0.29,0.0005,-23.665314729999995,0.04054781422019005,680,33,23.0826473236084,-0.023357585072517395,1264,0.6094130873680115,17.12,22588,22689
0.3,0.0005,-23.29801639,0.040182411670684814,681,33,22.999521255493164,-0.9956276416778564,1268,0.15988114476203918,17.2,22662,22763
0.3,0.0005,-23.212694220000003,0.03982017934322357,683,33,22.932811737060547,0.11803137511014938,1272,1.7371705770492554,17.24,22733,22834
0.29,0.0005,-23.29693764999999,0.039871059358119965,685,33,22.675804138183594,-0.27596911787986755,1276,0.8094180226325989,17.34,22809,22910
0.27,0.0005,-23.929256929999998,0.039425887167453766,687,33,22.138240814208984,0.12006780505180359,1280,0.24177959561347961,17.31,22879,22980
0.26,0.0005,-24.208516239999994,0.03951144218444824,690,33,23.106121063232422,0.024790838360786438,1284,0.5976549983024597,17.51,22968,23069
0.27,0.0005,-23.945845179999996,0.03930605947971344,692,33,22.901676177978516,-0.8220398426055908,1288,0.5200282335281372,17.48,23030,23131
0.27,0.0005,-23.869662260000005,0.039279092103242874,694,33,23.487855911254883,0.03774133324623108,1292,0.31691986322402954,17.52,23110,23211
0.27,0.0005,-23.861094739999995,0.03932696580886841,695,33,23.632780075073242,0.6802734136581421,1296,0.23575854301452637,17.52,23173,23274
0.27,0.0005,-24.118928849999996,0.039111629128456116,697,33,23.149246215820312,-0.5941677093505859,1300,1.613572120666504,17.37,23228,23329
0.29,0.0005,-23.630549059999993,0.03899649530649185,698,33,22.312362670898438,-0.2036711573600769,1304,0.16237092018127441,17.34,23294,23395
0.3,0.0005,-23.38360559,0.03857298195362091,700,33,22.375,-0.22848686575889587,1308,0.11867479234933853,17.38,23359,23460
0.28,0.0005,-23.887134180000004,0.038535382598638535,702,33,23.09978485107422,-0.11831751465797424,1312,0.7025094032287598,17.53,23438,23539
0.27,0.0005,-24.00113132,0.0383281409740448,704,33,23.042095184326172,-0.7016879320144653,1316,1.2068403959274292,17.67,23512,23613
0.29,0.0005,-23.608947160000003,0.037785448133945465,706,33,21.88562774658203,-0.3107198476791382,1320,1.7720437049865723,17.69,23586,23687
0.29,0.0005,-23.598636820000003,0.03762663155794144,708,33,22.178058624267578,0.590986967086792,1324,0.5853791236877441,17.65,23665,23766
0.3,0.0005,-23.33264759,0.0378180630505085,710,33,20.624631881713867,0.4795081913471222,1328,0.1759878396987915,17.76,23742,23843
0.31,0.0005,-23.2074548,0.03769783303141594,712,33,23.442867279052734,-0.7506622076034546,1332,0.6024545431137085,17.74,23811,23912
0.31,0.0005,-23.06644027,0.037484705448150635,714,33,22.40707015991211,-0.6938518285751343,1336,0.22817763686180115,17.72,23885,23986
0.3,0.0005,-23.25921964,0.03744442015886307,715,33,20.998836517333984,-0.24374201893806458,1340,0.322614848613739,17.58,23947,24048
0.31,0.0005,-23.110722180000003,0.037986043840646744,717,33,22.830257415771484,-0.5129520297050476,1344,0.44232726097106934,17.72,24024,24125
0.3,0.0005,-23.505621199999997,0.03818593919277191,718,33,21.336223602294922,0.2702317237854004,1348,0.3131648004055023,17.7,24084,24185
0.32,0.0005,-22.959116369999997,0.038042619824409485,720,33,22.61964988708496,0.5773394107818604,1352,0.5490365624427795,17.78,24155,24256
0.31,0.0005,-23.090314590000002,0.03816123306751251,722,33,22.986637115478516,-0.011505499482154846,1356,2.663118362426758,17.84,24229,24330
0.3,0.0005,-23.337115830000002,0.03807589411735535,724,33,22.892868041992188,0.9845862984657288,1360,1.5506832599639893,17.9,24310,24411
0.28,0.0005,-23.69539267,0.0387125127017498,726,33,21.7928409576416,0.5336392521858215,1364,1.2517062425613403,17.95,24383,24484
0.28,0.0005,-23.725981689999998,0.039457209408283234,728,33,21.996135711669922,0.3325464129447937,1368,0.9912102818489075,17.97,24459,24560
0.29,0.0005,-23.45046902,0.03931516036391258,730,33,21.72789764404297,-0.5845621824264526,1372,0.37577709555625916,18.04,24537,24638
0.3,0.0005,-23.391799329999998,0.039317842572927475,732,33,22.895503997802734,0.24246889352798462,1376,0.256081759929657,18.0,24609,24710
0.32,0.0005,-22.824857029999997,0.03948458656668663,733,33,22.53003692626953,-0.6245979070663452,1380,0.27350008487701416,17.93,24672,24773
0.34,0.0005,-22.14828262,0.039498183876276016,735,33,20.53782844543457,0.0487547293305397,1384,0.23821692168712616,17.75,24743,24844
0.33,0.0005,-22.405986949999996,0.04005178064107895,737,33,23.695552825927734,0.144689679145813,1388,0.40450677275657654,17.87,24817,24918
0.33,0.0005,-22.49324411,0.03994140028953552,739,33,21.4344482421875,-0.1817362904548645,1392,0.2772178053855896,17.78,24888,24989
0.34,0.0005,-22.242123389999996,0.04045971482992172,740,33,22.942752838134766,-0.277474045753479,1396,0.6758469343185425,17.78,24951,25052
0.35,0.0005,-21.735677409999997,0.040015432983636856,742,33,20.913101196289062,0.28234216570854187,1400,1.5373752117156982,17.96,25024,25125
0.33,0.0005,-22.222661099999996,0.040614932775497437,744,33,21.578392028808594,0.20885038375854492,1404,0.8271766901016235,18.15,25109,25210
0.3,0.0005,-23.032596350000002,0.04020724818110466,746,33,21.096118927001953,-0.6684606075286865,1408,0.33275556564331055,18.25,25184,25285
0.3,0.0005,-22.945001700000002,0.03936193510890007,749,33,21.222476959228516,0.46941661834716797,1412,2.5937862396240234,18.25,25263,25364
0.31,0.0005,-22.687843819999998,0.03972269967198372,750,33,22.625011444091797,-0.2441856861114502,1416,0.5384964346885681,18.19,25331,25432
0.31,0.0005,-22.693400059999995,0.03962559252977371,752,33,23.33102798461914,0.06487439572811127,1420,0.496867835521698,18.1,25396,25497
0.31,0.0005,-22.659663949999995,0.03991163522005081,754,33,22.065868377685547,-0.8419504165649414,1424,1.636329174041748,18.04,25469,25570
0.29,0.0005,-23.11270851,0.03968898952007294,756,33,21.816640853881836,0.15952475368976593,1428,0.489316463470459,18.05,25547,25648
0.29,0.0005,-23.12778184,0.03956270590424538,757,33,21.490623474121094,0.6310635805130005,1432,0.3541858196258545,17.99,25610,25711
0.3,0.0005,-22.98043514,0.03898626193404198,759,33,20.669143676757812,-0.2724347710609436,1436,0.3249981999397278,17.94,25679,25780
0.33,0.0005,-22.28300379,0.038648687303066254,761,33,21.724716186523438,-0.3774617612361908,1440,0.7751759886741638,18.01,25748,25849
0.32,0.0005,-22.52996366,0.03862012177705765,763,33,22.155315399169922,-0.36301276087760925,1444,0.3725535273551941,18.0,25824,25925
0.34,0.0005,-21.880211709999998,0.03850717842578888,765,33,21.163379669189453,-0.9578771591186523,1448,0.3267402946949005,18.15,25899,26000
0.33,0.0005,-22.16745697,0.03879166767001152,767,33,21.078350067138672,0.5286703705787659,1452,0.23438815772533417,18.19,25974,26075
0.34,0.0005,-22.03420814,0.038275159895420074,768,33,20.82378578186035,1.8599776029586792,1456,2.4098334312438965,18.06,26035,26136
0.34,0.0005,-22.106264449999994,0.03814719244837761,770,34,21.586700439453125,-1.0240670442581177,1460,0.4655659794807434,17.93,26103,26204
0.37,0.0005,-21.48220878,0.03804105892777443,772,34,20.148134231567383,0.09400805830955505,1464,0.8546054363250732,17.89,26172,26273
0.37,0.0005,-21.501777590000003,0.03872080519795418,774,34,22.331850051879883,-0.8315398693084717,1468,0.30124765634536743,17.78,26237,26338
0.37,0.0005,-21.607431919999996,0.03873135522007942,776,34,22.213672637939453,-0.3580714762210846,1472,0.8752307891845703,17.73,26310,26411
0.37,0.0005,-21.67933823,0.03923982381820679,777,34,23.214128494262695,-0.2874258756637573,1476,0.3384197950363159,17.7,26379,26480
0.37,0.0005,-21.58475542,0.03970682993531227,779,34,21.142864227294922,0.48076769709587097,1480,0.5390686988830566,17.77,26449,26550
0.36,0.0005,-21.83273416,0.0403268039226532,781,34,22.535675048828125,-1.2777535915374756,1484,2.6067585945129395,17.88,26531,26632
0.37,0.0005,-21.52201792,0.04040561988949776,783,34,19.32225227355957,0.1799471229314804,1488,1.57356595993042,17.85,26602,26703
0.38,0.0005,-21.35887058,0.04117854684591293,785,34,23.656503677368164,-1.1355335712432861,1492,0.8088862895965576,17.88,26676,26777
0.37,0.0005,-21.504805460000004,0.04106496274471283,787,34,21.677093505859375,0.07829809188842773,1496,0.6271787285804749,17.93,26744,26845
0.37,0.0005,-21.48513627,0.040901560336351395,789,34,22.275096893310547,-0.08281406760215759,1500,0.17657431960105896,17.9,26814,26915
0.38,0.0005,-21.319484290000002,0.04091101884841919,790,34,21.447784423828125,0.4513283669948578,1504,0.8443654775619507,17.69,26878,26979
0.41,0.0005,-20.463206969999998,0.0404709167778492,792,34,22.06603240966797,-0.42472267150878906,1508,0.9815105199813843,17.65,26949,27050
0.41,0.0005,-20.610084930000003,0.040372442454099655,794,34,21.093517303466797,-0.4166509807109833,1512,0.21925508975982666,17.55,27018,27119
0.41,0.0005,-20.64843374,0.04049122333526611,796,34,21.22327423095703,0.20657768845558167,1516,0.4654120206832886,17.62,27093,27194
0.4,0.0005,-20.830066050000006,0.040784142911434174,798,34,20.963150024414062,0.9964700937271118,1520,0.6804735064506531,17.73,27169,27270
0.41,0.0005,-20.538019750000004,0.041084177792072296,800,34,21.69202423095703,0.7342526912689209,1524,0.6319529414176941,17.67,27236,27337
0.4,0.0005,-20.769281879999998,0.04192211851477623,802,34,22.591796875,-0.625569224357605,1528,0.497792512178421,17.64,27311,27412
0.39,0.0005,-21.058783709999997,0.042775169014930725,804,34,22.23904037475586,0.16757535934448242,1532,0.6824361681938171,17.78,27388,27489
0.4,0.0005,-20.81647281,0.042279522866010666,806,34,21.82644271850586,-0.28243714570999146,1536,0.24125006794929504,17.82,27461,27562
0.37,0.0005,-21.791719479999998,0.04239707067608833,808,34,21.74595069885254,0.08836853504180908,1540,0.8435395956039429,17.73,27521,27622
0.38,0.0005,-21.46519202,0.04220285639166832,810,34,20.768451690673828,0.05935212969779968,1544,0.649610161781311,17.7,27594,27695
0.37,0.0005,-21.73738662,0.04191332310438156,812,34,20.90716552734375,-0.20901767909526825,1548,0.3957419991493225,17.67,27666,27767
0.35,0.0005,-22.185938359999994,0.041765227913856506,813,34,20.001750946044922,0.27930259704589844,1552,1.0057722330093384,17.66,27740,27841
0.36,0.0005,-21.820733989999997,0.04132802411913872,815,34,21.16049575805664,0.4986003041267395,1556,0.5078281164169312,17.75,27810,27911
0.37,0.0005,-21.520693740000002,0.04087794944643974,817,34,18.290424346923828,0.9390744566917419,1560,0.4126938581466675,17.82,27885,27986
0.37,0.0005,-21.493937589999994,0.04133665934205055,819,34,22.10240364074707,-0.2127588391304016,1564,0.23784694075584412,17.77,27949,28050
0.38,0.0005,-21.22774955,0.04090631753206253,821,34,19.917314529418945,0.8026105165481567,1568,1.5524046421051025,17.97,28034,28135
0.38,0.0005,-21.0598447,0.040241267532110214,824,34,21.547760009765625,0.10405069589614868,1572,2.72550106048584,18.05,28115,28216
0.38,0.0005,-21.00231101,0.03963720053434372,825,34,21.807453155517578,2.78822660446167,1576,1.2410595417022705,17.99,28178,28279
0.37,0.0005,-21.43912356,0.04232596606016159,827,34,22.101856231689453,-0.40434595942497253,1580,0.6273895502090454,17.87,28236,28337
0.38,0.0005,-21.167019379999996,0.042124029248952866,829,34,22.9229793548584,-0.28121548891067505,1584,0.4198452830314636,17.78,28309,28410
0.37,0.0005,-21.554415970000004,0.04192374646663666,831,34,20.857343673706055,0.13073310256004333,1588,0.9236932992935181,17.68,28370,28471
0.36,0.0005,-21.638695900000002,0.04177848622202873,833,34,21.794158935546875,0.39875900745391846,1592,0.5055794715881348,17.77,28453,28554
0.36,0.0005,-21.75537999,0.04216408357024193,834,34,20.530807495117188,-0.027186453342437744,1596,0.3714539408683777,17.74,28518,28619
0.36,0.0005,-21.749803489999998,0.0416705496609211,836,34,20.657960891723633,0.4177769720554352,1600,0.7881842255592346,17.8,28594,28695
0.34,0.0005,-22.203543250000003,0.041623227298259735,838,34,21.516010284423828,0.22672390937805176,1604,0.7659368515014648,17.85,28663,28764
0.32,0.0005,-22.630289380000004,0.04194263368844986,840,34,21.359668731689453,-0.3802568316459656,1608,0.4317164123058319,17.89,28738,28839
0.33,0.0005,-22.256368329999997,0.04186109080910683,842,34,20.40400505065918,0.01672254502773285,1612,0.5493408441543579,17.83,28801,28902
0.33,0.0005,-22.143228759999996,0.04214910790324211,844,34,20.951644897460938,0.5587435960769653,1616,0.6927351951599121,17.8,28873,28974
0.33,0.0005,-22.120579290000002,0.042458370327949524,845,34,20.605405807495117,0.7246719598770142,1620,0.7024083137512207,17.74,28943,29044
0.32,0.0005,-22.46342994,0.042391713708639145,847,34,21.559158325195312,0.2682800590991974,1624,1.2853065729141235,17.71,29007,29108
0.34,0.0005,-21.988794559999995,0.04223908111453056,849,34,19.744915008544922,0.8688207268714905,1628,1.490006446838379,17.7,29081,29182
0.34,0.0005,-21.80759188,0.04277016222476959,851,34,20.91660499572754,0.36502256989479065,1632,1.4281853437423706,17.69,29157,29258
0.33,0.0005,-22.079914289999998,0.042857833206653595,853,34,20.116193771362305,0.42851758003234863,1636,0.37726205587387085,17.63,29224,29325
0.35,0.0005,-21.265567819999998,0.04304254427552223,855,34,19.71201515197754,0.618209719657898,1640,1.0721349716186523,17.71,29292,29393
0.36,0.0005,-20.993156600000002,0.042838118970394135,857,34,22.4814510345459,-0.7481980323791504,1644,0.6102855205535889,17.69,29363,29464
0.36,0.0005,-21.073092369999998,0.04304635524749756,859,34,20.780181884765625,-0.2542610168457031,1648,0.9508271217346191,17.65,29431,29532
0.39,0.0005,-20.33125509,0.0425872802734375,860,34,20.153690338134766,0.37762153148651123,1652,0.8751349449157715,17.6,29500,29601
0.39,0.0005,-20.299316270000002,0.04299180954694748,862,34,21.43673324584961,0.1854444444179535,1656,0.26506054401397705,17.61,29571,29672
0.38,0.0005,-20.6684438,0.043295200914144516,864,34,21.1761474609375,0.1460697054862976,1660,0.1830286979675293,17.61,29646,29747
0.35,0.0005,-21.396332869999995,0.043602172285318375,866,34,19.756603240966797,-0.1819971650838852,1664,1.1287922859191895,17.59,29708,29809
0.36,0.0005,-21.12546412,0.04286215454339981,868,34,20.367000579833984,0.1258547306060791,1668,0.7138516902923584,17.42,29776,29877
0.37,0.0005,-20.945626479999998,0.04302698001265526,869,34,21.96779441833496,-0.9806855916976929,1672,2.0678231716156006,17.23,29838,29939
0.4,0.0005,-20.20105856,0.04346204921603203,887,33,20.235645294189453,0.39482367038726807,1676,0.43709027767181396,17.33,29911,30012
0.41,0.0005,-19.89363764,0.044133447110652924,888,33,20.339515686035156,-0.1543969064950943,1680,1.024813175201416,17.45,29981,30082
0.39,0.0005,-20.623262599999997,0.04374995827674866,890,33,24.36787223815918,0.06856752932071686,1684,1.4616501331329346,17.34,30043,30144
0.39,0.0005,-20.639838920000003,0.04433324187994003,892,33,20.453941345214844,0.25379467010498047,1688,0.5994348526000977,17.37,30107,30208
0.39,0.0005,-20.8201871,0.04478713124990463,894,33,21.61994171142578,-0.42386674880981445,1692,0.8137242794036865,17.11,30164,30265
0.4,0.0005,-20.554609759999998,0.04371510073542595,896,33,20.897579193115234,0.022352740168571472,1696,0.3701677918434143,17.26,30244,30345
0.4,0.0005,-20.637849529999997,0.04322089999914169,898,33,20.556949615478516,-0.14134521782398224,1700,0.7189109921455383,17.17,30311,30412
0.41,0.0005,-20.39285606,0.0419248566031456,900,33,21.230735778808594,-0.2158622145652771,1704,0.5684086084365845,17.13,30376,30477
0.41,0.0005,-20.53501109,0.041795384138822556,901,33,20.84267807006836,0.39731505513191223,1708,0.5390977263450623,17.01,30439,30540
0.42,0.0005,-20.302292150000007,0.041457630693912506,903,33,19.806926727294922,-0.7267844676971436,1712,0.6671520471572876,17.04,30505,30606
0.42,0.0005,-20.30161555,0.04173046350479126,905,33,21.660545349121094,0.6318091154098511,1716,0.6469485759735107,17.0,30573,30674
0.43,0.0005,-20.09382327,0.04176931083202362,907,33,20.84487533569336,0.7471980452537537,1720,0.883966326713562,17.04,30647,30748
0.43,0.0005,-20.19680227,0.04190411791205406,909,33,20.3443660736084,0.27478134632110596,1724,0.7698826789855957,17.03,30710,30811
0.43,0.0005,-20.304993420000002,0.04237968847155571,911,33,20.042648315429688,0.23236732184886932,1728,0.551789402961731,16.94,30775,30876
0.44,0.0005,-20.062558799999998,0.04237635061144829,913,33,19.93525505065918,-0.04403670132160187,1732,0.27045580744743347,16.89,30846,30947
0.42,0.0005,-20.609039929999998,0.0415000282227993,916,33,18.77106475830078,1.4745328426361084,1736,1.3527483940124512,17.01,30925,31026
0.41,0.0005,-20.96216984,0.04260997101664543,918,33,19.21100616455078,0.41299939155578613,1740,0.5087947845458984,17.04,30996,31097
0.39,0.0005,-21.31544829,0.043379127979278564,920,33,21.195972442626953,-0.33754369616508484,1744,0.5811939239501953,17.05,31068,31169
0.4,0.0005,-20.93995387,0.042817581444978714,922,33,19.666339874267578,-0.9383272528648376,1748,0.4206770956516266,17.17,31148,31249
0.38,0.0005,-21.389302720000003,0.04249957203865051,924,33,19.01580238342285,-0.8782150745391846,1752,1.5461335182189941,17.16,31216,31317
0.36,0.0005,-21.883717799999996,0.042306527495384216,926,33,20.68294906616211,0.16558322310447693,1756,0.5438668131828308,17.21,31292,31393
0.38,0.0005,-21.299124000000006,0.04237223044037819,928,33,19.607444763183594,0.09297353774309158,1760,0.5261266231536865,17.17,31363,31464
0.38,0.0005,-21.223184489999998,0.042004626244306564,930,33,20.885589599609375,0.48347222805023193,1764,0.43244123458862305,17.41,31449,31550
0.37,0.0005,-21.43082588,0.041749101132154465,932,33,20.395435333251953,-0.9118610620498657,1768,0.7873170971870422,17.49,31525,31626
0.36,0.0005,-21.599182060000004,0.04033960774540901,934,33,19.320262908935547,-1.1121811866760254,1772,0.6212536096572876,17.58,31596,31697
0.34,0.0005,-22.015525690000004,0.03997298702597618,936,33,21.196613311767578,-0.7299836874008179,1776,0.5913808345794678,17.69,31680,31781
0.34,0.0005,-22.013054519999997,0.0398254357278347,938,33,21.44097137451172,-0.15352049469947815,1780,0.7096978425979614,17.66,31747,31848
0.37,0.0005,-21.109398969999997,0.03996250778436661,940,33,20.18423080444336,0.7324509024620056,1784,1.0767326354980469,17.72,31815,31916
0.38,0.0005,-20.70298284,0.040302786976099014,942,33,20.14713478088379,-0.22736166417598724,1788,0.8778970241546631,17.86,31893,31994
0.39,0.0005,-20.33825438,0.04087488725781441,944,33,20.38821029663086,0.8443899750709534,1792,0.9426766633987427,18.01,31965,32066
0.39,0.0005,-20.467690429999998,0.04131881147623062,945,33,20.685901641845703,0.40155622363090515,1796,1.377114176750183,17.95,32039,32140
0.39,0.0005,-20.310574389999996,0.041467756032943726,948,33,20.374479293823242,-0.061037346720695496,1800,0.8863094449043274,18.03,32114,32215
0.39,0.0005,-20.22840132,0.04080067574977875,949,33,20.173898696899414,0.3595404624938965,1804,0.35267454385757446,18.05,32181,32282
0.4,0.0005,-20.016428610000002,0.04093518480658531,951,33,19.683780670166016,0.24027906358242035,1808,0.5938856601715088,18.14,32253,32354
0.39,0.0005,-20.27043027,0.04061098396778107,954,33,19.810033798217773,-1.1887133121490479,1812,1.0599333047866821,18.22,32327,32428
0.39,0.0005,-20.435515569999996,0.040589019656181335,955,33,21.790630340576172,-1.350843906402588,1816,0.759118378162384,18.21,32394,32495
0.41,0.0005,-19.94616939,0.03980673849582672,957,34,20.18330192565918,0.33282434940338135,1820,1.5237975120544434,18.14,32461,32562
0.41,0.0005,-19.90161851,0.040882859379053116,959,34,19.92281723022461,0.3900567293167114,1824,0.9788426756858826,18.27,32537,32638
0.42,0.0005,-19.56846668,0.04096441715955734,961,34,20.414236068725586,0.6954979300498962,1828,0.45340466499328613,18.39,32614,32715
0.4,0.0005,-20.18454868,0.04133078455924988,963,34,18.455284118652344,0.03360927104949951,1832,1.2020022869110107,18.3,32676,32777
0.41,0.0005,-19.923275970000002,0.041104018688201904,965,34,19.153915405273438,0.23420268297195435,1836,0.5091494917869568,18.08,32733,32834
0.42,0.0005,-19.77916297,0.041138213127851486,967,34,20.225215911865234,0.4870123267173767,1840,0.3353845179080963,18.11,32807,32908
0.43,0.0005,-19.658921290000002,0.04184039682149887,969,34,18.644493103027344,0.24204280972480774,1844,0.3042188882827759,18.2,32888,32989
0.42,0.0005,-19.93727816,0.04161281883716583,971,34,19.589000701904297,-0.08369015157222748,1848,1.03495192527771,18.19,32967,33068
0.41,0.0005,-20.130971330000005,0.04149096459150314,973,34,19.611751556396484,-0.4637959599494934,1852,1.049741506576538,18.21,33037,33138
0.41,0.0005,-20.02940026,0.04085415601730347,975,34,20.483688354492188,-0.322946697473526,1856,0.37610164284706116,18.28,33120,33221
0.38,0.0005,-20.90882861,0.04002764821052551,977,34,20.52051544189453,-0.19818034768104553,1860,0.7307479381561279,18.22,33185,33286
0.39,0.0005,-20.773260290000003,0.040525972843170166,980,34,20.67407989501953,-0.5809239745140076,1864,0.48578375577926636,18.23,33272,33373
0.39,0.0005,-20.70794198,0.04024619981646538,981,34,21.43124771118164,0.15754351019859314,1868,1.5072429180145264,18.16,33341,33442
0.39,0.0005,-20.683844,0.04026687517762184,984,34,19.957279205322266,-0.07151687145233154,1872,0.3989019989967346,18.26,33422,33523
0.37,0.0005,-21.27710498,0.04064103588461876,986,34,21.005218505859375,-0.16312795877456665,1876,0.21975839138031006,18.14,33494,33595
0.36,0.0005,-21.44966021,0.04140087217092514,987,34,19.36997413635254,0.2915538251399994,1880,0.5018354654312134,18.11,33558,33659
0.34,0.0005,-21.92135343,0.041282251477241516,990,34,22.802661895751953,-0.04122253507375717,1884,1.1138731241226196,18.18,33633,33734
0.32,0.0005,-22.560731359999995,0.04141084477305412,991,34,19.88332748413086,-0.4838609993457794,1888,0.8059142827987671,18.1,33703,33804
0.3,0.0005,-23.037988779999996,0.04077465459704399,993,34,20.78388786315918,-0.3286287188529968,1892,0.3857676088809967,18.07,33772,33873
0.29,0.0005,-23.070682930000007,0.04106948524713516,995,34,17.834365844726562,0.01009828969836235,1896,2.2101855278015137,17.97,33836,33937
0.29,0.0005,-23.090257540000003,0.04104924201965332,997,34,20.286239624023438,-0.05414377897977829,1900,0.6182399392127991,17.95,33909,34010
0.29,0.0005,-23.12241396,0.040969107300043106,999,34,20.796607971191406,0.36830490827560425,1904,0.2708893418312073,17.95,33976,34077
0.29,0.0005,-23.09909293,0.041283030062913895,1001,34,22.06539535522461,-0.42487937211990356,1908,1.0104763507843018,17.93,34046,34147
0.3,0.0005,-22.793454009999994,0.04128003865480423,1002,34,19.792585372924805,-0.526553213596344,1912,1.9075380563735962,17.85,34112,34213
0.3,0.0005,-22.796361829999995,0.040633827447891235,1004,34,19.648555755615234,-1.0400757789611816,1916,2.3644561767578125,17.85,34179,34280
0.28,0.0005,-23.166532920000005,0.04100222513079643,1006,34,19.987598419189453,-0.4461415410041809,1920,0.20500536262989044,17.86,34247,34348
0.27,0.0005,-23.47430516,0.04075980186462402,1008,34,19.85426139831543,0.008339609950780869,1924,1.0779937505722046,17.94,34331,34432
0.24,0.0005,-24.20224685,0.0408373661339283,1011,34,18.16075897216797,-0.36437126994132996,1928,0.35358285903930664,17.95,34409,34510
0.25,0.0005,-23.817423060000007,0.04109064117074013,1013,34,20.454608917236328,0.27910488843917847,1932,1.3820772171020508,18.11,34487,34588
0.25,0.0005,-23.90407703,0.041322752833366394,1014,34,19.882869720458984,0.08843682706356049,1936,0.6061608791351318,18.11,34544,34645
0.24,0.0005,-24.075595909999997,0.041017211973667145,1017,34,19.344833374023438,0.6407699584960938,1940,0.3299490213394165,18.14,34621,34722
0.23,0.0005,-24.27414518,0.04165027663111687,1019,34,20.043941497802734,-0.6810333728790283,1944,0.37078964710235596,18.11,34699,34800
0.25,0.0005,-23.799688300000003,0.04225875437259674,1021,34,19.610124588012695,0.11248578131198883,1948,0.8075610399246216,18.08,34775,34876
0.25,0.0005,-23.85553389,0.04237110912799835,1023,34,17.886083602905273,0.45087069272994995,1952,1.2094769477844238,18.22,34859,34960
0.25,0.0005,-23.87605203,0.04218735918402672,1025,34,19.754457473754883,0.02330109477043152,1956,0.8861998319625854,18.21,34941,35042
0.27,0.0005,-23.172714040000002,0.042436957359313965,1027,34,19.33535385131836,-0.045530859380960464,1960,1.4258761405944824,18.23,35008,35109
0.28,0.0005,-23.01776457,0.04187269136309624,1028,34,19.46304702758789,0.1666419357061386,1964,0.9145947694778442,18.02,35074,35175
0.27,0.0005,-23.31238662,0.04214025288820267,1030,34,20.331939697265625,-1.036478042602539,1968,1.2875114679336548,18.09,35150,35251
0.27,0.0005,-23.42225033,0.041412997990846634,1032,34,18.231231689453125,0.8386286497116089,1972,0.7148158550262451,18.0,35222,35323
0.29,0.0005,-22.83240968,0.041477128863334656,1034,34,19.32027244567871,-0.39960092306137085,1976,0.2617504894733429,18.08,35302,35403
0.3,0.0005,-22.55281306,0.041002899408340454,1036,34,19.959081649780273,-0.9757473468780518,1980,0.7558459043502808,18.18,35376,35477
0.31,0.0005,-22.42472926,0.04090949892997742,1038,34,20.055641174316406,0.07627150416374207,1984,1.6516565084457397,18.09,35442,35543
0.34,0.0005,-21.541776560000002,0.041257839649915695,1040,34,19.751541137695312,0.43213772773742676,1988,1.724621057510376,18.07,35510,35611
0.37,0.0005,-20.85403236,0.04082842171192169,1042,34,18.506120681762695,-0.4312213361263275,1992,0.7097503542900085,18.14,35586,35687
0.38,0.0005,-20.6256475,0.0412471778690815,1044,34,18.81572723388672,0.6161808967590332,1996,1.7026786804199219,18.3,35666,35767
0.4,0.0005,-20.20040299,0.04216267541050911,1046,34,18.883956909179688,-0.16847707331180573,2000,1.481736421585083,18.32,35741,35842
0.41,0.0005,-19.96847716,0.042027827352285385,1049,34,18.252010345458984,1.5731773376464844,2004,1.4575181007385254,18.5,35826,35927
0.41,0.0005,-20.052725390000003,0.04358609765768051,1050,34,20.980575561523438,-0.7087745666503906,2008,0.9031628370285034,18.47,35893,35994
0.38,0.0005,-20.77271365,0.04326564818620682,1052,34,18.158470153808594,0.6386269330978394,2012,0.6203769445419312,18.57,35969,36070
0.38,0.0005,-20.92695155,0.04435553401708603,1054,34,18.010534286499023,-0.14523006975650787,2016,1.4608409404754639,18.55,36034,36135
0.37,0.0005,-21.173336200000005,0.04408670589327812,1056,34,19.883834838867188,-0.3450945019721985,2020,0.14770081639289856,18.62,36109,36210
0.39,0.0005,-20.4852501,0.04235711321234703,1058,34,17.879650115966797,0.5975483059883118,2024,0.6497604846954346,18.43,36174,36275
0.4,0.0005,-20.126049759999997,0.04186714068055153,1060,34,18.91187286376953,-0.3017615079879761,2028,0.4372329115867615,18.42,36251,36352
0.41,0.0005,-20.047178900000002,0.042077526450157166,1062,34,18.502700805664062,0.49942541122436523,2032,0.43547534942626953,18.36,36323,36424
0.43,0.0005,-19.329059759999996,0.0417303740978241,1064,34,20.020687103271484,0.0037288814783096313,2036,0.39082103967666626,18.45,36389,36490
0.44,0.0005,-19.03060764,0.04124486818909645,1066,34,19.432498931884766,-0.30348771810531616,2040,1.4697060585021973,18.48,36469,36570
0.44,0.0005,-19.13297643,0.04088880494236946,1067,34,18.61823081970215,-0.3935183584690094,2044,0.5813774466514587,18.35,36534,36635
0.43,0.0005,-19.43795133,0.040664706379175186,1069,34,18.491548538208008,0.42868340015411377,2048,0.9080530405044556,18.21,36596,36697
0.44,0.0005,-19.23320747,0.04131757467985153,1071,34,20.404415130615234,-0.548814058303833,2052,1.1358288526535034,18.08,36667,36768
0.45,0.0005,-19.13091494,0.04145897552371025,1073,34,20.021921157836914,-0.017351895570755005,2056,0.6894363164901733,18.03,36744,36845
0.46,0.0005,-18.97318059,0.04132458567619324,1075,34,18.754573822021484,-0.06539997458457947,2060,1.891859531402588,18.1,36818,36919
0.47,0.0005,-18.70301839,0.04091275855898857,1077,34,19.106168746948242,0.4625164270401001,2064,0.4455816149711609,18.21,36895,36996
0.48,0.0005,-18.702779780000004,0.04086574539542198,1079,34,18.60822868347168,0.6007589101791382,2068,0.7460231781005859,18.03,36953,37054
0.48,0.0005,-18.66213933,0.04097675532102585,1081,34,19.931697845458984,-0.15152402222156525,2072,1.0016528367996216,18.19,37041,37142
0.49,0.0005,-18.40635702,0.041443679481744766,1083,34,19.219375610351562,0.07561908662319183,2076,0.6945420503616333,18.08,37110,37211
0.49,0.0005,-18.436277010000005,0.04158147796988487,1085,34,19.099035263061523,1.251974105834961,2080,0.879263162612915,18.11,37187,37288
0.48,0.0005,-18.604558259999997,0.042490918189287186,1087,34,17.87383270263672,-0.0993443951010704,2084,0.560791015625,18.09,37251,37352
0.47,0.0005,-18.939725940000002,0.04198702424764633,1088,34,18.010053634643555,0.4982372522354126,2088,0.5557911396026611,18.08,37318,37419
0.46,0.0005,-19.221019700000003,0.041770339012145996,1090,34,20.081153869628906,-0.3883047103881836,2092,0.33582067489624023,17.98,37384,37485
0.47,0.0005,-19.01642153,0.04171027988195419,1092,34,19.12697410583496,0.501345157623291,2096,1.0686224699020386,17.95,37461,37562
0.47,0.0005,-19.04261549,0.04187765344977379,1094,34,17.796188354492188,0.27959203720092773,2100,1.1820343732833862,17.94,37535,37636
0.47,0.0005,-18.97038295,0.04251723736524582,1096,34,19.242748260498047,0.1118314266204834,2104,0.831015944480896,17.78,37604,37705
0.45,0.0005,-19.20044028,0.04300229623913765,1098,34,19.063495635986328,0.48547956347465515,2108,0.563704252243042,17.87,37680,37781
0.46,0.0005,-19.018000569999998,0.04351711645722389,1101,34,17.581829071044922,0.010678388178348541,2112,0.6062340140342712,17.9,37759,37860
0.45,0.0005,-19.028926549999998,0.04368915781378746,1103,34,19.552936553955078,-0.48517221212387085,2116,1.2122118473052979,18.02,37836,37937
0.45,0.0005,-19.26922728,0.042741820216178894,1104,34,18.523073196411133,0.1523027867078781,2120,0.3805469274520874,17.87,37896,37997
0.46,0.0005,-19.169984369999998,0.04196712747216225,1107,34,20.172168731689453,-0.7901230454444885,2124,0.8618581295013428,18.01,37975,38076
0.47,0.0005,-18.97874305,0.04210514575242996,1108,34,18.567977905273438,0.1359773874282837,2128,1.9335428476333618,17.93,38044,38145
0.46,0.0005,-19.148634480000002,0.04162880405783653,1110,34,18.863935470581055,0.006618179380893707,2132,0.6093063354492188,17.91,38114,38215
0.44,0.0005,-19.673315919999997,0.04102174937725067,1112,34,18.90376091003418,0.0060533881187438965,2136,1.4787390232086182,17.89,38178,38279
0.45,0.0005,-19.45072592,0.041115522384643555,1114,34,18.252553939819336,1.1537411212921143,2140,0.6630089282989502,17.75,38244,38345
0.47,0.0005,-19.025818570000002,0.04151950404047966,1115,34,17.197025299072266,0.023404531180858612,2144,0.6226398944854736,17.73,38307,38408
0.47,0.0005,-18.887940139999998,0.04256843775510788,1118,34,18.428369522094727,0.916350245475769,2148,0.6836984753608704,17.87,38383,38484
0.49,0.0005,-18.36951766,0.04286738857626915,1120,34,18.994258880615234,0.2123643010854721,2152,0.5548188090324402,17.92,38459,38560
0.5,0.0005,-18.03698782,0.04321872815489769,1122,34,18.194841384887695,-0.16255606710910797,2156,0.9736112356185913,17.8,38524,38625
0.49,0.0005,-18.279743770000003,0.042493704706430435,1124,34,19.362892150878906,0.32934319972991943,2160,0.3309769034385681,17.88,38606,38707
0.5,0.0005,-18.06187546,0.04335702210664749,1126,34,19.501394271850586,0.4880436956882477,2164,1.127355933189392,17.83,38678,38779
0.5,0.0005,-17.90975819,0.04323975369334221,1128,34,17.268665313720703,-0.04400438070297241,2168,0.9550603628158569,17.9,38743,38844
0.5,0.0005,-17.787326339999996,0.04396619275212288,1129,34,18.07794761657715,-0.6297627091407776,2172,0.9027341604232788,17.73,38814,38915
0.49,0.0005,-18.17779842,0.044288791716098785,1131,34,17.720640182495117,-0.30344903469085693,2176,1.1780773401260376,17.78,38888,38989
0.49,0.0005,-18.257407809999997,0.04515354335308075,1133,34,16.48858642578125,-0.17266464233398438,2180,0.33421802520751953,17.66,38953,39054
0.48,0.0005,-18.62202869,0.045202143490314484,1135,34,19.308975219726562,0.5782138109207153,2184,0.5072607398033142,17.9,39041,39142
0.47,0.0005,-18.97469985,0.04557381197810173,1137,34,17.536029815673828,-0.1006254181265831,2188,0.689411461353302,17.83,39101,39202
0.47,0.0005,-18.968325970000002,0.04539830982685089,1139,34,19.31641387939453,0.29124775528907776,2192,1.8107033967971802,18.02,39186,39287
0.44,0.0005,-19.65319478,0.04422963410615921,1141,34,18.226579666137695,-0.36146795749664307,2196,0.6070376634597778,17.83,39244,39345
0.44,0.0005,-19.69289742,0.04362655058503151,1142,34,17.321788787841797,0.9275844097137451,2200,0.43118298053741455,17.67,39302,39403
0.45,0.0005,-19.5240659,0.04374430701136589,1144,34,17.661203384399414,0.2170659452676773,2204,1.061676025390625,17.75,39379,39480
0.47,0.0005,-19.08514796,0.043625205755233765,1146,34,17.57461166381836,-0.3007736802101135,2208,0.2165515273809433,17.76,39456,39557
0.48,0.0005,-18.95657677,0.04386357218027115,1148,34,17.458080291748047,-0.32667410373687744,2212,0.3304581046104431,17.68,39527,39628
0.48,0.0005,-18.90628162,0.04356706887483597,1150,34,16.839221954345703,0.6072697639465332,2216,0.37456685304641724,17.63,39599,39700
0.5,0.0005,-18.25447561,0.043809402734041214,1152,34,17.039642333984375,0.39744502305984497,2220,1.2754783630371094,17.74,39670,39771
0.5,0.0005,-18.24928963,0.0440177321434021,1154,34,18.601966857910156,-0.2843034565448761,2224,4.098911762237549,17.79,39754,39855
0.51,0.0005,-18.02861927,0.04417223110795021,1156,34,19.603561401367188,0.43733280897140503,2228,0.43786999583244324,17.84,39828,39929
0.53,0.0005,-17.52835893,0.04488563910126686,1172,34,18.213659286499023,0.1872304379940033,2232,0.8958138227462769,17.89,39903,40004
0.54,0.0005,-17.3304184,0.04415203630924225,1174,34,17.948299407958984,-0.14315617084503174,2236,0.7164299488067627,18.12,39990,40091
0.53,0.0005,-17.57066245,0.04443661496043205,1176,34,17.28801155090332,-0.22678399085998535,2240,0.5968879461288452,18.24,40068,40169
0.5,0.0005,-18.114239339999997,0.044526319950819016,1178,34,16.83222198486328,0.36841654777526855,2244,0.3154836595058441,18.42,40149,40250
0.5,0.0005,-18.189510319999997,0.04459590092301369,1181,34,18.32048225402832,-0.2916959822177887,2248,0.686221182346344,18.52,40235,40336
0.49,0.0005,-18.46849778,0.04614773392677307,1183,34,17.306663513183594,-0.6579952239990234,2252,0.6883414387702942,18.65,40324,40425
0.5,0.0005,-18.216138890000003,0.0454283133149147,1184,34,19.54929542541504,-0.06286297738552094,2256,1.2725753784179688,18.71,40395,40496
0.5,0.0005,-18.36474524,0.045265913009643555,1186,34,17.423412322998047,-0.20280393958091736,2260,1.6274679899215698,18.44,40450,40551
0.48,0.0005,-18.814586270000003,0.04494640976190567,1187,34,18.2313232421875,0.4055238366127014,2264,1.4434343576431274,18.32,40510,40611
0.48,0.0005,-18.85620066,0.04486745595932007,1189,34,17.54230499267578,-0.8750253915786743,2268,0.7513443231582642,18.34,40577,40678
0.51,0.0005,-18.368591109999997,0.0442003570497036,1191,34,18.378074645996094,-0.08824832737445831,2272,0.7376634478569031,18.42,40656,40757
0.51,0.0005,-18.307241429999998,0.04314447566866875,1193,34,17.716102600097656,0.054501648992300034,2276,0.2437167465686798,18.58,40746,40847
0.52,0.0005,-18.034212439999997,0.04301463067531586,1195,34,18.248027801513672,0.4076339900493622,2280,0.532765805721283,18.72,40825,40926
0.54,0.0005,-17.553211060000002,0.042917169630527496,1197,34,17.78321075439453,0.29217517375946045,2284,0.8277917504310608,18.62,40903,41004
0.56,0.0005,-16.832209119999998,0.043503571301698685,1199,34,17.729759216308594,-0.9491605758666992,2288,1.0830601453781128,18.67,40968,41069
0.57,0.0005,-16.572543739999997,0.042767398059368134,1201,34,16.86664581298828,-0.33530178666114807,2292,0.8211281299591064,18.59,41045,41146
0.59,0.0005,-16.109693030000003,0.043313320726156235,1203,34,17.40747833251953,-0.2422972172498703,2296,1.2945150136947632,18.83,41127,41228
0.58,0.0005,-16.373651499999998,0.04352196305990219,1205,34,16.885295867919922,-0.12145553529262543,2300,0.48816320300102234,18.89,41191,41292
0.57,0.0005,-16.57051886,0.0429740771651268,1207,34,17.45928955078125,0.39684081077575684,2304,2.408968925476074,18.94,41273,41374
0.56,0.0005,-16.905043029999998,0.04300813004374504,1209,34,17.848857879638672,0.22817514836788177,2308,1.365377426147461,19.0,41356,41457
0.55,0.0005,-17.18756074,0.04226488992571831,1211,34,17.45996856689453,-0.03491602838039398,2312,0.37865811586380005,18.8,41407,41508
0.58,0.0005,-16.627225430000003,0.041988927870988846,1213,34,16.71412467956543,-0.38766026496887207,2316,0.24449357390403748,18.86,41485,41586
0.57,0.0005,-16.936677200000002,0.042055364698171616,1214,34,16.786041259765625,-0.32688474655151367,2320,0.7521377801895142,18.82,41552,41653
0.58,0.0005,-16.68232368,0.04208141192793846,1216,34,17.82694435119629,0.1406422257423401,2324,0.28119415044784546,18.71,41625,41726
0.57,0.0005,-16.92050828,0.04185892269015312,1218,34,16.88168716430664,-0.07744051516056061,2328,1.4882285594940186,18.77,41705,41806
0.56,0.0005,-17.10223008,0.04117187112569809,1220,34,17.84510040283203,-0.11339250206947327,2332,0.45502352714538574,18.73,41776,41877
0.54,0.0005,-17.621088209999996,0.041928164660930634,1222,34,21.08921241760254,1.901214361190796,2336,1.0821473598480225,18.6,41850,41951
0.56,0.0005,-17.2949327,0.04387236014008522,1224,34,18.04846954345703,-0.5764816999435425,2340,2.135587692260742,18.67,41935,42036
0.58,0.0005,-16.9561916,0.04383197799324989,1226,34,17.38043785095215,-0.2592487931251526,2344,1.4897584915161133,18.53,42002,42103
0.59,0.0005,-16.675775740000002,0.043704792857170105,1228,34,16.818145751953125,-1.0393521785736084,2348,0.3541342616081238,18.38,42073,42174
0.58,0.0005,-16.82886232,0.0428701788187027,1229,34,17.9114990234375,-0.3718910217285156,2352,2.7515740394592285,18.12,42136,42237
0.57,0.0005,-17.14021242,0.04202618449926376,1231,34,16.691974639892578,-0.5239959955215454,2356,0.287945419549942,18.0,42195,42296
0.56,0.0005,-17.353736519999998,0.042620059102773666,1232,34,17.642969131469727,0.09325137734413147,2360,1.112640619277954,18.01,42251,42352
0.56,0.0005,-17.377369230000003,0.043236084282398224,1234,34,17.277910232543945,-0.10785898566246033,2364,1.3974758386611938,17.96,42306,42407
0.55,0.0005,-17.52483352,0.04297006130218506,1235,34,17.307233810424805,-0.4785378575325012,2368,1.9166125059127808,17.93,42370,42471
0.54,0.0005,-17.68494489,0.04269668087363243,1237,34,15.664779663085938,0.240088552236557,2372,0.5356229543685913,17.88,42444,42545
0.54,0.0005,-17.60886381,0.04178161174058914,1239,34,17.027257919311523,0.4726812541484833,2376,2.2238731384277344,17.78,42524,42625
0.53,0.0005,-17.75454637,0.041931454092264175,1241,34,17.263460159301758,0.9972426891326904,2380,3.871917724609375,17.73,42598,42699
0.54,0.0005,-17.452477669999997,0.04216805472970009,1243,34,17.707536697387695,-0.2551771402359009,2384,0.3255559802055359,17.51,42654,42755
0.52,0.0005,-18.050827280000004,0.042155858129262924,1245,34,17.985469818115234,0.05603820085525513,2388,1.3982399702072144,17.53,42721,42822
0.51,0.0005,-18.22703037,0.041959475725889206,1247,34,17.717529296875,-0.23124366998672485,2392,0.3722394108772278,17.52,42797,42898
0.51,0.0005,-18.326162169999996,0.041680071502923965,1249,34,16.761425018310547,0.13615809381008148,2396,0.6996452808380127,17.43,42870,42971
0.51,0.0005,-18.201185599999995,0.04168827831745148,1251,34,18.061418533325195,-0.5775907039642334,2400,1.4773154258728027,17.53,42944,43045
0.51,0.0005,-18.27786786,0.04159209504723549,1253,34,18.602197647094727,0.15087810158729553,2404,0.9884054660797119,17.32,43005,43106
0.51,0.0005,-18.23602833,0.04205361008644104,1254,34,16.688692092895508,0.5003597140312195,2408,0.6238977909088135,17.14,43070,43171
0.52,0.0005,-17.807536489999997,0.04294412210583687,1256,34,18.293956756591797,-0.6078449487686157,2412,0.8116170763969421,17.35,43142,43243
0.48,0.0005,-18.57875366,0.04265442490577698,1258,34,17.6329402923584,0.3448675274848938,2416,0.7856364250183105,17.28,43213,43314
0.48,0.0005,-18.5129669,0.042366281151771545,1260,34,17.535425186157227,-0.9008244872093201,2420,2.640230894088745,17.38,43290,43391
0.45,0.0005,-19.14058331,0.04230402782559395,1262,34,18.253829956054688,-0.12276104092597961,2424,1.0331887006759644,17.33,43358,43459
0.45,0.0005,-19.176010179999995,0.04141649231314659,1265,34,16.319320678710938,0.05946880951523781,2428,0.4558565616607666,17.39,43444,43545
0.44,0.0005,-19.49191642,0.04152919724583626,1267,34,18.6141357421875,-0.0829993188381195,2432,0.32606422901153564,17.4,43516,43617
0.48,0.0005,-18.43188802,0.04133585840463638,1268,34,17.222736358642578,-0.9995169639587402,2436,0.8689926266670227,17.28,43578,43679
0.46,0.0005,-18.71976581,0.0415201373398304,1270,34,17.795745849609375,-0.2615146040916443,2440,1.8774256706237793,17.16,43651,43752
0.46,0.0005,-18.659611759999997,0.04097296670079231,1272,34,17.158733367919922,-0.5428974032402039,2444,1.445518136024475,17.27,43729,43830
0.44,0.0005,-19.29268249,0.041116200387477875,1274,34,16.9212646484375,-0.6805863380432129,2448,0.6150214076042175,17.19,43792,43893
0.43,0.0005,-19.589928790000002,0.04057679697871208,1275,34,16.049518585205078,-0.21238204836845398,2452,0.8494842052459717,17.22,43858,43959
0.44,0.0005,-19.45183947,0.04018288105726242,1277,34,17.713817596435547,0.4692947566509247,2456,0.5868643522262573,17.34,43929,44030
0.47,0.0005,-18.672470129999994,0.041220370680093765,1279,34,17.716222763061523,-0.45912131667137146,2460,0.8401793837547302,17.5,44001,44102
0.47,0.0005,-18.710786119999995,0.04123975709080696,1280,34,17.360116958618164,0.5525132417678833,2464,0.54392409324646,17.56,44062,44163
0.5,0.0005,-18.06280289,0.04127858206629753,1282,34,17.081912994384766,-1.175065040588379,2468,0.2534361481666565,17.65,44135,44236
0.51,0.0005,-17.81213778,0.04085521399974823,1284,34,17.032154083251953,1.1497855186462402,2472,2.670969009399414,17.58,44202,44303
0.53,0.0005,-17.39957782,0.04161042347550392,1286,34,16.75923728942871,-0.5496424436569214,2476,0.26193565130233765,17.51,44275,44376
0.54,0.0005,-17.19534199,0.04144180193543434,1288,34,17.269468307495117,-0.2817447781562805,2480,0.5017082691192627,17.47,44345,44446
0.52,0.0005,-17.70088077,0.04145623743534088,1290,34,17.852218627929688,0.12991203367710114,2484,0.2808936536312103,17.68,44422,44523
0.52,0.0005,-17.6194687,0.04043899103999138,1292,34,15.812334060668945,-0.5421738624572754,2488,0.46651309728622437,17.64,44485,44586
0.51,0.0005,-18.01911427,0.04008035734295845,1294,34,16.388347625732422,-0.016000598669052124,2492,1.4985942840576172,17.59,44556,44657
0.51,0.0005,-18.00841767,0.04033543914556503,1295,34,16.805068969726562,-0.24378469586372375,2496,0.7468603849411011,17.58,44628,44729
0.5,0.0005,-18.44390086,0.04042749106884003,1297,34,15.291414260864258,-0.35699135065078735,2500,2.4552369117736816,17.49,44693,44794
0.5,0.0005,-18.427990610000002,0.0401928648352623,1299,34,17.932552337646484,-0.42043179273605347,2504,1.944019079208374,17.72,44777,44878
0.52,0.0005,-18.01818653,0.04053903743624687,1301,34,15.967113494873047,-0.4125998914241791,2508,0.16809222102165222,17.85,44855,44956
0.53,0.0005,-17.95749822,0.03957797959446907,1303,34,17.74596405029297,-0.11313894391059875,2512,1.633810043334961,17.82,44924,45025
0.56,0.0005,-17.26612048,0.039661820977926254,1305,34,17.585262298583984,-0.2941684126853943,2516,2.0580086708068848,17.75,44988,45089
0.54,0.0005,-17.797781509999997,0.04029650241136551,1307,34,16.759912490844727,-0.12155461311340332,2520,0.7550914287567139,17.99,45089,45190
0.54,0.0005,-17.76870316,0.040525250136852264,1309,34,16.40847396850586,0.48168715834617615,2524,2.5631215572357178,18.04,45162,45263
0.54,0.0005,-17.7070901,0.04034401848912239,1311,34,18.171480178833008,-0.36478155851364136,2528,0.6373592615127563,17.93,45237,45338
0.54,0.0005,-17.82372564,0.03947881609201431,1312,34,17.75258445739746,0.09477720409631729,2532,0.2298404723405838,17.87,45303,45404
0.52,0.0005,-18.31728799,0.039282821118831635,1314,34,18.7303524017334,0.5239419937133789,2536,1.0402452945709229,18.05,45383,45484
0.52,0.0005,-18.462952780000002,0.03944825753569603,1316,34,16.058155059814453,-0.4896172285079956,2540,1.5509907007217407,18.04,45455,45556
0.53,0.0005,-18.398114980000003,0.039495404809713364,1318,34,15.63278579711914,0.4448853135108948,2544,1.0688196420669556,18.01,45530,45631
0.55,0.0005,-17.758321360000004,0.040148328989744186,1320,34,16.925071716308594,0.40626925230026245,2548,2.179172992706299,18.08,45600,45701
0.58,0.0005,-17.072434639999997,0.03960566595196724,1322,34,16.901103973388672,-1.2695250511169434,2552,1.9545360803604126,18.27,45685,45786
0.58,0.0005,-16.979809160000002,0.03878359496593475,1323,34,17.24666976928711,0.04654216766357422,2556,1.1868873834609985,18.14,45743,45844
0.56,0.0005,-17.44243881,0.03925156593322754,1326,34,18.085601806640625,0.01909850537776947,2560,1.0286959409713745,18.28,45829,45930
0.55,0.0005,-17.86595745,0.03903099521994591,1327,34,15.782027244567871,-0.5718845129013062,2564,0.3359733521938324,18.25,45887,45988
0.52,0.0005,-18.4562644,0.03852517902851105,1329,34,16.744842529296875,0.566990077495575,2568,0.7122551202774048,18.33,45968,46069
0.49,0.0005,-19.361241300000003,0.03864622861146927,1331,34,15.275167465209961,0.39398813247680664,2572,0.2441600114107132,18.25,46027,46128
0.47,0.0005,-19.75333061,0.038580216467380524,1333,34,17.58173179626465,-0.6152719259262085,2576,0.7621156573295593,18.31,46106,46207
0.47,0.0005,-19.805617970000004,0.03824387118220329,1334,34,16.6166934967041,0.34169453382492065,2580,2.7276697158813477,18.36,46181,46282
0.48,0.0005,-19.51103197,0.03823466971516609,1336,34,18.516435623168945,0.221914142370224,2584,0.7074096202850342,18.21,46243,46344
0.48,0.0005,-19.56103675,0.0392102375626564,1338,34,15.828174591064453,0.4635620415210724,2588,0.9190480709075928,18.5,46335,46436
0.5,0.0005,-19.055783140000003,0.03936922177672386,1340,34,16.72332763671875,1.041377067565918,2592,0.7962307929992676,18.43,46399,46500
0.52,0.0005,-18.53226536,0.03939928486943245,1342,34,15.755730628967285,0.6932663917541504,2596,0.5044169425964355,18.45,46473,46574
0.53,0.0005,-18.141766930000003,0.03885824978351593,1343,34,16.89910125732422,-0.10550419241189957,2600,3.519603729248047,18.44,46537,46638
0.54,0.0005,-17.881707090000003,0.03823499009013176,1345,34,16.312522888183594,-0.04130983352661133,2604,1.4644991159439087,18.26,46603,46704
0.54,0.0005,-17.99714719,0.038869310170412064,1347,34,17.137264251708984,0.6811623573303223,2608,0.6482797861099243,18.23,46678,46779
0.54,0.0005,-17.9536032,0.03935007378458977,1349,34,17.04869842529297,-0.31025901436805725,2612,0.6903380155563354,18.16,46740,46841
0.55,0.0005,-17.793194429999996,0.04023498296737671,1351,34,15.94648551940918,-0.5738271474838257,2616,1.793196201324463,18.21,46809,46910
0.58,0.0005,-17.11145998,0.041766077280044556,1353,34,17.066699981689453,0.4789193570613861,2620,1.3964766263961792,18.04,46893,46994
0.59,0.0005,-16.91323255,0.04195097088813782,1356,34,17.364286422729492,-0.07165828347206116,2624,0.9169024229049683,18.11,46973,47074
0.61,0.0005,-16.52933918,0.04227882996201515,1358,34,16.076623916625977,-0.6649779677391052,2628,1.0332317352294922,18.09,47046,47147
0.62,0.0005,-16.132645250000003,0.0421062596142292,1360,34,16.730188369750977,1.069811224937439,2632,0.8517798185348511,18.18,47121,47222
0.62,0.0005,-16.03803153,0.04301568865776062,1362,34,16.016902923583984,-0.5525810718536377,2636,0.4730292558670044,18.1,47193,47294
0.63,0.0005,-15.79695969,0.0426768958568573,1364,34,16.473562240600586,0.08822889626026154,2640,0.4469600021839142,18.01,47256,47357
0.64,0.0005,-15.39275005,0.04243066534399986,1366,34,17.441200256347656,-0.13838152587413788,2644,1.4333291053771973,17.93,47323,47424
0.64,0.0005,-15.391931930000004,0.04245992749929428,1368,34,17.85214614868164,-0.2687130570411682,2648,1.652393102645874,17.95,47395,47496
0.64,0.0005,-15.387383239999997,0.0422637015581131,1369,34,16.667926788330078,0.32060158252716064,2652,1.6431231498718262,17.71,47456,47557
0.63,0.0005,-15.55600123,0.04237689822912216,1371,34,15.288639068603516,0.32628488540649414,2656,1.1403242349624634,17.93,47536,47637
0.62,0.0005,-15.81917448,0.0431428924202919,1373,34,16.864479064941406,0.16947850584983826,2660,1.6598355770111084,17.73,47602,47703
0.63,0.0005,-15.51693061,0.042958423495292664,1375,34,15.566620826721191,1.0529839992523193,2664,1.6272475719451904,17.9,47677,47778
0.65,0.0005,-15.135586720000001,0.04455435648560524,1377,34,17.374666213989258,-0.545017421245575,2668,0.8764405846595764,17.75,47743,47844
0.64,0.0005,-15.36452632,0.04464343190193176,1379,34,16.85565185546875,0.9987180233001709,2672,1.3804819583892822,17.9,47817,47918
0.62,0.0005,-15.850165460000001,0.04689120873808861,1381,34,17.074440002441406,0.7896716594696045,2676,0.8513751029968262,17.95,47901,48002
0.62,0.0005,-15.968072809999999,0.04912945255637169,1384,34,16.644874572753906,0.504464864730835,2680,1.4644978046417236,17.9,47971,48072
0.61,0.0005,-16.28582962,0.0492069348692894,1386,34,15.724899291992188,0.2882775664329529,2684,0.9231093525886536,17.98,48041,48142
0.63,0.0005,-15.922500759999997,0.04982263222336769,1388,34,18.566516876220703,-0.3274053931236267,2688,1.5503852367401123,17.74,48109,48210
0.62,0.0005,-16.247511720000002,0.049614232033491135,1390,34,17.50796127319336,0.0210401713848114,2692,0.4367266297340393,17.69,48168,48269
0.61,0.0005,-16.57221281,0.04829981550574303,1391,34,16.168109893798828,0.6515345573425293,2696,1.286830186843872,17.67,48240,48341
0.6,0.0005,-16.783727640000002,0.04831046611070633,1393,34,16.907066345214844,-0.7581794857978821,2700,0.725993275642395,17.75,48312,48413
0.59,0.0005,-17.03251111,0.04810694605112076,1395,34,16.844587326049805,-0.11432582139968872,2704,0.6839852333068848,17.71,48374,48475
0.59,0.0005,-16.839695279999997,0.0485643707215786,1397,34,16.282663345336914,-1.1572972536087036,2708,0.4960586428642273,17.67,48445,48546
0.59,0.0005,-16.85803994,0.04739648476243019,1399,34,17.612030029296875,-0.6488898992538452,2712,1.9235426187515259,17.83,48523,48624
0.57,0.0005,-17.24004758,0.04550182819366455,1401,34,15.531612396240234,0.33566904067993164,2716,0.8426730036735535,17.85,48594,48695
0.57,0.0005,-17.308307339999995,0.045796655118465424,1403,34,17.22913360595703,0.03158515691757202,2720,0.2745096981525421,17.7,48663,48764
0.57,0.0005,-17.47396117,0.04631209373474121,1404,34,15.90552806854248,0.581964373588562,2724,0.896939754486084,17.44,48717,48818
0.56,0.0005,-17.761179600000002,0.045593611896038055,1406,34,16.45657730102539,-0.28687024116516113,2728,0.479331374168396,17.37,48783,48884
0.56,0.0005,-17.85171929,0.04523332044482231,1408,34,18.31133460998535,-0.6277265548706055,2732,1.039947748184204,17.31,48852,48953
0.57,0.0005,-17.775971549999998,0.04435453563928604,1409,34,17.177978515625,0.7190259099006653,2736,1.2450149059295654,17.17,48910,49011
0.57,0.0005,-17.822417509999998,0.04618276655673981,1411,34,17.935623168945312,-0.09616021811962128,2740,1.3412866592407227,17.24,48980,49081
0.53,0.0005,-18.91109064,0.04615873470902443,1414,34,19.017269134521484,-1.5245823860168457,2744,0.847881555557251,17.26,49049,49150
0.51,0.0005,-19.440159960000003,0.045937854796648026,1416,34,15.953904151916504,0.12685857713222504,2748,0.9016637802124023,17.22,49117,49218
0.5,0.0005,-19.68564692,0.0452641099691391,1417,34,17.069177627563477,-0.4124112129211426,2752,0.40493690967559814,17.18,49174,49275
0.49,0.0005,-20.11104314,0.043961454182863235,1419,34,16.98564338684082,0.26553013920783997,2756,0.6394131779670715,17.08,49244,49345
0.51,0.0005,-19.58777717,0.044227976351976395,1421,34,16.38506317138672,0.7677648663520813,2760,1.673985481262207,17.07,49309,49410
0.52,0.0005,-19.13406744,0.044387005269527435,1423,34,17.6196346282959,0.04039408266544342,2764,0.5637093782424927,16.97,49374,49475
0.51,0.0005,-19.35000261,0.04603029042482376,1425,34,19.439847946166992,0.39215123653411865,2768,2.9573311805725098,17.09,49452,49553
0.53,0.0005,-18.818478260000003,0.04708506539463997,1427,34,18.135406494140625,0.013650164008140564,2772,0.6541152596473694,17.17,49534,49635
0.56,0.0005,-18.150508110000004,0.048741672188043594,1429,34,16.93242835998535,0.4706951975822449,2776,0.7083830237388611,17.03,49604,49705
0.57,0.0005,-17.87441872,0.04859212413430214,1431,34,16.93246078491211,-0.2685132622718811,2780,0.37895259261131287,17.14,49685,49786
0.6,0.0005,-17.02875591,0.0475262887775898,1433,34,16.818635940551758,-0.34629055857658386,2784,1.086658000946045,17.07,49748,49849
0.59,0.0005,-17.23559813,0.04671948775649071,1435,34,16.61011505126953,0.4421330392360687,2788,0.5866576433181763,17.06,49815,49916
0.58,0.0005,-17.25153234,0.047524113208055496,1453,34,17.14673614501953,0.15192759037017822,2792,1.3629441261291504,17.34,49902,50003
0.58,0.0005,-17.208314899999998,0.04685530066490173,1454,34,16.708354949951172,0.31367218494415283,2796,0.8745453357696533,17.26,49966,50067
0.59,0.0005,-17.102773340000002,0.047300100326538086,1456,34,16.828773498535156,-0.19186106324195862,2800,1.3539667129516602,17.26,50038,50139
0.59,0.0005,-17.1346391,0.045879121869802475,1458,34,16.082277297973633,0.4502435028553009,2804,0.5340009331703186,17.4,50114,50215
0.58,0.0005,-17.34054801,0.04646013304591179,1460,34,16.25897789001465,0.4472104012966156,2808,1.0555131435394287,17.44,50189,50290
0.58,0.0005,-17.324109250000003,0.04635227099061012,1462,34,16.55575180053711,-0.25325441360473633,2812,0.6492167711257935,17.31,50254,50355
0.59,0.0005,-17.1611932,0.04606066271662712,1464,34,16.64335823059082,-0.6427212357521057,2816,1.0577867031097412,17.24,50318,50419
0.58,0.0005,-17.21228536,0.046395089477300644,1466,34,16.01445770263672,0.15880702435970306,2820,1.3221180438995361,17.28,50391,50492
0.59,0.0005,-16.807922710000003,0.0456053651869297,1467,34,17.084095001220703,-0.5399333834648132,2824,0.32814717292785645,17.45,50462,50563
0.57,0.0005,-17.39447131,0.04526578634977341,1469,34,15.764764785766602,0.5715488195419312,2828,0.5984824299812317,17.47,50530,50631
0.57,0.0005,-17.252947340000002,0.046110138297080994,1471,34,15.31778335571289,-0.841763436794281,2832,0.9387013912200928,17.51,50603,50704
0.56,0.0005,-17.518046809999998,0.04554612562060356,1473,34,15.914163589477539,0.29972177743911743,2836,0.5520594120025635,17.8,50690,50791
0.56,0.0005,-17.35407066,0.04558273032307625,1475,34,16.264286041259766,-0.061956122517585754,2840,1.084439754486084,17.8,50760,50861
0.58,0.0005,-16.69277631,0.04503362625837326,1477,34,15.197578430175781,-0.34952905774116516,2844,0.7725600004196167,17.79,50828,50929
0.58,0.0005,-16.67885074,0.04330437630414963,1479,34,14.80795955657959,-0.19467464089393616,2848,0.6512412428855896,17.86,50903,51004
0.58,0.0005,-16.703992720000002,0.044614650309085846,1481,34,17.113937377929688,-0.33193284273147583,2852,0.7828212976455688,18.0,50974,51075
0.61,0.0005,-15.916520490000003,0.04209926351904869,1483,34,17.05771827697754,-0.7724687457084656,2856,0.8141422867774963,18.08,51052,51153
0.61,0.0005,-15.965142050000003,0.04109464958310127,1485,34,14.857521057128906,0.5526667833328247,2860,1.553579330444336,18.16,51125,51226
0.62,0.0005,-15.796823289999999,0.04196483641862869,1487,34,16.1994686126709,-0.6032923460006714,2864,1.6859614849090576,18.27,51201,51302
0.63,0.0005,-15.563817779999999,0.040616828948259354,1489,34,15.534122467041016,-0.3325875699520111,2868,0.8492202758789062,18.17,51269,51370
0.65,0.0005,-15.007491170000002,0.0401013121008873,1491,34,17.93912124633789,0.2402346134185791,2872,0.8482427000999451,18.08,51342,51443
0.63,0.0005,-15.586949530000002,0.040406569838523865,1493,34,16.08793830871582,-0.6269668340682983,2876,0.6917598247528076,18.04,51408,51509
0.61,0.0005,-15.988308449999998,0.04139402508735657,1494,34,16.819095611572266,1.1440672874450684,2880,1.3108887672424316,17.85,51470,51571
0.59,0.0005,-16.705458789999998,0.04120662435889244,1496,34,15.888666152954102,-2.334693431854248,2884,1.1885347366333008,17.95,51543,51644
0.6,0.0005,-16.49761998,0.039039503782987595,1498,34,17.855571746826172,0.6825973987579346,2888,0.6287820935249329,17.97,51612,51713
0.63,0.0005,-15.91088526,0.040399279445409775,1500,34,16.126876831054688,0.18398553133010864,2892,0.5835608243942261,17.88,51690,51791
0.64,0.0005,-15.590729739999999,0.04089868441224098,1502,34,16.648338317871094,0.49645939469337463,2896,1.2885652780532837,17.93,51759,51860
0.63,0.0005,-15.76657015,0.04164588823914528,1504,34,15.606452941894531,0.11974143981933594,2900,0.4585919976234436,17.9,51828,51929
0.63,0.0005,-15.67214236,0.041582707315683365,1505,34,16.698820114135742,0.26956117153167725,2904,1.7295963764190674,17.81,51895,51996
0.63,0.0005,-15.712351820000002,0.04259011149406433,1508,34,15.320747375488281,0.014532119035720825,2908,0.3294769823551178,17.86,51975,52076
0.62,0.0005,-15.96427682,0.04393055662512779,1509,34,16.57215690612793,0.23197606205940247,2912,1.4313150644302368,17.92,52046,52147
0.61,0.0005,-16.30883506,0.04485713690519333,1512,34,17.22602081298828,0.908220112323761,2916,0.28819674253463745,17.98,52116,52217
0.6,0.0005,-16.68744142,0.045401353389024734,1514,34,15.370857238769531,-0.20257186889648438,2920,0.6999390721321106,18.03,52194,52295
0.58,0.0005,-17.17229852,0.04556858539581299,1516,34,19.005447387695312,0.20834995806217194,2924,1.0679974555969238,18.13,52275,52376
0.6,0.0005,-16.445877250000002,0.04525146633386612,1518,34,16.07375717163086,-0.045080043375492096,2928,1.3886101245880127,18.08,52338,52439
0.62,0.0005,-16.08669383,0.04532834514975548,1520,34,17.63304901123047,-0.19950011372566223,2932,0.6930344104766846,18.12,52415,52516
0.62,0.0005,-16.119502539999996,0.045235391706228256,1522,34,16.28114891052246,0.5454922318458557,2936,1.2848392724990845,17.97,52487,52588
0.62,0.0005,-16.124569320000003,0.045044634491205215,1523,34,16.64638900756836,-0.6099622249603271,2940,0.5716642737388611,17.96,52556,52657
0.62,0.0005,-16.34959704,0.04472644627094269,1525,34,15.364809036254883,-0.31186580657958984,2944,0.43279966711997986,17.87,52615,52716
0.63,0.0005,-16.15009941,0.046043336391448975,1527,34,18.112716674804688,1.1941742897033691,2948,2.792707920074463,18.01,52704,52805
0.61,0.0005,-16.53802363,0.04497869685292244,1529,34,16.211349487304688,0.1771641969680786,2952,1.9472267627716064,18.1,52784,52885
0.59,0.0005,-16.992312440000003,0.04476702958345413,1531,34,16.755680084228516,-0.6877269148826599,2956,1.7343485355377197,17.87,52839,52940
0.6,0.0005,-16.748763949999997,0.04408448562026024,1533,34,14.652305603027344,0.4223055839538574,2960,1.4201552867889404,17.89,52914,53015
0.59,0.0005,-17.02503583,0.044577375054359436,1534,34,15.229639053344727,2.475656032562256,2964,1.9851245880126953,17.76,52977,53078
0.6,0.0005,-16.83733414,0.044977251440286636,1537,34,17.884674072265625,-0.6416958570480347,2968,0.5074535012245178,17.81,53050,53151
0.58,0.0005,-17.3742784,0.04436279833316803,1538,34,16.393205642700195,-0.5383313894271851,2972,1.413665771484375,17.73,53115,53216
0.58,0.0005,-17.252891930000004,0.04412718117237091,1540,34,16.2440242767334,0.730083703994751,2976,2.0596940517425537,17.66,53174,53275
0.56,0.0005,-17.76644409,0.04414685443043709,1542,34,15.464553833007812,-0.45339423418045044,2980,0.7940871715545654,17.89,53259,53360
0.57,0.0005,-17.31313798,0.04418106749653816,1544,34,16.129838943481445,-0.24206507205963135,2984,2.908294200897217,17.9,53333,53434
0.56,0.0005,-17.572370340000003,0.04594607278704643,1547,34,16.570716857910156,1.0027923583984375,2988,1.4160335063934326,18.01,53413,53514
0.52,0.0005,-18.50965127,0.04733658581972122,1548,34,14.941034317016602,-0.3171989619731903,2992,1.6642627716064453,17.84,53474,53575
0.48,0.0005,-19.37936571,0.04796420410275459,1551,34,16.660823822021484,0.6292178630828857,2996,0.9860411286354065,18.05,53564,53665
0.47,0.0005,-19.68305802,0.046579860150814056,1553,34,16.457632064819336,-0.8062378764152527,3000,1.0689243078231812,18.02,53630,53731
0.47,0.0005,-19.90521291,0.04547635465860367,1556,34,15.545204162597656,0.7176345586776733,3004,1.0119973421096802,18.34,53729,53830
0.49,0.0005,-19.49790769,0.045719217509031296,1558,34,17.713836669921875,-0.746519148349762,3008,1.6058164834976196,18.31,53806,53907
0.51,0.0005,-18.92037212,0.04484469071030617,1560,34,15.925128936767578,0.04512009024620056,3012,2.493086814880371,18.26,53872,53973
0.5,0.0005,-19.05589897,0.045631859451532364,1561,34,17.473289489746094,0.38079413771629333,3016,0.516789972782135,18.2,53936,54037
0.53,0.0005,-18.347906460000004,0.0456058531999588,1563,34,16.324419021606445,-0.20784318447113037,3020,0.547335147857666,18.22,54016,54117
0.55,0.0005,-17.932295529999998,0.04516692832112312,1565,34,16.251394271850586,-0.977776288986206,3024,1.6091939210891724,17.98,54073,54174
0.54,0.0005,-18.33533131,0.04399703070521355,1567,34,14.430770874023438,0.019335955381393433,3028,1.0041215419769287,18.09,54147,54248
0.51,0.0005,-19.047155520000004,0.043981004506349564,1569,34,18.296051025390625,-1.060613751411438,3032,2.015003204345703,17.94,54209,54310
0.51,0.0005,-19.03030472,0.04275249317288399,1571,34,16.08856964111328,0.17324846982955933,3036,0.6863172054290771,17.94,54281,54382
0.48,0.0005,-19.91240004,0.043097205460071564,1573,34,14.8001127243042,0.6431315541267395,3040,0.7222261428833008,17.99,54355,54456
0.48,0.0005,-19.77055192,0.0437997430562973,1574,34,16.740633010864258,-0.5972777605056763,3044,1.140837550163269,18.04,54419,54520
0.46,0.0005,-20.322109449999996,0.04390310123562813,1577,34,16.42264175415039,-0.011456578969955444,3048,1.4608445167541504,18.04,54508,54609
0.47,0.0005,-20.174374609999997,0.04296951740980148,1579,34,16.482303619384766,-0.3227141797542572,3052,1.1667585372924805,17.89,54573,54674
0.47,0.0005,-20.15043652,0.04390917345881462,1581,34,17.777158737182617,-0.171261727809906,3056,3.066681385040283,18.0,54639,54740
0.45,0.0005,-20.66532765,0.042594749480485916,1583,34,16.788270950317383,-0.5202751755714417,3060,0.8860759139060974,18.09,54723,54824
0.44,0.0005,-20.72715293,0.0418383814394474,1585,34,16.36608123779297,-1.040804147720337,3064,1.980130672454834,18.14,54791,54892
0.43,0.0005,-21.04209711,0.041325997561216354,1586,34,14.62197494506836,0.19846533238887787,3068,2.76224422454834,18.09,54859,54960
0.41,0.0005,-21.350601899999997,0.041276365518569946,1588,34,17.678190231323242,-0.9579468965530396,3072,0.4215194880962372,18.16,54931,55032
0.41,0.0005,-21.212289610000003,0.041629608720541,1590,34,15.847564697265625,1.9227464199066162,3076,0.6748612523078918,18.31,55005,55106
0.45,0.0005,-20.350332520000002,0.04196017608046532,1593,34,17.209758758544922,-0.736233115196228,3080,1.0381200313568115,18.35,55094,55195
0.44,0.0005,-20.75580328,0.04220449551939964,1595,34,16.534212112426758,0.19978688657283783,3084,0.43624407052993774,18.35,55168,55269
0.45,0.0005,-20.476546279999997,0.04267268627882004,1597,34,15.980127334594727,0.11730438470840454,3088,1.636196494102478,18.38,55251,55352
0.47,0.0005,-19.93658723,0.043011900037527084,1599,34,16.160675048828125,0.2922269403934479,3092,1.3920600414276123,18.57,55331,55432
0.51,0.0005,-19.10189799,0.0434735007584095,1601,34,15.454641342163086,0.8412091135978699,3096,1.309400200843811,18.4,55404,55505
0.53,0.0005,-18.73721922,0.04411997273564339,1603,34,15.889181137084961,-0.8221285939216614,3100,1.97450590133667,18.43,55473,55574
0.52,0.0005,-18.784511609999996,0.044224854558706284,1605,34,16.267807006835938,1.0323634147644043,3104,1.547285795211792,18.14,55543,55644
0.5,0.0005,-19.256279759999998,0.044147953391075134,1606,34,16.899322509765625,-0.24467411637306213,3108,0.48668748140335083,18.09,55615,55716
0.47,0.0005,-19.97910039,0.04254573956131935,1608,34,16.039836883544922,-0.3346936106681824,3112,0.6294980049133301,18.14,55686,55787
0.48,0.0005,-19.834353849999996,0.04392172396183014,1610,34,15.742616653442383,-0.8537524938583374,3116,2.1939868927001953,18.31,55767,55868
0.47,0.0005,-20.074632499999996,0.043483227491378784,1612,34,15.66282844543457,-0.257941335439682,3120,0.8154956698417664,18.17,55833,55934
0.47,0.0005,-20.042801370000003,0.04467599093914032,1614,34,16.39263343811035,0.6807491779327393,3124,0.9570620059967041,18.36,55909,56010
0.47,0.0005,-19.9533005,0.04506900906562805,1615,34,15.810874938964844,1.1198787689208984,3128,2.015167236328125,18.27,55974,56075
0.48,0.0005,-19.6354555,0.04645581170916557,1617,34,16.269948959350586,0.15022936463356018,3132,0.8290125131607056,18.38,56047,56148
0.47,0.0005,-19.89722336,0.045164354145526886,1619,34,16.27005958557129,0.8723982572555542,3136,1.7721121311187744,18.33,56114,56215
0.49,0.0005,-19.410294089999994,0.045515671372413635,1621,34,15.754393577575684,1.862379789352417,3140,0.7440980672836304,18.34,56189,56290
0.48,0.0005,-19.772949760000003,0.046487800776958466,1623,34,15.672204971313477,-0.7797683477401733,3144,1.040985107421875,18.52,56271,56372
0.51,0.0005,-19.071147330000002,0.0458320789039135,1625,34,16.732376098632812,-0.28151947259902954,3148,0.7174115777015686,18.53,56361,56462
0.51,0.0005,-19.05222158,0.04560396447777748,1627,34,16.49502944946289,0.21267248690128326,3152,0.7442259788513184,18.61,56434,56535
0.49,0.0005,-19.489035849999997,0.046371858566999435,1629,34,14.515231132507324,0.9840455055236816,3156,1.3827424049377441,18.55,56494,56595
0.5,0.0005,-19.18416777,0.04881654307246208,1631,34,18.222393035888672,0.3266691267490387,3160,2.970909595489502,18.52,56575,56676
0.52,0.0005,-18.75236248,0.04857861250638962,1632,34,16.568330764770508,0.10123652219772339,3164,1.1534996032714844,18.46,56637,56738
0.51,0.0005,-18.79384348,0.049373824149370193,1634,34,18.10401725769043,-0.5063951015472412,3168,1.241705060005188,18.53,56712,56813
0.54,0.0005,-18.15828925,0.050429362803697586,1637,34,15.588519096374512,0.4701903462409973,3172,1.4922456741333008,18.68,56799,56900
0.57,0.0005,-17.597320380000003,0.05072479695081711,1638,34,16.311473846435547,0.030486688017845154,3176,1.910709261894226,18.65,56870,56971
0.56,0.0005,-17.733118779999998,0.050774089992046356,1640,34,16.888851165771484,-1.2685848474502563,3180,2.166581869125366,18.52,56946,57047
0.56,0.0005,-17.654410690000002,0.049273375421762466,1642,34,16.995567321777344,-0.22967945039272308,3184,1.8670313358306885,18.49,57017,57118
0.56,0.0005,-17.65402165,0.0482933335006237,1644,34,14.343749046325684,0.5375419855117798,3188,1.4801172018051147,18.61,57112,57213
0.57,0.0005,-17.581738069999997,0.04842481389641762,1646,34,15.931434631347656,0.3780669569969177,3192,4.542149066925049,18.56,57187,57288
0.57,0.0005,-17.62664069,0.047078944742679596,1648,34,16.703041076660156,-1.3449921607971191,3196,2.38144850730896,18.61,57265,57366
0.58,0.0005,-17.31234886,0.0479758121073246,1651,34,16.11257553100586,0.8158327341079712,3200,7.6743059158325195,19.02,57375,57476
0.6,0.0005,-16.89509947,0.047985006123781204,1653,34,14.274971008300781,0.31824129819869995,3204,3.0643768310546875,19.13,57456,57557
0.59,0.0005,-17.03180545,0.04958656057715416,1655,34,17.26480484008789,-0.469941645860672,3208,0.6543444395065308,19.23,57538,57639
0.6,0.0005,-16.85018685,0.04813621565699577,1657,34,15.735183715820312,-1.246445655822754,3212,1.6069391965866089,19.22,57608,57709
0.59,0.0005,-17.22855666,0.04667838662862778,1659,34,15.710235595703125,0.3714475631713867,3216,0.8320920467376709,19.13,57680,57781
0.59,0.0005,-17.24131887,0.046857211738824844,1660,34,16.304908752441406,-0.8897386789321899,3220,0.6167742013931274,19.15,57748,57849
0.59,0.0005,-17.31028464,0.045194558799266815,1663,34,15.163257598876953,0.39190730452537537,3224,2.1355717182159424,19.32,57841,57942
0.59,0.0005,-17.27419867,0.04625438153743744,1665,34,16.764892578125,1.4450576305389404,3228,0.5271667242050171,19.52,57926,58027
0.57,0.0005,-17.59515617,0.0473807118833065,1667,34,16.478591918945312,0.03536047041416168,3232,1.4644079208374023,19.51,57998,58099
0.59,0.0005,-17.15113073,0.04687723517417908,1669,34,16.687957763671875,0.7730365991592407,3236,3.0822863578796387,19.65,58079,58180
0.6,0.0005,-16.780251510000003,0.047092877328395844,1671,34,15.258546829223633,1.1029139757156372,3240,1.874509334564209,19.65,58154,58255
0.6,0.0005,-16.552807229999996,0.05086428299546242,1673,34,17.575183868408203,3.161417007446289,3244,4.034361362457275,19.63,58234,58335
0.57,0.0005,-17.16788628,0.05401664972305298,1675,34,15.675662994384766,1.2224546670913696,3248,3.228515386581421,19.45,58306,58407
0.56,0.0005,-17.56198361,0.05528828129172325,1677,34,16.70574188232422,0.585706353187561,3252,3.9589953422546387,19.36,58370,58471
0.57,0.0005,-17.44610939,0.05650250241160393,1679,34,15.930511474609375,0.9180890321731567,3256,1.5723316669464111,19.47,58441,58542
0.55,0.0005,-18.14880033,0.05895759165287018,1681,34,17.465160369873047,0.8696883320808411,3260,1.9726862907409668,19.45,58520,58621
0.54,0.0005,-18.51483761,0.0611317902803421,1683,34,16.057594299316406,-0.05920949578285217,3264,0.9590633511543274,19.61,58598,58699
0.52,0.0005,-19.21742798,0.06227945163846016,1685,34,16.841094970703125,0.5068906545639038,3268,1.16519296169281,19.57,58669,58770
0.51,0.0005,-19.45206831,0.0625929906964302,1687,34,16.277820587158203,0.10627660155296326,3272,2.8115241527557373,19.52,58751,58852
0.49,0.0005,-19.89161617,0.06245221570134163,1689,34,16.34261703491211,-0.6885879635810852,3276,0.9346778392791748,19.59,58829,58930
0.5,0.0005,-19.649833369999996,0.061456840485334396,1691,34,15.55662727355957,-0.4982765316963196,3280,1.4115521907806396,19.56,58902,59003
0.51,0.0005,-19.469827969999997,0.059967175126075745,1692,34,17.18346405029297,-0.6033883094787598,3284,0.9342829585075378,19.55,58972,59073
0.5,0.0005,-19.796766059999996,0.05901312828063965,1694,34,16.738187789916992,-0.42016905546188354,3288,1.4083056449890137,19.37,59049,59150
0.49,0.0005,-19.90861703,0.05818561092019081,1696,34,16.44942855834961,-0.23136404156684875,3292,2.28120493888855,19.39,59126,59227
0.46,0.0005,-20.5213944,0.057908397167921066,1698,34,16.24912452697754,-0.44656914472579956,3296,1.7682723999023438,19.37,59202,59303
0.45,0.0005,-20.71945334,0.05834071710705757,1700,34,16.5139217376709,0.0549660325050354,3300,2.28842830657959,18.91,59266,59367
0.42,0.0005,-21.558587740000004,0.05777531489729881,1702,34,16.879589080810547,-0.07941178977489471,3304,1.2793128490447998,18.8,59336,59437
0.45,0.0005,-20.944745500000007,0.05648989975452423,1704,34,17.411865234375,-0.611121416091919,3308,0.9277843236923218,18.74,59412,59513
0.47,0.0005,-20.44582763,0.05626046285033226,1706,34,15.563186645507812,-0.2018498182296753,3312,3.2833969593048096,18.76,59484,59585
0.47,0.0005,-20.15118308,0.05600687861442566,1708,34,15.959341049194336,0.44774574041366577,3316,1.2519683837890625,18.85,59565,59666
0.45,0.0005,-20.49803432,0.055976156145334244,1710,34,14.803380966186523,-0.6262992024421692,3320,2.4199891090393066,18.9,59638,59739
0.45,0.0005,-20.44347697,0.054664742201566696,1712,34,15.648025512695312,-0.5793178677558899,3324,2.0749003887176514,18.79,59720,59821
0.44,0.0005,-20.69639748,0.05429885908961296,1714,34,13.84922981262207,0.033631935715675354,3328,0.8302544355392456,18.73,59799,59900
0.47,0.0005,-20.18397785,0.053740493953228,1716,34,16.87508773803711,-1.0966744422912598,3332,0.6396721601486206,18.79,59877,59978
0.47,0.0005,-20.129256199999997,0.05291957035660744,1733,34,15.979312896728516,-0.602814793586731,3336,0.6562620401382446,18.64,59943,60044
0.46,0.0005,-20.32658837,0.052177295088768005,1735,34,14.767473220825195,0.5958321690559387,3340,1.1637969017028809,18.68,60022,60123
0.47,0.0005,-20.272376539999996,0.05193011462688446,1738,34,15.728584289550781,-0.48724040389060974,3344,2.9904513359069824,18.69,60103,60204
0.5,0.0005,-19.52341076,0.05088163912296295,1739,34,15.309764862060547,-1.4223527908325195,3348,1.6824122667312622,18.73,60179,60280
0.54,0.0005,-18.388514049999998,0.049589455127716064,1741,34,15.986238479614258,-0.010589376091957092,3352,1.825852870941162,18.82,60252,60353
0.54,0.0005,-18.54615783,0.04984186589717865,1743,34,16.98487091064453,0.11628753691911697,3356,0.8250267505645752,18.88,60329,60430
0.55,0.0005,-18.225395759999998,0.05010607838630676,1744,34,15.280191421508789,0.26182419061660767,3360,0.5395137071609497,18.73,60393,60494
0.54,0.0005,-18.370833159999997,0.050773985683918,1746,34,15.817828178405762,0.16830691695213318,3364,0.7373032569885254,18.69,60467,60568
0.57,0.0005,-17.631594170000003,0.05075812712311745,1748,34,16.446285247802734,0.1578797698020935,3368,2.390528678894043,18.67,60536,60637
0.56,0.0005,-17.782784000000003,0.05071854591369629,1750,34,15.874984741210938,0.20006263256072998,3372,0.6498948335647583,18.55,60606,60707
0.55,0.0005,-18.02050216,0.05054469034075737,1751,34,15.661216735839844,-0.2844448387622833,3376,2.2112016677856445,18.45,60674,60775
0.53,0.0005,-18.489253090000002,0.05015349015593529,1753,34,16.294279098510742,0.09224139899015427,3380,0.7787787914276123,18.37,60739,60840
0.53,0.0005,-18.333982250000002,0.05098375305533409,1755,34,15.153989791870117,1.2805105447769165,3384,1.551880121231079,18.38,60810,60911
0.53,0.0005,-18.19123975,0.05180284380912781,1756,34,17.2418270111084,-0.6714159250259399,3388,0.5308865308761597,18.23,60872,60973
0.54,0.0005,-18.00453924,0.0507563017308712,1758,34,16.525531768798828,-0.15197226405143738,3392,1.8365132808685303,18.15,60941,61042
0.55,0.0005,-17.97680943,0.05164965242147446,1759,34,16.475099563598633,0.23399251699447632,3396,0.738684356212616,18.06,61008,61109
0.56,0.0005,-17.66479963,0.052687086164951324,1761,34,16.48288917541504,-0.44850197434425354,3400,0.6990716457366943,18.2,61086,61187
0.59,0.0005,-16.803603510000002,0.0539083331823349,1763,34,16.500659942626953,-0.2836824953556061,3404,1.399524450302124,18.28,61164,61265
0.57,0.0005,-17.17071204,0.05343776196241379,1765,34,16.076881408691406,-0.40579432249069214,3408,0.599626898765564,18.29,61241,61342
0.56,0.0005,-17.401324390000003,0.05195189639925957,1767,34,16.826560974121094,-1.0157955884933472,3412,1.5823506116867065,18.31,61315,61416
0.55,0.0005,-17.792089919999995,0.051249224692583084,1769,34,14.829177856445312,0.07576043903827667,3416,1.1136629581451416,18.37,61402,61503
0.55,0.0005,-17.71965774,0.051465731114149094,1771,34,15.222200393676758,0.06243978440761566,3420,1.155747652053833,18.4,61478,61579
0.54,0.0005,-17.94734887,0.05170073360204697,1772,34,15.028885841369629,0.7558668255805969,3424,2.075448989868164,18.36,61556,61657
0.55,0.0005,-17.728398960000003,0.05205834284424782,1774,34,15.564091682434082,-0.33617764711380005,3428,0.743839681148529,18.2,61619,61720
0.53,0.0005,-18.110023180000002,0.050924405455589294,1776,34,15.97646427154541,0.5009142160415649,3432,1.4993159770965576,18.2,61697,61798
0.54,0.0005,-17.751880890000002,0.05003536865115166,1778,34,14.667257308959961,-0.5369502902030945,3436,2.5996522903442383,18.2,61763,61864
0.54,0.0005,-17.84017606,0.048700228333473206,1779,34,15.710128784179688,0.14325186610221863,3440,0.6797537207603455,18.08,61830,61931
0.55,0.0005,-17.568134330000003,0.049215640872716904,1782,34,16.197599411010742,0.6921705007553101,3444,1.2853446006774902,18.19,61922,62023
0.56,0.0005,-17.3433144,0.050060857087373734,1783,34,16.224468231201172,0.7064089775085449,3448,1.9384238719940186,18.14,61993,62094
0.52,0.0005,-18.13909578,0.05110124871134758,1785,34,15.661849975585938,-0.10350467264652252,3452,1.0033373832702637,18.15,62067,62168
0.52,0.0005,-17.99664451,0.05099046230316162,1787,34,15.816128730773926,0.2700164318084717,3456,1.23398756980896,18.18,62147,62248
0.54,0.0005,-17.366969190000002,0.049707140773534775,1789,34,15.367236137390137,-0.49689239263534546,3460,0.585774302482605,18.24,62217,62318
0.54,0.0005,-17.42946173,0.04899827018380165,1791,34,17.746204376220703,-0.31000816822052,3464,4.530075550079346,18.21,62288,62389
0.54,0.0005,-17.32703183,0.04900104179978371,1793,34,14.956915855407715,0.391239732503891,3468,2.2598726749420166,18.33,62369,62470
0.55,0.0005,-17.107389100000006,0.04993448778986931,1795,34,14.512523651123047,0.25141939520835876,3472,0.8213546872138977,18.47,62453,62554
0.54,0.0005,-17.3543013,0.05032937973737717,1797,34,16.02983856201172,0.868306577205658,3476,1.170478343963623,18.49,62523,62624
0.55,0.0005,-17.17332306,0.050464097410440445,1799,34,15.649797439575195,-0.08820454776287079,3480,1.4602649211883545,18.49,62588,62689
0.52,0.0005,-18.06790608,0.04967549815773964,1800,34,16.18707275390625,-0.08211633563041687,3484,1.391243815422058,18.38,62648,62749
0.54,0.0005,-17.49354675,0.0503249429166317,1802,34,14.578115463256836,0.08422517776489258,3488,1.523445725440979,18.36,62708,62809
0.52,0.0005,-17.98484087,0.04976048693060875,1804,34,15.584047317504883,-0.44890296459198,3492,1.0796422958374023,18.27,62768,62869
0.51,0.0005,-18.039689459999998,0.0499100536108017,1806,34,16.56792640686035,-0.07065059244632721,3496,0.8729692697525024,18.33,62841,62942
0.5,0.0005,-18.278458,0.050912365317344666,1808,34,16.26775550842285,-0.02344110608100891,3500,1.7495639324188232,18.44,62930,63031
0.5,0.0005,-18.26746306,0.05042566359043121,1810,34,15.341653823852539,0.21648840606212616,3504,1.698744773864746,18.41,63005,63106
0.52,0.0005,-17.941049250000003,0.04949905723333359,1812,34,16.810049057006836,0.4492932856082916,3508,1.1201297044754028,18.44,63085,63186
0.53,0.0005,-17.66596092,0.050712089985609055,1814,34,15.224021911621094,-0.6880037784576416,3512,2.431976318359375,18.36,63151,63252
0.54,0.0005,-17.42884922,0.049632322043180466,1815,34,15.541064262390137,-0.21757939457893372,3516,1.2732796669006348,18.11,63213,63314
0.56,0.0005,-17.11652157,0.04913576319813728,1817,34,15.87607192993164,0.03333260864019394,3520,0.9794389605522156,18.13,63291,63392
0.55,0.0005,-17.35919093,0.049804214388132095,1819,34,17.05716323852539,0.43199044466018677,3524,1.2437989711761475,18.05,63361,63462
0.56,0.0005,-17.09603289,0.050857286900281906,1821,34,16.638051986694336,0.9427144527435303,3528,1.5995099544525146,18.16,63435,63536
0.58,0.0005,-16.692441730000002,0.0521571971476078,1823,34,16.79358673095703,0.9443354606628418,3532,1.8957737684249878,18.15,63512,63613
0.57,0.0005,-16.87740369,0.05283593758940697,1825,34,17.832969665527344,0.5674875974655151,3536,4.5409369468688965,18.12,63575,63676
0.57,0.0005,-16.954840879999995,0.052410803735256195,1827,34,16.69234275817871,-0.1626761555671692,3540,0.5903774499893188,18.23,63653,63754
0.58,0.0005,-16.71971857,0.052503541111946106,1829,34,15.574195861816406,-0.040655046701431274,3544,1.3487471342086792,18.1,63732,63833
0.56,0.0005,-17.28002912,0.049248501658439636,1832,34,15.983686447143555,0.03222621977329254,3548,1.3387393951416016,18.41,63834,63935
0.59,0.0005,-16.77672168,0.04867956414818764,1834,34,14.970964431762695,0.8659455180168152,3552,1.6275575160980225,18.46,63913,64014
0.59,0.0005,-16.60391085,0.050064295530319214,1836,34,16.456707000732422,0.4729652404785156,3556,4.566279411315918,18.5,63997,64098
0.56,0.0005,-17.508075690000002,0.05160294100642204,1838,34,15.760412216186523,0.7747969627380371,3560,1.8222439289093018,18.45,64062,64163
0.58,0.0005,-18.76000399,0.0532633513212204,1852,34,16.68702507019043,0.41093528270721436,3564,2.5262691974639893,22.87,64575,64676
0.56,0.0005,-19.281959329999996,0.051754072308540344,1853,34,16.893325805664062,-0.29601114988327026,3568,2.1037251949310303,22.74,64643,64744
0.56,0.0005,-19.267456029999998,0.050697535276412964,1855,34,15.918880462646484,-0.6614653468132019,3572,1.2989416122436523,22.63,64716,64817
0.59,0.0005,-18.641751420000002,0.05032363161444664,1857,34,14.932638168334961,0.2388022392988205,3576,1.8977913856506348,22.7,64793,64894
0.59,0.0005,-18.460438,0.05088102072477341,1859,34,16.887325286865234,-0.17953482270240784,3580,0.5452605485916138,22.67,64855,64956
0.6,0.0005,-18.07699509,0.05062025785446167,1861,34,15.61408805847168,-0.016010567545890808,3584,2.9825263023376465,22.92,64940,65041
0.6,0.0005,-18.1349357,0.05110061541199684,1863,34,16.18813133239746,-0.8515037298202515,3588,0.28977537155151367,23.02,65010,65111
0.6,0.0005,-18.11739509,0.05000361055135727,1864,34,14.658101081848145,0.48202836513519287,3592,1.3865107297897339,23.03,65071,65172
0.6,0.0005,-18.19709658,0.04990619421005249,1866,34,17.13327407836914,-0.28022122383117676,3596,3.407245635986328,22.9,65131,65232
0.6,0.0005,-18.347849360000005,0.04885106533765793,1867,34,16.745948791503906,0.34647831320762634,3600,1.0209195613861084,22.62,65192,65293
0.6,0.0005,-18.30468338,0.049249447882175446,1869,34,16.344728469848633,-0.41214388608932495,3604,0.6441570520401001,22.59,65264,65365
0.58,0.0005,-18.80865644,0.048897791653871536,1871,34,16.236614227294922,-0.7441818714141846,3608,0.3055688142776489,22.53,65338,65439
0.57,0.0005,-19.14723147,0.048090286552906036,1873,34,15.514820098876953,0.8359984159469604,3612,1.3706599473953247,22.79,65430,65531
0.58,0.0005,-18.81431488,0.047984231263399124,1874,34,14.564400672912598,0.24033045768737793,3616,1.71907377243042,22.83,65496,65597
0.57,0.0005,-19.09601097,0.04811697080731392,1876,34,15.21087646484375,0.2711580693721771,3620,0.6326181888580322,22.8,65571,65672
0.59,0.0005,-18.59070023,0.047747813165187836,1878,34,16.626323699951172,-0.29863572120666504,3624,1.7076932191848755,22.84,65645,65746
0.57,0.0005,-19.3297101,0.04737241193652153,1880,34,17.103363037109375,-0.7701103687286377,3628,0.26446568965911865,22.71,65706,65807
0.56,0.0005,-19.63775736,0.04749327898025513,1882,34,17.193052291870117,-0.8015166521072388,3632,0.7059404850006104,22.63,65775,65876
0.56,0.0005,-19.757932229999998,0.046579405665397644,1884,34,14.334169387817383,-0.20307829976081848,3636,0.9159735441207886,22.82,65857,65958
0.55,0.0005,-19.98382088,0.046336036175489426,1886,34,16.081771850585938,-0.6402138471603394,3640,0.3667188584804535,22.69,65922,66023
0.53,0.0005,-20.328057079999997,0.04557300731539726,1888,34,15.503405570983887,-0.47369876503944397,3644,1.8125555515289307,22.61,65993,66094
0.52,0.0005,-20.50241087,0.04557562246918678,1890,34,17.642244338989258,0.007072001695632935,3648,0.6773895621299744,22.33,66067,66168
0.52,0.0005,-20.36386,0.045773062855005264,1892,35,15.941654205322266,0.08211221545934677,3652,0.9608926773071289,22.22,66135,66236
0.53,0.0005,-20.20411558,0.04581139609217644,1893,35,16.8409423828125,0.13640831410884857,3656,2.1871275901794434,21.96,66193,66294
0.53,0.0005,-19.9866161,0.045317549258470535,1895,35,13.214674949645996,0.5467910170555115,3660,0.5941181182861328,21.96,66258,66359
0.51,0.0005,-18.70295844,0.045654624700546265,1897,35,16.119670867919922,-0.8208142518997192,3664,0.6168681979179382,17.59,66334,66435
0.53,0.0005,-18.294148679999996,0.04498560354113579,1899,35,16.584915161132812,0.463880330324173,3668,0.9779338836669922,17.64,66407,66508
0.53,0.0005,-18.403369599999998,0.04473746195435524,1901,35,16.69577980041504,-0.6252435445785522,3672,1.5988301038742065,17.64,66480,66581
0.53,0.0005,-18.43765849,0.04567993804812431,1903,35,15.334842681884766,-0.07823873311281204,3676,2.421773672103882,17.66,66559,66660
0.52,0.0005,-18.7934947,0.046549975872039795,1905,35,15.137012481689453,0.056372687220573425,3680,1.378050684928894,17.95,66650,66751
0.53,0.0005,-18.632167369999998,0.04543156176805496,1907,35,15.576964378356934,0.20447736978530884,3684,1.266437292098999,17.76,66716,66817
0.52,0.0005,-18.8717543,0.04618249088525772,1909,35,15.501026153564453,-0.49753400683403015,3688,1.0154213905334473,17.82,66792,66893
0.53,0.0005,-18.63551134,0.04573697969317436,1911,35,15.93096923828125,-0.5861859917640686,3692,0.7831426858901978,17.86,66857,66958
0.55,0.0005,-18.08758992,0.04648241400718689,1913,35,14.881206512451172,1.0138566493988037,3696,1.5313732624053955,17.98,66929,67030
0.54,0.0005,-18.24456846,0.047097962349653244,1915,35,15.456348419189453,0.2977403402328491,3700,2.205089569091797,18.32,67024,67125
0.54,0.0005,-18.36453036,0.04730642959475517,1917,35,14.779908180236816,-1.022569179534912,3704,0.5810943245887756,18.24,67088,67189
0.55,0.0005,-18.052637649999998,0.04652944952249527,1919,35,16.783828735351562,0.026359178125858307,3708,2.236042022705078,18.09,67147,67248
0.52,0.0005,-18.623248,0.046588458120822906,1921,35,14.822195053100586,0.08770791441202164,3712,1.3154447078704834,17.89,67219,67320
0.52,0.0005,-18.70673592,0.04713387414813042,1923,35,15.138561248779297,0.13265195488929749,3716,1.1753880977630615,17.98,67294,67395
0.52,0.0005,-18.75695035,0.04658711329102516,1925,35,15.701438903808594,1.1682391166687012,3720,1.9753398895263672,17.98,67369,67470
0.51,0.0005,-18.995754469999998,0.04846976324915886,1927,35,14.925895690917969,-1.144775629043579,3724,0.4474179446697235,17.94,67439,67540
0.52,0.0005,-18.531949409999996,0.0478128157556057,1928,35,16.38159942626953,1.3195704221725464,3728,2.3539154529571533,17.94,67500,67601
0.52,0.0005,-18.58352425,0.0498989075422287,1931,35,16.35481834411621,0.5045803785324097,3732,0.76572585105896,18.01,67576,67677
0.51,0.0005,-18.71820644,0.050474558025598526,1933,35,15.882354736328125,0.7353623509407043,3736,1.1977815628051758,17.93,67650,67751
0.51,0.0005,-18.645301799999995,0.049745336174964905,1935,35,15.031794548034668,0.1485390067100525,3740,0.6746234893798828,18.07,67729,67830
0.51,0.0005,-18.73334482,0.04929595813155174,1938,35,13.734033584594727,-0.15805533528327942,3744,1.5554287433624268,18.28,67821,67922
0.51,0.0005,-18.653443400000004,0.04885555058717728,1940,35,14.720344543457031,0.5399521589279175,3748,1.5062733888626099,18.37,67904,68005
0.5,0.0005,-18.88334922,0.049512796103954315,1942,35,14.816865921020508,1.1136726140975952,3752,1.8067898750305176,18.46,67981,68082
0.5,0.0005,-18.84905154,0.050107020884752274,1944,35,13.28162670135498,-0.9043732285499573,3756,0.7557814121246338,18.62,68055,68156
0.51,0.0005,-18.707014560000005,0.049054086208343506,1946,35,16.03333282470703,-0.013471871614456177,3760,0.7080902457237244,18.72,68130,68231
0.51,0.0005,-18.61270405,0.049341510981321335,1948,35,14.717002868652344,-0.3136550784111023,3764,0.9455956816673279,18.7,68204,68305
0.49,0.0005,-18.90555646,0.04874059185385704,1950,35,16.272109985351562,-0.25489941239356995,3768,0.7167240381240845,18.7,68277,68378
0.49,0.0005,-18.877973259999997,0.04810323938727379,1952,35,15.25652027130127,0.3986644148826599,3772,1.5713107585906982,18.8,68360,68461
0.47,0.0005,-19.17417608,0.04865015298128128,1955,35,15.333555221557617,-0.6036115884780884,3776,0.7186972498893738,18.77,68436,68537
0.48,0.0005,-18.92850259,0.048766862601041794,1957,35,16.27103042602539,-0.43168139457702637,3780,1.0192512273788452,18.65,68515,68616
0.48,0.0005,-18.85091544,0.04740109667181969,1959,35,15.945684432983398,-1.2037017345428467,3784,0.37855014204978943,18.62,68578,68679
0.47,0.0005,-19.038370559999997,0.04574254900217056,1961,35,16.820186614990234,0.15588776767253876,3788,0.8556123971939087,18.66,68658,68759
0.46,0.0005,-19.22646854,0.04542337357997894,1963,35,15.244885444641113,-0.00034283101558685303,3792,0.41666314005851746,18.7,68727,68828
0.44,0.0005,-19.71891424,0.04479283466935158,1965,35,14.650948524475098,-0.2326425015926361,3796,0.719393253326416,18.75,68804,68905
0.44,0.0005,-19.67971335,0.04564117267727852,1967,35,15.039392471313477,0.880094587802887,3800,0.29281580448150635,18.55,68879,68980
0.43,0.0005,-19.77028798,0.04675370827317238,1969,35,15.497989654541016,0.13578368723392487,3804,0.9561772346496582,18.66,68954,69055
0.42,0.0005,-20.14737207,0.045897942036390305,1971,35,15.778207778930664,-0.33142006397247314,3808,0.20224186778068542,18.7,69017,69118
0.45,0.0005,-19.490550749999997,0.04548373818397522,1973,35,15.976532936096191,0.03127831220626831,3812,1.0519458055496216,18.73,69092,69193
0.45,0.0005,-19.45486948,0.044563982635736465,1975,35,15.910553932189941,0.02585984766483307,3816,1.430464744567871,18.65,69159,69260
0.44,0.0005,-19.67564379,0.0443793348968029,1976,35,15.014143943786621,0.2601918876171112,3820,1.641946792602539,18.6,69229,69330
0.43,0.0005,-20.02971395,0.043948471546173096,1978,35,15.640321731567383,-0.813238799571991,3824,0.3941407799720764,18.55,69294,69395
0.43,0.0005,-20.015139509999997,0.04446646571159363,1980,35,14.80394458770752,1.0521469116210938,3828,0.3889848291873932,18.6,69360,69461
0.42,0.0005,-20.29411143,0.04498560354113579,1982,35,15.28961181640625,0.9653089642524719,3832,0.8112888336181641,18.54,69430,69531
0.42,0.0005,-20.429065819999998,0.045054420828819275,1984,35,15.40452766418457,0.5318677425384521,3836,1.6221387386322021,18.48,69498,69599
0.44,0.0005,-19.937116189999994,0.04443879425525665,1986,35,15.729268074035645,-0.23181752860546112,3840,0.4251956343650818,18.46,69575,69676
0.45,0.0005,-19.696380389999998,0.04510768502950668,1988,35,13.911879539489746,0.2546309232711792,3844,0.3398674726486206,18.28,69649,69750
0.46,0.0005,-19.56770005,0.04601902887225151,1990,35,15.834312438964844,0.7189210653305054,3848,1.4335906505584717,18.11,69715,69816
0.46,0.0005,-19.65406145,0.046276167035102844,1993,35,15.900529861450195,0.3031894564628601,3852,2.246335029602051,18.18,69799,69900
0.47,0.0005,-19.427972009999998,0.04545704647898674,1994,35,16.04323959350586,0.6405593156814575,3856,1.4093719720840454,18.15,69870,69971
0.46,0.0005,-19.7502784,0.04548491910099983,2013,34,16.572723388671875,-0.38188260793685913,3860,1.1269385814666748,18.09,69939,70040
0.48,0.0005,-19.413511109999998,0.0446186400949955,2016,34,16.686201095581055,0.44567206501960754,3864,0.7540927529335022,18.16,70020,70121
0.49,0.0005,-19.29130332,0.044803865253925323,2017,34,15.69530963897705,0.6020816564559937,3868,0.5518214702606201,18.15,70092,70193
0.48,0.0005,-19.51321564,0.04649234563112259,2019,34,16.632373809814453,-0.08445453643798828,3872,1.8220860958099365,17.96,70156,70257
0.49,0.0005,-19.358930429999997,0.04613018408417702,2022,34,16.53793716430664,1.1246249675750732,3876,0.9376794099807739,18.02,70238,70339
0.49,0.0005,-19.450946179999995,0.0451522059738636,2024,34,16.357505798339844,0.3034716844558716,3880,2.375758171081543,18.04,70319,70420
0.5,0.0005,-19.18320267,0.04471776634454727,2026,34,15.581622123718262,-0.13630682229995728,3884,0.3020380735397339,18.08,70386,70487
0.51,0.0005,-19.05860946,0.04389706254005432,2028,34,15.669538497924805,1.371980905532837,3888,1.2503645420074463,18.16,70474,70575
0.51,0.0005,-19.07866747,0.04410088434815407,2030,34,15.768359184265137,0.805931806564331,3892,0.8284832835197449,18.14,70541,70642
0.53,0.0005,-18.58039437,0.044755447655916214,2032,34,16.840206146240234,0.5193477869033813,3896,0.496121346950531,18.12,70616,70717
0.55,0.0005,-18.131442070000002,0.044487763196229935,2034,34,16.680700302124023,-0.03913271427154541,3900,1.1667571067810059,18.17,70696,70797
0.56,0.0005,-17.98471658,0.044333361089229584,2036,34,14.131929397583008,-0.8686294555664062,3904,1.8396623134613037,18.25,70779,70880
0.57,0.0005,-17.54939159,0.04437980800867081,2039,34,15.87814712524414,-0.5256529450416565,3908,0.841040313243866,18.37,70854,70955
0.57,0.0005,-17.63415204,0.04331180825829506,2040,34,15.947750091552734,0.6411004066467285,3912,1.709242582321167,18.3,70922,71023
0.56,0.0005,-17.902921579999997,0.042355380952358246,2042,34,16.400089263916016,-0.4696232080459595,3916,1.0910656452178955,18.28,70987,71088
0.57,0.0005,-17.628719649999997,0.04254663363099098,2044,34,15.202619552612305,1.081828236579895,3920,1.5564334392547607,18.31,71060,71161
0.57,0.0005,-17.48246561,0.04300214350223541,2045,34,14.717490196228027,-0.8725415468215942,3924,2.0802347660064697,18.39,71133,71234
0.57,0.0005,-17.383949979999997,0.04316136986017227,2047,34,16.75756072998047,0.8785915374755859,3928,1.3704885244369507,18.49,71209,71310
0.59,0.0005,-16.77969918,0.04432155564427376,2049,34,16.957073211669922,0.6988308429718018,3932,1.274428129196167,18.62,71292,71393
0.59,0.0005,-16.770543749999998,0.04538913071155548,2051,34,15.595064163208008,-0.4462074041366577,3936,0.6952900886535645,18.67,71365,71466
0.59,0.0005,-16.768826179999998,0.045453839004039764,2054,34,15.997523307800293,0.4519840478897095,3940,1.3950715065002441,18.72,71447,71548
0.59,0.0005,-16.6847554,0.04564802721142769,2055,34,15.20097541809082,0.3598451018333435,3944,0.9728546142578125,18.7,71519,71620
0.58,0.0005,-16.881133090000002,0.04564331844449043,2057,34,15.490361213684082,0.5845222473144531,3948,0.36299803853034973,18.7,71585,71686
0.6,0.0005,-16.458266469999998,0.04616725444793701,2059,34,14.701459884643555,-0.16785140335559845,3952,0.27389460802078247,18.66,71665,71766
0.57,0.0005,-17.076737599999998,0.0472811795771122,2061,34,15.10003662109375,-0.30741623044013977,3956,0.4859137535095215,18.79,71749,71850
0.6,0.0005,-16.199592349999996,0.04691386595368385,2063,34,17.163965225219727,0.184605211019516,3960,0.5577895641326904,18.77,71816,71917
0.57,0.0005,-16.79049026,0.047906991094350815,2065,34,16.217113494873047,-0.28489845991134644,3964,0.5923078060150146,18.73,71893,71994
0.57,0.0005,-16.64814251,0.04854801297187805,2067,34,15.332725524902344,-1.4189773797988892,3968,1.836348056793213,18.74,71966,72067
0.58,0.0005,-16.54869854,0.04769616201519966,2069,34,17.044355392456055,-0.4548290967941284,3972,0.9978234767913818,18.66,72022,72123
0.59,0.0005,-16.3157065,0.04819582775235176,2071,34,16.02082061767578,-1.1751699447631836,3976,2.2059378623962402,18.69,72107,72208
0.6,0.0005,-16.010384130000002,0.047416262328624725,2073,34,15.772987365722656,0.21272704005241394,3980,0.5599391460418701,18.61,72180,72281
0.57,0.0005,-16.88213561,0.04728822782635689,2075,34,15.242891311645508,0.22492395341396332,3984,0.9726559519767761,18.61,72247,72348
0.56,0.0005,-17.04432482,0.045813802629709244,2077,34,15.646316528320312,0.5303991436958313,3988,1.1658449172973633,18.5,72324,72425
0.58,0.0005,-16.50477306,0.04513529688119888,2079,34,16.241531372070312,-0.5020344257354736,3992,1.028540849685669,18.64,72405,72506
0.59,0.0005,-16.2527527,0.04426920413970947,2081,34,14.68323040008545,-0.6813204884529114,3996,0.6013784408569336,18.56,72472,72573
0.6,0.0005,-15.92856884,0.043668996542692184,2082,34,16.114822387695312,-0.29741060733795166,4000,1.0647895336151123,18.41,72537,72638
0.59,0.0005,-16.19326353,0.04360801726579666,2084,34,14.740676879882812,0.1608840674161911,4004,1.555279016494751,18.31,72610,72711
0.57,0.0005,-16.75927743,0.043977536261081696,2086,34,14.713894844055176,-0.2943558692932129,4008,2.2871129512786865,18.37,72691,72792
0.55,0.0005,-17.174090709999994,0.04355284199118614,2088,34,15.918582916259766,0.1516800969839096,4012,1.7500598430633545,18.44,72766,72867
0.55,0.0005,-17.09995439,0.04491020739078522,2091,34,16.194469451904297,-0.04734909534454346,4016,1.0401268005371094,18.72,72859,72960
0.54,0.0005,-17.362881540000004,0.0460347905755043,2093,34,16.084259033203125,-0.16068312525749207,4020,1.9588181972503662,18.82,72942,73043
0.54,0.0005,-17.44243325,0.04518486186861992,2095,34,16.13120460510254,0.33401772379875183,4024,1.9641869068145752,18.86,73019,73120
0.55,0.0005,-17.29488774,0.04482418671250343,2097,34,15.269457817077637,0.17139701545238495,4028,0.8302316665649414,18.88,73097,73198
0.54,0.0005,-17.59082624,0.04449007287621498,2099,34,16.0207462310791,-0.5034194588661194,4032,1.1237714290618896,18.7,73162,73263
0.54,0.0005,-17.49265061,0.04482603445649147,2101,34,16.18161392211914,-0.018564939498901367,4036,1.0854068994522095,18.74,73239,73340
0.52,0.0005,-17.93599241,0.0448872335255146,2103,34,16.1073055267334,1.1644269227981567,4040,0.4285382032394409,18.61,73308,73409
0.49,0.0005,-18.833320970000003,0.044944845139980316,2104,34,15.0045804977417,0.3444923162460327,4044,2.782045364379883,18.58,73377,73478
0.5,0.0005,-18.5800131,0.0449613519012928,2106,34,17.05506134033203,0.5734280347824097,4048,2.97682785987854,18.66,73451,73552
0.47,0.0005,-19.26918962,0.045713961124420166,2109,34,14.526582717895508,1.5736985206604004,4052,2.0838747024536133,18.69,73534,73635
0.48,0.0005,-19.253510920000004,0.04754801467061043,2110,34,17.931175231933594,-0.558491587638855,4056,1.1327364444732666,18.49,73598,73699
0.44,0.0005,-20.2060839,0.04837511479854584,2112,34,17.93659782409668,0.6457996964454651,4060,2.955476760864258,18.49,73665,73766
0.44,0.0005,-20.40628498,0.04829060286283493,2114,34,17.095722198486328,-0.5864137411117554,4064,0.7402584552764893,18.43,73736,73837
0.43,0.0005,-20.9788248,0.047966890037059784,2115,34,16.269439697265625,0.13713744282722473,4068,1.222721815109253,18.3,73796,73897
0.44,0.0005,-20.6965819,0.0477374903857708,2117,34,16.93114471435547,-0.1316922903060913,4072,1.9496785402297974,18.38,73860,73961
0.45,0.0005,-20.436661660000002,0.047445010393857956,2119,34,17.01218032836914,-0.03681604564189911,4076,0.31952255964279175,18.19,73926,74027
0.43,0.0005,-21.035062040000003,0.04680093005299568,2121,34,15.617549896240234,0.5917025208473206,4080,0.358165442943573,18.31,74011,74112
0.45,0.0005,-20.48443556,0.04705038666725159,2122,34,16.55504608154297,-0.17629951238632202,4084,1.0650731325149536,18.27,74074,74175
0.46,0.0005,-20.2724226,0.04706745222210884,2125,34,16.31460952758789,-0.22785413265228271,4088,1.2342822551727295,18.3,74154,74255
0.44,0.0005,-20.873171940000006,0.0468367300927639,2127,34,16.24193572998047,0.36796578764915466,4092,1.020738124847412,18.35,74240,74341
0.43,0.0005,-21.24801243,0.04697807505726814,2129,34,16.947433471679688,-0.8520594239234924,4096,4.276154518127441,18.41,74313,74414
0.43,0.0005,-21.208218220000003,0.045927681028842926,2130,34,16.112886428833008,-0.020191997289657593,4100,0.6547048091888428,18.38,74375,74476
0.44,0.0005,-20.933434180000003,0.045613888651132584,2132,34,15.931527137756348,-0.14809557795524597,4104,0.35519278049468994,18.43,74453,74554
0.46,0.0005,-20.465724760000004,0.04483913257718086,2134,34,16.375991821289062,0.2776482403278351,4108,1.3084880113601685,18.26,74517,74618
0.47,0.0005,-20.186351560000002,0.04456944391131401,2136,34,15.18880558013916,-0.4744565486907959,4112,1.9375224113464355,18.25,74591,74692
0.48,0.0005,-20.06848558,0.044062115252017975,2138,34,14.82458782196045,-0.8605570793151855,4116,1.4325141906738281,18.08,74667,74768
0.51,0.0005,-19.314617320000004,0.04399333894252777,2140,34,16.638660430908203,0.8764126896858215,4120,1.267113208770752,18.06,74748,74849
0.53,0.0005,-18.767738480000002,0.04493756964802742,2142,34,16.201231002807617,-0.025979332625865936,4124,0.7465933561325073,17.97,74816,74917
0.52,0.0005,-19.012658539999997,0.04426989331841469,2143,34,15.977279663085938,-0.5156203508377075,4128,0.806088924407959,17.93,74890,74991
0.53,0.0005,-18.814349030000002,0.043902188539505005,2145,34,15.728936195373535,0.31336915493011475,4132,1.8277089595794678,17.98,74960,75061
0.53,0.0005,-18.7739219,0.04328671470284462,2147,34,16.03152084350586,-0.6366273164749146,4136,1.284539818763733,17.85,75024,75125
0.56,0.0005,-18.06854551,0.043078456073999405,2148,34,14.856432914733887,-0.5430502891540527,4140,0.3681876063346863,17.81,75089,75190
0.59,0.0005,-17.24333468,0.04297878220677376,2150,34,15.379446029663086,0.4076116681098938,4144,1.63435697555542,17.92,75169,75270
0.6,0.0005,-17.02616279,0.044116467237472534,2152,35,16.220863342285156,-0.4895406663417816,4148,0.7880723476409912,17.94,75245,75346
0.62,0.0005,-16.57310982,0.04426668584346771,2153,35,15.363271713256836,0.09035379439592361,4152,0.385797381401062,17.77,75311,75412
0.63,0.0005,-16.1968261,0.04472412168979645,2155,35,14.80088996887207,-0.246895432472229,4156,0.7428373098373413,17.88,75386,75487
0.67,0.0005,-15.2928507,0.0444454699754715,2157,35,15.202627182006836,0.7056589722633362,4160,0.624222993850708,17.96,75461,75562
0.68,0.0005,-14.90814307,0.04450351744890213,2159,35,17.501564025878906,0.8720963001251221,4164,0.5267056226730347,18.01,75537,75638
0.7,0.0005,-14.282093600000001,0.043218325823545456,2161,35,15.236185073852539,-0.12251237034797668,4168,0.3018980622291565,18.31,75627,75728
0.69,0.0005,-14.506697140000002,0.042456649243831635,2163,35,15.123129844665527,0.2892686724662781,4172,0.5158680081367493,18.5,75710,75811
0.67,0.0005,-15.087114749999998,0.04225330427289009,2165,35,15.301488876342773,1.0554304122924805,4176,1.0225964784622192,18.57,75783,75884
0.69,0.0005,-14.49273882,0.04237394779920578,2167,35,17.17523956298828,0.20619776844978333,4180,0.7575305104255676,18.46,75857,75958
0.67,0.0005,-15.005531840000002,0.043186869472265244,2169,35,16.182392120361328,0.14349114894866943,4184,0.9698373675346375,18.48,75922,76023
0.65,0.0005,-15.545172779999998,0.043147213757038116,2171,35,16.295413970947266,-0.6801887154579163,4188,0.9733542799949646,18.49,76003,76104
0.65,0.0005,-15.39778881,0.04295205697417259,2172,35,15.384326934814453,0.28198978304862976,4192,2.2494852542877197,18.45,76085,76186
0.64,0.0005,-15.69974336,0.04329093545675278,2174,35,17.864334106445312,0.7681431770324707,4196,2.1591484546661377,18.4,76153,76254
0.61,0.0005,-16.58518476,0.04419360309839249,2176,35,14.919081687927246,0.08519786596298218,4200,0.8575540781021118,18.41,76216,76317
0.59,0.0005,-16.877360760000002,0.04353192448616028,2177,35,14.825454711914062,1.175008773803711,4204,1.1003403663635254,18.32,76285,76386
0.59,0.0005,-16.71162163,0.04375982657074928,2179,35,16.064117431640625,-0.12921978533267975,4208,2.1391589641571045,18.33,76350,76451
0.59,0.0005,-16.74909832,0.043663397431373596,2181,35,14.513986587524414,0.20178435742855072,4212,1.3468025922775269,18.43,76434,76535
0.6,0.0005,-16.53156777,0.04409416764974594,2183,35,14.666788101196289,0.20671433210372925,4216,1.6411864757537842,18.36,76503,76604
0.58,0.0005,-17.00075061,0.04450087249279022,2185,35,15.915058135986328,0.5873081088066101,4220,1.3163974285125732,18.37,76585,76686
0.57,0.0005,-17.40017383,0.04287802800536156,2187,35,16.50826072692871,-0.8625653386116028,4224,2.8068459033966064,18.39,76655,76756
0.57,0.0005,-17.35485789,0.04311344400048256,2189,35,14.73098087310791,0.3114982843399048,4228,0.8222788572311401,18.42,76732,76833
0.56,0.0005,-17.444115489999998,0.04300374165177345,2191,35,14.218294143676758,-0.6067757606506348,4232,0.5948280096054077,18.48,76808,76909
0.56,0.0005,-17.74568665,0.04232664406299591,2192,35,15.436973571777344,-0.5625972747802734,4236,0.9593273997306824,18.51,76875,76976
0.55,0.0005,-17.963081340000002,0.04219191521406174,2194,35,15.908596992492676,-0.6086587309837341,4240,0.3566030263900757,18.59,76948,77049
0.55,0.0005,-17.899240229999997,0.04194214940071106,2196,35,14.884833335876465,-0.5054769515991211,4244,0.3073839247226715,18.48,77017,77118
0.55,0.0005,-17.801737680000002,0.04203147813677788,2198,35,16.09630584716797,0.21554796397686005,4248,1.048790454864502,18.39,77084,77185
0.55,0.0005,-17.731145899999998,0.04221932962536812,2200,35,14.284927368164062,0.6355937123298645,4252,1.062340259552002,18.51,77162,77263
0.57,0.0005,-17.19370421,0.04291288182139397,2201,35,15.403388023376465,0.1343981772661209,4256,0.24197037518024445,18.36,77222,77323
0.57,0.0005,-17.15474304,0.04350575804710388,2203,35,14.995085716247559,-0.5926480293273926,4260,1.3115379810333252,18.31,77292,77393
0.57,0.0005,-17.238154620000003,0.04335146024823189,2205,35,14.013153076171875,-0.9018919467926025,4264,1.5660943984985352,18.19,77356,77457
0.56,0.0005,-17.500909210000003,0.04338325560092926,2207,35,14.229840278625488,0.9269393682479858,4268,3.495645761489868,18.1,77437,77538
0.56,0.0005,-17.435247999999998,0.04336182028055191,2208,35,17.115102767944336,0.5397481918334961,4272,2.480252504348755,17.99,77509,77610
0.55,0.0005,-17.66141836,0.04386400058865547,2210,35,17.254093170166016,-0.7300305962562561,4276,0.6979415416717529,18.02,77585,77686
0.55,0.0005,-17.66565851,0.04476582258939743,2212,35,16.43304443359375,-1.0119067430496216,4280,0.7443603277206421,18.05,77662,77763
0.57,0.0005,-17.15273959,0.04494461789727211,2214,35,15.66431713104248,0.04739449545741081,4284,2.508873462677002,18.11,77733,77834
0.59,0.0005,-16.56866266,0.043638572096824646,2216,35,16.210357666015625,0.11428415775299072,4288,0.7238377332687378,18.06,77809,77910
0.6,0.0005,-16.489981020000002,0.043490875512361526,2218,35,14.826915740966797,-0.6601002216339111,4292,0.9858796000480652,17.99,77884,77985
0.6,0.0005,-16.41702477,0.04346315562725067,2220,35,15.303678512573242,-0.2763349115848541,4296,0.4137960970401764,18.15,77968,78069
0.61,0.0005,-16.043206950000002,0.04286116361618042,2223,35,15.686609268188477,-0.08699849247932434,4300,1.3822662830352783,18.37,78053,78154
0.63,0.0005,-15.70995012,0.04181979224085808,2225,35,15.476814270019531,0.5317980051040649,4304,0.6380673050880432,18.46,78131,78232
0.64,0.0005,-15.573095290000003,0.042540740221738815,2227,35,16.76168441772461,0.23166416585445404,4308,0.5029402375221252,18.54,78204,78305
0.66,0.0005,-15.10760499,0.042699024081230164,2229,35,13.13565444946289,0.04100191593170166,4312,1.4291255474090576,18.41,78275,78376
0.65,0.0005,-15.19689899,0.043179702013731,2231,35,16.643043518066406,1.2192058563232422,4316,3.3255631923675537,18.55,78358,78459
0.65,0.0005,-15.046316139999998,0.04596687853336334,2233,35,19.006479263305664,0.6708343029022217,4320,0.9872715473175049,18.47,78432,78533
0.66,0.0005,-14.853286279999999,0.04587261378765106,2235,35,16.04120635986328,-0.329181432723999,4324,0.7089996337890625,18.63,78518,78619
0.67,0.0005,-14.765142900000003,0.045003458857536316,2237,35,15.855430603027344,0.031020306050777435,4328,0.9626704454421997,18.57,78589,78690
0.68,0.0005,-14.633591399999998,0.04479498043656349,2239,35,16.22089195251465,-1.2622692584991455,4332,2.562504768371582,18.47,78655,78756
0.66,0.0005,-14.819706719999997,0.04427741840481758,2241,35,15.176569938659668,-0.15553922951221466,4336,1.3144288063049316,18.48,78723,78824
0.65,0.0005,-15.208930650000003,0.04371453821659088,2243,35,15.310419082641602,-0.6932216882705688,4340,0.3009425401687622,18.32,78780,78881
0.65,0.0005,-15.222312370000003,0.0429273322224617,2245,35,15.427748680114746,-0.5817413926124573,4344,0.717309832572937,18.25,78842,78943
0.65,0.0005,-15.235017370000001,0.042902398854494095,2247,35,14.94174861907959,-0.6587106585502625,4348,1.230216145515442,18.19,78903,79004
0.66,0.0005,-14.97884158,0.04281821474432945,2248,35,16.041154861450195,-0.1255817860364914,4352,0.839250922203064,18.09,78971,79072
0.66,0.0005,-15.124431329999998,0.042502712458372116,2251,35,15.667774200439453,-0.2244110405445099,4356,2.291415214538574,18.3,79052,79153
0.65,0.0005,-15.385567179999999,0.042515289038419724,2253,35,15.848907470703125,-0.4226081967353821,4360,1.723534345626831,18.32,79124,79225
0.65,0.0005,-15.356842419999998,0.04201474413275719,2254,35,16.474361419677734,-0.47436589002609253,4364,0.6674548983573914,18.37,79193,79294
0.66,0.0005,-15.07872969,0.041492119431495667,2256,35,15.735570907592773,0.3126819431781769,4368,1.134185552597046,18.24,79261,79362
0.67,0.0005,-14.87256508,0.04187546670436859,2258,35,13.96395206451416,-0.3494640588760376,4372,0.4653398394584656,18.28,79337,79438
0.69,0.0005,-14.290068989999998,0.04202914983034134,2260,35,15.094205856323242,-0.5266118049621582,4376,1.5038819313049316,18.27,79412,79513
0.68,0.0005,-14.449098370000002,0.04202790930867195,2262,35,16.437969207763672,-1.0908256769180298,4380,2.7632904052734375,18.21,79483,79584
0.68,0.0005,-14.31857514,0.041304945945739746,2264,35,15.051971435546875,-0.11202093958854675,4384,0.762021005153656,18.24,79557,79658
0.68,0.0005,-14.432377820000001,0.041253697127103806,2266,35,14.683719635009766,-0.28531134128570557,4388,2.028162956237793,18.16,79625,79726
0.67,0.0005,-14.61816035,0.043995801359415054,2269,35,15.778179168701172,0.19201679527759552,4392,2.1723227500915527,18.22,79706,79807
0.67,0.0005,-14.672769259999997,0.04344664514064789,2271,35,14.09658432006836,-0.07827281951904297,4396,0.8829907178878784,18.02,79770,79871
0.68,0.0005,-14.43527597,0.042516078799963,2273,35,15.389714241027832,-0.6564309000968933,4400,0.374599814414978,17.95,79848,79949
0.67,0.0005,-14.748244179999999,0.04198593273758888,2292,34,13.006175994873047,-0.4876183867454529,4404,0.7205233573913574,17.82,79913,80014
0.64,0.0005,-15.430856099999996,0.041763048619031906,2294,34,14.514784812927246,-0.015392228960990906,4408,1.3446907997131348,17.74,79978,80079
0.63,0.0005,-15.761592619999998,0.0420314222574234,2296,34,17.18427276611328,-1.5878630876541138,4412,2.071432113647461,17.76,80051,80152
0.65,0.0005,-15.302504879999997,0.04158655181527138,2298,34,16.638568878173828,0.4449235796928406,4416,1.93693208694458,17.62,80120,80221
0.65,0.0005,-15.314884839999998,0.042485062032938004,2300,34,15.04551887512207,0.5133834481239319,4420,0.6949864625930786,17.65,80197,80298
0.66,0.0005,-14.915277850000003,0.04320943355560303,2302,34,14.31184196472168,-0.4021402597427368,4424,0.8675132989883423,17.5,80268,80369
0.66,0.0005,-14.918977850000001,0.04352521896362305,2304,34,14.642168045043945,0.4686988294124603,4428,1.971480369567871,17.49,80338,80439
0.65,0.0005,-15.189156439999998,0.04395068809390068,2306,34,16.533151626586914,0.06342800706624985,4432,0.23394542932510376,17.6,80415,80516
0.67,0.0005,-14.910511990000002,0.043991513550281525,2307,34,16.124536514282227,-0.5477326512336731,4436,0.384807825088501,17.48,80471,80572
0.68,0.0005,-14.637598179999998,0.044259507209062576,2309,34,14.122379302978516,-0.2808351218700409,4440,1.9896867275238037,17.58,80538,80639
0.68,0.0005,-14.72043288,0.043743930757045746,2311,34,14.222289085388184,0.87527996301651,4444,1.8120793104171753,17.72,80614,80715
0.68,0.0005,-14.856180410000002,0.044003501534461975,2313,34,14.98010540008545,0.3132378160953522,4448,1.495417833328247,17.92,80695,80796
0.68,0.0005,-14.943146910000001,0.04473181068897247,2315,34,15.775556564331055,-0.14933821558952332,4452,0.5214064121246338,18.04,80775,80876
0.67,0.0005,-15.171129429999999,0.045543670654296875,2317,34,13.93549919128418,-0.6319791078567505,4456,3.4153411388397217,17.87,80839,80940
0.66,0.0005,-15.35556247,0.04542206600308418,2319,34,17.161584854125977,0.4488956928253174,4460,1.4994313716888428,17.9,80914,81015
0.65,0.0005,-15.720551639999998,0.045477889478206635,2321,34,14.162708282470703,-0.10604481399059296,4464,0.590503990650177,17.83,80976,81077
0.66,0.0005,-15.395012739999997,0.04583616554737091,2322,34,13.779642105102539,0.41626977920532227,4468,0.6072528958320618,17.84,81045,81146
0.65,0.0005,-15.742978370000001,0.0448823943734169,2325,34,14.944079399108887,0.1357729434967041,4472,0.5858983993530273,17.85,81122,81223
0.64,0.0005,-16.217380430000002,0.04439323768019676,2327,34,14.077720642089844,-0.8438552618026733,4476,0.9091547131538391,17.79,81191,81292
0.63,0.0005,-16.44853525,0.04279797524213791,2329,34,14.694070816040039,-0.63701331615448,4480,1.200668215751648,17.8,81263,81364
0.64,0.0005,-16.225695870000003,0.042343225330114365,2330,34,13.918676376342773,-0.002515934407711029,4484,2.7703959941864014,17.69,81326,81427
0.64,0.0005,-16.161577610000002,0.043150946497917175,2332,34,14.49996566772461,0.039917103946208954,4488,0.3615395724773407,17.82,81407,81508
0.66,0.0005,-15.649407300000002,0.0426882728934288,2334,34,15.516836166381836,-0.0912436842918396,4492,1.1841230392456055,17.65,81471,81572
0.67,0.0005,-15.21387864,0.043065909296274185,2336,34,15.127685546875,-0.8493561148643494,4496,1.1657109260559082,17.76,81546,81647
0.66,0.0005,-15.396453259999998,0.042649656534194946,2338,34,14.348161697387695,-0.9304920434951782,4500,0.7034399509429932,17.78,81626,81727
0.66,0.0005,-15.4117612,0.04228728637099266,2340,34,14.71711540222168,-0.6113708019256592,4504,1.6661865711212158,17.98,81711,81812
0.68,0.0005,-14.98056098,0.04290781915187836,2342,34,14.402566909790039,-0.5051664710044861,4508,0.28708750009536743,18.13,81791,81892
0.68,0.0005,-14.875524960000002,0.04305825009942055,2344,34,14.494573593139648,0.47467702627182007,4512,2.389394998550415,18.2,81871,81972
0.66,0.0005,-15.432113979999999,0.04343174025416374,2346,34,15.08416748046875,0.09363972395658493,4516,0.4403191804885864,18.24,81944,82045
0.68,0.0005,-14.960920390000002,0.043507449328899384,2347,34,15.20703411102295,0.02984015643596649,4520,0.5748804211616516,18.08,82005,82106
0.68,0.0005,-14.960983470000004,0.04244321957230568,2349,34,13.162593841552734,0.030472703278064728,4524,0.7241250276565552,18.07,82075,82176
0.68,0.0005,-14.91510459,0.04153718426823616,2351,34,14.053290367126465,0.02145649492740631,4528,0.40614378452301025,18.02,82140,82241
0.69,0.0005,-14.70226266,0.04096429422497749,2353,34,15.754474639892578,0.6027927994728088,4532,0.6030066013336182,17.99,82214,82315
0.7,0.0005,-14.35978186,0.04106336459517479,2355,34,14.751081466674805,-0.31851786375045776,4536,0.7104616761207581,18.23,82294,82395
0.7,0.0005,-14.20340592,0.04068339243531227,2357,34,15.570405006408691,-1.1213877201080322,4540,1.296250581741333,18.26,82364,82465
0.69,0.0005,-14.385021010000003,0.04020930454134941,2360,34,13.622028350830078,0.5162656903266907,4544,1.6115820407867432,18.42,82456,82557
0.7,0.0005,-14.082833,0.04053907468914986,2361,34,15.16761589050293,0.5612500905990601,4548,1.015363097190857,18.32,82527,82628
0.68,0.0005,-14.477697420000002,0.041983991861343384,2364,34,13.846970558166504,-0.5597366094589233,4552,0.8395600318908691,18.35,82610,82711
0.67,0.0005,-14.63661349,0.04170732572674751,2366,34,15.516114234924316,-0.5102959871292114,4556,1.5686094760894775,18.47,82686,82787
0.68,0.0005,-14.403076369999999,0.04249127209186554,2367,34,16.126415252685547,0.23522111773490906,4560,2.5115742683410645,18.44,82758,82859
0.69,0.0005,-14.163345030000002,0.042149871587753296,2369,34,15.6561279296875,-0.6924223899841309,4564,1.053070068359375,18.46,82822,82923
0.68,0.0005,-14.400479690000003,0.041641369462013245,2371,34,14.127347946166992,-0.09141235053539276,4568,0.6371581554412842,18.57,82902,83003
0.69,0.0005,-14.10882433,0.04170821234583855,2373,35,14.049723625183105,-0.7861571907997131,4572,0.8289536237716675,18.49,82971,83072
0.69,0.0005,-13.89154944,0.041316743940114975,2375,35,15.961541175842285,0.8502576947212219,4576,0.9568719863891602,18.65,83056,83157
0.71,0.0005,-13.58340253,0.04238855838775635,2377,35,15.748167991638184,0.6792028546333313,4580,0.5901520848274231,18.78,83141,83242
0.71,0.0005,-13.81589998,0.043971948325634,2379,35,15.144287109375,0.7956225872039795,4584,0.8801976442337036,18.94,83220,83321
0.7,0.0005,-14.037130020000001,0.04493384435772896,2381,35,17.249589920043945,-1.0170354843139648,4588,0.43459755182266235,18.81,83288,83389
0.69,0.0005,-14.319595160000004,0.04415049031376839,2383,35,15.944124221801758,0.4926947057247162,4592,1.8635321855545044,18.91,83362,83463
0.69,0.0005,-14.42537396,0.042952004820108414,2385,35,15.042083740234375,-0.08217412233352661,4596,0.6267878413200378,18.97,83443,83544
0.68,0.0005,-14.988249829999999,0.04238133504986763,2387,35,14.327994346618652,-0.3166131377220154,4600,1.1325187683105469,18.78,83504,83605
0.7,0.0005,-14.440991099999998,0.04167869687080383,2389,35,16.316787719726562,0.04904934763908386,4604,0.5870175361633301,18.61,83572,83673
0.71,0.0005,-14.223845790000002,0.041919101029634476,2391,35,14.799888610839844,-0.2592657208442688,4608,2.551319122314453,18.58,83649,83750
0.68,0.0005,-15.00512477,0.04223555698990822,2393,35,14.7980318069458,0.6846532821655273,4612,1.4177629947662354,18.48,83719,83820
0.68,0.0005,-14.90206812,0.04338693618774414,2395,35,14.007530212402344,0.5892061591148376,4616,0.9917304515838623,18.57,83801,83902
0.66,0.0005,-15.584932269999998,0.044463954865932465,2398,35,13.963964462280273,0.5597645044326782,4620,0.9633216857910156,18.8,83885,83986
0.63,0.0005,-16.34798174,0.0452844575047493,2400,35,14.395729064941406,-0.14135992527008057,4624,4.098935604095459,18.8,83955,84056
0.63,0.0005,-16.331813639999996,0.04474243149161339,2402,35,15.87472915649414,-0.04917171597480774,4628,1.5710797309875488,19.0,84040,84141
0.63,0.0005,-16.16090758,0.04450549930334091,2404,35,14.218067169189453,-0.3076779544353485,4632,0.5346633791923523,18.99,84113,84214
0.61,0.0005,-16.63884324,0.04438013583421707,2406,35,13.785770416259766,-0.29739969968795776,4636,2.0178074836730957,18.91,84185,84286
0.61,0.0005,-16.8138,0.04368080198764801,2408,35,14.160812377929688,-0.18606901168823242,4640,2.2562525272369385,19.07,84271,84372
0.61,0.0005,-16.889729569999997,0.04392947629094124,2410,35,16.576492309570312,-0.1245594322681427,4644,3.696990489959717,18.81,84337,84438
0.6,0.0005,-17.2683889,0.04431295394897461,2412,35,16.126506805419922,0.6369103789329529,4648,0.8561421632766724,18.86,84413,84514
0.62,0.0005,-16.845289330000004,0.0432748980820179,2414,35,14.978320121765137,-0.441864013671875,4652,1.5272904634475708,18.81,84491,84592
0.63,0.0005,-16.783001669999997,0.04247095808386803,2416,35,13.210695266723633,-0.07838062196969986,4656,0.8417150974273682,18.82,84568,84669
0.62,0.0005,-17.061215559999997,0.042535629123449326,2418,35,15.352862358093262,-0.5875630974769592,4660,1.3188507556915283,18.67,84625,84726
0.62,0.0005,-16.984759479999997,0.04218238219618797,2420,35,14.570602416992188,0.026122845709323883,4664,0.905082106590271,18.77,84699,84800
0.62,0.0005,-17.103889239999997,0.04247922822833061,2421,35,14.669273376464844,-0.17836807668209076,4668,0.675096869468689,18.66,84768,84869
0.6,0.0005,-17.38888433,0.04395774379372597,2424,35,14.803577423095703,0.14526063203811646,4672,2.0432729721069336,18.76,84847,84948
0.61,0.0005,-17.25733707,0.04291664808988571,2426,35,14.864859580993652,0.21016526222229004,4676,1.7626545429229736,18.74,84930,85031
0.6,0.0005,-17.494519179999998,0.04302328824996948,2428,35,16.069324493408203,-0.5353173017501831,4680,0.3264164924621582,18.6,85001,85102
0.6,0.0005,-17.40152764,0.04222942516207695,2429,35,14.189279556274414,0.25052160024642944,4684,1.3085768222808838,18.48,85068,85169
0.59,0.0005,-17.784381659999998,0.04248383641242981,2431,35,14.374374389648438,-0.134291410446167,4688,0.603348970413208,18.54,85142,85243
0.61,0.0005,-17.244379790000004,0.041777122765779495,2433,35,15.29421615600586,-0.12593963742256165,4692,0.6138445138931274,18.59,85221,85322
0.6,0.0005,-17.610101810000003,0.04064769297838211,2435,35,14.53635025024414,-0.9607528448104858,4696,2.188260793685913,18.47,85290,85391
0.61,0.0005,-17.239085740000004,0.0396060049533844,2437,35,13.849959373474121,-0.3462503254413605,4700,1.5288007259368896,18.6,85364,85465
0.6,0.0005,-17.524252450000002,0.038867492228746414,2438,35,14.023975372314453,-0.42462843656539917,4704,0.3548034429550171,18.53,85425,85526
0.6,0.0005,-17.52476067,0.04071848466992378,2441,35,13.597423553466797,0.8584825992584229,4708,1.9487190246582031,18.54,85503,85604
0.63,0.0005,-16.884801760000002,0.04070337861776352,2443,35,14.374044418334961,1.1164124011993408,4712,0.49591755867004395,18.6,85579,85680
0.64,0.0005,-16.72440764,0.040875062346458435,2444,35,14.829584121704102,0.6556130647659302,4716,1.9320971965789795,18.41,85642,85743
0.64,0.0005,-16.631993689999998,0.04186217859387398,2447,35,14.773099899291992,1.492079257965088,4720,1.748196005821228,18.27,85712,85813
0.64,0.0005,-16.64321896,0.04167843610048294,2448,35,14.556869506835938,-0.5723363161087036,4724,1.171913743019104,18.2,85775,85876
0.64,0.0005,-16.554783519999997,0.04105277359485626,2450,35,13.814149856567383,0.7214615345001221,4728,1.981844425201416,18.03,85843,85944
0.64,0.0005,-16.56050337,0.04078766331076622,2452,35,14.433432579040527,-0.07800540328025818,4732,0.5254824757575989,17.98,85911,86012
0.66,0.0005,-16.02255829,0.04120445251464844,2453,35,14.82088851928711,0.4460344910621643,4736,2.4355616569519043,17.97,85982,86083
0.66,0.0005,-15.89715188,0.04103968292474747,2455,35,14.386045455932617,0.12702345848083496,4740,0.6339889764785767,17.78,86049,86150
0.68,0.0005,-15.39897363,0.041377052664756775,2456,35,13.794334411621094,1.0215150117874146,4744,0.8211435079574585,17.88,86125,86226
0.68,0.0005,-15.220251170000004,0.04169919341802597,2458,35,14.537595748901367,0.6556494235992432,4748,0.954914391040802,17.85,86198,86299
0.67,0.0005,-15.387872410000002,0.04221812263131142,2460,35,15.149358749389648,0.6416506171226501,4752,2.727884292602539,17.75,86266,86367
0.68,0.0005,-15.067126850000005,0.04268064349889755,2462,35,14.384003639221191,-0.12775030732154846,4756,1.4983069896697998,17.81,86349,86450
0.69,0.0005,-14.85867344,0.04195377230644226,2464,35,15.422682762145996,-0.7403873205184937,4760,0.28810280561447144,18.04,86429,86530
0.68,0.0005,-15.02438137,0.041347045451402664,2466,35,14.29501724243164,-0.40691059827804565,4764,1.1546621322631836,18.09,86508,86609
0.67,0.0005,-15.29867913,0.0412798710167408,2468,35,11.917652130126953,0.5235902070999146,4768,1.167052984237671,18.0,86568,86669
0.68,0.0005,-15.282994560000002,0.04200899600982666,2470,35,12.213008880615234,1.008354902267456,4772,2.6417016983032227,17.99,86646,86747
0.67,0.0005,-15.526338730000003,0.042168810963630676,2471,35,16.89364242553711,-0.1767507940530777,4776,2.7585339546203613,17.84,86714,86815
0.65,0.0005,-15.946248420000002,0.04166494682431221,2473,35,15.40257740020752,-0.04855866730213165,4780,1.2331024408340454,17.83,86784,86885
0.65,0.0005,-15.95364595,0.04211375117301941,2475,35,14.652209281921387,0.15413980185985565,4784,1.9754419326782227,17.97,86865,86966
0.66,0.0005,-15.51923145,0.043759796768426895,2477,35,14.190143585205078,0.8565585613250732,4788,2.3649327754974365,18.03,86945,87046
0.64,0.0005,-15.959656140000002,0.04467730224132538,2480,35,15.67513656616211,0.16687852144241333,4792,2.141202449798584,18.08,87029,87130
0.64,0.0005,-15.833032950000002,0.04372599720954895,2481,35,14.180746078491211,-0.05585449934005737,4796,2.04762601852417,18.04,87094,87195
0.66,0.0005,-15.244346229999998,0.04247317090630531,2483,35,17.159236907958984,-0.6320627927780151,4800,0.5783586502075195,18.01,87165,87266
0.65,0.0005,-15.61165233,0.042030252516269684,2485,35,14.809325218200684,-0.19496017694473267,4804,1.8720779418945312,18.04,87229,87330
0.63,0.0005,-16.00277224,0.04131161421537399,2487,35,14.511356353759766,0.672081470489502,4808,0.3297257125377655,17.97,87300,87401
0.62,0.0005,-16.07871613,0.041878629475831985,2488,35,15.660926818847656,0.507802426815033,4812,3.9317240715026855,17.83,87362,87463
0.61,0.0005,-16.29988629,0.04152347147464752,2490,35,14.74223518371582,-0.27109211683273315,4816,0.9038970470428467,17.84,87426,87527
0.62,0.0005,-16.0626369,0.041561100631952286,2492,35,15.490255355834961,-1.0072636604309082,4820,0.9170585870742798,18.02,87514,87615
0.64,0.0005,-15.54950239,0.040763311088085175,2494,35,15.428556442260742,-0.5167807936668396,4824,0.6960164308547974,18.12,87587,87688
0.63,0.0005,-15.885162479999998,0.04160366207361221,2496,35,13.672249794006348,0.5326066613197327,4828,1.7130444049835205,18.18,87661,87762
0.63,0.0005,-16.02429739,0.04186774045228958,2498,35,13.032286643981934,-0.46464312076568604,4832,1.0914018154144287,18.24,87735,87836
0.63,0.0005,-15.979030089999998,0.041929151862859726,2500,35,14.718318939208984,0.27786901593208313,4836,0.36439627408981323,18.2,87802,87903
0.63,0.0005,-16.08768386,0.04170077294111252,2502,35,14.8031587600708,0.9241952896118164,4840,0.8842183351516724,18.19,87868,87969
0.62,0.0005,-16.356963309999998,0.04231866076588631,2503,35,17.688106536865234,0.10094603896141052,4844,0.6316026449203491,18.07,87932,88033
0.62,0.0005,-16.458635930000003,0.041558921337127686,2505,35,13.64657974243164,1.1623265743255615,4848,3.1658592224121094,18.2,88018,88119
0.6,0.0005,-17.06822566,0.042632363736629486,2507,35,14.070452690124512,0.45080021023750305,4852,3.0534093379974365,18.19,88085,88186
0.58,0.0005,-17.49628283,0.04321097955107689,2509,35,14.993181228637695,-0.4158022105693817,4856,0.4787938594818115,18.04,88153,88254
0.56,0.0005,-18.01469187,0.04226493090391159,2510,35,15.35444450378418,0.3449691832065582,4860,0.7932188510894775,17.83,88212,88313
0.57,0.0005,-17.86657534,0.04214390367269516,2512,35,14.45555591583252,-0.02277328446507454,4864,0.79082190990448,17.83,88291,88392
0.57,0.0005,-17.66980896,0.041116319596767426,2514,35,14.711424827575684,-0.1788366138935089,4868,1.0209803581237793,17.96,88364,88465
0.57,0.0005,-17.528104510000002,0.041674382984638214,2516,35,14.449050903320312,0.17590147256851196,4872,2.4937329292297363,18.02,88448,88549
0.59,0.0005,-16.97266956,0.04124430939555168,2518,35,14.280689239501953,-0.44283759593963623,4876,3.468428611755371,18.12,88526,88627
0.61,0.0005,-16.41900992,0.0424550324678421,2520,35,14.964325904846191,0.09504103660583496,4880,0.5183390974998474,18.2,88604,88705
0.59,0.0005,-16.88352134,0.041127514094114304,2523,35,14.582155227661133,-0.527592658996582,4884,2.4623420238494873,18.23,88688,88789
0.6,0.0005,-16.670546509999998,0.04123473912477493,2524,35,14.53424072265625,0.5474067330360413,4888,0.23211506009101868,18.11,88756,88857
0.61,0.0005,-16.46912227,0.04156293347477913,2527,35,14.680465698242188,-0.881164014339447,4892,0.7284500598907471,18.1,88839,88940
0.61,0.0005,-16.29063652,0.04199951887130737,2529,35,12.178629875183105,1.0192866325378418,4896,0.7359830737113953,18.23,88917,89018
0.6,0.0005,-16.65376914,0.04286272078752518,2531,35,15.428176879882812,-0.04586076736450195,4900,0.8427847027778625,18.25,88990,89091
0.61,0.0005,-16.37731041,0.04205918312072754,2533,35,14.081687927246094,-0.6991590261459351,4904,0.7816817164421082,18.34,89063,89164
0.61,0.0005,-16.352054950000003,0.04283377528190613,2534,35,15.6250581741333,-0.8063287734985352,4908,2.73889422416687,18.38,89138,89239
0.61,0.0005,-16.348702529999997,0.04278247058391571,2536,35,13.89777946472168,0.1603257954120636,4912,0.5055667161941528,18.37,89199,89300
0.6,0.0005,-16.613166169999996,0.0432656966149807,2538,35,13.992393493652344,0.6781488656997681,4916,0.5225205421447754,18.36,89262,89363
0.59,0.0005,-16.85922304,0.043463435024023056,2539,35,13.825457572937012,0.3602242171764374,4920,1.0831353664398193,18.14,89328,89429
0.58,0.0005,-17.18136587,0.043099794536828995,2541,35,14.3401517868042,1.3442453145980835,4924,0.6510360240936279,18.12,89399,89500
0.58,0.0005,-17.1676193,0.04319015145301819,2543,35,15.466873168945312,-0.15275970101356506,4928,1.1316825151443481,18.11,89472,89573
0.57,0.0005,-17.33280676,0.04290306195616722,2545,35,13.942249298095703,-0.30763259530067444,4932,0.38207799196243286,18.08,89543,89644
0.58,0.0005,-17.27868913,0.04215105623006821,2548,35,15.810928344726562,-0.24528613686561584,4936,0.7767164707183838,18.24,89626,89727
0.57,0.0005,-17.51057847,0.04189806431531906,2550,35,14.550477981567383,-0.08515700697898865,4940,0.8277555704116821,18.34,89702,89803
0.56,0.0005,-17.61256239,0.042064256966114044,2552,35,16.592037200927734,-1.0413506031036377,4944,1.3248015642166138,18.51,89783,89884
0.57,0.0005,-17.398473560000003,0.040211115032434464,2554,35,14.031452178955078,-0.7216910123825073,4948,1.5909833908081055,18.48,89866,89967
0.59,0.0005,-16.970264970000002,0.04092371091246605,2571,35,15.470853805541992,-0.07515627145767212,4952,0.8417366743087769,18.57,89942,90043
0.59,0.0005,-16.94875643,0.04100887104868889,2573,35,14.706960678100586,0.47188514471054077,4956,0.5818323493003845,18.62,90015,90116
0.62,0.0005,-16.14409922,0.04153494909405708,2575,35,14.565305709838867,-0.6521162390708923,4960,1.724517583847046,18.72,90084,90185
0.63,0.0005,-15.82203747,0.04078881815075874,2577,35,14.262039184570312,0.0243065282702446,4964,0.5385057926177979,18.75,90166,90267
0.62,0.0005,-15.944553710000003,0.04109767824411392,2579,35,13.50684642791748,0.30768901109695435,4968,0.627739667892456,18.71,90235,90336
0.64,0.0005,-15.534706450000003,0.04103000462055206,2581,35,13.261484146118164,0.08553342521190643,4972,1.6856863498687744,18.63,90311,90412
0.63,0.0005,-15.686271280000001,0.04217070713639259,2583,35,16.16559600830078,1.0131136178970337,4976,1.5582724809646606,18.53,90379,90480
0.62,0.0005,-15.949649690000001,0.042510148137807846,2584,35,15.433752059936523,-0.42645663022994995,4980,1.1787631511688232,18.39,90443,90544
0.64,0.0005,-15.475613950000001,0.04291117563843727,2586,35,13.887380599975586,-0.2735038101673126,4984,1.7744333744049072,18.17,90505,90606
0.64,0.0005,-15.581043559999998,0.04201306030154228,2588,35,13.524944305419922,-0.08428769558668137,4988,0.9395731687545776,18.15,90571,90672
0.63,0.0005,-15.90999471,0.04104667901992798,2589,35,13.143583297729492,0.2854524254798889,4992,0.6274838447570801,18.02,90641,90742
0.64,0.0005,-15.858717820000003,0.04102408513426781,2591,35,13.582134246826172,-0.6000605821609497,4996,0.5320295095443726,17.92,90709,90810
0.63,0.0005,-16.093674629999995,0.041439931839704514,2593,35,13.559378623962402,-0.7391722202301025,5000,5.335313320159912,17.89,90779,90880
0.63,0.0005,-16.02582203,0.04265187308192253,2595,35,14.892087936401367,0.9475206136703491,5004,2.4839634895324707,17.99,90862,90963
0.62,0.0005,-16.38822323,0.04248601570725441,2598,35,15.863635063171387,-0.24585697054862976,5008,1.2065891027450562,18.23,90961,91062
0.62,0.0005,-16.42214774,0.04079905152320862,2600,35,13.855545043945312,-2.3199799060821533,5012,1.1620678901672363,18.29,91028,91129
0.63,0.0005,-16.13385004,0.039829008281230927,2601,35,15.830950736999512,-0.34296852350234985,5016,1.499610424041748,18.29,91091,91192
0.64,0.0005,-15.906130759999998,0.040340010076761246,2603,35,13.831963539123535,0.4819798767566681,5020,1.6967413425445557,18.28,91156,91257
0.64,0.0005,-15.92578843,0.04083904251456261,2604,35,14.10975456237793,1.2576181888580322,5024,0.4222569763660431,18.18,91217,91318
0.65,0.0005,-15.649092859999998,0.041411641985177994,2606,35,14.370719909667969,0.30950504541397095,5028,1.3529846668243408,18.28,91300,91401
0.65,0.0005,-15.5754891,0.04142794758081436,2608,35,13.21953296661377,-0.05156537890434265,5032,0.49410247802734375,18.42,91385,91486
0.62,0.0005,-16.20999728,0.04203004017472267,2610,35,14.940217971801758,-0.10551749169826508,5036,1.030850887298584,18.32,91458,91559
0.62,0.0005,-16.11836618,0.04141148552298546,2612,35,14.390167236328125,-0.6980199813842773,5040,1.4294424057006836,18.42,91544,91645
0.63,0.0005,-16.022995020000003,0.0420081727206707,2614,35,14.219801902770996,-0.6289272308349609,5044,1.0197296142578125,18.28,91611,91712
0.62,0.0005,-16.269752779999997,0.040735211223363876,2616,35,15.965675354003906,-0.09424793720245361,5048,1.344921588897705,18.15,91681,91782
0.6,0.0005,-16.66171057,0.04022756218910217,2617,35,13.87182331085205,0.01588732749223709,5052,3.4179584980010986,18.06,91748,91849
0.6,0.0005,-16.704209799999997,0.04165998846292496,2620,35,14.945815086364746,0.6781913042068481,5056,0.8610433340072632,18.3,91845,91946
0.57,0.0005,-17.33681207,0.042622536420822144,2622,35,15.084341049194336,-0.6979589462280273,5060,1.305275797843933,18.39,91923,92024
0.57,0.0005,-17.29900785,0.04212313890457153,2623,35,13.495864868164062,-0.3144693374633789,5064,0.2811262309551239,18.23,91989,92090
0.58,0.0005,-17.26960123,0.041435208171606064,2625,35,14.698712348937988,-1.1406067609786987,5068,1.1231787204742432,18.22,92057,92158
0.57,0.0005,-17.47896227,0.04079364240169525,2627,35,13.683486938476562,0.3478250801563263,5072,1.6815638542175293,18.18,92129,92230
0.56,0.0005,-17.75681509,0.041129935532808304,2629,35,13.538300514221191,-0.7649588584899902,5076,0.9085279107093811,18.29,92208,92309
0.56,0.0005,-17.767301110000002,0.04019629582762718,2630,35,13.4847993850708,0.5859612226486206,5080,0.7212275266647339,18.22,92265,92366
0.55,0.0005,-17.88851183,0.04129163548350334,2632,35,14.557801246643066,0.2754421830177307,5084,3.1100449562072754,18.28,92333,92434
0.53,0.0005,-18.40992083,0.04139673709869385,2634,35,13.709522247314453,-0.5813601016998291,5088,0.4575652480125427,18.26,92397,92498
0.54,0.0005,-18.14660284,0.0406896211206913,2635,35,13.15759563446045,0.585504412651062,5092,1.2063171863555908,18.24,92465,92566
0.55,0.0005,-17.85662129,0.04074052721261978,2637,35,14.678985595703125,-1.3462973833084106,5096,0.41665223240852356,18.3,92539,92640
0.57,0.0005,-17.310663620000003,0.03989970311522484,2639,35,13.823019981384277,0.23020577430725098,5100,2.23726749420166,18.4,92619,92720
0.58,0.0005,-17.000633000000004,0.03992586210370064,2641,35,13.668693542480469,0.13806112110614777,5104,1.1353552341461182,18.23,92685,92786
0.6,0.0005,-16.543922569999996,0.03973142057657242,2642,35,12.976821899414062,0.019660979509353638,5108,1.1945695877075195,17.87,92748,92849
0.6,0.0005,-16.64060996,0.039162587374448776,2644,35,13.896631240844727,0.20553039014339447,5112,1.7953715324401855,17.9,92818,92919
0.61,0.0005,-16.4842002,0.03950243070721626,2646,35,13.7604341506958,0.5325185060501099,5116,2.422837257385254,18.1,92901,93002
0.61,0.0005,-16.31535791,0.040310703217983246,2648,35,13.93645191192627,-0.4756031334400177,5120,2.3759686946868896,18.1,92966,93067
0.61,0.0005,-16.2072903,0.040028877556324005,2649,35,15.077997207641602,-0.5457674860954285,5124,0.5944446325302124,18.08,93025,93126
0.61,0.0005,-16.256273020000002,0.039946191012859344,2651,35,14.624580383300781,0.6959171295166016,5128,0.721828818321228,18.12,93112,93213
0.61,0.0005,-16.30678102,0.04059121757745743,2653,35,13.953664779663086,0.8552227020263672,5132,0.7477694749832153,17.93,93178,93279
0.63,0.0005,-15.944052699999997,0.04057938978075981,2655,35,14.235225677490234,0.6039736866950989,5136,0.934861421585083,17.92,93250,93351
0.64,0.0005,-15.67111668,0.04121214523911476,2657,35,13.792506217956543,-0.14760160446166992,5140,1.308207631111145,17.75,93319,93420
0.64,0.0005,-15.701696550000001,0.04077036678791046,2659,35,16.08220100402832,-0.40411651134490967,5144,1.4432380199432373,18.02,93413,93514
0.62,0.0005,-16.28863033,0.040971480309963226,2661,35,12.81417179107666,0.38926416635513306,5148,2.0615386962890625,18.12,93493,93594
0.65,0.0005,-15.586915269999999,0.043016333132982254,2664,35,14.078330039978027,0.4583325982093811,5152,4.3866071701049805,18.28,93576,93677
0.64,0.0005,-15.88467459,0.04336461052298546,2666,35,13.740877151489258,0.3251860439777374,5156,2.6141514778137207,18.09,93654,93755
0.66,0.0005,-15.536218510000001,0.043559491634368896,2668,35,13.337854385375977,0.44451677799224854,5160,1.556434154510498,18.2,93743,93844
0.65,0.0005,-15.772819380000001,0.043552566319704056,2670,35,15.103004455566406,-0.4690134823322296,5164,0.7960846424102783,18.13,93802,93903
0.66,0.0005,-15.607833379999999,0.04375690594315529,2672,35,15.38677978515625,0.032993972301483154,5168,2.4643359184265137,18.17,93874,93975
0.66,0.0005,-15.562411820000001,0.04351704567670822,2674,35,13.91756534576416,-0.22900381684303284,5172,1.54414701461792,18.21,93950,94051
0.66,0.0005,-15.7562362,0.04344829171895981,2676,35,13.578910827636719,-0.15850898623466492,5176,0.967034637928009,18.06,94014,94115
0.66,0.0005,-15.8786128,0.04345601797103882,2678,35,12.639431953430176,-0.17666347324848175,5180,0.8123430013656616,18.33,94098,94199
0.68,0.0005,-15.486268570000002,0.043275970965623856,2680,35,14.758755683898926,-0.04909136891365051,5184,2.0057716369628906,18.42,94175,94276
0.69,0.0005,-15.127784149999998,0.04277195781469345,2683,35,14.544676780700684,-0.3227890133857727,5188,3.4783787727355957,18.66,94263,94364
0.69,0.0005,-15.168539160000002,0.04134421795606613,2685,35,14.099882125854492,0.18782897293567657,5192,1.3059380054473877,18.7,94335,94436
0.67,0.0005,-15.784173979999998,0.04185055196285248,2686,35,14.502568244934082,-0.01990661770105362,5196,1.572387456893921,18.62,94401,94502
0.66,0.0005,-15.964976890000003,0.04236258566379547,2689,35,14.149635314941406,0.6687930822372437,5200,1.332707166671753,18.59,94478,94579
0.66,0.0005,-16.02836918,0.04275698959827423,2691,35,13.736614227294922,-0.7025563716888428,5204,1.91422700881958,18.72,94557,94658
0.67,0.0005,-15.711022130000002,0.04248686507344246,2693,35,13.800294876098633,-0.2856195569038391,5208,0.6745399236679077,18.79,94627,94728
0.67,0.0005,-15.58160586,0.04228728637099266,2694,35,13.928839683532715,0.17048126459121704,5212,0.672260046005249,18.69,94687,94788
0.67,0.0005,-15.440520230000002,0.042180292308330536,2696,35,16.22400665283203,-0.3445182740688324,5216,1.3301639556884766,18.55,94756,94857
0.67,0.0005,-15.52590866,0.04095529764890671,2698,35,13.593942642211914,-0.7653712630271912,5220,0.8419677019119263,18.6,94826,94927
0.69,0.0005,-15.073210410000002,0.04082394018769264,2700,35,13.3253173828125,0.011939078569412231,5224,1.273383378982544,18.76,94901,95002
0.7,0.0005,-14.802739109999997,0.040447816252708435,2701,35,14.069067001342773,0.3444214463233948,5228,1.873368740081787,18.62,94974,95075
0.71,0.0005,-14.6260935,0.04103350639343262,2703,35,13.129313468933105,0.0028072744607925415,5232,0.49955612421035767,18.61,95039,95140
0.71,0.0005,-14.57947729,0.040751874446868896,2706,35,15.590591430664062,0.2749912142753601,5236,1.438278317451477,18.77,95127,95228
0.68,0.0005,-15.393256650000001,0.04102393984794617,2707,35,12.441947937011719,0.2539772391319275,5240,2.857145309448242,18.72,95191,95292
0.66,0.0005,-15.911260269999998,0.04207615181803703,2709,35,14.175676345825195,0.6735877990722656,5244,1.2432329654693604,18.45,95258,95359
0.68,0.0005,-15.148637809999999,0.04269300773739815,2711,35,15.091461181640625,0.7717822790145874,5248,1.4308629035949707,18.29,95322,95423
0.67,0.0005,-15.29087784,0.04175996035337448,2713,35,13.746323585510254,-0.29134249687194824,5252,1.7370704412460327,18.19,95395,95496
0.68,0.0005,-15.052619739999997,0.042142342776060104,2715,35,14.398283004760742,-0.3609265685081482,5256,1.9606882333755493,18.15,95469,95570
0.66,0.0005,-15.64256284,0.04147164151072502,2716,35,13.872417449951172,-0.48243871331214905,5260,0.44227391481399536,17.87,95530,95631
0.64,0.0005,-16.17419427,0.040239233523607254,2718,35,14.707496643066406,-0.3329368829727173,5264,1.09163498878479,17.98,95600,95701
0.63,0.0005,-16.46781338,0.03946436196565628,2720,35,13.764467239379883,-0.383735716342926,5268,0.4860110878944397,17.93,95667,95768
0.63,0.0005,-16.66364171,0.03922170028090477,2722,35,14.98788833618164,-0.24302107095718384,5272,1.286949634552002,17.94,95744,95845
0.65,0.0005,-16.05785045,0.038859136402606964,2724,35,12.233635902404785,0.21159252524375916,5276,1.8418118953704834,18.06,95820,95921
0.65,0.0005,-15.955061730000002,0.03887862712144852,2726,35,14.489818572998047,-0.36614668369293213,5280,0.5886467099189758,17.94,95892,95993
0.64,0.0005,-16.273164119999997,0.03849306330084801,2728,35,13.37325668334961,0.14665545523166656,5284,1.3332791328430176,17.87,95962,96063
0.64,0.0005,-16.29343684,0.04105433076620102,2730,35,16.125076293945312,0.838202178478241,5288,0.9277331233024597,17.86,96049,96150
0.62,0.0005,-16.674235479999997,0.04255456477403641,2732,35,14.407346725463867,0.35484397411346436,5292,1.6302614212036133,17.89,96124,96225
0.62,0.0005,-16.665417359999996,0.043075744062662125,2734,35,15.210497856140137,-0.18870209157466888,5296,0.3894633650779724,17.86,96187,96288
0.61,0.0005,-16.7784963,0.042697515338659286,2736,35,15.566810607910156,0.6194707751274109,5300,0.8665167093276978,17.8,96258,96359
0.6,0.0005,-17.07918307,0.04329417645931244,2738,35,14.636836051940918,0.2569914758205414,5304,1.5123217105865479,17.72,96329,96430
0.59,0.0005,-17.32702792,0.04407574236392975,2740,35,13.278545379638672,-0.13704967498779297,5308,2.3963537216186523,17.82,96409,96510
0.59,0.0005,-17.34115247,0.04367625340819359,2741,35,15.065608978271484,-0.07309290766716003,5312,0.7379536032676697,17.8,96467,96568
0.58,0.0005,-17.682369180000002,0.04385645315051079,2743,35,15.31125259399414,-0.4977489411830902,5316,1.4304767847061157,17.8,96536,96637
0.56,0.0005,-18.02412267,0.04435642063617706,2745,35,16.424850463867188,0.8635610342025757,5320,2.7981886863708496,17.81,96607,96708
0.55,0.0005,-18.23674623,0.043623533099889755,2747,35,14.777156829833984,-0.6037304997444153,5324,1.2363312244415283,17.88,96689,96790
0.53,0.0005,-18.732835060000003,0.04337400197982788,2749,35,15.79642391204834,0.2068556249141693,5328,0.6226385831832886,17.86,96760,96861
0.53,0.0005,-18.617238559999997,0.04418553411960602,2751,35,14.07124137878418,0.07706128060817719,5332,0.9326584339141846,17.95,96834,96935
0.5,0.0005,-19.164246979999994,0.0422460101544857,2753,35,15.339573860168457,1.040698766708374,5336,2.1745948791503906,17.71,96898,96999
0.52,0.0005,-18.68983609,0.04181364178657532,2755,35,13.791419982910156,-0.32005590200424194,5340,1.52512526512146,17.77,96968,97069
0.54,0.0005,-18.14311605,0.04102298989892006,2756,35,15.160893440246582,0.4064505100250244,5344,0.6594005823135376,17.78,97036,97137
0.53,0.0005,-18.542513189999998,0.040889058262109756,2758,35,13.361786842346191,-0.6489040851593018,5348,1.7042253017425537,17.84,97106,97207
0.54,0.0005,-18.36473269,0.04056527838110924,2760,35,14.217784881591797,-0.4344971477985382,5352,0.6359536647796631,17.92,97187,97288
0.56,0.0005,-17.765801800000002,0.04037155956029892,2762,35,14.795815467834473,0.692632794380188,5356,1.605720043182373,17.87,97256,97357
0.58,0.0005,-17.095256850000002,0.04083969444036484,2764,35,14.017213821411133,-0.3650984764099121,5360,0.853797435760498,17.97,97327,97428
0.59,0.0005,-16.718638910000003,0.04037922993302345,2766,35,13.309207916259766,-0.04511098563671112,5364,1.1958205699920654,18.03,97403,97504
0.58,0.0005,-16.75836941,0.04086647927761078,2767,35,13.736841201782227,-0.2354278415441513,5368,0.6691297292709351,18.0,97467,97568
0.58,0.0005,-16.679017949999995,0.041681986302137375,2769,35,14.974549293518066,-0.20709356665611267,5372,1.739077091217041,17.89,97533,97634
0.55,0.0005,-17.296323909999998,0.04074939340353012,2771,35,14.190048217773438,-0.7984468340873718,5376,1.152186632156372,17.92,97612,97713
0.57,0.0005,-16.83627096,0.04001205414533615,2773,35,14.024238586425781,0.4286342263221741,5380,1.583932876586914,18.01,97693,97794
0.56,0.0005,-17.12159371,0.04002034664154053,2775,35,13.355094909667969,0.2893564701080322,5384,1.521679162979126,17.95,97757,97858
0.57,0.0005,-16.97698785,0.04028661921620369,2777,35,14.349692344665527,0.37903130054473877,5388,1.5609447956085205,17.8,97829,97930
0.59,0.0005,-16.516391909999996,0.040328498929739,2779,35,13.210996627807617,0.027871467173099518,5392,1.5172791481018066,17.93,97917,98018
0.59,0.0005,-16.37210639,0.04059397429227829,2780,35,13.24040412902832,-0.7219094634056091,5396,0.35191643238067627,17.9,97977,98078
0.61,0.0005,-16.016138690000002,0.040799032896757126,2782,35,14.747718811035156,0.27494528889656067,5400,1.072753667831421,17.87,98045,98146
0.61,0.0005,-16.035589660000003,0.040559686720371246,2784,35,14.778499603271484,-0.7808448076248169,5404,0.8734303116798401,17.91,98120,98221
0.6,0.0005,-16.312940849999997,0.03971187770366669,2787,35,13.749452590942383,0.08951514959335327,5408,1.7741589546203613,17.84,98193,98294
0.6,0.0005,-16.409518419999998,0.0419708788394928,2789,35,14.958512306213379,0.607179582118988,5412,0.7450370192527771,18.02,98269,98370
0.61,0.0005,-16.119761779999997,0.042290523648262024,2791,35,13.058731079101562,-0.2991226613521576,5416,0.6536369323730469,18.09,98345,98446
0.64,0.0005,-15.53904475,0.04076947271823883,2793,35,13.876555442810059,0.4667971134185791,5420,0.5169146060943604,18.06,98413,98514
0.64,0.0005,-15.659858319999996,0.04062594473361969,2795,35,14.291736602783203,-1.302968978881836,5424,1.3054111003875732,18.01,98490,98591
0.63,0.0005,-15.856268270000001,0.03991862013936043,2796,35,14.972702026367188,0.5353419780731201,5428,2.8127968311309814,17.97,98557,98658
0.62,0.0005,-16.29965545,0.03955037146806717,2798,35,15.822799682617188,0.07049715518951416,5432,3.263859748840332,17.85,98619,98720
0.63,0.0005,-16.27569141,0.03898670896887779,2800,35,14.093396186828613,-0.17361031472682953,5436,1.3341376781463623,17.83,98681,98782
0.63,0.0005,-16.325829300000002,0.03883936256170273,2802,35,13.96586799621582,0.8584350943565369,5440,0.5137547850608826,17.84,98752,98853
0.62,0.0005,-16.459231080000002,0.04002246633172035,2804,35,13.321253776550293,0.5115458965301514,5444,2.2422666549682617,18.02,98838,98939
0.62,0.0005,-16.438267519999997,0.039709728211164474,2806,35,13.201740264892578,-0.5569173097610474,5448,0.9433268308639526,18.02,98908,99009
0.62,0.0005,-16.46331646,0.03969239816069603,2808,35,14.425865173339844,-0.2414630651473999,5452,0.5481351613998413,18.01,98988,99089
0.6,0.0005,-16.94546639,0.03958810493350029,2810,35,13.302669525146484,0.10563595592975616,5456,0.31133079528808594,17.98,99054,99155
0.6,0.0005,-17.103796170000003,0.039216555655002594,2812,35,15.185968399047852,-0.13521483540534973,5460,1.6506187915802002,17.96,99123,99224
0.63,0.0005,-16.49657277,0.038603276014328,2814,35,12.551483154296875,-0.15126214921474457,5464,0.7246976494789124,17.93,99196,99297
0.64,0.0005,-16.31055331,0.03851493075489998,2816,35,14.047019958496094,1.050126314163208,5468,1.4885547161102295,18.21,99288,99389
0.64,0.0005,-16.2051553,0.03787096589803696,2818,35,12.668797492980957,-0.48730555176734924,5472,1.3125388622283936,18.36,99369,99470
0.64,0.0005,-16.389457319999998,0.03831722214818001,2820,35,12.79981517791748,-0.08694984763860703,5476,1.8820840120315552,18.26,99438,99539
0.64,0.0005,-16.37712628,0.03751138225197792,2822,35,13.279499053955078,0.5262585878372192,5480,1.0216269493103027,18.22,99515,99616
0.64,0.0005,-16.13967227,0.03864167258143425,2824,35,15.97678279876709,-0.16258928179740906,5484,2.068321704864502,18.38,99595,99696
0.63,0.0005,-16.265314850000003,0.038852132856845856,2826,35,12.582611083984375,-0.5324550867080688,5488,0.5857423543930054,18.28,99657,99758
0.64,0.0005,-16.04566714,0.03885587677359581,2828,35,14.502004623413086,0.47567135095596313,5492,1.329862356185913,18.23,99740,99841
0.66,0.0005,-15.547921349999998,0.03868614137172699,2830,35,12.628669738769531,-0.22867301106452942,5496,2.777986526489258,18.35,99812,99913
0.65,0.0005,-15.86683497,0.038689639419317245,2832,35,14.966691970825195,1.0356354713439941,5500,0.9755823612213135,18.32,99877,99978
0.64,0.0005,-15.921149170000001,0.039325155317783356,2853,35,11.448719024658203,-0.015141576528549194,5504,2.328794002532959,18.38,99958,100059
0.63,0.0005,-16.233099389999996,0.04062649607658386,2855,35,15.289396286010742,0.6901533603668213,5508,2.7925329208374023,18.47,100040,100141
0.63,0.0005,-16.164151589999996,0.04090194031596184,2857,35,13.016361236572266,-0.3841572105884552,5512,1.0116130113601685,18.52,100121,100222
0.64,0.0005,-15.972444600000001,0.04071430861949921,2859,35,12.186418533325195,0.7903318405151367,5516,0.5351940989494324,18.52,100197,100298
0.62,0.0005,-16.53519982,0.04096194729208946,2861,35,14.587553977966309,-0.8064014315605164,5520,0.7392744421958923,18.45,100258,100359
0.6,0.0005,-16.85901363,0.039643000811338425,2863,35,12.783884048461914,-1.6830718517303467,5524,1.0720949172973633,18.3,100320,100421
0.6,0.0005,-16.96705038,0.03749041631817818,2865,35,16.628503799438477,0.4080982804298401,5528,1.575829267501831,18.37,100394,100495
0.6,0.0005,-16.87217584,0.0386989489197731,2867,35,15.578058242797852,0.7751494646072388,5532,2.136350154876709,18.47,100466,100567
0.62,0.0005,-16.17187838,0.039051949977874756,2868,35,13.526921272277832,0.3646452724933624,5536,1.0492061376571655,18.49,100530,100631
0.62,0.0005,-16.14895908,0.039315491914749146,2870,35,13.849885940551758,0.4211997389793396,5540,0.7760600447654724,18.43,100595,100696
0.63,0.0005,-15.904464720000004,0.03931684046983719,2872,35,13.911966323852539,0.0877695232629776,5544,0.5189007520675659,18.35,100673,100774
0.64,0.0005,-15.690646229999997,0.039119184017181396,2874,35,14.341859817504883,0.763059139251709,5548,0.5434103608131409,18.35,100743,100844
0.63,0.0005,-15.93257028,0.039765093475580215,2877,35,14.395072937011719,-0.09922078996896744,5552,1.5375629663467407,18.46,100834,100935
0.63,0.0005,-15.930574490000003,0.03881172835826874,2879,35,14.60439682006836,-0.3263234496116638,5556,0.5034557580947876,18.45,100899,101000
0.64,0.0005,-15.686952759999999,0.03847061097621918,2881,35,13.04483413696289,1.2539021968841553,5560,1.314082145690918,18.64,100987,101088
0.64,0.0005,-15.632261929999997,0.03888705000281334,2883,35,14.0043306350708,0.8828331232070923,5564,1.572975754737854,18.56,101052,101153
0.64,0.0005,-15.68805482,0.0390314906835556,2885,35,12.448068618774414,0.7922942638397217,5568,0.4361894726753235,18.42,101130,101231
0.63,0.0005,-16.128290879999998,0.039051223546266556,2887,35,12.756927490234375,-0.21886858344078064,5572,0.9173654317855835,18.27,101196,101297
0.64,0.0005,-15.824144949999999,0.038546860218048096,2890,35,15.12425708770752,-1.091801404953003,5576,0.9958325624465942,18.47,101285,101386
0.63,0.0005,-16.056761629999997,0.03714796155691147,2891,35,14.101175308227539,-0.18783476948738098,5580,1.210091233253479,18.31,101346,101447
0.64,0.0005,-16.024010970000003,0.036385662853717804,2893,35,14.261381149291992,1.0221673250198364,5584,0.3000277578830719,18.26,101421,101522
0.65,0.0005,-15.820560919999998,0.037195783108472824,2896,35,11.882692337036133,0.6741340756416321,5588,0.9339894652366638,18.5,101507,101608
0.64,0.0005,-16.04255819,0.038040641695261,2898,35,13.772906303405762,0.005534455180168152,5592,0.9080708622932434,18.46,101586,101687
0.62,0.0005,-16.481670740000002,0.038113076239824295,2900,35,14.697002410888672,0.42068925499916077,5596,0.3698422610759735,18.52,101664,101765
0.63,0.0005,-16.234838399999997,0.038638342171907425,2902,35,12.297191619873047,0.07020865380764008,5600,0.8419673442840576,18.72,101749,101850
0.64,0.0005,-16.02812096,0.038805022835731506,2904,35,15.757665634155273,0.8002617359161377,5604,2.1057729721069336,18.68,101826,101927
0.66,0.0005,-15.4289909,0.03825468569993973,2906,35,14.090429306030273,0.332641065120697,5608,1.2892335653305054,18.62,101902,102003
0.67,0.0005,-15.181322469999998,0.038818422704935074,2909,35,14.429628372192383,0.05174216628074646,5612,0.812902569770813,18.58,101979,102080
0.66,0.0005,-15.342243560000002,0.038099903613328934,2910,35,15.500274658203125,-0.7787712812423706,5616,2.1105780601501465,18.49,102046,102147
0.67,0.0005,-15.025536519999998,0.038397252559661865,2912,35,12.643451690673828,-0.2917119264602661,5620,0.9614118337631226,18.66,102124,102225
0.69,0.0005,-14.59456388,0.03918706998229027,2914,35,12.918319702148438,-0.10420962423086166,5624,1.3831837177276611,18.8,102200,102301
0.71,0.0005,-14.18118091,0.03925444185733795,2917,35,14.349175453186035,-0.5020277500152588,5628,1.2931565046310425,18.87,102281,102382
0.71,0.0005,-14.14548274,0.03863966464996338,2919,35,14.523665428161621,0.281433641910553,5632,0.3970935344696045,18.97,102363,102464
0.71,0.0005,-14.33975246,0.03827134147286415,2921,35,13.953032493591309,-0.10835999250411987,5636,0.6732568740844727,19.04,102434,102535
0.71,0.0005,-14.37389339,0.03840181604027748,2922,35,12.4207124710083,-1.0569238662719727,5640,2.3767569065093994,18.95,102490,102591
0.7,0.0005,-14.658793440000002,0.03846026584506035,2924,35,12.989871978759766,0.9883826971054077,5644,2.6291627883911133,18.76,102549,102650
0.71,0.0005,-14.37461673,0.038398027420043945,2926,35,14.014060020446777,-0.0188588947057724,5648,0.8309205770492554,18.81,102624,102725
0.7,0.0005,-14.605147339999998,0.03911355510354042,2928,35,13.202452659606934,-0.15781395137310028,5652,0.4457874894142151,18.57,102691,102792
0.72,0.0005,-14.121045449999999,0.03997882083058357,2929,35,14.288961410522461,0.2974843978881836,5656,2.6314280033111572,18.61,102760,102861
0.72,0.0005,-14.059854010000002,0.03976293280720711,2931,35,12.581390380859375,-0.11993861198425293,5660,1.3910351991653442,18.51,102838,102939
0.71,0.0005,-14.30548291,0.03981064632534981,2933,35,14.911185264587402,0.5399709343910217,5664,0.7121637463569641,18.52,102904,103005
0.71,0.0005,-14.127243590000003,0.039191704243421555,2935,35,15.538616180419922,1.3721333742141724,5668,1.504543423652649,18.46,102976,103077
0.73,0.0005,-13.55075356,0.03913813456892967,2937,35,13.67689323425293,-0.25489771366119385,5672,1.7976583242416382,18.6,103056,103157
0.73,0.0005,-13.54002626,0.039933592081069946,2939,35,13.459636688232422,0.24192717671394348,5676,1.9437507390975952,18.44,103129,103230
0.72,0.0005,-13.690407369999997,0.04030101001262665,2941,35,14.009758949279785,-0.9018617868423462,5680,0.6165283918380737,18.56,103202,103303
0.72,0.0005,-13.590449769999998,0.04038606584072113,2943,35,14.158239364624023,-0.23606227338314056,5684,1.5276799201965332,18.58,103279,103380
0.72,0.0005,-13.553579930000001,0.04072236642241478,2944,35,12.882149696350098,-0.32758840918540955,5688,1.9400315284729004,18.48,103355,103456
0.71,0.0005,-13.83482108,0.03951357305049896,2946,35,14.361007690429688,-0.4448985755443573,5692,0.7911815047264099,18.43,103429,103530
0.71,0.0005,-13.888328089999998,0.04017827287316322,2948,35,14.246650695800781,-0.48042452335357666,5696,0.49058768153190613,18.24,103488,103589
0.67,0.0005,-14.80716155,0.040038373321294785,2950,35,13.034124374389648,0.39890438318252563,5700,1.917515516281128,18.39,103588,103689
0.67,0.0005,-14.830092030000001,0.04176570847630501,2953,35,15.021793365478516,0.7494866251945496,5704,0.6591929793357849,18.41,103667,103768
0.68,0.0005,-14.63355065,0.041882384568452835,2955,35,12.935546875,-0.3223136067390442,5708,2.7849512100219727,18.41,103743,103844
0.69,0.0005,-14.405159930000002,0.04112311080098152,2957,35,14.238845825195312,-0.34262096881866455,5712,3.4701907634735107,18.38,103817,103918
0.7,0.0005,-14.16643221,0.04036053642630577,2958,35,13.548321723937988,-1.5119202136993408,5716,1.1672788858413696,18.39,103885,103986
0.7,0.0005,-14.297185849999998,0.03888692334294319,2960,35,13.192481994628906,0.5560668110847473,5720,0.6395494341850281,18.34,103958,104059
0.7,0.0005,-14.409111769999997,0.03914865851402283,2962,35,12.122137069702148,-0.40284329652786255,5724,0.947069525718689,18.36,104036,104137
0.7,0.0005,-14.327697480000001,0.038862455636262894,2964,35,12.184394836425781,0.13215649127960205,5728,0.9970861673355103,18.28,104109,104210
0.71,0.0005,-14.14156183,0.03878689557313919,2966,35,13.79648208618164,0.6384847164154053,5732,0.884476900100708,18.14,104177,104278
0.71,0.0005,-14.136045320000001,0.039468228816986084,2968,35,13.576310157775879,-1.0407943725585938,5736,1.7323288917541504,18.14,104248,104349
0.72,0.0005,-13.861717579999999,0.03899062052369118,2970,35,12.87254524230957,0.5071065425872803,5740,1.9060192108154297,18.24,104314,104415
0.73,0.0005,-13.521056809999997,0.04012289643287659,2972,35,14.926054954528809,0.20281362533569336,5744,0.8719765543937683,18.31,104380,104481
0.72,0.0005,-13.68928708,0.03990098834037781,2973,35,12.05120849609375,-0.046433448791503906,5748,1.7224452495574951,18.2,104444,104545
0.72,0.0005,-13.733127299999996,0.03940042108297348,2976,35,14.7492036819458,0.3351241946220398,5752,1.2737141847610474,18.37,104528,104629
0.69,0.0005,-14.657872759999998,0.040080320090055466,2977,35,13.649930953979492,-0.632289469242096,5756,0.5120368003845215,18.23,104583,104684
0.67,0.0005,-15.00975505,0.04146318882703781,2979,35,13.906739234924316,-1.004325270652771,5760,1.537280559539795,18.19,104657,104758
0.67,0.0005,-15.120520359999999,0.04150252044200897,2981,35,14.449915885925293,0.6419336795806885,5764,2.1301722526550293,18.42,104746,104847
0.68,0.0005,-14.98279093,0.04105156287550926,2983,35,14.656139373779297,-1.1000715494155884,5768,1.379424810409546,18.49,104825,104926
0.66,0.0005,-15.431895099999998,0.040587469935417175,2985,35,13.719280242919922,-0.5001417994499207,5772,0.3431423604488373,18.41,104897,104998
0.67,0.0005,-15.215031179999999,0.03983588516712189,2986,35,12.93014907836914,-0.14047500491142273,5776,0.830714225769043,18.33,104962,105063
0.68,0.0005,-15.03023213,0.039253123104572296,2988,35,13.160975456237793,0.004170924425125122,5780,1.4183952808380127,18.4,105042,105143
0.68,0.0005,-15.078395649999997,0.038841139525175095,2991,35,14.755193710327148,-0.9134024381637573,5784,2.538875102996826,18.58,105137,105238
0.68,0.0005,-15.230125559999998,0.0390947088599205,2993,35,14.160497665405273,-0.5143008232116699,5788,1.7993178367614746,18.63,105218,105319
0.68,0.0005,-15.09424561,0.04063320904970169,2995,35,13.82817268371582,-0.07729612290859222,5792,1.1625980138778687,18.65,105294,105395
0.68,0.0005,-15.252733860000001,0.04019470512866974,2997,35,13.050037384033203,-0.3008001744747162,5796,1.6128414869308472,18.73,105361,105462
0.7,0.0005,-14.963511600000002,0.039269473403692245,2998,35,13.121058464050293,0.10449874401092529,5800,0.6722615957260132,18.44,105432,105533
0.7,0.0005,-14.938946369999998,0.03914976119995117,3000,35,14.049452781677246,0.1532568633556366,5804,1.1163389682769775,18.35,105502,105603
0.69,0.0005,-15.16303163,0.039231330156326294,3002,35,11.311199188232422,-0.6933397054672241,5808,1.6685459613800049,18.42,105585,105686
0.69,0.0005,-15.173497309999998,0.03804212808609009,3004,35,13.644341468811035,-0.22284424304962158,5812,2.114046096801758,18.45,105662,105763
0.68,0.0005,-15.491682209999997,0.03754511475563049,3006,35,13.390430450439453,0.6979548931121826,5816,0.6184413433074951,18.59,105744,105845
0.67,0.0005,-15.51651828,0.03770674020051956,3007,35,16.54115867614746,-0.3482796251773834,5820,0.4727250337600708,18.43,105801,105902
0.68,0.0005,-15.18949931,0.03771069645881653,3009,35,14.198169708251953,0.20033520460128784,5824,1.4276542663574219,18.44,105880,105981
0.68,0.0005,-15.12746213,0.03762028366327286,3011,35,12.626049041748047,0.15644192695617676,5828,1.1587629318237305,18.58,105967,106068
0.69,0.0005,-14.79795456,0.037562500685453415,3013,35,12.852816581726074,0.07540250569581985,5832,1.868758201599121,18.58,106035,106136
0.7,0.0005,-14.516314120000002,0.038415487855672836,3014,35,13.381428718566895,0.5988861322402954,5836,0.9728556275367737,18.65,106113,106214
0.7,0.0005,-14.382214740000002,0.03900698572397232,3016,35,11.967432975769043,0.19856154918670654,5840,0.9169507622718811,18.68,106182,106283
0.7,0.0005,-14.493926570000001,0.03893103450536728,3018,35,13.606695175170898,1.1522732973098755,5844,0.8296350240707397,18.62,106242,106343
0.7,0.0005,-14.437526010000004,0.03910953179001808,3019,35,14.499079704284668,-0.13422134518623352,5848,1.0274982452392578,18.64,106308,106409
0.69,0.0005,-14.49165353,0.03890815004706383,3022,35,14.047087669372559,-0.3905228078365326,5852,1.2722853422164917,18.71,106399,106500
0.71,0.0005,-13.794971039999998,0.03776161000132561,3024,35,14.74438190460205,-0.5629358291625977,5856,1.0077035427093506,18.96,106479,106580
0.72,0.0005,-13.762855209999998,0.038265395909547806,3026,35,14.606849670410156,-0.1831541657447815,5860,3.0395774841308594,18.95,106552,106653
0.72,0.0005,-13.725107289999999,0.038388874381780624,3028,35,13.878280639648438,0.5282695293426514,5864,3.2705864906311035,18.83,106629,106730
0.7,0.0005,-14.34997221,0.03887921944260597,3030,35,13.548849105834961,-0.2509431838989258,5868,2.332857131958008,18.75,106700,106801
0.69,0.0005,-14.53053519,0.03954297676682472,3032,35,13.77567195892334,0.9206104278564453,5872,2.2557921409606934,18.99,106796,106897
0.68,0.0005,-14.784920620000001,0.040696002542972565,3034,35,14.368562698364258,0.7810496091842651,5876,2.7092998027801514,19.07,106869,106970
0.69,0.0005,-14.62138485,0.040874138474464417,3036,35,12.492855072021484,-0.4636892080307007,5880,1.074888825416565,19.07,106949,107050
0.68,0.0005,-14.683641039999998,0.04078533872961998,3038,35,13.874246597290039,0.20654867589473724,5884,0.7878862619400024,18.87,107024,107125
0.68,0.0005,-14.530581119999997,0.040717095136642456,3040,35,15.265804290771484,0.7444296479225159,5888,1.5096516609191895,18.82,107100,107201
0.68,0.0005,-14.58769656,0.041216686367988586,3041,35,15.175057411193848,0.047261789441108704,5892,3.116309404373169,18.64,107158,107259
0.69,0.0005,-14.147539910000003,0.040820781141519547,3043,35,14.786029815673828,-0.5248440504074097,5896,1.0553630590438843,18.64,107225,107326
0.71,0.0005,-13.55154073,0.03928395360708237,3046,35,13.768157958984375,0.7155128717422485,5900,2.053091526031494,18.8,107312,107413
0.71,0.0005,-13.70193862,0.04003336280584335,3047,35,13.304676055908203,1.0583888292312622,5904,1.3744171857833862,18.82,107384,107485
0.71,0.0005,-13.75625126,0.04095080494880676,3049,35,13.509130477905273,1.1810741424560547,5908,2.3248238563537598,18.63,107448,107549
0.69,0.0005,-14.343299589999999,0.04081364721059799,3050,35,12.4642915725708,-0.322107195854187,5912,0.6204965114593506,18.48,107510,107611
0.69,0.0005,-14.43346604,0.04089348390698433,3052,35,13.649327278137207,-0.9206591844558716,5916,0.623383104801178,18.41,107585,107686
0.7,0.0005,-14.231475280000002,0.04103147238492966,3054,35,11.937378883361816,0.5538350343704224,5920,1.0477083921432495,18.54,107655,107756
0.68,0.0005,-14.661954009999999,0.04213231801986694,3056,35,12.855384826660156,-0.34406140446662903,5924,1.2175772190093994,18.65,107745,107846
0.69,0.0005,-14.423121700000001,0.04184983670711517,3058,35,12.360334396362305,0.4333775043487549,5928,1.3633723258972168,18.51,107818,107919
0.69,0.0005,-14.469182120000003,0.0428471677005291,3060,35,13.79714298248291,-0.6874547600746155,5932,2.0358879566192627,18.58,107893,107994
0.68,0.0005,-14.747504250000002,0.04295947030186653,3062,35,14.805445671081543,-0.7275991439819336,5936,0.9548447728157043,18.73,107986,108087
0.69,0.0005,-14.5671891,0.04146283119916916,3064,35,13.336640357971191,-0.7547515630722046,5940,2.2461652755737305,18.75,108057,108158
0.68,0.0005,-14.855595090000001,0.040530089288949966,3066,35,13.996891021728516,0.29445984959602356,5944,1.6624455451965332,18.93,108135,108236
0.67,0.0005,-15.094218869999999,0.03968607261776924,3068,35,13.12312126159668,0.039169326424598694,5948,1.688286304473877,18.93,108201,108302
0.69,0.0005,-14.779905750000001,0.03922611102461815,3070,35,13.40229606628418,1.5054279565811157,5952,1.6220641136169434,18.97,108296,108397
0.69,0.0005,-14.838145710000001,0.040210627019405365,3072,35,13.311630249023438,-0.5292986035346985,5956,1.8165438175201416,18.79,108358,108459
0.7,0.0005,-14.552426510000002,0.0393732525408268,3073,35,12.5260648727417,0.16208672523498535,5960,0.6349246501922607,18.92,108444,108545
0.68,0.0005,-15.07661102,0.041343674063682556,3075,35,13.478607177734375,0.5975773334503174,5964,1.8994487524032593,18.98,108527,108628
0.71,0.0005,-14.257534649999998,0.04133173078298569,3077,35,13.285612106323242,-1.116276741027832,5968,0.451895534992218,19.06,108606,108707
0.72,0.0005,-14.181731529999997,0.039734113961458206,3080,35,12.788992881774902,0.42446649074554443,5972,0.6251224279403687,18.88,108684,108785
0.73,0.0005,-13.876143040000002,0.04169391468167305,3081,35,14.904436111450195,1.291243076324463,5976,0.47129738330841064,18.89,108758,108859
0.72,0.0005,-14.10372866,0.04198957607150078,3083,35,14.268722534179688,-0.7196353673934937,5980,1.2108136415481567,18.75,108824,108925
0.73,0.0005,-13.957895330000001,0.04236308112740517,3085,35,13.721233367919922,0.35585644841194153,5984,1.155014157295227,18.75,108899,109000
0.74,0.0005,-13.76194364,0.04322466999292374,3087,35,13.675455093383789,0.2667843699455261,5988,2.086670398712158,18.77,108977,109078
0.76,0.0005,-13.330146659999999,0.04368148371577263,3089,35,15.285921096801758,0.09867769479751587,5992,2.0479321479797363,18.99,109057,109158
0.76,0.0005,-13.390332440000002,0.0434039868414402,3090,35,14.3953857421875,-0.32912227511405945,5996,3.330657720565796,18.91,109116,109217
0.76,0.0005,-13.335382240000001,0.04372550919651985,3092,35,13.9298677444458,-0.06683041155338287,6000,1.0724860429763794,18.81,109193,109294
0.77,0.0005,-13.064280050000002,0.043375756591558456,3094,35,13.278979301452637,0.3809412121772766,6004,1.7013781070709229,18.92,109276,109377
0.78,0.0005,-12.839485649999999,0.042264144867658615,3096,35,12.653751373291016,-0.016963042318820953,6008,1.4423964023590088,19.13,109361,109462
0.78,0.0005,-12.68357444,0.041389498859643936,3097,35,14.679121017456055,-0.5093698501586914,6012,1.8335468769073486,19.09,109419,109520
0.78,0.0005,-12.719879589999998,0.040641747415065765,3100,35,13.01807975769043,-0.49820172786712646,6016,1.1832036972045898,19.13,109498,109599
0.79,0.0005,-12.518312490000001,0.03962250426411629,3102,35,12.137142181396484,0.13229328393936157,6020,1.0014411211013794,19.1,109565,109666
0.81,0.0005,-12.07359225,0.04015477001667023,3104,35,12.514759063720703,-0.2753276526927948,6024,1.5296070575714111,18.96,109641,109742
0.81,0.0005,-12.092203250000003,0.03997737541794777,3106,35,13.35556411743164,0.5481076836585999,6028,2.099188804626465,19.01,109719,109820
0.79,0.0005,-12.600851620000004,0.03922251984477043,3108,35,14.242467880249023,-0.7467175722122192,6032,0.3162124454975128,19.04,109797,109898
0.77,0.0005,-13.26495026,0.038027066737413406,3110,35,12.451194763183594,-0.3959759473800659,6036,0.6138582229614258,18.77,109863,109964
0.75,0.0005,-13.73576812,0.03714583441615105,3129,35,14.654691696166992,-0.06701591610908508,6040,1.3092187643051147,18.91,109948,110049
0.74,0.0005,-13.845689269999998,0.03613695129752159,3131,35,12.304439544677734,-1.2143739461898804,6044,0.7978513240814209,18.99,110034,110135
0.75,0.0005,-13.70601032,0.035341810435056686,3133,35,11.397075653076172,0.40102994441986084,6048,1.330702781677246,19.15,110116,110217
0.76,0.0005,-13.431296549999999,0.03565465286374092,3136,35,13.133585929870605,0.2493874579668045,6052,2.7235779762268066,19.03,110199,110300
0.76,0.0005,-13.40668311,0.03561386093497276,3138,35,12.533811569213867,-0.20429179072380066,6056,0.8606381416320801,19.21,110279,110380
0.74,0.0005,-13.810090890000001,0.035973839461803436,3140,35,13.82201099395752,-0.5397112369537354,6060,0.593347430229187,19.02,110346,110447
0.76,0.0005,-13.3447701,0.03582196682691574,3142,35,12.297962188720703,-0.18894296884536743,6064,1.3369722366333008,18.88,110415,110516
0.75,0.0005,-13.512589079999998,0.03604220971465111,3144,35,14.219718933105469,0.8558205366134644,6068,1.786745309829712,18.85,110491,110592
0.75,0.0005,-13.391292299999998,0.036590442061424255,3147,35,12.29583740234375,0.43619775772094727,6072,0.8191651105880737,19.03,110587,110688
0.75,0.0005,-13.521976389999999,0.037445198744535446,3149,35,12.704967498779297,0.3214923143386841,6076,0.68776935338974,19.09,110667,110768
0.74,0.0005,-13.722221980000002,0.03797655552625656,3151,35,11.604581832885742,0.18820184469223022,6080,1.9944120645523071,19.09,110733,110834
0.73,0.0005,-14.118330079999998,0.03748543933033943,3153,35,12.518009185791016,-0.4584318995475769,6084,1.2411255836486816,18.97,110796,110897
0.73,0.0005,-14.15672646,0.0371834896504879,3155,35,12.758889198303223,-0.06950278580188751,6088,1.1958508491516113,19.01,110878,110979
0.71,0.0005,-14.739384489999999,0.0368671752512455,3157,35,12.957239151000977,-0.15253525972366333,6092,2.1034483909606934,18.85,110942,111043
0.7,0.0005,-14.984516889999998,0.03671080246567726,3159,35,12.060831069946289,-0.09889170527458191,6096,1.6891412734985352,18.95,111011,111112
0.69,0.0005,-15.10543864,0.03742477670311928,3160,35,13.700016021728516,0.7967863082885742,6100,2.770158290863037,18.84,111077,111178
0.67,0.0005,-15.5425494,0.03844286873936653,3162,35,13.079690933227539,0.2985202968120575,6104,1.5823676586151123,18.75,111151,111252
0.66,0.0005,-15.640479410000001,0.03815155848860741,3165,35,12.274951934814453,-0.496647447347641,6108,1.667179822921753,18.59,111220,111321
0.66,0.0005,-15.800510170000003,0.03734930604696274,3166,35,12.169416427612305,0.338848352432251,6112,1.7103632688522339,18.64,111283,111384
0.66,0.0005,-15.761774900000002,0.03717340528964996,3169,35,13.171161651611328,0.3374343514442444,6116,0.5662518739700317,18.6,111358,111459
0.65,0.0005,-15.926959259999999,0.03708871826529503,3171,35,13.904170989990234,0.4041014611721039,6120,2.1660966873168945,18.62,111427,111528
0.65,0.0005,-15.922939220000004,0.03675709292292595,3173,35,13.032388687133789,-0.03259783238172531,6124,2.89304256439209,18.6,111501,111602
0.62,0.0005,-16.780817260000003,0.036753322929143906,3175,35,13.950725555419922,-0.555244505405426,6128,1.2599632740020752,18.6,111579,111680
0.64,0.0005,-16.336114990000002,0.03675645962357521,3178,35,10.989767074584961,0.4368675947189331,6132,1.5366203784942627,18.69,111666,111767
0.66,0.0005,-15.561101160000003,0.03747958689928055,3179,35,13.374482154846191,0.030711501836776733,6136,1.2740163803100586,18.72,111735,111836
0.68,0.0005,-15.083878730000002,0.037159617990255356,3181,35,13.635493278503418,-0.9470242261886597,6140,0.40133434534072876,18.55,111803,111904
0.7,0.0005,-14.790387750000002,0.03747837617993355,3183,35,12.397666931152344,-0.7882378101348877,6144,0.38233381509780884,18.44,111878,111979
0.69,0.0005,-15.14020403,0.03634725883603096,3185,35,13.59405517578125,-0.7568925619125366,6148,0.5008231401443481,18.36,111952,112053
0.68,0.0005,-15.508855460000001,0.03570430353283882,3187,35,11.05494213104248,0.3032066524028778,6152,0.8154110908508301,18.38,112037,112138
0.67,0.0005,-15.901754169999998,0.03544573113322258,3189,35,14.223672866821289,0.17187774181365967,6156,1.574966311454773,18.23,112102,112203
0.67,0.0005,-16.059514800000002,0.03541909530758858,3190,35,14.378124237060547,-1.1054987907409668,6160,2.9022278785705566,18.19,112165,112266
0.67,0.0005,-15.9519284,0.03541191667318344,3193,35,12.273649215698242,0.00545114278793335,6164,1.0487492084503174,18.24,112239,112340
0.68,0.0005,-15.728419280000002,0.035204604268074036,3194,35,12.615081787109375,-0.21655333042144775,6168,1.486344814300537,18.18,112309,112410
0.69,0.0005,-15.61610185,0.03598565235733986,3197,35,10.98196792602539,-0.9481716156005859,6172,0.4377116858959198,18.03,112390,112491
0.69,0.0005,-15.44824113,0.03577573597431183,3199,35,12.983074188232422,-0.506364107131958,6176,2.9115607738494873,17.91,112458,112559
0.7,0.0005,-15.2001124,0.03595266118645668,3201,35,13.68212890625,0.23282602429389954,6180,0.9053663611412048,18.09,112542,112643
0.71,0.0005,-14.890810440000001,0.035961415618658066,3203,35,11.141162872314453,0.24555078148841858,6184,0.7066124081611633,18.28,112624,112725
0.7,0.0005,-15.125273290000003,0.03674241527915001,3205,35,12.599525451660156,0.4646291732788086,6188,0.8189440965652466,18.12,112690,112791
0.7,0.0005,-15.05596263,0.03576076403260231,3207,35,14.351399421691895,1.1541626453399658,6192,1.1202974319458008,18.28,112770,112871
0.72,0.0005,-14.598447139999998,0.03516819700598717,3210,35,12.444856643676758,-0.1565888226032257,6196,0.6908456087112427,18.41,112852,112953
0.71,0.0005,-15.12724799,0.03583681955933571,3211,35,13.179357528686523,0.7599300146102905,6200,1.0409709215164185,18.47,112924,113025
0.72,0.0005,-14.784762200000003,0.03671799972653389,3213,35,11.467987060546875,-0.4364508092403412,6204,2.237938165664673,18.42,112993,113094
0.73,0.0005,-14.605290669999999,0.03689039871096611,3215,35,13.170228004455566,-0.04722850024700165,6208,1.742910623550415,18.47,113067,113168
0.73,0.0005,-14.46096309,0.03732122853398323,3217,35,14.330140113830566,0.4488983154296875,6212,2.8574118614196777,18.74,113157,113258
0.74,0.0005,-14.256828760000001,0.038258519023656845,3220,35,12.919747352600098,0.4602689743041992,6216,1.8647948503494263,18.96,113254,113355
0.74,0.0005,-14.45940902,0.03933362290263176,3222,35,12.958856582641602,0.16719813644886017,6220,2.829902410507202,18.97,113324,113425
0.73,0.0005,-14.701995590000003,0.03938666358590126,3224,35,13.193501472473145,0.043894559144973755,6224,0.7904751300811768,19.11,113412,113513
0.74,0.0005,-14.442846439999999,0.03888624534010887,3226,35,12.443716049194336,-0.1619604229927063,6228,0.33728617429733276,19.01,113480,113581
0.74,0.0005,-14.42820419,0.037978846579790115,3228,35,12.18063735961914,-0.1481279879808426,6232,4.39493465423584,18.97,113563,113664
0.75,0.0005,-14.203056559999998,0.036590784788131714,3230,35,13.617664337158203,-0.33394181728363037,6236,1.673912763595581,18.95,113630,113731
0.74,0.0005,-14.531730379999997,0.03645523265004158,3232,35,12.615167617797852,0.2655731439590454,6240,0.7218636274337769,18.95,113698,113799
0.73,0.0005,-14.564410440000001,0.03636060655117035,3234,35,12.858602523803711,0.6526490449905396,6244,0.7738686800003052,18.81,113759,113860
0.74,0.0005,-14.27140613,0.03673887625336647,3235,35,12.732292175292969,-0.0581832230091095,6248,0.8847348690032959,18.71,113823,113924
0.71,0.0005,-14.889615220000001,0.03613853082060814,3237,35,14.363786697387695,0.44015103578567505,6252,1.780874490737915,18.41,113878,113979
0.7,0.0005,-15.172854979999997,0.03554733842611313,3239,35,12.491426467895508,-0.07571959495544434,6256,1.4395650625228882,18.59,113961,114062
0.71,0.0005,-14.905622579999998,0.03541067615151405,3241,35,12.574970245361328,0.46870505809783936,6260,0.9595287442207336,18.73,114038,114139
0.71,0.0005,-14.84354659,0.0352313257753849,3243,35,11.934650421142578,-0.47219541668891907,6264,2.9754576683044434,18.7,114109,114210
0.69,0.0005,-15.478296159999998,0.0357750803232193,3245,35,12.356575012207031,1.1991535425186157,6268,1.259902000427246,18.61,114170,114271
0.69,0.0005,-15.396521170000002,0.03635307401418686,3247,35,15.151998519897461,-1.0235116481781006,6272,1.1698241233825684,18.47,114237,114338
0.7,0.0005,-15.229131540000001,0.0354122631251812,3249,35,12.826653480529785,-0.7065758109092712,6276,0.3175336718559265,18.59,114317,114418
0.71,0.0005,-15.043435150000002,0.03576646000146866,3251,35,11.887090682983398,1.1210319995880127,6280,4.111180782318115,18.6,114402,114503
0.7,0.0005,-15.275417090000001,0.03666307404637337,3253,35,11.98875904083252,-0.38831469416618347,6284,0.8272576928138733,18.45,114469,114570
0.71,0.0005,-15.051585639999999,0.03745435178279877,3255,35,12.23459243774414,-0.2769414186477661,6288,2.123154640197754,18.64,114554,114655
0.72,0.0005,-14.80003921,0.037871841341257095,3257,35,13.372002601623535,1.16487717628479,6292,1.5499143600463867,18.51,114621,114722
0.72,0.0005,-14.823379399999999,0.03794260695576668,3259,35,12.116518020629883,-0.3862423002719879,6296,0.5416227579116821,18.49,114701,114802
0.74,0.0005,-14.195474799999998,0.03766161948442459,3262,35,13.395737648010254,0.5991780757904053,6300,1.0438674688339233,18.59,114783,114884
0.74,0.0005,-14.3131433,0.038555581122636795,3264,35,12.230785369873047,0.4005490839481354,6304,0.8199552893638611,18.8,114873,114974
0.73,0.0005,-14.608309169999998,0.03905324265360832,3266,35,13.392642974853516,0.17445632815361023,6308,0.9698109030723572,18.85,114952,115053
0.74,0.0005,-14.39539084,0.039766840636730194,3268,35,14.562591552734375,0.3570871651172638,6312,0.5656499266624451,18.6,115017,115118
0.7,0.0005,-15.080191469999995,0.03922498971223831,3270,35,14.234601974487305,-0.874420166015625,6316,0.8213546276092529,18.38,115092,115193
0.7,0.0005,-14.982949330000002,0.03947409242391586,3272,35,11.695497512817383,-0.021051660180091858,6320,0.9720906019210815,18.39,115163,115264
0.71,0.0005,-14.77083297,0.03983181715011597,3274,35,12.994873046875,-0.49879902601242065,6324,1.0313348770141602,18.32,115244,115345
0.73,0.0005,-14.18416532,0.04053838178515434,3276,35,13.129690170288086,0.8295434713363647,6328,1.8461370468139648,18.47,115327,115428
0.71,0.0005,-14.612523490000001,0.040088951587677,3278,35,13.224721908569336,-0.10141606628894806,6332,4.0076985359191895,18.31,115394,115495
0.68,0.0005,-15.33369798,0.04118968918919563,3280,35,15.766444206237793,0.6629700064659119,6336,2.1753673553466797,18.29,115459,115560
0.68,0.0005,-15.331257269999996,0.04068963974714279,3282,35,12.407503128051758,-0.6462205648422241,6340,3.3625965118408203,18.39,115537,115638
0.69,0.0005,-15.073303559999998,0.03983043134212494,3283,35,11.957706451416016,1.2838786840438843,6344,1.220171570777893,18.41,115600,115701
0.68,0.0005,-15.32032967,0.03977036476135254,3285,35,13.74781608581543,-0.32082656025886536,6348,2.700559616088867,18.42,115665,115766
0.71,0.0005,-14.590970169999999,0.040014106780290604,3287,35,13.615832328796387,0.09477532655000687,6352,0.7434637546539307,18.53,115731,115832
0.71,0.0005,-14.49455363,0.04007187485694885,3288,35,12.176355361938477,0.5497567653656006,6356,1.008692979812622,18.36,115797,115898
0.71,0.0005,-14.450234210000001,0.040332384407520294,3290,35,13.484131813049316,1.113677978515625,6360,0.6709445714950562,18.31,115869,115970
0.69,0.0005,-15.203859580000001,0.04033786430954933,3292,35,13.29625129699707,-0.23116344213485718,6364,1.0080928802490234,18.16,115925,116026
0.69,0.0005,-15.046357089999999,0.040002383291721344,3294,35,11.999580383300781,-0.6229151487350464,6368,0.7428858876228333,18.48,116018,116119
0.68,0.0005,-15.137429430000003,0.038993291556835175,3296,35,13.842146873474121,-0.7828916311264038,6372,0.8818129301071167,18.5,116087,116188
0.66,0.0005,-15.59896356,0.03851151093840599,3298,35,13.439749717712402,-0.26534774899482727,6376,2.9869730472564697,18.59,116176,116277
0.65,0.0005,-15.835766229999997,0.037778545171022415,3300,35,10.622821807861328,-0.10485813021659851,6380,0.8293316960334778,18.38,116240,116341
0.66,0.0005,-15.487131820000002,0.038121547549963,3302,35,15.520252227783203,0.7744297981262207,6384,1.091949701309204,18.46,116315,116416
0.63,0.0005,-16.18196946,0.037603676319122314,3304,35,13.381816864013672,-0.34649667143821716,6388,2.9643688201904297,18.43,116397,116498
0.63,0.0005,-16.22283723,0.03736415132880211,3306,35,13.895330429077148,0.19824650883674622,6392,1.1823008060455322,18.48,116469,116570
0.63,0.0005,-16.21868404,0.03723481297492981,3308,35,11.322212219238281,-0.06762552261352539,6396,0.670113205909729,18.47,116548,116649
0.62,0.0005,-16.320766820000003,0.037070926278829575,3310,35,13.37841510772705,-0.22637054324150085,6400,0.3385011553764343,18.35,116618,116719
0.63,0.0005,-16.089301159999998,0.03705666959285736,3312,35,11.105148315429688,-0.6284631490707397,6404,1.3942286968231201,18.24,116697,116798
0.63,0.0005,-16.02099211,0.03734105825424194,3314,35,12.714127540588379,-0.08691027760505676,6408,2.428162097930908,18.21,116773,116874
0.63,0.0005,-16.00950982,0.037077926099300385,3316,35,13.167137145996094,0.20808625221252441,6412,0.306088924407959,18.36,116853,116954
0.65,0.0005,-15.802241500000003,0.037135571241378784,3318,35,12.891162872314453,-0.7010988593101501,6416,0.44746601581573486,18.24,116916,117017
0.64,0.0005,-16.201213439999997,0.03606775403022766,3320,35,12.32898998260498,0.5536576509475708,6420,4.091082572937012,18.2,116983,117084
0.63,0.0005,-16.44827182,0.036297403275966644,3322,35,11.993534088134766,-0.3316701650619507,6424,3.0365302562713623,18.03,117047,117148
0.63,0.0005,-16.500858989999998,0.03731990233063698,3325,35,12.971138000488281,0.6262347102165222,6428,1.9143211841583252,18.1,117137,117238
0.62,0.0005,-16.798766960000002,0.037096068263053894,3326,35,12.036924362182617,-0.4868030846118927,6432,1.4837758541107178,18.1,117204,117305
0.64,0.0005,-16.27886462,0.03761034086346626,3328,35,10.722850799560547,0.46301382780075073,6436,0.6554593443870544,18.13,117272,117373
0.65,0.0005,-15.95732342,0.037603072822093964,3330,35,12.56974983215332,0.5655272603034973,6440,1.5431888103485107,18.06,117343,117444
0.66,0.0005,-15.85945971,0.03721380606293678,3333,35,12.82105827331543,-0.3478648364543915,6444,1.3374216556549072,18.22,117422,117523
0.67,0.0005,-15.576921219999997,0.03760049119591713,3335,35,12.264608383178711,-0.29814302921295166,6448,0.9044644236564636,18.45,117510,117611
0.68,0.0005,-15.201949349999998,0.03836478292942047,3337,35,12.818243026733398,-0.38152241706848145,6452,0.6278957724571228,18.39,117570,117671
0.7,0.0005,-14.692274849999999,0.03721851855516434,3339,35,14.083175659179688,-0.7216722965240479,6456,1.7919580936431885,18.42,117639,117740
0.71,0.0005,-14.41930255,0.03683878108859062,3341,35,12.284819602966309,0.24151965975761414,6460,0.7012183666229248,18.53,117722,117823
0.74,0.0005,-13.505272659999997,0.03728966414928436,3343,35,13.188835144042969,0.8773984909057617,6464,1.599465250968933,18.68,117793,117894
0.74,0.0005,-13.468730509999995,0.037773728370666504,3345,35,13.536238670349121,-0.3798130452632904,6468,2.414350986480713,18.49,117867,117968
0.75,0.0005,-13.384558109999995,0.03821903094649315,3347,35,13.16183090209961,0.317584753036499,6472,1.3663606643676758,18.48,117935,118036
0.76,0.0005,-13.096437469999998,0.0378621369600296,3349,35,13.43166446685791,0.17951293289661407,6476,2.532771110534668,18.28,118004,118105
0.77,0.0005,-12.81722929,0.036733198910951614,3351,35,12.879376411437988,-0.4000135660171509,6480,1.5444456338882446,18.37,118077,118178
0.77,0.0005,-12.987912339999998,0.03698280453681946,3353,35,12.468527793884277,-0.03345705568790436,6484,1.1199569702148438,18.39,118154,118255
0.8,0.0005,-12.19666473,0.037398774176836014,3355,35,15.335062026977539,0.0594758540391922,6488,2.2602124214172363,18.28,118225,118326
0.79,0.0005,-12.36846653,0.03726242110133171,3357,35,14.620207786560059,1.1531639099121094,6492,1.7543325424194336,18.43,118312,118413
0.77,0.0005,-12.772063979999999,0.039828285574913025,3359,35,14.750706672668457,0.07122701406478882,6496,1.4659688472747803,18.32,118380,118481
0.77,0.0005,-12.881017670000004,0.03990980610251427,3361,35,13.272706985473633,0.5200403928756714,6500,1.605884075164795,18.48,118466,118567
0.77,0.0005,-12.854180480000002,0.039469264447689056,3363,35,12.319742202758789,-0.14698392152786255,6504,2.0669572353363037,18.46,118543,118644
0.77,0.0005,-12.93275787,0.039608925580978394,3365,35,12.882444381713867,0.6850978136062622,6508,1.7291128635406494,18.35,118608,118709
0.78,0.0005,-12.761741150000002,0.03959908336400986,3367,35,13.495706558227539,-0.23214420676231384,6512,1.4398902654647827,18.4,118693,118794
0.79,0.0005,-12.375285510000001,0.038570258766412735,3369,35,13.037009239196777,0.5759075284004211,6516,1.617490530014038,18.57,118773,118874
0.81,0.0005,-11.709756920000002,0.03805309534072876,3371,35,11.429000854492188,1.0295579433441162,6520,1.140669345855713,18.58,118841,118942
0.8,0.0005,-11.931939610000002,0.03829999640583992,3373,35,11.338584899902344,-0.09892188012599945,6524,1.8971896171569824,18.66,118913,119014
0.79,0.0005,-12.188877,0.038095250725746155,3375,35,13.13705825805664,-0.5994787812232971,6528,1.423858404159546,18.53,118990,119091
0.81,0.0005,-11.57955206,0.03837091103196144,3377,35,12.593156814575195,-0.0241413414478302,6532,1.3160536289215088,18.62,119066,119167
0.8,0.0005,-11.86684812,0.03862598538398743,3378,35,13.715319633483887,-0.35865160822868347,6536,0.6128179430961609,18.55,119127,119228
0.78,0.0005,-12.38693715,0.03921399638056755,3380,35,12.657976150512695,0.38236093521118164,6540,2.787726879119873,18.51,119194,119295
0.75,0.0005,-12.98912562,0.03919369354844093,3382,35,13.835275650024414,0.11295245587825775,6544,2.49153470993042,18.65,119287,119388
0.76,0.0005,-12.673680370000001,0.03909093514084816,3384,35,13.149382591247559,-0.6387661695480347,6548,1.5856280326843262,18.42,119352,119453
0.74,0.0005,-13.31752322,0.03924122825264931,3386,35,12.401041030883789,0.18969915807247162,6552,1.2690162658691406,18.64,119434,119535
0.74,0.0005,-13.207568199999995,0.03921407088637352,3388,35,13.184791564941406,0.4282309412956238,6556,0.424020379781723,18.7,119509,119610
0.73,0.0005,-13.570805140000003,0.03897470980882645,3389,35,12.654647827148438,0.09876596927642822,6560,1.0868215560913086,18.7,119592,119693
0.72,0.0005,-13.817095629999999,0.038216497749090195,3391,35,11.960073471069336,0.18023045361042023,6564,0.6603642702102661,18.81,119674,119775
0.74,0.0005,-13.420971090000002,0.03869481757283211,3393,35,12.96760368347168,0.1299544870853424,6568,1.2910269498825073,18.83,119750,119851
0.74,0.0005,-13.485544709999997,0.03799205645918846,3395,35,12.668455123901367,-0.3808574676513672,6572,0.9342620372772217,18.97,119832,119933
0.74,0.0005,-13.586747379999997,0.03818543255329132,3412,35,12.95531940460205,-0.18052254617214203,6576,1.454806923866272,19.14,119918,120019
0.71,0.0005,-14.48406424,0.03754480928182602,3414,35,12.751226425170898,-0.22882340848445892,6580,1.6834626197814941,19.22,119999,120100
0.71,0.0005,-14.485037669999997,0.03788582980632782,3416,35,14.208227157592773,0.7541543245315552,6584,1.209686040878296,19.23,120077,120178
0.71,0.0005,-14.44357599,0.03868449479341507,3417,35,12.8069429397583,-0.4786372482776642,6588,0.5296981334686279,19.18,120143,120244
0.7,0.0005,-14.65915884,0.03906147554516792,3419,35,12.718097686767578,-0.2570597529411316,6592,2.148205518722534,18.99,120211,120312
0.7,0.0005,-14.733062260000002,0.03886810690164566,3421,35,13.724246978759766,-0.823348879814148,6596,0.7241772413253784,19.11,120291,120392
0.69,0.0005,-15.012539010000001,0.03895232081413269,3423,35,12.68771743774414,-0.4406017065048218,6600,0.3768693804740906,19.01,120367,120468
0.68,0.0005,-15.190275159999999,0.03897804766893387,3425,35,12.58920669555664,-0.004891499876976013,6604,1.0926504135131836,19.05,120448,120549
0.68,0.0005,-15.138397070000002,0.03906932845711708,3426,35,12.628548622131348,1.147592544555664,6608,1.740978717803955,18.97,120505,120606
0.68,0.0005,-15.004210649999997,0.03956252709031105,3428,35,15.047178268432617,-0.24814556539058685,6612,1.0261802673339844,18.8,120573,120674
0.66,0.0005,-15.625150799999998,0.03971824795007706,3430,35,12.145088195800781,0.1380014717578888,6616,1.7080061435699463,18.73,120646,120747
0.64,0.0005,-16.102879169999998,0.03971023112535477,3431,35,13.781515121459961,0.9125077724456787,6620,1.155348300933838,18.67,120708,120809
0.66,0.0005,-15.58325525,0.039824649691581726,3433,35,12.428464889526367,0.7581893801689148,6624,1.3671188354492188,18.72,120785,120886
0.66,0.0005,-15.52372189,0.04045366868376732,3435,35,11.921745300292969,-0.043881334364414215,6628,0.6339253187179565,18.6,120850,120951
0.63,0.0005,-16.34551545,0.04115862771868706,3437,35,13.963144302368164,-0.10762043297290802,6632,1.324289321899414,18.42,120908,121009
0.64,0.0005,-16.1194161,0.04274703189730644,3439,35,14.914857864379883,0.7786546945571899,6636,0.9299765825271606,18.62,120989,121090
0.64,0.0005,-16.150469080000004,0.043339867144823074,3441,35,13.296331405639648,-0.0794910192489624,6640,1.6019811630249023,18.83,121077,121178
0.65,0.0005,-15.928211850000002,0.04344479739665985,3443,35,12.705659866333008,-0.0026818811893463135,6644,0.7377123832702637,18.58,121145,121246
0.63,0.0005,-16.50226762,0.04329442232847214,3445,35,12.354722023010254,-1.7144134044647217,6648,1.5594168901443481,18.67,121219,121320
0.65,0.0005,-15.919289500000001,0.042883191257715225,3447,35,13.726837158203125,0.5070384740829468,6652,0.7957396507263184,18.58,121292,121393
0.65,0.0005,-16.09082303,0.04191231355071068,3449,35,12.210355758666992,-1.2822024822235107,6656,2.9575018882751465,18.63,121372,121473
0.65,0.0005,-15.977815190000001,0.04171932861208916,3451,35,12.69416332244873,-0.2827715277671814,6660,0.761145293712616,18.44,121436,121537
0.66,0.0005,-15.837133699999995,0.04126523807644844,3453,35,11.94636344909668,0.5566792488098145,6664,0.972345232963562,18.5,121524,121625
0.66,0.0005,-15.757621559999997,0.04092991724610329,3455,35,13.383071899414062,-1.0421826839447021,6668,1.2349786758422852,18.43,121593,121694
0.66,0.0005,-15.735450889999997,0.03932926431298256,3457,35,12.329245567321777,-1.0325989723205566,6672,3.1325225830078125,18.51,121683,121784
0.65,0.0005,-16.047522700000002,0.03893416002392769,3458,35,11.437257766723633,0.698501467704773,6676,2.0613858699798584,18.3,121748,121849
0.67,0.0005,-15.519962379999997,0.03946002200245857,3460,35,12.618880271911621,-0.21692994236946106,6680,1.9843053817749023,18.33,121832,121933
0.67,0.0005,-15.522391339999999,0.03947378322482109,3462,35,11.794486045837402,0.0734570175409317,6684,0.9701220989227295,18.35,121912,122013
0.66,0.0005,-15.75977359,0.03999655693769455,3464,35,12.74850845336914,0.36936259269714355,6688,1.2293062210083008,18.4,121983,122084
0.69,0.0005,-14.971278590000002,0.040292199701070786,3466,35,12.371393203735352,-0.6275023221969604,6692,2.02264142036438,18.37,122048,122149
0.71,0.0005,-14.411641959999999,0.03951628506183624,3467,35,13.33053970336914,-0.2052963227033615,6696,2.814546823501587,18.27,122118,122219
0.73,0.0005,-13.927859980000001,0.03944084420800209,3469,35,14.696136474609375,0.07630002498626709,6700,0.4977402687072754,18.36,122203,122304
0.73,0.0005,-13.91327879,0.03941195830702782,3471,35,11.500834465026855,-0.21416383981704712,6704,0.9473026990890503,18.3,122278,122379
0.73,0.0005,-13.87397537,0.039100442081689835,3473,35,15.03726577758789,-1.0320690870285034,6708,1.247588038444519,18.49,122354,122455
0.72,0.0005,-14.239882,0.03771599009633064,3475,35,12.40998649597168,-1.5579380989074707,6712,1.7835147380828857,18.52,122425,122526
0.74,0.0005,-13.694116660000002,0.03667149320244789,3477,35,12.649618148803711,0.7804359197616577,6716,0.594104528427124,18.49,122495,122596
0.74,0.0005,-13.863371059999999,0.03707339987158775,3478,35,14.272141456604004,-0.08837687969207764,6720,2.9452965259552,18.48,122556,122657
0.73,0.0005,-14.171981939999998,0.03664132207632065,3480,35,13.393058776855469,-0.7316773533821106,6724,2.3705010414123535,18.39,122624,122725
0.73,0.0005,-14.121782040000001,0.03692040219902992,3482,35,13.040254592895508,0.766507089138031,6728,4.043437480926514,18.55,122705,122806
0.75,0.0005,-13.53616452,0.03793565183877945,3484,35,13.377386093139648,0.6372529864311218,6732,0.6639857888221741,18.71,122779,122880
0.75,0.0005,-13.60287576,0.038331035524606705,3486,35,12.708789825439453,0.2259908765554428,6736,0.7672010660171509,18.56,122845,122946
0.77,0.0005,-13.036935739999999,0.038726259022951126,3487,35,12.732515335083008,0.12687088549137115,6740,1.2327923774719238,18.34,122911,123012
0.77,0.0005,-13.102191659999999,0.039045583456754684,3489,35,12.550653457641602,-0.19443708658218384,6744,1.0048613548278809,18.27,122972,123073
0.76,0.0005,-13.371036400000001,0.03964216634631157,3491,35,11.700422286987305,-0.48013681173324585,6748,0.8431176543235779,18.11,123030,123131
0.76,0.0005,-13.414252230000002,0.0400308333337307,3493,35,11.583017349243164,0.4170091152191162,6752,0.7342358827590942,18.16,123108,123209
0.76,0.0005,-13.394942870000001,0.04017508402466774,3494,35,15.22254753112793,0.016145121306180954,6756,2.5009267330169678,18.09,123181,123282
0.75,0.0005,-13.493440779999998,0.039160918444395065,3496,35,12.18548583984375,-0.41629505157470703,6760,1.5045421123504639,18.24,123260,123361
0.72,0.0005,-14.069651649999999,0.040185075253248215,3498,35,13.361570358276367,0.7644195556640625,6764,0.6210057139396667,18.04,123328,123429
0.71,0.0005,-14.427127699999998,0.04042920470237732,3500,35,12.321342468261719,0.30451691150665283,6768,0.631403923034668,18.04,123397,123498
0.7,0.0005,-14.465069690000002,0.04012078046798706,3502,35,12.825860977172852,0.5641972422599792,6772,1.6269232034683228,17.95,123478,123579
0.72,0.0005,-13.856153630000001,0.04009309783577919,3504,35,13.432430267333984,-0.6437163949012756,6776,1.1634260416030884,18.03,123551,123652
0.73,0.0005,-13.51853938,0.04004090279340744,3506,35,12.095409393310547,-0.917384147644043,6780,1.5329816341400146,18.02,123634,123735
0.74,0.0005,-13.190633350000002,0.03968793898820877,3508,35,12.705451965332031,-0.7178792953491211,6784,0.9132909178733826,18.01,123713,123814
0.75,0.0005,-13.05525755,0.03888155519962311,3510,35,12.68951416015625,-0.35592061281204224,6788,2.6368422508239746,18.12,123795,123896
0.75,0.0005,-13.14359819,0.03894325718283653,3512,35,12.810844421386719,0.3003060519695282,6792,3.370504379272461,18.24,123872,123973
0.74,0.0005,-13.465789890000002,0.03896474838256836,3514,35,12.213651657104492,0.28932082653045654,6796,2.108567476272583,18.2,123938,124039
0.74,0.0005,-13.459963740000001,0.03919452428817749,3516,35,14.700451850891113,0.48516345024108887,6800,2.0848865509033203,18.18,124021,124122
0.73,0.0005,-13.789957819999998,0.038307074457407,3518,35,13.015176773071289,0.4083842635154724,6804,1.9334839582443237,18.2,124098,124199
0.74,0.0005,-13.559020229999998,0.03871925175189972,3520,35,12.375924110412598,1.0452302694320679,6808,1.4957444667816162,18.12,124166,124267
0.74,0.0005,-13.602136369999997,0.040623899549245834,3521,35,12.422059059143066,-0.5796239972114563,6812,1.3543965816497803,18.14,124239,124340
0.73,0.0005,-13.929783010000001,0.03971680998802185,3523,35,10.919185638427734,-0.35228168964385986,6816,0.586197018623352,18.11,124306,124407
0.74,0.0005,-13.6230768,0.03848898038268089,3525,35,12.721403121948242,-0.12808772921562195,6820,0.6525934338569641,18.21,124377,124478
0.74,0.0005,-13.57482498,0.038236141204833984,3527,35,11.936685562133789,-0.3155747652053833,6824,1.3330116271972656,18.3,124454,124555
0.74,0.0005,-13.682596890000003,0.03811505064368248,3529,35,12.965141296386719,-0.08559030294418335,6828,2.7021546363830566,18.24,124529,124630
0.75,0.0005,-13.448778049999998,0.03769420087337494,3531,35,12.729684829711914,0.36277008056640625,6832,2.070326328277588,18.25,124604,124705
0.74,0.0005,-13.645725050000001,0.03852555528283119,3532,35,13.306929588317871,0.24743005633354187,6836,3.3443331718444824,18.26,124671,124772
0.7,0.0005,-14.691010429999999,0.03881813585758209,3534,35,12.58072280883789,-0.14607711136341095,6840,1.0794974565505981,18.14,124725,124826
0.7,0.0005,-14.799589349999996,0.03909419849514961,3535,35,10.495779037475586,0.15506327152252197,6844,1.017656922340393,18.14,124786,124887
0.72,0.0005,-14.150374139999998,0.03957940265536308,3537,35,13.102825164794922,-0.0733819454908371,6848,2.3685998916625977,18.19,124849,124950
0.72,0.0005,-14.04841781,0.04017598181962967,3539,35,13.39599609375,0.0034871548414230347,6852,0.8195660710334778,18.04,124912,125013
0.73,0.0005,-13.74787268,0.03980538994073868,3541,35,13.578192710876465,-0.19855435192584991,6856,1.3003463745117188,18.14,124995,125096
0.74,0.0005,-13.590883950000002,0.03904876485466957,3543,35,11.52763557434082,-0.4187968373298645,6860,1.6539976596832275,18.14,125074,125175
0.76,0.0005,-13.210497539999999,0.038246624171733856,3545,35,13.579227447509766,-0.49314332008361816,6864,1.1041994094848633,18.28,125156,125257
0.76,0.0005,-13.085164019999997,0.03768972307443619,3547,35,10.891651153564453,-0.7173761129379272,6868,0.8890140652656555,18.31,125228,125329
0.78,0.0005,-12.734132449999999,0.037487611174583435,3549,35,12.40025520324707,0.03525546193122864,6872,1.5423632860183716,18.29,125307,125408
0.77,0.0005,-13.064118389999999,0.03809364512562752,3551,35,12.757844924926758,0.935413122177124,6876,0.702038049697876,18.27,125378,125479
0.77,0.0005,-13.03055214,0.038582947105169296,3554,35,12.65208625793457,1.06792414188385,6880,0.7233009338378906,18.18,125452,125553
0.76,0.0005,-13.205891269999997,0.038072969764471054,3556,35,13.021428108215332,-1.2247374057769775,6884,0.689663290977478,18.09,125522,125623
0.75,0.0005,-13.350356259999998,0.03783925995230675,3558,35,12.036157608032227,-0.12209215760231018,6888,3.4453256130218506,18.01,125596,125697
0.75,0.0005,-13.426561719999997,0.03817395120859146,3560,35,14.126252174377441,-0.27390924096107483,6892,2.1337809562683105,18.16,125688,125789
0.76,0.0005,-13.057221500000002,0.038673121482133865,3562,35,12.176079750061035,1.228684902191162,6896,2.9693188667297363,18.14,125752,125853
0.74,0.0005,-13.523851850000002,0.038922883570194244,3564,35,14.039984703063965,0.9418739080429077,6900,0.3957982361316681,18.04,125825,125926
0.75,0.0005,-13.334465810000001,0.03922658786177635,3565,35,13.49970817565918,-0.03160584345459938,6904,1.2922589778900146,17.98,125896,125997
0.74,0.0005,-13.601569230000003,0.03901834413409233,3567,35,12.49083137512207,0.09838346391916275,6908,0.417145311832428,17.88,125954,126055
0.74,0.0005,-13.56111842,0.03835108503699303,3568,35,12.084478378295898,-0.1314229816198349,6912,3.6929688453674316,17.86,126025,126126
0.75,0.0005,-13.080586389999999,0.03887399286031723,3570,35,12.007598876953125,-0.8798419237136841,6916,0.5861618518829346,17.94,126100,126201
0.75,0.0005,-12.94761201,0.03830774873495102,3572,35,11.758943557739258,-0.25483617186546326,6920,1.1151789426803589,17.97,126174,126275
0.75,0.0005,-12.853363579999998,0.038733091205358505,3574,35,13.048985481262207,0.09872810542583466,6924,2.251814126968384,17.9,126244,126345
0.76,0.0005,-12.642719539999998,0.03887694701552391,3576,35,11.512703895568848,0.37012040615081787,6928,0.6677428483963013,18.11,126340,126441
0.75,0.0005,-13.01067272,0.03885757923126221,3578,35,12.244779586791992,-0.38319942355155945,6932,1.4135009050369263,18.05,126409,126510
0.77,0.0005,-12.494644509999999,0.03955119848251343,3580,35,12.578392028808594,-0.40029656887054443,6936,0.7860352396965027,18.09,126480,126581
0.81,0.0005,-11.565986019999999,0.038787126541137695,3583,35,11.910985946655273,-0.1422080099582672,6940,0.7440102696418762,18.41,126566,126667
0.81,0.0005,-11.571899970000002,0.038304343819618225,3584,35,13.596954345703125,-0.11337095499038696,6944,1.5853005647659302,18.41,126627,126728
0.82,0.0005,-11.363390330000001,0.03856596350669861,3586,35,13.704132080078125,0.4166356921195984,6948,1.3063647747039795,18.38,126687,126788
0.82,0.0005,-11.530711190000002,0.038461990654468536,3588,35,11.83289909362793,-0.380811870098114,6952,0.5410780906677246,18.64,126776,126877
0.82,0.0005,-11.523440079999999,0.038394711911678314,3591,35,12.85421371459961,-0.5668068528175354,6956,0.2977544069290161,18.6,126855,126956
0.82,0.0005,-11.561647070000001,0.03846379742026329,3593,35,11.932743072509766,-0.662038266658783,6960,0.81756591796875,18.61,126935,127036
0.83,0.0005,-11.210216490000002,0.038585856556892395,3595,35,12.186676025390625,0.5565953254699707,6964,1.3919280767440796,18.43,126999,127100
0.83,0.0005,-11.170147410000004,0.03842713311314583,3596,35,12.270078659057617,-0.11428195983171463,6968,1.3009912967681885,18.38,127066,127167
0.82,0.0005,-11.440769170000001,0.03890085220336914,3599,35,12.92586612701416,0.7838504314422607,6972,2.861680746078491,18.45,127152,127253
0.83,0.0005,-11.128125860000004,0.040308400988578796,3601,35,12.145238876342773,-0.258478581905365,6976,1.3638854026794434,18.52,127230,127331
0.82,0.0005,-11.285548470000004,0.040004827082157135,3603,35,12.541877746582031,0.4637649655342102,6980,0.6659294366836548,18.49,127301,127402
0.82,0.0005,-11.42876749,0.040605105459690094,3605,35,11.799905776977539,0.13240933418273926,6984,0.5543267726898193,18.55,127377,127478
0.82,0.0005,-11.459896590000001,0.039650097489356995,3607,35,12.030843734741211,0.6163623929023743,6988,1.015023946762085,18.62,127458,127559
0.82,0.0005,-11.371689879999998,0.039484042674303055,3609,35,11.635501861572266,0.2933604419231415,6992,1.101976990699768,18.45,127533,127634
0.81,0.0005,-11.76745243,0.03952694311738014,3612,35,12.460936546325684,0.018567577004432678,6996,0.7397941946983337,18.7,127622,127723
0.83,0.0005,-11.316795579999996,0.03957156091928482,3614,35,10.924793243408203,-0.5551471710205078,7000,1.16871976852417,18.85,127710,127811
0.83,0.0005,-11.280426410000002,0.03934270888566971,3616,35,13.605792999267578,0.6332170963287354,7004,1.424448847770691,18.81,127777,127878
0.83,0.0005,-11.231610719999999,0.038902342319488525,3618,35,12.385917663574219,-0.3289056420326233,7008,1.5148918628692627,19.0,127854,127955
0.83,0.0005,-11.04055375,0.03857440501451492,3620,35,12.198259353637695,0.41055214405059814,7012,1.1004853248596191,18.93,127918,128019
0.83,0.0005,-11.133078450000001,0.038321901112794876,3622,35,11.881936073303223,-0.38902732729911804,7016,3.417637825012207,18.8,127980,128081
0.84,0.0005,-10.978618640000002,0.03768918663263321,3624,35,11.112266540527344,-0.24310114979743958,7020,0.4559473991394043,18.83,128057,128158
0.85,0.0005,-10.944613080000002,0.037336234003305435,3626,35,12.752815246582031,-0.26814234256744385,7024,0.8435633182525635,19.05,128149,128250
0.83,0.0005,-11.484455180000003,0.03674667328596115,3628,35,11.453734397888184,-0.5205626487731934,7028,1.5267212390899658,18.85,128225,128326
0.83,0.0005,-11.46912899,0.037339694797992706,3630,35,11.340852737426758,-0.009320829063653946,7032,2.059414863586426,18.9,128299,128400
0.82,0.0005,-11.749069389999997,0.037540003657341,3633,35,12.449382781982422,-0.7560043334960938,7036,2.5547962188720703,19.0,128380,128481
0.8,0.0005,-12.201247779999996,0.03669530525803566,3635,35,14.814005851745605,-0.12369774281978607,7040,2.302676200866699,18.92,128458,128559
0.79,0.0005,-12.364567439999998,0.0371166467666626,3636,35,12.456332206726074,0.9774383306503296,7044,1.48118257522583,18.98,128525,128626
0.78,0.0005,-12.75609007,0.038065072149038315,3638,35,11.988565444946289,0.7783122062683105,7048,3.9564998149871826,19.07,128594,128695
0.76,0.0005,-13.12816548,0.039033498615026474,3641,35,13.022438049316406,-0.6431955099105835,7052,2.275864601135254,18.98,128674,128775
0.75,0.0005,-13.339319919999998,0.038845714181661606,3643,35,12.716272354125977,0.11394836008548737,7056,0.47769010066986084,18.92,128747,128848
0.75,0.0005,-13.248836720000003,0.03870839625597,3645,35,13.072701454162598,0.16901591420173645,7060,0.6317833662033081,18.86,128821,128922
0.75,0.0005,-13.369058329999998,0.03918617218732834,3647,35,12.295161247253418,-0.5502827167510986,7064,0.5734274387359619,19.06,128905,129006
0.75,0.0005,-13.565129030000001,0.03881591558456421,3649,35,12.036577224731445,0.45604556798934937,7068,0.859808623790741,19.1,128976,129077
0.76,0.0005,-13.3089619,0.03912772238254547,3651,35,11.26620864868164,-0.3485223054885864,7072,0.7491379976272583,19.06,129058,129159
0.76,0.0005,-13.321040069999999,0.03881514444947243,3653,35,12.601057052612305,-0.7315503358840942,7076,0.7817447185516357,19.1,129140,129241
0.76,0.0005,-13.40270945,0.037986308336257935,3655,35,12.481090545654297,-0.4502527117729187,7080,1.4898483753204346,18.98,129199,129300
0.77,0.0005,-13.06897885,0.038855236023664474,3657,35,12.136362075805664,0.4225947856903076,7084,0.9353967905044556,18.96,129273,129374
0.78,0.0005,-12.87756386,0.03906206414103508,3659,35,11.708494186401367,0.07303398847579956,7088,1.6846914291381836,18.92,129350,129451
0.76,0.0005,-13.34356789,0.03976987302303314,3661,35,11.863426208496094,-0.7708998918533325,7092,1.6447464227676392,19.01,129434,129535
0.76,0.0005,-13.368610039999997,0.03929995372891426,3663,35,11.603263854980469,-0.0625188946723938,7096,1.3362901210784912,18.86,129508,129609
0.75,0.0005,-13.641408219999995,0.03908489644527435,3665,35,12.305543899536133,0.7167085409164429,7100,1.6462996006011963,18.69,129579,129680
0.76,0.0005,-13.36700804,0.04009416699409485,3668,35,12.12226390838623,0.051066771149635315,7104,0.5677077174186707,18.78,129655,129756
0.77,0.0005,-13.199068789999998,0.04064018279314041,3670,35,12.372629165649414,-0.1299581527709961,7108,0.8807587623596191,18.77,129731,129832
0.78,0.0005,-13.09172794,0.041140880435705185,3672,35,11.945971488952637,-0.22827252745628357,7112,0.6034247875213623,18.86,129804,129905
0.79,0.0005,-12.817260360000002,0.04071316495537758,3674,35,12.550149917602539,0.12925408780574799,7116,2.390972852706909,18.94,129874,129975
0.79,0.0005,-12.776527640000001,0.04004165530204773,3692,35,13.12917423248291,-0.5992275476455688,7120,2.4032745361328125,18.91,129948,130049
0.79,0.0005,-12.728855570000002,0.03787098452448845,3694,35,12.833076477050781,0.6824169158935547,7124,1.6810104846954346,18.84,130033,130134
0.8,0.0005,-12.22311188,0.03771591931581497,3696,35,13.283086776733398,0.9510759115219116,7128,4.594588279724121,18.72,130097,130198
0.81,0.0005,-11.85160454,0.03856764733791351,3698,35,11.825057983398438,-0.11512801051139832,7132,1.5607590675354004,18.68,130167,130268
0.81,0.0005,-11.885197399999997,0.038902342319488525,3699,35,13.05607795715332,0.23778656125068665,7136,1.4215234518051147,18.51,130231,130332
0.83,0.0005,-11.408976840000003,0.03837189823389053,3701,35,12.633142471313477,-0.8260629177093506,7140,1.0882060527801514,18.52,130310,130411
0.86,0.0005,-10.63949724,0.037140510976314545,3703,35,12.781632423400879,-0.49623245000839233,7144,2.1808433532714844,18.56,130381,130482
0.87,0.0005,-10.34563202,0.03651295229792595,3705,35,12.902185440063477,0.14224845170974731,7148,2.727970600128174,18.63,130457,130558
0.88,0.0005,-10.124998259999998,0.037094663828611374,3707,35,14.002850532531738,-0.3138369917869568,7152,0.48538938164711,18.65,130539,130640
0.89,0.0005,-9.85321378,0.037044648081064224,3709,35,13.77147102355957,-0.08194585144519806,7156,1.9598406553268433,18.61,130608,130709
0.89,0.0005,-10.04082782,0.036938462406396866,3711,35,13.253534317016602,0.3132755756378174,7160,1.6685009002685547,18.66,130687,130788
0.88,0.0005,-10.340151289999996,0.03720730543136597,3713,35,12.484027862548828,0.5861796140670776,7164,1.1141202449798584,18.59,130764,130865
0.88,0.0005,-10.371135849999998,0.0369066558778286,3715,35,11.13182258605957,-0.2924894392490387,7168,0.7745916843414307,18.65,130841,130942
0.87,0.0005,-10.522236600000001,0.03661036491394043,3717,35,12.95054817199707,1.4788075685501099,7172,0.8818249702453613,18.58,130916,131017
0.87,0.0005,-10.40923204,0.03733978420495987,3718,35,12.291189193725586,0.06488446891307831,7176,0.526889443397522,18.39,130979,131080
0.86,0.0005,-10.803230000000001,0.03875623270869255,3720,35,12.887797355651855,0.705600380897522,7180,1.4944889545440674,18.5,131049,131150
0.86,0.0005,-10.862358410000004,0.038421619683504105,3723,35,11.09675121307373,-0.189339742064476,7184,1.3411390781402588,18.61,131134,131235
0.85,0.0005,-11.02772602,0.03842251002788544,3725,35,10.998357772827148,0.07505273073911667,7188,0.4486265480518341,18.6,131210,131311
0.87,0.0005,-10.56692881,0.037773486226797104,3727,35,12.054956436157227,0.18923762440681458,7192,0.8128484487533569,18.51,131285,131386
0.88,0.0005,-10.322627769999997,0.03753596544265747,3729,35,12.12558364868164,-0.7651015520095825,7196,1.6265292167663574,18.64,131372,131473
0.89,0.0005,-10.13821156,0.03736468777060509,3731,35,12.978946685791016,-0.1967943161725998,7200,0.7557018995285034,18.92,131471,131572
0.88,0.0005,-10.45946034,0.038315046578645706,3733,35,12.539186477661133,0.60756516456604,7204,0.469468891620636,18.89,131544,131645
0.88,0.0005,-10.58336781,0.03791212663054466,3736,35,12.603842735290527,1.0233421325683594,7208,1.0718345642089844,19.11,131642,131743
0.86,0.0005,-11.103664279999998,0.038799166679382324,3738,35,13.198290824890137,0.36074161529541016,7212,0.4946834146976471,19.15,131719,131820
0.84,0.0005,-11.61770446,0.03865370154380798,3740,35,12.657144546508789,0.14168685674667358,7216,0.8110203742980957,19.25,131799,131900
0.83,0.0005,-11.9346076,0.03881215676665306,3742,35,12.22549819946289,-0.04178573936223984,7220,1.3390086889266968,19.19,131867,131968
0.83,0.0005,-11.90383106,0.03784359246492386,3744,35,13.105974197387695,-0.07843674719333649,7224,1.8990752696990967,19.18,131951,132052
0.84,0.0005,-11.804257069999998,0.03781925514340401,3746,35,12.131387710571289,0.16744211316108704,7228,0.47671833634376526,19.39,132036,132137
0.85,0.0005,-11.650541639999998,0.03887205570936203,3748,35,12.13778305053711,0.5660893321037292,7232,0.6873001456260681,19.42,132109,132210
0.85,0.0005,-11.61235921,0.03937876597046852,3750,35,13.509027481079102,0.1580168753862381,7236,1.475390911102295,19.37,132168,132269
0.85,0.0005,-11.532594020000001,0.038620177656412125,3752,35,10.664651870727539,-0.32285553216934204,7240,1.7580132484436035,19.28,132238,132339
0.84,0.0005,-11.85244359,0.037785980850458145,3753,35,10.873014450073242,0.07962340116500854,7244,0.8648266792297363,19.25,132306,132407
0.82,0.0005,-12.35086295,0.03788795322179794,3755,35,11.983969688415527,0.5110369920730591,7248,0.8172107934951782,19.2,132377,132478
0.82,0.0005,-12.365162090000002,0.03880193457007408,3757,35,13.573904037475586,-0.5160627365112305,7252,0.4661220610141754,18.99,132438,132539
0.8,0.0005,-12.81687698,0.03863118216395378,3759,35,11.93314266204834,0.29931873083114624,7256,0.8146011233329773,19.0,132508,132609
0.8,0.0005,-12.797709919999999,0.03868245333433151,3761,35,12.279800415039062,-0.05246146023273468,7260,0.4680883288383484,18.94,132581,132682
0.81,0.0005,-12.4574042,0.038784850388765335,3763,35,12.218572616577148,0.12859266996383667,7264,1.8453691005706787,18.89,132653,132754
0.81,0.0005,-12.251719010000002,0.0378376804292202,3764,35,11.704475402832031,-0.9737915396690369,7268,0.49639755487442017,18.74,132715,132816
0.81,0.0005,-12.454239690000001,0.03743179887533188,3767,35,12.130704879760742,-0.903945803642273,7272,0.9745292663574219,18.82,132798,132899
0.8,0.0005,-12.815031880000001,0.0372457429766655,3769,35,11.42835807800293,0.2650226056575775,7276,0.7167952656745911,18.83,132862,132963
0.82,0.0005,-12.144896560000001,0.03725207597017288,3770,35,11.387947082519531,0.3556513488292694,7280,1.9813072681427002,18.81,132930,133031
0.82,0.0005,-12.04992604,0.03697343170642853,3773,35,10.787125587463379,-0.4450215697288513,7284,1.9420591592788696,18.67,133001,133102
0.8,0.0005,-12.75779215,0.03648917004466057,3775,35,11.619277954101562,0.35078153014183044,7288,1.6177940368652344,18.71,133081,133182
0.78,0.0005,-13.36081734,0.03611581027507782,3777,35,11.305183410644531,0.08046077191829681,7292,1.1981592178344727,18.61,133146,133247
0.77,0.0005,-13.56399458,0.03619179129600525,3779,35,11.797018051147461,-0.5033396482467651,7296,0.5456698536872864,18.42,133214,133315
0.77,0.0005,-13.46088477,0.036363109946250916,3781,35,11.326507568359375,-0.344669908285141,7300,2.430842876434326,18.26,133297,133398
0.76,0.0005,-13.755344259999998,0.03647696599364281,3783,35,11.351120948791504,1.0068047046661377,7304,2.846484899520874,18.21,133365,133466
0.75,0.0005,-14.006220250000002,0.037535689771175385,3785,35,10.600518226623535,-0.7320230603218079,7308,0.9097582101821899,18.06,133448,133549
0.77,0.0005,-13.540033950000002,0.037489164620637894,3787,35,10.587078094482422,-0.2907419800758362,7312,1.4491993188858032,18.11,133530,133631
0.77,0.0005,-13.45989714,0.0373753160238266,3789,35,13.768470764160156,-0.3611394166946411,7316,0.7828058004379272,18.07,133606,133707
0.78,0.0005,-13.136912809999997,0.037025053054094315,3791,35,11.285316467285156,-0.017338380217552185,7320,1.8416035175323486,18.09,133676,133777
0.77,0.0005,-13.283482880000001,0.03651408478617668,3793,35,11.645110130310059,-1.4100632667541504,7324,1.5600881576538086,18.03,133754,133855
0.77,0.0005,-13.290980789999999,0.03488463535904884,3796,35,12.974055290222168,0.1552984118461609,7328,1.541358232498169,18.06,133842,133943
0.77,0.0005,-13.27103701,0.035570863634347916,3798,35,11.072898864746094,-0.3921169638633728,7332,1.8625022172927856,18.08,133917,134018
0.78,0.0005,-13.019361499999997,0.03609783202409744,3800,35,10.153934478759766,-0.37372398376464844,7336,2.915595293045044,18.26,133994,134095
0.77,0.0005,-13.351290429999999,0.036872029304504395,3802,35,10.791365623474121,0.5980738997459412,7340,1.0651297569274902,18.25,134063,134164
0.77,0.0005,-13.20590168,0.03701188415288925,3803,35,11.092989921569824,-0.0693206787109375,7344,1.1522420644760132,18.21,134127,134228
0.79,0.0005,-12.719972530000001,0.03702570125460625,3805,35,11.982967376708984,-0.2750644385814667,7348,0.5717021226882935,18.28,134205,134306
0.79,0.0005,-12.665309670000001,0.037416502833366394,3807,35,11.982078552246094,0.4773487448692322,7352,1.2201682329177856,18.4,134278,134379
0.8,0.0005,-12.47901747,0.03782973438501358,3809,35,11.946027755737305,-0.14848746359348297,7356,1.7874433994293213,18.53,134361,134462
0.8,0.0005,-12.35299788,0.037941575050354004,3811,35,12.22198486328125,0.8344127535820007,7360,0.5331313610076904,18.59,134440,134541
0.8,0.0005,-12.434996490000001,0.03754414618015289,3813,35,11.281365394592285,0.04251973330974579,7364,2.9090991020202637,18.77,134530,134631
0.81,0.0005,-12.299035170000002,0.03691631928086281,3815,35,11.61686897277832,-0.7116962671279907,7368,3.2574496269226074,18.9,134605,134706
0.81,0.0005,-12.254360969999999,0.035750944167375565,3817,35,11.015655517578125,0.326343834400177,7372,0.5203879475593567,18.83,134681,134782
0.81,0.0005,-12.283243619999999,0.03589771315455437,3818,35,11.116954803466797,0.11695120483636856,7376,1.3915162086486816,18.88,134750,134851
0.81,0.0005,-12.327443230000002,0.035741277039051056,3820,35,12.788280487060547,0.5190647840499878,7380,2.5283288955688477,18.95,134825,134926
0.8,0.0005,-12.550369819999998,0.03812053054571152,3822,35,14.469935417175293,2.6341185569763184,7384,3.76604962348938,19.02,134903,135004
0.81,0.0005,-12.163519259999998,0.040832072496414185,3824,35,14.19346809387207,0.589938223361969,7388,1.4829390048980713,19.15,134996,135097
0.83,0.0005,-11.529196550000002,0.04119950905442238,3826,35,13.295438766479492,-0.29629766941070557,7392,1.523409128189087,19.24,135070,135171
0.82,0.0005,-11.68727367,0.04017392545938492,3828,35,12.585012435913086,-0.40267214179039,7396,5.160964488983154,19.35,135149,135250
0.8,0.0005,-12.181578830000003,0.03882430121302605,3830,35,12.088594436645508,0.46619510650634766,7400,0.7748842239379883,19.22,135219,135320
0.81,0.0005,-11.71307861,0.0388493649661541,3832,35,11.084590911865234,0.006886154413223267,7404,1.3629655838012695,19.23,135288,135389
0.8,0.0005,-11.868050980000003,0.03830144181847572,3834,35,12.805639266967773,-0.10211558640003204,7408,0.41431891918182373,19.18,135366,135467
0.8,0.0005,-11.888439959999998,0.03758975490927696,3836,35,11.52853012084961,-0.393714040517807,7412,1.280430555343628,19.24,135454,135555
0.82,0.0005,-11.503742829999998,0.03643006086349487,3838,35,13.15083122253418,-0.20086082816123962,7416,1.1325935125350952,19.25,135531,135632
0.8,0.0005,-12.11405745,0.03591307997703552,3840,35,11.670519828796387,-0.22533923387527466,7420,0.6581241488456726,19.28,135604,135705
0.81,0.0005,-12.02237736,0.03599140793085098,3842,35,11.740522384643555,0.40306952595710754,7424,0.5536848306655884,19.42,135696,135797
0.81,0.0005,-11.987839659999999,0.03657960891723633,3844,35,11.231145858764648,-0.5593560934066772,7428,3.2784175872802734,19.38,135780,135881
0.8,0.0005,-12.2401662,0.03655761480331421,3845,35,12.285940170288086,-0.09859156608581543,7432,0.507610023021698,19.22,135839,135940
0.79,0.0005,-12.563455740000002,0.036483924835920334,3847,35,11.756278991699219,-0.20846061408519745,7436,0.4785299003124237,19.19,135913,136014
0.8,0.0005,-12.33271362,0.03676518052816391,3849,35,10.95085334777832,-0.1135127991437912,7440,1.2517197132110596,19.35,135998,136099
0.8,0.0005,-12.486462730000003,0.036355361342430115,3851,35,12.855894088745117,1.1249065399169922,7444,1.483770489692688,19.4,136067,136168
0.79,0.0005,-12.7667861,0.03659569472074509,3852,35,11.920721054077148,-1.2842214107513428,7448,1.9614789485931396,19.31,136136,136237
0.79,0.0005,-12.81384715,0.036088727414608,3854,35,11.348016738891602,-0.9375004172325134,7452,0.4136376976966858,19.36,136214,136315
0.8,0.0005,-12.599485970000003,0.03585298731923103,3856,35,11.496295928955078,0.033802539110183716,7456,2.774015426635742,19.32,136293,136394
0.8,0.0005,-12.569520399999998,0.03555884212255478,3858,35,12.134992599487305,-0.28813841938972473,7460,1.3303217887878418,19.31,136371,136472
0.79,0.0005,-12.663410809999998,0.03688685595989227,3860,35,10.445838928222656,0.4009489417076111,7464,2.6020689010620117,19.15,136445,136546
0.78,0.0005,-12.931892460000002,0.03687533363699913,3861,35,12.014556884765625,0.8456507921218872,7468,0.9106237888336182,19.05,136510,136611
0.78,0.0005,-12.865504910000002,0.03731481358408928,3863,35,11.655840873718262,-0.45619043707847595,7472,2.006457567214966,18.94,136575,136676
0.79,0.0005,-12.58351325,0.037005260586738586,3865,35,11.853553771972656,0.36968687176704407,7476,1.7627062797546387,19.05,136655,136756
0.78,0.0005,-12.871991399999997,0.03662913665175438,3867,35,11.89663028717041,0.03295236825942993,7480,3.2923717498779297,18.98,136723,136824
0.77,0.0005,-13.04538121,0.037211135029792786,3868,35,12.767227172851562,0.012679040431976318,7484,0.5459147095680237,18.97,136800,136901
0.78,0.0005,-12.705231309999999,0.037335965782403946,3870,35,12.559085845947266,-0.22640931606292725,7488,2.0232019424438477,18.74,136870,136971
0.78,0.0005,-12.77740376,0.03685840591788292,3872,35,11.6539306640625,-1.0237833261489868,7492,0.4438090920448303,18.8,136950,137051
0.79,0.0005,-12.628061320000002,0.0359237864613533,3874,35,11.602978706359863,-0.31981587409973145,7496,1.1945724487304688,18.73,137022,137123
0.8,0.0005,-12.340846939999997,0.03524945303797722,3876,35,11.270783424377441,0.9465545415878296,7500,2.0507497787475586,18.64,137083,137184
0.8,0.0005,-12.420241199999998,0.03595580533146858,3878,35,11.700057983398438,1.7027677297592163,7504,0.7399605512619019,18.71,137159,137260
0.81,0.0005,-12.131823540000001,0.038117676973342896,3879,35,12.616981506347656,0.5280883312225342,7508,1.6487326622009277,18.58,137224,137325
0.81,0.0005,-12.148912789999999,0.037736985832452774,3882,35,11.537626266479492,-0.08058375865221024,7512,0.7853389382362366,18.63,137317,137418
0.79,0.0005,-12.83188746,0.037266507744789124,3884,35,9.485380172729492,-0.7590163350105286,7516,0.8608757257461548,18.67,137398,137499
0.8,0.0005,-12.51888292,0.036901120096445084,3886,35,12.244287490844727,-0.5885756611824036,7520,1.227605938911438,18.81,137485,137586
0.78,0.0005,-12.800556510000002,0.036006033420562744,3888,35,12.944066047668457,1.156731367111206,7524,1.7577239274978638,18.66,137562,137663
0.75,0.0005,-13.612386230000004,0.03642873838543892,3890,35,10.787847518920898,0.46397072076797485,7528,0.7557702660560608,18.55,137635,137736
0.76,0.0005,-13.516132,0.03645752742886543,3893,35,11.894511222839355,0.5157300233840942,7532,0.9874197840690613,18.93,137732,137833
0.76,0.0005,-13.410401859999997,0.036005765199661255,3895,35,11.465011596679688,0.4029136002063751,7536,1.0633848905563354,18.95,137808,137909
0.74,0.0005,-13.95942894,0.03540920093655586,3897,35,11.34013557434082,-0.6172778606414795,7540,0.6474423408508301,18.75,137873,137974
0.72,0.0005,-14.5888957,0.035304855555295944,3898,35,11.299869537353516,0.5302541851997375,7544,0.40445810556411743,18.67,137934,138035
0.71,0.0005,-14.906814919999999,0.035493943840265274,3900,35,12.050212860107422,-0.14633217453956604,7548,0.8976906538009644,18.64,138000,138101
0.71,0.0005,-14.920045189999998,0.037156425416469574,3902,35,11.69477367401123,0.5730963349342346,7552,1.3247722387313843,18.52,138066,138167
0.7,0.0005,-15.2317041,0.03683264181017876,3904,35,12.00794792175293,0.5968751907348633,7556,1.8338656425476074,18.45,138138,138239
0.71,0.0005,-15.176093190000001,0.037294063717126846,3906,35,10.260807037353516,-0.198134183883667,7560,0.962973952293396,18.63,138234,138335
0.72,0.0005,-15.12269473,0.03746739774942398,3909,35,11.498638153076172,0.5647991895675659,7564,2.296560287475586,18.83,138328,138429
0.72,0.0005,-15.100010909999998,0.03691942244768143,3910,35,12.146369934082031,-0.1981198787689209,7568,0.6292151212692261,18.82,138392,138493
0.71,0.0005,-15.25568771,0.03738610818982124,3913,35,11.548881530761719,0.49288511276245117,7572,0.8141300678253174,19.02,138477,138578
0.7,0.0005,-15.487215110000001,0.038030799478292465,3914,35,11.005287170410156,0.21435585618019104,7576,0.40982896089553833,18.87,138542,138643
0.69,0.0005,-15.833407970000001,0.03819168731570244,3916,35,10.583032608032227,0.25000834465026855,7580,0.9291476011276245,18.92,138615,138716
0.71,0.0005,-15.508705339999999,0.03948426619172096,3918,35,11.63564395904541,-0.29564279317855835,7584,1.7769205570220947,18.95,138695,138796
0.71,0.0005,-15.7060532,0.03956941142678261,3920,35,12.275622367858887,0.8140580654144287,7588,2.156996726989746,19.04,138774,138875
0.71,0.0005,-15.631009509999997,0.03957158327102661,3922,35,12.549598693847656,0.3001288175582886,7592,1.2494821548461914,18.96,138846,138947
0.72,0.0005,-15.28576718,0.03957347944378853,3924,35,12.340791702270508,0.3458293080329895,7596,0.7563290596008301,18.92,138914,139015
0.72,0.0005,-15.24907382,0.039839647710323334,3926,35,10.351884841918945,0.5519434213638306,7600,2.5112144947052,19.08,138991,139092
0.73,0.0005,-14.93802714,0.040242571383714676,3928,35,11.107208251953125,-0.037783194333314896,7604,2.3844382762908936,18.97,139056,139157
0.74,0.0005,-14.703632249999998,0.038921862840652466,3930,35,12.546192169189453,0.2670820951461792,7608,4.533514976501465,19.1,139134,139235
0.72,0.0005,-15.268414250000001,0.039460618048906326,3932,35,12.365615844726562,-0.14826719462871552,7612,1.192363977432251,18.87,139204,139305
0.73,0.0005,-14.822398369999998,0.03910602629184723,3934,35,11.758371353149414,-0.5427601337432861,7616,0.9274743795394897,18.68,139266,139367
0.72,0.0005,-15.125358289999998,0.03903910145163536,3936,35,10.643989562988281,-0.07613769173622131,7620,1.6057947874069214,18.61,139346,139447
0.73,0.0005,-14.996887669999996,0.038433969020843506,3938,35,11.629043579101562,-1.0368173122406006,7624,0.7061209082603455,18.63,139425,139526
0.76,0.0005,-14.105147620000002,0.03816781938076019,3939,35,12.405150413513184,-0.45444539189338684,7628,1.416782021522522,18.58,139493,139594
0.76,0.0005,-13.966040300000001,0.03772328421473503,3941,35,11.838452339172363,0.38861793279647827,7632,0.8321524858474731,18.34,139566,139667
0.75,0.0005,-14.426726010000003,0.03835190832614899,3943,35,12.017955780029297,-0.27672773599624634,7636,0.6847561597824097,18.31,139639,139740
0.76,0.0005,-14.037941300000005,0.03939595818519592,3946,35,11.645237922668457,-0.049496136605739594,7640,1.6599831581115723,18.51,139724,139825
0.78,0.0005,-13.406189480000002,0.039513517171144485,3947,35,12.02238655090332,0.3687301278114319,7644,0.7637507319450378,18.58,139792,139893
0.8,0.0005,-12.88443636,0.03955093398690224,3949,35,12.545907974243164,0.8957542777061462,7648,2.5474865436553955,18.77,139877,139978
0.81,0.0005,-12.729975419999999,0.03931314870715141,3969,35,11.648032188415527,-1.1343307495117188,7652,1.2317314147949219,19.05,139971,140072
0.81,0.0005,-12.56895237,0.037981387227773666,3970,35,12.091924667358398,-0.9467261433601379,7656,0.4790375828742981,19.05,140043,140144
0.8,0.0005,-12.584279090000003,0.03713197633624077,3972,35,11.028844833374023,-0.16355524957180023,7660,1.0032323598861694,18.71,140105,140206
0.79,0.0005,-12.624374140000002,0.03713750094175339,3974,35,13.475069046020508,-1.017081379890442,7664,0.8499305248260498,18.46,140174,140275
0.79,0.0005,-12.675550889999997,0.035755500197410583,3975,35,10.842235565185547,0.09036947041749954,7668,0.7525294423103333,18.55,140247,140348
0.8,0.0005,-12.63025772,0.03633570671081543,3977,35,11.471409797668457,0.20676109194755554,7672,0.5420573949813843,18.53,140330,140431
0.8,0.0005,-12.612309539999998,0.03745312616229057,3979,35,11.199180603027344,0.07812392711639404,7676,1.1744987964630127,18.47,140389,140490
0.79,0.0005,-12.81904884,0.03768676146864891,3981,35,12.919448852539062,-0.11002242565155029,7680,1.0255393981933594,18.38,140453,140554
0.79,0.0005,-12.832661799999999,0.037698857486248016,3983,35,11.64598274230957,0.4712981879711151,7684,1.4917542934417725,18.4,140535,140636
0.79,0.0005,-12.803717350000001,0.037006035447120667,3985,35,12.482624053955078,-0.2725246250629425,7688,0.4609133005142212,18.32,140606,140707
0.78,0.0005,-13.184669060000001,0.036506835371255875,3987,35,10.775604248046875,-0.4758484661579132,7692,0.46400296688079834,18.38,140684,140785
0.76,0.0005,-13.681330990000001,0.0359223410487175,3989,35,12.015789031982422,-0.08687490224838257,7696,1.9083555936813354,18.59,140773,140874
0.76,0.0005,-13.803413890000002,0.035558994859457016,3991,35,11.670271873474121,-0.02816566824913025,7700,0.5884854793548584,18.53,140844,140945
0.76,0.0005,-14.014166379999999,0.036013536155223846,3993,35,11.056524276733398,-0.8027360439300537,7704,0.9456504583358765,18.87,140943,141044
0.75,0.0005,-14.16007238,0.03601052239537239,3995,35,11.322681427001953,0.29566317796707153,7708,0.3027419149875641,18.78,141012,141113
0.76,0.0005,-13.683800390000002,0.03593197464942932,3997,35,12.712699890136719,0.7599800825119019,7712,1.692000150680542,18.79,141083,141184
0.77,0.0005,-13.45706599,0.03627535328269005,3999,35,11.510974884033203,0.8981532454490662,7716,0.6645681858062744,18.96,141162,141263
0.79,0.0005,-12.855364260000004,0.03634342923760414,4001,35,11.697102546691895,-0.06732361763715744,7720,2.5212504863739014,18.86,141232,141333
0.8,0.0005,-12.6525701,0.03661768138408661,4003,35,12.546117782592773,0.9989467263221741,7724,3.173572540283203,18.93,141318,141419
0.79,0.0005,-12.981555919999998,0.03719143569469452,4004,35,11.870017051696777,-0.3823617696762085,7728,0.970366358757019,18.91,141384,141485
0.77,0.0005,-13.6056133,0.03622271120548248,4006,35,11.42831802368164,0.16113007068634033,7732,1.1769816875457764,18.85,141451,141552
0.78,0.0005,-13.224930460000001,0.03662138432264328,4008,35,11.97928237915039,-0.3637445271015167,7736,0.5273038148880005,18.78,141517,141618
0.79,0.0005,-12.959968000000002,0.03672843798995018,4009,35,10.900232315063477,0.05661427974700928,7740,1.6296656131744385,18.61,141585,141686
0.8,0.0005,-12.72514306,0.03703384846448898,4012,35,11.114470481872559,-0.4679594039916992,7744,1.0056278705596924,18.76,141668,141769
0.8,0.0005,-12.672752719999998,0.03668716177344322,4014,35,12.714127540588379,-0.99823397397995,7748,0.7442247867584229,18.69,141746,141847
0.78,0.0005,-13.192674340000002,0.03647429496049881,4015,35,10.972606658935547,-0.9753133654594421,7752,1.8178883790969849,18.35,141806,141907
0.78,0.0005,-13.197199739999997,0.036331430077552795,4017,35,12.099605560302734,-0.8686914443969727,7756,0.8103969097137451,18.37,141880,141981
0.79,0.0005,-13.075965159999999,0.035822827368974686,4019,35,12.332551002502441,0.4086966812610626,7760,1.686012625694275,18.54,141959,142060
0.79,0.0005,-13.175979799999999,0.03410680964589119,4021,35,12.595035552978516,-0.26788946986198425,7764,3.1766810417175293,18.6,142034,142135
0.79,0.0005,-13.007080839999999,0.03367441147565842,4023,35,11.221342086791992,0.40305396914482117,7768,0.511123776435852,18.58,142105,142206
0.8,0.0005,-12.58039061,0.03497035801410675,4024,35,10.711710929870605,1.1242280006408691,7772,0.8015817999839783,18.45,142175,142276
0.8,0.0005,-12.58756581,0.03650044649839401,4026,35,12.373966217041016,0.7521895170211792,7776,1.9360181093215942,18.47,142236,142337
0.82,0.0005,-11.987268489999998,0.03725726157426834,4028,35,11.417204856872559,0.1638898104429245,7780,0.3654300570487976,18.72,142325,142426
0.82,0.0005,-11.99647033,0.036933571100234985,4030,35,12.685458183288574,-0.06853951513767242,7784,0.4887521266937256,18.75,142410,142511
0.8,0.0005,-12.468134349999998,0.03730561584234238,4032,35,13.194668769836426,-0.4364783763885498,7788,0.6418399810791016,18.86,142492,142593
0.81,0.0005,-12.14274454,0.036078523844480515,4033,35,11.73946762084961,-0.9052894115447998,7792,0.35992124676704407,18.91,142575,142676
0.82,0.0005,-11.911441219999999,0.03567266836762428,4036,35,12.108135223388672,0.5164670944213867,7796,0.6275193095207214,18.83,142656,142757
0.82,0.0005,-11.80218199,0.035247087478637695,4038,35,10.997903823852539,-0.44090673327445984,7800,0.5645009279251099,18.92,142736,142837
0.81,0.0005,-11.998092279999996,0.035565488040447235,4040,35,11.401021957397461,0.4001151919364929,7804,1.116971731185913,18.65,142808,142909
0.81,0.0005,-12.158531630000004,0.03641095012426376,4042,35,10.527149200439453,1.1356103420257568,7808,2.645967960357666,18.69,142881,142982
0.81,0.0005,-12.288512990000001,0.03703075647354126,4044,35,12.069543838500977,1.2191917896270752,7812,1.0213494300842285,18.74,142957,143058
0.79,0.0005,-12.858666379999999,0.03740326315164566,4046,35,12.85470199584961,0.7598972320556641,7816,1.550830602645874,18.62,143024,143125
0.77,0.0005,-13.349230430000002,0.038216035813093185,4048,35,13.002941131591797,0.9062997102737427,7820,1.2877848148345947,18.86,143118,143219
0.76,0.0005,-13.536159820000002,0.03846323862671852,4051,35,11.637722969055176,-0.4192911684513092,7824,0.9598982334136963,18.73,143191,143292
0.74,0.0005,-14.09924867,0.03729240223765373,4052,35,12.943033218383789,-0.6113989949226379,7828,0.9003357887268066,18.72,143256,143357
0.75,0.0005,-13.712224350000001,0.03762226551771164,4054,35,12.556129455566406,-0.4257030785083771,7832,0.7798555493354797,18.63,143314,143415
0.75,0.0005,-13.58737721,0.037026677280664444,4056,35,13.115795135498047,-0.08159239590167999,7836,1.0380332469940186,18.66,143383,143484
0.73,0.0005,-14.088079300000002,0.037296295166015625,4058,35,9.68081283569336,-0.5699957609176636,7840,1.3455802202224731,18.64,143449,143550
0.71,0.0005,-14.693352729999999,0.03637855872511864,4060,35,11.364740371704102,0.22462014853954315,7844,0.5884427428245544,18.55,143523,143624
0.69,0.0005,-15.097794969999997,0.036668624728918076,4062,35,11.650862693786621,0.05669407546520233,7848,2.2240920066833496,18.42,143588,143689
0.7,0.0005,-14.712088080000001,0.03538309782743454,4064,35,11.495832443237305,-0.45094794034957886,7852,1.299844741821289,18.62,143668,143769
0.71,0.0005,-14.54087358,0.03501812741160393,4066,35,11.81004524230957,-1.5168877840042114,7856,0.34950265288352966,18.61,143741,143842
0.71,0.0005,-14.49874669,0.034626442939043045,4068,35,11.001588821411133,-0.3788519501686096,7860,1.4331562519073486,18.56,143815,143916
0.7,0.0005,-14.788023130000001,0.03437528759241104,4071,35,11.548063278198242,0.28007185459136963,7864,0.5886615514755249,18.61,143895,143996
0.71,0.0005,-14.71663561,0.03383992239832878,4073,35,9.872629165649414,-0.24220648407936096,7868,0.5155783891677856,18.75,143980,144081
0.71,0.0005,-14.75582934,0.033897485584020615,4075,35,11.016341209411621,-0.44186675548553467,7872,1.2556782960891724,18.78,144053,144154
0.71,0.0005,-14.794264050000002,0.03369263559579849,4077,35,10.605676651000977,-0.30627650022506714,7876,0.48939985036849976,18.84,144120,144221
0.71,0.0005,-14.770823060000003,0.03386582061648369,4079,35,12.095640182495117,0.41090288758277893,7880,0.3176649212837219,18.73,144198,144299
0.71,0.0005,-14.758010020000002,0.03419114276766777,4081,35,11.945630073547363,1.2856494188308716,7884,3.277477264404297,18.7,144280,144381
0.74,0.0005,-13.995531269999999,0.03551728278398514,4083,35,11.311469078063965,0.7923882603645325,7888,2.1921639442443848,18.72,144364,144465
0.74,0.0005,-13.945360439999996,0.03538897633552551,4086,35,11.331642150878906,-0.4280611574649811,7892,0.6029417514801025,18.63,144438,144539
0.74,0.0005,-14.016865419999997,0.03560234233736992,4087,35,11.3620023727417,0.2767522633075714,7896,1.8251487016677856,18.52,144508,144609
0.75,0.0005,-13.760412099999998,0.036153119057416916,4089,35,10.75166130065918,-0.38578757643699646,7900,0.47778579592704773,18.4,144576,144677
0.75,0.0005,-13.676213830000002,0.03581950441002846,4091,35,11.808263778686523,0.48386555910110474,7904,1.8558130264282227,18.3,144638,144739
0.75,0.0005,-13.605163849999999,0.035696689039468765,4093,35,12.111309051513672,-0.2900763750076294,7908,1.1732265949249268,18.36,144717,144818
0.75,0.0005,-13.581204119999997,0.03583388030529022,4095,35,10.925103187561035,0.6518423557281494,7912,1.4815409183502197,18.27,144784,144885
0.76,0.0005,-13.29920918,0.036155395209789276,4097,35,11.372657775878906,0.9924132823944092,7916,0.7669393420219421,18.33,144857,144958
0.77,0.0005,-13.164997159999999,0.036760419607162476,4099,35,10.991649627685547,-0.6060969829559326,7920,1.4328607320785522,18.09,144927,145028
0.78,0.0005,-12.90184607,0.03661295026540756,4101,35,11.734607696533203,0.1466161012649536,7924,1.5486736297607422,18.06,144997,145098
0.8,0.0005,-12.351317339999998,0.03629046306014061,4103,35,11.3694429397583,-0.8993627429008484,7928,0.18394124507904053,18.11,145067,145168
0.8,0.0005,-12.394528479999998,0.03635106980800629,4104,35,12.842609405517578,-0.05562011897563934,7932,1.053328037261963,18.16,145130,145231
0.8,0.0005,-12.47963407,0.0361538790166378,4106,35,12.23653507232666,-0.9372440576553345,7936,0.9218738079071045,18.26,145209,145310
0.82,0.0005,-12.042669009999997,0.03705514967441559,4108,35,12.128212928771973,0.1849610060453415,7940,1.1399235725402832,18.4,145289,145390
0.82,0.0005,-11.987232570000003,0.037169452756643295,4110,35,13.896200180053711,1.3179771900177002,7944,1.3802833557128906,18.3,145353,145454
0.83,0.0005,-11.767269219999998,0.03663719817996025,4112,35,11.05256462097168,0.14394506812095642,7948,1.7858209609985352,18.45,145433,145534
0.84,0.0005,-11.602007489999998,0.036267198622226715,4114,35,11.878128051757812,0.38083887100219727,7952,2.010554790496826,18.5,145518,145619
0.84,0.0005,-11.622879769999999,0.03687199205160141,4116,35,10.793280601501465,-0.8515771627426147,7956,0.17422550916671753,18.58,145599,145700
0.83,0.0005,-11.99515482,0.036179669201374054,4119,35,12.429122924804688,-0.011097609996795654,7960,0.5129175186157227,18.63,145678,145779
0.85,0.0005,-11.469121190000001,0.03580384701490402,4121,35,10.683345794677734,-0.22945314645767212,7964,0.965991735458374,18.65,145760,145861
0.85,0.0005,-11.33242739,0.03544824942946434,4123,35,10.021976470947266,0.10674688220024109,7968,0.9152259826660156,18.47,145827,145928
0.85,0.0005,-11.32196548,0.03552469238638878,4125,35,11.118059158325195,0.19719935953617096,7972,1.472515344619751,18.53,145906,146007
0.85,0.0005,-11.280571170000004,0.03507065027952194,4128,35,11.794536590576172,-0.41269826889038086,7976,1.1170129776000977,18.68,145988,146089
0.86,0.0005,-11.047312380000001,0.03502149507403374,4130,35,12.456382751464844,0.19363439083099365,7980,1.4079058170318604,18.68,146066,146167
0.86,0.0005,-10.971451939999998,0.034865543246269226,4132,35,12.563628196716309,-0.01571088284254074,7984,0.9143986701965332,18.59,146139,146240
0.85,0.0005,-11.31156074,0.03480423614382744,4134,35,13.12435531616211,0.14000490307807922,7988,3.6533408164978027,18.62,146226,146327
0.84,0.0005,-11.52002917,0.035345785319805145,4136,35,11.083502769470215,-0.1114010363817215,7992,0.5605885982513428,18.56,146294,146395
0.85,0.0005,-11.302285750000001,0.03600478544831276,4138,35,10.765998840332031,-0.34762683510780334,7996,1.2063584327697754,18.75,146383,146484
0.85,0.0005,-11.457285839999999,0.03620794042944908,4141,35,11.660042762756348,0.10230296850204468,8000,0.43843692541122437,19.0,146476,146577
0.85,0.0005,-11.41270124,0.03628308326005936,4143,35,11.887313842773438,-0.3014591634273529,8004,1.487426996231079,19.2,146558,146659
0.85,0.0005,-11.458325679999998,0.03629252314567566,4145,35,11.799128532409668,-0.04788710176944733,8008,0.5494727492332458,19.12,146629,146730
0.86,0.0005,-11.24014456,0.03670157119631767,4147,35,10.432341575622559,-0.3080079257488251,8012,1.6612986326217651,19.33,146717,146818
0.87,0.0005,-10.955198860000001,0.03614897280931473,4149,35,10.89371109008789,0.020387321710586548,8016,1.0532991886138916,19.41,146798,146899
0.88,0.0005,-10.63945892,0.03586975485086441,4151,35,10.46222972869873,-0.2728749215602875,8020,2.9322633743286133,19.45,146872,146973
0.87,0.0005,-10.97283612,0.034975651651620865,4152,35,11.962972640991211,-1.0279165506362915,8024,0.5712738037109375,19.45,146942,147043
0.88,0.0005,-10.746433979999999,0.034157417714595795,4154,35,10.466615676879883,-0.31734970211982727,8028,2.1771650314331055,19.63,147030,147131
0.89,0.0005,-10.485487619999999,0.03443431481719017,4156,35,11.385152816772461,-0.6450170278549194,8032,0.5797101855278015,19.78,147108,147209
0.89,0.0005,-10.562896159999998,0.03471870347857475,4158,35,11.966667175292969,-0.25034067034721375,8036,0.6025940179824829,19.69,147178,147279
0.89,0.0005,-10.50320038,0.03451280668377876,4160,35,11.475814819335938,0.33964475989341736,8040,0.7905123829841614,19.6,147249,147350
0.91,0.0005,-9.94294777,0.035869140177965164,4162,35,12.959815979003906,0.4325677752494812,8044,2.7290031909942627,19.78,147331,147432
0.92,0.0005,-9.69312757,0.03629903122782707,4164,35,10.570138931274414,-1.2450414896011353,8048,3.68405818939209,19.72,147405,147506
0.92,0.0005,-9.69347723,0.03629003092646599,4167,35,12.617116928100586,-0.4885604679584503,8052,2.88796329498291,19.71,147489,147590
0.92,0.0005,-9.595562500000002,0.036026641726493835,4168,35,11.661839485168457,-0.3143708109855652,8056,1.8199678659439087,19.55,147554,147655
0.91,0.0005,-9.83876813,0.03546503931283951,4170,35,12.48001480102539,0.19123435020446777,8060,0.4017006456851959,19.41,147619,147720
0.91,0.0005,-9.9413423,0.03632131591439247,4173,35,10.438257217407227,0.375090628862381,8064,0.8556706309318542,19.56,147716,147817
0.89,0.0005,-10.58269096,0.03732169046998024,4175,35,11.922138214111328,0.8881478309631348,8068,2.132861375808716,19.71,147798,147899
0.88,0.0005,-10.89032701,0.03749075531959534,4177,35,10.414494514465332,-0.9124025106430054,8072,0.5358632802963257,19.63,147869,147970
0.89,0.0005,-10.6772583,0.03658301383256912,4179,35,11.57942008972168,0.23014691472053528,8076,1.040297031402588,19.64,147952,148053
0.88,0.0005,-10.96487042,0.036263756453990936,4181,35,11.343246459960938,0.6495521664619446,8080,2.6271908283233643,19.5,148016,148117
0.87,0.0005,-11.11532218,0.036516886204481125,4183,35,11.014421463012695,-0.03150872141122818,8084,0.4554218351840973,19.47,148086,148187
0.87,0.0005,-11.047538730000001,0.03639337420463562,4185,35,12.125101089477539,0.3766021728515625,8088,0.5616095066070557,19.34,148160,148261
0.87,0.0005,-11.188350859999998,0.03628266975283623,4187,35,11.475837707519531,-0.21953999996185303,8092,1.0284723043441772,19.39,148233,148334
0.86,0.0005,-11.408596269999999,0.036876171827316284,4189,35,10.69261360168457,-0.24702471494674683,8096,0.39335012435913086,19.23,148306,148407
0.84,0.0005,-11.817005250000001,0.037564437836408615,4191,35,11.429056167602539,0.11333000659942627,8100,1.1229251623153687,19.04,148380,148481
0.85,0.0005,-11.53076365,0.03654584661126137,4193,35,13.099760055541992,0.5474010109901428,8104,0.5520932078361511,18.85,148443,148544
0.85,0.0005,-11.436408169999998,0.03772703558206558,4195,35,11.288810729980469,-0.4189011752605438,8108,1.990191102027893,18.9,148519,148620
0.84,0.0005,-11.710502810000001,0.03752125799655914,4197,35,10.7294921875,0.8662742972373962,8112,3.0084340572357178,18.78,148595,148696
0.84,0.0005,-11.60442572,0.038038164377212524,4199,35,12.641789436340332,1.3541401624679565,8116,0.609344482421875,18.62,148660,148761
0.82,0.0005,-12.11789935,0.03860248252749443,4201,35,9.857752799987793,0.012986302375793457,8120,0.6119592189788818,18.52,148724,148825
0.81,0.0005,-12.170973980000001,0.03852727264165878,4203,35,10.463178634643555,0.050075605511665344,8124,0.37485355138778687,18.51,148793,148894
0.8,0.0005,-12.332663219999999,0.03844119980931282,4205,35,11.896326065063477,-0.05642727017402649,8128,0.4025946855545044,18.22,148852,148953
0.8,0.0005,-12.346913520000001,0.03792811930179596,4207,35,11.906045913696289,-0.12146491557359695,8132,2.0618181228637695,18.26,148934,149035
0.8,0.0005,-12.398349269999999,0.0373443178832531,4209,35,11.263516426086426,-0.5835500955581665,8136,1.6225239038467407,18.33,149011,149112
0.79,0.0005,-12.700052950000002,0.0365171879529953,4211,35,11.113334655761719,-1.0548665523529053,8140,0.6832321882247925,18.31,149080,149181
0.78,0.0005,-12.907668930000002,0.03564974665641785,4213,35,10.719585418701172,0.24342097342014313,8144,0.49564164876937866,18.14,149145,149246
0.77,0.0005,-13.212284980000002,0.035276979207992554,4215,35,10.73363208770752,-0.4010511636734009,8148,1.2443785667419434,18.06,149211,149312
0.77,0.0005,-13.158612069999998,0.035112205892801285,4217,35,11.781820297241211,-0.007951490581035614,8152,0.9905062913894653,17.98,149287,149388
0.77,0.0005,-13.252567429999997,0.035814184695482254,4219,35,11.826452255249023,0.47107598185539246,8156,0.9011716842651367,18.12,149366,149467
0.79,0.0005,-12.718409760000002,0.03609519079327583,4221,35,12.600963592529297,0.3316155672073364,8160,1.27664315700531,18.29,149448,149549
0.78,0.0005,-12.8415599,0.0368807315826416,4224,35,11.590420722961426,0.1653822511434555,8164,2.083115339279175,18.09,149525,149626
0.8,0.0005,-12.29541848,0.03760767728090286,4226,35,11.670434951782227,0.44015538692474365,8168,0.7566441893577576,18.06,149604,149705
0.81,0.0005,-12.053823360000003,0.037947140634059906,4228,35,11.442383766174316,-0.0880083441734314,8172,1.793873906135559,18.19,149688,149789
0.79,0.0005,-12.57846048,0.037179894745349884,4231,35,10.569816589355469,-0.6229379773139954,8176,2.327763795852661,18.16,149768,149869
0.78,0.0005,-12.910238539999998,0.0369073860347271,4232,35,12.298761367797852,-1.1669433116912842,8180,2.757354259490967,18.16,149832,149933
0.78,0.0005,-13.07435893,0.03662879019975662,4252,35,11.778824806213379,0.39667612314224243,8184,0.5518947243690491,18.15,149901,150002
0.77,0.0005,-13.206030049999999,0.03670227900147438,4253,35,11.713493347167969,0.18585200607776642,8188,0.9475570917129517,18.03,149963,150064
0.78,0.0005,-12.88343947,0.03685702756047249,4255,35,9.947393417358398,0.11370724439620972,8192,0.7526345252990723,18.05,150038,150139
0.77,0.0005,-13.249269279999996,0.03670352324843407,4257,35,11.156274795532227,-0.30019107460975647,8196,0.9393759965896606,18.06,150112,150213
0.79,0.0005,-12.764501180000002,0.035726308822631836,4260,35,10.983210563659668,0.5145204663276672,8200,1.2607927322387695,18.18,150198,150299
0.78,0.0005,-12.960568180000001,0.03671061992645264,4262,35,11.124518394470215,-0.40793636441230774,8204,2.4468231201171875,18.19,150262,150363
0.78,0.0005,-13.08436313,0.03653605654835701,4264,35,10.924793243408203,-0.1645376980304718,8208,0.8997893333435059,18.16,150335,150436
0.77,0.0005,-13.2147543,0.036558885127305984,4265,35,9.932995796203613,0.05114632844924927,8212,0.5404199361801147,17.98,150393,150494
0.77,0.0005,-13.261544579999999,0.03691263124346733,4268,35,10.420843124389648,0.49338868260383606,8216,1.9996306896209717,18.04,150464,150565
0.77,0.0005,-13.358938770000002,0.03689924627542496,4270,35,11.200315475463867,0.3459053933620453,8220,0.8841556310653687,18.09,150533,150634
0.78,0.0005,-13.23491627,0.03615480288863182,4272,35,11.506080627441406,-0.5916611552238464,8224,0.4331352412700653,18.24,150617,150718
0.78,0.0005,-13.235955120000002,0.03627215325832367,4274,35,10.766901016235352,0.4719458818435669,8228,1.8886609077453613,18.23,150675,150776
0.77,0.0005,-13.31098993,0.03610074147582054,4276,35,10.568857192993164,-0.13036228716373444,8232,0.7001345157623291,18.04,150738,150839
0.76,0.0005,-13.550235370000001,0.03590751439332962,4277,35,10.889842987060547,-0.3754362463951111,8236,2.0982723236083984,17.93,150804,150905
0.77,0.0005,-13.216135209999997,0.03544678911566734,4279,35,12.132833480834961,-0.1559322476387024,8240,1.0648291110992432,17.92,150872,150973
0.77,0.0005,-13.23715121,0.03481149300932884,4281,35,11.980636596679688,-1.1081053018569946,8244,1.8248138427734375,17.91,150936,151037
0.76,0.0005,-13.435797299999999,0.03401290252804756,4283,35,11.859946250915527,1.5852391719818115,8248,0.7462450861930847,18.1,151021,151122
0.73,0.0005,-14.366069769999998,0.034696757793426514,4285,35,11.623191833496094,0.5594136118888855,8252,2.5180277824401855,17.96,151083,151184
0.72,0.0005,-14.697160290000001,0.034858137369155884,4288,35,11.189628601074219,0.7501287460327148,8256,2.8371424674987793,18.19,151185,151286
0.72,0.0005,-14.576797990000005,0.0352238230407238,4290,35,10.778801918029785,-0.2100667804479599,8260,4.455759048461914,18.07,151255,151356
0.71,0.0005,-14.697372949999998,0.03589186817407608,4292,35,11.771685600280762,-0.3333737850189209,8264,2.079883575439453,18.09,151334,151435
0.7,0.0005,-15.002347490000004,0.03550279513001442,4294,35,11.087340354919434,-0.26519089937210083,8268,2.351576805114746,18.0,151404,151505
0.69,0.0005,-15.146389300000001,0.03557875379920006,4296,35,12.03415298461914,-0.1406809538602829,8272,0.21312442421913147,17.92,151480,151581
0.71,0.0005,-14.607624570000002,0.03522563725709915,4298,35,9.74210262298584,-0.27719050645828247,8276,1.3187735080718994,17.88,151556,151657
0.73,0.0005,-14.095214569999998,0.035244252532720566,4301,35,11.158696174621582,-1.572366714477539,8280,0.8202745318412781,18.11,151643,151744
0.74,0.0005,-13.739370279999997,0.03464430943131447,4303,35,10.84147834777832,-0.5080976486206055,8284,0.8197996616363525,18.12,151713,151814
0.76,0.0005,-13.3295127,0.033813394606113434,4305,35,10.929925918579102,0.09733276069164276,8288,0.4324378967285156,18.31,151794,151895
0.74,0.0005,-13.928999409999996,0.03399248421192169,4307,35,10.836136817932129,0.514568567276001,8292,3.0521702766418457,18.19,151857,151958
0.76,0.0005,-13.27227513,0.03455214574933052,4309,35,10.408830642700195,-0.3096671998500824,8296,0.4648153781890869,18.22,151934,152035
0.76,0.0005,-13.305576600000002,0.03442949801683426,4311,35,10.283496856689453,0.9068756103515625,8300,0.536465048789978,18.23,152021,152122
0.76,0.0005,-13.478342579999998,0.034931063652038574,4312,35,10.907533645629883,-0.7564425468444824,8304,3.6787331104278564,18.25,152087,152188
0.77,0.0005,-13.191807429999997,0.03550581634044647,4314,35,9.842987060546875,0.3959251046180725,8308,0.6105823516845703,18.31,152166,152267
0.78,0.0005,-12.91474876,0.03642909973859787,4316,35,10.60000991821289,0.45181024074554443,8312,0.4749186635017395,18.49,152242,152343
0.78,0.0005,-12.932247380000002,0.036078885197639465,4318,35,10.032125473022461,-0.6339093446731567,8316,1.477243185043335,18.54,152318,152419
0.79,0.0005,-12.571357099999998,0.03451712802052498,4319,35,11.677318572998047,0.22550591826438904,8320,1.5260627269744873,18.67,152400,152501
0.78,0.0005,-12.86930661,0.03476271778345108,4321,35,11.366938591003418,-0.4134288430213928,8324,0.49658265709877014,18.6,152477,152578
0.79,0.0005,-12.75708676,0.03404146805405617,4323,35,11.071856498718262,0.49565058946609497,8328,0.9603052139282227,18.97,152572,152673
0.8,0.0005,-12.62359879,0.03392558917403221,4325,35,10.555408477783203,0.29954496026039124,8332,0.7255591154098511,19.05,152643,152744
0.81,0.0005,-12.309948290000001,0.03414446488022804,4327,35,12.319385528564453,0.7843770980834961,8336,0.5749160051345825,19.08,152712,152813
0.81,0.0005,-12.451980620000002,0.03448505327105522,4328,35,11.407302856445312,1.0018019676208496,8340,0.9692364931106567,19.28,152800,152901
0.8,0.0005,-12.827234559999999,0.03567848727107048,4330,35,11.399093627929688,-0.21363872289657593,8344,1.360376238822937,19.35,152871,152972
0.81,0.0005,-12.741692239999997,0.03577364236116409,4332,35,10.558959007263184,0.6482778787612915,8348,0.5860805511474609,19.33,152954,153055
0.83,0.0005,-12.015316309999998,0.03672749176621437,4334,35,10.664173126220703,-0.3791513741016388,8352,0.7863305807113647,19.52,153035,153136
0.83,0.0005,-11.948606159999999,0.036074716597795486,4336,35,9.33139419555664,-0.011228591203689575,8356,2.3452138900756836,19.39,153124,153225
0.81,0.0005,-12.66586837,0.03543418273329735,4338,35,11.613722801208496,0.0720885843038559,8360,0.7413118481636047,19.38,153193,153294
0.83,0.0005,-12.362347529999997,0.03486361354589462,4340,35,10.265685081481934,-0.31579768657684326,8364,0.7005940079689026,19.44,153278,153379
0.83,0.0005,-12.363949490000003,0.034460924565792084,4342,35,10.556376457214355,0.09737246483564377,8368,0.3828316926956177,19.47,153351,153452
0.83,0.0005,-12.40461371,0.034867431968450546,4343,35,10.748891830444336,-0.5631381273269653,8372,1.8341163396835327,19.31,153411,153512
0.82,0.0005,-12.671498250000003,0.034654613584280014,4345,35,11.28223991394043,-0.3820796608924866,8376,1.3615394830703735,19.2,153476,153577
0.81,0.0005,-12.893534799999998,0.03361720219254494,4347,35,11.187341690063477,0.10345733910799026,8380,2.2161197662353516,19.11,153554,153655
0.81,0.0005,-13.002562939999997,0.03398710861802101,4349,35,10.003974914550781,0.4668372869491577,8384,1.5278449058532715,19.2,153633,153734
0.8,0.0005,-13.213007510000002,0.03393486887216568,4350,35,9.709449768066406,0.3904518485069275,8388,2.28643536567688,18.97,153691,153792
0.8,0.0005,-13.112382179999997,0.03445034474134445,4352,35,11.014470100402832,-0.35257935523986816,8392,0.5625261068344116,19.09,153766,153867
0.8,0.0005,-13.164617130000002,0.03429253771901131,4354,35,12.756145477294922,0.9474799036979675,8396,3.9357452392578125,19.16,153850,153951
0.79,0.0005,-13.41635177,0.03598955646157265,4356,35,11.000128746032715,1.0574382543563843,8400,1.2803418636322021,19.01,153922,154023
0.79,0.0005,-13.35201217,0.03722827881574631,4358,35,10.754557609558105,-1.0104602575302124,8404,1.7203844785690308,19.15,154002,154103
0.77,0.0005,-13.783241700000001,0.037874169647693634,4359,35,12.110031127929688,0.6325274705886841,8408,3.7268054485321045,18.94,154060,154161
0.76,0.0005,-14.137299229999998,0.03772837296128273,4361,35,11.757495880126953,-0.3552173376083374,8412,1.9871599674224854,19.0,154142,154243
0.75,0.0005,-14.381953500000002,0.03840990364551544,4363,35,11.064420700073242,0.5109067559242249,8416,3.3642983436584473,19.06,154224,154325
0.75,0.0005,-14.289949440000001,0.03881904110312462,4366,35,10.860157012939453,0.6886516213417053,8420,0.9808687567710876,18.98,154298,154399
0.76,0.0005,-14.093755649999997,0.039392128586769104,4368,35,12.675354957580566,0.07847180962562561,8424,1.9507167339324951,18.93,154370,154471
0.76,0.0005,-14.06453353,0.03847640007734299,4370,35,12.112865447998047,0.36231380701065063,8428,1.0699360370635986,18.85,154457,154558
0.76,0.0005,-14.068115500000001,0.03761862590909004,4372,35,10.118958473205566,0.053758278489112854,8432,0.7009258270263672,18.87,154530,154631
0.76,0.0005,-14.117991949999999,0.03735851123929024,4374,35,11.570807456970215,1.384516954421997,8436,1.1836110353469849,18.98,154610,154711
0.76,0.0005,-14.091792740000002,0.03710906580090523,4376,35,9.672393798828125,-0.33933666348457336,8440,2.838696002960205,18.9,154690,154791
0.77,0.0005,-13.69913148,0.036694273352622986,4379,35,10.741331100463867,-0.07749974727630615,8444,1.5788663625717163,19.11,154782,154883
0.77,0.0005,-13.59444062,0.03612380847334862,4380,35,11.014726638793945,0.006261125206947327,8448,2.2407724857330322,18.94,154848,154949
0.78,0.0005,-13.410037319999999,0.0357062891125679,4382,35,11.089302062988281,-0.7016074657440186,8452,2.2580294609069824,18.94,154929,155030
0.77,0.0005,-13.69826429,0.03548268973827362,4384,35,10.44493293762207,-0.4234258532524109,8456,1.1391030550003052,18.66,154990,155091
0.79,0.0005,-13.13900579,0.03457432985305786,4386,35,9.857569694519043,-0.557608425617218,8460,1.4504919052124023,18.9,155083,155184
0.79,0.0005,-13.003452529999997,0.03395123407244682,4388,35,10.416523933410645,-0.22150954604148865,8464,0.7831955552101135,18.72,155150,155251
0.8,0.0005,-12.76101159,0.03387611731886864,4390,35,12.143597602844238,-0.42168861627578735,8468,1.0940510034561157,18.91,155242,155343
0.81,0.0005,-12.538906259999997,0.03315842151641846,4393,35,10.288848876953125,0.16315437853336334,8472,1.303764820098877,19.1,155321,155422
0.81,0.0005,-12.529487330000002,0.0331837423145771,4395,35,11.683174133300781,0.49581825733184814,8476,1.991687297821045,19.37,155413,155514
0.81,0.0005,-12.427991180000001,0.033372748643159866,4397,35,12.389961242675781,0.08583521842956543,8480,1.1098096370697021,19.43,155497,155598
0.8,0.0005,-12.655828039999996,0.03358933702111244,4399,35,12.194091796875,0.5833029747009277,8484,2.4875729084014893,19.43,155576,155677
0.8,0.0005,-12.743446089999999,0.03390667587518692,4401,35,10.445172309875488,-0.17090032994747162,8488,0.2861102819442749,19.57,155648,155749
0.81,0.0005,-12.50085071,0.03424710035324097,4403,35,11.563214302062988,-0.713552713394165,8492,0.39484885334968567,19.61,155727,155828
0.79,0.0005,-12.96720563,0.03397614136338234,4405,35,10.276617050170898,-0.35348328948020935,8496,0.936149001121521,19.52,155802,155903
0.8,0.0005,-12.609200210000001,0.03329470008611679,4406,35,10.38686752319336,1.0519623756408691,8500,0.8583095073699951,19.51,155873,155974
0.79,0.0005,-12.91308018,0.03350481763482094,4408,35,11.742584228515625,-0.5106906890869141,8504,0.3236483335494995,19.45,155947,156048
0.81,0.0005,-12.36108978,0.03309563547372818,4410,35,9.707796096801758,0.026851557195186615,8508,0.8457485437393188,19.51,156011,156112
0.82,0.0005,-12.11996291,0.033466242253780365,4412,35,10.291807174682617,0.05852150917053223,8512,0.9351546764373779,19.44,156086,156187
0.83,0.0005,-11.84557834,0.033764541149139404,4414,35,10.609045028686523,0.33022093772888184,8516,2.415787696838379,19.29,156153,156254
0.82,0.0005,-12.24753684,0.03377753123641014,4415,35,9.759126663208008,0.8677985668182373,8520,0.39047175645828247,19.12,156210,156311
0.82,0.0005,-12.075512359999998,0.03415399789810181,4417,35,11.09867000579834,0.6741605997085571,8524,0.38539808988571167,19.1,156280,156381
0.82,0.0005,-12.004075829999998,0.034025777131319046,4419,35,10.766204833984375,-0.715640664100647,8528,2.1932215690612793,19.05,156362,156463
0.82,0.0005,-12.03012233,0.03344688192009926,4421,35,9.825590133666992,-0.012558221817016602,8532,0.9669541120529175,19.07,156437,156538
0.83,0.0005,-11.60258277,0.03350001201033592,4423,35,10.858118057250977,-0.36814814805984497,8536,0.5096561312675476,18.92,156502,156603
0.83,0.0005,-11.61582691,0.03300531953573227,4425,35,11.478403091430664,-0.08424201607704163,8540,3.352222442626953,18.98,156588,156689
0.82,0.0005,-11.85219715,0.03295179083943367,4426,35,10.572447776794434,0.2699345350265503,8544,2.481722116470337,18.76,156658,156759
0.82,0.0005,-11.853319719999996,0.03331933170557022,4428,35,9.464662551879883,0.0708545595407486,8548,0.5344744920730591,18.78,156726,156827
0.82,0.0005,-11.794090099999998,0.03356048837304115,4430,35,9.723254203796387,0.20659323036670685,8552,2.4840338230133057,18.69,156798,156899
0.84,0.0005,-11.228561020000003,0.0336855985224247,4431,35,10.724457740783691,-0.9087044596672058,8556,3.2927846908569336,18.82,156872,156973
0.83,0.0005,-11.42045979,0.03414564207196236,4433,35,11.980520248413086,0.3350929319858551,8560,1.0921365022659302,18.54,156937,157038
0.83,0.0005,-11.51002885,0.033782459795475006,4435,35,9.61773681640625,0.6215175986289978,8564,0.5656681656837463,18.68,157018,157119
0.83,0.0005,-11.50436583,0.033376242965459824,4437,35,11.087203979492188,-0.2463606595993042,8568,1.1266498565673828,18.67,157109,157210
0.83,0.0005,-11.61605623,0.033731624484062195,4440,35,11.143769264221191,0.19315998256206512,8572,0.37757378816604614,18.85,157206,157307
0.82,0.0005,-11.961861999999998,0.033676523715257645,4442,35,11.989505767822266,0.2614281177520752,8576,1.6517285108566284,18.82,157295,157396
0.82,0.0005,-12.025069299999998,0.03429996222257614,4444,35,10.53614616394043,0.8588688373565674,8580,2.114051580429077,18.63,157360,157461
0.83,0.0005,-11.76904133,0.03537113592028618,4446,35,12.158055305480957,0.030256271362304688,8584,0.881723165512085,18.62,157438,157539
0.84,0.0005,-11.485349889999998,0.035596590489149094,4448,35,10.331266403198242,-0.003076493740081787,8588,1.2212196588516235,18.69,157517,157618
0.85,0.0005,-11.186324050000001,0.03393746539950371,4450,35,10.024713516235352,0.02075698971748352,8592,1.1968296766281128,18.59,157586,157687
0.87,0.0005,-10.673690099999998,0.03357589617371559,4452,35,10.114286422729492,0.0665927529335022,8596,1.984571933746338,18.62,157664,157765
0.87,0.0005,-10.686908229999998,0.03302724286913872,4454,35,11.640685081481934,0.13573548197746277,8600,1.0240167379379272,18.68,157741,157842
0.89,0.0005,-10.16648465,0.03311830759048462,4456,35,11.163902282714844,-0.07899607717990875,8604,0.6121871471405029,18.7,157817,157918
0.88,0.0005,-10.560758839999998,0.03265609219670296,4458,35,10.239278793334961,-0.4371587932109833,8608,0.8190741539001465,18.82,157893,157994
0.87,0.0005,-10.863387050000002,0.03220750764012337,4459,35,9.974580764770508,0.3225746154785156,8612,0.7493473291397095,18.71,157957,158058
0.87,0.0005,-10.88117388,0.03193122521042824,4461,35,10.85270881652832,-0.6465401649475098,8616,1.3359808921813965,18.77,158030,158131
0.88,0.0005,-10.669464710000005,0.0312461256980896,4463,35,9.54458236694336,-0.08863869309425354,8620,0.9674132466316223,18.99,158109,158210
0.87,0.0005,-11.089075580000001,0.031396590173244476,4465,35,11.668061256408691,0.02753373235464096,8624,0.6418963670730591,19.16,158196,158297
0.84,0.0005,-11.993838380000001,0.031794413924217224,4467,35,9.940827369689941,0.1412232369184494,8628,0.9544363617897034,18.94,158256,158357
0.83,0.0005,-12.164461290000002,0.03167581185698509,4469,35,10.320335388183594,0.3571222424507141,8632,1.5893410444259644,18.94,158331,158432
0.83,0.0005,-12.24653088,0.03270241245627403,4471,35,11.23787784576416,0.5233184099197388,8636,1.3316097259521484,19.04,158406,158507
0.82,0.0005,-12.434988699999998,0.032886803150177,4473,35,9.744645118713379,-0.6643223166465759,8640,1.8935766220092773,18.82,158470,158571
0.84,0.0005,-11.95749742,0.03289194777607918,4475,35,10.640546798706055,0.19620081782341003,8644,0.47833049297332764,18.92,158550,158651
0.84,0.0005,-11.883133410000001,0.03329629451036453,4477,35,10.794218063354492,-0.7308489680290222,8648,0.33580708503723145,19.0,158626,158727
0.84,0.0005,-11.89665172,0.033311713486909866,4479,35,11.814139366149902,0.15069729089736938,8652,1.4132802486419678,19.03,158701,158802
0.83,0.0005,-12.05467626,0.03355594724416733,4481,35,11.119510650634766,-0.007310450077056885,8656,0.9734693765640259,19.03,158775,158876
0.84,0.0005,-11.727924390000004,0.03398318961262703,4482,35,10.179837226867676,0.9574741125106812,8660,0.29259148240089417,19.06,158843,158944
0.82,0.0005,-12.236698579999995,0.034361183643341064,4484,35,9.587766647338867,-0.7615146040916443,8664,0.6157258152961731,18.94,158912,159013
0.81,0.0005,-12.486438960000003,0.03358015418052673,4486,35,12.011167526245117,-0.4683438539505005,8668,1.5631005764007568,18.75,158984,159085
0.81,0.0005,-12.37729393,0.03272370249032974,4488,35,11.20323371887207,0.15713784098625183,8672,4.064426898956299,18.59,159065,159166
0.83,0.0005,-11.695891549999999,0.033032964915037155,4489,35,11.130987167358398,0.6272997260093689,8676,1.103378415107727,18.37,159132,159233
0.83,0.0005,-11.650450770000003,0.0336894653737545,4491,35,12.270792007446289,0.41787028312683105,8680,0.46505287289619446,18.31,159191,159292
0.83,0.0005,-11.7018408,0.03387228772044182,4493,35,11.417864799499512,-0.4589017927646637,8684,0.47565340995788574,18.39,159277,159378
0.82,0.0005,-11.906358750000003,0.033253978937864304,4494,35,11.409543991088867,-0.08139234781265259,8688,0.7704062461853027,18.22,159339,159440
0.81,0.0005,-12.22916383,0.03329281136393547,4496,35,9.381301879882812,-0.06806233525276184,8692,0.34345105290412903,18.2,159406,159507
0.79,0.0005,-12.742984580000002,0.03347025811672211,4498,35,12.561964988708496,0.05597279965877533,8696,1.5627350807189941,18.16,159480,159581
0.79,0.0005,-12.8238999,0.03452137112617493,4500,35,10.45046615600586,0.009998738765716553,8700,1.552582025527954,18.23,159564,159665
0.79,0.0005,-12.7352595,0.03487416356801987,4502,35,11.260823249816895,0.4438285827636719,8704,0.607312798500061,18.11,159628,159729
0.8,0.0005,-12.39717408,0.03530166670680046,4504,35,11.954854011535645,0.26245424151420593,8708,0.7867698073387146,18.09,159702,159803
0.81,0.0005,-12.12047097,0.03579489141702652,4506,35,10.492057800292969,0.8504947423934937,8712,0.36046844720840454,18.18,159775,159876
0.8,0.0005,-12.284450719999997,0.03576001152396202,4508,35,13.172953605651855,-1.0432426929473877,8716,1.4491705894470215,18.14,159844,159945
0.81,0.0005,-11.9504464,0.03522930666804314,4537,35,10.06983757019043,-0.006080538034439087,8720,0.7711248397827148,18.15,159924,160025
0.82,0.0005,-11.557434899999999,0.034873947501182556,4539,35,12.827401161193848,0.6884989738464355,8724,0.947744607925415,17.94,159990,160091
0.85,0.0005,-10.614253239999998,0.03482852876186371,4541,35,11.449329376220703,0.5912445783615112,8728,1.0955967903137207,18.11,160067,160168
0.86,0.0005,-10.52455789,0.03496955707669258,4544,35,10.578161239624023,-0.06165666878223419,8732,0.6862622499465942,18.27,160158,160259
0.84,0.0005,-11.037041419999998,0.03493456542491913,4546,35,10.451934814453125,-0.7374793291091919,8736,0.6388204097747803,18.27,160233,160334
0.84,0.0005,-11.075689570000003,0.03425997123122215,4547,35,9.849141120910645,-0.32484275102615356,8740,1.5377920866012573,18.31,160301,160402
0.83,0.0005,-11.2860242,0.03469390422105789,4549,35,12.333619117736816,0.3101242780685425,8744,2.550199508666992,18.29,160379,160480
0.83,0.0005,-11.418529730000003,0.034046024084091187,4552,35,11.130044937133789,0.3792201280593872,8748,0.7026666402816772,18.29,160455,160556
0.83,0.0005,-11.48526121,0.033206719905138016,4554,35,9.546426773071289,-0.739285409450531,8752,0.6192127466201782,18.43,160544,160645
0.84,0.0005,-11.366960390000001,0.03378347307443619,4556,35,11.346497535705566,0.7783536911010742,8756,3.1176862716674805,18.48,160623,160724
0.82,0.0005,-11.864804059999999,0.03445453196763992,4559,35,12.4522066116333,-0.48620912432670593,8760,2.936023235321045,18.71,160714,160815
0.82,0.0005,-11.77527464,0.03441701456904411,4561,35,11.405494689941406,-0.30688631534576416,8764,1.0813019275665283,18.79,160791,160892
0.82,0.0005,-11.73787726,0.03401647135615349,4563,35,11.473185539245605,-0.29318034648895264,8768,0.5900551080703735,18.75,160859,160960
0.82,0.0005,-11.68085873,0.033798232674598694,4565,35,10.67160701751709,0.006748825311660767,8772,0.6846060156822205,18.65,160930,161031
0.8,0.0005,-12.083485730000001,0.03399640694260597,4567,35,10.754693031311035,0.6412866711616516,8776,0.51385498046875,18.6,160992,161093
0.8,0.0005,-12.063706770000001,0.034364309161901474,4569,35,10.834829330444336,0.11480271816253662,8780,0.3243905305862427,18.86,161077,161178
0.79,0.0005,-12.290479560000001,0.03419235721230507,4571,35,11.48345947265625,0.030882447957992554,8784,1.2054589986801147,18.69,161146,161247
0.79,0.0005,-12.329398209999999,0.033517301082611084,4573,35,10.107647895812988,-0.20993077754974365,8788,0.3801514804363251,18.73,161212,161313
0.79,0.0005,-12.1974736,0.03302906081080437,4575,35,11.893892288208008,-0.21795064210891724,8792,0.9046224355697632,18.85,161291,161392
0.81,0.0005,-11.754880930000002,0.03263058140873909,4577,35,9.844850540161133,-1.2198339700698853,8796,1.3038477897644043,19.04,161384,161485
0.81,0.0005,-11.72075406,0.033100664615631104,4580,35,10.886774063110352,-0.4212501049041748,8800,1.465181589126587,19.02,161466,161567
0.81,0.0005,-11.824031600000001,0.033262819051742554,4582,35,9.758302688598633,0.6032492518424988,8804,0.6003355979919434,19.18,161546,161647
0.8,0.0005,-12.192250819999996,0.03293865546584129,4584,35,10.668846130371094,-0.5971459746360779,8808,0.8325834274291992,19.2,161622,161723
0.8,0.0005,-12.163236359999999,0.03252432122826576,4586,35,10.32494068145752,0.293834924697876,8812,0.5424131155014038,19.18,161693,161794
0.8,0.0005,-12.333821439999998,0.03238055482506752,4588,35,12.574506759643555,0.030202537775039673,8816,2.392930269241333,19.23,161767,161868
0.79,0.0005,-12.62717955,0.032396089285612106,4590,35,9.283073425292969,0.4307326674461365,8820,0.28939610719680786,19.17,161841,161942
0.8,0.0005,-12.400061959999999,0.03267816826701164,4592,35,10.275492668151855,-0.22281689941883087,8824,0.4280281662940979,19.29,161919,162020
0.78,0.0005,-13.045047339999998,0.03260231390595436,4594,35,10.442838668823242,-0.34247496724128723,8828,0.7764700651168823,19.2,161987,162088
0.78,0.0005,-12.95899374,0.032727017998695374,4596,35,11.718677520751953,-0.6065619587898254,8832,1.8202651739120483,19.02,162060,162161
0.78,0.0005,-12.921197459999998,0.03286310285329819,4598,35,11.447676658630371,0.012714043259620667,8836,0.7959035038948059,18.9,162123,162224
0.77,0.0005,-13.108505510000002,0.03352513909339905,4600,35,10.200491905212402,0.4053630828857422,8840,0.7066292762756348,18.84,162185,162286
0.77,0.0005,-13.165306050000002,0.03379318118095398,4601,35,10.469717025756836,-0.24128052592277527,8844,0.5567662715911865,18.73,162252,162353
0.78,0.0005,-12.768299540000003,0.03318779543042183,4603,35,10.952459335327148,0.07664532214403152,8848,0.3447749614715576,18.62,162317,162418
0.78,0.0005,-12.791969850000001,0.03295791894197464,4605,35,10.023487091064453,0.10737517476081848,8852,1.3270155191421509,18.63,162407,162508
0.77,0.0005,-13.064874150000001,0.03273412957787514,4607,35,11.179950714111328,-0.16186319291591644,8856,1.1721621751785278,18.61,162484,162585
0.77,0.0005,-12.98041821,0.0339791364967823,4610,35,11.208507537841797,0.37720805406570435,8860,1.6177301406860352,18.55,162569,162670
0.77,0.0005,-13.104827260000002,0.03397918492555618,4611,35,12.337446212768555,0.11724737286567688,8864,0.6800981163978577,18.35,162626,162727
0.77,0.0005,-13.092363370000001,0.03441533073782921,4613,35,11.768527030944824,0.8715128898620605,8868,2.914904832839966,18.32,162691,162792
0.77,0.0005,-13.1236827,0.034772839397192,4614,35,10.836677551269531,-0.023429930210113525,8872,1.0957214832305908,18.33,162763,162864
0.78,0.0005,-12.96224601,0.03478771820664406,4616,35,11.78802490234375,-0.31195297837257385,8876,1.2577788829803467,18.38,162830,162931
0.78,0.0005,-12.977277120000004,0.0347188301384449,4617,35,10.503973007202148,0.7071956396102905,8880,0.834722638130188,18.1,162887,162988
0.79,0.0005,-12.651611489999999,0.03480887413024902,4619,35,9.899949073791504,-0.12120429426431656,8884,0.42287319898605347,18.14,162960,163061
0.78,0.0005,-13.034181979999998,0.03477826341986656,4621,35,9.841447830200195,0.560340166091919,8888,1.6339727640151978,18.21,163033,163134
0.79,0.0005,-12.794222659999997,0.035146452486515045,4623,35,9.902763366699219,0.5872631072998047,8892,1.0478689670562744,18.04,163095,163196
0.79,0.0005,-12.77124063,0.03487920016050339,4625,35,12.451157569885254,-0.8393402099609375,8896,2.2646751403808594,17.95,163179,163280
0.78,0.0005,-12.987184879999997,0.034793317317962646,4626,35,11.07215404510498,0.8132158517837524,8900,1.2158795595169067,17.74,163240,163341
0.78,0.0005,-13.020890779999997,0.035046011209487915,4628,35,10.75187873840332,0.2996941804885864,8904,1.175459861755371,17.76,163322,163423
0.79,0.0005,-12.698599480000002,0.03490724787116051,4630,35,11.379667282104492,0.29243195056915283,8908,0.8888828754425049,17.8,163402,163503
0.78,0.0005,-12.910921459999999,0.03450733423233032,4631,35,10.097663879394531,-0.002896144986152649,8912,0.22897246479988098,17.82,163475,163576
0.79,0.0005,-12.571523350000001,0.03439217433333397,4633,35,11.262537002563477,-0.08387340605258942,8916,0.5534242391586304,17.79,163546,163647
0.8,0.0005,-12.319355029999999,0.03398389369249344,4635,35,9.788698196411133,-1.2829686403274536,8920,1.1885573863983154,17.89,163630,163731
0.78,0.0005,-13.12563363,0.03398400545120239,4637,35,10.381392478942871,-1.423824429512024,8924,1.1856117248535156,17.89,163708,163809
0.79,0.0005,-12.823843770000002,0.03436623141169548,4639,35,11.914426803588867,-0.5649809837341309,8928,0.5023208260536194,17.93,163780,163881
0.79,0.0005,-12.823949559999999,0.034270428121089935,4640,35,10.135687828063965,-0.3830813765525818,8932,0.5743858814239502,17.92,163852,163953
0.8,0.0005,-12.59090912,0.03485104814171791,4642,35,10.26276969909668,0.010117948055267334,8936,0.8155306577682495,17.91,163914,164015
0.82,0.0005,-12.02507728,0.03481767699122429,4644,35,8.95288372039795,0.04435718059539795,8940,1.0297017097473145,17.89,163974,164075
0.82,0.0005,-12.04652274,0.034844961017370224,4646,35,10.799232482910156,0.49406757950782776,8944,3.20164155960083,18.19,164071,164172
0.82,0.0005,-12.0640548,0.0341094546020031,4648,35,10.104318618774414,-1.0011117458343506,8948,0.8494181632995605,18.26,164143,164244
0.81,0.0005,-12.351837849999999,0.033969637006521225,4652,35,11.064291000366211,0.8075019717216492,8952,0.8753708600997925,18.43,164250,164351
0.82,0.0005,-12.034773869999999,0.034317489713430405,4654,35,9.64518928527832,-0.07457061111927032,8956,0.607481062412262,18.39,164323,164424
0.83,0.0005,-11.982056180000002,0.035332947969436646,4656,35,10.630985260009766,-0.6240800619125366,8960,0.48832905292510986,18.29,164398,164499
0.85,0.0005,-11.4444947,0.0342022106051445,4658,35,11.894312858581543,-0.5084446668624878,8964,0.7254592180252075,18.54,164480,164581
0.85,0.0005,-11.44917815,0.03448525443673134,4660,35,10.954914093017578,0.035298556089401245,8968,0.8698389530181885,18.55,164546,164647
0.84,0.0005,-11.754689510000002,0.03442055732011795,4661,35,10.4085693359375,0.14757172763347626,8972,1.8484084606170654,18.55,164618,164719
0.84,0.0005,-11.839355260000001,0.03491082787513733,4663,35,11.331981658935547,0.2625318169593811,8976,0.8170276880264282,18.55,164685,164786
0.85,0.0005,-11.563967620000001,0.03524070978164673,4665,35,10.292766571044922,-0.5012698173522949,8980,0.6006990075111389,18.65,164752,164853
0.84,0.0005,-11.96872629,0.035286564379930496,4667,35,10.854164123535156,-0.012825697660446167,8984,0.5405504703521729,18.71,164831,164932
0.85,0.0005,-11.489836959999998,0.03490404039621353,4669,35,10.570655822753906,-0.13618330657482147,8988,0.5157419443130493,18.76,164909,165010
0.83,0.0005,-11.981326939999999,0.03455338254570961,4671,35,12.079839706420898,0.07700785994529724,8992,1.5305500030517578,18.93,164988,165089
0.79,0.0005,-12.954578569999999,0.034055981785058975,4673,35,10.335196495056152,-0.6211075186729431,8996,2.4488632678985596,18.77,165056,165157
0.78,0.0005,-13.284080989999996,0.0329793244600296,4675,35,9.832590103149414,-0.4809767007827759,9000,2.5666348934173584,18.93,165133,165234
0.78,0.0005,-13.280999370000002,0.03300759196281433,4677,35,11.496322631835938,-0.4138844609260559,9004,0.5362576842308044,18.92,165214,165315
0.78,0.0005,-13.29880637,0.03288434073328972,4679,35,12.011280059814453,0.8282992243766785,9008,1.886847972869873,18.97,165299,165400
0.79,0.0005,-12.971993300000001,0.03375667333602905,4681,35,11.665265083312988,0.4165460467338562,9012,0.6811632513999939,19.03,165378,165479
0.79,0.0005,-13.00783341,0.03485739603638649,4683,35,10.208025932312012,0.11841722577810287,9016,1.0750653743743896,19.07,165453,165554
0.78,0.0005,-13.242470770000002,0.03475327044725418,4685,35,10.63548469543457,0.08055394887924194,9020,0.9598174691200256,18.92,165522,165623
0.79,0.0005,-12.67916944,0.03482220321893692,4687,35,11.719680786132812,-0.045656025409698486,9024,0.6979515552520752,18.85,165593,165694
0.8,0.0005,-12.38606782,0.034269072115421295,4689,35,10.665246963500977,0.3073948323726654,9028,1.6585100889205933,18.95,165675,165776
0.78,0.0005,-12.94012106,0.03376418724656105,4691,35,10.354055404663086,-0.43170735239982605,9032,1.0569171905517578,18.92,165744,165845
0.77,0.0005,-13.17984027,0.03358849510550499,4693,35,10.390226364135742,-0.28385499119758606,9036,1.7145756483078003,18.97,165811,165912
0.77,0.0005,-13.258607290000002,0.03335011005401611,4695,35,10.113506317138672,-0.3846484422683716,9040,1.4275538921356201,19.15,165889,165990
0.78,0.0005,-12.92149992,0.03291450813412666,4697,35,10.292041778564453,-0.5453547835350037,9044,0.2301529347896576,18.91,165962,166063
0.78,0.0005,-13.014932620000002,0.03288888931274414,4699,35,11.160640716552734,0.3553306758403778,9048,0.8051899075508118,19.02,166045,166146
0.79,0.0005,-12.67579007,0.032996222376823425,4701,35,11.031867027282715,0.7071073651313782,9052,1.0647287368774414,18.75,166125,166226
0.79,0.0005,-12.70002088,0.03367389366030693,4703,35,10.44642448425293,-0.06412091851234436,9056,2.1691737174987793,18.83,166206,166307
0.77,0.0005,-13.268521400000003,0.03301861882209778,4705,35,9.99560546875,0.16352982819080353,9060,1.4827889204025269,18.61,166259,166360
0.77,0.0005,-13.20977564,0.032915592193603516,4707,35,10.330510139465332,0.3204320967197418,9064,1.3095108270645142,18.5,166330,166431
0.77,0.0005,-13.1599796,0.03273262083530426,4708,35,8.916834831237793,0.35080593824386597,9068,3.002054214477539,18.44,166390,166491
0.76,0.0005,-13.367362929999999,0.03257070109248161,4710,35,11.268514633178711,-0.26886022090911865,9072,1.4428234100341797,18.37,166455,166556
0.77,0.0005,-13.14309303,0.03248348832130432,4712,35,11.485389709472656,-0.7406760454177856,9076,1.994373083114624,18.56,166541,166642
0.77,0.0005,-13.188181,0.032580021768808365,4714,35,10.085453033447266,-0.009273305535316467,9080,0.8042294979095459,18.72,166624,166725
0.77,0.0005,-13.214678450000003,0.03252563998103142,4717,35,10.966960906982422,0.31597352027893066,9084,0.9428638219833374,18.77,166708,166809
0.78,0.0005,-13.10408066,0.03266919404268265,4719,35,9.551729202270508,0.7606408596038818,9088,0.676030695438385,18.9,166799,166900
0.8,0.0005,-12.765266669999999,0.0323561355471611,4722,35,10.364405632019043,0.242354154586792,9092,0.6173592805862427,18.99,166887,166988
0.82,0.0005,-12.30556481,0.03180692344903946,4723,35,10.189621925354004,-0.4830339848995209,9096,0.42404237389564514,18.9,166946,167047
0.83,0.0005,-12.06239785,0.03167356550693512,4725,35,12.020233154296875,1.1488087177276611,9100,0.9278340935707092,18.84,167017,167118
0.83,0.0005,-12.036131500000002,0.031696733087301254,4727,35,10.998176574707031,0.8199728727340698,9104,1.329681634902954,18.83,167097,167198
0.83,0.0005,-11.963928390000001,0.031717050820589066,4729,35,11.934192657470703,-0.07876601815223694,9108,0.8472790718078613,18.69,167168,167269
0.84,0.0005,-11.704805180000003,0.03147232532501221,4731,35,11.313690185546875,-0.710644543170929,9112,0.45330628752708435,18.58,167236,167337
0.84,0.0005,-11.6826343,0.031013248488307,4733,35,10.459875106811523,-0.3747636377811432,9116,1.7749029397964478,18.6,167313,167414
0.85,0.0005,-11.450127400000001,0.0310942605137825,4736,35,10.25611686706543,0.42738041281700134,9120,1.7294906377792358,18.76,167398,167499
0.85,0.0005,-11.56016388,0.031126296147704124,4738,35,9.083361625671387,0.6477373242378235,9124,0.6796716451644897,18.76,167469,167570
0.85,0.0005,-11.671983329999998,0.0311009269207716,4740,35,10.904565811157227,-0.9471908807754517,9128,0.4168088436126709,18.95,167570,167671
0.86,0.0005,-11.453352729999997,0.031173143535852432,4742,35,11.818313598632812,-0.06259475648403168,9132,1.896519422531128,18.98,167642,167743
0.88,0.0005,-10.920102320000002,0.030926158651709557,4744,35,9.905206680297852,-0.7468826770782471,9136,0.16208332777023315,18.97,167708,167809
0.87,0.0005,-11.133533649999999,0.030159177258610725,4747,35,11.09323787689209,-0.5587955713272095,9140,0.2890535593032837,18.97,167786,167887
0.86,0.0005,-11.4350118,0.029821213334798813,4749,35,10.732911109924316,-0.21729381382465363,9144,0.6707853078842163,19.09,167871,167972
0.84,0.0005,-11.915679419999998,0.030162278562784195,4751,35,9.614006996154785,-0.7795532941818237,9148,1.6477422714233398,18.97,167942,168043
0.82,0.0005,-12.395120929999997,0.03028683550655842,4753,35,10.553956985473633,-0.23489299416542053,9152,0.48319461941719055,18.9,168015,168116
0.81,0.0005,-12.625320440000001,0.030143441632390022,4755,35,10.343209266662598,-0.3157891035079956,9156,0.4371657371520996,18.73,168079,168180
0.8,0.0005,-12.59708514,0.02998119406402111,4757,35,10.507745742797852,0.4786776304244995,9160,1.3532109260559082,18.83,168142,168243
0.78,0.0005,-13.131398989999997,0.030212873592972755,4758,35,10.611520767211914,-0.2110978215932846,9164,1.4051551818847656,18.85,168215,168316
0.79,0.0005,-12.97256679,0.0300064105540514,4761,35,10.538797378540039,-0.07334278523921967,9168,3.0439834594726562,19.14,168304,168405
0.81,0.0005,-12.420183389999998,0.029827911406755447,4762,35,10.566108703613281,-1.1525368690490723,9172,1.8776370286941528,19.17,168372,168473
0.81,0.0005,-12.431066000000003,0.029743054881691933,4765,35,9.94461727142334,-0.08285977691411972,9176,0.19822397828102112,19.11,168452,168553
0.8,0.0005,-12.65673987,0.030213968828320503,4767,35,11.174528121948242,-0.20660173892974854,9180,2.760570526123047,19.2,168544,168645
0.8,0.0005,-12.47035634,0.03137551248073578,4769,35,10.808418273925781,0.377483606338501,9184,0.5077217817306519,19.14,168622,168723
0.8,0.0005,-12.352779589999997,0.03233347088098526,4771,35,11.587116241455078,0.13309034705162048,9188,0.8276714086532593,18.93,168692,168793
0.79,0.0005,-12.49226224,0.032459478825330734,4773,35,10.682703018188477,0.08916571736335754,9192,0.33166369795799255,18.78,168765,168866
0.8,0.0005,-12.20373196,0.03261213377118111,4775,35,11.184122085571289,-0.13734842836856842,9196,0.814546525478363,18.86,168832,168933
0.8,0.0005,-12.20780709,0.033104121685028076,4776,35,9.901037216186523,0.3646073043346405,9200,0.8161121010780334,18.88,168905,169006
0.8,0.0005,-12.210145090000003,0.03262104466557503,4778,35,9.524589538574219,-0.9640815258026123,9204,0.23529328405857086,18.89,168986,169087
0.8,0.0005,-12.19950926,0.03202788904309273,4780,35,8.851316452026367,-0.2306230217218399,9208,0.27305951714515686,18.86,169054,169155
0.79,0.0005,-12.571152960000001,0.0319693423807621,4782,35,11.547197341918945,-0.3366248607635498,9212,0.775993287563324,18.88,169124,169225
0.79,0.0005,-12.54220492,0.03240257129073143,4784,35,9.940828323364258,-0.5661236047744751,9216,0.4173884987831116,18.77,169190,169291
0.79,0.0005,-12.54563046,0.031278789043426514,4786,35,9.543292999267578,0.28592658042907715,9220,0.687918484210968,18.76,169274,169375
0.78,0.0005,-12.74214556,0.031600285321474075,4788,35,10.828964233398438,-0.5306270122528076,9224,2.331839084625244,18.95,169364,169465
0.78,0.0005,-12.61147495,0.03137994185090065,4791,35,10.684653282165527,1.3625175952911377,9228,0.3388320505619049,18.72,169442,169543
0.79,0.0005,-12.342179390000004,0.03217604011297226,4793,35,11.356037139892578,0.11910644173622131,9232,1.3996312618255615,18.85,169527,169628
0.77,0.0005,-13.01168896,0.03134101256728172,4795,35,9.907474517822266,-0.5382528305053711,9236,0.2786654531955719,18.87,169595,169696
0.77,0.0005,-13.13904633,0.030999278649687767,4796,35,11.164175033569336,-0.540342390537262,9240,0.1940183937549591,18.82,169668,169769
0.76,0.0005,-13.492688399999997,0.030690984800457954,4798,35,9.761137008666992,0.31510668992996216,9244,1.2626254558563232,18.66,169737,169838
0.78,0.0005,-12.986636260000001,0.0311447661370039,4801,35,9.926506042480469,0.48812782764434814,9248,1.032984972000122,18.8,169822,169923
0.79,0.0005,-12.750134720000004,0.03112819790840149,4802,35,10.05355453491211,0.37501364946365356,9252,0.8410677313804626,18.77,169892,169993
0.79,0.0005,-12.791069160000001,0.030591238290071487,4832,35,11.775035858154297,0.3017950654029846,9256,2.0642969608306885,18.84,169963,170064
0.83,0.0005,-11.935151699999999,0.030842673033475876,4834,35,10.028968811035156,-0.3426114022731781,9260,2.785001754760742,18.95,170037,170138
0.84,0.0005,-11.77439557,0.03152056410908699,4836,35,10.419095993041992,-0.19388192892074585,9264,1.15452241897583,18.98,170113,170214
0.84,0.0005,-11.758418260000001,0.03215499594807625,4838,35,12.026449203491211,0.3625944256782532,9268,1.1754016876220703,18.93,170197,170298
0.84,0.0005,-11.827714179999997,0.03212134167551994,4841,35,10.128992080688477,-0.9592639803886414,9272,0.558942973613739,19.05,170277,170378
0.83,0.0005,-11.982814659999999,0.03141726553440094,4843,35,13.015180587768555,-1.6870958805084229,9276,2.487171173095703,19.0,170352,170453
0.83,0.0005,-12.077564070000001,0.031202470883727074,4844,35,10.005636215209961,0.9292865991592407,9280,2.2682909965515137,18.79,170423,170524
0.84,0.0005,-11.950241480000004,0.031377457082271576,4846,35,9.424657821655273,0.409468412399292,9284,1.3830686807632446,18.87,170509,170610
0.84,0.0005,-12.005048039999998,0.03151668608188629,4848,35,10.711149215698242,-0.5466716289520264,9288,1.087334394454956,18.95,170587,170688
0.85,0.0005,-11.804378260000004,0.031599048525094986,4850,35,10.84045124053955,-0.3863336741924286,9292,1.2621684074401855,18.97,170662,170763
0.86,0.0005,-11.488100630000002,0.03108796291053295,4852,35,11.989036560058594,0.6269254684448242,9296,0.6294007897377014,19.04,170736,170837
0.86,0.0005,-11.481348350000001,0.030779071152210236,4854,35,10.879220962524414,0.46204259991645813,9300,0.9058184623718262,19.02,170807,170908
0.85,0.0005,-11.757299909999999,0.02995024435222149,4856,35,10.264007568359375,-0.18281474709510803,9304,1.221797227859497,19.04,170890,170991
0.85,0.0005,-11.7527167,0.03049306385219097,4858,35,10.792807579040527,-0.4048711061477661,9308,1.4052376747131348,19.02,170956,171057
0.86,0.0005,-11.367013769999998,0.03000607155263424,4860,35,11.144485473632812,-0.41377121210098267,9312,0.24731814861297607,18.96,171020,171121
0.85,0.0005,-11.784979910000002,0.02957945130765438,4862,35,10.234323501586914,-1.0650396347045898,9316,0.4283791482448578,19.07,171097,171198
0.85,0.0005,-11.799016679999998,0.0297856405377388,4864,35,9.626745223999023,0.736311674118042,9320,1.930893898010254,19.13,171187,171288
0.86,0.0005,-11.581963509999998,0.030715856701135635,4866,35,10.235925674438477,-0.43238309025764465,9324,0.5232924818992615,18.89,171253,171354
0.84,0.0005,-11.970596979999998,0.03170192986726761,4868,35,11.431547164916992,0.3881661593914032,9328,1.9429504871368408,18.86,171328,171429
0.83,0.0005,-12.207677250000001,0.03293342515826225,4871,35,10.214096069335938,-0.842118501663208,9332,0.8204501867294312,18.97,171424,171525
0.85,0.0005,-11.60845639,0.03314119949936867,4873,35,10.787285804748535,0.3349083960056305,9336,0.9118140935897827,19.11,171506,171607
0.86,0.0005,-11.28456524,0.032824911177158356,4875,35,9.772575378417969,-0.2631554901599884,9340,0.5567719340324402,19.14,171582,171683
0.88,0.0005,-10.657455850000002,0.03268366679549217,4877,35,11.519954681396484,-0.6077097654342651,9344,0.4425446391105652,19.25,171662,171763
0.88,0.0005,-10.60539271,0.03224385529756546,4879,35,11.004687309265137,0.23758649826049805,9348,1.1444766521453857,19.17,171739,171840
0.89,0.0005,-10.2629679,0.03185160085558891,4880,35,11.33444881439209,-1.0804640054702759,9352,1.5713396072387695,19.12,171804,171905
0.88,0.0005,-10.502136560000002,0.03179023042321205,4883,35,10.940756797790527,-0.054821040481328964,9356,0.7079442739486694,19.21,171884,171985
0.88,0.0005,-10.517856429999997,0.031257063150405884,4885,35,10.049510955810547,-0.9592576026916504,9360,0.4421069025993347,19.25,171962,172063
0.87,0.0005,-10.700524539999998,0.030986575409770012,4887,35,11.363122940063477,0.08664938807487488,9364,1.649092197418213,19.27,172040,172141
0.87,0.0005,-10.680182590000001,0.03066793642938137,4889,35,9.609735488891602,-0.45578527450561523,9368,2.131467819213867,19.3,172127,172228
0.86,0.0005,-10.986677160000001,0.030352197587490082,4891,35,10.31033992767334,-0.631528377532959,9372,1.5248996019363403,19.24,172201,172302
0.86,0.0005,-11.034805849999998,0.03082350082695484,4893,35,10.97304630279541,0.3438955247402191,9376,0.6232770681381226,19.37,172289,172390
0.86,0.0005,-11.037046740000001,0.031165067106485367,4895,35,12.835270881652832,-0.12251731753349304,9380,2.686802387237549,19.37,172360,172461
0.84,0.0005,-11.61635178,0.031980860978364944,4896,35,11.415616035461426,0.6365671157836914,9384,1.1826893091201782,19.07,172416,172517
0.83,0.0005,-11.960073969999998,0.03224926069378853,4899,35,9.481801986694336,-0.5183524489402771,9388,0.5550995469093323,19.09,172496,172597
0.83,0.0005,-12.032942890000001,0.032591257244348526,4901,35,10.877281188964844,0.43419429659843445,9392,0.9734928607940674,19.23,172585,172686
0.83,0.0005,-12.031836599999998,0.032072488218545914,4902,35,10.532218933105469,-0.18105553090572357,9396,1.0395258665084839,19.2,172656,172757
0.84,0.0005,-11.63455587,0.033125296235084534,4904,35,11.651470184326172,1.449612021446228,9400,1.8756053447723389,19.17,172724,172825
0.84,0.0005,-11.537813189999998,0.0330377072095871,4906,35,10.467613220214844,-0.9206684827804565,9404,0.8643907308578491,19.08,172798,172899
0.84,0.0005,-11.565349790000003,0.031802695244550705,4908,35,12.743247985839844,-0.4808678925037384,9408,2.504018783569336,19.17,172873,172974
0.83,0.0005,-11.98751822,0.03351451829075813,4910,35,9.638938903808594,0.28775179386138916,9412,1.3113592863082886,19.37,172957,173058
0.83,0.0005,-11.853926840000002,0.03398074209690094,4911,35,10.684761047363281,-0.3227434456348419,9416,0.47433745861053467,19.18,173015,173116
0.83,0.0005,-11.78786179,0.034154847264289856,4913,35,10.913457870483398,-0.13325545191764832,9420,1.407632827758789,19.06,173093,173194
0.84,0.0005,-11.524319810000001,0.0340670682489872,4915,35,11.165297508239746,0.7689261436462402,9424,0.8043281435966492,19.21,173174,173275
0.85,0.0005,-11.460609810000001,0.03347593918442726,4917,35,10.12795639038086,-1.2732138633728027,9428,0.2984527349472046,19.22,173250,173351
0.85,0.0005,-11.543233169999999,0.032784562557935715,4919,35,10.375149726867676,-0.3968597650527954,9432,1.7287318706512451,19.08,173332,173433
0.85,0.0005,-11.543670020000002,0.03249998763203621,4921,35,10.507181167602539,-0.17820091545581818,9436,0.6000738143920898,19.07,173413,173514
0.84,0.0005,-11.815764899999998,0.03153866529464722,4922,35,9.4375,-0.461631715297699,9440,1.2644896507263184,18.96,173478,173579
0.84,0.0005,-11.918628250000001,0.0310142170637846,4925,35,9.57009220123291,0.09107449650764465,9444,2.5282678604125977,19.11,173573,173674
0.83,0.0005,-12.25825213,0.031488094478845596,4927,35,10.782943725585938,0.3112178444862366,9448,2.00494384765625,19.04,173643,173744
0.83,0.0005,-12.372960499999994,0.03230257332324982,4929,35,11.714686393737793,-1.6371781826019287,9452,1.7132091522216797,19.18,173722,173823
0.84,0.0005,-12.00277067,0.032104186713695526,4930,35,10.606132507324219,1.3564841747283936,9456,1.1281516551971436,19.07,173791,173892
0.84,0.0005,-11.98029642,0.032615188509225845,4933,35,11.47422981262207,0.9861710667610168,9460,1.4012035131454468,19.03,173865,173966
0.86,0.0005,-11.484181360000001,0.03307288885116577,4935,35,10.539289474487305,-0.4572218358516693,9464,0.41400912404060364,19.06,173946,174047
0.85,0.0005,-11.703959970000001,0.03374495357275009,4936,35,10.039042472839355,0.1727438122034073,9468,0.9952576756477356,18.85,174012,174113
0.85,0.0005,-11.58863926,0.03327442333102226,4939,35,10.885028839111328,-0.6126240491867065,9472,2.5393009185791016,18.85,174086,174187
0.86,0.0005,-11.390541380000002,0.032788947224617004,4941,35,9.759627342224121,-0.30242854356765747,9476,1.3654216527938843,18.79,174168,174269
0.86,0.0005,-11.316112989999999,0.03247439116239548,4942,35,10.44815444946289,-0.5609544515609741,9480,1.36288583278656,18.68,174228,174329
0.88,0.0005,-10.611703360000003,0.03192536160349846,4944,35,10.433134078979492,-0.32512566447257996,9484,0.42054277658462524,18.81,174297,174398
0.89,0.0005,-10.32471777,0.03222111612558365,4946,35,9.628166198730469,-0.042365893721580505,9488,0.5113914012908936,18.9,174386,174487
0.89,0.0005,-10.20581693,0.03232629597187042,4948,35,10.906778335571289,0.12562352418899536,9492,1.2151689529418945,18.69,174454,174555
0.88,0.0005,-10.52666246,0.03229918330907822,4950,35,9.334534645080566,0.7163167595863342,9496,1.2525728940963745,18.67,174523,174624
0.88,0.0005,-10.616116589999997,0.0328446701169014,4952,35,12.198702812194824,1.2392538785934448,9500,2.3461337089538574,18.77,174601,174702
0.89,0.0005,-10.447016530000003,0.03304668888449669,4955,35,10.199277877807617,0.21249353885650635,9504,1.5030866861343384,18.88,174686,174787
0.89,0.0005,-10.47566339,0.03447997570037842,4957,35,11.509855270385742,0.40241801738739014,9508,1.100820541381836,18.91,174764,174865
0.89,0.0005,-10.411510620000001,0.034647904336452484,4958,35,10.651617050170898,0.6949726343154907,9512,0.9157658815383911,18.7,174827,174928
0.88,0.0005,-10.65860026,0.034997422248125076,4960,35,11.961160659790039,-0.01408204436302185,9516,1.4513072967529297,18.79,174894,174995
0.87,0.0005,-10.76900068,0.03511013835668564,4962,35,10.45669174194336,0.4215177595615387,9520,1.94918954372406,18.7,174963,175064
0.86,0.0005,-10.997463580000003,0.03535155951976776,4963,35,13.287622451782227,-0.9365227222442627,9524,1.3317234516143799,18.52,175026,175127
0.87,0.0005,-10.661739540000001,0.033192750066518784,4965,35,10.646343231201172,0.04877521097660065,9528,1.9166209697723389,18.51,175101,175202
0.88,0.0005,-10.292279170000002,0.03270120546221733,4967,35,9.113298416137695,-0.11132682859897614,9532,0.3300347626209259,18.46,175178,175279
0.87,0.0005,-10.527651210000002,0.03289176896214485,4969,35,12.696285247802734,0.4120325446128845,9536,1.4259520769119263,18.31,175244,175345
0.86,0.0005,-10.81460771,0.033112652599811554,4970,35,10.271528244018555,-0.48202812671661377,9540,1.3072760105133057,18.5,175328,175429
0.84,0.0005,-11.277503480000002,0.032769814133644104,4972,35,9.371342658996582,-0.6165039539337158,9544,0.6762794256210327,18.36,175409,175510
0.85,0.0005,-10.950733800000002,0.031886521726846695,4974,35,9.171693801879883,0.6090466976165771,9548,1.7650971412658691,18.38,175481,175582
0.84,0.0005,-11.20867031,0.03165329992771149,4975,35,11.046358108520508,-0.26531022787094116,9552,1.41483473777771,18.28,175550,175651
0.85,0.0005,-11.06861958,0.03076811693608761,4977,35,10.365144729614258,-0.6010926365852356,9556,1.6724897623062134,18.39,175630,175731
0.85,0.0005,-11.198032439999999,0.02998410351574421,4979,35,11.563981056213379,0.12030798196792603,9560,0.8928855657577515,18.61,175726,175827
0.85,0.0005,-11.11981246,0.030181217938661575,4981,35,10.215888977050781,-0.5936819911003113,9564,0.9060031771659851,18.55,175801,175902
0.86,0.0005,-10.81328008,0.02972688525915146,4983,35,11.934371948242188,0.4048450291156769,9568,0.7778612971305847,18.56,175868,175969
0.85,0.0005,-10.965690030000001,0.030089138075709343,4985,35,11.907087326049805,1.2692756652832031,9572,2.034015417098999,18.48,175934,176035
0.84,0.0005,-11.05386048,0.030756501480937004,4987,35,9.163554191589355,0.4505055248737335,9576,0.7081303596496582,18.39,176007,176108
0.83,0.0005,-11.378366900000001,0.03079630807042122,4989,35,11.764671325683594,-0.28181731700897217,9580,2.0221197605133057,18.52,176080,176181
0.82,0.0005,-11.636590329999999,0.031670473515987396,4991,35,10.675931930541992,1.0178760290145874,9584,1.8824137449264526,18.63,176160,176261
0.82,0.0005,-11.55412053,0.03265691176056862,4993,35,11.472124099731445,-0.7180835008621216,9588,0.7475419640541077,18.53,176239,176340
0.82,0.0005,-11.594487340000002,0.032434284687042236,4995,35,9.443235397338867,-0.3642466366291046,9592,0.9516468048095703,18.65,176319,176420
0.81,0.0005,-11.967020380000001,0.0323973186314106,4997,35,10.529647827148438,0.8887910842895508,9596,1.436542272567749,18.66,176389,176490
0.8,0.0005,-12.123705819999998,0.03229572996497154,4999,35,10.471742630004883,0.40918758511543274,9600,0.7239134311676025,18.64,176465,176566
0.79,0.0005,-12.485380509999997,0.03181802108883858,5001,35,10.029176712036133,-0.1252414584159851,9604,0.5564261674880981,18.65,176551,176652
0.77,0.0005,-12.916782079999997,0.03136760741472244,5002,35,9.698481559753418,-0.6421297788619995,9608,0.6515321135520935,18.49,176613,176714
0.78,0.0005,-12.676773430000003,0.03031742386519909,5005,35,10.402530670166016,-0.7001519203186035,9612,1.9746018648147583,18.71,176698,176799
0.8,0.0005,-12.174240540000001,0.03081543929874897,5006,35,10.483665466308594,0.6639098525047302,9616,2.8825526237487793,18.79,176773,176874
0.81,0.0005,-12.006917440000002,0.030778557062149048,5008,35,9.869611740112305,-0.42942970991134644,9620,0.6017724275588989,18.78,176841,176942
0.82,0.0005,-11.83339426,0.03075324557721615,5011,35,10.270078659057617,0.22057966887950897,9624,1.1023145914077759,19.05,176931,177032
0.82,0.0005,-11.877443469999998,0.03031676448881626,5013,35,10.85488224029541,-0.725438117980957,9628,0.3158629238605499,19.1,177011,177112
0.82,0.0005,-11.785298900000003,0.029700474813580513,5015,35,11.071471214294434,0.7390756011009216,9632,1.8573379516601562,18.99,177077,177178
0.83,0.0005,-11.535910009999998,0.030707694590091705,5017,35,10.496078491210938,2.1504831314086914,9636,0.6084311008453369,19.1,177154,177255
0.84,0.0005,-11.322466129999999,0.03109564818441868,5019,35,10.60858154296875,-0.3873841464519501,9640,0.18924877047538757,19.04,177232,177333
0.84,0.0005,-11.369705420000003,0.031140854582190514,5021,35,9.97962760925293,-1.0720078945159912,9644,0.6734542846679688,18.87,177296,177397
0.84,0.0005,-11.328885439999999,0.03047536499798298,5023,35,10.307174682617188,-1.1227867603302002,9648,0.18866120278835297,18.82,177363,177464
0.85,0.0005,-11.003416659999997,0.030198469758033752,5024,35,8.442083358764648,-0.7287941575050354,9652,0.9307748079299927,18.86,177436,177537
0.84,0.0005,-11.263434690000002,0.029837334528565407,5026,35,9.987504005432129,-0.6569638252258301,9656,1.3246362209320068,18.71,177501,177602
0.83,0.0005,-11.26391708,0.029586143791675568,5028,35,9.870002746582031,-0.47409820556640625,9660,0.40221285820007324,18.43,177569,177670
0.82,0.0005,-11.667691330000002,0.029672643169760704,5030,35,9.897167205810547,-0.008456379175186157,9664,0.6500272154808044,18.47,177648,177749
0.81,0.0005,-12.056127120000001,0.029699426144361496,5032,35,10.257658004760742,0.03595009446144104,9668,2.3369364738464355,18.55,177723,177824
0.82,0.0005,-11.90881344,0.030288206413388252,5034,35,10.78217601776123,-0.3612867593765259,9672,4.015741348266602,18.69,177803,177904
0.83,0.0005,-11.76769465,0.03017284907400608,5036,35,10.307355880737305,0.2134658396244049,9676,1.441784381866455,18.69,177876,177977
0.84,0.0005,-11.39786097,0.02994382567703724,5038,35,10.925010681152344,0.04317368566989899,9680,0.5157554745674133,18.75,177955,178056
0.85,0.0005,-11.151752350000002,0.02948049083352089,5040,35,8.781949996948242,-0.3441903293132782,9684,0.33006149530410767,18.68,178028,178129
0.84,0.0005,-11.550433570000001,0.029505867511034012,5043,35,9.845720291137695,-0.02436842769384384,9688,0.8094840049743652,18.71,178110,178211
0.84,0.0005,-11.633663260000002,0.029700148850679398,5045,35,8.551630020141602,0.4492235481739044,9692,1.269117832183838,18.82,178201,178302
0.85,0.0005,-11.272345960000003,0.029671737924218178,5047,35,12.558330535888672,1.5052063465118408,9696,1.356210470199585,18.85,178274,178375
0.86,0.0005,-11.09454825,0.030768338590860367,5049,35,9.909192085266113,0.19738125801086426,9700,2.4734177589416504,18.81,178346,178447
0.86,0.0005,-10.949543919999998,0.030858367681503296,5051,35,12.921525955200195,-0.709736704826355,9704,0.74759840965271,18.73,178424,178525
0.88,0.0005,-10.573408039999999,0.03230229765176773,5053,35,10.740800857543945,0.035943761467933655,9708,2.6868040561676025,18.98,178511,178612
0.88,0.0005,-10.50250385,0.03261975571513176,5055,35,12.462209701538086,1.2340137958526611,9712,0.5961004495620728,18.82,178580,178681
0.88,0.0005,-10.557170999999999,0.03328626975417137,5057,35,10.773848533630371,0.30710625648498535,9716,1.8385465145111084,18.9,178663,178764
0.86,0.0005,-10.999854869999997,0.03298496827483177,5059,35,10.191662788391113,-0.2331133484840393,9720,0.26525241136550903,19.0,178741,178842
0.85,0.0005,-11.222447899999997,0.03255331888794899,5061,35,9.882772445678711,0.10419083386659622,9724,0.8143151998519897,18.83,178814,178915
0.85,0.0005,-11.14238695,0.03185482695698738,5063,35,9.976454734802246,0.2600824534893036,9728,1.4379719495773315,18.74,178885,178986
0.83,0.0005,-11.73441571,0.03091106191277504,5064,35,8.66226863861084,-0.09945788979530334,9732,0.5835906267166138,18.76,178953,179054
0.83,0.0005,-11.751722569999997,0.029893822968006134,5067,35,10.135383605957031,-0.6938199996948242,9736,1.1428723335266113,18.82,179036,179137
0.84,0.0005,-11.46903763,0.029540272429585457,5069,35,9.7705659866333,0.808513343334198,9740,1.8519048690795898,18.91,179123,179224
0.85,0.0005,-11.149264579999999,0.029546352103352547,5071,35,10.481027603149414,-0.6668688654899597,9744,0.5131259560585022,18.95,179191,179292
0.83,0.0005,-11.66607411,0.029376909136772156,5073,35,10.00285530090332,-0.4710049331188202,9748,0.2049916535615921,18.92,179255,179356
0.82,0.0005,-11.86918792,0.0292747151106596,5075,35,10.164114952087402,1.0206387042999268,9752,2.7678442001342773,18.95,179331,179432
0.82,0.0005,-11.913751729999996,0.02939550019800663,5077,35,10.000734329223633,0.7453275322914124,9756,0.643643856048584,19.11,179412,179513
0.82,0.0005,-12.11197701,0.02968681789934635,5079,35,9.089140892028809,-0.22889399528503418,9760,2.2343478202819824,19.14,179483,179584
0.82,0.0005,-12.14132981,0.03034823015332222,5081,35,12.267005920410156,-1.1281540393829346,9764,1.6158645153045654,19.14,179562,179663
0.81,0.0005,-12.40015241,0.0302229393273592,5083,35,11.346744537353516,0.3473266363143921,9768,1.446347713470459,19.02,179625,179726
0.8,0.0005,-12.837407899999999,0.03199993818998337,5085,35,12.916919708251953,0.43490615487098694,9772,1.4569406509399414,18.94,179697,179798
0.8,0.0005,-12.838637189999996,0.033272694796323776,5087,35,12.366676330566406,0.9736489057540894,9776,1.4101635217666626,18.94,179770,179871
0.8,0.0005,-12.87535344,0.033334340900182724,5089,35,11.482073783874512,0.8397797346115112,9780,2.3779454231262207,18.75,179830,179931
0.8,0.0005,-12.97603797,0.03295847773551941,5108,35,11.576285362243652,-0.3107404112815857,9784,3.6932144165039062,18.91,179919,180020
0.78,0.0005,-13.4731348,0.032526325434446335,5110,35,11.984405517578125,-0.285417377948761,9788,0.3802209496498108,18.67,179977,180078
0.78,0.0005,-13.366315400000001,0.031908079981803894,5112,35,9.912637710571289,-0.6203972697257996,9792,0.5902109742164612,18.52,180053,180154
0.79,0.0005,-13.09873851,0.03176584094762802,5114,35,10.502714157104492,-0.928756594657898,9796,0.45857352018356323,18.65,180139,180240
0.78,0.0005,-13.284121319999999,0.03152193874120712,5116,35,11.444766998291016,0.5569890141487122,9800,0.814495325088501,18.61,180207,180308
0.78,0.0005,-13.334403340000001,0.031464751809835434,5118,35,9.936546325683594,0.7973073720932007,9804,1.774921178817749,18.55,180279,180380
0.78,0.0005,-13.232304859999998,0.03128264471888542,5120,35,9.648672103881836,0.5593481659889221,9808,0.567097008228302,18.39,180350,180451
0.76,0.0005,-13.78487807,0.031761545687913895,5122,35,11.908102035522461,0.521740198135376,9812,0.8846753239631653,18.46,180426,180527
0.75,0.0005,-13.987248,0.03387239947915077,5125,35,12.863222122192383,-0.5992040634155273,9816,1.3857935667037964,18.51,180514,180615
0.75,0.0005,-14.082822369999999,0.03352656960487366,5127,35,11.938724517822266,-0.061600685119628906,9820,1.47737455368042,18.41,180582,180683
0.76,0.0005,-13.76130265,0.03325939550995827,5129,35,10.483271598815918,-0.6181542873382568,9824,0.6487256288528442,18.43,180657,180758
0.75,0.0005,-14.0367051,0.033010561019182205,5130,35,9.458828926086426,-0.42857295274734497,9828,0.9926081299781799,18.35,180720,180821
0.77,0.0005,-13.5363575,0.03243442252278328,5132,35,9.9375,-0.297799289226532,9832,2.8867697715759277,18.45,180798,180899
0.77,0.0005,-13.49952537,0.03220915049314499,5135,35,9.685596466064453,0.45954960584640503,9836,0.634135365486145,18.4,180876,180977
0.75,0.0005,-14.052650960000001,0.032762493938207626,5136,35,9.183257102966309,-0.14282521605491638,9840,0.9837650060653687,18.21,180944,181045
0.74,0.0005,-14.369431820000003,0.0328572541475296,5138,35,10.236363410949707,0.4080386757850647,9844,0.7328216433525085,18.17,181008,181109
0.74,0.0005,-14.501686869999997,0.03276025503873825,5140,35,10.57815170288086,-0.9110398292541504,9848,1.5914655923843384,18.15,181070,181171
0.75,0.0005,-14.290219749999999,0.032398391515016556,5142,35,9.071098327636719,0.5098142623901367,9852,0.9620384573936462,18.08,181139,181240
0.75,0.0005,-14.076360179999996,0.03229556605219841,5144,35,10.354937553405762,-0.42184752225875854,9856,2.8196520805358887,17.92,181204,181305
0.74,0.0005,-14.194449709999999,0.03251788392663002,5145,35,13.16849136352539,1.603229284286499,9860,3.128364324569702,17.81,181264,181365
0.74,0.0005,-14.14542695,0.033106543123722076,5147,35,11.034048080444336,0.2432442456483841,9864,0.5752935409545898,17.76,181338,181439
0.75,0.0005,-13.8686257,0.03351447358727455,5150,35,14.250115394592285,0.9808259010314941,9868,1.3929520845413208,18.03,181428,181529
0.76,0.0005,-13.38654731,0.03446038439869881,5152,35,11.077521324157715,0.4752676784992218,9872,1.718980073928833,18.08,181505,181606
0.76,0.0005,-13.385676029999999,0.03416730463504791,5154,35,10.588285446166992,0.24475617706775665,9876,1.1939021348953247,18.07,181577,181678
0.75,0.0005,-13.612536890000001,0.03395107761025429,5156,35,10.840782165527344,-1.0003615617752075,9880,1.2756593227386475,18.21,181651,181752
0.74,0.0005,-13.881747549999998,0.0334920659661293,5159,35,10.71783447265625,-0.7790980935096741,9884,1.0163249969482422,18.09,181728,181829
0.76,0.0005,-13.369837330000001,0.03325972706079483,5161,35,10.435358047485352,-0.2939639091491699,9888,0.2587866485118866,18.3,181807,181908
0.76,0.0005,-13.50021121,0.03266839683055878,5163,35,9.961370468139648,-0.998266339302063,9892,1.3446125984191895,18.44,181897,181998
0.75,0.0005,-13.760232109999999,0.032501861453056335,5165,35,9.505753517150879,0.10639217495918274,9896,0.5131634473800659,18.29,181968,182069
0.76,0.0005,-13.491240070000002,0.03247577324509621,5167,35,10.69084358215332,-0.05825120210647583,9900,0.5235226154327393,18.22,182029,182130
0.77,0.0005,-13.21654007,0.03239770233631134,5169,35,11.750401496887207,0.11298482120037079,9904,2.2075774669647217,18.33,182112,182213
0.77,0.0005,-13.302137600000004,0.032620374113321304,5171,35,10.762836456298828,-0.09638580679893494,9908,1.631874680519104,18.41,182191,182292
0.78,0.0005,-12.943694520000001,0.03262390196323395,5173,35,9.812407493591309,-0.5584383606910706,9912,0.9876766204833984,18.35,182261,182362
0.79,0.0005,-12.771531509999999,0.03256795182824135,5176,35,10.126455307006836,0.8212569952011108,9916,2.718224048614502,18.33,182347,182448
0.8,0.0005,-12.590862639999996,0.033073727041482925,5178,35,10.187721252441406,0.3694274425506592,9920,1.149933099746704,18.41,182423,182524
0.78,0.0005,-13.175562139999997,0.03342195972800255,5179,35,10.30685806274414,0.46581870317459106,9924,0.47289758920669556,18.24,182481,182582
0.78,0.0005,-13.095177029999997,0.03345748409628868,5181,35,9.224002838134766,-0.21931466460227966,9928,2.747004747390747,18.32,182552,182653
0.77,0.0005,-13.402829740000001,0.033253803849220276,5183,35,10.383749961853027,0.7097321152687073,9932,1.9002625942230225,18.33,182631,182732
0.76,0.0005,-13.719377269999997,0.03285478800535202,5185,35,9.784612655639648,-0.17690178751945496,9936,1.2645467519760132,18.3,182706,182807
0.78,0.0005,-13.185651869999997,0.03220754489302635,5187,35,8.465106964111328,-0.10504771023988724,9940,0.4147002100944519,18.53,182797,182898
0.8,0.0005,-12.55995001,0.03176097199320793,5189,35,10.093822479248047,-0.43200936913490295,9944,0.8711159825325012,18.67,182875,182976
0.82,0.0005,-11.918579129999998,0.031351808458566666,5191,35,10.89016342163086,0.026861190795898438,9948,2.3937439918518066,18.75,182945,183046
0.8,0.0005,-12.57974218,0.03137040138244629,5193,35,9.400927543640137,-0.03499311953783035,9952,0.5761275291442871,18.78,183017,183118
0.81,0.0005,-12.53239898,0.03193660080432892,5195,35,10.589811325073242,-0.18040049076080322,9956,1.3799090385437012,18.98,183102,183203
0.82,0.0005,-12.373166159999998,0.03202589601278305,5196,35,9.390737533569336,-0.12980496883392334,9960,1.6805062294006348,19.07,183171,183272
0.82,0.0005,-12.359278100000001,0.03196513652801514,5198,35,10.100103378295898,-0.7940570116043091,9964,0.39589622616767883,19.03,183241,183342
0.83,0.0005,-11.98999993,0.03145452216267586,5200,35,9.425115585327148,0.057498443871736526,9968,0.774519681930542,18.8,183308,183409
0.83,0.0005,-12.056700400000004,0.03119916096329689,5201,35,10.04604434967041,1.130072832107544,9972,1.3022818565368652,18.66,183371,183472
0.83,0.0005,-12.089904720000002,0.031252071261405945,5203,35,11.07411003112793,0.8031333684921265,9976,2.1222000122070312,18.75,183452,183553
0.83,0.0005,-12.18880767,0.031196437776088715,5205,35,9.739755630493164,1.0219087600708008,9980,0.7049840092658997,18.59,183510,183611
0.84,0.0005,-11.84497812,0.03153055161237717,5207,35,10.753061294555664,-0.29025131464004517,9984,0.6615385413169861,18.55,183583,183684
0.83,0.0005,-11.937560050000002,0.032167695462703705,5208,35,12.445734977722168,0.3223075866699219,9988,1.2685551643371582,18.46,183653,183754
0.82,0.0005,-12.102776159999996,0.03182106465101242,5210,35,10.900230407714844,-0.0403008908033371,9992,0.2264661192893982,18.26,183723,183824
0.82,0.0005,-12.098724790000004,0.03194853290915489,5212,35,9.817167282104492,0.45087534189224243,9996,1.7937648296356201,18.23,183791,183892
0.82,0.0005,-12.189228159999995,0.03262125700712204,5214,35,10.018418312072754,0.4448219835758209,10000,0.36218225955963135,18.37,183866,183967
0.81,0.0005,-12.447835529999997,0.032763563096523285,5216,35,10.507878303527832,0.2534298300743103,10004,0.6247734427452087,18.2,183932,184033
0.8,0.0005,-12.66622863,0.03284447267651558,5218,35,10.322704315185547,0.7112258672714233,10008,0.26126453280448914,18.3,184021,184122
0.81,0.0005,-12.461010530000001,0.03298579156398773,5220,35,11.063558578491211,-0.12072496116161346,10012,0.44320887327194214,18.27,184088,184189
0.81,0.0005,-12.395219220000001,0.03256547451019287,5221,35,8.916221618652344,0.02678382396697998,10016,1.4563372135162354,18.14,184161,184262
0.81,0.0005,-12.214514340000003,0.03197907656431198,5223,35,9.796875953674316,-0.7051560282707214,10020,2.282805919647217,18.01,184224,184325
0.83,0.0005,-11.754542610000001,0.0310159120708704,5225,35,8.980045318603516,-0.5109358429908752,10024,0.497470498085022,18.34,184315,184416
0.83,0.0005,-11.92556459,0.030542291700839996,5226,35,10.189775466918945,-0.3593042492866516,10028,0.6957042217254639,18.37,184389,184490
0.84,0.0005,-11.680069819999998,0.030384814366698265,5228,35,11.107917785644531,0.508237361907959,10032,1.5380640029907227,18.48,184479,184580
0.83,0.0005,-11.979515899999999,0.030365942046046257,5230,35,10.92856216430664,0.06348191201686859,10036,0.7688632011413574,18.36,184542,184643
0.83,0.0005,-11.86440117,0.030404023826122284,5232,35,10.294538497924805,-0.16980049014091492,10040,0.950309693813324,18.17,184614,184715
0.82,0.0005,-12.157261620000003,0.030749987810850143,5233,35,10.728424072265625,0.8467994928359985,10044,0.9043892621994019,18.03,184678,184779
0.82,0.0005,-12.290429989999998,0.030637914314866066,5236,35,10.393588066101074,-0.3691447973251343,10048,0.2973535656929016,18.27,184772,184873
0.84,0.0005,-11.692551270000001,0.031031940132379532,5238,35,10.799052238464355,0.6525877118110657,10052,1.033707618713379,18.35,184852,184953
0.84,0.0005,-11.704604810000001,0.03071415238082409,5240,35,10.037322044372559,0.16680139303207397,10056,0.7711670398712158,18.39,184941,185042
0.84,0.0005,-11.656503780000001,0.030888216570019722,5241,35,10.7787504196167,0.5110710859298706,10060,1.4804165363311768,18.3,185001,185102
0.85,0.0005,-11.336435399999997,0.03108273819088936,5243,35,9.733899116516113,-0.06040078401565552,10064,1.4617605209350586,18.42,185083,185184
0.84,0.0005,-11.778468979999998,0.0304840337485075,5245,35,10.683526039123535,-0.21506500244140625,10068,2.260128974914551,18.62,185170,185271
0.85,0.0005,-11.523417369999999,0.030433135107159615,5247,35,9.027538299560547,-0.07368284463882446,10072,0.4050775170326233,18.77,185248,185349
0.84,0.0005,-11.614891259999997,0.030892539769411087,5249,35,9.53970718383789,1.3644239902496338,10076,3.6894848346710205,18.55,185307,185408
0.85,0.0005,-11.351687490000002,0.03168269991874695,5250,35,11.062664031982422,-1.2058665752410889,10080,1.2497999668121338,18.71,185381,185482
0.85,0.0005,-11.488938399999997,0.03251542150974274,5253,35,9.889236450195312,0.049110785126686096,10084,1.230703592300415,18.98,185481,185582
0.87,0.0005,-10.978961620000002,0.03265224024653435,5254,35,9.852265357971191,-0.2505866289138794,10088,1.0528093576431274,18.95,185548,185649
0.87,0.0005,-10.873459580000004,0.03265912085771561,5256,35,10.12738037109375,-0.8281141519546509,10092,2.5167062282562256,18.98,185621,185722
0.88,0.0005,-10.61434889,0.032208431512117386,5258,35,10.281641960144043,-0.5028282999992371,10096,1.253779411315918,19.13,185704,185805
0.88,0.0005,-10.624908,0.03145540878176689,5260,35,9.32861328125,0.6294276118278503,10100,2.2500126361846924,19.16,185782,185883
0.89,0.0005,-10.41569525,0.031131107360124588,5263,35,9.817480087280273,-0.0959596112370491,10104,1.8464269638061523,19.39,185871,185972
0.9,0.0005,-10.11367473,0.03068615309894085,5264,35,9.279563903808594,-0.3524687886238098,10108,2.1048929691314697,19.2,185941,186042
0.9,0.0005,-10.18564604,0.029693089425563812,5266,35,9.887253761291504,-0.7671438455581665,10112,0.5465245246887207,19.35,186023,186124
0.9,0.0005,-10.17658059,0.030177058652043343,5268,35,9.807233810424805,-0.2450193166732788,10116,0.705294132232666,19.42,186103,186204
0.91,0.0005,-10.05484067,0.030482623726129532,5270,35,9.234227180480957,0.2153906226158142,10120,1.1315605640411377,19.56,186180,186281
0.9,0.0005,-10.241489309999999,0.030308274552226067,5272,35,10.513040542602539,0.060938864946365356,10124,2.158750057220459,19.33,186248,186349
0.91,0.0005,-9.93658499,0.030208278447389603,5273,35,9.92614459991455,-0.014176487922668457,10128,2.38273549079895,19.42,186331,186432
0.91,0.0005,-9.78476669,0.03000570833683014,5275,35,9.1670503616333,-0.5176747441291809,10132,2.898895740509033,19.18,186397,186498
0.92,0.0005,-9.41559467,0.029713841155171394,5277,35,8.93840217590332,0.3982960283756256,10136,0.3908180892467499,19.38,186480,186581
0.89,0.0005,-10.3721299,0.029556265100836754,5278,35,9.560157775878906,0.7261346578598022,10140,0.9903627634048462,19.27,186541,186642
0.9,0.0005,-10.06114371,0.029442256316542625,5280,35,8.937881469726562,0.7769831418991089,10144,1.973418951034546,19.32,186610,186711
0.89,0.0005,-10.346512420000002,0.030118830502033234,5282,35,10.66824722290039,-0.35756224393844604,10148,1.7514413595199585,19.21,186693,186794
0.88,0.0005,-10.48762174,0.030814720317721367,5284,35,9.442789077758789,0.5213731527328491,10152,0.34424394369125366,19.16,186768,186869
0.87,0.0005,-10.711290010000003,0.031811852008104324,5286,35,10.179201126098633,0.48954272270202637,10156,1.5196959972381592,18.99,186840,186941
0.86,0.0005,-11.042942169999998,0.03192823380231857,5287,35,10.93014144897461,-0.17309917509555817,10160,1.5862962007522583,18.97,186898,186999
0.86,0.0005,-11.104997619999995,0.030802534893155098,5290,35,9.009964942932129,-0.28430795669555664,10164,1.230396032333374,19.0,186983,187084
0.86,0.0005,-11.038994920000002,0.030605249106884003,5292,35,10.314091682434082,0.1914592981338501,10168,2.1504111289978027,18.87,187057,187158
0.84,0.0005,-11.71322849,0.030833650380373,5294,35,11.393287658691406,1.1813127994537354,10172,0.7469455599784851,18.83,187131,187232
0.83,0.0005,-11.99797621,0.031185142695903778,5296,35,9.401878356933594,-0.5466297268867493,10176,0.5511625409126282,19.04,187211,187312
0.84,0.0005,-11.754288760000001,0.030459217727184296,5298,35,10.902450561523438,0.934211254119873,10180,0.642410159111023,19.14,187295,187396
0.83,0.0005,-11.784147420000002,0.030586708337068558,5300,35,10.145965576171875,0.4210880398750305,10184,0.7806280851364136,18.87,187368,187469
0.83,0.0005,-11.807284639999995,0.03108355961740017,5302,35,9.486578941345215,-0.5715766549110413,10188,0.3723025918006897,18.96,187444,187545
0.84,0.0005,-11.721695359999998,0.030984675511717796,5304,35,9.343245506286621,0.32886648178100586,10192,1.6565980911254883,19.12,187533,187634
0.84,0.0005,-11.686448440000001,0.030559934675693512,5306,35,9.973133087158203,0.5277889966964722,10196,0.42683932185173035,19.02,187606,187707
0.83,0.0005,-12.022970450000003,0.031039323657751083,5308,35,9.848987579345703,-0.3299228549003601,10200,0.15334202349185944,19.04,187686,187787
0.82,0.0005,-12.278737380000003,0.030872270464897156,5310,35,10.021615982055664,-0.19361314177513123,10204,1.6114943027496338,18.89,187760,187861
0.81,0.0005,-12.64859634,0.03028983063995838,5312,35,10.033365249633789,-0.10473854839801788,10208,0.813857913017273,18.95,187836,187937
0.8,0.0005,-12.969889549999998,0.030332859605550766,5315,35,9.759160995483398,0.101813405752182,10212,0.35634106397628784,18.92,187915,188016
0.78,0.0005,-13.411185669999998,0.030828900635242462,5316,35,8.532955169677734,-0.9461029171943665,10216,0.7454493641853333,18.74,187977,188078
0.77,0.0005,-13.725571759999998,0.030811971053481102,5318,35,10.556188583374023,-0.20554131269454956,10220,2.988166570663452,18.69,188049,188150
0.78,0.0005,-13.34685828,0.031025007367134094,5320,35,10.555887222290039,-0.9298386573791504,10224,0.6241472363471985,18.62,188110,188211
0.77,0.0005,-13.655321829999998,0.03128788620233536,5322,35,10.36276912689209,-1.041782259941101,10228,1.5163052082061768,18.55,188186,188287
0.76,0.0005,-13.942164790000001,0.031420283019542694,5324,35,10.682683944702148,-0.692359209060669,10232,0.6066044569015503,18.63,188260,188361
0.77,0.0005,-13.685030050000002,0.030776459723711014,5326,35,10.039592742919922,-0.5748609304428101,10236,0.29306888580322266,18.56,188336,188437
0.8,0.0005,-12.79988814,0.030490800738334656,5328,35,9.617814064025879,0.8315157890319824,10240,0.9515253901481628,18.74,188415,188516
0.8,0.0005,-12.764651140000002,0.03076419234275818,5330,35,10.286123275756836,0.4686656892299652,10244,3.0357344150543213,18.74,188484,188585
0.8,0.0005,-12.528699800000002,0.02964821085333824,5331,35,11.20352554321289,0.21556590497493744,10248,2.1773252487182617,18.53,188546,188647
0.8,0.0005,-12.701628419999999,0.02899305336177349,5333,35,11.083084106445312,0.13750311732292175,10252,1.83583664894104,18.53,188621,188722
0.8,0.0005,-12.78442369,0.029557857662439346,5335,35,9.384111404418945,0.045812398195266724,10256,2.1009621620178223,18.63,188703,188804
0.82,0.0005,-12.25495102,0.029882412403821945,5338,35,9.66456127166748,-0.23777508735656738,10260,0.6986398696899414,18.91,188789,188890
0.82,0.0005,-12.21305866,0.029716869816184044,5340,35,10.157556533813477,-0.3156362771987915,10264,0.6932275891304016,18.85,188868,188969
0.81,0.0005,-12.483151909999998,0.029110264033079147,5342,35,9.551738739013672,-0.5369224548339844,10268,0.27653419971466064,18.75,188932,189033
0.83,0.0005,-11.848311039999999,0.02918166294693947,5344,35,10.312238693237305,-0.31075531244277954,10272,0.6849611401557922,18.82,189013,189114
0.85,0.0005,-11.385761630000001,0.02966165728867054,5346,35,10.195320129394531,-0.8288252949714661,10276,0.9093828797340393,18.76,189087,189188
0.85,0.0005,-11.31084384,0.029187660664319992,5348,35,9.921558380126953,1.6008129119873047,10280,1.6202503442764282,18.68,189163,189264
0.86,0.0005,-11.077289990000002,0.02937527559697628,5349,35,9.32237720489502,-0.4518417716026306,10284,0.9570668935775757,18.64,189232,189333
0.86,0.0005,-11.084022679999999,0.029683293774724007,5352,35,10.049627304077148,-0.18534690141677856,10288,0.5316917300224304,18.68,189312,189413
0.85,0.0005,-11.322591249999999,0.0298435240983963,5353,35,8.812032699584961,0.8171762228012085,10292,1.2600295543670654,18.49,189382,189483
0.84,0.0005,-11.45399131,0.030192898586392403,5355,35,10.382800102233887,-0.22929170727729797,10296,1.0323525667190552,18.46,189452,189553
0.85,0.0005,-11.143875229999999,0.029536835849285126,5358,35,10.456820487976074,-1.5750322341918945,10300,2.937546730041504,18.52,189538,189639
0.86,0.0005,-10.852906340000002,0.02954757772386074,5360,35,10.467182159423828,-0.4053443968296051,10304,0.6859208345413208,18.56,189616,189717
0.86,0.0005,-10.8717488,0.02943098545074463,5362,35,9.560792922973633,-0.1241694986820221,10308,0.6559656262397766,18.61,189697,189798
0.86,0.0005,-10.77144532,0.028792446479201317,5364,35,9.798440933227539,-1.2749112844467163,10312,1.2656437158584595,18.46,189761,189862
0.87,0.0005,-10.671646999999998,0.028621040284633636,5366,35,9.881420135498047,1.126720905303955,10316,1.3302558660507202,18.59,189836,189937
0.88,0.0005,-10.35369897,0.030235840007662773,5385,35,12.695289611816406,0.8768945932388306,10320,1.9136971235275269,18.63,189912,190013
0.87,0.0005,-10.805678620000004,0.03148014098405838,5387,35,10.058838844299316,0.34832555055618286,10324,0.8232237100601196,18.78,189988,190089
0.87,0.0005,-10.713574959999999,0.03203611820936203,5389,35,8.397132873535156,0.21471485495567322,10328,1.6427661180496216,18.65,190051,190152
0.88,0.0005,-10.46865077,0.03227117285132408,5391,35,9.311748504638672,-0.005060069262981415,10332,0.6631431579589844,18.62,190122,190223
0.86,0.0005,-11.041944619999999,0.03246970474720001,5393,35,9.628490447998047,0.2877480685710907,10336,0.5546207427978516,18.7,190206,190307
0.86,0.0005,-11.011886360000004,0.03212429955601692,5395,35,9.06653881072998,0.44727665185928345,10340,0.4536411464214325,18.7,190285,190386
0.86,0.0005,-11.004763239999999,0.03200848028063774,5397,35,9.595267295837402,0.16522276401519775,10344,1.196775197982788,18.66,190350,190451
0.86,0.0005,-11.142083399999999,0.032191984355449677,5399,35,10.289408683776855,-0.4622291326522827,10348,0.29356715083122253,18.7,190416,190517
0.86,0.0005,-11.098964630000003,0.03180396184325218,5401,35,9.773990631103516,0.3419632911682129,10352,0.5372037887573242,18.65,190486,190587
0.85,0.0005,-11.119883209999998,0.031084425747394562,5403,35,9.068304061889648,0.631772518157959,10356,1.798495888710022,18.58,190561,190662
0.85,0.0005,-11.12714166,0.031407780945301056,5405,35,11.065747261047363,0.2588922083377838,10360,1.523484230041504,18.52,190641,190742
0.84,0.0005,-11.352847930000001,0.032947320491075516,5407,35,9.848450660705566,0.9868335723876953,10364,0.6937485337257385,18.34,190702,190803
0.85,0.0005,-10.92604867,0.03323384001851082,5409,35,10.64126968383789,-0.6070432662963867,10368,1.6360810995101929,18.45,190777,190878
0.85,0.0005,-10.944642380000003,0.032370347529649734,5412,35,9.729392051696777,-0.20472490787506104,10372,0.9365925192832947,18.52,190865,190966
0.85,0.0005,-10.978595349999999,0.03186869993805885,5414,35,11.116593360900879,-0.2622644901275635,10376,1.11065673828125,18.53,190940,191041
0.84,0.0005,-11.330509990000001,0.03159895911812782,5416,35,9.330089569091797,-0.11861300468444824,10380,0.44731083512306213,18.51,191014,191115
0.83,0.0005,-11.687522049999998,0.030972778797149658,5418,35,10.823043823242188,-0.7443907260894775,10384,3.492783308029175,18.5,191082,191183
0.82,0.0005,-11.997351899999998,0.030500639230012894,5420,35,10.252992630004883,-1.0731220245361328,10388,0.38275301456451416,18.4,191152,191253
0.82,0.0005,-12.051672510000001,0.029644275084137917,5423,35,11.221498489379883,-0.7006462812423706,10392,0.3247585892677307,18.49,191231,191332
0.83,0.0005,-11.931825850000001,0.029134614393115044,5425,35,10.16083812713623,-0.4670504927635193,10396,2.4834399223327637,18.56,191308,191409
0.82,0.0005,-12.038857539999997,0.029327305033802986,5427,35,9.29739761352539,0.5284575819969177,10400,1.012752652168274,18.33,191371,191472
0.81,0.0005,-12.289753909999996,0.030015073716640472,5429,35,10.868956565856934,0.6554849147796631,10404,2.889397621154785,18.4,191456,191557
0.8,0.0005,-12.375129789999999,0.03142471984028816,5431,35,11.658008575439453,0.02461022138595581,10408,5.330871105194092,18.47,191544,191645
0.81,0.0005,-12.159064420000002,0.03084513545036316,5433,35,9.887940406799316,-0.6393091082572937,10412,0.6997923254966736,18.66,191627,191728
0.81,0.0005,-12.071442750000001,0.030837303027510643,5435,35,10.29758071899414,0.44661861658096313,10416,0.6904969811439514,18.52,191688,191789
0.79,0.0005,-12.683772570000004,0.030956117436289787,5437,35,9.675731658935547,-0.5847822427749634,10420,1.1611168384552002,18.44,191756,191857
0.8,0.0005,-12.297892740000002,0.030685225501656532,5439,35,11.38759994506836,-0.21325623989105225,10424,1.10197114944458,18.44,191832,191933
0.79,0.0005,-12.618798320000002,0.030984757468104362,5440,35,8.740645408630371,-0.06260597705841064,10428,0.4295247197151184,18.42,191893,191994
0.79,0.0005,-12.590425160000002,0.031228244304656982,5442,35,10.798624992370605,0.12231844663619995,10432,3.060354709625244,18.42,191964,192065
0.81,0.0005,-12.017557820000004,0.030972210690379143,5444,35,9.406134605407715,0.32264792919158936,10436,2.9847683906555176,18.35,192041,192142
0.8,0.0005,-12.30509303,0.030737830325961113,5446,35,9.712181091308594,0.8177727460861206,10440,0.796760618686676,18.3,192115,192216
0.8,0.0005,-12.35176714,0.031044261530041695,5448,35,10.399856567382812,0.3622572720050812,10444,0.5077738165855408,18.37,192187,192288
0.8,0.0005,-12.241466469999999,0.0311361625790596,5450,35,9.617630958557129,-0.21261605620384216,10448,0.5470534563064575,18.44,192260,192361
0.8,0.0005,-12.24198796,0.031184935942292213,5452,35,10.635868072509766,0.7605708241462708,10452,1.8136383295059204,18.47,192333,192434
0.82,0.0005,-11.837353600000002,0.03134980797767639,5454,35,9.75389289855957,0.3960232138633728,10456,2.0405125617980957,18.46,192407,192508
0.81,0.0005,-12.147888839999998,0.031197072938084602,5456,35,11.354092597961426,-0.28310978412628174,10460,0.8209421634674072,18.46,192487,192588
0.82,0.0005,-11.960984789999998,0.03101133368909359,5459,35,10.173629760742188,0.3649129271507263,10464,0.7348631620407104,18.68,192570,192671
0.82,0.0005,-11.95820799,0.03193464130163193,5461,35,9.974390029907227,-0.484948068857193,10468,1.0048696994781494,18.69,192646,192747
0.81,0.0005,-12.20193858,0.032206371426582336,5462,35,9.312036514282227,0.20311972498893738,10472,0.6217082738876343,18.49,192714,192815
0.78,0.0005,-13.100038520000004,0.03263649344444275,5464,35,9.88675594329834,0.12277594208717346,10476,0.42520034313201904,18.28,192768,192869
0.79,0.0005,-12.714205900000001,0.03312110900878906,5466,35,11.160390853881836,-0.1163816750049591,10480,2.2918660640716553,18.2,192834,192935
0.8,0.0005,-12.42115146,0.03399467095732689,5468,35,10.425376892089844,0.38995423913002014,10484,1.0467649698257446,18.25,192907,193008
0.81,0.0005,-12.06260911,0.03362799808382988,5470,35,9.611473083496094,-0.36246442794799805,10488,0.6478629112243652,18.26,192978,193079
0.81,0.0005,-12.090329820000001,0.03434228152036667,5472,35,10.761764526367188,-0.8043270707130432,10492,0.39841777086257935,18.33,193064,193165
0.8,0.0005,-12.297283120000001,0.033116016536951065,5474,35,10.521883010864258,-0.15868526697158813,10496,1.353696346282959,18.3,193138,193239
0.8,0.0005,-12.43081639,0.03298814594745636,5476,35,9.155050277709961,0.6662315130233765,10500,0.6275812983512878,18.33,193204,193305
0.8,0.0005,-12.3743471,0.03293269872665405,5478,35,10.754264831542969,0.46589523553848267,10504,0.8718065023422241,18.36,193292,193393
0.81,0.0005,-12.10317223,0.03353668376803398,5480,35,10.324731826782227,-0.200859934091568,10508,0.6832871437072754,18.22,193366,193467
0.8,0.0005,-12.425370999999998,0.032868415117263794,5482,35,9.232124328613281,-0.6046088337898254,10512,1.184346318244934,18.18,193445,193546
0.8,0.0005,-12.434897360000003,0.03212614357471466,5484,35,9.655126571655273,-0.6891997456550598,10516,0.8753963112831116,18.5,193538,193639
0.81,0.0005,-12.142715679999998,0.03206177055835724,5486,35,9.73551082611084,0.820572555065155,10520,2.2047135829925537,18.55,193611,193712
0.81,0.0005,-12.13176429,0.032034166157245636,5488,35,9.417536735534668,-1.3477282524108887,10524,1.4480304718017578,18.51,193683,193784
0.83,0.0005,-11.60243925,0.03138992190361023,5491,35,10.161681175231934,0.42044058442115784,10528,0.9384232759475708,18.75,193768,193869
0.83,0.0005,-11.736059000000001,0.031414277851581573,5493,35,9.230326652526855,0.06401081383228302,10532,0.36394262313842773,18.92,193856,193957
0.81,0.0005,-12.36104758,0.03112911805510521,5495,35,9.040863037109375,-0.34281396865844727,10536,1.4497243165969849,18.77,193918,194019
0.82,0.0005,-12.131747769999999,0.03102395124733448,5497,35,9.341782569885254,-0.5800245404243469,10540,2.635159492492676,18.91,194006,194107
0.82,0.0005,-12.248177699999996,0.030383814126253128,5500,35,10.470016479492188,-0.25991585850715637,10544,0.5581057667732239,19.12,194099,194200
0.81,0.0005,-12.58289871,0.03065876103937626,5501,35,11.071996688842773,-0.3369311988353729,10548,0.44795456528663635,19.08,194168,194269
0.81,0.0005,-12.506957969999997,0.030938319861888885,5504,35,10.43013858795166,0.19292457401752472,10552,0.7616198062896729,19.16,194249,194350
0.81,0.0005,-12.523361659999999,0.030523641034960747,5506,35,9.267281532287598,0.007962524890899658,10556,1.6109113693237305,19.2,194327,194428
0.82,0.0005,-12.096932739999998,0.02971750870347023,5508,35,8.822515487670898,0.07561829686164856,10560,1.5671528577804565,19.07,194394,194495
0.81,0.0005,-12.20124654,0.02967052161693573,5510,35,11.353608131408691,0.44067442417144775,10564,3.36228346824646,18.94,194464,194565
0.81,0.0005,-12.40389537,0.029325438663363457,5512,35,10.126747131347656,-0.13133025169372559,10568,1.0516730546951294,19.05,194551,194652
0.8,0.0005,-12.560693660000002,0.029210807755589485,5514,35,9.634602546691895,0.8697760701179504,10572,1.2990422248840332,18.94,194608,194709
0.82,0.0005,-12.01981931,0.028877336531877518,5516,35,10.474151611328125,-1.1274075508117676,10576,0.2264731526374817,19.15,194683,194784
0.82,0.0005,-12.04529675,0.028510287404060364,5518,35,8.496894836425781,-0.4412442445755005,10580,2.741575241088867,19.23,194757,194858
0.82,0.0005,-12.00560072,0.028190644457936287,5520,35,10.321927070617676,0.17721840739250183,10584,1.7234387397766113,19.17,194824,194925
0.82,0.0005,-12.11134318,0.029106557369232178,5522,35,10.450003623962402,0.4299060106277466,10588,3.2991371154785156,19.24,194902,195003
0.83,0.0005,-11.809892140000002,0.028940822929143906,5524,35,10.316415786743164,-0.741036593914032,10592,0.10522066801786423,19.26,194990,195091
0.82,0.0005,-12.167101539999999,0.028606222942471504,5526,35,10.093353271484375,-0.4323917031288147,10596,0.42038166522979736,19.13,195051,195152
0.81,0.0005,-12.32423657,0.028421590104699135,5528,35,8.827630996704102,0.07116152346134186,10600,0.9009901285171509,19.13,195117,195218
0.8,0.0005,-12.57916522,0.028439851477742195,5529,35,8.638858795166016,-0.04769989848136902,10604,0.5616605281829834,18.98,195190,195291
0.8,0.0005,-12.7004324,0.028601422905921936,5531,35,8.379877090454102,0.1578218787908554,10608,0.6931515336036682,18.93,195259,195360
0.8,0.0005,-12.70278285,0.029198406264185905,5533,35,8.471712112426758,0.2436739206314087,10612,1.3289116621017456,18.95,195340,195441
0.8,0.0005,-12.726827799999999,0.02943282388150692,5535,35,9.161723136901855,-0.988888144493103,10616,0.4703485369682312,18.67,195405,195506
0.79,0.0005,-12.952478239999998,0.029736481606960297,5537,35,9.611796379089355,1.0324387550354004,10620,1.6136934757232666,18.66,195477,195578
0.79,0.0005,-13.047124010000003,0.02955911122262478,5539,35,11.050537109375,-0.14694303274154663,10624,1.135706901550293,18.78,195561,195662
0.79,0.0005,-12.940821560000002,0.030432838946580887,5541,35,10.44726276397705,-0.08308076858520508,10628,0.39924007654190063,18.61,195629,195730
0.78,0.0005,-13.171362389999999,0.03037022054195404,5542,35,9.609992980957031,0.9510046243667603,10632,0.45432183146476746,18.48,195704,195805
0.8,0.0005,-12.56047924,0.03031514771282673,5545,35,10.89405632019043,0.2797499895095825,10636,0.588728129863739,18.68,195786,195887
0.77,0.0005,-13.417398999999998,0.02995307371020317,5546,35,10.921364784240723,-0.3938677906990051,10640,0.9887278079986572,18.41,195847,195948
0.77,0.0005,-13.406676130000001,0.028842395171523094,5549,35,10.940873146057129,0.36342060565948486,10644,1.014086365699768,18.37,195936,196037
0.78,0.0005,-13.26979785,0.02880875952541828,5551,35,8.784334182739258,-0.5394585132598877,10648,0.4202765226364136,18.52,196020,196121
0.78,0.0005,-13.35408538,0.02888745814561844,5553,35,9.438865661621094,0.4914795756340027,10652,1.033744215965271,18.6,196109,196210
0.77,0.0005,-13.613667609999998,0.02923538349568844,5555,35,9.730835914611816,0.533774733543396,10656,0.5449801087379456,18.46,196173,196274
0.77,0.0005,-13.674483760000001,0.029311254620552063,5557,35,9.106853485107422,-0.3504742383956909,10660,0.7954070568084717,18.57,196251,196352
0.78,0.0005,-13.503579210000003,0.029298296198248863,5559,35,9.193398475646973,-0.14236462116241455,10664,1.2918604612350464,18.67,196331,196432
0.78,0.0005,-13.409678640000003,0.02946656197309494,5561,35,9.815868377685547,-0.21292096376419067,10668,1.7376348972320557,18.45,196396,196497
0.79,0.0005,-13.18266255,0.02981157973408699,5563,35,9.365120887756348,-0.13172391057014465,10672,0.7908706665039062,18.7,196478,196579
0.79,0.0005,-13.17711669,0.029869677498936653,5565,35,8.959177017211914,-0.08062654733657837,10676,0.8371036648750305,18.67,196550,196651
0.77,0.0005,-13.809665349999998,0.02974705398082733,5567,35,9.313899993896484,-0.8251451849937439,10680,0.976917564868927,18.55,196612,196713
0.77,0.0005,-13.85412159,0.02981763519346714,5569,35,10.240801811218262,-0.22013765573501587,10684,0.5223144888877869,18.62,196686,196787
0.77,0.0005,-13.86509701,0.031079133972525597,5571,35,11.421613693237305,-0.45646366477012634,10688,1.1651387214660645,18.67,196769,196870
0.76,0.0005,-13.9131827,0.03173347935080528,5573,35,9.726587295532227,-1.0107765197753906,10692,0.9446249008178711,18.4,196830,196931
0.77,0.0005,-13.68903922,0.031904347240924835,5575,35,9.458284378051758,0.23469989001750946,10696,0.8412028551101685,18.56,196907,197008
0.77,0.0005,-13.699725820000001,0.03205104544758797,5577,35,8.802700996398926,-0.21769818663597107,10700,0.4227263927459717,18.56,196973,197074
0.78,0.0005,-13.5048236,0.03129534050822258,5579,35,9.587630271911621,0.6136081218719482,10704,0.8026018142700195,18.55,197045,197146
0.78,0.0005,-13.45792336,0.03107728250324726,5581,35,9.036638259887695,-0.28429114818573,10708,1.4460444450378418,18.71,197130,197231
0.78,0.0005,-13.39716132,0.030576804652810097,5583,35,8.44637680053711,-0.06448154151439667,10712,1.0963022708892822,18.61,197201,197302
0.79,0.0005,-13.164639849999999,0.030241644009947777,5585,35,11.120387077331543,0.5063865184783936,10716,2.8330111503601074,18.76,197281,197382
0.81,0.0005,-12.670807060000001,0.030151134356856346,5587,35,9.761419296264648,-0.07256695628166199,10720,0.29281729459762573,18.87,197364,197465
0.79,0.0005,-13.104560680000002,0.030497722327709198,5589,35,9.864046096801758,0.4503844976425171,10724,2.0942299365997314,18.75,197436,197537
0.78,0.0005,-13.458551630000002,0.030109474435448647,5591,35,10.848464965820312,-0.45025765895843506,10728,3.1425395011901855,18.74,197503,197604
0.78,0.0005,-13.51191316,0.028984347358345985,5593,35,9.70292854309082,0.2673663794994354,10732,0.5782599449157715,18.79,197583,197684
0.78,0.0005,-13.4817669,0.028942622244358063,5595,35,11.793853759765625,0.7228014469146729,10736,1.5293431282043457,18.68,197654,197755
0.81,0.0005,-12.596479500000001,0.028949247673153877,5597,35,8.932321548461914,0.20107248425483704,10740,1.3890631198883057,18.94,197741,197842
0.81,0.0005,-12.50647839,0.028991704806685448,5599,35,8.993728637695312,0.8281220197677612,10744,0.6655100584030151,18.83,197819,197920
0.8,0.0005,-12.765455299999996,0.029478641226887703,5601,35,9.980992317199707,0.5313445925712585,10748,0.4401128888130188,18.71,197891,197992
0.81,0.0005,-12.39192115,0.028985388576984406,5603,35,8.720830917358398,0.32690316438674927,10752,0.9510856866836548,18.51,197960,198061
0.81,0.0005,-12.336113229999999,0.029593655839562416,5605,35,9.942096710205078,0.9043934941291809,10756,1.3075560331344604,18.71,198044,198145
0.8,0.0005,-12.63638422,0.030034244060516357,5607,35,9.193851470947266,-0.43714550137519836,10760,0.5227302312850952,18.62,198113,198214
0.79,0.0005,-12.929659170000004,0.02978368103504181,5609,35,9.365718841552734,0.05930519104003906,10764,1.517646312713623,18.5,198181,198282
0.79,0.0005,-12.927554720000003,0.02988903783261776,5610,35,9.242019653320312,0.33716467022895813,10768,1.3366574048995972,18.51,198247,198348
0.8,0.0005,-12.68799444,0.02995358593761921,5612,35,9.898076057434082,-0.10217145085334778,10772,0.4966023564338684,18.44,198322,198423
0.8,0.0005,-12.665251849999999,0.030180443078279495,5614,35,10.030008316040039,0.7695752382278442,10776,0.9624907970428467,18.47,198397,198498
0.81,0.0005,-12.34556368,0.03022352233529091,5616,35,9.168295860290527,-0.011858902871608734,10780,1.26621413230896,18.54,198466,198567
0.81,0.0005,-12.34439268,0.029183339327573776,5618,35,9.791537284851074,-0.5474934577941895,10784,1.9887845516204834,18.54,198540,198641
0.8,0.0005,-12.52811528,0.028583098202943802,5619,35,10.297623634338379,-0.16771546006202698,10788,0.7106364965438843,18.3,198599,198700
0.81,0.0005,-12.299722980000002,0.02823091298341751,5621,35,8.623058319091797,1.0354365110397339,10792,0.8236100077629089,18.34,198664,198765
0.8,0.0005,-12.624168979999997,0.028492674231529236,5623,35,9.845463752746582,-0.20766481757164001,10796,0.6822161674499512,18.33,198740,198841
0.82,0.0005,-12.184709539999998,0.02818167209625244,5625,35,10.452367782592773,0.10753293335437775,10800,0.9247593879699707,18.43,198816,198917
0.8,0.0005,-12.709849349999999,0.028195980936288834,5627,35,9.607585906982422,-0.2619008421897888,10804,0.16397491097450256,18.33,198878,198979
0.81,0.0005,-12.51466866,0.027841933071613312,5629,35,9.731880187988281,-0.6177784204483032,10808,0.8228917121887207,18.28,198958,199059
0.8,0.0005,-12.74117704,0.027594048529863358,5631,35,10.459482192993164,0.7590380907058716,10812,0.7161683440208435,18.26,199027,199128
0.8,0.0005,-12.645989590000005,0.027696924284100533,5632,35,8.727643013000488,-0.36861374974250793,10816,0.7482770681381226,18.12,199093,199194
0.79,0.0005,-12.93350406,0.02771044708788395,5634,35,10.446914672851562,-0.23257498443126678,10820,0.4809389114379883,18.08,199172,199273
0.81,0.0005,-12.446671399999996,0.027529709041118622,5636,35,8.858725547790527,0.9316720962524414,10824,1.4056477546691895,18.12,199248,199349
0.82,0.0005,-12.18787696,0.0281573124229908,5638,35,9.715520858764648,0.5544259548187256,10828,0.19298848509788513,18.25,199328,199429
0.83,0.0005,-11.945148280000002,0.028570909053087234,5640,35,9.075456619262695,0.568714439868927,10832,0.47045770287513733,18.37,199420,199521
0.83,0.0005,-12.007496830000001,0.02863101102411747,5642,35,9.953893661499023,0.37424883246421814,10836,2.1267263889312744,18.48,199502,199603
0.83,0.0005,-12.029153220000001,0.028748875483870506,5644,35,9.96915054321289,-0.12785783410072327,10840,1.5301200151443481,18.45,199586,199687
0.81,0.0005,-12.580210300000001,0.029090676456689835,5646,35,9.745742797851562,-0.22145985066890717,10844,2.1135377883911133,18.44,199663,199764
0.83,0.0005,-12.008415489999999,0.0295266043394804,5648,35,10.303619384765625,-0.4202897250652313,10848,0.5729499459266663,18.55,199746,199847
0.8,0.0005,-12.903499740000003,0.029410552233457565,5650,35,9.272586822509766,-0.487728089094162,10852,0.43573787808418274,18.54,199814,199915
0.8,0.0005,-12.96724509,0.029193514958024025,5652,35,9.511149406433105,1.044485092163086,10856,1.486304521560669,18.36,199880,199981
0.8,0.0005,-13.022548590000001,0.029735228046774864,5669,35,9.880229949951172,0.5523589253425598,10860,1.4835141897201538,18.45,199958,200059
0.8,0.0005,-13.0177497,0.029813747853040695,5671,35,10.56104850769043,1.4182765483856201,10864,1.2001720666885376,18.44,200025,200126
0.8,0.0005,-12.896001900000002,0.029907794669270515,5673,35,12.341117858886719,0.2955116629600525,10868,0.9067836999893188,18.41,200088,200189
0.8,0.0005,-12.948993649999998,0.03331804648041725,5675,35,11.805408477783203,0.7467324733734131,10872,1.321096658706665,18.49,200171,200272
0.79,0.0005,-13.094018919999998,0.03373556584119797,5677,35,10.313114166259766,-0.5060446858406067,10876,0.5340790748596191,18.45,200242,200343
0.76,0.0005,-13.79253007,0.03344137966632843,5678,35,10.48988151550293,-0.16388103365898132,10880,1.7584686279296875,18.32,200298,200399
0.76,0.0005,-13.849361329999999,0.03284715116024017,5681,35,9.897371292114258,-0.4242457151412964,10884,0.9207248687744141,18.42,200382,200483
0.76,0.0005,-13.776750389999997,0.03204406425356865,5683,35,10.01026725769043,0.20961163938045502,10888,2.243910074234009,18.49,200448,200549
0.76,0.0005,-13.883648489999999,0.031575754284858704,5685,35,8.688801765441895,-1.59738290309906,10892,0.7434173226356506,18.65,200529,200630
0.78,0.0005,-13.18589313,0.03080984205007553,5687,35,9.784529685974121,-1.190435767173767,10896,2.275599241256714,18.64,200604,200705
0.78,0.0005,-13.18499883,0.030058687552809715,5689,35,10.651643753051758,-0.7554181218147278,10900,0.7450991868972778,18.65,200681,200782
0.81,0.0005,-12.430631789999998,0.029676860198378563,5691,35,10.187286376953125,0.2357974648475647,10904,1.6331393718719482,18.89,200767,200868
0.8,0.0005,-12.67807219,0.029465368017554283,5693,35,9.522960662841797,-0.9508591890335083,10908,1.088141679763794,18.8,200838,200939
0.82,0.0005,-12.17308006,0.02937989868223667,5695,35,9.12135124206543,-0.31450438499450684,10912,0.3182619512081146,18.89,200916,201017
0.82,0.0005,-12.28354785,0.02929474599659443,5698,35,10.435352325439453,-0.7830744385719299,10916,1.221165657043457,19.07,201000,201101
0.82,0.0005,-12.2266901,0.02939033694565296,5699,35,9.159444808959961,0.36784717440605164,10920,2.9800970554351807,18.97,201069,201170
0.81,0.0005,-12.602015339999998,0.029409971088171005,5702,35,10.443097114562988,0.1957278549671173,10924,0.3478007912635803,19.02,201150,201251
0.81,0.0005,-12.655048599999997,0.029925189912319183,5704,35,9.4076566696167,-0.4624664783477783,10928,0.9214497804641724,19.12,201240,201341
0.81,0.0005,-12.613630679999998,0.02952650748193264,5706,35,10.276987075805664,0.6115891933441162,10932,2.0202369689941406,19.08,201328,201429
0.81,0.0005,-12.573867140000003,0.029827391728758812,5708,35,9.233649253845215,0.002103567123413086,10936,0.6778864860534668,19.04,201406,201507
0.81,0.0005,-12.52384199,0.03062771074473858,5710,35,10.328618049621582,-0.3492302894592285,10940,1.417484998703003,18.98,201484,201585
0.83,0.0005,-11.954580769999998,0.030468499287962914,5712,35,9.7034912109375,-0.07128311693668365,10944,1.3553764820098877,18.92,201555,201656
0.83,0.0005,-11.918060890000001,0.030363349243998528,5715,35,10.348058700561523,0.46418583393096924,10948,0.44916582107543945,18.91,201637,201738
0.86,0.0005,-11.09695781,0.030445510521531105,5717,35,10.441045761108398,-0.2914753556251526,10952,0.6011906862258911,18.97,201711,201812
0.87,0.0005,-10.77466322,0.030173974111676216,5719,35,9.244699478149414,-0.3705156743526459,10956,1.2171231508255005,19.02,201782,201883
0.88,0.0005,-10.465964229999999,0.029828671365976334,5721,35,9.59826946258545,0.2328171581029892,10960,0.33914294838905334,19.08,201866,201967
0.87,0.0005,-10.78947114,0.02960292249917984,5723,35,9.612150192260742,0.3188328146934509,10964,1.3782682418823242,19.05,201930,202031
0.88,0.0005,-10.630617420000004,0.02909066155552864,5725,35,10.85984992980957,-1.2178874015808105,10968,0.5213114023208618,19.15,202003,202104
0.88,0.0005,-10.61315384,0.029197705909609795,5727,35,9.96237564086914,-0.09358151257038116,10972,2.554720163345337,19.1,202081,202182
0.9,0.0005,-10.11182315,0.029124639928340912,5728,35,9.364950180053711,0.29280856251716614,10976,1.7565144300460815,19.05,202147,202248
0.93,0.0005,-9.31288629,0.02892407961189747,5730,35,9.627281188964844,-0.40333837270736694,10980,1.5148329734802246,19.19,202217,202318
0.92,0.0005,-9.542003720000002,0.02913365513086319,5732,35,9.856372833251953,0.8202620148658752,10984,0.4227747619152069,19.02,202284,202385
0.93,0.0005,-9.40246495,0.029618341475725174,5734,35,10.991175651550293,-0.4771344065666199,10988,0.5931142568588257,19.19,202367,202468
0.93,0.0005,-9.437687299999999,0.02953544817864895,5737,35,9.440815925598145,-0.17492961883544922,10992,3.3225576877593994,19.22,202451,202552
0.92,0.0005,-9.802255390000001,0.0292680487036705,5739,35,9.671092987060547,-0.04784463346004486,10996,0.9441988468170166,19.21,202525,202626
0.92,0.0005,-9.7872923,0.02953030914068222,5741,35,10.294812202453613,-0.1621895134449005,11000,0.7542787194252014,19.16,202597,202698
0.92,0.0005,-9.8074674,0.029349233955144882,5743,35,9.947195053100586,0.19364319741725922,11004,0.419533908367157,19.22,202689,202790
0.93,0.0005,-9.66663445,0.02970239333808422,5746,35,9.957120895385742,-0.47696831822395325,11008,0.23308458924293518,19.54,202792,202893
0.91,0.0005,-10.22620537,0.029594531282782555,5748,35,10.126049041748047,0.1390795111656189,11012,1.0099904537200928,19.38,202854,202955
0.89,0.0005,-10.60784448,0.030016133561730385,5749,35,8.827098846435547,0.3666937053203583,11016,1.2895883321762085,19.2,202920,203021
0.9,0.0005,-10.24446456,0.029914462938904762,5751,35,8.67460823059082,-0.48836246132850647,11020,3.451153516769409,19.19,202988,203089
0.9,0.0005,-10.154494440000002,0.029898349195718765,5753,35,9.46967601776123,-0.6573008298873901,11024,0.3816889524459839,19.06,203056,203157
0.9,0.0005,-10.094697270000001,0.02948448807001114,5755,35,8.99312973022461,-0.35405391454696655,11028,0.41820189356803894,18.96,203136,203237
0.9,0.0005,-10.040194080000003,0.028851399198174477,5757,35,10.466911315917969,0.4812549948692322,11032,0.3684702515602112,18.86,203214,203315
0.88,0.0005,-10.709370350000002,0.029067859053611755,5759,35,10.642322540283203,0.28954648971557617,11036,0.22480732202529907,18.76,203282,203383
0.87,0.0005,-10.976260440000003,0.02922241948544979,5760,35,10.047761917114258,1.2118481397628784,11040,1.6039478778839111,18.64,203348,203449
0.86,0.0005,-11.29039478,0.02975914254784584,5762,35,10.085502624511719,-0.6918069124221802,11044,1.0802165269851685,18.59,203414,203515
0.86,0.0005,-11.319240169999999,0.030449066311120987,5764,35,11.699089050292969,-0.283356249332428,11048,1.0416889190673828,18.58,203495,203596
0.86,0.0005,-11.358772440000001,0.03243514150381088,5767,35,10.239740371704102,1.776259422302246,11052,4.0800275802612305,18.65,203576,203677
0.85,0.0005,-11.598235329999998,0.033036984503269196,5769,35,11.068094253540039,-0.4358287453651428,11056,0.8426952958106995,18.72,203654,203755
0.85,0.0005,-11.513507819999997,0.03237202391028404,5771,35,10.012686729431152,-0.39587831497192383,11060,0.7058696746826172,18.55,203721,203822
0.86,0.0005,-11.172536179999998,0.03178708627820015,5773,35,9.941102027893066,0.4304139316082001,11064,0.8651529550552368,18.61,203791,203892
0.85,0.0005,-11.562914269999998,0.031723760068416595,5775,35,11.043570518493652,-0.1597568690776825,11068,0.47018611431121826,18.7,203873,203974
0.83,0.0005,-12.10637633,0.031379394233226776,5776,35,9.77332592010498,0.24303555488586426,11072,1.5346393585205078,18.49,203930,204031
0.82,0.0005,-12.397828069999997,0.031550802290439606,5778,35,9.599164009094238,-0.8430014848709106,11076,0.44870883226394653,18.45,203992,204093
0.83,0.0005,-12.230965259999998,0.03148732706904411,5780,35,9.509430885314941,-0.07252311706542969,11080,0.2158413976430893,18.54,204071,204172
0.82,0.0005,-12.498505660000001,0.03160100057721138,5782,35,10.255928039550781,-0.525662899017334,11084,0.9962986707687378,18.59,204143,204244
0.82,0.0005,-12.393754450000001,0.03095019795000553,5783,35,10.445455551147461,0.7644202709197998,11088,0.545750081539154,18.42,204209,204310
0.81,0.0005,-12.648990700000002,0.031221739947795868,5785,35,9.087045669555664,0.047865450382232666,11092,1.0544346570968628,18.35,204286,204387
0.81,0.0005,-12.637421380000001,0.031396958976984024,5787,35,10.504783630371094,-0.9493356943130493,11096,1.044349193572998,18.33,204358,204459
0.81,0.0005,-12.691786420000001,0.03073757328093052,5789,35,9.007715225219727,-0.519019603729248,11100,1.8607090711593628,18.42,204439,204540
0.8,0.0005,-12.79157593,0.03006930835545063,5791,35,9.427001953125,-0.013022691011428833,11104,0.6402981281280518,18.18,204507,204608
0.78,0.0005,-13.24769955,0.029779456555843353,5793,35,11.301987648010254,-0.03934293985366821,11108,1.2576309442520142,17.8,204572,204673
0.79,0.0005,-12.90872022,0.02967919409275055,5795,35,8.758277893066406,0.23908567428588867,11112,1.173621654510498,17.81,204635,204736
0.79,0.0005,-13.01829979,0.02956610918045044,5796,35,9.784990310668945,-0.12425123155117035,11116,3.263575315475464,17.7,204690,204791
0.79,0.0005,-13.13656857,0.029404431581497192,5798,35,9.408808708190918,-0.5935716032981873,11120,1.7436227798461914,17.81,204769,204870
0.8,0.0005,-12.872798639999996,0.029184725135564804,5800,35,9.66958236694336,-1.4945793151855469,11124,0.8168939352035522,17.95,204851,204952
0.79,0.0005,-13.136599049999997,0.028795501217246056,5802,35,10.573385238647461,-0.30477631092071533,11128,0.8836302161216736,17.8,204916,205017
0.79,0.0005,-13.197334649999998,0.028351467102766037,5805,35,10.0175142288208,-0.3807140588760376,11132,1.7966301441192627,17.92,205006,205107
0.81,0.0005,-12.508637020000002,0.028133396059274673,5806,35,10.078910827636719,1.3030996322631836,11136,0.604256272315979,17.94,205076,205177
0.81,0.0005,-12.57570179,0.0280971247702837,5808,35,10.917936325073242,-0.16722869873046875,11140,0.5721703767776489,18.05,205153,205254
0.82,0.0005,-12.306049129999998,0.02794463373720646,5811,35,8.660505294799805,-0.2571251392364502,11144,0.28310415148735046,18.15,205229,205330
0.8,0.0005,-12.746462339999999,0.027752747759222984,5812,35,8.082788467407227,-0.0610743910074234,11148,2.061846971511841,18.07,205302,205403
0.8,0.0005,-12.70837992,0.027862990275025368,5814,35,9.339543342590332,0.9052939414978027,11152,0.9465817809104919,18.02,205378,205479
0.8,0.0005,-12.845202820000003,0.02790205180644989,5816,35,10.37706470489502,-0.6236147880554199,11156,1.7489811182022095,17.99,205453,205554
0.79,0.0005,-13.123730159999997,0.028034668415784836,5818,35,8.919671058654785,-0.15867218375205994,11160,0.2729627788066864,17.9,205511,205612
0.8,0.0005,-12.83625194,0.027735091745853424,5820,35,9.759401321411133,-0.21864604949951172,11164,1.694227695465088,17.93,205584,205685
0.81,0.0005,-12.45140146,0.02809847891330719,5821,35,8.848518371582031,-0.3985127806663513,11168,0.9192780256271362,17.84,205657,205758
0.82,0.0005,-12.188453189999997,0.028519131243228912,5823,35,10.590754508972168,0.7555758953094482,11172,0.3334650993347168,18.0,205730,205831
0.82,0.0005,-12.180625269999998,0.029026424512267113,5825,35,10.451333999633789,-0.967072606086731,11176,1.4274485111236572,17.98,205790,205891
0.82,0.0005,-12.156720199999997,0.02912171743810177,5826,35,10.44940185546875,-0.03811214864253998,11180,3.0782806873321533,17.91,205862,205963
0.83,0.0005,-11.767298500000003,0.02986685000360012,5828,35,11.036005973815918,1.0673120021820068,11184,0.7589689493179321,17.88,205931,206032
0.82,0.0005,-12.128562039999998,0.030798589810729027,5830,35,10.468233108520508,0.13438577950000763,11188,0.9410358667373657,17.9,205999,206100
0.83,0.0005,-11.778110200000004,0.031300295144319534,5832,35,9.753270149230957,0.2955152988433838,11192,0.7072051763534546,17.84,206070,206171
0.83,0.0005,-11.752334749999997,0.03079473040997982,5833,35,8.455682754516602,-0.9237601161003113,11196,1.379765272140503,17.83,206141,206242
0.83,0.0005,-11.744264820000001,0.03072616457939148,5835,35,12.351369857788086,-0.8788850903511047,11200,3.5636544227600098,17.81,206220,206321
0.84,0.0005,-11.59723097,0.030973834916949272,5837,35,10.215374946594238,0.4112173318862915,11204,1.8908040523529053,17.91,206298,206399
0.86,0.0005,-10.948906869999998,0.032070450484752655,5839,35,10.571514129638672,-0.1515364795923233,11208,2.154618263244629,17.96,206368,206469
0.86,0.0005,-10.990985090000002,0.03232400491833687,5841,35,11.077150344848633,-0.5512167811393738,11212,0.7488677501678467,17.98,206433,206534
0.87,0.0005,-10.61417999,0.03240000456571579,5843,35,10.758514404296875,-1.8367139101028442,11216,0.7182528972625732,18.18,206508,206609
0.87,0.0005,-10.62856283,0.0311170294880867,5845,35,8.212373733520508,0.482162743806839,11220,0.4624861180782318,18.22,206591,206692
0.86,0.0005,-10.836107059999996,0.030556874349713326,5846,35,8.226516723632812,0.3738158345222473,11224,0.766926646232605,18.0,206651,206752
0.86,0.0005,-10.87867189,0.02983860671520233,5848,35,9.112817764282227,-0.3684576153755188,11228,0.4575785994529724,18.06,206722,206823
0.85,0.0005,-11.100609630000001,0.029442502185702324,5850,35,9.470535278320312,-0.3953455686569214,11232,0.2849387526512146,17.89,206795,206896
0.84,0.0005,-11.360475169999997,0.029366163536906242,5852,35,10.500005722045898,-0.4102550745010376,11236,2.873429298400879,17.96,206872,206973
0.83,0.0005,-11.50103605,0.029339732602238655,5853,35,8.865922927856445,0.02924315631389618,11240,0.22743922472000122,17.91,206944,207045
0.82,0.0005,-11.78729628,0.02928401343524456,5856,35,10.319375991821289,-0.34313374757766724,11244,1.882115125656128,17.86,207015,207116
0.83,0.0005,-11.481447949999996,0.02928038313984871,5858,35,9.63389778137207,0.26238954067230225,11248,0.5140084028244019,17.87,207089,207190
0.82,0.0005,-11.834503179999999,0.029446925967931747,5860,35,9.620253562927246,-1.0403186082839966,11252,0.6441131830215454,17.86,207164,207265
0.83,0.0005,-11.507960550000002,0.0289418026804924,5862,35,9.475441932678223,-0.6999026536941528,11256,0.34700441360473633,17.87,207240,207341
0.83,0.0005,-11.553879450000002,0.0288243368268013,5864,35,9.131994247436523,-0.09541315585374832,11260,0.5458787083625793,17.94,207305,207406
0.81,0.0005,-12.07867945,0.02872396446764469,5866,35,9.471195220947266,-0.20183302462100983,11264,0.6757984161376953,17.98,207382,207483
0.8,0.0005,-12.364975269999995,0.029266241937875748,5868,35,8.672788619995117,0.6655450463294983,11268,0.8160455822944641,17.94,207451,207552
0.81,0.0005,-12.050558370000003,0.02947893738746643,5870,35,9.171653747558594,-0.33376646041870117,11272,0.23518741130828857,17.99,207529,207630
0.82,0.0005,-11.87920258,0.029276954010128975,5872,35,9.863730430603027,0.6789491176605225,11276,2.1121888160705566,18.24,207614,207715
0.82,0.0005,-11.90370888,0.029465844854712486,5875,35,9.96615982055664,1.165447473526001,11280,3.378598690032959,18.33,207695,207796
0.82,0.0005,-12.04346337,0.02913641184568405,5877,35,9.255166053771973,-0.06410542875528336,11284,1.1925790309906006,18.36,207767,207868
0.82,0.0005,-12.0894197,0.02862480655312538,5879,35,9.2787504196167,-0.5208314657211304,11288,2.693958282470703,18.41,207840,207941
0.82,0.0005,-12.10349921,0.028739718720316887,5881,35,10.588998794555664,0.40625572204589844,11292,0.3829553425312042,18.47,207917,208018
0.83,0.0005,-11.822793489999999,0.02925458364188671,5883,35,9.849191665649414,0.013430669903755188,11296,1.1545884609222412,18.57,207998,208099
0.82,0.0005,-11.93422356,0.02919696643948555,5885,35,9.237848281860352,-0.5390398502349854,11300,0.746423602104187,18.43,208063,208164
0.81,0.0005,-12.082417020000003,0.02933792769908905,5888,35,11.462308883666992,0.5357727408409119,11304,0.7318645715713501,18.42,208140,208241
0.81,0.0005,-12.126454170000002,0.029945923015475273,5890,35,9.835617065429688,-1.320899486541748,11308,0.2456749975681305,18.57,208225,208326
0.81,0.0005,-12.03240351,0.029376626014709473,5892,35,8.7786865234375,-0.11471603810787201,11312,1.377406358718872,18.73,208306,208407
0.82,0.0005,-11.87650576,0.029265956953167915,5894,35,10.158609390258789,0.2695378363132477,11316,0.7493189573287964,18.77,208385,208486
0.82,0.0005,-11.824599410000001,0.028908755630254745,5897,35,9.784531593322754,0.5792626142501831,11320,0.36862683296203613,18.69,208460,208561
0.82,0.0005,-11.95021101,0.02877245657145977,5899,35,9.867446899414062,0.44804757833480835,11324,0.6046833992004395,18.86,208537,208638
0.83,0.0005,-11.689430830000001,0.028418181464076042,5901,35,9.662452697753906,-0.2862418293952942,11328,0.5932876467704773,19.0,208622,208723
0.83,0.0005,-11.727097900000004,0.028838522732257843,5904,35,10.306365966796875,-0.4434513449668884,11332,0.9365637302398682,19.03,208698,208799
0.83,0.0005,-11.840148499999998,0.028940292075276375,5906,35,10.12315559387207,0.7760842442512512,11336,2.404186725616455,19.02,208774,208875
0.84,0.0005,-11.579327020000001,0.029140720143914223,5908,35,9.899566650390625,0.38988199830055237,11340,1.9363725185394287,19.13,208857,208958
0.85,0.0005,-11.26496719,0.02927597053349018,5910,35,8.570080757141113,0.18541809916496277,11344,1.309800148010254,19.19,208934,209035
0.85,0.0005,-11.30114108,0.028912048786878586,5912,35,9.485180854797363,-0.6919800639152527,11348,1.4704878330230713,19.2,209009,209110
0.85,0.0005,-11.17505496,0.02870873548090458,5914,35,10.484016418457031,0.07174986600875854,11352,3.502346992492676,19.04,209068,209169
0.85,0.0005,-11.155732479999998,0.029558878391981125,5916,35,10.471705436706543,0.2979024052619934,11356,4.129143714904785,19.0,209140,209241
0.85,0.0005,-11.167421849999998,0.029759632423520088,5918,35,9.512883186340332,-0.4351174831390381,11360,1.805679202079773,19.03,209208,209309
0.86,0.0005,-10.874241330000002,0.029891861602663994,5920,35,10.075499534606934,-0.4673805236816406,11364,0.5163516402244568,19.05,209287,209388
0.87,0.0005,-10.533462400000001,0.029172848910093307,5922,35,10.266290664672852,-0.2954895496368408,11368,1.0874755382537842,19.11,209362,209463
0.86,0.0005,-10.846855950000002,0.028629597276449203,5924,35,9.4653902053833,-0.5586191415786743,11372,0.2700999081134796,19.04,209433,209534
0.86,0.0005,-10.784155310000006,0.02851872518658638,5926,35,11.303911209106445,-0.7094444036483765,11376,1.9503071308135986,18.92,209506,209607
0.86,0.0005,-10.83865511,0.028021689504384995,5929,35,9.821187973022461,-0.555031955242157,11380,1.4726948738098145,19.0,209595,209696
0.87,0.0005,-10.613408999999999,0.027878114953637123,5931,35,9.945858001708984,0.14307598769664764,11384,1.0011694431304932,19.17,209684,209785
0.88,0.0005,-10.24834615,0.027968227863311768,5933,35,9.749490737915039,-0.20063722133636475,11388,0.3343368172645569,19.14,209754,209855
0.88,0.0005,-10.282247169999998,0.028469551354646683,5935,35,9.301460266113281,0.10281974077224731,11392,1.5465720891952515,19.16,209833,209934
0.88,0.0005,-10.32367008,0.028436265885829926,5954,35,9.569430351257324,-0.11198877543210983,11396,0.3335796892642975,19.22,209920,210021
0.89,0.0005,-10.23621476,0.028011029586195946,5956,35,8.241658210754395,0.4192107319831848,11400,0.43684110045433044,19.43,210006,210107
0.9,0.0005,-10.0676574,0.027799587696790695,5959,35,8.354009628295898,0.41428953409194946,11404,1.891795039176941,19.46,210086,210187
0.88,0.0005,-10.71456512,0.02776043675839901,5960,35,10.554601669311523,-0.18299147486686707,11408,1.322021484375,19.3,210155,210256
0.88,0.0005,-10.9024086,0.027801338583230972,5963,35,9.698055267333984,0.19061116874217987,11412,1.298201560974121,19.27,210233,210334
0.88,0.0005,-10.923152850000001,0.028378965333104134,5965,35,11.070272445678711,0.5497052073478699,11416,3.014122724533081,19.27,210312,210413
0.86,0.0005,-11.57088366,0.028811218217015266,5967,35,10.397534370422363,1.892819881439209,11420,1.786197543144226,19.21,210381,210482
0.87,0.0005,-11.240589590000003,0.029883814975619316,5969,35,9.829955101013184,-0.7948362827301025,11424,1.83663010597229,19.28,210465,210566
0.85,0.0005,-11.630415489999997,0.029704000800848007,5971,35,9.684045791625977,0.46814972162246704,11428,0.2682066559791565,19.11,210533,210634
0.86,0.0005,-11.3177078,0.029269590973854065,5973,35,9.433045387268066,-0.5227100849151611,11432,2.8260176181793213,19.16,210614,210715
0.87,0.0005,-11.02835556,0.02868623286485672,5975,35,9.384119987487793,0.6873925924301147,11436,1.8931893110275269,19.28,210702,210803
0.88,0.0005,-10.888486920000002,0.028755441308021545,5978,35,9.378854751586914,0.4838167428970337,11440,2.3433284759521484,19.38,210795,210896
0.88,0.0005,-10.947467699999999,0.028786413371562958,5980,35,9.511722564697266,0.0764884501695633,11444,1.1089818477630615,19.47,210881,210982
0.89,0.0005,-10.674362349999999,0.028980545699596405,5982,35,9.268341064453125,-0.10161988437175751,11448,0.16523657739162445,19.37,210946,211047
0.89,0.0005,-10.769407150000001,0.029094185680150986,5984,35,8.5040864944458,0.43461763858795166,11452,1.4802073240280151,19.52,211020,211121
0.88,0.0005,-11.118148530000001,0.029362279921770096,5986,35,9.393636703491211,0.015593081712722778,11456,0.49594178795814514,19.56,211096,211197
0.89,0.0005,-10.79909811,0.028999455273151398,5988,35,8.553997039794922,-0.4112078547477722,11460,0.34989744424819946,19.61,211169,211270
0.89,0.0005,-10.79281632,0.028004111722111702,5990,35,9.926944732666016,0.0647997334599495,11464,0.2550095319747925,19.6,211247,211348
0.88,0.0005,-11.218110360000003,0.028073830530047417,5992,35,9.970989227294922,0.2191336303949356,11468,0.3499099016189575,19.66,211328,211429
0.89,0.0005,-10.939989039999999,0.028174739331007004,5994,35,10.8397855758667,-0.1914294958114624,11472,0.29580920934677124,19.75,211408,211509
0.88,0.0005,-11.176786599999998,0.02756224013864994,5996,35,8.836933135986328,-0.9498982429504395,11476,2.0593795776367188,19.64,211470,211571
0.87,0.0005,-11.37358496,0.02835707925260067,5998,35,11.444147109985352,2.0158350467681885,11480,0.7792218923568726,19.39,211534,211635
0.84,0.0005,-11.86067668,0.03019501455128193,6000,35,10.40080451965332,0.9800195097923279,11484,1.0680123567581177,19.27,211611,211712
0.84,0.0005,-11.91833734,0.031044350937008858,6002,35,8.99851131439209,0.9148015975952148,11488,3.312046527862549,19.38,211692,211793
0.84,0.0005,-11.89876567,0.03127003088593483,6004,35,11.50032901763916,1.1740400791168213,11492,2.0432658195495605,19.31,211764,211865
0.83,0.0005,-12.016530690000002,0.031971465796232224,6006,35,9.059343338012695,1.0519740581512451,11496,1.4655156135559082,19.25,211845,211946
0.83,0.0005,-11.966931850000002,0.032608356326818466,6008,35,11.584110260009766,0.20572391152381897,11500,1.8280330896377563,19.18,211924,212025
0.82,0.0005,-12.288186289999999,0.032925017178058624,6010,35,9.499539375305176,1.2366023063659668,11504,1.4897135496139526,19.16,212002,212103
0.83,0.0005,-11.83259816,0.03223036602139473,6012,35,8.852319717407227,-1.015035629272461,11508,0.5990715026855469,19.29,212084,212185
0.82,0.0005,-12.06758945,0.031450457870960236,6014,35,9.287911415100098,-0.27798113226890564,11512,1.795436143875122,19.14,212147,212248
0.82,0.0005,-11.958846130000001,0.030354896560311317,6015,35,8.84338665008545,-0.13470971584320068,11516,0.4380190372467041,19.04,212216,212317
0.83,0.0005,-11.56789534,0.02962314337491989,6017,35,10.100235939025879,-0.6999491453170776,11520,0.23460331559181213,19.11,212292,212393
0.83,0.0005,-11.50826855,0.02911258116364479,6019,35,8.781377792358398,0.4087080657482147,11524,1.6151459217071533,19.01,212366,212467
0.84,0.0005,-11.259989870000002,0.02860330417752266,6021,35,10.414159774780273,-0.06651639938354492,11528,1.908434510231018,19.06,212439,212540
0.83,0.0005,-11.599244150000002,0.02828638069331646,6023,35,10.182641983032227,-0.7470852732658386,11532,1.3061556816101074,19.06,212520,212621
0.82,0.0005,-11.818053260000001,0.027574511244893074,6025,35,9.292226791381836,-0.16634996235370636,11536,0.4965741038322449,18.82,212584,212685
0.81,0.0005,-12.01675952,0.028524203225970268,6026,35,9.89302921295166,0.8545346856117249,11540,0.5685228705406189,18.57,212652,212753
0.8,0.0005,-12.295238179999998,0.02906089648604393,6028,35,8.784187316894531,0.05072502791881561,11544,1.4827406406402588,18.4,212721,212822
0.8,0.0005,-12.435748839999999,0.02888530306518078,6030,35,9.770587921142578,0.07133364677429199,11548,0.7207767963409424,18.61,212807,212908
0.81,0.0005,-12.10324937,0.02882680483162403,6032,35,8.811277389526367,-0.29124629497528076,11552,1.1227202415466309,18.68,212888,212989
0.81,0.0005,-12.11128891,0.028282159939408302,6034,35,8.899795532226562,0.20613917708396912,11556,0.4016231894493103,18.7,212966,213067
0.8,0.0005,-12.4586957,0.028336871415376663,6036,35,9.658002853393555,-0.4621035158634186,11560,1.9013876914978027,18.75,213044,213145
0.81,0.0005,-12.223620009999998,0.02812035381793976,6038,35,10.262662887573242,-0.4154724180698395,11564,0.7824453115463257,18.68,213115,213216
0.81,0.0005,-12.07983854,0.02820594608783722,6040,35,8.980835914611816,-0.34307602047920227,11568,3.2407584190368652,18.44,213172,213273
0.8,0.0005,-12.462693049999999,0.028490573167800903,6042,35,9.70265007019043,0.4618404507637024,11572,0.5926744341850281,18.5,213258,213359
0.81,0.0005,-12.21307546,0.02900606580078602,6044,35,9.493423461914062,-0.21996967494487762,11576,1.1409497261047363,18.66,213336,213437
0.82,0.0005,-11.941870700000003,0.029143763706088066,6046,35,8.51861572265625,0.26528090238571167,11580,1.9969661235809326,18.76,213410,213511
0.85,0.0005,-11.43947374,0.029162995517253876,6048,35,9.050671577453613,0.061899542808532715,11584,2.078336238861084,18.84,213495,213596
0.84,0.0005,-11.678146289999999,0.02942653000354767,6049,35,9.379453659057617,0.2747284173965454,11588,0.3903133273124695,18.71,213563,213664
0.83,0.0005,-11.982296380000001,0.030084161087870598,6051,35,10.457277297973633,-0.5205246210098267,11592,1.5090464353561401,18.74,213638,213739
0.82,0.0005,-12.40395738,0.029638007283210754,6053,35,9.555225372314453,-1.0695617198944092,11596,2.050696849822998,18.57,213702,213803
0.82,0.0005,-12.39796224,0.029372837394475937,6055,35,7.8927693367004395,0.1808893084526062,11600,0.8835195899009705,18.54,213778,213879
0.83,0.0005,-12.012704139999999,0.02976745180785656,6056,35,10.012260437011719,0.3575606346130371,11604,0.3199036419391632,18.43,213845,213946
0.84,0.0005,-11.820088299999998,0.03003929927945137,6058,35,9.346010208129883,-0.29380854964256287,11608,1.007730484008789,18.36,213920,214021
0.86,0.0005,-11.28290987,0.031130654737353325,6061,35,8.501387596130371,-0.531696617603302,11612,0.30285879969596863,18.59,214006,214107
0.86,0.0005,-11.33656713,0.030847614631056786,6063,35,9.000066757202148,-0.5363109707832336,11616,0.5323816537857056,18.68,214084,214185
0.85,0.0005,-11.442203529999999,0.031747445464134216,6064,35,11.1285982131958,0.5242217779159546,11620,2.9221482276916504,18.64,214156,214257
0.85,0.0005,-11.52828383,0.03191128373146057,6067,35,10.482681274414062,0.3538125157356262,11624,1.397306203842163,18.74,214240,214341
0.86,0.0005,-11.239464319999998,0.03221077844500542,6068,35,10.379195213317871,1.0995310544967651,11628,2.2820498943328857,18.67,214306,214407
0.85,0.0005,-11.39349538,0.03264632448554039,6070,35,9.630064010620117,-0.35507553815841675,11632,0.7001683712005615,18.61,214381,214482
0.85,0.0005,-11.45512155,0.03153017908334732,6072,35,9.60433578491211,0.11947786808013916,11636,0.3935343623161316,18.71,214455,214556
0.86,0.0005,-11.076292170000002,0.030879586935043335,6074,35,10.141252517700195,0.3029094338417053,11640,0.7131978273391724,18.64,214516,214617
0.87,0.0005,-10.795389270000001,0.03006024844944477,6076,35,9.238569259643555,-0.1474696546792984,11644,0.42248496413230896,18.81,214602,214703
0.86,0.0005,-11.08956418,0.029541151598095894,6078,35,8.729707717895508,0.6794043183326721,11648,1.4089727401733398,18.75,214682,214783
0.85,0.0005,-11.33934657,0.029050158336758614,6080,35,10.827875137329102,0.10108581185340881,11652,1.7305177450180054,18.58,214746,214847
0.86,0.0005,-11.01706627,0.028672482818365097,6082,35,9.078376770019531,-0.3796156942844391,11656,0.719412088394165,18.65,214831,214932
0.85,0.0005,-11.326067590000005,0.028450220823287964,6084,35,10.964494705200195,-0.1851889193058014,11660,0.9766212701797485,18.56,214900,215001
0.85,0.0005,-11.412188460000003,0.02912816032767296,6087,35,10.05556869506836,-0.2734546363353729,11664,0.7989742159843445,18.75,214990,215091
0.85,0.0005,-11.56247026,0.028747057542204857,6089,35,9.483359336853027,0.507143497467041,11668,0.7715206146240234,18.99,215071,215172
0.85,0.0005,-11.359309959999997,0.02897919900715351,6091,35,9.66978645324707,0.30203133821487427,11672,0.20958183705806732,18.99,215157,215258
0.84,0.0005,-11.65172629,0.028791896998882294,6093,35,8.829275131225586,-1.3934406042099,11676,0.9756332635879517,18.87,215223,215324
0.83,0.0005,-11.930451889999999,0.02877362072467804,6094,35,9.363903999328613,0.22322702407836914,11680,0.3635448217391968,18.8,215290,215391
0.82,0.0005,-12.092917579999998,0.029214756563305855,6096,35,10.529475212097168,-0.5064986348152161,11684,0.804322361946106,18.54,215349,215450
0.83,0.0005,-11.84456788,0.029260506853461266,6098,35,10.234045028686523,0.7452085018157959,11688,1.3926674127578735,18.62,215425,215526
0.83,0.0005,-11.850451890000002,0.029059788212180138,6099,35,9.386580467224121,-0.0068836510181427,11692,0.8339111804962158,18.59,215497,215598
0.85,0.0005,-11.253230570000001,0.029277784749865532,6101,35,10.416449546813965,-0.26759397983551025,11696,0.3440428078174591,18.71,215573,215674
0.85,0.0005,-11.21728163,0.029052721336483955,6103,35,9.780691146850586,0.6456374526023865,11700,0.49683380126953125,18.68,215646,215747
0.84,0.0005,-11.658137120000001,0.029227424412965775,6105,35,10.704826354980469,0.31038740277290344,11704,1.4692550897598267,18.87,215732,215833
0.83,0.0005,-12.000076170000002,0.029309304431080818,6107,35,9.923248291015625,-0.07166700810194016,11708,0.2425791323184967,18.9,215810,215911
0.82,0.0005,-12.09501015,0.028877347707748413,6109,35,9.165379524230957,-0.512328028678894,11712,1.1438920497894287,18.8,215886,215987
0.82,0.0005,-12.0977294,0.028227344155311584,6111,35,8.6365966796875,0.40003782510757446,11716,0.5595870018005371,18.84,215968,216069
0.84,0.0005,-11.738997670000003,0.02752341702580452,6113,35,9.848423957824707,1.024622917175293,11720,1.5519702434539795,18.88,216044,216145
0.84,0.0005,-11.596487049999999,0.027565624564886093,6115,35,9.213207244873047,0.4927360713481903,11724,0.8671035766601562,18.68,216108,216209
0.84,0.0005,-11.649380990000003,0.027363911271095276,6117,35,8.988554000854492,0.6736677289009094,11728,0.3775694668292999,18.75,216181,216282
0.85,0.0005,-11.30859039,0.028106579557061195,6119,35,10.790826797485352,-0.15923593938350677,11732,2.9237923622131348,18.75,216256,216357
0.85,0.0005,-11.325619,0.028474194929003716,6121,35,8.650339126586914,-0.5048720836639404,11736,0.5184736251831055,18.81,216336,216437
0.85,0.0005,-11.437997850000002,0.028272652998566628,6123,35,9.891691207885742,-0.17232249677181244,11740,0.6584754586219788,18.99,216415,216516
0.85,0.0005,-11.36050626,0.027730237692594528,6125,35,9.274925231933594,0.31194329261779785,11744,1.345076560974121,18.83,216485,216586
0.86,0.0005,-10.9882783,0.027806898579001427,6126,35,10.341256141662598,0.8387404680252075,11748,0.7300552725791931,18.81,216563,216664
0.85,0.0005,-11.314838119999997,0.027590639889240265,6128,35,8.626407623291016,0.27731895446777344,11752,0.8924209475517273,18.78,216624,216725
0.85,0.0005,-11.28402807,0.027881696820259094,6130,35,10.762506484985352,-0.21436473727226257,11756,0.2549642324447632,18.66,216697,216798
0.86,0.0005,-10.95692664,0.0280111376196146,6132,35,8.647430419921875,0.29429590702056885,11760,1.300553321838379,18.67,216767,216868
0.84,0.0005,-11.453153589999998,0.02845330722630024,6133,35,9.075690269470215,0.5464866161346436,11764,0.9409185647964478,18.52,216842,216943
0.85,0.0005,-11.05110416,0.028822941705584526,6135,35,9.6984224319458,-0.051072463393211365,11768,0.6458231210708618,18.47,216918,217019
0.84,0.0005,-11.42780802,0.02881399542093277,6137,35,9.975910186767578,0.09613637626171112,11772,2.5755691528320312,18.23,216980,217081
0.85,0.0005,-11.103057020000001,0.028277447447180748,6138,35,9.403091430664062,-1.0948545932769775,11776,0.6633716821670532,18.25,217048,217149
0.86,0.0005,-10.763507550000002,0.028011690825223923,6140,35,9.426273345947266,0.14589253067970276,11780,0.6501900553703308,18.3,217120,217221
0.87,0.0005,-10.577224720000002,0.027896177023649216,6142,35,9.79011058807373,-0.06536811590194702,11784,1.0854449272155762,18.49,217198,217299
0.87,0.0005,-10.638752349999999,0.028752001002430916,6144,35,9.132755279541016,-0.3687591552734375,11788,0.5550273656845093,18.61,217286,217387
0.88,0.0005,-10.41439617,0.029304562136530876,6146,35,9.764026641845703,0.116269052028656,11792,0.9390438795089722,18.8,217377,217478
0.87,0.0005,-10.65922873,0.029383456334471703,6148,35,10.574331283569336,0.497903048992157,11796,2.036799907684326,18.88,217461,217562
0.87,0.0005,-10.705643270000001,0.03045688569545746,6150,35,9.632346153259277,0.21207553148269653,11800,1.6442707777023315,18.94,217540,217641
0.88,0.0005,-10.30369559,0.030503032729029655,6152,35,9.243980407714844,0.10747283697128296,11804,3.1423590183258057,18.8,217612,217713
0.88,0.0005,-10.14433687,0.03003460168838501,6154,35,8.434690475463867,-0.6374683380126953,11808,0.36562448740005493,18.69,217679,217780
0.88,0.0005,-10.22877389,0.02932112291455269,6156,35,10.985814094543457,-1.0079030990600586,11812,0.546623706817627,18.77,217763,217864
0.88,0.0005,-10.27419309,0.02843969501554966,6158,35,9.425019264221191,-0.36627066135406494,11816,2.4698381423950195,18.8,217848,217949
0.87,0.0005,-10.543824910000001,0.027971629053354263,6160,35,9.46367073059082,-0.10887354612350464,11820,2.6972107887268066,18.71,217915,218016
0.86,0.0005,-10.93778957,0.02783416025340557,6162,35,8.435404777526855,0.013584166765213013,11824,0.626541256904602,18.83,217991,218092
0.84,0.0005,-11.62129232,0.027522938326001167,6163,35,9.931970596313477,0.1064508929848671,11828,1.3630810976028442,18.81,218062,218163
0.85,0.0005,-11.543714990000002,0.0278407521545887,6166,35,9.291752815246582,0.005833759903907776,11832,0.7122001051902771,18.95,218151,218252
0.85,0.0005,-11.47690469,0.028189217671751976,6167,35,9.176712036132812,0.0032303333282470703,11836,0.6200742125511169,18.8,218216,218317
0.85,0.0005,-11.461634020000002,0.0274790208786726,6169,35,8.543922424316406,0.37359148263931274,11840,1.8060359954833984,18.76,218291,218392
0.85,0.0005,-11.58388474,0.027127105742692947,6172,35,9.66307258605957,-0.11240773648023605,11844,0.2695891261100769,18.97,218382,218483
0.85,0.0005,-11.580038839999997,0.026956288143992424,6174,35,7.954864501953125,-0.7687418460845947,11848,0.2090250551700592,18.95,218458,218559
0.87,0.0005,-10.975155280000001,0.027005085721611977,6176,35,9.50836181640625,0.8334133625030518,11852,1.4501944780349731,19.07,218531,218632
0.86,0.0005,-11.354151080000003,0.027489060536026955,6178,35,10.341653823852539,0.1363462507724762,11856,0.7042339444160461,19.14,218611,218712
0.87,0.0005,-11.011285729999999,0.027661152184009552,6180,35,9.77016544342041,0.07663734257221222,11860,0.6816967725753784,19.12,218679,218780
0.87,0.0005,-11.135677819999998,0.028363537043333054,6182,35,9.52638053894043,0.5063304901123047,11864,0.7656251788139343,19.11,218753,218854
0.86,0.0005,-11.408554660000002,0.02847578376531601,6184,35,8.399240493774414,-1.0002615451812744,11868,0.5926429033279419,19.0,218818,218919
0.88,0.0005,-10.845141550000001,0.028431296348571777,6186,35,8.688796043395996,0.02622188627719879,11872,0.4992119371891022,19.15,218895,218996
0.88,0.0005,-10.90495832,0.028582314029335976,6188,35,9.384193420410156,-0.7751325368881226,11876,0.30774930119514465,19.26,218974,219075
0.87,0.0005,-11.248719579999998,0.028347013518214226,6190,35,9.257875442504883,0.5276488661766052,11880,0.9804139137268066,19.2,219040,219141
0.86,0.0005,-11.407799010000002,0.028230320662260056,6192,35,9.755040168762207,0.16402167081832886,11884,0.6132168769836426,19.27,219125,219226
0.85,0.0005,-11.67213763,0.028180360794067383,6194,35,9.660039901733398,0.48445194959640503,11888,0.7422213554382324,19.13,219199,219300
0.85,0.0005,-11.555015209999999,0.02870187908411026,6196,35,8.991615295410156,1.105787992477417,11892,3.661377429962158,18.91,219268,219369
0.85,0.0005,-11.586122719999999,0.02894124947488308,6198,35,8.625761985778809,-0.25442659854888916,11896,2.898284435272217,18.72,219333,219434
0.85,0.0005,-11.57507854,0.028842724859714508,6200,35,9.259537696838379,-0.2924368381500244,11900,0.22600851953029633,18.69,219409,219510
0.83,0.0005,-12.132085559999997,0.029064340516924858,6201,35,10.170549392700195,-0.16410338878631592,11904,0.6771869659423828,18.53,219465,219566
0.81,0.0005,-12.87532931,0.028831539675593376,6203,35,9.671914100646973,1.0378241539001465,11908,1.1410839557647705,18.48,219527,219628
0.81,0.0005,-12.79927516,0.02894621714949608,6205,35,7.319685935974121,0.39865463972091675,11912,0.6839978694915771,18.39,219602,219703
0.8,0.0005,-13.11044943,0.028912125155329704,6207,35,11.039877891540527,0.19277161359786987,11916,2.813112258911133,18.33,219681,219782
0.8,0.0005,-13.059738950000002,0.02914654277265072,6209,35,8.723235130310059,-0.4964066445827484,11920,0.3135877847671509,18.23,219738,219839
0.78,0.0005,-13.518616100000004,0.029238108545541763,6210,35,7.106978416442871,0.5771774649620056,11924,0.558026909828186,18.1,219801,219902
0.8,0.0005,-12.851108140000003,0.029536772519350052,6212,35,10.054808616638184,-1.1751906871795654,11928,0.426819771528244,18.17,219879,219980
0.78,0.0005,-13.33344577,0.029814494773745537,6230,35,8.671468734741211,-0.09119273722171783,11932,1.9949091672897339,17.9,219941,220042
0.79,0.0005,-13.105296710000003,0.029323318973183632,6232,35,9.202720642089844,-0.18928416073322296,11936,1.1048932075500488,18.07,220023,220124
0.78,0.0005,-13.3853534,0.028480306267738342,6234,35,9.411954879760742,-0.5145924091339111,11940,0.3841736316680908,18.0,220091,220192
0.78,0.0005,-13.240549570000006,0.027875827625393867,6236,35,9.988762855529785,0.09817638248205185,11944,0.6181309819221497,17.8,220162,220263
0.78,0.0005,-13.25244445,0.027248138561844826,6238,35,10.931111335754395,-0.43019288778305054,11948,0.8575975894927979,17.84,220242,220343
0.78,0.0005,-13.30272236,0.027348041534423828,6240,35,9.838092803955078,-0.3766457736492157,11952,1.3146597146987915,17.91,220322,220423
0.79,0.0005,-12.96433266,0.02666349895298481,6242,35,8.976451873779297,0.3135737180709839,11956,0.29267263412475586,17.96,220407,220508
0.79,0.0005,-13.061811850000002,0.026217225939035416,6245,35,9.85116195678711,0.16122566163539886,11960,1.6602227687835693,18.1,220489,220590
0.81,0.0005,-12.48213861,0.026078324764966965,6247,35,8.813405990600586,-0.08284614980220795,11964,0.35987281799316406,18.22,220575,220676
0.81,0.0005,-12.407908879999997,0.025991907343268394,6249,35,9.385991096496582,-0.26628202199935913,11968,0.1805180013179779,18.33,220651,220752
0.81,0.0005,-12.382674089999998,0.025747330859303474,6251,35,9.440485000610352,0.6752932071685791,11972,0.2924637198448181,18.32,220727,220828
0.8,0.0005,-12.663768140000002,0.026373356580734253,6253,35,9.83782958984375,1.0639898777008057,11976,1.4871821403503418,18.24,220798,220899
0.81,0.0005,-12.36901335,0.027038540691137314,6255,35,9.07520866394043,0.9927451610565186,11980,1.6100103855133057,18.36,220876,220977
0.81,0.0005,-12.447330310000002,0.027027899399399757,6257,35,9.061389923095703,-0.37954217195510864,11984,0.6103142499923706,18.15,220940,221041
0.82,0.0005,-12.175739550000005,0.026801887899637222,6259,35,8.609179496765137,0.858514666557312,11988,0.667582631111145,18.26,221025,221126
0.82,0.0005,-12.293512280000002,0.02696169912815094,6262,35,9.88562297821045,0.9350988268852234,11992,0.9735400080680847,18.48,221116,221217
0.83,0.0005,-11.94629192,0.02730998955667019,6264,35,9.208224296569824,-0.2916374206542969,11996,1.0542001724243164,18.52,221185,221286
0.83,0.0005,-11.857199860000001,0.027250049635767937,6266,35,8.015381813049316,1.1476495265960693,12000,2.740950584411621,18.4,221249,221350
0.84,0.0005,-11.46594041,0.027759769931435585,6268,35,9.977486610412598,0.471152126789093,12004,0.3201757073402405,18.56,221321,221422
0.87,0.0005,-10.558489180000004,0.02823788672685623,6270,35,8.101617813110352,1.1638177633285522,12008,1.3171052932739258,18.74,221401,221502
0.88,0.0005,-10.39833851,0.02862696908414364,6272,35,9.483659744262695,0.5613335371017456,12012,1.3713324069976807,18.77,221479,221580
0.88,0.0005,-10.44229862,0.029459502547979355,6275,35,10.284255981445312,-0.11273409426212311,12016,1.6048890352249146,18.83,221564,221665
0.89,0.0005,-10.22042526,0.02961541712284088,6277,35,9.31540298461914,0.5700739622116089,12020,0.35312727093696594,19.03,221641,221742
0.91,0.0005,-9.69005177,0.029544807970523834,6279,35,8.8587646484375,-0.2768683135509491,12024,0.20187048614025116,19.17,221718,221819
0.9,0.0005,-9.92029473,0.029620734974741936,6281,35,8.815704345703125,-1.0195773839950562,12028,0.3479577302932739,19.19,221798,221899
0.92,0.0005,-9.35132479,0.02991998940706253,6284,35,8.665821075439453,-0.6591265201568604,12032,1.040875792503357,19.35,221876,221977
0.92,0.0005,-9.271166580000001,0.030156157910823822,6286,35,10.099189758300781,0.4566926956176758,12036,1.6117727756500244,19.27,221950,222051
0.93,0.0005,-9.04181238,0.029813846573233604,6288,35,9.54421615600586,0.35626667737960815,12040,4.413952827453613,19.42,222033,222134
0.92,0.0005,-9.405060479999998,0.02987072430551052,6290,35,8.56877613067627,0.11890072375535965,12044,0.2923389673233032,19.42,222104,222205
0.9,0.0005,-9.86016358,0.029863040894269943,6292,35,11.321377754211426,-0.3735926151275635,12048,1.0247550010681152,19.3,222172,222273
0.9,0.0005,-9.809987799999998,0.02844877541065216,6294,35,9.496232986450195,0.22098742425441742,12052,0.7658268213272095,19.21,222243,222344
0.88,0.0005,-10.437851020000004,0.02797749824821949,6296,35,9.77320671081543,0.7516872882843018,12056,0.36737602949142456,19.1,222317,222418
0.87,0.0005,-10.55389898,0.028742151334881783,6298,35,11.79529857635498,0.036478132009506226,12060,1.4927558898925781,19.03,222392,222493
0.87,0.0005,-10.468323929999999,0.02839985117316246,6300,35,8.717655181884766,-0.6278994083404541,12064,1.9916635751724243,19.03,222478,222579
0.88,0.0005,-10.24467628,0.027833761647343636,6302,35,8.641363143920898,-0.47049999237060547,12068,1.3540054559707642,18.94,222545,222646
0.88,0.0005,-10.235647460000001,0.027284745126962662,6305,35,7.353992462158203,-0.25925421714782715,12072,1.2099062204360962,18.91,222618,222719
0.89,0.0005,-9.982301330000002,0.027195950970053673,6307,35,9.540704727172852,-0.3060923218727112,12076,0.5677176117897034,19.0,222698,222799
0.88,0.0005,-10.287165380000001,0.026683956384658813,6309,35,8.527442932128906,-0.9629991054534912,12080,1.1673882007598877,18.91,222767,222868
0.89,0.0005,-10.00709054,0.02615082822740078,6311,35,9.026159286499023,1.1955091953277588,12084,1.6744351387023926,19.01,222841,222942
0.88,0.0005,-10.180557089999999,0.026807134971022606,6312,35,9.72382926940918,0.7679735422134399,12088,2.1707184314727783,18.78,222903,223004
0.87,0.0005,-10.26566663,0.026719054207205772,6314,35,9.78018856048584,-1.0468965768814087,12092,0.21712931990623474,18.59,222975,223076
0.87,0.0005,-10.28404421,0.026681801304221153,6316,35,9.995622634887695,0.14422960579395294,12096,0.9228078126907349,18.56,223041,223142
0.87,0.0005,-10.484844559999999,0.027387242764234543,6319,35,9.380380630493164,-0.1644579917192459,12100,0.6490604877471924,18.86,223135,223236
0.87,0.0005,-10.66327808,0.027197668328881264,6321,35,10.79728889465332,0.17345574498176575,12104,0.5282849669456482,18.92,223213,223314
0.87,0.0005,-10.621251049999998,0.028743138536810875,6323,35,9.829523086547852,1.4736135005950928,12108,0.5951862931251526,18.87,223288,223389
0.87,0.0005,-10.622124579999996,0.028712041676044464,6325,35,9.664833068847656,-0.8798636198043823,12112,0.6792939901351929,18.88,223367,223468
0.88,0.0005,-10.20794718,0.027697782963514328,6327,35,10.192506790161133,0.7019635438919067,12116,1.531042218208313,18.78,223442,223543
0.88,0.0005,-10.253174730000001,0.027154607698321342,6329,35,9.86562728881836,0.4024907052516937,12120,1.0470175743103027,18.83,223524,223625
0.88,0.0005,-10.34778868,0.027583656832575798,6331,35,9.966133117675781,0.28572002053260803,12124,1.4125648736953735,18.79,223597,223698
0.89,0.0005,-10.117264250000002,0.027071760967373848,6333,35,8.808526992797852,-0.4195648431777954,12128,0.3275476396083832,18.75,223673,223774
0.89,0.0005,-10.09384661,0.02658061683177948,6335,35,9.371652603149414,0.4522935152053833,12132,1.09600830078125,18.74,223750,223851
0.89,0.0005,-10.09418983,0.02650381810963154,6337,35,10.904426574707031,0.15506529808044434,12136,0.5498468279838562,18.74,223824,223925
0.89,0.0005,-10.060607220000001,0.02638164535164833,6339,35,9.258917808532715,-0.30784907937049866,12140,0.31879961490631104,18.71,223904,224005
0.89,0.0005,-10.082888360000002,0.026697268709540367,6341,35,9.544219970703125,-0.23554056882858276,12144,0.570131778717041,18.71,223975,224076
0.9,0.0005,-9.837484930000002,0.0267366673797369,6342,35,9.648294448852539,0.08200228214263916,12148,0.992643415927887,18.6,224032,224133
0.88,0.0005,-10.34284676,0.026902424171566963,6344,35,9.576356887817383,-0.17356988787651062,12152,2.1337413787841797,18.51,224094,224195
0.89,0.0005,-9.9649196,0.0269146841019392,6346,35,8.773677825927734,-0.285763144493103,12156,1.8454382419586182,18.44,224161,224262
0.9,0.0005,-9.791027609999999,0.027437325567007065,6348,35,9.679376602172852,0.04550793766975403,12160,0.6820521354675293,18.5,224242,224343
0.89,0.0005,-10.089939430000001,0.028172669932246208,6350,35,8.815425872802734,-1.3058311939239502,12164,0.34902334213256836,18.35,224313,224414
0.88,0.0005,-10.41368695,0.028147172182798386,6352,35,9.869630813598633,-0.016582176089286804,12168,0.9636927247047424,18.33,224378,224479
0.86,0.0005,-11.005392010000001,0.028645725920796394,6353,35,9.522247314453125,0.19391335546970367,12172,1.0674018859863281,18.21,224439,224540
0.85,0.0005,-11.21520866,0.028332876041531563,6355,35,8.938983917236328,-0.962901771068573,12176,0.25218918919563293,18.05,224503,224604
0.85,0.0005,-11.085942189999999,0.028072524815797806,6357,35,10.03864574432373,-0.31401634216308594,12180,0.3600291907787323,18.08,224575,224676
0.84,0.0005,-11.42749011,0.027902763336896896,6359,35,8.335002899169922,-0.5703019499778748,12184,2.7337453365325928,18.09,224650,224751
0.82,0.0005,-11.894022519999998,0.02853960543870926,6361,35,10.465084075927734,0.5443168878555298,12188,0.9513646364212036,18.29,224732,224833
0.83,0.0005,-11.716489920000004,0.02822713553905487,6363,35,11.425888061523438,-0.0299893319606781,12192,1.28587806224823,18.33,224808,224909
0.83,0.0005,-11.777241759999999,0.029004322364926338,6366,35,10.51609992980957,-0.07368221879005432,12196,0.773719847202301,18.46,224887,224988
0.81,0.0005,-12.272726969999999,0.029686450958251953,6367,35,9.277093887329102,-0.43253639340400696,12200,0.7384047508239746,18.17,224952,225053
0.81,0.0005,-12.23536128,0.029294321313500404,6369,35,9.036605834960938,-0.09549543261528015,12204,0.63655686378479,18.09,225022,225123
0.81,0.0005,-12.22216886,0.029822273179888725,6371,35,9.309226989746094,0.26468029618263245,12208,4.547640800476074,18.05,225093,225194
0.78,0.0005,-13.029848629999998,0.03011200949549675,6373,35,11.124553680419922,0.071827232837677,12212,0.9502238035202026,17.93,225160,225261
0.78,0.0005,-13.02132406,0.029360109940171242,6375,35,9.610699653625488,-0.21272820234298706,12216,3.185370922088623,17.88,225230,225331
0.78,0.0005,-12.993930899999999,0.029294487088918686,6377,35,9.951911926269531,-0.1554194688796997,12220,0.9015350937843323,17.89,225313,225414
0.79,0.0005,-12.66415172,0.029315944761037827,6379,35,9.187240600585938,-0.7416152358055115,12224,0.42602789402008057,17.91,225388,225489
0.79,0.0005,-12.590184900000002,0.02930465154349804,6380,35,8.67887020111084,0.09245755523443222,12228,0.39003366231918335,17.77,225450,225551
0.79,0.0005,-12.601639279999999,0.02902154065668583,6382,35,9.024126052856445,-0.5153504610061646,12232,1.777677297592163,17.74,225524,225625
0.79,0.0005,-12.695928749999998,0.028386922553181648,6384,35,9.797269821166992,-0.05485938489437103,12236,0.49204200506210327,17.86,225610,225711
0.78,0.0005,-12.998099419999996,0.02762611396610737,6386,35,8.938066482543945,-1.0502187013626099,12240,0.43796250224113464,17.79,225683,225784
0.79,0.0005,-12.716036379999998,0.026882441714406013,6388,35,9.314517974853516,-1.2144585847854614,12244,1.0250821113586426,17.95,225770,225871
0.8,0.0005,-12.400628099999997,0.026410279795527458,6390,35,9.001201629638672,-0.4476720094680786,12248,0.7108678221702576,18.0,225832,225933
0.8,0.0005,-12.48025472,0.026160426437854767,6392,35,8.709968566894531,1.346069574356079,12252,1.480111837387085,18.13,225907,226008
0.8,0.0005,-12.42590015,0.027125444263219833,6395,35,10.461734771728516,0.9808279275894165,12256,0.5512915253639221,18.35,225996,226097
0.79,0.0005,-12.66113454,0.027945151552557945,6397,35,9.52747631072998,0.6893699169158936,12260,0.31894832849502563,18.39,226081,226182
0.79,0.0005,-12.499107799999997,0.028463777154684067,6399,35,10.431512832641602,0.47678256034851074,12264,0.9054754972457886,18.44,226157,226258
0.79,0.0005,-12.399756729999996,0.02950926683843136,6401,35,10.81106185913086,1.5536530017852783,12268,1.9340699911117554,18.56,226234,226335
0.78,0.0005,-12.67095963,0.031203215941786766,6403,35,9.140851020812988,0.27213436365127563,12272,1.1444154977798462,18.68,226307,226408
0.79,0.0005,-12.356799169999999,0.030895927920937538,6405,35,9.93086051940918,-0.8342516422271729,12276,0.4155747890472412,18.74,226377,226478
0.79,0.0005,-12.485503910000002,0.030365515500307083,6407,35,9.45569133758545,-0.7960980534553528,12280,1.094883918762207,18.73,226448,226549
0.8,0.0005,-12.16959102,0.029500337317585945,6409,35,9.514965057373047,-0.23516498506069183,12284,1.1894574165344238,18.79,226529,226630
0.82,0.0005,-11.713638870000002,0.028901690617203712,6411,35,8.303387641906738,-0.6100670099258423,12288,0.2804718315601349,18.62,226594,226695
0.82,0.0005,-11.73152201,0.028426630422472954,6413,35,8.490190505981445,-0.008595526218414307,12292,0.614349365234375,18.62,226670,226771
0.8,0.0005,-12.316444750000002,0.028538836166262627,6415,35,8.994291305541992,-0.6216000318527222,12296,0.6247384548187256,18.49,226736,226837
0.81,0.0005,-11.820720140000002,0.0284704752266407,6417,35,9.799628257751465,-1.7903814315795898,12300,0.485828161239624,18.5,226802,226903
0.81,0.0005,-11.76364948,0.02830462157726288,6419,35,11.237251281738281,1.2911758422851562,12304,0.9508636593818665,18.59,226881,226982
0.8,0.0005,-11.95326345,0.028858043253421783,6421,35,9.431023597717285,0.6912894248962402,12308,1.3565311431884766,18.59,226952,227053
0.83,0.0005,-11.138677600000003,0.029262704774737358,6423,35,8.737112045288086,-0.5413493514060974,12312,0.4860491156578064,18.67,227027,227128
0.83,0.0005,-11.133845979999998,0.029720699414610863,6424,35,8.98349380493164,-0.13728827238082886,12316,2.3937323093414307,18.68,227098,227199
0.83,0.0005,-11.12185289,0.029832838103175163,6426,35,9.345067024230957,0.3498654365539551,12320,0.24831849336624146,18.63,227176,227277
0.83,0.0005,-11.170965290000002,0.030361764132976532,6428,35,9.101118087768555,0.17476895451545715,12324,0.3272637128829956,18.7,227258,227359
0.83,0.0005,-11.23352871,0.030584666877985,6430,35,9.524698257446289,0.4129642844200134,12328,1.57149076461792,18.84,227334,227435
0.83,0.0005,-11.229859959999999,0.030750174075365067,6432,35,7.839444637298584,0.37400439381599426,12332,1.2361412048339844,18.83,227407,227508
0.8,0.0005,-12.074509769999999,0.030889812856912613,6433,35,9.902811050415039,1.716815710067749,12336,2.5601589679718018,18.61,227471,227572
0.81,0.0005,-11.809424400000003,0.03171217441558838,6435,35,9.757088661193848,0.18996870517730713,12340,3.407092571258545,18.72,227555,227656
0.8,0.0005,-12.09766126,0.03157326579093933,6437,35,9.63034439086914,0.006615385413169861,12344,0.7988924980163574,18.59,227629,227730
0.8,0.0005,-12.23140085,0.030931711196899414,6439,35,10.486111640930176,-0.3823881447315216,12348,1.521657943725586,18.77,227709,227810
0.82,0.0005,-11.653723229999999,0.029878467321395874,6441,35,7.2289934158325195,-0.39976033568382263,12352,0.6810801029205322,18.77,227784,227885
0.83,0.0005,-11.402376940000002,0.029007207602262497,6443,35,10.94417953491211,-0.4808002710342407,12356,2.1609506607055664,18.65,227861,227962
0.83,0.0005,-11.373816680000003,0.02931942604482174,6445,35,12.13213062286377,1.086956262588501,12360,1.494438648223877,18.51,227932,228033
0.83,0.0005,-11.528660960000002,0.031499408185482025,6446,35,10.646987915039062,1.0858672857284546,12364,0.6815069317817688,18.44,228001,228102
0.84,0.0005,-11.40668799,0.032703135162591934,6449,35,9.53481674194336,0.16100043058395386,12368,3.2446742057800293,18.5,228084,228185
0.86,0.0005,-10.70988397,0.03266356140375137,6451,35,9.722869873046875,0.6252050399780273,12372,0.25966542959213257,18.5,228157,228258
0.85,0.0005,-10.991740689999999,0.03244347125291824,6453,35,9.594501495361328,-0.7286625504493713,12376,2.499054431915283,18.64,228241,228342
0.85,0.0005,-11.022695129999997,0.03165451064705849,6455,35,9.496988296508789,0.3292442262172699,12380,1.0660663843154907,18.64,228312,228413
0.83,0.0005,-11.49891654,0.03100556693971157,6457,35,9.450666427612305,-0.5308447480201721,12384,0.719231367111206,18.57,228386,228487
0.82,0.0005,-11.85877824,0.03028983063995838,6459,35,8.825590133666992,-0.8478187322616577,12388,1.7976018190383911,18.64,228458,228559
0.81,0.0005,-12.224787390000001,0.029615558683872223,6461,35,9.555240631103516,0.4215172529220581,12392,0.3569933772087097,18.71,228541,228642
0.82,0.0005,-11.789736479999998,0.029155176132917404,6463,35,9.407550811767578,0.14895659685134888,12396,0.7057542204856873,18.85,228621,228722
0.83,0.0005,-11.700283899999999,0.028874974697828293,6465,35,9.4515380859375,-0.1736021339893341,12400,2.0613789558410645,19.0,228702,228803
0.84,0.0005,-11.461012149999998,0.029074478894472122,6467,35,9.69014835357666,1.446901798248291,12404,0.8426571488380432,18.96,228777,228878
0.82,0.0005,-12.238632369999998,0.029131822288036346,6469,35,9.155232429504395,0.0518234521150589,12408,0.9910482168197632,18.91,228843,228944
0.81,0.0005,-12.585234309999999,0.029389070346951485,6471,35,8.835762023925781,0.20946691930294037,12412,2.2855026721954346,18.95,228922,229023
0.81,0.0005,-12.640022239999999,0.030106188729405403,6473,35,9.274368286132812,-0.21559657156467438,12416,1.803779125213623,19.02,229000,229101
0.8,0.0005,-12.814468589999999,0.030837291851639748,6475,35,10.362834930419922,0.03251628577709198,12420,1.086361289024353,19.07,229083,229184
0.78,0.0005,-13.330262040000001,0.03059152141213417,6477,35,9.579309463500977,-0.1640174239873886,12424,0.381630539894104,18.88,229146,229247
0.77,0.0005,-13.737917529999999,0.029988937079906464,6480,35,9.439017295837402,1.1160082817077637,12428,2.4839091300964355,18.94,229228,229329
0.76,0.0005,-13.976496489999999,0.029742524027824402,6482,35,9.526945114135742,0.14511248469352722,12432,1.0362178087234497,19.09,229316,229417
0.79,0.0005,-13.074293780000003,0.029030459001660347,6484,35,8.969170570373535,-0.19673031568527222,12436,0.4134680926799774,19.22,229393,229494
0.78,0.0005,-13.325639789999995,0.028495527803897858,6486,35,8.892745971679688,-0.5504404902458191,12440,0.45867106318473816,19.14,229469,229570
0.79,0.0005,-12.99848458,0.02847260795533657,6488,35,9.277780532836914,0.4031273126602173,12444,0.3309604227542877,19.14,229543,229644
0.79,0.0005,-12.93234623,0.028632184490561485,6490,35,8.733537673950195,0.042863816022872925,12448,0.6839330792427063,19.12,229621,229722
0.79,0.0005,-13.01208907,0.028388304635882378,6492,35,11.920236587524414,-0.4386352598667145,12452,1.6580660343170166,19.2,229704,229805
0.79,0.0005,-13.04980684,0.02853822335600853,6494,35,9.803085327148438,-0.38673633337020874,12456,1.8714702129364014,19.22,229783,229884
0.8,0.0005,-12.786144960000001,0.028513094410300255,6496,35,9.774113655090332,-0.4928813874721527,12460,1.0391744375228882,19.22,229854,229955
0.8,0.0005,-12.835176350000001,0.02845596708357334,6514,35,9.521841049194336,0.6419183015823364,12464,1.795363426208496,19.33,229934,230035
0.8,0.0005,-12.68410036,0.028670042753219604,6515,35,9.32658576965332,-0.29001474380493164,12468,0.8231984972953796,19.09,229993,230094
0.81,0.0005,-12.544048380000001,0.028309859335422516,6517,35,10.506962776184082,0.14266042411327362,12472,0.9999541640281677,19.11,230068,230169
0.82,0.0005,-12.33958768,0.02870946191251278,6519,35,7.6149516105651855,-0.246416836977005,12476,0.30593955516815186,19.05,230146,230247
0.83,0.0005,-11.935911220000001,0.028920356184244156,6521,35,10.574748992919922,-0.6739323139190674,12480,5.184577941894531,18.98,230210,230311
0.85,0.0005,-11.34905057,0.029446406289935112,6522,35,9.581480026245117,-0.3328016400337219,12484,2.7028841972351074,18.87,230273,230374
0.87,0.0005,-10.741446570000003,0.028538977727293968,6524,35,8.482860565185547,0.04333119839429855,12488,0.7876909971237183,18.9,230348,230449
0.88,0.0005,-10.421264059999999,0.028400706127285957,6526,35,9.249534606933594,0.8101481199264526,12492,0.43127164244651794,18.89,230430,230531
0.88,0.0005,-10.491629909999999,0.028502043336629868,6528,35,9.062382698059082,-0.4280138611793518,12496,0.8331942558288574,18.67,230488,230589
0.87,0.0005,-10.809070289999998,0.028119899332523346,6529,35,9.41350269317627,-0.026440292596817017,12500,0.8486447334289551,18.66,230568,230669
0.87,0.0005,-10.787869959999997,0.02787315472960472,6531,35,9.133349418640137,-0.42382827401161194,12504,0.2923468351364136,18.67,230644,230745
0.9,0.0005,-9.81510572,0.027447886765003204,6533,35,9.770100593566895,-0.3910611867904663,12508,0.7001253962516785,18.7,230713,230814
0.9,0.0005,-9.7490268,0.027294041588902473,6535,35,9.764684677124023,0.4110881984233856,12512,0.7183627486228943,18.59,230781,230882
0.89,0.0005,-9.8960479,0.02719390206038952,6537,35,9.460380554199219,0.634909451007843,12516,0.3528527021408081,18.55,230855,230956
0.89,0.0005,-9.94088924,0.02724049985408783,6538,35,9.58647632598877,-0.767839789390564,12520,0.9637064933776855,18.32,230915,231016
0.91,0.0005,-9.423860329999998,0.02761463075876236,6540,35,10.785696029663086,-0.22382697463035583,12524,0.2217942327260971,18.52,230998,231099
0.92,0.0005,-8.96191142,0.027463484555482864,6542,35,9.061758041381836,0.07013298571109772,12528,1.5570807456970215,18.33,231061,231162
0.92,0.0005,-9.067323589999999,0.027316438034176826,6544,35,9.257822036743164,0.07761717587709427,12532,0.4596844017505646,18.21,231137,231238
0.91,0.0005,-9.34069553,0.027414415031671524,6545,35,9.459064483642578,-0.4863993525505066,12536,2.024078845977783,18.12,231205,231306
0.92,0.0005,-8.96238224,0.02711445838212967,6547,35,9.481690406799316,-0.8291040658950806,12540,0.18437263369560242,18.03,231272,231373
0.9,0.0005,-9.406024960000002,0.026920903474092484,6549,35,10.351083755493164,-0.03243127465248108,12544,3.68220591545105,17.94,231337,231438
0.9,0.0005,-9.446594699999999,0.02661537379026413,6551,35,9.495161056518555,0.8484879732131958,12548,0.7561696767807007,17.95,231416,231517
0.89,0.0005,-9.73685963,0.027063436806201935,6553,35,8.790754318237305,0.49081742763519287,12552,0.5027363896369934,17.91,231495,231596
0.88,0.0005,-10.006458850000001,0.027063734829425812,6555,35,9.081171035766602,-0.507504403591156,12556,0.8107355237007141,17.8,231563,231664
0.88,0.0005,-10.125506760000002,0.026426222175359726,6557,35,8.488000869750977,-1.538623571395874,12560,0.5731096267700195,17.92,231646,231747
0.89,0.0005,-9.84183038,0.026112399995326996,6559,35,8.401187896728516,1.101700782775879,12564,0.3469496965408325,17.98,231732,231833
0.88,0.0005,-10.119811689999999,0.026281286031007767,6562,35,9.362150192260742,0.7710916996002197,12568,1.8986120223999023,18.18,231811,231912
0.87,0.0005,-10.39156461,0.026933839544653893,6563,35,9.980815887451172,0.7378020882606506,12572,0.7264667749404907,18.08,231876,231977
0.87,0.0005,-10.35273787,0.027595635503530502,6565,35,9.931343078613281,0.17438635230064392,12576,0.546036422252655,18.07,231953,232054
0.86,0.0005,-10.653277450000001,0.028059115633368492,6567,35,9.321219444274902,-0.02559453248977661,12580,0.45574259757995605,18.26,232036,232137
0.86,0.0005,-10.694833470000003,0.02846541814506054,6569,35,9.79051399230957,0.1663382649421692,12584,0.873760461807251,18.3,232103,232204
0.86,0.0005,-10.673059109999997,0.02940797060728073,6572,35,8.973297119140625,0.8906785249710083,12588,0.7873562574386597,18.3,232178,232279
0.85,0.0005,-10.84434141,0.029948830604553223,6574,35,10.527325630187988,-0.262626975774765,12592,0.873397946357727,18.3,232260,232361
0.86,0.0005,-10.578030419999997,0.029911266639828682,6576,35,9.439460754394531,-0.10748504102230072,12596,0.8224815726280212,18.42,232330,232431
0.85,0.0005,-10.7854765,0.029580995440483093,6577,35,9.10569953918457,0.033682554960250854,12600,0.35450050234794617,18.17,232385,232486
0.85,0.0005,-10.857621799999999,0.029520932585000992,6579,35,9.603124618530273,0.3735809326171875,12604,2.2512388229370117,18.25,232469,232570
0.85,0.0005,-10.90932007,0.028976641595363617,6581,35,9.412250518798828,-0.21923671662807465,12608,0.46005427837371826,18.33,232546,232647
0.85,0.0005,-10.82869909,0.029108699411153793,6583,35,10.468608856201172,0.061288222670555115,12612,0.9771708250045776,18.43,232624,232725
0.85,0.0005,-11.00087223,0.0292004756629467,6585,35,9.8622465133667,0.08997645974159241,12616,1.3717687129974365,18.43,232698,232799
0.86,0.0005,-10.68239761,0.028854914009571075,6587,35,8.559855461120605,0.7544480562210083,12620,0.8590656518936157,18.47,232762,232863
0.85,0.0005,-10.859199109999999,0.028655800968408585,6588,35,8.567499160766602,-0.7449815273284912,12624,0.531253457069397,18.22,232820,232921
0.85,0.0005,-10.908499590000002,0.02833121083676815,6590,35,9.339067459106445,-0.6223899126052856,12628,1.4326133728027344,18.32,232893,232994
0.86,0.0005,-10.611198690000004,0.027986645698547363,6592,35,9.445415496826172,-0.23941154778003693,12632,0.6583188772201538,18.35,232972,233073
0.86,0.0005,-10.632871519999998,0.02718472108244896,6594,35,8.788725852966309,-0.07737861573696136,12636,0.9609512686729431,18.39,233044,233145
0.86,0.0005,-10.726462769999998,0.02603960409760475,6597,35,9.134319305419922,-0.3058847188949585,12640,0.3843095600605011,18.55,233127,233228
0.87,0.0005,-10.60364277,0.025602445006370544,6599,35,8.694558143615723,-0.5996719598770142,12644,1.4465312957763672,18.62,233199,233300
0.87,0.0005,-10.610026879999998,0.025509441271424294,6601,35,9.237800598144531,-0.20940741896629333,12648,0.777758002281189,18.66,233282,233383
0.86,0.0005,-10.870580280000002,0.025715621188282967,6602,35,9.50846004486084,-0.03992721438407898,12652,1.4317665100097656,18.5,233345,233446
0.86,0.0005,-10.915423600000002,0.025713590905070305,6604,35,9.751056671142578,0.2991890013217926,12656,2.257296562194824,18.58,233421,233522
0.85,0.0005,-11.13363429,0.026505619287490845,6607,35,8.160619735717773,0.28379887342453003,12660,0.38938117027282715,18.68,233514,233615
0.84,0.0005,-11.30579645,0.02643880806863308,6608,35,9.123575210571289,-0.5716451406478882,12664,0.8779458999633789,18.4,233572,233673
0.84,0.0005,-11.276420990000002,0.02675008215010166,6610,35,9.310946464538574,-0.21819232404232025,12668,0.3483930826187134,18.25,233636,233737
0.85,0.0005,-11.019129340000001,0.027129188179969788,6612,35,9.223978042602539,-0.5391433238983154,12672,0.9947785139083862,18.4,233716,233817
0.85,0.0005,-11.052329790000002,0.027332469820976257,6614,35,10.121028900146484,-0.1151820719242096,12676,0.4524669051170349,18.41,233794,233895
0.84,0.0005,-11.49234072,0.027443023398518562,6616,35,9.105579376220703,-0.3641049265861511,12680,0.7325727343559265,18.28,233864,233965
0.83,0.0005,-11.88637298,0.027324801310896873,6618,35,8.098567962646484,-0.5761910676956177,12684,0.25601062178611755,18.39,233942,234043
0.82,0.0005,-12.302687700000002,0.027286866679787636,6620,35,8.981513977050781,0.666886568069458,12688,1.4478360414505005,18.49,234027,234128
0.83,0.0005,-12.087479710000002,0.02728107012808323,6623,35,9.69072437286377,0.6002452373504639,12692,1.1024715900421143,18.52,234112,234213
0.83,0.0005,-12.226203180000002,0.026986151933670044,6625,35,9.45793342590332,-0.31656527519226074,12696,1.6932892799377441,18.72,234202,234303
0.85,0.0005,-11.631013330000004,0.026958510279655457,6627,35,10.10091495513916,-0.0014912188053131104,12700,1.6540584564208984,18.86,234271,234372
0.85,0.0005,-11.594540730000004,0.02704511024057865,6629,35,10.146982192993164,0.4428660273551941,12704,1.0208152532577515,18.82,234351,234452
0.84,0.0005,-11.86771787,0.02807479351758957,6631,35,10.022276878356934,-0.14327412843704224,12708,0.9736806154251099,18.87,234433,234534
0.85,0.0005,-11.74010227,0.02798060141503811,6634,35,9.483406066894531,0.40686526894569397,12712,0.7320661544799805,19.0,234524,234625
0.84,0.0005,-12.072961910000002,0.02922244928777218,6636,35,9.416258811950684,-0.03336768597364426,12716,0.3504963219165802,19.0,234598,234699
0.84,0.0005,-12.171723479999999,0.03070197068154812,6638,35,11.315481185913086,-0.554571807384491,12720,1.5160036087036133,19.14,234676,234777
0.85,0.0005,-12.05736018,0.02993490919470787,6640,35,11.239953994750977,-0.11248528957366943,12724,2.4524424076080322,19.49,234769,234870
0.82,0.0005,-12.792988479999995,0.03136703372001648,6642,35,14.170559883117676,0.22008715569972992,12728,2.97929048538208,19.54,234847,234948
0.81,0.0005,-13.079347149999998,0.031733814626932144,6644,35,11.13502025604248,-0.14629146456718445,12732,2.2860398292541504,19.48,234920,235021
0.81,0.0005,-13.13417177,0.031874869018793106,6647,35,9.5626220703125,0.07223296910524368,12736,0.6196869611740112,19.56,235000,235101
0.81,0.0005,-13.174906640000001,0.03237329423427582,6649,35,9.84804916381836,0.1791984736919403,12740,0.814333975315094,19.59,235086,235187
0.82,0.0005,-12.901556289999998,0.03298495337367058,6652,35,9.885772705078125,-0.7784625291824341,12744,0.3785114288330078,19.76,235175,235276
0.79,0.0005,-13.672011500000002,0.033263642340898514,6653,35,9.042946815490723,-0.3404299020767212,12748,0.8305889368057251,19.61,235243,235344
0.81,0.0005,-13.00451602,0.03307240828871727,6655,35,9.266115188598633,-0.679663896560669,12752,1.0957441329956055,19.69,235314,235415
0.81,0.0005,-13.027605779999998,0.03304939717054367,6657,35,9.922971725463867,-0.055472563952207565,12756,0.4737304151058197,19.72,235393,235494
0.82,0.0005,-12.728578,0.033058084547519684,6659,35,9.360730171203613,-0.5980526208877563,12760,1.7855443954467773,19.52,235466,235567
0.82,0.0005,-12.682299610000003,0.033437326550483704,6661,35,9.70543098449707,-0.14992111921310425,12764,0.2959742248058319,19.76,235548,235649
0.83,0.0005,-12.59588466,0.033256739377975464,6664,35,10.143863677978516,-0.6649622917175293,12768,1.8563809394836426,19.99,235635,235736
0.82,0.0005,-12.874758979999998,0.03346336632966995,6666,35,11.513237953186035,0.5394718647003174,12772,0.8159313201904297,19.88,235704,235805
0.81,0.0005,-13.081079239999998,0.034129414707422256,6668,35,9.497720718383789,-0.9134796857833862,12776,1.484516978263855,19.9,235784,235885
0.83,0.0005,-12.336295839999996,0.03378230705857277,6669,35,8.285215377807617,0.4560163617134094,12780,1.1651051044464111,19.83,235847,235948
0.84,0.0005,-12.092670819999999,0.034191329032182693,6672,35,8.91806411743164,-0.46590304374694824,12784,1.106093168258667,19.96,235938,236039
0.85,0.0005,-11.701058539999998,0.03394734859466553,6674,35,8.849138259887695,-0.8217854499816895,12788,0.4867914021015167,19.86,236013,236114
0.84,0.0005,-11.989829219999997,0.03330203518271446,6676,35,8.455761909484863,-0.508651614189148,12792,0.9980605244636536,19.73,236085,236186
0.84,0.0005,-11.965379469999998,0.03219727426767349,6679,35,9.604280471801758,-0.5018714666366577,12796,1.4156008958816528,19.75,236177,236278
0.83,0.0005,-12.284034889999997,0.03209308907389641,6680,35,10.856966972351074,-0.1523592472076416,12800,0.8459007740020752,19.71,236242,236343
0.83,0.0005,-12.285528660000002,0.03181704133749008,6683,35,9.548917770385742,-0.11254007369279861,12804,1.2933005094528198,19.72,236323,236424
0.83,0.0005,-12.297326129999998,0.03127865493297577,6684,35,9.117960929870605,-0.6037942171096802,12808,0.4560123682022095,19.61,236394,236495
0.83,0.0005,-12.123596189999999,0.031066065654158592,6686,35,9.312114715576172,0.014639317989349365,12812,0.6289640665054321,19.3,236454,236555
0.85,0.0005,-11.46692467,0.030688563361763954,6688,35,10.178398132324219,2.691558599472046,12816,4.382568359375,19.32,236530,236631
0.83,0.0005,-11.815619179999999,0.03185475245118141,6690,35,12.266857147216797,-0.23785842955112457,12820,0.6470178365707397,19.3,236606,236707
0.82,0.0005,-11.89043854,0.03131161630153656,6693,35,9.480979919433594,-0.2882339060306549,12824,0.6744768023490906,19.18,236687,236788
0.85,0.0005,-11.187838570000002,0.03130098804831505,6695,35,9.636112213134766,0.11781004071235657,12828,0.3096505403518677,19.15,236762,236863
0.85,0.0005,-11.100554889999998,0.03170450031757355,6696,35,8.967700958251953,0.7249929904937744,12832,1.0329017639160156,19.03,236823,236924
0.86,0.0005,-10.81005243,0.031996723264455795,6699,35,8.557830810546875,0.6657304763793945,12836,1.9473596811294556,19.1,236910,237011
0.85,0.0005,-10.98275909,0.0318387895822525,6701,35,8.68082046508789,0.015232205390930176,12840,0.6664441823959351,18.84,236970,237071
0.84,0.0005,-11.11355733,0.031522005796432495,6703,35,8.886650085449219,0.4297963082790375,12844,1.400977373123169,18.71,237046,237147
0.86,0.0005,-10.557749299999998,0.030760211870074272,6705,35,9.292521476745605,-0.07918106019496918,12848,1.2671478986740112,18.9,237133,237234
0.86,0.0005,-10.64919642,0.029915468767285347,6707,35,8.47331428527832,-0.7406743764877319,12852,1.124290108680725,19.02,237216,237317
0.85,0.0005,-10.9201803,0.029253169894218445,6709,35,8.07232666015625,-0.5133442282676697,12856,0.4873417913913727,18.92,237285,237386
0.84,0.0005,-11.28948232,0.028989335522055626,6711,35,9.591175079345703,-1.6526257991790771,12860,2.0443270206451416,18.98,237364,237465
0.85,0.0005,-11.057436009999996,0.028374047949910164,6712,35,8.817361831665039,-0.35161715745925903,12864,0.30317631363868713,18.83,237431,237532
0.84,0.0005,-11.27020144,0.02812931314110756,6714,35,9.001480102539062,-0.7641404271125793,12868,0.4449405372142792,18.62,237497,237598
0.82,0.0005,-11.86316167,0.027981361374258995,6715,35,9.254318237304688,1.1673650741577148,12872,0.6118636727333069,18.5,237554,237655
0.82,0.0005,-11.85507353,0.028274668380618095,6717,35,9.443436622619629,-0.7077212929725647,12876,1.0668561458587646,18.48,237632,237733
0.82,0.0005,-11.94966659,0.027980593964457512,6719,35,8.884836196899414,0.02794380486011505,12880,0.468777596950531,18.63,237710,237811
0.81,0.0005,-12.17223379,0.02797505632042885,6721,35,9.053979873657227,0.07046854496002197,12884,0.694707989692688,18.45,237783,237884
0.8,0.0005,-12.488841179999998,0.027800826355814934,6723,35,9.049951553344727,-1.0697001218795776,12888,0.4059372842311859,18.42,237855,237956
0.8,0.0005,-12.485209399999999,0.028278186917304993,6725,35,8.726775169372559,0.12940217554569244,12892,0.24792169034481049,18.39,237924,238025
0.79,0.0005,-12.73637889,0.028096241876482964,6727,35,8.964496612548828,-0.418538898229599,12896,0.38233888149261475,18.22,237999,238100
0.79,0.0005,-12.744056220000003,0.02789914421737194,6729,35,8.857063293457031,0.365431547164917,12900,1.7915518283843994,18.25,238067,238168
0.78,0.0005,-12.959373489999997,0.027934107929468155,6730,35,9.32121467590332,0.2490469068288803,12904,0.47165101766586304,18.04,238127,238228
0.78,0.0005,-12.78357188,0.02819826640188694,6732,35,9.497987747192383,0.30639854073524475,12908,1.0156594514846802,17.98,238192,238293
0.77,0.0005,-13.188077800000004,0.028166217729449272,6734,35,10.34873104095459,0.10889184474945068,12912,0.32949528098106384,18.13,238267,238368
0.76,0.0005,-13.53792875,0.028065618127584457,6736,35,10.729055404663086,-0.07614767551422119,12916,1.0559709072113037,18.15,238345,238446
0.78,0.0005,-13.14717359,0.02818216197192669,6738,35,9.43270492553711,0.9739798307418823,12920,0.5072354078292847,18.13,238419,238520
0.79,0.0005,-12.919023880000003,0.02876521274447441,6740,35,9.295312881469727,-0.5844340324401855,12924,1.5764648914337158,18.01,238488,238589
0.78,0.0005,-13.095828140000002,0.028578858822584152,6743,35,9.702923774719238,1.3129807710647583,12928,1.8723526000976562,18.03,238565,238666
0.78,0.0005,-12.995118939999998,0.02925907075405121,6744,35,9.157901763916016,0.16068607568740845,12932,0.4158139228820801,18.06,238629,238730
0.78,0.0005,-12.8983444,0.029549824073910713,6746,35,8.527178764343262,0.5261622667312622,12936,0.27303266525268555,17.93,238703,238804
0.79,0.0005,-12.631194659999998,0.02954540029168129,6748,35,9.717758178710938,0.6820600032806396,12940,2.0772805213928223,18.08,238778,238879
0.79,0.0005,-12.734041519999996,0.030261686071753502,6750,35,9.848668098449707,0.5911167860031128,12944,4.065659999847412,18.04,238850,238951
0.79,0.0005,-12.74092119,0.030748024582862854,6752,35,9.90262222290039,-1.3444055318832397,12948,0.2738511562347412,17.8,238913,239014
0.78,0.0005,-12.934991700000001,0.030359933152794838,6754,35,9.708407402038574,-0.672661542892456,12952,0.29831212759017944,17.55,238971,239072
0.8,0.0005,-12.423651549999999,0.029883097857236862,6756,35,10.078025817871094,-1.2498176097869873,12956,1.1913026571273804,17.8,239065,239166
0.8,0.0005,-12.217509450000001,0.029783865436911583,6758,35,8.527137756347656,-0.48640361428260803,12960,0.5789670944213867,17.73,239137,239238
0.8,0.0005,-12.21560334,0.029925091192126274,6760,35,8.670854568481445,-0.685225784778595,12964,0.5753034949302673,17.74,239205,239306
0.81,0.0005,-11.992593250000002,0.02934466302394867,6763,35,8.062715530395508,0.4782170057296753,12968,0.5145471096038818,17.92,239289,239390
0.84,0.0005,-11.11351025,0.029032163321971893,6765,35,8.712066650390625,-0.26452624797821045,12972,0.3438563644886017,18.12,239366,239467
0.84,0.0005,-11.114611280000002,0.02903449535369873,6767,35,8.50258731842041,-0.14826086163520813,12976,1.279891848564148,18.15,239447,239548
0.83,0.0005,-11.3789486,0.029613595455884933,6770,35,9.998191833496094,0.6607239246368408,12980,0.7791696786880493,18.29,239539,239640
0.84,0.0005,-11.138740340000002,0.030601324513554573,6772,35,10.98835277557373,0.49395617842674255,12984,1.3490333557128906,18.42,239625,239726
0.84,0.0005,-10.986293159999997,0.030968155711889267,6774,35,9.188520431518555,0.015982821583747864,12988,0.492259681224823,18.45,239700,239801
0.85,0.0005,-10.656897570000002,0.03097844310104847,6776,35,9.8869047164917,0.7000149488449097,12992,0.869556188583374,18.46,239770,239871
0.86,0.0005,-10.387459139999999,0.030667126178741455,6778,35,8.164436340332031,0.6601625680923462,12996,0.27280348539352417,18.57,239856,239957
0.86,0.0005,-10.43700716,0.03019200637936592,6798,35,9.00883674621582,0.33916085958480835,13000,0.8917050361633301,18.64,239931,240032
0.86,0.0005,-10.456335019999997,0.030067574232816696,6800,35,9.36471176147461,-0.3888915181159973,13004,1.5977880954742432,18.91,240018,240119
0.86,0.0005,-10.673020289999997,0.029798731207847595,6802,35,10.423027038574219,-0.41785117983818054,13008,1.3053237199783325,19.01,240093,240194
0.84,0.0005,-11.267398009999997,0.030753323808312416,6804,35,11.01366138458252,0.29513874650001526,13012,0.6802757382392883,18.86,240153,240254
0.85,0.0005,-10.997580420000002,0.031109819188714027,6806,35,8.935556411743164,-0.3007587492465973,13016,1.3622256517410278,18.96,240241,240342
0.85,0.0005,-10.99019048,0.0304398350417614,6808,35,8.5454683303833,-1.0597467422485352,13020,0.1684066355228424,18.92,240311,240412
0.84,0.0005,-11.318703530000002,0.029582927003502846,6810,35,8.964020729064941,0.0028613395988941193,13024,0.8236549496650696,18.94,240382,240483
0.85,0.0005,-11.042335249999999,0.029378896579146385,6812,35,9.215106964111328,-0.466876745223999,13028,0.3499201536178589,18.76,240441,240542
0.85,0.0005,-11.190575299999999,0.029111888259649277,6814,35,9.263750076293945,-0.33983856439590454,13032,0.9492976665496826,18.81,240510,240611
0.84,0.0005,-11.49378462,0.028741884976625443,6816,35,9.852668762207031,-1.0846996307373047,13036,0.6989699006080627,18.71,240574,240675
0.83,0.0005,-11.810884869999997,0.028404580429196358,6817,35,8.762836456298828,-0.9873804450035095,13040,0.7903327941894531,18.67,240645,240746
0.83,0.0005,-11.765562749999999,0.028071381151676178,6819,35,8.135744094848633,0.5849374532699585,13044,0.1943393051624298,18.56,240706,240807
0.83,0.0005,-11.84641881,0.02759406901896,6821,35,8.71183967590332,0.9564696550369263,13048,0.3450908362865448,18.66,240779,240880
0.83,0.0005,-11.917626129999999,0.027379535138607025,6822,35,8.511265754699707,-0.6344115734100342,13052,0.7167059779167175,18.77,240848,240949
0.82,0.0005,-12.09310563,0.027208974584937096,6824,35,9.463971138000488,-1.0425106287002563,13056,0.34539172053337097,18.52,240917,241018
0.83,0.0005,-11.93985696,0.027098774909973145,6826,35,9.660152435302734,1.0618895292282104,13060,0.5677270293235779,18.56,240993,241094
0.83,0.0005,-11.961733019999999,0.02754000946879387,6828,35,10.219514846801758,0.15145352482795715,13064,0.7509140968322754,18.63,241068,241169
0.82,0.0005,-12.183233110000003,0.027471546083688736,6830,35,10.005182266235352,-0.5459606647491455,13068,0.29333874583244324,18.44,241133,241234
0.82,0.0005,-12.181828439999999,0.02708302065730095,6832,35,8.92137622833252,-0.5188730359077454,13072,0.3149479627609253,18.44,241210,241311
0.83,0.0005,-12.026456040000001,0.02712152525782585,6834,35,8.530787467956543,1.0404512882232666,13076,0.8196144700050354,18.46,241293,241394
0.81,0.0005,-12.564132480000001,0.02713804319500923,6836,35,8.56295108795166,0.31504887342453003,13080,0.7041768431663513,18.24,241363,241464
0.81,0.0005,-12.496985070000001,0.027477789670228958,6838,35,8.771072387695312,-0.59432053565979,13084,0.6944741010665894,18.17,241442,241543
0.81,0.0005,-12.67629453,0.027989327907562256,6840,35,8.916943550109863,0.7856850028038025,13088,0.8806518316268921,18.22,241522,241623
0.8,0.0005,-13.017049370000002,0.028539123013615608,6843,35,8.077506065368652,0.2457709014415741,13092,0.9188112616539001,18.26,241596,241697
0.8,0.0005,-12.984408610000001,0.028116820380091667,6845,35,8.856216430664062,-1.3799128532409668,13096,0.40608564019203186,18.23,241679,241780
0.81,0.0005,-12.624325550000002,0.02731083147227764,6847,35,10.775808334350586,-0.5708694458007812,13100,1.067516565322876,18.21,241752,241853
0.8,0.0005,-12.934708409999999,0.027591535821557045,6849,35,10.133081436157227,-0.06405264139175415,13104,0.3910854458808899,18.18,241836,241937
0.8,0.0005,-12.938265529999999,0.028334127739071846,6851,35,9.469594955444336,0.9243713617324829,13108,0.9936728477478027,18.18,241911,242012
0.83,0.0005,-12.105546219999999,0.029042528942227364,6853,35,10.109039306640625,0.7703264355659485,13112,2.923985481262207,18.47,242000,242101
0.83,0.0005,-12.059936350000001,0.028766844421625137,6856,35,9.086105346679688,-0.6323369741439819,13116,0.16125521063804626,18.39,242080,242181
0.82,0.0005,-12.389201360000001,0.028540005907416344,6857,35,9.231432914733887,-0.11929094791412354,13120,0.2471163272857666,18.39,242150,242251
0.82,0.0005,-12.431736200000003,0.028551345691084862,6859,35,9.256263732910156,0.2762641906738281,13124,0.44589048624038696,18.43,242225,242326
0.82,0.0005,-12.51587487,0.029152248054742813,6861,35,10.010784149169922,-0.17013239860534668,13128,0.8695375323295593,18.62,242303,242404
0.83,0.0005,-12.240138159999999,0.02937181666493416,6863,35,9.242399215698242,0.11522787809371948,13132,0.2448844015598297,18.69,242379,242480
0.84,0.0005,-11.98408452,0.028634751215577126,6865,35,8.902660369873047,-1.3832141160964966,13136,1.221251368522644,18.85,242459,242560
0.85,0.0005,-11.719318850000002,0.027837518602609634,6867,35,9.30646800994873,-0.8386069536209106,13140,1.7196240425109863,18.97,242542,242643
0.86,0.0005,-11.393392290000001,0.027352431789040565,6869,35,10.580961227416992,-0.3129575252532959,13144,0.8897422552108765,18.98,242604,242705
0.87,0.0005,-11.082330200000001,0.026935400441288948,6871,35,7.8396759033203125,-0.164598286151886,13148,1.589986801147461,19.04,242683,242784
0.88,0.0005,-10.81451938,0.026822905987501144,6873,35,8.985098838806152,-1.3334782123565674,13152,3.2638375759124756,19.17,242765,242866
0.88,0.0005,-10.715285100000001,0.026907844468951225,6876,35,8.166149139404297,0.5404307842254639,13156,0.2577390670776367,19.28,242845,242946
0.88,0.0005,-10.709445930000001,0.026573151350021362,6878,35,9.613574981689453,-0.28948524594306946,13160,1.471581220626831,19.27,242920,243021
0.88,0.0005,-10.759687320000003,0.02620074339210987,6880,35,9.583425521850586,0.9331753849983215,13164,0.5098310708999634,19.35,243003,243104
0.88,0.0005,-10.698040570000003,0.025695471093058586,6882,35,9.149694442749023,-0.4205542504787445,13168,0.8871812224388123,19.48,243081,243182
0.88,0.0005,-10.670405989999999,0.025895630940794945,6884,35,10.160333633422852,-0.777615487575531,13172,0.4994349777698517,19.47,243157,243258
0.88,0.0005,-10.55614402,0.026020193472504616,6886,35,9.518104553222656,-0.7147601246833801,13176,0.12443096190690994,19.36,243229,243330
0.89,0.0005,-10.372608479999998,0.025758573785424232,6888,35,9.636330604553223,-0.15219348669052124,13180,1.4237098693847656,19.39,243302,243403
0.88,0.0005,-10.61820452,0.02581728994846344,6889,35,10.05156135559082,-0.32950538396835327,13184,1.2139506340026855,19.31,243373,243474
0.88,0.0005,-10.56036075,0.025570880621671677,6891,35,9.10360336303711,-0.5000328421592712,13188,0.5280442237854004,19.2,243442,243543
0.89,0.0005,-10.218400440000002,0.02566147968173027,6893,35,7.895149230957031,-0.2846059203147888,13192,0.5494131445884705,19.17,243513,243614
0.88,0.0005,-10.49061007,0.02503867819905281,6895,35,10.587080001831055,-1.2233248949050903,13196,0.32607078552246094,19.08,243587,243688
0.87,0.0005,-10.800101300000001,0.025000298395752907,6897,35,8.753968238830566,0.13910755515098572,13200,0.4006953537464142,19.02,243654,243755
0.88,0.0005,-10.53169396,0.02473541349172592,6898,35,7.552068710327148,0.6880017518997192,13204,0.40196484327316284,18.88,243724,243825
0.89,0.0005,-10.23140557,0.024622216820716858,6901,35,8.751684188842773,-0.08758116513490677,13208,0.3354906439781189,18.93,243804,243905
0.88,0.0005,-10.445866649999997,0.025147758424282074,6902,35,9.479898452758789,1.3373429775238037,13212,0.6885397434234619,18.72,243872,243973
0.86,0.0005,-11.005371700000001,0.025598086416721344,6904,35,9.504343032836914,-0.08696174621582031,13216,0.6248365640640259,18.56,243936,244037
0.87,0.0005,-10.783535729999999,0.025331072509288788,6906,35,9.553691864013672,-0.7406113743782043,13220,0.4825977087020874,18.73,244023,244124
0.88,0.0005,-10.471403,0.02517612837255001,6908,35,8.72553825378418,0.27230212092399597,13224,0.28035229444503784,18.79,244104,244205
0.88,0.0005,-10.482545599999998,0.025509677827358246,6910,35,7.88703727722168,0.740875244140625,13228,0.9058468341827393,18.75,244178,244279
0.88,0.0005,-10.42981677,0.025975564494729042,6912,35,9.386810302734375,-0.1500299572944641,13232,0.3123387396335602,18.69,244248,244349
0.88,0.0005,-10.401885239999999,0.026391208171844482,6914,35,9.667316436767578,1.0422062873840332,13236,0.9133791327476501,18.69,244328,244429
0.86,0.0005,-10.99148505,0.027427775785326958,6915,35,10.167546272277832,0.23272594809532166,13240,0.5926873683929443,18.49,244391,244492
0.84,0.0005,-11.587963220000004,0.027850084006786346,6917,35,8.486841201782227,0.7921674847602844,13244,0.5993943214416504,18.64,244468,244569
0.82,0.0005,-12.164428410000001,0.027902750298380852,6919,35,10.466681480407715,0.8666068315505981,13248,2.568284034729004,18.46,244529,244630
0.82,0.0005,-12.195052579999999,0.0287273321300745,6921,35,11.358259201049805,0.7526001930236816,13252,1.1229900121688843,18.49,244614,244715
0.82,0.0005,-12.28657171,0.02936071902513504,6922,35,9.288074493408203,0.17872822284698486,13256,2.2805962562561035,18.38,244683,244784
0.82,0.0005,-12.257653079999997,0.02993076480925083,6924,35,9.432456970214844,0.4463781416416168,13260,0.6476497054100037,18.3,244750,244851
0.82,0.0005,-12.259124749999998,0.02929616905748844,6926,35,9.072458267211914,0.9592093229293823,13264,1.096627950668335,18.31,244834,244935
0.82,0.0005,-12.37449578,0.029306000098586082,6928,35,9.301031112670898,-0.32701244950294495,13268,1.577582597732544,18.29,244910,245011
0.82,0.0005,-12.35651582,0.029003944247961044,6930,35,9.915735244750977,0.08491680026054382,13272,0.9492511749267578,18.22,244979,245080
0.81,0.0005,-12.624542060000001,0.028893154114484787,6932,35,8.913793563842773,0.6050727963447571,13276,0.6148675084114075,18.28,245057,245158
0.82,0.0005,-12.29771286,0.02860184572637081,6934,35,8.949888229370117,-0.37908628582954407,13280,1.0005216598510742,18.28,245130,245231
0.82,0.0005,-12.223860390000002,0.028440840542316437,6936,35,8.793025970458984,-1.4094371795654297,13284,1.7879412174224854,18.31,245204,245305
0.82,0.0005,-12.104579860000001,0.027842245995998383,6937,35,8.753829956054688,0.5275506377220154,13288,0.24641406536102295,18.35,245277,245378
0.82,0.0005,-12.19274559,0.02766217291355133,6939,35,7.892849922180176,0.05348958075046539,13292,0.6677217483520508,18.45,245358,245459
0.83,0.0005,-11.80747258,0.027567120268940926,6941,35,9.021705627441406,0.10498422384262085,13296,0.6467641592025757,18.35,245422,245523
0.84,0.0005,-11.46742678,0.026712410151958466,6943,35,8.423416137695312,-0.12435594201087952,13300,1.0756545066833496,18.42,245496,245597
0.85,0.0005,-11.20380983,0.026312334463000298,6945,35,9.354883193969727,0.7659871578216553,13304,1.363416075706482,18.56,245580,245681
0.85,0.0005,-11.233485019999998,0.026756033301353455,6947,35,9.945854187011719,1.0390324592590332,13308,1.6137171983718872,18.62,245666,245767
0.86,0.0005,-10.952845750000002,0.027165260165929794,6949,35,9.387685775756836,-1.2591168880462646,13312,4.649715900421143,18.69,245741,245842
0.87,0.0005,-10.60919966,0.02689324878156185,6951,35,9.851234436035156,-0.6221926212310791,13316,1.3450181484222412,18.72,245808,245909
0.86,0.0005,-10.86737842,0.027051523327827454,6953,35,8.970787048339844,0.09503992646932602,13320,0.4439109265804291,18.63,245886,245987
0.86,0.0005,-10.87055745,0.02673538587987423,6955,35,9.841819763183594,0.16335105895996094,13324,0.34666725993156433,18.64,245968,246069
0.85,0.0005,-11.158641479999998,0.027184048667550087,6957,35,9.963845252990723,-0.04630658030509949,13328,1.0355993509292603,18.56,246034,246135
0.84,0.0005,-11.525603929999999,0.02721591666340828,6959,35,7.816191673278809,-0.6637883186340332,13332,0.15038402378559113,18.59,246107,246208
0.82,0.0005,-12.102856199999996,0.027042848989367485,6960,35,10.144932746887207,0.1245521605014801,13336,1.5266276597976685,18.37,246165,246266
0.84,0.0005,-11.544786409999999,0.027441972866654396,6963,35,9.216837882995605,-0.19751226902008057,13340,0.2380034476518631,18.58,246249,246350
0.84,0.0005,-11.60955056,0.0276064220815897,6964,35,8.523479461669922,0.2862641215324402,13344,0.22430914640426636,18.45,246313,246414
0.85,0.0005,-11.380404039999998,0.027744360268115997,6966,35,10.359342575073242,0.8723578453063965,13348,1.506334662437439,18.62,246391,246492
0.84,0.0005,-11.615286039999999,0.028402067720890045,6968,35,8.116918563842773,-0.07571110129356384,13352,0.42133063077926636,18.48,246462,246563
0.83,0.0005,-11.94681046,0.02882085181772709,6970,35,9.690542221069336,0.6015584468841553,13356,0.20922140777111053,18.49,246532,246633
0.83,0.0005,-12.005754429999998,0.02842111513018608,6972,35,9.904644966125488,0.9856312274932861,13360,0.35824286937713623,18.61,246611,246712
0.81,0.0005,-12.62585418,0.028246935456991196,6974,35,8.222980499267578,0.16580763459205627,13364,0.24398790299892426,18.48,246682,246783
0.81,0.0005,-12.453870049999999,0.02809634804725647,6976,35,8.567514419555664,-0.02454584836959839,13368,0.21239571273326874,18.45,246755,246856
0.81,0.0005,-12.46124606,0.027908798307180405,6978,35,8.946538925170898,-0.062327951192855835,13372,1.100976824760437,18.48,246827,246928
0.82,0.0005,-12.18399281,0.027875421568751335,6980,35,8.599716186523438,0.565589189529419,13376,0.3002730906009674,18.4,246897,246998
0.82,0.0005,-12.176235349999999,0.028316359966993332,6982,35,8.0575590133667,0.8415173292160034,13380,3.3795814514160156,18.38,246968,247069
0.83,0.0005,-11.995557799999998,0.02813202701508999,6984,35,8.972990989685059,1.014892816543579,13384,1.4218997955322266,18.4,247044,247145
0.82,0.0005,-12.38737995,0.028367100283503532,6986,35,9.93305778503418,0.9715578556060791,13388,1.862722635269165,18.26,247103,247204
0.8,0.0005,-12.87410906,0.029140852391719818,6988,35,9.412395477294922,1.111941933631897,13392,0.7223020792007446,18.23,247181,247282
0.79,0.0005,-13.267401200000002,0.02946118265390396,6990,35,9.814558029174805,0.6978381872177124,13396,0.7069032192230225,18.36,247258,247359
0.79,0.0005,-13.273419959999998,0.029150914400815964,6992,35,8.148149490356445,-0.3538801074028015,13400,0.28319084644317627,18.29,247325,247426
0.78,0.0005,-13.5776108,0.028638221323490143,6993,35,8.382286071777344,0.12114672362804413,13404,1.0556138753890991,18.22,247402,247503
0.77,0.0005,-13.881016899999997,0.027870597317814827,6995,35,8.246347427368164,-0.3754552900791168,13408,0.6992002725601196,18.17,247483,247584
0.76,0.0005,-14.134633940000004,0.027906987816095352,6997,35,9.370321273803711,0.7150943279266357,13412,2.0401957035064697,18.1,247551,247652
0.75,0.0005,-14.42054014,0.028464101254940033,6999,35,11.370471954345703,0.4610704779624939,13416,2.204343318939209,18.22,247630,247731
0.76,0.0005,-14.059784940000002,0.029526343569159508,7000,35,9.207873344421387,0.08148780465126038,13420,0.8272292613983154,18.15,247701,247802
0.75,0.0005,-14.341519600000002,0.029196729883551598,7002,35,9.170696258544922,0.5483716726303101,13424,2.1519582271575928,18.07,247775,247876
0.75,0.0005,-14.270649539999999,0.028567666187882423,7004,35,9.078963279724121,-1.0083770751953125,13428,0.46510910987854004,18.22,247856,247957
0.76,0.0005,-13.99642926,0.02795588970184326,7006,35,9.533666610717773,-0.5249761343002319,13432,0.5110652446746826,18.32,247939,248040
0.76,0.0005,-13.9237512,0.027569184079766273,7007,35,9.42854118347168,0.8755764961242676,13436,0.5101771950721741,18.47,248012,248113
0.76,0.0005,-13.909107929999998,0.027610844001173973,7009,35,9.793285369873047,0.8117004632949829,13440,0.33937087655067444,18.51,248100,248201
0.78,0.0005,-13.317475319999998,0.027226319536566734,7011,35,9.814218521118164,-0.9493153095245361,13444,0.735897421836853,18.62,248175,248276
0.79,0.0005,-13.021433820000002,0.0279440525919199,7013,35,10.783634185791016,-0.21041423082351685,13448,0.33079296350479126,18.71,248262,248363
0.79,0.0005,-12.95792343,0.028263401240110397,7014,35,10.31197452545166,-0.10285063087940216,13452,0.7693195343017578,18.57,248319,248420
0.79,0.0005,-12.97113574,0.028988506644964218,7016,35,10.06177806854248,0.7035963535308838,13456,1.0860810279846191,18.57,248389,248490
0.77,0.0005,-13.596040310000001,0.029514020308852196,7017,35,9.884289741516113,-0.9122229814529419,13460,0.4932994842529297,18.53,248464,248565
0.77,0.0005,-13.443617360000001,0.028779294341802597,7019,35,9.042234420776367,-0.1406363546848297,13464,0.2462298572063446,18.57,248539,248640
0.78,0.0005,-13.306004869999999,0.02822660468518734,7021,35,8.592621803283691,0.1595277339220047,13468,0.7461022734642029,18.65,248620,248721
0.77,0.0005,-13.607800470000003,0.027886968106031418,7023,35,8.840673446655273,0.14097177982330322,13472,1.4153674840927124,18.72,248699,248800
0.75,0.0005,-14.242305920000002,0.027671506628394127,7024,35,8.961923599243164,-0.4476267993450165,13476,0.16585838794708252,18.62,248759,248860
0.76,0.0005,-13.963213400000003,0.027561936527490616,7026,35,9.640522003173828,0.07755613327026367,13480,1.024233341217041,18.71,248839,248940
0.75,0.0005,-14.122944890000001,0.027642235159873962,7028,35,8.119501113891602,-0.6823515295982361,13484,0.5178437232971191,18.72,248916,249017
0.77,0.0005,-13.581860919999999,0.026706470176577568,7031,35,8.479190826416016,-0.09825253486633301,13488,1.3172425031661987,18.94,248997,249098
0.78,0.0005,-13.401391960000002,0.02613087184727192,7033,35,9.516223907470703,0.34411174058914185,13492,0.36420896649360657,18.97,249078,249179
0.79,0.0005,-13.11167805,0.02638045698404312,7035,35,8.274465560913086,-1.181605339050293,13496,0.3410522937774658,18.99,249157,249258
0.79,0.0005,-13.12140956,0.02631981298327446,7037,35,8.073863983154297,-0.17964965105056763,13500,1.417356014251709,19.01,249226,249327
0.79,0.0005,-13.11696547,0.026033999398350716,7039,35,9.2565279006958,0.4699699878692627,13504,1.542731523513794,18.99,249301,249402
0.8,0.0005,-12.76374739,0.02584931068122387,7041,35,9.344012260437012,0.5003674626350403,13508,0.8255064487457275,18.98,249381,249482
0.81,0.0005,-12.45280468,0.026677653193473816,7042,35,9.308639526367188,0.6561821699142456,13512,0.7787746787071228,18.96,249447,249548
0.83,0.0005,-11.937312890000003,0.026547109708189964,7044,35,8.936483383178711,-0.41631534695625305,13516,1.929039478302002,19.01,249531,249632
0.82,0.0005,-12.300032750000003,0.02595662884414196,7046,35,9.689679145812988,-0.5979574918746948,13520,1.194348931312561,19.06,249607,249708
0.82,0.0005,-12.27926724,0.025783231481909752,7048,35,9.364273071289062,0.653935432434082,13524,1.6959701776504517,19.01,249676,249777
0.83,0.0005,-12.04034411,0.02613735944032669,7051,35,9.785486221313477,-0.5903828740119934,13528,0.30138516426086426,18.96,249752,249853
0.83,0.0005,-12.00652397,0.025851184502243996,7053,35,9.396381378173828,-0.07852163910865784,13532,1.141381025314331,18.93,249832,249933
0.85,0.0005,-11.50696516,0.0260506272315979,7072,35,9.327668190002441,-0.6554602384567261,13536,0.6426873803138733,18.93,249905,250006
0.84,0.0005,-11.708568919999998,0.025709373876452446,7073,35,8.039788246154785,-0.6948302388191223,13540,0.9451532363891602,18.7,249970,250071
0.83,0.0005,-12.04265938,0.025749774649739265,7075,35,9.389856338500977,0.5013887882232666,13544,0.9287939071655273,18.67,250042,250143
0.83,0.0005,-12.049964600000001,0.02680356241762638,7078,35,8.513279914855957,0.643069863319397,13548,1.055980920791626,18.7,250132,250233
0.83,0.0005,-12.091854840000002,0.027283476665616035,7080,35,10.07431411743164,0.48139822483062744,13552,1.1909408569335938,18.8,250199,250300
0.85,0.0005,-11.4729472,0.027232293039560318,7082,35,10.000226974487305,-0.007603839039802551,13556,0.8611437678337097,18.87,250276,250377
0.86,0.0005,-11.127505759999996,0.027985529974102974,7084,35,10.973154067993164,1.7602752447128296,13560,1.935800552368164,18.82,250346,250447
0.85,0.0005,-11.567554050000002,0.029060473665595055,7086,35,8.910063743591309,0.17719116806983948,13564,0.8554546236991882,18.69,250408,250509
0.85,0.0005,-11.60769003,0.029708588495850563,7088,35,9.470392227172852,0.6061510443687439,13568,0.652021586894989,18.73,250493,250594
0.85,0.0005,-11.66217813,0.029135243967175484,7090,35,9.900602340698242,-0.995490312576294,13572,0.5479459762573242,18.67,250566,250667
0.87,0.0005,-11.0607941,0.028852403163909912,7092,35,10.069355010986328,0.03976669907569885,13576,1.1547496318817139,18.77,250636,250737
0.87,0.0005,-10.997379540000003,0.028479639440774918,7094,35,9.593929290771484,-0.333440363407135,13580,0.4454891085624695,18.63,250702,250803
0.88,0.0005,-10.79192731,0.028289422392845154,7096,35,8.874980926513672,0.18964092433452606,13584,0.4979173541069031,18.58,250774,250875
0.88,0.0005,-10.73576843,0.0280274897813797,7097,35,8.288655281066895,-0.5894403457641602,13588,0.27247297763824463,18.48,250845,250946
0.89,0.0005,-10.44452897,0.027495672926306725,7100,35,8.554075241088867,0.033177003264427185,13592,0.2670215368270874,18.52,250930,251031
0.88,0.0005,-10.72987058,0.0269992146641016,7102,35,8.916730880737305,-0.03180176019668579,13596,1.1262165307998657,18.48,251005,251106
0.88,0.0005,-10.8804398,0.0264950692653656,7104,35,8.946972846984863,-0.06585261225700378,13600,1.305861473083496,18.71,251097,251198
0.88,0.0005,-10.866827070000001,0.026166781783103943,7106,35,8.079111099243164,-0.04940544068813324,13604,0.36552777886390686,18.69,251170,251271
0.85,0.0005,-11.77218178,0.026192815974354744,7108,35,10.356182098388672,1.2282217741012573,13608,0.44498762488365173,18.51,251232,251333
0.85,0.0005,-11.81399754,0.02612871676683426,7110,35,9.171792030334473,-1.0213751792907715,13612,0.2956794500350952,18.62,251309,251410
0.84,0.0005,-12.006333660000003,0.025753764435648918,7112,35,10.28513240814209,-0.7029460668563843,13616,0.6835528612136841,18.6,251391,251492
0.83,0.0005,-12.28982419,0.026142213493585587,7114,35,9.008914947509766,0.0356268584728241,13620,1.0647052526474,18.52,251459,251560
0.84,0.0005,-11.966119939999999,0.02640940435230732,7116,35,8.283317565917969,0.22253575921058655,13624,2.1729631423950195,18.53,251529,251630
0.84,0.0005,-12.060807660000002,0.026790253818035126,7118,35,9.255078315734863,0.016562148928642273,13628,1.4926424026489258,18.64,251616,251717
0.84,0.0005,-12.001841009999998,0.02675967663526535,7120,35,8.431097030639648,-0.1064281240105629,13632,0.4322056770324707,18.53,251685,251786
0.83,0.0005,-12.28805727,0.027190206572413445,7122,35,7.914529323577881,-0.14616671204566956,13636,0.7257199287414551,18.46,251751,251852
0.83,0.0005,-12.165400479999999,0.02711932733654976,7124,35,9.66677188873291,-0.08302974700927734,13640,2.4651951789855957,18.48,251818,251919
0.84,0.0005,-11.851671899999996,0.027801722288131714,7126,35,8.492313385009766,0.3499893546104431,13644,0.46102237701416016,18.51,251893,251994
0.84,0.0005,-11.75816253,0.027930159121751785,7128,35,9.166857719421387,0.6580057740211487,13648,0.524924635887146,18.38,251970,252071
0.85,0.0005,-11.409551129999997,0.02793034538626671,7130,35,8.212075233459473,0.46221083402633667,13652,1.2492419481277466,18.36,252035,252136
0.85,0.0005,-11.3673947,0.027529651299118996,7132,35,7.965080261230469,-0.568077802658081,13656,0.9409741759300232,18.33,252109,252210
0.85,0.0005,-11.318249019999996,0.02662229724228382,7134,35,8.742965698242188,-0.4130244255065918,13660,1.504396677017212,18.26,252172,252273
0.88,0.0005,-10.378109449999997,0.025939442217350006,7136,35,9.042581558227539,-2.2451815605163574,13664,0.25651589035987854,18.37,252245,252346
0.86,0.0005,-10.93738098,0.025095632299780846,7137,35,8.660225868225098,-0.024426206946372986,13668,0.4627177119255066,18.21,252314,252415
0.86,0.0005,-10.940277290000001,0.024817291647195816,7139,35,9.654163360595703,-0.692919909954071,13672,1.3254200220108032,18.21,252387,252488
0.85,0.0005,-11.27531215,0.024632064625620842,7141,35,9.32998275756836,1.158393144607544,13676,1.5008516311645508,18.22,252458,252559
0.85,0.0005,-11.317683879999999,0.02423745207488537,7143,35,9.710865020751953,-0.4313209652900696,13680,0.6505410075187683,18.28,252530,252631
0.85,0.0005,-11.313602080000003,0.02447493188083172,7145,35,9.413743019104004,0.4285016357898712,13684,1.7202093601226807,18.26,252600,252701
0.85,0.0005,-11.375195819999998,0.023924820125102997,7147,35,8.119392395019531,0.06883108615875244,13688,0.2789205014705658,18.36,252681,252782
0.84,0.0005,-11.595244339999997,0.023827513679862022,7149,35,11.458670616149902,0.8477471470832825,13692,1.5014793872833252,18.2,252750,252851
0.84,0.0005,-11.50503354,0.024920150637626648,7151,35,8.78337287902832,1.0299159288406372,13696,0.21542316675186157,18.26,252831,252932
0.83,0.0005,-11.68206363,0.025380438193678856,7153,35,9.94540023803711,-0.6520627737045288,13700,0.7631773948669434,18.04,252901,253002
0.84,0.0005,-11.381558759999997,0.025806792080402374,7155,35,7.55116605758667,-0.03962409496307373,13704,0.35458704829216003,18.11,252981,253082
0.87,0.0005,-10.43079669,0.025956658646464348,7157,35,8.236873626708984,-0.36624056100845337,13708,0.5658048987388611,18.23,253055,253156
0.86,0.0005,-10.63098124,0.025916840881109238,7159,35,8.412736892700195,0.18873772025108337,13712,0.9308719635009766,18.28,253137,253238
0.86,0.0005,-10.710465509999999,0.02576579712331295,7161,35,8.838435173034668,-0.5182299613952637,13716,0.5779980421066284,18.23,253214,253315
0.87,0.0005,-10.459380810000003,0.025614839047193527,7163,35,9.367074966430664,-1.1955424547195435,13720,0.6879870891571045,18.34,253293,253394
0.85,0.0005,-11.150543749999999,0.02521847002208233,7164,35,9.290290832519531,0.373812735080719,13724,0.9057679772377014,18.38,253367,253468
0.83,0.0005,-11.58173765,0.02545258402824402,7166,35,9.425429344177246,0.17444506287574768,13728,0.41765353083610535,18.25,253441,253542
0.81,0.0005,-12.218362440000003,0.02561871148645878,7168,35,8.389124870300293,-0.06424582004547119,13732,0.2881910800933838,18.23,253508,253609
0.82,0.0005,-12.005903879999998,0.025238914415240288,7170,35,8.32540512084961,-0.06245724856853485,13736,0.3126114010810852,18.45,253596,253697
0.83,0.0005,-11.95979883,0.025190245360136032,7172,35,9.98484992980957,0.665141224861145,13740,1.0365371704101562,18.67,253685,253786
0.83,0.0005,-11.96220947,0.025337569415569305,7174,35,9.421208381652832,1.0758516788482666,13744,0.2990765869617462,18.69,253762,253863
0.83,0.0005,-11.94739028,0.02551417239010334,7176,35,8.040282249450684,-0.15945832431316376,13748,0.35437849164009094,18.64,253834,253935
0.83,0.0005,-11.999898240000002,0.025474179536104202,7178,35,8.76693344116211,-0.49773359298706055,13752,1.2465981245040894,18.73,253908,254009
0.83,0.0005,-12.092131460000001,0.025576375424861908,7180,35,9.318723678588867,0.19514504075050354,13756,2.7366490364074707,18.83,253992,254093
0.84,0.0005,-11.81220799,0.025363994762301445,7182,35,7.785070896148682,-0.3285081684589386,13760,0.40982311964035034,18.89,254061,254162
0.84,0.0005,-11.82924619,0.02531273663043976,7184,35,8.542963981628418,0.29636016488075256,13764,0.20000094175338745,18.92,254137,254238
0.85,0.0005,-11.492160369999997,0.025567632168531418,7186,35,9.460132598876953,-1.426624059677124,13768,0.2641105055809021,18.9,254204,254305
0.86,0.0005,-11.11984919,0.025523731485009193,7188,35,8.971150398254395,-0.14297614991664886,13772,1.669477939605713,18.85,254272,254373
0.87,0.0005,-10.782165789999999,0.02523801289498806,7189,35,8.325422286987305,0.37705183029174805,13776,2.4181551933288574,18.84,254342,254443
0.86,0.0005,-11.065765549999998,0.02591870166361332,7191,35,9.949195861816406,0.6222661733627319,13780,2.631565570831299,18.79,254409,254510
0.86,0.0005,-11.133259179999998,0.026977870613336563,7193,35,8.854077339172363,-0.5901002287864685,13784,3.53456449508667,19.01,254501,254602
0.85,0.0005,-11.39139282,0.026996878907084465,7195,35,8.995705604553223,-0.18808558583259583,13788,0.2823070287704468,18.87,254568,254669
0.86,0.0005,-11.069739960000001,0.027133407071232796,7196,35,9.078474044799805,-0.17650066316127777,13792,0.6399908661842346,18.87,254637,254738
0.87,0.0005,-10.820834590000002,0.027063919231295586,7198,35,10.271505355834961,-0.2109975516796112,13796,0.5314319133758545,18.78,254709,254810
0.88,0.0005,-10.45519043,0.02644084393978119,7200,35,8.224281311035156,-0.47684597969055176,13800,1.4312751293182373,18.74,254775,254876
0.87,0.0005,-10.721378519999998,0.02587098255753517,7202,35,8.757672309875488,-0.20894655585289001,13804,1.1775988340377808,18.63,254844,254945
0.85,0.0005,-11.30634903,0.026157420128583908,7203,35,9.020822525024414,0.3660837411880493,13808,0.5791511535644531,18.49,254904,255005
0.85,0.0005,-11.407181020000001,0.0263113621622324,7205,35,8.297552108764648,0.27986791729927063,13812,0.27705520391464233,18.36,254973,255074
0.86,0.0005,-11.091082370000002,0.026036692783236504,7207,35,8.663529396057129,-0.21508841216564178,13816,0.97417151927948,18.36,255050,255151
0.86,0.0005,-11.04185953,0.02634437195956707,7209,35,8.194714546203613,0.2129608690738678,13820,1.306882619857788,18.29,255122,255223
0.87,0.0005,-10.5713583,0.026566755026578903,7211,35,9.870985984802246,-0.020671546459197998,13824,0.3909747302532196,18.34,255201,255302
0.88,0.0005,-10.23333156,0.027076156809926033,7213,35,9.405707359313965,1.4675073623657227,13828,0.7255988121032715,18.32,255273,255374
0.89,0.0005,-9.936639759999998,0.028367824852466583,7215,35,9.51671028137207,-0.29498201608657837,13832,0.4240373969078064,18.38,255346,255447
0.89,0.0005,-9.842288669999999,0.02835211716592312,7217,35,8.849236488342285,-0.6221567392349243,13836,1.6877604722976685,18.25,255421,255522
0.89,0.0005,-9.77512605,0.027965787798166275,7219,35,8.254051208496094,-0.17633560299873352,13840,1.5454663038253784,18.13,255498,255599
0.89,0.0005,-9.822405430000002,0.027652887627482414,7221,35,7.730849266052246,-0.020545676350593567,13844,0.11669591069221497,18.18,255580,255681
0.87,0.0005,-10.44908065,0.027071354910731316,7223,35,8.896492958068848,-0.4172520935535431,13848,1.309967041015625,18.12,255646,255747
0.86,0.0005,-10.64897842,0.02694888412952423,7225,35,9.62564468383789,-0.6931542158126831,13852,1.7425014972686768,18.05,255713,255814
0.85,0.0005,-10.869245800000002,0.02742610312998295,7227,35,9.438800811767578,0.5617773532867432,13856,1.2878587245941162,17.9,255782,255883
0.85,0.0005,-10.92519605,0.027117975056171417,7229,35,8.68274974822998,0.031549036502838135,13860,0.5566022992134094,17.99,255860,255961
0.84,0.0005,-11.196152880000001,0.027470838278532028,7231,35,8.996665954589844,-0.41109973192214966,13864,1.046406865119934,17.9,255927,256028
0.84,0.0005,-11.20026085,0.027849115431308746,7233,35,8.270407676696777,0.6605453491210938,13868,0.7453421354293823,17.93,255997,256098
0.83,0.0005,-11.58382185,0.028233058750629425,7235,35,14.71054458618164,1.1413747072219849,13872,4.444955348968506,18.05,256077,256178
0.82,0.0005,-11.818321589999998,0.02992645464837551,7237,35,14.059046745300293,-0.5744808912277222,13876,6.222516059875488,18.19,256161,256262
0.81,0.0005,-12.087086049999998,0.031217942014336586,7239,35,15.408259391784668,2.395672559738159,13880,6.124999046325684,18.27,256236,256337
0.81,0.0005,-12.025305640000001,0.033891770988702774,7241,35,13.4723482131958,0.9214509129524231,13884,2.748056173324585,18.06,256307,256408
0.81,0.0005,-12.00826833,0.035853978246450424,7244,35,11.81845474243164,1.93631911277771,13888,2.3710858821868896,18.28,256396,256497
0.78,0.0005,-12.849476180000002,0.03836078569293022,7246,35,12.211559295654297,1.0203875303268433,13892,1.9960236549377441,18.45,256482,256583
0.76,0.0005,-13.396360680000003,0.03969498723745346,7248,35,11.046096801757812,0.7265958786010742,13896,2.954061508178711,18.39,256548,256649
0.73,0.0005,-14.142286010000003,0.04098603501915932,7250,35,10.966045379638672,1.083605408668518,13900,1.9928083419799805,18.61,256636,256737
0.74,0.0005,-13.852463860000002,0.041665494441986084,7252,35,11.862415313720703,0.7462493777275085,13904,0.48226332664489746,18.64,256708,256809
0.75,0.0005,-13.510387170000001,0.04192018881440163,7254,35,9.910981178283691,-0.32646599411964417,13908,2.7728872299194336,18.73,256777,256878
0.73,0.0005,-13.912627169999999,0.041937392204999924,7256,35,11.886956214904785,0.1596381962299347,13912,0.8975935578346252,18.63,256836,256937
0.72,0.0005,-14.266658480000004,0.042409252375364304,7258,35,10.207672119140625,0.23869752883911133,13916,1.1887147426605225,18.67,256917,257018
0.73,0.0005,-13.99417694,0.042722173035144806,7260,35,10.743335723876953,0.030782878398895264,13920,0.883454442024231,18.75,256997,257098
0.73,0.0005,-14.106688140000001,0.043196436017751694,7262,35,10.625293731689453,0.3223148584365845,13924,2.046999931335449,18.65,257066,257167
0.73,0.0005,-14.250721280000002,0.04335487261414528,7264,35,11.140419960021973,0.09664228558540344,13928,1.049337387084961,18.66,257139,257240
0.74,0.0005,-13.91579697,0.043209124356508255,7266,35,11.229995727539062,0.11303222179412842,13932,1.180161952972412,18.65,257211,257312
0.72,0.0005,-14.544766349999998,0.042794469743967056,7268,35,10.269731521606445,0.40452009439468384,13936,0.7735724449157715,18.55,257276,257377
0.71,0.0005,-14.82889792,0.04271082207560539,7270,35,10.925743103027344,0.060764335095882416,13940,1.4971510171890259,18.48,257346,257447
0.7,0.0005,-15.136569650000002,0.04319758713245392,7272,35,11.895986557006836,0.6650629639625549,13944,1.000861406326294,18.47,257427,257528
0.72,0.0005,-14.547367700000002,0.04352007433772087,7274,35,10.506807327270508,-0.4952089786529541,13948,1.4888564348220825,18.57,257503,257604
0.73,0.0005,-14.434495990000002,0.04297526925802231,7276,35,9.674066543579102,-0.20019853115081787,13952,2.0818214416503906,18.74,257587,257688
0.74,0.0005,-14.166778070000003,0.04249041900038719,7278,35,10.079050064086914,-0.42784273624420166,13956,4.870074272155762,18.81,257663,257764
0.72,0.0005,-14.558865720000002,0.042534757405519485,7281,35,10.683305740356445,-0.3069448173046112,13960,1.112646222114563,18.9,257750,257851
0.73,0.0005,-14.21090294,0.042580749839544296,7283,35,10.070513725280762,-0.5499671101570129,13964,0.5872735977172852,18.92,257819,257920
0.74,0.0005,-13.927608829999999,0.0428166538476944,7285,35,10.22336196899414,-0.28566989302635193,13968,3.6980104446411133,18.96,257893,257994
0.72,0.0005,-14.392100280000001,0.042220305651426315,7287,35,11.11335277557373,-0.38803747296333313,13972,1.0939115285873413,18.87,257964,258065
0.71,0.0005,-14.709280470000001,0.041123200207948685,7289,35,9.835319519042969,-0.5447795391082764,13976,0.995043158531189,18.87,258048,258149
0.72,0.0005,-14.39154238,0.04077005386352539,7291,35,10.894256591796875,0.18347305059432983,13980,3.626558780670166,18.96,258132,258233
0.71,0.0005,-14.723258229999999,0.041439495980739594,7294,35,10.005155563354492,-1.0252752304077148,13984,1.6352684497833252,19.1,258217,258318
0.72,0.0005,-14.490922570000002,0.04117681831121445,7296,35,10.949212074279785,0.15466897189617157,13988,1.6435935497283936,19.06,258302,258403
0.74,0.0005,-13.849054030000001,0.04160414636135101,7298,35,10.280649185180664,0.46028444170951843,13992,0.9006125330924988,18.93,258375,258476
0.75,0.0005,-13.53847568,0.04274538904428482,7300,35,10.907611846923828,-0.15094181895256042,13996,1.4411741495132446,19.1,258458,258559
0.78,0.0005,-12.826472639999999,0.04352940246462822,7301,35,10.102137565612793,1.0037175416946411,14000,1.4859464168548584,18.89,258525,258626
0.76,0.0005,-13.32375389,0.0440027080476284,7303,35,10.27475357055664,0.13524886965751648,14004,1.4018230438232422,18.91,258599,258700
0.77,0.0005,-13.058957170000003,0.0445731021463871,7305,35,10.07198715209961,0.6855961680412292,14008,2.69459867477417,18.88,258665,258766
0.78,0.0005,-13.202135130000002,0.04574167728424072,7307,35,10.034587860107422,-0.4795910716056824,14012,0.4945293962955475,19.45,258781,258882
0.77,0.0005,-13.421557230000001,0.04611887037754059,7309,35,10.348272323608398,1.031304121017456,14016,2.04850697517395,19.38,258855,258956
0.76,0.0005,-13.725128720000003,0.04614676535129547,7312,35,11.253005981445312,0.5794402360916138,14020,1.4838252067565918,19.71,258968,259069
0.77,0.0005,-13.44742281,0.04575493186712265,7314,35,9.543354988098145,-0.04096018522977829,14024,2.924020290374756,19.82,259048,259149
0.77,0.0005,-13.3496619,0.04539591073989868,7316,35,8.668985366821289,0.2651268243789673,14028,1.4452158212661743,19.96,259135,259236
0.77,0.0005,-13.34201351,0.04649273306131363,7317,35,11.980142593383789,-0.5235694646835327,14032,1.2901173830032349,19.92,259203,259304
0.78,0.0005,-13.02408622,0.0468667633831501,7319,35,10.215188980102539,-0.577594518661499,14036,1.2548015117645264,19.95,259271,259372
0.78,0.0005,-12.982996570000001,0.04568302258849144,7320,35,9.661131858825684,-0.32274776697158813,14040,1.5405149459838867,19.89,259335,259436
0.78,0.0005,-12.90564748,0.045205678790807724,7322,35,10.381969451904297,-0.2648886740207672,14044,0.8795680999755859,19.82,259409,259510
0.76,0.0005,-13.395074820000001,0.04498225823044777,7323,35,8.811714172363281,0.04158112406730652,14048,1.723922610282898,19.81,259484,259585
0.76,0.0005,-13.302767220000003,0.04459385946393013,7325,35,9.763895034790039,0.38984575867652893,14052,2.525254249572754,19.71,259558,259659
0.74,0.0005,-13.820654079999999,0.044705621898174286,7327,35,10.541155815124512,-0.3331492841243744,14056,2.767796039581299,19.68,259631,259732
0.76,0.0005,-13.43043015,0.04449458047747612,7329,35,9.615949630737305,-1.0237404108047485,14060,0.5427380204200745,19.61,259711,259812
0.76,0.0005,-13.531060230000001,0.043854665011167526,7331,35,10.374505996704102,-0.1621420979499817,14064,0.8192873001098633,19.77,259796,259897
0.75,0.0005,-13.82915753,0.043290842324495316,7333,35,11.017960548400879,-0.22229613363742828,14068,0.6245334148406982,19.77,259870,259971
0.78,0.0005,-13.103128569999999,0.04295721650123596,7353,35,10.098976135253906,-1.0079145431518555,14072,1.9067902565002441,19.97,259961,260062
0.8,0.0005,-12.640754820000002,0.041291337460279465,7355,35,10.415380477905273,-0.3511688709259033,14076,0.8707429766654968,19.94,260042,260143
0.81,0.0005,-12.476354250000002,0.04131103307008743,7357,35,9.700872421264648,0.4815705418586731,14080,0.6117730140686035,19.96,260128,260229
0.81,0.0005,-12.321042770000002,0.04152859374880791,7359,35,9.813017845153809,-0.337580144405365,14084,0.7421457767486572,19.85,260202,260303
0.8,0.0005,-12.57283692,0.042109906673431396,7361,35,9.791776657104492,0.02671182155609131,14088,1.1574766635894775,19.69,260271,260372
0.81,0.0005,-12.435559620000001,0.042238034307956696,7363,35,9.2361478805542,0.656378984451294,14092,0.8385338187217712,19.77,260352,260453
0.79,0.0005,-13.01637403,0.04198194667696953,7365,35,9.622076034545898,-0.8481093049049377,14096,0.49867695569992065,19.64,260422,260523
0.78,0.0005,-13.251038649999998,0.041569847613573074,7367,35,9.478193283081055,0.20448452234268188,14100,1.4002131223678589,19.79,260504,260605
0.8,0.0005,-12.875773070000001,0.04108612611889839,7370,35,10.212858200073242,-0.40928736329078674,14104,0.8047559261322021,19.99,260598,260699
0.8,0.0005,-13.000801019999999,0.04153909906744957,7372,35,9.264076232910156,0.2817455232143402,14108,0.43802744150161743,20.23,260688,260789
0.81,0.0005,-12.49443995,0.04136141389608383,7374,35,9.450526237487793,-0.8727110624313354,14112,1.4870648384094238,19.78,260759,260860
0.83,0.0005,-11.904175069999999,0.03989212214946747,7376,35,9.577457427978516,-0.038400232791900635,14116,1.4767251014709473,19.77,260832,260933
0.84,0.0005,-11.475258869999996,0.04006728157401085,7378,35,9.084227561950684,-0.0634344071149826,14120,1.884944200515747,19.27,260895,260996
0.83,0.0005,-11.762268770000002,0.040129560977220535,7379,35,9.50407886505127,-0.2526875436306,14124,1.089858055114746,19.19,260967,261068
0.82,0.0005,-12.169721650000003,0.04010608419775963,7381,35,9.597476959228516,0.05755347013473511,14128,0.860795795917511,19.01,261036,261137
0.82,0.0005,-12.222301260000002,0.04052448645234108,7383,35,8.64569091796875,-0.108417809009552,14132,1.3615645170211792,19.09,261112,261213
0.82,0.0005,-12.173485900000001,0.04015665873885155,7385,35,9.010350227355957,0.263144850730896,14136,0.6383273601531982,19.02,261173,261274
0.82,0.0005,-12.221878469999996,0.04008413478732109,7387,35,10.274490356445312,-0.130441814661026,14140,1.639197826385498,19.1,261245,261346
0.83,0.0005,-12.05521557,0.04055937007069588,7389,35,9.588180541992188,-0.15907315909862518,14144,1.749942421913147,19.3,261339,261440
0.82,0.0005,-12.372335909999999,0.04080251604318619,7391,35,10.026159286499023,0.554299533367157,14148,0.8210116624832153,19.24,261408,261509
0.82,0.0005,-12.411566149999999,0.040457043796777725,7393,35,10.715993881225586,-0.5311141014099121,14152,1.4655373096466064,19.27,261485,261586
0.82,0.0005,-12.54473047,0.040246833115816116,7395,35,10.338399887084961,0.24263900518417358,14156,1.635991096496582,19.27,261558,261659
0.81,0.0005,-12.82649262,0.04023546352982521,7397,35,8.51923656463623,-0.5878363847732544,14160,0.5663403272628784,19.19,261630,261731
0.81,0.0005,-12.748977249999998,0.03941943868994713,7399,35,10.48452377319336,0.49616509675979614,14164,0.9319984912872314,19.04,261700,261801
0.81,0.0005,-12.754925219999997,0.0396401584148407,7401,35,8.427938461303711,-0.5093869566917419,14168,1.7393767833709717,19.07,261777,261878
0.8,0.0005,-12.964808699999999,0.039959050714969635,7403,35,8.9111909866333,-1.046208143234253,14172,1.6631942987442017,18.85,261846,261947
0.8,0.0005,-12.98824324,0.03821715712547302,7405,35,10.28468132019043,0.03634810447692871,14176,1.6218159198760986,18.94,261936,262037
0.79,0.0005,-13.160284919999999,0.03736729547381401,7407,35,9.73061752319336,-0.283743292093277,14180,0.9370660781860352,18.95,262023,262124
0.8,0.0005,-13.084666039999997,0.03760076314210892,7409,35,8.924664497375488,0.9520087242126465,14184,0.4993963837623596,19.08,262110,262211
0.79,0.0005,-13.187130559999998,0.03881947323679924,7412,35,9.332653045654297,1.1233121156692505,14188,0.6681356430053711,19.25,262196,262297
0.77,0.0005,-13.73386426,0.039012111723423004,7413,35,9.623538970947266,-0.21301323175430298,14192,1.2709839344024658,19.06,262258,262359
0.8,0.0005,-12.885696839999998,0.037617772817611694,7415,35,9.719520568847656,-0.2508310079574585,14196,0.24982258677482605,19.05,262327,262428
0.8,0.0005,-12.942310480000002,0.03679985553026199,7417,35,9.228605270385742,-0.41781875491142273,14200,0.8160017132759094,18.86,262390,262491
0.78,0.0005,-13.317634559999998,0.0363040491938591,7419,35,9.018719673156738,-0.6979541778564453,14204,0.2799028754234314,18.67,262465,262566
0.77,0.0005,-13.428198470000002,0.035489026457071304,7421,35,9.91994571685791,-0.3707972466945648,14208,0.3336993455886841,18.57,262545,262646
0.78,0.0005,-13.075332330000002,0.03493424504995346,7423,35,8.388595581054688,0.7616806030273438,14212,0.396428644657135,18.6,262619,262720
0.78,0.0005,-13.027066620000001,0.03499627858400345,7424,35,9.384944915771484,0.15617871284484863,14216,1.0680999755859375,18.54,262686,262787
0.78,0.0005,-13.187415159999999,0.03571649640798569,7427,35,8.457571029663086,-0.7347521185874939,14220,1.6930581331253052,18.81,262776,262877
0.79,0.0005,-12.918554150000002,0.03574753925204277,7429,35,8.929388046264648,0.487400084733963,14224,1.582835078239441,18.94,262861,262962
0.81,0.0005,-12.397187380000002,0.036464523524045944,7431,35,10.16841983795166,-0.448110431432724,14228,1.4237760305404663,19.13,262949,263050
0.8,0.0005,-12.644348749999999,0.03612777590751648,7433,35,7.457036972045898,1.016369104385376,14232,0.7544066309928894,19.07,263019,263120
0.81,0.0005,-12.408023889999997,0.0365295335650444,7435,35,10.437887191772461,-0.4479714035987854,14236,1.6888468265533447,19.2,263093,263194
0.8,0.0005,-12.642845670000002,0.03699623420834541,7438,35,11.215810775756836,-0.627994179725647,14240,1.301875114440918,19.32,263177,263278
0.8,0.0005,-12.513073590000001,0.03627582639455795,7440,35,10.537915229797363,0.729200005531311,14244,2.571974039077759,19.16,263255,263356
0.83,0.0005,-11.72500383,0.036946460604667664,7442,35,10.54515266418457,-0.8918061256408691,14248,2.343818426132202,19.27,263335,263436
0.83,0.0005,-11.724840819999997,0.03589742258191109,7444,35,11.189014434814453,-0.4099036157131195,14252,1.8263442516326904,19.26,263411,263512
0.85,0.0005,-11.152620030000001,0.03662407398223877,7446,35,8.265375137329102,-0.20887047052383423,14256,0.6440915465354919,19.47,263505,263606
0.85,0.0005,-11.080658310000004,0.03613060340285301,7448,35,10.015222549438477,-0.9067977666854858,14260,1.036424160003662,19.38,263568,263669
0.85,0.0005,-11.08236022,0.0353025421500206,7449,35,8.635736465454102,-0.4621281325817108,14264,2.1897852420806885,19.37,263637,263738
0.85,0.0005,-11.070576220000003,0.035354454070329666,7452,35,9.907261848449707,0.008455753326416016,14268,1.036779522895813,19.4,263717,263818
0.86,0.0005,-10.89597405,0.036351755261421204,7454,35,9.748278617858887,-0.9970277547836304,14272,0.48766201734542847,19.65,263811,263912
0.85,0.0005,-11.17194208,0.035889413207769394,7456,35,9.133405685424805,-1.0184837579727173,14276,0.5434287786483765,19.6,263896,263997
0.85,0.0005,-11.250366659999997,0.035247109830379486,7458,35,10.220541000366211,0.8301669955253601,14280,1.914613127708435,19.46,263969,264070
0.85,0.0005,-11.16398233,0.035063304007053375,7460,35,8.604941368103027,-0.39758604764938354,14284,0.7788413763046265,19.36,264046,264147
0.87,0.0005,-10.79490318,0.03481249138712883,7462,35,8.996198654174805,0.6257849931716919,14288,0.36928892135620117,19.3,264126,264227
0.89,0.0005,-10.19545458,0.03483293950557709,7464,35,10.000676155090332,-0.09467432647943497,14292,0.45127540826797485,19.41,264199,264300
0.89,0.0005,-10.290174909999998,0.03448599949479103,7466,35,9.870277404785156,0.28582704067230225,14296,0.8404302597045898,19.55,264282,264383
0.89,0.0005,-10.367460540000002,0.035035718232393265,7468,35,9.345251083374023,-0.01939542219042778,14300,0.4762515723705292,19.64,264354,264455
0.89,0.0005,-10.46283463,0.03480573743581772,7469,35,8.282176971435547,0.6956475377082825,14304,1.3322077989578247,19.53,264418,264519
0.88,0.0005,-10.84458443,0.0346362479031086,7471,35,8.455060005187988,0.5476177334785461,14308,0.21469202637672424,19.37,264482,264583
0.88,0.0005,-10.793776990000003,0.03437914699316025,7472,35,9.322554588317871,-0.5240121483802795,14312,0.2763466536998749,19.3,264549,264650
0.87,0.0005,-11.21504246,0.03401909023523331,7474,35,9.231010437011719,0.17070448398590088,14316,0.9263581037521362,19.44,264630,264731
0.86,0.0005,-11.392900789999999,0.033509526401758194,7476,35,9.583877563476562,0.2137150764465332,14320,1.5042506456375122,19.2,264696,264797
0.86,0.0005,-11.320795840000002,0.03345398232340813,7477,35,10.968307495117188,0.5203174352645874,14324,1.878004789352417,19.04,264765,264866
0.84,0.0005,-11.850994409999998,0.034300900995731354,7479,35,9.486444473266602,-0.717853844165802,14328,0.8695248961448669,18.85,264834,264935
0.84,0.0005,-11.92606747,0.03369658812880516,7481,35,10.778938293457031,-0.2621873617172241,14332,1.2616517543792725,18.91,264910,265011
0.84,0.0005,-12.00019262,0.03278650715947151,7483,35,9.851037979125977,0.09156776964664459,14336,0.46619588136672974,19.06,264999,265100
0.86,0.0005,-11.547550570000004,0.03274063020944595,7485,35,9.59092903137207,0.8535518646240234,14340,0.559386134147644,19.12,265089,265190
0.85,0.0005,-11.898877650000001,0.03311309590935707,7487,35,9.697203636169434,0.6543079018592834,14344,3.510995388031006,19.1,265165,265266
0.82,0.0005,-12.75281672,0.034349020570516586,7489,35,13.329362869262695,2.101372241973877,14348,1.1588324308395386,19.1,265245,265346
0.81,0.0005,-12.938753580000002,0.03794855996966362,7491,35,10.572734832763672,0.8775418400764465,14352,1.5857889652252197,19.13,265324,265425
0.8,0.0005,-13.03936071,0.03806235268712044,7493,35,9.656452178955078,0.06884751468896866,14356,2.048818588256836,18.94,265399,265500
0.81,0.0005,-12.825708050000001,0.03827261924743652,7495,35,7.995213508605957,0.6612192392349243,14360,0.8123869895935059,19.09,265477,265578
0.8,0.0005,-13.135976769999997,0.03873179107904434,7497,35,9.686235427856445,0.3594290018081665,14364,1.8670806884765625,19.07,265544,265645
0.8,0.0005,-13.095800359999998,0.03964550420641899,7499,35,9.751272201538086,1.0470525026321411,14368,1.071315050125122,19.13,265630,265731
0.8,0.0005,-13.004035440000001,0.03925884887576103,7501,35,10.77514934539795,0.8175395727157593,14372,0.7994464635848999,19.0,265711,265812
0.79,0.0005,-13.011515879999997,0.04016003757715225,7503,35,8.864034652709961,-0.23198279738426208,14376,0.45232054591178894,18.96,265792,265893
0.8,0.0005,-12.752512209999997,0.0395977608859539,7506,35,9.40744400024414,0.320743203163147,14380,1.4172022342681885,19.16,265885,265986
0.8,0.0005,-12.86948483,0.03981364518404007,7509,35,10.723690032958984,0.0021490752696990967,14384,2.44989013671875,19.34,265980,266081
0.78,0.0005,-13.527661380000001,0.03950797766447067,7511,35,9.283783912658691,-0.32915765047073364,14388,1.674302101135254,19.34,266060,266161
0.78,0.0005,-13.51549833,0.03837858885526657,7513,35,8.399858474731445,-0.3710111379623413,14392,0.5767209529876709,19.4,266139,266240
0.78,0.0005,-13.48758459,0.038358766585588455,7515,35,10.098223686218262,-0.3418366312980652,14396,1.057495355606079,19.31,266213,266314
0.79,0.0005,-13.125865820000001,0.03783953934907913,7517,35,8.979222297668457,-1.1002287864685059,14400,1.086496114730835,19.29,266283,266384
0.81,0.0005,-12.542838210000005,0.03701984882354736,7518,35,7.426808834075928,0.23911991715431213,14404,0.9364776611328125,19.4,266358,266459
0.82,0.0005,-12.252826879999997,0.03658487647771835,7520,35,7.823455810546875,0.17830026149749756,14408,2.214235305786133,19.42,266424,266525
0.8,0.0005,-12.943632389999998,0.036306414753198624,7522,35,9.128395080566406,-0.7844626903533936,14412,1.426382064819336,19.44,266493,266594
0.81,0.0005,-12.503968879999997,0.03578701615333557,7523,35,8.88492202758789,0.384818971157074,14416,1.493536114692688,19.22,266552,266653
0.81,0.0005,-12.573702860000001,0.035668596625328064,7525,35,8.878084182739258,-0.018110334873199463,14420,0.5988167524337769,19.29,266625,266726
0.81,0.0005,-12.714634899999998,0.03433757647871971,7528,35,9.67577075958252,-0.5893644690513611,14424,2.205918788909912,19.59,266724,266825
0.82,0.0005,-12.38370813,0.03324265033006668,7530,35,9.493200302124023,-0.05734780430793762,14428,1.734089732170105,19.6,266794,266895
0.82,0.0005,-12.335718760000002,0.03290463984012604,7532,35,9.341252326965332,0.9406150579452515,14432,2.2017974853515625,19.5,266860,266961
0.82,0.0005,-12.24646541,0.034151840955019,7535,35,8.78714370727539,1.1019234657287598,14436,1.2065107822418213,19.39,266938,267039
0.81,0.0005,-12.458392859999998,0.034732043743133545,7536,35,9.212030410766602,0.22070136666297913,14440,0.6895666718482971,19.18,267007,267108
0.82,0.0005,-12.10505447,0.03453677520155907,7539,35,9.396933555603027,0.08657810091972351,14444,0.6083918213844299,19.2,267085,267186
0.85,0.0005,-11.136940840000001,0.03422628343105316,7540,35,9.42172622680664,-0.44025617837905884,14448,1.954549789428711,19.01,267146,267247
0.86,0.0005,-10.864814130000003,0.03384031727910042,7542,35,10.00306510925293,-0.7691222429275513,14452,1.8590307235717773,18.88,267212,267313
0.87,0.0005,-10.74648017,0.03358520567417145,7545,35,8.850442886352539,0.6529603004455566,14456,0.7682151794433594,19.02,267301,267402
0.86,0.0005,-10.860697900000002,0.03392764553427696,7547,35,8.903590202331543,0.2919516861438751,14460,0.3483773469924927,18.94,267371,267472
0.87,0.0005,-10.618261350000001,0.03370717167854309,7549,35,8.281269073486328,-0.9375275373458862,14464,0.12314172834157944,19.1,267454,267555
0.87,0.0005,-10.767309240000001,0.03251636400818825,7551,35,9.172708511352539,0.05177835375070572,14468,0.6624167561531067,19.13,267543,267644
0.86,0.0005,-11.041953900000001,0.03174057975411415,7553,35,8.792898178100586,-0.719778835773468,14472,0.4939948320388794,19.03,267614,267715
0.88,0.0005,-10.797890950000001,0.031191539019346237,7556,35,8.653289794921875,-1.1404473781585693,14476,0.37700116634368896,19.15,267707,267808
0.87,0.0005,-11.00995246,0.031244002282619476,7558,35,9.499818801879883,0.4126231372356415,14480,0.2462555319070816,18.88,267773,267874
0.87,0.0005,-10.878777640000001,0.0315878801047802,7560,35,9.421497344970703,0.24698464572429657,14484,0.6353246569633484,18.65,267845,267946
0.89,0.0005,-10.20385229,0.031424734741449356,7562,35,7.4142560958862305,0.5084091424942017,14488,0.3420789837837219,18.6,267920,268021
0.88,0.0005,-10.64475899,0.03166105970740318,7564,35,9.712003707885742,-0.32490524649620056,14492,0.5521591305732727,18.7,268009,268110
0.88,0.0005,-10.73380586,0.03191187605261803,7567,35,9.307188034057617,-0.4962921738624573,14496,0.537229597568512,18.83,268096,268197
0.88,0.0005,-10.816513599999997,0.032802920788526535,7569,35,8.928640365600586,0.9152286052703857,14500,0.5485243797302246,18.93,268176,268277
0.88,0.0005,-10.72183286,0.03343317657709122,7570,35,9.260905265808105,0.020537756383419037,14504,1.5024391412734985,18.79,268237,268338
0.88,0.0005,-10.6838659,0.033641520887613297,7572,35,9.474054336547852,-0.11954861879348755,14508,0.2931523323059082,18.77,268301,268402
0.87,0.0005,-10.831503869999999,0.0335552878677845,7574,35,9.619817733764648,0.3815896809101105,14512,0.6671042442321777,18.72,268365,268466
0.87,0.0005,-10.908851649999997,0.033921319991350174,7576,35,9.209844589233398,0.3863876163959503,14516,0.9520660638809204,18.89,268441,268542
0.87,0.0005,-10.938235419999998,0.03408341482281685,7578,35,8.970176696777344,0.09798122942447662,14520,1.063319444656372,18.98,268523,268624
0.86,0.0005,-11.183980989999995,0.034350618720054626,7580,35,8.01071548461914,-0.06105075776576996,14524,1.9970414638519287,18.8,268604,268705
0.87,0.0005,-10.976366120000002,0.034505635499954224,7582,35,9.317937850952148,0.5574347972869873,14528,0.8613488078117371,19.03,268697,268798
0.87,0.0005,-11.023063610000003,0.035463813692331314,7584,35,9.237998962402344,0.7175491452217102,14532,2.2438979148864746,19.15,268775,268876
0.87,0.0005,-11.076135890000003,0.03507979214191437,7587,35,9.76594352722168,-0.21993599832057953,14536,2.3136532306671143,19.24,268862,268963
0.88,0.0005,-10.75094641,0.035146672278642654,7589,35,9.546838760375977,-0.2926027178764343,14540,0.48844456672668457,19.26,268933,269034
0.88,0.0005,-10.734806310000002,0.0350496806204319,7591,35,8.835718154907227,-0.220846489071846,14544,1.076158046722412,19.21,269006,269107
0.88,0.0005,-10.79537292,0.03447015956044197,7593,35,9.286848068237305,0.04484100639820099,14548,0.5325539112091064,19.32,269078,269179
0.87,0.0005,-11.130664090000003,0.03413392975926399,7594,35,9.25568962097168,-0.5785377621650696,14552,0.6891669034957886,19.31,269143,269244
0.87,0.0005,-11.087167509999999,0.0333019457757473,7596,35,9.417129516601562,-0.7393474578857422,14556,1.5068182945251465,19.24,269225,269326
0.87,0.0005,-11.256474779999996,0.033319149166345596,7598,35,8.323626518249512,-0.43592730164527893,14560,0.3834816813468933,19.26,269297,269398
0.86,0.0005,-11.51631476,0.032721519470214844,7600,35,8.58989429473877,0.17535793781280518,14564,0.3466612994670868,19.12,269366,269467
0.87,0.0005,-11.178668579999998,0.03251179680228233,7602,35,11.286197662353516,0.1920521855354309,14568,0.7243540287017822,19.09,269452,269553
0.87,0.0005,-11.13622186,0.03381491079926491,7604,35,8.915619850158691,0.2503320276737213,14572,1.0008529424667358,19.22,269536,269637
0.87,0.0005,-10.979504409999999,0.03302375599741936,7606,35,9.982192993164062,-0.014196202158927917,14576,0.4914993345737457,18.97,269604,269705
0.86,0.0005,-11.20234571,0.03268898278474808,7608,35,10.901899337768555,1.4796998500823975,14580,3.052525043487549,18.98,269671,269772
0.86,0.0005,-11.280465770000001,0.03402021899819374,7610,35,8.9542236328125,-0.5274924039840698,14584,0.5167872905731201,19.14,269759,269860
0.85,0.0005,-11.478601480000002,0.03286975994706154,7612,35,9.271062850952148,-0.4696018695831299,14588,2.1139492988586426,19.12,269832,269933
0.86,0.0005,-11.135793139999999,0.031514715403318405,7632,35,8.880935668945312,-0.7448492646217346,14592,0.34901392459869385,19.09,269918,270019
0.86,0.0005,-11.024571520000002,0.030885836109519005,7634,35,10.703167915344238,0.40044456720352173,14596,1.2074954509735107,18.98,269994,270095
0.85,0.0005,-11.213015360000002,0.03143338859081268,7636,35,9.000218391418457,0.7177656888961792,14600,0.7409020662307739,18.79,270055,270156
0.84,0.0005,-11.575644349999997,0.03161592036485672,7638,35,8.218633651733398,0.117036372423172,14604,1.0712529420852661,18.85,270122,270223
0.84,0.0005,-11.620825780000002,0.031206199899315834,7640,35,8.972803115844727,-0.09257537126541138,14608,0.713604211807251,18.94,270195,270296
0.87,0.0005,-10.841132360000001,0.030889688059687614,7642,35,8.773561477661133,-0.2703070640563965,14612,0.8168340921401978,19.08,270273,270374
0.87,0.0005,-10.940262179999998,0.03156657516956329,7645,35,9.597421646118164,1.2396479845046997,14616,0.6110665798187256,19.21,270362,270463
0.87,0.0005,-10.91400522,0.032659176737070084,7647,35,9.877787590026855,-0.17844240367412567,14620,1.0396027565002441,19.12,270435,270536
0.88,0.0005,-10.497956450000002,0.03348410502076149,7648,35,9.42689323425293,0.4818059802055359,14624,0.5549800395965576,18.99,270503,270604
0.88,0.0005,-10.366691269999999,0.03379019349813461,7650,35,9.245979309082031,0.4257515072822571,14628,1.5792455673217773,18.74,270571,270672
0.88,0.0005,-10.21138402,0.03410093113780022,7652,35,9.821622848510742,0.18990564346313477,14632,0.22036626935005188,18.71,270646,270747
0.88,0.0005,-10.14840451,0.033285826444625854,7654,35,8.717554092407227,-0.28439056873321533,14636,0.7996317744255066,18.59,270721,270822
0.88,0.0005,-10.151320899999998,0.03247706592082977,7655,35,9.733250617980957,-0.24584266543388367,14640,0.4871408939361572,18.6,270793,270894
0.88,0.0005,-10.238082339999998,0.03238794207572937,7658,35,9.09203815460205,-0.3155851662158966,14644,0.35134124755859375,18.7,270876,270977
0.87,0.0005,-10.59477742,0.03184799477458,7660,35,8.17845630645752,-0.6967285871505737,14648,1.3600211143493652,18.69,270947,271048
0.88,0.0005,-10.32271671,0.031131070107221603,7662,35,9.134437561035156,0.1267326921224594,14652,0.7404190301895142,18.81,271024,271125
0.88,0.0005,-10.25794585,0.031096864491701126,7664,35,9.372878074645996,0.6649506092071533,14656,0.4615430235862732,18.71,271096,271197
0.88,0.0005,-10.14551908,0.03136740252375603,7666,35,9.893221855163574,0.5797172784805298,14660,1.7667609453201294,18.79,271176,271277
0.88,0.0005,-10.07131338,0.0319804884493351,7668,35,10.95848274230957,0.2564384937286377,14664,2.245443105697632,18.87,271253,271354
0.88,0.0005,-10.034393869999999,0.03283941373229027,7670,35,9.698631286621094,-0.09817594289779663,14668,0.30281588435173035,18.84,271336,271437
0.88,0.0005,-10.069122799999999,0.033424172550439835,7672,35,9.011621475219727,0.8702042102813721,14672,0.30869734287261963,18.69,271405,271506
0.88,0.0005,-10.13094471,0.033542171120643616,7674,35,9.229249000549316,-0.1440458446741104,14676,0.8725865483283997,18.82,271486,271587
0.89,0.0005,-9.84117228,0.033729806542396545,7676,35,9.54144287109375,-0.5455429553985596,14680,2.2335853576660156,19.01,271572,271673
0.88,0.0005,-10.141296129999997,0.033070869743824005,7678,35,9.453384399414062,-0.09615287184715271,14684,0.5626497864723206,18.93,271652,271753
0.88,0.0005,-10.259704999999999,0.03302697464823723,7681,35,8.856980323791504,0.029778480529785156,14688,0.2211998701095581,18.97,271729,271830
0.88,0.0005,-10.18511018,0.03260497748851776,7683,35,8.554097175598145,-0.32756227254867554,14692,0.7953329682350159,18.89,271807,271908
0.88,0.0005,-10.204767019999998,0.03247150033712387,7685,35,9.012456893920898,-0.46534037590026855,14696,0.5188964605331421,18.96,271890,271991
0.88,0.0005,-10.32014989,0.03273804113268852,7687,35,9.041223526000977,-0.4524850845336914,14700,0.3424376845359802,19.13,271968,272069
0.89,0.0005,-10.076985060000002,0.03230942040681839,7690,35,8.351099967956543,0.7349802255630493,14704,0.45775824785232544,19.3,272052,272153
0.89,0.0005,-10.16547182,0.03238910809159279,7692,35,8.713220596313477,0.7965558171272278,14708,0.6170220971107483,19.35,272130,272231
0.89,0.0005,-10.146910329999999,0.03243831917643547,7694,35,9.927793502807617,0.7534949779510498,14712,5.082207679748535,19.27,272200,272301
0.89,0.0005,-10.064218189999998,0.033052172511816025,7696,35,9.587956428527832,-0.6850285530090332,14716,0.5755538940429688,19.11,272273,272374
0.9,0.0005,-9.72953795,0.0316484235227108,7698,35,9.366450309753418,-0.1825099140405655,14720,2.6486124992370605,19.21,272356,272457
0.9,0.0005,-9.855458359999998,0.031187091022729874,7700,35,9.359766006469727,0.1877530813217163,14724,1.2875539064407349,19.47,272450,272551
0.9,0.0005,-9.857028840000002,0.030712811276316643,7702,35,8.90478229522705,-0.1965264081954956,14728,1.0387742519378662,19.47,272518,272619
0.9,0.0005,-9.94241143,0.030231067910790443,7704,35,8.691051483154297,-0.4006827473640442,14732,1.2954514026641846,19.41,272587,272688
0.9,0.0005,-9.9396193,0.029778646305203438,7706,35,9.378996849060059,0.5463616847991943,14736,0.5107661485671997,19.4,272661,272762
0.9,0.0005,-9.971309530000001,0.029908480122685432,7708,35,9.309714317321777,-0.5674764513969421,14740,0.630270779132843,19.42,272735,272836
0.88,0.0005,-10.53949301,0.029821014031767845,7710,35,9.757884979248047,-0.5454724431037903,14744,2.4501638412475586,19.28,272804,272905
0.88,0.0005,-10.57480342,0.028612278401851654,7712,35,8.984731674194336,-1.1327383518218994,14748,0.4856078326702118,19.38,272885,272986
0.87,0.0005,-10.83028857,0.02804890275001526,7714,35,8.69417667388916,-0.6611859798431396,14752,0.38898882269859314,19.25,272949,273050
0.87,0.0005,-10.900756740000002,0.02798382379114628,7716,35,9.469278335571289,-0.048354364931583405,14756,1.08900785446167,19.38,273034,273135
0.88,0.0005,-10.638170789999998,0.02822999656200409,7718,35,10.022229194641113,0.6897711753845215,14760,0.43241050839424133,19.24,273100,273201
0.89,0.0005,-10.506108860000001,0.028519192710518837,7721,35,9.126657485961914,-0.19714318215847015,14764,0.7259529829025269,19.37,273190,273291
0.89,0.0005,-10.488610030000002,0.029051681980490685,7723,35,8.818870544433594,-0.4065523147583008,14768,1.8356988430023193,19.32,273268,273369
0.89,0.0005,-10.33507546,0.029311472550034523,7725,35,9.02336311340332,0.3078235387802124,14772,0.5439655780792236,19.36,273341,273442
0.89,0.0005,-10.280026160000002,0.02964789979159832,7727,35,8.95709228515625,0.05963146686553955,14776,0.6766444444656372,19.25,273411,273512
0.9,0.0005,-9.99647615,0.029952099546790123,7729,35,8.49148941040039,0.5369357466697693,14780,0.4511376619338989,19.03,273475,273576
0.91,0.0005,-9.630495779999999,0.030630989000201225,7731,35,8.776165008544922,1.9403916597366333,14784,1.0388498306274414,18.97,273549,273650
0.92,0.0005,-9.35830899,0.03159870207309723,7733,35,8.953621864318848,-0.8386579751968384,14788,1.0837695598602295,19.08,273637,273738
0.92,0.0005,-9.32603079,0.03160184249281883,7735,35,9.445672988891602,-0.5930501222610474,14792,1.1995892524719238,18.97,273704,273805
0.9,0.0005,-9.78845716,0.0317172110080719,7737,35,9.047493934631348,-0.021118417382240295,14796,1.622287392616272,18.84,273774,273875
0.9,0.0005,-9.77996533,0.03145131841301918,7739,35,9.413260459899902,0.2550671100616455,14800,0.23537053167819977,18.83,273851,273952
0.88,0.0005,-10.19657486,0.033266015350818634,7741,35,10.35322380065918,0.583587646484375,14804,0.37524154782295227,18.95,273947,274048
0.88,0.0005,-9.995230880000001,0.03388173133134842,7743,35,8.86610221862793,-0.27411457896232605,14808,0.9080925583839417,18.92,274022,274123
0.88,0.0005,-10.08418235,0.032511256635189056,7746,35,9.473316192626953,-0.7930746674537659,14812,2.157200813293457,19.14,274114,274215
0.88,0.0005,-10.1031233,0.03161489591002464,7748,35,8.982107162475586,-0.4445646405220032,14816,0.6881653070449829,19.19,274192,274293
0.88,0.0005,-10.15053353,0.0314478799700737,7750,35,8.802286148071289,-0.8837193250656128,14820,2.1257805824279785,19.25,274281,274382
0.87,0.0005,-10.36733812,0.030928246676921844,7751,35,8.74124526977539,-0.28681132197380066,14824,0.2782532572746277,18.96,274346,274447
0.86,0.0005,-10.70106997,0.031068651005625725,7753,35,8.4560546875,0.016232341527938843,14828,0.6422975659370422,18.99,274417,274518
0.86,0.0005,-10.657815410000001,0.030795270577073097,7755,35,7.827759742736816,0.1371101438999176,14832,0.44254904985427856,19.12,274499,274600
0.85,0.0005,-11.035919960000001,0.03130911663174629,7758,35,7.5105743408203125,0.053112372756004333,14836,0.23987725377082825,19.17,274578,274679
0.84,0.0005,-11.142065789999998,0.031319160014390945,7759,35,9.737017631530762,-0.40664371848106384,14840,1.3986616134643555,19.08,274643,274744
0.86,0.0005,-10.606457410000003,0.03129725903272629,7761,35,9.135616302490234,-0.0360754132270813,14844,0.864946722984314,19.32,274736,274837
0.87,0.0005,-10.1593817,0.03158547729253769,7763,35,8.697968482971191,-0.5447789430618286,14848,1.2908012866973877,19.15,274800,274901
0.87,0.0005,-10.144493839999999,0.03181310370564461,7765,35,9.542669296264648,0.12139350920915604,14852,1.7340587377548218,19.34,274883,274984
0.86,0.0005,-10.34532843,0.03126930817961693,7766,35,8.770397186279297,-0.09113024175167084,14856,0.6741697788238525,19.12,274946,275047
0.86,0.0005,-10.44881886,0.0311396736651659,7768,35,8.222517013549805,0.3790377974510193,14860,0.860852837562561,19.29,275029,275130
0.84,0.0005,-10.972124250000002,0.03076169081032276,7769,35,10.196683883666992,-0.6185910105705261,14864,0.28217798471450806,19.05,275095,275196
0.84,0.0005,-10.880843829999998,0.0300978422164917,7771,35,9.494348526000977,0.38525375723838806,14868,1.5529783964157104,18.94,275162,275263
0.85,0.0005,-10.722814640000003,0.02951103076338768,7773,35,8.80645751953125,0.12651090323925018,14872,0.6323773860931396,18.95,275236,275337
0.84,0.0005,-11.00006617,0.029353655874729156,7774,35,9.75594711303711,0.3121753931045532,14876,2.1300103664398193,18.86,275297,275398
0.83,0.0005,-11.27050147,0.02959458902478218,7776,35,10.836263656616211,-0.08690435439348221,14880,0.9926494359970093,19.03,275378,275479
0.83,0.0005,-11.239781489999999,0.02971397340297699,7778,35,8.864948272705078,0.47736603021621704,14884,1.1836367845535278,18.95,275444,275545
0.83,0.0005,-11.237100589999997,0.029616011306643486,7780,35,8.415254592895508,-0.31110429763793945,14888,0.5513770580291748,18.95,275532,275633
0.81,0.0005,-11.908392220000001,0.029778532683849335,7782,35,9.558180809020996,0.27435073256492615,14892,2.481508255004883,18.95,275599,275700
0.81,0.0005,-12.020339700000001,0.02942053973674774,7783,35,10.226850509643555,-0.9891839623451233,14896,0.5567883253097534,18.89,275663,275764
0.81,0.0005,-12.019447809999999,0.029498720541596413,7786,35,9.970866203308105,0.23977497220039368,14900,2.2359113693237305,18.9,275741,275842
0.81,0.0005,-12.1402257,0.028960958123207092,7787,35,7.331736087799072,-0.8111792802810669,14904,0.425844669342041,18.57,275804,275905
0.81,0.0005,-12.30889107,0.0283636637032032,7789,35,9.665599822998047,0.33945533633232117,14908,1.3958113193511963,18.6,275882,275983
0.81,0.0005,-12.186783400000001,0.028539584949612617,7791,35,8.834129333496094,0.3407379984855652,14912,1.3259013891220093,18.38,275952,276053
0.8,0.0005,-12.515087760000002,0.02907436154782772,7793,35,9.562225341796875,-0.018962323665618896,14916,1.6092429161071777,18.38,276030,276131
0.8,0.0005,-12.43564611,0.028947176411747932,7795,35,9.110689163208008,-0.16937777400016785,14920,0.6157115697860718,18.2,276101,276202
0.81,0.0005,-12.22120729,0.02916601300239563,7797,35,8.67646312713623,0.4060359001159668,14924,1.346672773361206,18.42,276188,276289
0.8,0.0005,-12.54988561,0.030012046918272972,7799,35,8.524290084838867,1.684949278831482,14928,0.9525840878486633,18.39,276256,276357
0.81,0.0005,-12.262731610000003,0.030469123274087906,7801,35,8.980801582336426,0.3149903416633606,14932,0.762834370136261,18.24,276323,276424
0.82,0.0005,-11.910962650000002,0.030469771474599838,7803,35,9.934747695922852,-0.163950577378273,14936,1.4014911651611328,18.19,276397,276498
0.81,0.0005,-12.40307032,0.030499722808599472,7805,35,9.37070083618164,-0.10339508205652237,14940,0.3249959945678711,18.2,276463,276564
0.8,0.0005,-12.60113983,0.030554497614502907,7806,35,8.722455978393555,-0.291410356760025,14944,1.644458532333374,17.94,276530,276631
0.79,0.0005,-13.03668719,0.030729439109563828,7808,35,7.659454345703125,0.41702213883399963,14948,0.38831788301467896,18.09,276609,276710
0.79,0.0005,-13.10487196,0.030949251726269722,7810,35,8.303762435913086,0.3284941613674164,14952,0.553518533706665,17.96,276679,276780
0.79,0.0005,-13.10863609,0.03065699152648449,7812,35,8.093242645263672,-0.41931700706481934,14956,1.348095178604126,17.96,276742,276843
0.79,0.0005,-13.10952678,0.029330933466553688,7814,35,8.770601272583008,0.30471694469451904,14960,1.9185130596160889,17.95,276824,276925
0.81,0.0005,-12.48548178,0.028793996199965477,7816,35,9.155021667480469,-0.2808801531791687,14964,0.5823209285736084,18.04,276899,277000
0.81,0.0005,-12.523645970000002,0.028293360024690628,7818,35,9.060262680053711,-0.1871972531080246,14968,2.194744110107422,18.07,276969,277070
0.81,0.0005,-12.57103595,0.028570301830768585,7820,35,9.215563774108887,-0.2536712884902954,14972,0.38735079765319824,18.16,277052,277153
0.81,0.0005,-12.471346590000001,0.028829043731093407,7822,35,9.189826965332031,1.3225712776184082,14976,1.0380864143371582,18.28,277125,277226
0.8,0.0005,-12.80034756,0.028368743136525154,7824,35,9.254079818725586,0.2946681082248688,14980,1.7556982040405273,18.27,277205,277306
0.8,0.0005,-12.86989039,0.027766089886426926,7826,35,8.740575790405273,0.043341755867004395,14984,0.672634482383728,18.4,277284,277385
0.8,0.0005,-12.89201634,0.027460074052214622,7828,35,9.047125816345215,0.05785191431641579,14988,0.7796947956085205,18.39,277371,277472
0.81,0.0005,-12.558872269999997,0.02725828066468239,7830,35,8.253889083862305,-0.7869703769683838,14992,1.0110979080200195,18.41,277440,277541
0.83,0.0005,-12.069195339999998,0.027558807283639908,7832,35,9.851217269897461,0.350142240524292,14996,5.923331260681152,18.69,277532,277633
0.84,0.0005,-11.70617922,0.028096936643123627,7834,35,8.413227081298828,-0.8606552481651306,15000,0.40975818037986755,18.67,277608,277709
0.86,0.0005,-11.192243759999998,0.028131941333413124,7836,35,9.293439865112305,0.007933855056762695,15004,0.6371667385101318,18.87,277691,277792
0.85,0.0005,-11.50424114,0.02820289134979248,7838,35,8.768022537231445,0.035819876939058304,15008,0.35127994418144226,18.83,277765,277866
0.85,0.0005,-11.580495390000001,0.02847280167043209,7840,35,8.487357139587402,-0.3339511454105377,15012,0.5957254767417908,18.89,277841,277942
0.86,0.0005,-11.300502340000001,0.02849237434566021,7842,35,8.242011070251465,-0.5142247676849365,15016,0.7992996573448181,18.98,277928,278029
0.86,0.0005,-11.369157849999999,0.028839686885476112,7844,35,9.397185325622559,-0.24439331889152527,15020,0.5681934952735901,19.1,278011,278112
0.84,0.0005,-11.92591025,0.029539216309785843,7846,35,10.196439743041992,1.227371335029602,15024,2.614711046218872,18.9,278078,278179
0.86,0.0005,-11.279374480000003,0.0313686728477478,7848,35,9.581121444702148,0.01847323775291443,15028,1.6582555770874023,18.95,278151,278252
0.85,0.0005,-11.65259138,0.031309183686971664,7850,35,8.489752769470215,-0.02358424663543701,15032,2.398695945739746,19.0,278223,278324
0.84,0.0005,-11.950451809999999,0.03112551011145115,7852,35,9.870874404907227,0.37439754605293274,15036,1.7339434623718262,18.98,278295,278396
0.85,0.0005,-11.691487419999998,0.032299160957336426,7854,35,9.288949966430664,-0.27440860867500305,15040,0.674741268157959,19.09,278372,278473
0.86,0.0005,-11.36562619,0.03148816153407097,7855,35,8.485621452331543,-0.27377408742904663,15044,0.7631642818450928,19.12,278442,278543
0.87,0.0005,-11.068813549999998,0.0305315013974905,7857,35,9.308553695678711,0.14459578692913055,15048,2.6584787368774414,19.16,278525,278626
0.87,0.0005,-10.958335139999999,0.03037598542869091,7859,35,8.264102935791016,-0.33168908953666687,15052,0.7200077772140503,19.27,278606,278707
0.87,0.0005,-11.01627073,0.03029591217637062,7861,35,9.78275203704834,-0.5837515592575073,15056,0.9872493147850037,19.39,278681,278782
0.86,0.0005,-11.262541729999999,0.03065127693116665,7863,35,8.92042350769043,-0.44442296028137207,15060,0.9869499206542969,19.23,278747,278848
0.84,0.0005,-11.84226784,0.03013094887137413,7864,35,9.01121711730957,-0.892110288143158,15064,0.8067761659622192,19.06,278805,278906
0.83,0.0005,-12.13838359,0.029360579326748848,7866,35,9.728873252868652,-0.030859723687171936,15068,0.9022575616836548,19.05,278874,278975
0.82,0.0005,-12.45175895,0.029246605932712555,7868,35,8.654657363891602,0.4706239104270935,15072,1.6480226516723633,18.98,278950,279051
0.81,0.0005,-12.970039390000002,0.029152337461709976,7870,35,8.834495544433594,0.20253950357437134,15076,0.26047438383102417,18.99,279024,279125
0.82,0.0005,-12.743722250000001,0.029247792437672615,7872,35,7.546688079833984,0.15355178713798523,15080,0.3378286361694336,18.9,279095,279196
0.82,0.0005,-12.792820240000001,0.028912773355841637,7874,35,9.253599166870117,-0.4225635826587677,15084,0.9745221734046936,18.98,279182,279283
0.82,0.0005,-12.68466922,0.02861199900507927,7876,35,8.659952163696289,-0.6751089096069336,15088,1.7928670644760132,18.8,279251,279352
0.82,0.0005,-12.69280988,0.028748303651809692,7878,35,8.806642532348633,0.06700952351093292,15092,0.5516750812530518,18.81,279321,279422
0.82,0.0005,-12.65889223,0.028895951807498932,7880,35,9.757898330688477,-0.8526968955993652,15096,0.5340157747268677,18.71,279403,279504
0.82,0.0005,-12.746072520000002,0.02800341136753559,7883,35,8.99765396118164,0.282370388507843,15100,0.40515750646591187,18.83,279491,279592
0.82,0.0005,-12.703494749999999,0.027722738683223724,7885,35,9.578544616699219,-0.049239277839660645,15104,2.186889410018921,18.77,279568,279669
0.84,0.0005,-12.022836199999999,0.027987712994217873,7887,35,9.905271530151367,-0.23515288531780243,15108,0.5187198519706726,18.77,279642,279743
0.83,0.0005,-12.40018023,0.02819991484284401,7889,35,7.420112609863281,0.38000017404556274,15112,1.1332950592041016,18.84,279725,279826
0.82,0.0005,-12.569422079999999,0.02739114873111248,7891,35,8.21337890625,-0.7293784618377686,15116,0.595935046672821,18.76,279804,279905
0.82,0.0005,-12.56603202,0.027968382462859154,7893,35,7.886936664581299,-0.3229956030845642,15120,0.5478860139846802,18.76,279887,279988
0.83,0.0005,-12.24017308,0.02851690724492073,7912,35,8.493694305419922,-0.23512490093708038,15124,0.8247146606445312,18.78,279956,280057
0.83,0.0005,-12.24239382,0.028669584542512894,7914,35,8.471101760864258,-0.06853069365024567,15128,0.458187073469162,18.8,280031,280132
0.83,0.0005,-12.23020135,0.028410471975803375,7916,35,8.794671058654785,-0.005747973918914795,15132,0.26046526432037354,18.82,280105,280206
0.81,0.0005,-12.74353634,0.028744172304868698,7918,35,8.703398704528809,0.7297807931900024,15136,1.9572728872299194,18.79,280174,280275
0.82,0.0005,-12.388885609999999,0.029797453433275223,7920,35,8.119752883911133,0.834597647190094,15140,1.4430550336837769,18.8,280252,280353
0.82,0.0005,-12.430074160000002,0.029979951679706573,7922,35,9.141586303710938,-0.0629456490278244,15144,0.6681176424026489,18.84,280326,280427
0.82,0.0005,-12.453635109999995,0.029931798577308655,7924,35,7.760444164276123,-1.0833511352539062,15148,0.10302871465682983,18.92,280417,280518
0.82,0.0005,-12.553874180000001,0.028921984136104584,7927,35,8.85881519317627,-0.3741123676300049,15152,0.3498866558074951,18.94,280500,280601
0.81,0.0005,-12.86810978,0.02867376059293747,7929,35,9.01124095916748,-0.7761333584785461,15156,5.233075141906738,18.91,280572,280673
0.82,0.0005,-12.60233395,0.029331667348742485,7931,35,10.484185218811035,-0.02730986475944519,15160,0.7836170196533203,19.02,280649,280750
0.83,0.0005,-12.16808336,0.029692742973566055,7933,35,8.588016510009766,0.6658899188041687,15164,1.0006214380264282,19.14,280719,280820
0.83,0.0005,-12.080396499999999,0.029787970706820488,7935,35,9.03287124633789,-0.2625848054885864,15168,2.034956455230713,19.2,280794,280895
0.84,0.0005,-11.699035369999999,0.02931482531130314,7936,35,8.843910217285156,-0.8316994309425354,15172,1.8852118253707886,19.12,280862,280963
0.86,0.0005,-11.053634010000003,0.02867797389626503,7939,35,8.651893615722656,0.24837227165699005,15176,2.279346466064453,19.17,280941,281042
0.86,0.0005,-11.066528049999999,0.029255030676722527,7941,35,7.938624382019043,0.15321502089500427,15180,0.7783455848693848,19.21,281016,281117
0.86,0.0005,-11.07276606,0.02947258949279785,7943,35,8.233259201049805,-0.030881769955158234,15184,0.49800384044647217,19.22,281104,281205
0.85,0.0005,-11.304555279999999,0.029817992821335793,7945,35,9.21106243133545,0.03142403066158295,15188,0.4537011682987213,19.34,281185,281286
0.85,0.0005,-11.294533020000001,0.03009723871946335,7947,35,7.644766807556152,0.4735344648361206,15192,1.9053184986114502,19.36,281257,281358
0.85,0.0005,-11.254437030000002,0.0301552452147007,7950,35,8.747257232666016,-0.07231426239013672,15196,0.34375977516174316,19.31,281334,281435
0.85,0.0005,-11.151475030000002,0.02993602305650711,7952,35,9.030019760131836,-0.40026339888572693,15200,1.5529483556747437,19.12,281403,281504
0.85,0.0005,-11.1082284,0.02994447574019432,7954,35,8.699389457702637,0.7520473003387451,15204,0.6877871751785278,19.08,281476,281577
0.85,0.0005,-11.095763920000001,0.030907265841960907,7956,35,9.012625694274902,0.3123307526111603,15208,1.2574533224105835,19.04,281546,281647
0.85,0.0005,-11.045834539999998,0.030595123767852783,7958,35,8.776056289672852,0.057495519518852234,15212,0.66012042760849,18.96,281621,281722
0.86,0.0005,-10.86918371,0.029976140707731247,7960,35,9.61792278289795,0.27877283096313477,15216,0.8349435925483704,19.01,281705,281806
0.84,0.0005,-11.307906679999999,0.030323117971420288,7962,35,8.310221672058105,0.33515065908432007,15220,0.8650959730148315,18.87,281774,281875
0.84,0.0005,-11.23964338,0.029894107952713966,7964,35,8.523058891296387,-0.2012178599834442,15224,3.1572952270507812,19.03,281859,281960
0.84,0.0005,-11.24147275,0.02951672300696373,7966,35,9.145703315734863,0.11722055077552795,15228,0.28375446796417236,19.04,281935,282036
0.84,0.0005,-11.226837319999998,0.029353851452469826,7968,35,7.774152755737305,-0.28349804878234863,15232,0.8305468559265137,18.95,282000,282101
0.87,0.0005,-10.351526179999999,0.02934982068836689,7970,35,7.947322845458984,-0.5784366130828857,15236,0.649909257888794,18.95,282069,282170
0.86,0.0005,-10.702240219999998,0.028740169480443,7972,35,8.760425567626953,0.35904496908187866,15240,0.9792616367340088,18.95,282147,282248
0.86,0.0005,-10.76740626,0.02871016040444374,7974,35,8.494672775268555,-0.2256152331829071,15244,0.8849344253540039,19.07,282233,282334
0.85,0.0005,-10.98251266,0.028164401650428772,7976,35,8.817734718322754,0.08416159451007843,15248,0.9133463501930237,18.9,282307,282408
0.86,0.0005,-10.671545889999999,0.027753805741667747,7979,35,8.359344482421875,0.6025643348693848,15252,1.2851548194885254,18.82,282382,282483
0.88,0.0005,-10.02300809,0.027267329394817352,7981,35,9.012310028076172,-0.3117985725402832,15256,0.5065042972564697,18.82,282454,282555
0.87,0.0005,-10.231651590000002,0.02719845436513424,7983,35,10.146394729614258,-0.7334566116333008,15260,0.6212325692176819,18.88,282537,282638
0.87,0.0005,-10.44313979,0.026957282796502113,7985,35,8.425008773803711,0.16235953569412231,15264,0.5763328075408936,18.97,282616,282717
0.88,0.0005,-10.304965040000003,0.02720131352543831,7988,35,8.969868659973145,0.9261395931243896,15268,1.7069776058197021,19.06,282700,282801
0.87,0.0005,-10.608386359999999,0.027455033734440804,7989,35,10.353958129882812,0.1792319118976593,15272,1.276315689086914,19.08,282770,282871
0.87,0.0005,-10.629155209999999,0.027333473786711693,7992,35,8.526227951049805,0.3667110502719879,15276,1.7918113470077515,19.13,282854,282955
0.88,0.0005,-10.395334290000001,0.02736714668571949,7994,35,8.504838943481445,-0.5134715437889099,15280,0.2828296422958374,19.25,282941,283042
0.87,0.0005,-10.663158450000001,0.02698097750544548,7996,35,7.656185150146484,0.7256971597671509,15284,0.5652676820755005,19.19,283023,283124
0.87,0.0005,-10.696840780000002,0.02694832533597946,7999,35,9.370431900024414,0.41877561807632446,15288,1.5120790004730225,19.21,283106,283207
0.88,0.0005,-10.36001442,0.027566155418753624,8000,35,8.182525634765625,0.09324175119400024,15292,1.2927683591842651,19.16,283173,283274
0.85,0.0005,-11.229250440000005,0.02756606414914131,8002,35,9.10492992401123,-0.20030009746551514,15296,0.8390735387802124,18.99,283233,283334
0.85,0.0005,-11.19971644,0.0272010937333107,8004,35,8.099371910095215,0.024495720863342285,15300,0.38349831104278564,18.98,283301,283402
0.84,0.0005,-11.507568039999999,0.027325661852955818,8006,35,8.615005493164062,0.21989278495311737,15304,0.7875006198883057,18.91,283367,283468
0.83,0.0005,-11.82413757,0.027271289378404617,8008,35,9.932048797607422,0.24985817074775696,15308,1.5281614065170288,19.03,283449,283550
0.83,0.0005,-11.7249367,0.027021516114473343,8010,35,9.35035514831543,-0.8441061973571777,15312,0.28268465399742126,18.91,283512,283613
0.82,0.0005,-11.94585456,0.027372563257813454,8012,35,7.979730606079102,0.733403205871582,15316,0.6710892915725708,18.74,283579,283680
0.84,0.0005,-11.523423600000001,0.027595629915595055,8014,35,8.688887596130371,0.8929303884506226,15320,0.6301072239875793,18.85,283659,283760
0.84,0.0005,-11.624919680000003,0.02806377224624157,8016,35,9.146284103393555,1.5498348474502563,15324,2.478926658630371,18.75,283734,283835
0.84,0.0005,-11.66117309,0.02977071702480316,8018,35,8.631378173828125,0.581383466720581,15328,1.1624953746795654,18.77,283812,283913
0.84,0.0005,-11.659180459999998,0.030252346768975258,8020,35,8.59282112121582,0.12405440211296082,15332,1.5747514963150024,18.79,283879,283980
0.83,0.0005,-12.060850230000002,0.02983012981712818,8022,35,8.865501403808594,-0.081758052110672,15336,2.1969118118286133,18.89,283958,284059
0.84,0.0005,-11.744261259999996,0.029197726398706436,8024,35,8.694631576538086,-0.08218656480312347,15340,1.4371973276138306,18.91,284038,284139
0.83,0.0005,-11.969329699999998,0.02806658297777176,8026,35,8.965675354003906,-0.19758811593055725,15344,0.9551078677177429,18.78,284111,284212
0.84,0.0005,-11.728216569999999,0.028066447004675865,8029,35,8.830658912658691,-0.09288601577281952,15348,0.6493301391601562,18.87,284194,284295
0.84,0.0005,-11.767863259999999,0.02796734869480133,8031,35,9.06043815612793,0.309985488653183,15352,1.2153868675231934,18.92,284274,284375
0.84,0.0005,-11.822755450000002,0.027310296893119812,8033,35,8.48930835723877,-1.8968513011932373,15356,0.2603876292705536,18.99,284353,284454
0.84,0.0005,-11.905492279999999,0.02699098363518715,8035,35,8.931020736694336,-0.7712059617042542,15360,0.9216108322143555,18.88,284425,284526
0.85,0.0005,-11.580005019999998,0.026473354548215866,8037,35,7.886312484741211,-0.04385831952095032,15364,1.0477943420410156,18.88,284504,284605
0.83,0.0005,-12.118226199999999,0.026284100487828255,8038,35,8.477226257324219,-0.14214029908180237,15368,2.6064746379852295,18.71,284571,284672
0.84,0.0005,-11.84599185,0.026794124394655228,8040,35,8.872624397277832,0.7808437347412109,15372,1.0060021877288818,18.8,284650,284751
0.81,0.0005,-12.69143317,0.027237076312303543,8042,35,8.31761646270752,0.550979495048523,15376,0.6712654829025269,18.59,284713,284814
0.8,0.0005,-12.809117119999998,0.028123129159212112,8044,35,8.683652877807617,0.33777570724487305,15380,0.43308597803115845,18.57,284798,284899
0.81,0.0005,-12.43731567,0.02824375033378601,8046,35,9.909260749816895,0.8712921142578125,15384,0.9029545187950134,18.48,284871,284972
0.81,0.0005,-12.501380099999999,0.02953151986002922,8047,35,10.472579002380371,0.45817819237709045,15388,0.7663192749023438,18.37,284943,285044
0.81,0.0005,-12.610146020000002,0.03010956197977066,8049,35,8.811285018920898,-0.3234085142612457,15392,0.13606087863445282,18.54,285027,285128
0.83,0.0005,-12.047203049999998,0.03012855537235737,8050,35,9.904070854187012,0.5002565383911133,15396,1.3219703435897827,18.66,285099,285200
0.83,0.0005,-12.112279570000004,0.029953334480524063,8052,35,7.274166107177734,-0.6662172079086304,15400,2.097118854522705,18.71,285172,285273
0.84,0.0005,-11.822534109999998,0.029213817790150642,8054,35,9.997428894042969,-0.38741761445999146,15404,1.0882413387298584,18.86,285253,285354
0.84,0.0005,-11.88126973,0.028615621849894524,8056,35,8.511263847351074,-0.7589367032051086,15408,0.7925733327865601,18.81,285330,285431
0.83,0.0005,-12.279189510000002,0.02771000936627388,8057,35,8.296957015991211,-0.9554169178009033,15412,0.8575582504272461,18.9,285402,285503
0.84,0.0005,-12.019772010000002,0.027338536456227303,8059,35,9.669221878051758,0.07268306612968445,15416,0.4200534224510193,19.05,285484,285585
0.83,0.0005,-12.319620710000004,0.027331825345754623,8061,35,8.42289924621582,-0.45279645919799805,15420,0.2742282450199127,19.05,285564,285665
0.82,0.0005,-12.555728560000002,0.027426796033978462,8063,35,8.304369926452637,-0.1302674114704132,15424,1.5817623138427734,19.05,285639,285740
0.82,0.0005,-12.595405920000001,0.027132481336593628,8065,35,8.451644897460938,-0.5714127421379089,15428,1.1482170820236206,19.1,285722,285823
0.83,0.0005,-12.342205879999996,0.026924679055809975,8067,35,8.810774803161621,-0.9138161540031433,15432,0.16881564259529114,19.24,285803,285904
0.84,0.0005,-12.041351069999997,0.026758871972560883,8069,35,9.274543762207031,0.3852474093437195,15436,0.2874489426612854,19.31,285889,285990
0.84,0.0005,-12.07623747,0.027316372841596603,8071,35,7.711365699768066,0.3449375331401825,15440,1.6411898136138916,19.34,285972,286073
0.85,0.0005,-11.866438869999998,0.027307361364364624,8074,35,8.912065505981445,-0.9700344204902649,15444,0.8027698397636414,19.52,286063,286164
0.85,0.0005,-11.78688332,0.027195898815989494,8076,35,7.94428014755249,-0.37940436601638794,15448,0.8250985145568848,19.43,286137,286238
0.84,0.0005,-11.949725239999996,0.027057992294430733,8078,35,9.260510444641113,-0.9919545650482178,15452,0.24532410502433777,19.39,286213,286314
0.84,0.0005,-11.958576389999996,0.026432983577251434,8080,35,8.240912437438965,0.19872786104679108,15456,0.3835183382034302,19.43,286296,286397
0.85,0.0005,-11.593425219999999,0.02590257115662098,8082,35,8.619226455688477,-0.4009385406970978,15460,2.179814338684082,19.4,286365,286466
0.85,0.0005,-11.57453682,0.025678059086203575,8084,35,7.767045021057129,-0.25122103095054626,15464,0.2681599259376526,19.33,286437,286538
0.86,0.0005,-11.32434237,0.02582043781876564,8086,35,8.701549530029297,-0.3732321262359619,15468,1.4658033847808838,19.37,286508,286609
0.86,0.0005,-11.364998459999997,0.025733577087521553,8089,35,9.068926811218262,0.09459302574396133,15472,0.6759628057479858,19.41,286591,286692
0.89,0.0005,-10.587714640000002,0.02643427439033985,8091,35,8.195444107055664,-0.5097715854644775,15476,0.5474090576171875,19.68,286681,286782
0.88,0.0005,-10.8780948,0.027115369215607643,8093,35,8.864100456237793,0.2207767218351364,15480,1.9112904071807861,19.52,286750,286851
0.88,0.0005,-10.997231609999998,0.027323119342327118,8095,35,9.366743087768555,-0.1671590805053711,15484,0.3612045347690582,19.65,286836,286937
0.88,0.0005,-10.94715711,0.027650803327560425,8097,35,8.38754653930664,0.012601569294929504,15488,0.34391844272613525,19.59,286902,287003
0.88,0.0005,-10.89686029,0.027477167546749115,8099,35,8.862920761108398,-0.5062848329544067,15492,0.6424798965454102,19.52,286979,287080
0.89,0.0005,-10.593942279999998,0.026992881670594215,8101,35,7.959880828857422,0.3711853325366974,15496,1.7224221229553223,19.6,287059,287160
0.87,0.0005,-11.248969929999998,0.02650991827249527,8104,35,8.323648452758789,-0.9188346862792969,15500,0.15209640562534332,19.64,287136,287237
0.86,0.0005,-11.54079039,0.026833103969693184,8106,35,8.682193756103516,0.5416442155838013,15504,0.9659140110015869,19.78,287231,287332
0.85,0.0005,-11.783865279999997,0.027339253574609756,8108,35,9.20844554901123,-0.45188596844673157,15508,2.5947840213775635,19.68,287298,287399
0.86,0.0005,-11.421804440000003,0.026692833751440048,8110,35,9.255839347839355,-0.6399883031845093,15512,2.060539722442627,19.62,287364,287465
0.85,0.0005,-11.723481219999998,0.02607724256813526,8112,35,9.10779094696045,0.06790189445018768,15516,0.20906825363636017,19.57,287441,287542
0.85,0.0005,-11.653511350000004,0.025722628459334373,8114,35,9.243463516235352,-0.043820105493068695,15520,0.37595993280410767,19.5,287514,287615
0.86,0.0005,-11.40887744,0.02523363195359707,8116,35,8.031765937805176,0.29101836681365967,15524,0.26623183488845825,19.54,287593,287694
0.84,0.0005,-11.923416379999999,0.025243813171982765,8118,35,8.382516860961914,-0.4592239558696747,15528,1.617640733718872,19.39,287661,287762
0.83,0.0005,-12.134774860000002,0.0254992563277483,8120,35,8.820396423339844,0.577637255191803,15532,1.4891624450683594,19.22,287725,287826
0.83,0.0005,-12.06887627,0.0259233545511961,8122,35,7.917523384094238,0.11335962265729904,15536,0.7288089990615845,19.09,287798,287899
0.82,0.0005,-12.309485050000001,0.026354392990469933,8124,35,10.915363311767578,0.3914855718612671,15540,1.1879074573516846,19.06,287878,287979
0.82,0.0005,-12.19836887,0.026591423898935318,8126,35,8.398611068725586,-0.2637673318386078,15544,2.1757068634033203,18.88,287951,288052
0.81,0.0005,-12.561897170000002,0.026682863011956215,8128,35,8.975845336914062,-0.5938199758529663,15548,0.6939008235931396,18.91,288028,288129
0.81,0.0005,-12.67276223,0.0265648290514946,8130,35,8.637212753295898,0.6262037754058838,15552,0.09558583050966263,18.85,288098,288199
0.8,0.0005,-12.935091109999998,0.02613087184727192,8132,35,8.926755905151367,-0.5528724789619446,15556,0.3859472870826721,18.73,288169,288270
0.79,0.0005,-13.28310891,0.02623545192182064,8134,35,8.055583000183105,-0.608985424041748,15560,0.44142428040504456,18.74,288239,288340
0.79,0.0005,-13.40697657,0.026288116350769997,8136,35,8.873984336853027,-0.6725841760635376,15564,0.6691291332244873,18.97,288334,288435
0.8,0.0005,-13.06445643,0.026070864871144295,8138,35,7.922630310058594,-0.7905340194702148,15568,0.128912553191185,19.01,288409,288510
0.8,0.0005,-12.958044650000001,0.02578619308769703,8140,35,9.373624801635742,0.23938369750976562,15572,1.534877061843872,18.85,288476,288577
0.79,0.0005,-13.1187748,0.026181329041719437,8142,35,8.856788635253906,0.8011596202850342,15576,1.8740296363830566,18.65,288546,288647
0.81,0.0005,-12.619213809999998,0.026090743020176888,8144,35,8.323721885681152,-0.4558889865875244,15580,2.1313209533691406,18.72,288622,288723
0.81,0.0005,-12.498844810000001,0.026209833100438118,8146,35,9.277587890625,0.5777424573898315,15584,1.2744344472885132,18.57,288693,288794
0.82,0.0005,-12.31855245,0.026432201266288757,8148,35,8.91543197631836,1.6760940551757812,15588,0.9806612730026245,18.75,288777,288878
0.82,0.0005,-12.371512030000002,0.02554512582719326,8150,35,8.219013214111328,-0.9463037252426147,15592,1.8035097122192383,18.84,288863,288964
0.81,0.0005,-12.649637830000001,0.024900473654270172,8152,35,8.266519546508789,-0.20816154778003693,15596,0.3631247580051422,18.78,288937,289038
0.82,0.0005,-12.325965410000004,0.02482990361750126,8154,35,8.970844268798828,0.6028991937637329,15600,2.470677614212036,18.79,289015,289116
0.82,0.0005,-12.241371690000001,0.025343934074044228,8156,35,8.73864459991455,0.4685969650745392,15604,0.3651907444000244,18.67,289098,289199
0.83,0.0005,-11.997240940000001,0.025725530460476875,8158,35,8.389208793640137,-0.4704914689064026,15608,1.8135743141174316,18.79,289177,289278
0.83,0.0005,-12.00012081,0.026026107370853424,8160,35,8.10755443572998,1.4494564533233643,15612,0.31733790040016174,18.85,289249,289350
0.84,0.0005,-11.719264309999998,0.027526795864105225,8163,35,9.334379196166992,1.0432380437850952,15616,1.7291632890701294,18.88,289329,289430
0.85,0.0005,-11.436830540000003,0.0275141391903162,8165,35,8.196239471435547,0.5409433841705322,15620,0.38783347606658936,18.96,289410,289511
0.85,0.0005,-11.37432239,0.027697432786226273,8167,35,8.084184646606445,-0.14414969086647034,15624,0.3736843466758728,18.88,289481,289582
0.87,0.0005,-10.81534654,0.027990346774458885,8169,35,9.258054733276367,-0.30662569403648376,15628,2.5528078079223633,18.99,289560,289661
0.88,0.0005,-10.587589430000001,0.0279513169080019,8171,35,8.19440746307373,-0.33859938383102417,15632,0.3839343190193176,19.11,289636,289737
0.88,0.0005,-10.67046255,0.027503428980708122,8173,35,9.090042114257812,-0.08681049942970276,15636,2.149351119995117,19.22,289720,289821
0.87,0.0005,-10.895905120000002,0.027759239077568054,8175,35,9.33312702178955,0.1455134004354477,15640,0.6709586381912231,19.06,289784,289885
0.86,0.0005,-11.200980020000001,0.027815278619527817,8176,35,9.586246490478516,0.638451337814331,15644,0.9988729953765869,19.01,289852,289953
0.86,0.0005,-11.115543619999997,0.02734326384961605,8194,35,8.399965286254883,0.9387367367744446,15648,0.6298145055770874,18.93,289921,290022
0.86,0.0005,-11.121323320000002,0.02648770436644554,8196,35,7.459200859069824,-0.200506329536438,15652,0.3835242986679077,19.01,289999,290100
0.86,0.0005,-11.19832807,0.02597339078783989,8198,35,9.071741104125977,-0.9339999556541443,15656,1.1817816495895386,19.13,290082,290183
0.87,0.0005,-10.951664800000001,0.025266388431191444,8200,35,9.239471435546875,0.06507733464241028,15660,0.3536924123764038,19.28,290167,290268
0.87,0.0005,-10.837477890000002,0.025029174983501434,8202,35,9.064728736877441,-0.29192328453063965,15664,0.3852503299713135,19.08,290242,290343
0.87,0.0005,-10.922700889999998,0.025038592517375946,8205,35,7.7469377517700195,-0.5560916662216187,15668,0.4067273437976837,19.18,290327,290428
0.87,0.0005,-10.95481626,0.024791724979877472,8206,35,8.511754989624023,-0.39281973242759705,15672,1.5001375675201416,19.18,290394,290495
0.87,0.0005,-10.973638810000002,0.025276677682995796,8208,35,9.53423023223877,0.09230035543441772,15676,2.4102425575256348,19.18,290464,290565
0.87,0.0005,-10.904536579999998,0.025663644075393677,8210,35,9.767143249511719,-0.04150955379009247,15680,0.21763858199119568,19.03,290525,290626
0.86,0.0005,-11.22895282,0.026282917708158493,8211,35,9.489677429199219,-0.6217585206031799,15684,0.19476209580898285,19.04,290597,290698
0.86,0.0005,-11.150494409999999,0.026074182242155075,8213,35,8.430871963500977,-0.3945409655570984,15688,0.7012220621109009,18.99,290676,290777
0.86,0.0005,-11.087010849999999,0.025741538032889366,8215,35,8.943443298339844,0.0795358270406723,15692,1.168007493019104,18.86,290749,290850
0.86,0.0005,-11.110511959999998,0.02579696848988533,8217,35,9.659375190734863,0.4420747756958008,15696,1.2677229642868042,18.84,290821,290922
0.86,0.0005,-11.01660748,0.025947105139493942,8218,35,9.225751876831055,-0.19383656978607178,15700,0.4911903440952301,18.65,290880,290981
0.87,0.0005,-10.840780620000002,0.026037737727165222,8220,35,9.192461013793945,-0.511809229850769,15704,1.5133535861968994,18.63,290961,291062
0.87,0.0005,-10.831479359999998,0.02608897164463997,8222,35,10.062905311584473,-0.5570178031921387,15708,0.6961196064949036,18.6,291037,291138
0.87,0.0005,-10.848689870000001,0.02629041112959385,8224,35,8.461647033691406,0.16325895488262177,15712,0.7899074554443359,18.62,291111,291212
0.87,0.0005,-10.80649151,0.026326019316911697,8226,35,9.900960922241211,-0.08586236834526062,15716,0.3575035035610199,18.55,291184,291285
0.85,0.0005,-11.42460995,0.026269283145666122,8228,35,9.18330192565918,0.38252025842666626,15720,0.6171555519104004,18.45,291255,291356
0.86,0.0005,-11.152453940000001,0.026861246675252914,8230,35,9.696714401245117,0.6017261743545532,15724,2.75189208984375,18.51,291332,291433
0.86,0.0005,-11.1028216,0.027454987168312073,8231,35,9.147722244262695,0.9764271378517151,15728,2.1608991622924805,18.41,291401,291502
0.85,0.0005,-11.22726713,0.028597556054592133,8233,35,9.388463973999023,0.08054220676422119,15732,2.630606174468994,18.35,291471,291572
0.84,0.0005,-11.436258950000001,0.030945459380745888,8235,35,10.320300102233887,2.3482375144958496,15736,0.7545105218887329,18.42,291562,291663
0.84,0.0005,-11.422270189999999,0.033005569130182266,8238,35,9.367603302001953,0.8923273682594299,15740,3.3381142616271973,18.58,291642,291743
0.84,0.0005,-11.321401719999997,0.032965511083602905,8240,35,8.832084655761719,0.001426398754119873,15744,1.0260915756225586,18.69,291721,291822
0.85,0.0005,-11.055807490000001,0.03249253332614899,8242,35,8.803370475769043,-0.6657347679138184,15748,0.7479157447814941,18.78,291799,291900
0.86,0.0005,-10.715047520000002,0.03167983144521713,8244,35,9.178598403930664,0.04180416092276573,15752,1.3386914730072021,18.67,291866,291967
0.87,0.0005,-10.329146500000002,0.031466927379369736,8246,35,8.188472747802734,-0.9233537912368774,15756,0.21261805295944214,18.58,291940,292041
0.87,0.0005,-10.336203390000003,0.030561719089746475,8248,35,8.288875579833984,-0.6427640914916992,15760,0.8084509372711182,18.61,292028,292129
0.86,0.0005,-10.69873224,0.029644735157489777,8250,35,8.903031349182129,0.07942211627960205,15764,0.8065639138221741,18.66,292108,292209
0.86,0.0005,-10.611872079999998,0.028923267498612404,8252,35,8.497696876525879,-1.0748755931854248,15768,0.43359774351119995,18.59,292186,292287
0.86,0.0005,-10.72891494,0.02789960987865925,8254,35,7.838515281677246,-1.55067777633667,15772,0.49729132652282715,18.81,292275,292376
0.87,0.0005,-10.46655078,0.027244137600064278,8257,35,8.901933670043945,-0.6177976131439209,15776,0.20258821547031403,18.92,292356,292457
0.87,0.0005,-10.55102477,0.027293894439935684,8259,35,8.158182144165039,0.1308758556842804,15780,0.37930652499198914,19.11,292436,292537
0.87,0.0005,-10.58609584,0.02706994116306305,8261,35,7.240960597991943,-0.2480323314666748,15784,0.42533183097839355,19.15,292512,292613
0.86,0.0005,-10.914792949999999,0.026950009167194366,8263,35,8.474074363708496,0.5090607404708862,15788,0.8829154968261719,19.1,292586,292687
0.86,0.0005,-10.957109070000001,0.027055049315094948,8265,35,9.021458625793457,0.04066011309623718,15792,1.1779537200927734,19.16,292665,292766
0.86,0.0005,-10.902370689999998,0.026695245876908302,8267,35,8.133859634399414,-0.3935012221336365,15796,1.298485279083252,19.13,292734,292835
0.86,0.0005,-10.936841089999998,0.026702407747507095,8269,35,9.239665031433105,0.0604250431060791,15800,0.9471506476402283,19.25,292805,292906
0.85,0.0005,-11.098661260000002,0.026742814108729362,8271,35,8.712345123291016,0.10691860318183899,15804,0.3726304769515991,19.2,292881,292982
0.85,0.0005,-11.09162531,0.027209440246224403,8273,35,7.806159019470215,0.12910495698451996,15808,0.7590978145599365,19.23,292960,293061
0.86,0.0005,-10.83040151,0.02684987522661686,8275,35,7.928335189819336,-0.30971407890319824,15812,0.6070164442062378,19.36,293047,293148
0.85,0.0005,-11.113487809999999,0.026807161048054695,8277,35,7.911447525024414,0.046672046184539795,15816,0.8822186589241028,19.39,293123,293224
0.85,0.0005,-10.940807959999997,0.02681313268840313,8279,35,7.388921737670898,0.5661367774009705,15820,0.33817505836486816,19.39,293194,293295
0.85,0.0005,-11.01633612,0.02790066786110401,8281,35,9.452013969421387,1.0375460386276245,15824,1.676267147064209,19.46,293278,293379
0.82,0.0005,-11.71979927,0.02936745248734951,8283,35,9.2354154586792,-0.03713598847389221,15828,0.30625200271606445,19.56,293357,293458
0.8,0.0005,-12.39357739,0.030181800946593285,8286,35,10.20881462097168,-0.11724473536014557,15832,0.880285382270813,19.63,293434,293535
0.8,0.0005,-12.498978139999998,0.02995564229786396,8288,35,9.654400825500488,-0.33958134055137634,15836,0.3016335070133209,19.56,293518,293619
0.82,0.0005,-11.992772460000001,0.029600592330098152,8290,35,8.814373016357422,0.1563069224357605,15840,0.5021527409553528,19.5,293592,293693
0.83,0.0005,-11.829404850000001,0.02932070381939411,8292,35,8.263911247253418,-0.20276270806789398,15844,1.4452153444290161,19.49,293670,293771
0.83,0.0005,-11.765098609999997,0.02894091047346592,8294,35,8.434258460998535,-1.0921096801757812,15848,1.3528156280517578,19.38,293737,293838
0.82,0.0005,-12.054240319999996,0.02872629277408123,8296,35,8.230509757995605,0.012626297771930695,15852,0.24041619896888733,19.34,293800,293901
0.82,0.0005,-12.178377079999997,0.027496663853526115,8298,35,7.794046878814697,0.31857356429100037,15856,0.5515280961990356,19.49,293889,293990
0.82,0.0005,-12.217606059999998,0.027570592239499092,8301,35,9.252058029174805,0.02768990397453308,15860,0.41202178597450256,19.45,293973,294074
0.82,0.0005,-12.14208158,0.027834219858050346,8303,35,9.309622764587402,0.6182044744491577,15864,0.25404274463653564,19.42,294050,294151
0.82,0.0005,-12.095921580000002,0.027982890605926514,8305,35,8.844670295715332,0.20677383244037628,15868,1.3146092891693115,19.33,294119,294220
0.81,0.0005,-12.381539700000001,0.027178052812814713,8307,35,8.76417350769043,-0.3150874674320221,15872,0.46251505613327026,19.31,294206,294307
0.79,0.0005,-12.909548950000001,0.02737824060022831,8309,35,8.880638122558594,0.209438294172287,15876,0.3553937077522278,19.17,294273,294374
0.78,0.0005,-13.213819659999999,0.027317408472299576,8311,35,8.615084648132324,0.2770787477493286,15880,0.38352376222610474,19.11,294347,294448
0.79,0.0005,-12.93288656,0.026642635464668274,8313,35,8.962020874023438,-0.1452287882566452,15884,1.653649091720581,19.15,294427,294528
0.79,0.0005,-12.85510193,0.026143966242671013,8315,35,8.713644981384277,-0.004488170146942139,15888,1.8015421628952026,19.1,294496,294597
0.79,0.0005,-12.837887639999996,0.026290781795978546,8317,35,9.408137321472168,-0.03310462832450867,15892,1.8484137058258057,19.12,294577,294678
0.8,0.0005,-12.55549467,0.0259411484003067,8319,35,9.093550682067871,-0.3918488621711731,15896,0.3736431300640106,19.18,294652,294753
0.8,0.0005,-12.582474460000004,0.025963708758354187,8321,35,8.853142738342285,-0.5204750299453735,15900,0.229170560836792,19.23,294728,294829
0.81,0.0005,-12.371586879999997,0.025888914242386818,8323,35,9.466874122619629,-0.5793561935424805,15904,0.47685497999191284,19.18,294799,294900
0.82,0.0005,-12.00024964,0.02569091133773327,8325,35,7.88590669631958,0.9574084877967834,15908,1.4592498540878296,19.05,294865,294966
0.79,0.0005,-12.83183902,0.02586294896900654,8326,35,9.451761245727539,0.4114621579647064,15912,0.8162897825241089,18.88,294935,295036
0.8,0.0005,-12.463586479999998,0.025782978162169456,8327,35,8.138080596923828,0.12934285402297974,15916,0.18007487058639526,18.74,294997,295098
0.81,0.0005,-12.259741559999998,0.025931688025593758,8329,35,9.73985481262207,1.0983691215515137,15920,0.8206643462181091,18.72,295066,295167
0.81,0.0005,-12.247361290000004,0.02641807682812214,8331,35,8.55591106414795,-0.37302863597869873,15924,1.3169775009155273,18.68,295146,295247
0.83,0.0005,-11.815811180000003,0.02736201137304306,8333,35,9.383323669433594,0.39139336347579956,15928,0.32110920548439026,18.75,295232,295333
0.85,0.0005,-11.226773669999998,0.027669258415699005,8334,35,8.303499221801758,-0.8972718715667725,15932,0.42509177327156067,18.79,295313,295414
0.86,0.0005,-10.83551162,0.0279115941375494,8336,35,8.942243576049805,0.04722222685813904,15936,0.4466838538646698,18.69,295387,295488
0.86,0.0005,-10.906975620000003,0.027686724439263344,8338,35,8.048014640808105,-0.6768134832382202,15940,0.754797101020813,18.83,295475,295576
0.86,0.0005,-10.935108780000002,0.0271331537514925,8340,35,8.235750198364258,-0.2150421440601349,15944,0.5892724990844727,18.83,295553,295654
0.84,0.0005,-11.551241479999998,0.026694629341363907,8341,35,9.459417343139648,-0.6606621742248535,15948,2.263679027557373,18.81,295618,295719
0.84,0.0005,-11.64232544,0.02662493847310543,8343,35,8.923951148986816,0.9840783476829529,15952,2.2693333625793457,18.97,295697,295798
0.84,0.0005,-11.48826749,0.026782993227243423,8345,35,8.491984367370605,-0.4967247247695923,15956,1.3387324810028076,18.75,295764,295865
0.82,0.0005,-11.937512750000003,0.026777775958180428,8347,35,9.038658142089844,-0.11221837997436523,15960,0.5466057658195496,18.52,295825,295926
0.83,0.0005,-11.599300379999997,0.026682201772928238,8349,35,8.032953262329102,-0.9500921964645386,15964,0.5332270264625549,18.43,295893,295994
0.82,0.0005,-11.84819662,0.02686632052063942,8351,35,8.525686264038086,0.6575374007225037,15968,1.7822939157485962,18.49,295968,296069
0.81,0.0005,-12.06335303,0.02672189474105835,8353,35,8.173187255859375,-0.07102186977863312,15972,1.3383774757385254,18.3,296036,296137
0.81,0.0005,-12.098210339999998,0.026466209441423416,8355,35,8.140819549560547,0.3620048761367798,15976,0.6328557729721069,18.4,296113,296214
0.81,0.0005,-12.071502899999999,0.02629850059747696,8357,35,8.671582221984863,-0.47256994247436523,15980,0.628568172454834,18.36,296183,296284
0.8,0.0005,-12.198485389999997,0.026440950110554695,8359,35,7.69500732421875,0.3064097762107849,15984,0.3596559166908264,18.31,296258,296359
0.79,0.0005,-12.482745,0.026336396113038063,8361,35,8.700041770935059,0.12573106586933136,15988,0.3878168761730194,18.25,296321,296422
0.79,0.0005,-12.493758479999999,0.026121728122234344,8363,35,8.267312049865723,-1.1473476886749268,15992,1.4781756401062012,18.28,296405,296506
0.77,0.0005,-13.074495339999999,0.025272894650697708,8365,35,8.612970352172852,-0.14996042847633362,15996,2.7794761657714844,18.31,296483,296584
0.77,0.0005,-12.910519809999998,0.02593829110264778,8367,35,9.1650972366333,0.2712859511375427,16000,1.463444709777832,18.26,296554,296655
0.76,0.0005,-13.26783846,0.02745869942009449,8369,35,10.854063987731934,0.3731886148452759,16004,2.671448230743408,18.33,296632,296733
0.76,0.0005,-13.30053813,0.02861223928630352,8371,35,9.113066673278809,0.6556971073150635,16008,0.4202439785003662,18.43,296708,296809
0.79,0.0005,-12.540648640000002,0.0291038379073143,8374,35,8.91815185546875,-0.32529014348983765,16012,0.36859914660453796,18.64,296799,296900
0.78,0.0005,-12.92926146,0.029177160933613777,8376,35,9.704299926757812,0.5228955745697021,16016,1.849867820739746,18.82,296879,296980
0.78,0.0005,-13.024908559999998,0.029191330075263977,8378,35,9.29835319519043,0.01614198088645935,16020,2.1170825958251953,18.93,296959,297060
0.77,0.0005,-13.303759029999998,0.02841278910636902,8380,35,8.487939834594727,-0.9860208630561829,16024,0.18399816751480103,18.9,297036,297137
0.78,0.0005,-13.08568168,0.0275934636592865,8383,35,8.798179626464844,-0.48948588967323303,16028,0.15555621683597565,18.81,297113,297214
0.79,0.0005,-12.810957990000002,0.026599718257784843,8385,35,9.127664566040039,-0.06744176149368286,16032,0.49403390288352966,18.74,297187,297288
0.79,0.0005,-12.82281643,0.025645839050412178,8387,35,8.810331344604492,-1.4725574254989624,16036,1.2938859462738037,18.79,297266,297367
0.78,0.0005,-13.030429869999999,0.025115804746747017,8389,35,8.842540740966797,-0.022001147270202637,16040,0.6003561019897461,18.64,297339,297440
0.78,0.0005,-12.970267369999997,0.024982726201415062,8391,35,8.436068534851074,0.5098540186882019,16044,2.1105291843414307,18.64,297417,297518
0.8,0.0005,-12.418335179999996,0.025016069412231445,8393,35,7.985584259033203,-0.20817619562149048,16048,0.6649655699729919,18.78,297496,297597
0.8,0.0005,-12.406356760000001,0.024707933887839317,8395,35,8.830304145812988,-0.40784791111946106,16052,0.40431705117225647,18.76,297573,297674
0.77,0.0005,-13.275614300000003,0.025049826130270958,8397,35,8.27964973449707,-0.1295900195837021,16056,0.21040832996368408,18.73,297637,297738
0.78,0.0005,-12.964542699999997,0.025078408420085907,8399,35,9.057046890258789,-0.13493327796459198,16060,0.5860327482223511,18.76,297701,297802
0.78,0.0005,-12.983823489999999,0.024970274418592453,8401,35,8.657426834106445,0.6020918488502502,16064,1.5002362728118896,18.83,297776,297877
0.79,0.0005,-12.71804803,0.025262827053666115,8403,35,8.379403114318848,0.5865355134010315,16068,0.6033729314804077,18.7,297838,297939
0.8,0.0005,-12.471584479999999,0.02564220130443573,8405,35,7.828007221221924,0.17378897964954376,16072,0.8834841847419739,18.81,297917,298018
0.81,0.0005,-12.251060910000001,0.026409512385725975,8407,35,8.789605140686035,0.10946387052536011,16076,0.21680666506290436,18.88,298001,298102
0.81,0.0005,-12.197354930000001,0.027077235281467438,8409,35,10.02842903137207,0.533424973487854,16080,1.6144074201583862,18.84,298067,298168
0.81,0.0005,-12.24128424,0.02727137878537178,8411,35,8.823565483093262,0.7610488533973694,16084,1.473354458808899,18.84,298142,298243
0.83,0.0005,-11.768321529999998,0.02763308957219124,8413,35,9.570670127868652,-0.33878812193870544,16088,1.7719125747680664,19.0,298221,298322
0.83,0.0005,-11.752598330000001,0.02770300768315792,8415,35,8.848358154296875,0.006481684744358063,16092,0.6842964887619019,18.95,298300,298401
0.84,0.0005,-11.33815839,0.02762106992304325,8417,35,10.034167289733887,0.24873575568199158,16096,0.6668801307678223,18.92,298375,298476
0.85,0.0005,-11.211727099999997,0.02788097783923149,8419,35,8.756875991821289,-0.17192259430885315,16100,5.353211402893066,18.96,298450,298551
0.85,0.0005,-11.191355739999997,0.027622656896710396,8421,35,8.903728485107422,-0.4766518771648407,16104,1.209576964378357,18.93,298525,298626
0.85,0.0005,-11.128584279999998,0.027307074517011642,8423,35,8.284809112548828,-0.35118621587753296,16108,0.19306650757789612,18.81,298589,298690
0.84,0.0005,-11.263545450000002,0.02650953270494938,8425,35,9.260300636291504,-0.39800524711608887,16112,0.3349987864494324,18.59,298658,298759
0.83,0.0005,-11.429318559999999,0.026366252452135086,8427,35,8.601512908935547,0.7166337370872498,16116,1.546563982963562,18.52,298731,298832
0.84,0.0005,-11.159122670000004,0.026914384216070175,8429,35,7.748475551605225,0.6685566902160645,16120,0.7101561427116394,18.54,298813,298914
0.85,0.0005,-10.84222714,0.026447752490639687,8431,35,8.516304969787598,-0.5272469520568848,16124,0.34851306676864624,18.53,298889,298990
0.83,0.0005,-11.41277041,0.026217984035611153,8434,35,8.66409683227539,-0.4213412404060364,16128,0.20624969899654388,18.5,298963,299064
0.83,0.0005,-11.531036030000001,0.026178007945418358,8436,35,8.208015441894531,-0.17243312299251556,16132,0.3746615946292877,18.6,299047,299148
0.83,0.0005,-11.600108300000002,0.026916855946183205,8438,35,8.418252944946289,0.9804365634918213,16136,1.6523919105529785,18.65,299131,299232
0.84,0.0005,-11.367399800000003,0.027344906702637672,8441,35,8.581387519836426,0.7714550495147705,16140,0.7539160251617432,18.81,299220,299321
0.84,0.0005,-11.458264780000002,0.027283137664198875,8443,35,8.61965560913086,0.025158286094665527,16144,0.32029756903648376,18.9,299307,299408
0.84,0.0005,-11.559147560000001,0.0271160826086998,8445,35,7.084615707397461,-0.07781713455915451,16148,1.4401240348815918,18.96,299392,299493
0.85,0.0005,-11.159616560000002,0.027345649898052216,8447,35,9.029050827026367,-0.3009549081325531,16152,1.4094959497451782,18.85,299458,299559
0.88,0.0005,-10.38304226,0.0270795077085495,8450,35,9.166485786437988,0.5863571166992188,16156,2.4253604412078857,19.08,299545,299646
0.88,0.0005,-10.35328796,0.02774946577847004,8452,35,10.250382423400879,0.8946771621704102,16160,0.45340704917907715,19.27,299628,299729
0.87,0.0005,-10.697691090000001,0.027912825345993042,8454,35,9.346939086914062,-0.42959296703338623,16164,0.8366315364837646,19.25,299701,299802
0.85,0.0005,-11.351295989999999,0.027472862973809242,8456,35,10.30019760131836,0.6448141932487488,16168,1.4069225788116455,19.32,299770,299871
0.85,0.0005,-11.340809160000001,0.02753330208361149,8458,35,9.18143081665039,0.30950018763542175,16172,0.21322789788246155,19.33,299850,299951
0.85,0.0005,-11.16433319,0.028045685961842537,8478,35,10.013086318969727,-0.0016253739595413208,16176,0.7149723172187805,19.26,299927,300028
0.85,0.0005,-11.203461950000001,0.0290315393358469,8480,35,9.428938865661621,1.8239370584487915,16180,1.0873149633407593,19.44,300011,300112
0.85,0.0005,-11.280395819999997,0.029390014708042145,8483,35,8.823898315429688,-0.5447064638137817,16184,0.7658543586730957,19.49,300091,300192
0.84,0.0005,-11.546397950000001,0.029480166733264923,8485,35,8.717966079711914,0.09745819866657257,16188,0.4859994053840637,19.44,300165,300266
0.81,0.0005,-12.323244319999999,0.02943384274840355,8487,35,9.690218925476074,0.5432974696159363,16192,0.9675455093383789,19.42,300242,300343
0.82,0.0005,-12.17612497,0.028954466804862022,8489,35,9.116109848022461,-1.202366828918457,16196,1.1847031116485596,19.4,300315,300416
0.81,0.0005,-12.452253100000002,0.028358707204461098,8491,35,8.223821640014648,0.4083823561668396,16200,0.39897865056991577,19.38,300388,300489
0.82,0.0005,-12.07767284,0.02827133983373642,8493,35,7.879261016845703,0.09287695586681366,16204,1.3845102787017822,19.33,300458,300559
0.8,0.0005,-12.62823214,0.02853250876069069,8495,35,9.61488151550293,1.0151950120925903,16208,0.27291181683540344,19.43,300532,300633
0.81,0.0005,-12.378526860000001,0.02853577397763729,8497,35,8.963027954101562,-0.12105622887611389,16212,1.784061312675476,19.51,300609,300710
0.8,0.0005,-12.668023409999998,0.028577864170074463,8498,35,9.19715690612793,1.2544490098953247,16216,1.8236329555511475,19.5,300681,300782
0.79,0.0005,-12.935800530000002,0.029008232057094574,8500,35,9.207799911499023,0.35308197140693665,16220,0.31504228711128235,19.46,300759,300860
0.77,0.0005,-13.465892210000002,0.028720300644636154,8502,35,9.07087516784668,0.6301416158676147,16224,1.6398637294769287,19.34,300823,300924
0.79,0.0005,-12.888393409999999,0.028478384017944336,8504,35,9.146771430969238,1.17612624168396,16228,2.189917802810669,19.37,300900,301001
0.79,0.0005,-12.83669574,0.028226476162672043,8506,35,9.405993461608887,0.7035335898399353,16232,1.960566520690918,19.29,300976,301077
0.77,0.0005,-13.2872668,0.028310878202319145,8508,35,9.553986549377441,0.46227192878723145,16236,0.3231002390384674,19.06,301037,301138
0.77,0.0005,-13.227858960000002,0.0280475914478302,8510,35,8.731037139892578,0.3942190706729889,16240,2.161777973175049,18.97,301117,301218
0.77,0.0005,-13.138067740000002,0.027797672897577286,8512,35,9.607841491699219,0.4305364191532135,16244,2.201728105545044,18.87,301194,301295
0.76,0.0005,-13.314105660000001,0.02837967500090599,8513,35,8.090133666992188,0.3841598629951477,16248,1.2726202011108398,18.69,301261,301362
0.75,0.0005,-13.66909087,0.028350623324513435,8515,35,9.640436172485352,-0.2343999445438385,16252,0.3930509388446808,18.75,301333,301434
0.75,0.0005,-13.585836859999997,0.028128627687692642,8517,35,8.008983612060547,-0.4660853147506714,16256,0.41861239075660706,18.57,301402,301503
0.76,0.0005,-13.361220759999998,0.02833414077758789,8518,35,9.086310386657715,-0.5516260266304016,16260,0.7903693914413452,18.45,301473,301574
0.75,0.0005,-13.62791921,0.02806437388062477,8520,35,9.472747802734375,-0.4042050838470459,16264,0.3748793601989746,18.41,301542,301643
0.77,0.0005,-13.04121259,0.02795584686100483,8522,35,8.153629302978516,0.14819878339767456,16268,2.143644094467163,18.48,301618,301719
0.77,0.0005,-12.98611527,0.028328806161880493,8524,35,9.498603820800781,-0.13103455305099487,16272,1.9834504127502441,18.58,301708,301809
0.77,0.0005,-13.035063540000001,0.027320852503180504,8526,35,8.404958724975586,0.044020116329193115,16276,1.022420048713684,18.67,301794,301895
0.78,0.0005,-12.75687549,0.02698434889316559,8528,35,8.449947357177734,0.23340775072574615,16280,0.8532646894454956,18.6,301871,301972
0.78,0.0005,-12.792541860000002,0.026470866054296494,8530,35,8.170090675354004,-0.720267653465271,16284,0.4910561144351959,18.6,301951,302052
0.78,0.0005,-12.695568530000001,0.025835683569312096,8532,35,8.051651954650879,-0.37501293420791626,16288,1.2084661722183228,18.47,302012,302113
0.81,0.0005,-11.866066670000002,0.02529291808605194,8534,35,8.110474586486816,-0.3983035385608673,16292,0.31608152389526367,18.43,302085,302186
0.79,0.0005,-12.455176360000003,0.025049246847629547,8536,35,8.380980491638184,-0.40557941794395447,16296,1.149876356124878,18.41,302156,302257
0.8,0.0005,-12.231213539999999,0.024407142773270607,8538,35,9.766735076904297,-0.9169681072235107,16300,0.2958269715309143,18.51,302239,302340
0.79,0.0005,-12.53373732,0.024121318012475967,8540,35,9.621954917907715,-0.2324378341436386,16304,1.4063454866409302,18.48,302306,302407
0.8,0.0005,-12.31914586,0.024105388671159744,8541,35,8.91678237915039,0.574162483215332,16308,0.39604851603507996,18.41,302373,302474
0.79,0.0005,-12.662590820000002,0.0242280513048172,8544,35,8.149962425231934,0.16769132018089294,16312,0.7809183597564697,18.47,302456,302557
0.8,0.0005,-12.43440679,0.025144217535853386,8545,35,8.663341522216797,0.6412174105644226,16316,0.7522609233856201,18.43,302524,302625
0.81,0.0005,-12.217993130000004,0.026034124195575714,8548,35,8.040425300598145,0.36824753880500793,16320,1.6524302959442139,18.57,302616,302717
0.81,0.0005,-12.126323020000003,0.026820776984095573,8550,35,9.022923469543457,0.9358783960342407,16324,1.0648807287216187,18.69,302692,302793
0.8,0.0005,-12.430102649999998,0.029877720400691032,8552,35,9.59315299987793,1.7217590808868408,16328,0.9240370988845825,18.67,302767,302868
0.79,0.0005,-12.646624589999998,0.031142478808760643,8554,35,9.198081970214844,-0.030973605811595917,16332,0.9645851850509644,18.75,302851,302952
0.79,0.0005,-12.678592050000002,0.030570289120078087,8556,35,9.070703506469727,-0.3957694172859192,16336,1.819652795791626,19.07,302944,303045
0.79,0.0005,-12.656939820000002,0.030191119760274887,8558,35,8.971048355102539,-0.3412405848503113,16340,0.7650772333145142,19.0,303017,303118
0.79,0.0005,-12.700867020000002,0.029955986887216568,8561,35,8.524214744567871,-0.114603191614151,16344,0.32277369499206543,19.06,303100,303201
0.8,0.0005,-12.475786900000003,0.029359443113207817,8563,35,9.378175735473633,0.0027739107608795166,16348,0.4635245203971863,19.26,303187,303288
0.81,0.0005,-12.20944309,0.02925722859799862,8565,35,9.074433326721191,-0.7673664093017578,16352,0.3155660629272461,19.31,303264,303365
0.8,0.0005,-12.547040439999998,0.029154347255825996,8567,35,8.165687561035156,-0.6808134317398071,16356,1.1156071424484253,19.37,303339,303440
0.8,0.0005,-12.54260283,0.02880743518471718,8569,35,10.500249862670898,-0.24984285235404968,16360,1.708308219909668,19.35,303408,303509
0.82,0.0005,-11.99085001,0.02831239067018032,8571,35,9.378519058227539,0.20506180822849274,16364,0.9150362014770508,19.49,303491,303592
0.81,0.0005,-12.314881909999999,0.02811015024781227,8573,35,8.987112998962402,-0.26920217275619507,16368,0.5334080457687378,19.48,303566,303667
0.82,0.0005,-12.065083590000004,0.02791999839246273,8575,35,8.521743774414062,-0.4403744339942932,16372,1.8097436428070068,19.35,303643,303744
0.82,0.0005,-12.0681474,0.027840446680784225,8576,35,9.975542068481445,0.40172189474105835,16376,1.162578821182251,19.2,303714,303815
0.82,0.0005,-12.097696000000001,0.027683760970830917,8578,35,9.255165100097656,-0.20907029509544373,16380,0.3143671154975891,19.2,303791,303892
0.83,0.0005,-11.760016260000002,0.027204278856515884,8581,35,10.025931358337402,-0.9157658815383911,16384,0.4611090421676636,19.18,303869,303970
0.84,0.0005,-11.559904040000003,0.026699084788560867,8583,35,8.490066528320312,-0.29788529872894287,16388,0.3430730402469635,19.35,303947,304048
0.84,0.0005,-11.555631790000001,0.02639491856098175,8585,35,8.227274894714355,0.8651137351989746,16392,0.835719108581543,19.34,304019,304120
0.86,0.0005,-11.02640715,0.026252806186676025,8587,35,8.409217834472656,-1.2589240074157715,16396,0.3588728904724121,19.47,304103,304204
0.86,0.0005,-11.04146083,0.02587657794356346,8590,35,8.448463439941406,0.11826961487531662,16400,0.5078713893890381,19.52,304191,304292
0.87,0.0005,-10.82360765,0.025247910991311073,8592,35,9.183135986328125,-0.1445705145597458,16404,0.5989031791687012,19.65,304271,304372
0.88,0.0005,-10.579318780000001,0.025168301537632942,8594,35,7.603449821472168,-0.13276593387126923,16408,0.9245896339416504,19.77,304350,304451
0.87,0.0005,-10.8766678,0.024751393124461174,8596,35,8.825373649597168,-0.21648205816745758,16412,0.5284861326217651,19.73,304429,304530
0.89,0.0005,-10.439813440000002,0.024669760838150978,8598,35,8.766256332397461,0.2935408353805542,16416,1.6599760055541992,19.92,304516,304617
0.89,0.0005,-10.327649,0.02512184903025627,8600,35,8.050979614257812,-0.2476837933063507,16420,1.4199135303497314,19.73,304589,304690
0.91,0.0005,-9.87408531,0.02585683763027191,8602,35,8.440420150756836,0.450532466173172,16424,2.1106276512145996,19.76,304668,304769
0.91,0.0005,-9.87840885,0.0259264949709177,8604,35,8.81209659576416,-0.09887044876813889,16428,1.6642462015151978,19.87,304754,304855
0.92,0.0005,-9.671153409999999,0.025804908946156502,8606,35,7.841366291046143,0.2015307992696762,16432,2.78214693069458,19.81,304832,304933
0.94,0.0005,-9.18176931,0.025840137153863907,8607,35,9.07087230682373,0.18326851725578308,16436,0.534162700176239,19.7,304914,305015
0.94,0.0005,-9.280463150000001,0.026537027209997177,8610,35,10.053377151489258,-0.5216110944747925,16440,0.5510251522064209,19.83,305000,305101
0.93,0.0005,-9.51362486,0.026823733001947403,8611,35,7.912776947021484,-0.4112396240234375,16444,0.26038235425949097,19.68,305068,305169
0.92,0.0005,-9.751257460000001,0.026961466297507286,8613,35,7.9812703132629395,-0.1889171451330185,16448,3.550830602645874,19.56,305143,305244
0.91,0.0005,-9.95991867,0.02718777395784855,8615,35,7.590851783752441,-0.4317376911640167,16452,0.17452740669250488,19.6,305224,305325
0.91,0.0005,-9.901987630000002,0.027165746316313744,8617,35,8.957213401794434,-0.30339741706848145,16456,0.37199220061302185,19.55,305294,305395
0.91,0.0005,-9.876740860000002,0.02721450850367546,8618,35,8.273534774780273,0.0811181366443634,16460,0.3258090019226074,19.59,305367,305468
0.9,0.0005,-10.04534354,0.026780663058161736,8620,35,9.615507125854492,-0.06108084321022034,16464,1.1703095436096191,19.45,305436,305537
0.89,0.0005,-10.16018419,0.027108944952487946,8622,35,9.111310005187988,1.051180124282837,16468,1.1443140506744385,19.4,305506,305607
0.88,0.0005,-10.41801941,0.027276230975985527,8623,35,8.86656665802002,-0.19138935208320618,16472,1.312856674194336,19.3,305573,305674
0.89,0.0005,-10.237485999999999,0.027009475976228714,8625,35,8.519773483276367,-0.4938800036907196,16476,0.22834627330303192,19.43,305657,305758
0.89,0.0005,-10.15095333,0.02716797962784767,8627,35,8.759552955627441,-0.3995510935783386,16480,0.6061479449272156,19.33,305724,305825
0.88,0.0005,-10.47367157,0.027120910584926605,8629,35,8.837860107421875,-0.30521026253700256,16484,1.0949594974517822,19.33,305802,305903
0.87,0.0005,-10.729316650000001,0.026987629011273384,8630,35,7.511912822723389,-0.6954490542411804,16488,0.4750840961933136,19.26,305873,305974
0.87,0.0005,-10.78136476,0.02650771290063858,8632,35,8.10108757019043,-0.14763444662094116,16492,0.36501914262771606,19.32,305951,306052
0.86,0.0005,-10.951893810000001,0.026492245495319366,8634,35,7.436634063720703,0.08325047045946121,16496,0.3238164484500885,19.21,306024,306125
0.86,0.0005,-10.95064325,0.026176733896136284,8637,35,8.320806503295898,1.1241075992584229,16500,2.3823862075805664,19.23,306114,306215
0.84,0.0005,-11.57434115,0.026704978197813034,8639,35,8.548307418823242,-0.10063616186380386,16504,0.1867661327123642,19.26,306197,306298
0.83,0.0005,-11.859808820000001,0.026511605829000473,8641,35,9.44116497039795,0.45564478635787964,16508,0.4247368574142456,19.22,306272,306373
0.83,0.0005,-11.732566299999998,0.02672034129500389,8642,35,8.48433780670166,-0.21669122576713562,16512,1.0150675773620605,19.11,306340,306441
0.83,0.0005,-11.683827650000001,0.026578189805150032,8645,35,9.90053939819336,0.31828823685646057,16516,0.8627876043319702,19.11,306427,306528
0.83,0.0005,-11.62985235,0.027427442371845245,8647,35,9.059366226196289,0.29069575667381287,16520,0.268280565738678,19.14,306503,306604
0.82,0.0005,-11.946584340000001,0.027263442054390907,8648,35,9.400503158569336,-0.40845340490341187,16524,0.65916907787323,19.09,306577,306678
0.83,0.0005,-11.76619621,0.026055894792079926,8651,35,8.643298149108887,-0.6458780169487,16528,0.1540239006280899,19.22,306676,306777
0.82,0.0005,-12.02850769,0.025562573224306107,8653,35,8.880386352539062,0.026730552315711975,16532,0.5797455906867981,19.19,306751,306852
0.81,0.0005,-12.20967481,0.025889335200190544,8655,35,7.825133323669434,0.8654268980026245,16536,0.43040063977241516,19.04,306818,306919
0.81,0.0005,-12.1514774,0.026478592306375504,8657,35,8.615562438964844,1.2109806537628174,16540,1.3068698644638062,18.94,306894,306995
0.81,0.0005,-12.167941649999998,0.02751810848712921,8659,35,8.904223442077637,0.6670863628387451,16544,2.254908800125122,19.01,306969,307070
0.81,0.0005,-12.127440890000003,0.028042227029800415,8661,35,8.627647399902344,-1.1034513711929321,16548,0.6881361603736877,19.11,307054,307155
0.82,0.0005,-11.940594019999999,0.02772585116326809,8664,35,8.238182067871094,-0.12445322424173355,16552,0.4056030511856079,19.15,307139,307240
0.82,0.0005,-12.020472330000002,0.027732565999031067,8666,35,8.799270629882812,-0.22359904646873474,16556,2.3556036949157715,19.24,307218,307319
0.82,0.0005,-12.153942590000002,0.026798028498888016,8668,35,9.13924789428711,-0.17092344164848328,16560,0.9798436164855957,19.4,307307,307408
0.82,0.0005,-12.262704719999999,0.02623196318745613,8670,35,8.485708236694336,-1.4323627948760986,16564,1.5681248903274536,19.57,307393,307494
0.84,0.0005,-11.815049020000002,0.02552942745387554,8672,35,9.964617729187012,-0.09714290499687195,16568,0.7986090183258057,19.62,307468,307569
0.85,0.0005,-11.527703200000001,0.025343703106045723,8674,35,8.805704116821289,0.5227217078208923,16572,0.9284641742706299,19.7,307543,307644
0.85,0.0005,-11.399001150000002,0.025297479704022408,8676,35,9.53487491607666,-1.2845103740692139,16576,0.6482971906661987,19.55,307612,307713
0.85,0.0005,-11.579433779999999,0.0249958336353302,8678,35,8.845216751098633,-0.775168776512146,16580,3.6306710243225098,19.77,307701,307802
0.84,0.0005,-11.837179620000002,0.024597803130745888,8680,35,9.574251174926758,-0.5581917762756348,16584,1.5005837678909302,19.66,307768,307869
0.84,0.0005,-11.9235206,0.02457326091825962,8682,35,8.172622680664062,-0.6280209422111511,16588,0.2920258045196533,19.78,307851,307952
0.83,0.0005,-12.182788919999998,0.02475864067673683,8684,35,7.89254903793335,0.8085248470306396,16592,0.43481332063674927,19.74,307925,308026
0.84,0.0005,-11.967325019999999,0.024618303403258324,8686,35,8.23560905456543,-0.3396615982055664,16596,0.32757139205932617,19.78,308002,308103
0.84,0.0005,-11.872907779999998,0.024538081139326096,8688,35,9.047065734863281,1.5195609331130981,16600,1.1318894624710083,19.62,308076,308177
0.84,0.0005,-11.70373997,0.025638699531555176,8690,35,9.096067428588867,0.6065053939819336,16604,0.5231220126152039,19.51,308148,308249
0.85,0.0005,-11.405557850000001,0.02651207149028778,8692,35,8.813661575317383,-0.2736551761627197,16608,0.2818623483181,19.51,308223,308324
0.87,0.0005,-10.877578409999998,0.026755139231681824,8694,35,8.732927322387695,0.8774229288101196,16612,1.4919192790985107,19.56,308296,308397
0.87,0.0005,-10.870516490000002,0.02716812863945961,8696,35,8.136445999145508,-0.44406235218048096,16616,0.22832250595092773,19.54,308381,308482
0.86,0.0005,-11.21410559,0.028120681643486023,8697,35,9.15445327758789,1.8157702684402466,16620,0.47013768553733826,19.54,308457,308558
0.86,0.0005,-11.09760471,0.02869320847094059,8699,35,8.338866233825684,0.01908808946609497,16624,0.25065332651138306,19.51,308528,308629
0.86,0.0005,-10.987901220000001,0.028229160234332085,8701,35,8.609024047851562,-0.8701590299606323,16628,0.19878444075584412,19.35,308611,308712
0.87,0.0005,-10.625365190000002,0.02741272747516632,8703,35,8.424492835998535,0.022905513644218445,16632,0.19013716280460358,19.24,308675,308776
0.87,0.0005,-10.639298490000002,0.027269702404737473,8705,35,10.040729522705078,-0.2368801236152649,16636,0.5256468653678894,19.32,308750,308851
0.87,0.0005,-10.595410979999999,0.02734098769724369,8707,35,9.541787147521973,0.04655221104621887,16640,0.906546950340271,19.26,308820,308921
0.87,0.0005,-10.54478146,0.02678283303976059,8709,35,10.076272964477539,0.4751046597957611,16644,1.6742582321166992,19.25,308894,308995
0.87,0.0005,-10.530930150000001,0.026822715997695923,8711,35,8.8142728805542,-0.0014473497867584229,16648,0.7966709136962891,19.19,308973,309074
0.86,0.0005,-10.743443309999998,0.026271702721714973,8713,35,8.922311782836914,-0.08688285201787949,16652,2.420654535293579,19.05,309044,309145
0.85,0.0005,-11.01024764,0.02595808170735836,8714,35,9.268684387207031,0.8794761896133423,16656,1.3075628280639648,18.9,309108,309209
0.85,0.0005,-10.85857184,0.026195233687758446,8716,35,9.548208236694336,0.517582893371582,16660,3.7394838333129883,18.64,309171,309272
0.84,0.0005,-11.117220740000002,0.025753991678357124,8718,35,8.613523483276367,-0.6066294312477112,16664,2.3645641803741455,18.47,309240,309341
0.83,0.0005,-11.365912890000002,0.025670761242508888,8720,35,8.919936180114746,0.32056882977485657,16668,0.6417866945266724,18.34,309302,309403
0.8,0.0005,-12.205013650000001,0.02538992092013359,8722,35,9.223175048828125,1.0263702869415283,16672,0.8240858912467957,18.27,309370,309471
0.79,0.0005,-12.471635899999999,0.025273725390434265,8724,35,8.520158767700195,0.6799778342247009,16676,0.21383029222488403,18.21,309433,309534
0.78,0.0005,-12.60156886,0.02517872303724289,8726,35,7.894108772277832,0.34399011731147766,16680,0.678227424621582,18.04,309505,309606
0.79,0.0005,-12.373293040000004,0.025874080136418343,8728,35,7.618079662322998,0.4254937171936035,16684,0.1663598120212555,18.26,309594,309695
0.8,0.0005,-12.09926871,0.02682384103536606,8731,35,9.749414443969727,0.4911268651485443,16688,1.0468367338180542,18.33,309684,309785
0.8,0.0005,-12.03646961,0.027109993621706963,8733,35,8.666116714477539,-0.0051972270011901855,16692,0.332654744386673,18.21,309746,309847
0.8,0.0005,-12.047595129999998,0.027347613126039505,8735,35,9.331243515014648,-0.8123166561126709,16696,1.4851715564727783,18.27,309829,309930
0.8,0.0005,-12.068630839999999,0.027790039777755737,8755,35,9.07137680053711,-0.3437923192977905,16700,0.9619361162185669,18.38,309914,310015
0.81,0.0005,-11.859536499999997,0.027662403881549835,8756,35,8.880775451660156,0.5233573317527771,16704,0.16661439836025238,18.34,309982,310083
0.81,0.0005,-11.934142,0.02757851406931877,8759,35,8.154375076293945,0.7790423631668091,16708,1.025162935256958,18.49,310072,310173
0.8,0.0005,-12.22063366,0.027334092184901237,8761,35,9.212921142578125,0.22267167270183563,16712,1.9897289276123047,18.52,310148,310249
0.79,0.0005,-12.46458931,0.027869287878274918,8763,35,8.188180923461914,0.07281988859176636,16716,2.0480377674102783,18.47,310228,310329
0.78,0.0005,-12.733475780000001,0.029087571427226067,8766,35,10.183913230895996,-0.6096634268760681,16720,0.5569024085998535,18.62,310319,310420
0.78,0.0005,-12.8233672,0.029225604608654976,8768,35,9.865583419799805,0.5412290692329407,16724,0.6009881496429443,18.83,310411,310512
0.78,0.0005,-12.81016683,0.028637638315558434,8770,35,9.324886322021484,-0.7683764696121216,16728,1.4710540771484375,18.79,310490,310591
0.78,0.0005,-12.916074170000002,0.028347818180918694,8773,35,8.189741134643555,-0.5320627689361572,16732,0.5767946243286133,18.96,310571,310672
0.79,0.0005,-12.682302860000002,0.028220487758517265,8775,35,8.085358619689941,-1.2863103151321411,16736,0.7959107160568237,19.0,310650,310751
0.79,0.0005,-12.71845571,0.027667434886097908,8777,35,9.15182113647461,-0.23718039691448212,16740,1.555106282234192,19.15,310735,310836
0.8,0.0005,-12.583939019999997,0.027946513146162033,8780,35,8.830477714538574,-0.7086355686187744,16744,0.3562038838863373,19.33,310827,310928
0.8,0.0005,-12.65947052,0.02717486023902893,8782,35,9.172659873962402,-0.5659192800521851,16748,1.334714651107788,19.44,310917,311018
0.81,0.0005,-12.51541895,0.026693450286984444,8784,35,7.734549045562744,-0.2125397026538849,16752,2.0492441654205322,19.62,311006,311107
0.81,0.0005,-12.481641869999999,0.026739733293652534,8786,35,8.117603302001953,-0.5058978199958801,16756,4.070427417755127,19.67,311075,311176
0.8,0.0005,-12.86030032,0.02676890417933464,8788,35,8.751572608947754,-0.6290508508682251,16760,1.2708722352981567,19.83,311154,311255
0.81,0.0005,-12.629513430000001,0.02690412476658821,8791,35,7.298983573913574,-0.6394957304000854,16764,0.28642433881759644,20.04,311244,311345
0.82,0.0005,-12.473706200000004,0.026794886216521263,8793,35,7.781661510467529,-0.3786013126373291,16768,1.746891736984253,20.29,311331,311432
0.85,0.0005,-11.63063212,0.026857519522309303,8795,35,7.8167524337768555,0.028696969151496887,16772,1.50397527217865,20.35,311405,311506
0.85,0.0005,-11.652224390000004,0.027167974039912224,8797,35,7.997033596038818,-0.14938855171203613,16776,1.4123921394348145,20.38,311471,311572
0.86,0.0005,-11.46559426,0.026675350964069366,8800,35,7.69138240814209,-0.3585394620895386,16780,1.0070079565048218,20.53,311558,311659
0.86,0.0005,-11.40384457,0.026631154119968414,8802,35,8.791707992553711,-0.014591023325920105,16784,0.24542023241519928,20.46,311640,311741
0.86,0.0005,-11.3225665,0.026783697307109833,8804,35,7.234495162963867,-0.36631858348846436,16788,0.3815496563911438,20.29,311713,311814
0.87,0.0005,-11.12080011,0.026721039786934853,8806,35,7.619734764099121,0.20006078481674194,16792,0.6097827553749084,20.45,311791,311892
0.86,0.0005,-11.371126669999999,0.026831286028027534,8808,35,8.039390563964844,0.0748911052942276,16796,0.22627902030944824,20.44,311873,311974
0.86,0.0005,-11.45262429,0.026767849922180176,8811,35,8.198589324951172,0.8029490113258362,16800,0.13985055685043335,20.51,311965,312066
0.87,0.0005,-11.201794210000001,0.026915565133094788,8813,35,7.397219657897949,-1.0267226696014404,16804,1.037614345550537,20.59,312041,312142
0.86,0.0005,-11.441569470000001,0.027289696037769318,8815,35,9.105304718017578,-0.07939378917217255,16808,1.05483078956604,20.53,312125,312226
0.86,0.0005,-11.473877159999999,0.027683226391673088,8817,35,8.635753631591797,-0.0771346390247345,16812,1.139181137084961,20.54,312202,312303
0.86,0.0005,-11.541917890000002,0.027657266706228256,8819,35,9.405978202819824,0.024588510394096375,16816,0.1296151578426361,20.55,312283,312384
0.88,0.0005,-11.118039250000002,0.027429215610027313,8822,35,8.603168487548828,-0.4470655024051666,16820,0.9355297684669495,20.61,312380,312481
0.89,0.0005,-10.82201352,0.026551544666290283,8824,35,7.623908042907715,-0.3044399917125702,16824,1.4648112058639526,20.47,312458,312559
0.89,0.0005,-10.77132285,0.026126248762011528,8826,35,9.406177520751953,0.013812117278575897,16828,0.5060628652572632,20.39,312529,312630
0.89,0.0005,-10.712123340000003,0.026091819629073143,8828,35,8.445042610168457,0.37921684980392456,16832,0.2724786400794983,20.29,312600,312701
0.89,0.0005,-10.744122999999997,0.026221588253974915,8830,35,8.56888198852539,0.4339532256126404,16836,0.5905275344848633,20.3,312680,312781
0.87,0.0005,-11.26385388,0.026150628924369812,8832,35,8.91242504119873,1.3514344692230225,16840,2.298945426940918,20.27,312762,312863
0.86,0.0005,-11.3375972,0.02643890120089054,8834,35,10.489595413208008,0.3256182372570038,16844,1.280066728591919,20.08,312835,312936
0.87,0.0005,-10.98535563,0.026855982840061188,8836,35,7.82401180267334,-0.27157866954803467,16848,0.8653785586357117,19.92,312909,313010
0.87,0.0005,-10.896330730000003,0.02685583010315895,8838,35,7.324328422546387,-0.16158699989318848,16852,0.3202180862426758,19.8,312986,313087
0.89,0.0005,-10.386655340000003,0.027252472937107086,8841,35,9.905052185058594,0.4056017994880676,16856,0.8668399453163147,19.99,313074,313175
0.9,0.0005,-10.078976729999999,0.02832150273025036,8843,35,8.215270042419434,-0.20193053781986237,16860,0.9420076012611389,20.0,313154,313255
0.91,0.0005,-9.73859012,0.027911633253097534,8844,35,7.927352428436279,-0.13879552483558655,16864,0.35220539569854736,19.83,313227,313328
0.88,0.0005,-10.51421807,0.027231648564338684,8846,35,8.21000862121582,-0.47743216156959534,16868,1.3244647979736328,19.6,313291,313392
0.87,0.0005,-10.75042159,0.026596687734127045,8848,35,7.705295562744141,-0.3863205909729004,16872,0.22444337606430054,19.48,313353,313454
0.88,0.0005,-10.437369760000001,0.026362109929323196,8850,35,8.227028846740723,1.011512279510498,16876,1.3068137168884277,19.43,313414,313515
0.87,0.0005,-10.657997209999998,0.02596941590309143,8852,35,8.87828540802002,1.250002384185791,16880,0.42314136028289795,19.29,313487,313588
0.88,0.0005,-10.393330769999999,0.026297489181160927,8854,35,7.909908294677734,-0.012013167142868042,16884,0.2198604792356491,19.25,313565,313666
0.88,0.0005,-10.40632997,0.02597096934914589,8856,35,8.169717788696289,-0.05891731381416321,16888,1.1082079410552979,19.29,313642,313743
0.88,0.0005,-10.45354317,0.025644823908805847,8858,35,9.529753684997559,-0.7081331014633179,16892,0.6830688714981079,19.37,313728,313829
0.88,0.0005,-10.450874549999998,0.02538757398724556,8860,35,8.271736145019531,0.6900664567947388,16896,1.9150738716125488,19.28,313801,313902
0.88,0.0005,-10.376294269999999,0.02577150985598564,8863,35,8.49778938293457,0.38723862171173096,16900,0.41384053230285645,19.11,313876,313977
0.87,0.0005,-10.671597910000001,0.025947075337171555,8865,35,8.961943626403809,-0.3196486234664917,16904,2.099971294403076,19.15,313956,314057
0.87,0.0005,-10.610940509999999,0.026245350018143654,8867,35,8.28203296661377,0.025565683841705322,16908,0.23735803365707397,18.99,314024,314125
0.87,0.0005,-10.620245439999998,0.02602255716919899,8869,35,8.369156837463379,-0.2887246012687683,16912,0.35219043493270874,19.0,314102,314203
0.87,0.0005,-10.561104959999998,0.025909926742315292,8871,35,9.776082992553711,0.8632788062095642,16916,1.0278786420822144,18.98,314181,314282
0.87,0.0005,-10.3958307,0.02573922462761402,8873,35,8.86814022064209,-0.4836459755897522,16920,3.6254522800445557,18.72,314252,314353
0.87,0.0005,-10.505010120000001,0.024930709972977638,8875,35,7.149053573608398,-0.25143536925315857,16924,1.0405423641204834,18.82,314340,314441
0.87,0.0005,-10.517683900000002,0.024244317784905434,8878,35,8.38749885559082,-0.9121204614639282,16928,0.5687487125396729,18.86,314415,314516
0.86,0.0005,-10.886548829999999,0.024300532415509224,8880,35,10.630645751953125,0.3514196276664734,16932,0.4789467751979828,18.95,314495,314596
0.86,0.0005,-10.86978918,0.024992777034640312,8882,35,7.77158260345459,0.5293041467666626,16936,1.4384005069732666,19.0,314580,314681
0.86,0.0005,-10.924185670000002,0.025122154504060745,8884,35,8.459752082824707,0.23210743069648743,16940,0.2312309294939041,18.87,314649,314750
0.87,0.0005,-10.768206909999998,0.02534533478319645,8886,35,9.636619567871094,0.2898803949356079,16944,0.7274277806282043,18.9,314725,314826
0.86,0.0005,-11.093722130000002,0.02575008198618889,8888,35,7.929433822631836,0.07289323210716248,16948,0.7385656237602234,18.89,314798,314899
0.85,0.0005,-11.269154499999999,0.026784302666783333,8889,35,8.51496696472168,-0.8625233769416809,16952,2.1122756004333496,18.82,314868,314969
0.85,0.0005,-11.167373080000003,0.02707391232252121,8891,35,7.036530017852783,-0.15519821643829346,16956,1.1738685369491577,18.68,314942,315043
0.85,0.0005,-11.138481879999999,0.026836320757865906,8893,35,8.927031517028809,0.012997075915336609,16960,1.374204397201538,18.59,315013,315114
0.84,0.0005,-11.359257890000002,0.026578102260828018,8895,35,7.361545085906982,0.06257511675357819,16964,1.0438443422317505,18.53,315080,315181
0.86,0.0005,-10.75212086,0.026745406910777092,8896,35,7.654282569885254,0.6146263480186462,16968,0.5270665884017944,18.63,315154,315255
0.87,0.0005,-10.574828850000001,0.02699221298098564,8898,35,8.004594802856445,-0.5204524397850037,16972,0.6267818212509155,18.88,315241,315342
0.87,0.0005,-10.661232649999999,0.02699115499854088,8901,35,7.957324981689453,-0.38219574093818665,16976,0.5915176868438721,19.08,315322,315423
0.86,0.0005,-11.013723460000001,0.027879437431693077,8903,35,8.935214042663574,1.2877428531646729,16980,2.074105739593506,19.1,315397,315498
0.83,0.0005,-11.750163150000002,0.02910449542105198,8905,35,9.092527389526367,0.7481423616409302,16984,1.135871171951294,19.05,315470,315571
0.81,0.0005,-12.23949662,0.028324225917458534,8907,35,7.982625484466553,-0.059998705983161926,16988,0.8122104406356812,19.03,315545,315646
0.8,0.0005,-12.495428029999998,0.02774933911859989,8909,35,11.957765579223633,0.957768440246582,16992,6.0382890701293945,18.94,315622,315723
0.8,0.0005,-12.453968859999998,0.0289201308041811,8911,35,10.900558471679688,0.5996390581130981,16996,0.26222383975982666,18.78,315679,315780
0.79,0.0005,-12.756333340000001,0.02960013970732689,8913,35,9.576299667358398,0.14801067113876343,17000,0.4988323748111725,18.78,315754,315855
0.8,0.0005,-12.453300139999996,0.02894086390733719,8915,35,8.659748077392578,-1.156477689743042,17004,0.28420931100845337,18.72,315828,315929
0.8,0.0005,-12.457776849999998,0.027907993644475937,8916,35,8.071489334106445,-1.1478928327560425,17008,0.9999788999557495,18.73,315897,315998
0.81,0.0005,-12.188878930000003,0.02695322223007679,8918,35,8.194416999816895,0.4172949194908142,17012,1.5047221183776855,18.8,315982,316083
0.81,0.0005,-12.284814740000002,0.02668902277946472,8921,35,9.070016860961914,-0.22835992276668549,17016,0.502922534942627,18.9,316071,316172
0.81,0.0005,-12.32468342,0.026564329862594604,8923,35,8.407062530517578,-0.02181018888950348,17020,0.9635047912597656,18.95,316147,316248
0.79,0.0005,-12.821957099999999,0.026403214782476425,8925,35,9.868950843811035,0.5054683089256287,17024,2.767171621322632,18.83,316223,316324
0.78,0.0005,-13.084139900000002,0.026126809418201447,8926,35,8.078788757324219,1.9370648860931396,17028,2.007248640060425,18.75,316290,316391
0.78,0.0005,-13.057510019999997,0.02772296965122223,8929,35,9.879762649536133,1.8226436376571655,17032,1.0846214294433594,18.95,316390,316491
0.77,0.0005,-13.298142559999999,0.029666807502508163,8931,35,9.766132354736328,1.3400530815124512,17036,0.7931640148162842,18.88,316468,316569
0.77,0.0005,-13.293322889999999,0.03016403317451477,8933,35,9.067328453063965,-0.5244250893592834,17040,0.13240626454353333,18.89,316538,316639
0.76,0.0005,-13.523008829999998,0.030025487765669823,8934,35,9.083395004272461,-0.7651712894439697,17044,0.7364370226860046,18.84,316609,316710
0.77,0.0005,-13.27381486,0.029536567628383636,8936,35,9.049400329589844,-0.26819729804992676,17048,2.5174593925476074,18.92,316690,316791
0.78,0.0005,-13.130806479999999,0.029164545238018036,8938,35,7.8375749588012695,-0.6674816608428955,17052,0.672048807144165,19.0,316768,316869
0.77,0.0005,-13.526119689999998,0.028639061376452446,8941,35,9.25375747680664,-0.20596271753311157,17056,0.5370550751686096,19.11,316853,316954
0.77,0.0005,-13.56695719,0.0285174660384655,8943,35,8.107386589050293,0.5621812343597412,17060,1.1460893154144287,19.14,316927,317028
0.78,0.0005,-13.310685509999999,0.02801835723221302,8944,35,9.006399154663086,-0.06840324401855469,17064,2.4529647827148438,19.16,316996,317097
0.77,0.0005,-13.653913009999998,0.02766266092658043,8947,35,8.478202819824219,-0.20632296800613403,17068,0.2775118350982666,19.24,317078,317179
0.76,0.0005,-13.772452170000001,0.02770211547613144,8949,35,8.501605987548828,-0.178289994597435,17072,0.24398517608642578,19.15,317156,317257
0.75,0.0005,-14.080352,0.02806212566792965,8951,35,8.021551132202148,0.06690824031829834,17076,0.47170719504356384,19.17,317239,317340
0.76,0.0005,-13.717510739999998,0.028112933039665222,8953,35,9.426218032836914,-0.7079137563705444,17080,0.3264770209789276,19.19,317316,317417
0.78,0.0005,-13.324819590000002,0.02819419838488102,8955,35,7.613261699676514,-0.14991417527198792,17084,0.6357535719871521,19.32,317402,317503
0.79,0.0005,-13.11310372,0.028305957093834877,8958,35,9.18431282043457,-0.673763632774353,17088,0.9640051126480103,19.36,317481,317582
0.79,0.0005,-13.093368529999998,0.027992205694317818,8960,35,8.398053169250488,-0.1906043291091919,17092,1.959824562072754,19.37,317559,317660
0.8,0.0005,-12.836182619999999,0.028126737102866173,8962,35,8.63359260559082,0.5213456153869629,17096,2.3781635761260986,19.55,317634,317735
0.8,0.0005,-12.822126559999997,0.02805858664214611,8964,35,8.916616439819336,-0.6113147735595703,17100,0.7220854163169861,19.55,317709,317810
0.8,0.0005,-12.78205692,0.0276563111692667,8966,35,8.2184476852417,-1.051863670349121,17104,0.9209372997283936,19.51,317779,317880
0.8,0.0005,-12.80882889,0.027131523936986923,8968,35,8.281030654907227,-0.053784847259521484,17108,0.17267337441444397,19.58,317855,317956
0.79,0.0005,-13.000214020000003,0.02804688736796379,8970,35,8.327974319458008,0.01707705855369568,17112,0.48283183574676514,19.56,317938,318039
0.8,0.0005,-12.57658593,0.027565479278564453,8972,35,8.128091812133789,-0.27686014771461487,17116,1.4800437688827515,19.37,318008,318109
0.8,0.0005,-12.650458110000002,0.027201781049370766,8974,35,7.83119010925293,-0.35696348547935486,17120,0.5592985153198242,19.51,318098,318199
0.82,0.0005,-12.129171720000002,0.026822183281183243,8976,35,8.016047477722168,-0.8136889338493347,17124,0.4148730933666229,19.62,318185,318286
0.82,0.0005,-12.171502469999998,0.026447247713804245,8978,35,9.048168182373047,-0.0937371551990509,17128,1.1600397825241089,19.67,318257,318358
0.82,0.0005,-12.174576920000002,0.026570232585072517,8980,35,8.939513206481934,-0.441547691822052,17132,0.7445673942565918,19.4,318330,318431
0.82,0.0005,-12.183393950000003,0.026377752423286438,8982,35,8.705146789550781,0.42479631304740906,17136,1.9337235689163208,19.36,318404,318505
0.84,0.0005,-11.59437302,0.026467610150575638,8984,35,9.505597114562988,0.2803669571876526,17140,1.8094406127929688,19.4,318478,318579
0.85,0.0005,-11.440862710000001,0.02688853070139885,8986,35,7.805644512176514,-0.6427503824234009,17144,0.17403653264045715,19.6,318569,318670
0.85,0.0005,-11.385050780000002,0.02692955918610096,8988,35,7.375984191894531,-0.5666439533233643,17148,0.35117679834365845,19.48,318638,318739
0.84,0.0005,-11.656391640000002,0.02679762803018093,8990,35,7.058862686157227,0.8514491319656372,17152,1.357694149017334,19.49,318717,318818
0.85,0.0005,-11.296708539999997,0.027352992445230484,8992,35,7.858428001403809,-0.6626476049423218,17156,1.011444330215454,19.42,318795,318896
0.84,0.0005,-11.58838963,0.027437036857008934,8994,35,8.548633575439453,-0.016348347067832947,17160,0.4596744179725647,19.42,318869,318970
0.84,0.0005,-11.71377631,0.027048496529459953,8997,35,8.598458290100098,-0.19720230996608734,17164,2.8896961212158203,19.67,318963,319064
0.86,0.0005,-11.197714119999999,0.026683205738663673,8999,35,8.7953519821167,0.08115531504154205,17168,0.3350059986114502,19.71,319049,319150
0.86,0.0005,-11.319379749999998,0.026228392496705055,9001,35,8.157843589782715,-0.059131741523742676,17172,1.6576545238494873,19.66,319122,319223
0.87,0.0005,-11.016351789999996,0.02551034279167652,9003,35,8.296144485473633,-0.24038587510585785,17176,1.3127031326293945,19.64,319203,319304
0.87,0.0005,-11.050213330000002,0.0252159982919693,9005,35,7.092314720153809,-0.12805789709091187,17180,0.4097403883934021,19.65,319281,319382
0.88,0.0005,-10.716753030000001,0.024692127481102943,9007,35,8.067553520202637,-0.021369189023971558,17184,0.9763386249542236,19.61,319363,319464
0.89,0.0005,-10.472688689999998,0.024323545396327972,9009,35,8.352527618408203,0.13400103151798248,17188,0.19851279258728027,19.62,319443,319544
0.9,0.0005,-10.19466768,0.024132531136274338,9012,35,7.680451393127441,0.4528619050979614,17192,0.4197741150856018,19.64,319523,319624
0.9,0.0005,-10.198711,0.024118997156620026,9014,35,8.01548957824707,0.07850232720375061,17196,2.2853236198425293,19.65,319599,319700
0.9,0.0005,-10.28080082,0.025015847757458687,9016,35,8.812482833862305,1.135486364364624,17200,1.4097974300384521,19.77,319686,319787
0.89,0.0005,-10.698031039999998,0.026924382895231247,9018,35,9.784808158874512,-0.16461041569709778,17204,1.883283019065857,19.99,319778,319879
0.9,0.0005,-10.423651249999999,0.0268766600638628,9020,35,8.278362274169922,-0.5750284194946289,17208,1.2922325134277344,20.03,319858,319959
0.9,0.0005,-10.531298999999999,0.026242811232805252,9040,35,9.15611457824707,-0.44455498456954956,17212,0.40717074275016785,20.05,319943,320044
0.9,0.0005,-10.68933202,0.026305289939045906,9043,35,8.888715744018555,-0.13544458150863647,17216,0.5048326253890991,20.3,320038,320139
0.89,0.0005,-10.86216556,0.026064449921250343,9045,35,9.290281295776367,0.3416726589202881,17220,1.6298646926879883,20.13,320111,320212
0.89,0.0005,-10.76770956,0.026378538459539413,9047,35,8.298040390014648,-0.1280207633972168,17224,0.4140663743019104,20.03,320188,320289
0.9,0.0005,-10.405247140000002,0.026692310348153114,9048,35,7.861420154571533,-0.8122137784957886,17228,0.3745283782482147,19.96,320253,320354
0.91,0.0005,-10.10256861,0.02594621479511261,9050,35,7.4803056716918945,-0.730882465839386,17232,0.8978596925735474,19.98,320328,320429
0.92,0.0005,-9.812553829999999,0.025231171399354935,9052,35,8.791458129882812,-0.29769206047058105,17236,0.20283718407154083,20.05,320409,320510
0.91,0.0005,-10.10659972,0.024859823286533356,9054,35,9.224895477294922,0.5577906370162964,17240,1.5727144479751587,20.04,320482,320583
0.91,0.0005,-10.021261189999999,0.02565414272248745,9056,35,8.461833953857422,-0.1523413062095642,17244,1.3562867641448975,19.95,320564,320665
0.91,0.0005,-10.061293500000001,0.0258273184299469,9058,35,7.539905548095703,-0.583631157875061,17248,0.9765004515647888,20.0,320638,320739
0.91,0.0005,-9.960563760000003,0.02594304084777832,9060,35,8.288951873779297,-0.2726747393608093,17252,0.46457237005233765,19.83,320700,320801
0.91,0.0005,-9.97572746,0.02621152065694332,9062,35,8.426824569702148,-0.19111000001430511,17256,0.8454029560089111,19.86,320781,320882
0.92,0.0005,-9.659888470000002,0.02590164542198181,9064,35,8.670536041259766,0.11548967659473419,17260,0.7518770098686218,19.9,320859,320960
0.92,0.0005,-9.597660780000002,0.025580095127224922,9066,35,8.696756362915039,-0.9162742495536804,17264,0.5457849502563477,19.79,320942,321043
0.91,0.0005,-9.792007669999998,0.025017185136675835,9068,35,7.7991509437561035,-0.37536370754241943,17268,0.6740832328796387,19.62,321011,321112
0.92,0.0005,-9.46343689,0.024554584175348282,9070,35,8.24677848815918,-0.7347242832183838,17272,0.1162860244512558,19.55,321077,321178
0.92,0.0005,-9.565971889999998,0.02428220957517624,9072,35,8.601480484008789,0.49547648429870605,17276,1.2475454807281494,19.63,321166,321267
0.92,0.0005,-9.49172746,0.0248899906873703,9074,35,8.40931510925293,-0.024697475135326385,17280,1.6222827434539795,19.52,321233,321334
0.91,0.0005,-9.73516489,0.025253131985664368,9076,35,8.977982521057129,-0.7556023597717285,17284,1.7580533027648926,19.45,321308,321409
0.89,0.0005,-10.190829749999999,0.02526073157787323,9077,35,9.366867065429688,-0.8553451299667358,17288,1.32132887840271,19.31,321374,321475
0.87,0.0005,-10.588241049999999,0.02593211457133293,9080,35,9.816372871398926,-1.0869630575180054,17292,1.279031753540039,19.32,321455,321556
0.87,0.0005,-10.65885497,0.02531898394227028,9082,35,8.220439910888672,-0.5689437389373779,17296,0.5539073944091797,19.36,321535,321636
0.88,0.0005,-10.215129189999999,0.02553463913500309,9084,35,8.651932716369629,-0.13571661710739136,17300,0.441192090511322,19.17,321603,321704
0.89,0.0005,-9.85797668,0.025402847677469254,9086,35,9.005693435668945,-0.2841591238975525,17304,2.713034152984619,19.07,321685,321786
0.86,0.0005,-10.678098030000001,0.025110989809036255,9088,35,9.353426933288574,-0.2197374850511551,17308,2.0238170623779297,18.94,321752,321853
0.86,0.0005,-10.606116909999999,0.02515343762934208,9090,35,8.768318176269531,0.34235626459121704,17312,0.251522421836853,18.83,321826,321927
0.86,0.0005,-10.522760619999996,0.02560906857252121,9092,35,8.05471420288086,0.5702290534973145,17316,1.1393580436706543,18.73,321911,322012
0.87,0.0005,-10.27623767,0.026261987164616585,9094,35,9.161044120788574,-0.9272342324256897,17320,0.3158113956451416,18.77,321988,322089
0.87,0.0005,-10.32197265,0.026224792003631592,9096,35,7.877358436584473,0.11562618613243103,17324,0.40449923276901245,18.8,322068,322169
0.87,0.0005,-10.417334349999997,0.02641230821609497,9098,35,10.547463417053223,0.7031600475311279,17328,1.155416488647461,18.93,322146,322247
0.86,0.0005,-10.693776459999999,0.028790192678570747,9101,35,9.597597122192383,0.34467554092407227,17332,1.4084033966064453,19.08,322236,322337
0.86,0.0005,-10.80412618,0.029870837926864624,9103,35,8.408199310302734,1.6158835887908936,17336,2.9357049465179443,19.15,322324,322425
0.86,0.0005,-10.801095859999998,0.029992010444402695,9105,35,9.274508476257324,-0.17511087656021118,17340,1.280591368675232,19.15,322397,322498
0.85,0.0005,-11.121416199999999,0.02966487593948841,9107,35,9.234338760375977,-0.47756436467170715,17344,1.218051791191101,19.14,322478,322579
0.84,0.0005,-11.398518909999998,0.029370367527008057,9110,35,9.344091415405273,-0.13628755509853363,17348,1.9595268964767456,19.2,322558,322659
0.85,0.0005,-11.23082788,0.029476327821612358,9112,35,8.903599739074707,-0.47104501724243164,17352,0.9915952682495117,19.39,322639,322740
0.85,0.0005,-11.257377739999997,0.029210789129137993,9114,35,7.700500965118408,-0.23439505696296692,17356,0.27589187026023865,19.38,322719,322820
0.84,0.0005,-11.56762483,0.028217939659953117,9116,35,8.488997459411621,0.200800821185112,17360,1.8208224773406982,19.38,322797,322898
0.84,0.0005,-11.476400600000002,0.027837784960865974,9118,35,7.929011344909668,-1.3122568130493164,17364,0.5215190052986145,19.27,322869,322970
0.84,0.0005,-11.47650001,0.027898626402020454,9120,35,8.960981369018555,0.12671630084514618,17368,1.949981451034546,19.29,322940,323041
0.84,0.0005,-11.50202122,0.02777552604675293,9121,35,8.333433151245117,-0.4062737822532654,17372,0.3532630503177643,19.38,323015,323116
0.84,0.0005,-11.432820490000005,0.02788678929209709,9124,35,7.825816631317139,0.01264345645904541,17376,0.42946377396583557,19.31,323097,323198
0.85,0.0005,-11.346201380000002,0.02781388908624649,9126,35,8.400186538696289,-0.6341121196746826,17380,1.603991985321045,19.61,323194,323295
0.84,0.0005,-11.521920889999997,0.02794707752764225,9128,35,9.833564758300781,1.1772675514221191,17384,0.19875064492225647,19.69,323277,323378
0.86,0.0005,-11.024090090000001,0.02818221040070057,9130,35,8.511892318725586,-0.740102231502533,17388,2.1870646476745605,19.79,323353,323454
0.86,0.0005,-11.033274429999999,0.027925245463848114,9132,35,8.033493041992188,-0.3839416801929474,17392,0.35260826349258423,19.67,323422,323523
0.85,0.0005,-11.218488980000002,0.027843056246638298,9134,35,8.860280990600586,0.5117875933647156,17396,0.4586424231529236,19.6,323495,323596
0.84,0.0005,-11.550230850000002,0.027765614911913872,9136,35,8.892173767089844,0.3549822270870209,17400,1.0191476345062256,19.7,323573,323674
0.83,0.0005,-11.755290660000004,0.027774320915341377,9138,35,9.805768966674805,-0.6304253339767456,17404,0.4512004852294922,19.59,323644,323745
0.84,0.0005,-11.494291010000005,0.027254024520516396,9140,35,7.065252304077148,-0.49982041120529175,17408,0.2732376456260681,19.73,323725,323826
0.84,0.0005,-11.507731000000001,0.02649921365082264,9142,35,8.001083374023438,-1.1129465103149414,17412,0.6084539294242859,19.81,323807,323908
0.84,0.0005,-11.52756686,0.02613738365471363,9144,35,9.501619338989258,0.11678731441497803,17416,0.9008052349090576,19.79,323890,323991
0.82,0.0005,-11.969345100000004,0.027025839313864708,9146,35,9.638542175292969,0.92393958568573,17420,1.5812273025512695,19.8,323968,324069
0.82,0.0005,-11.91082656,0.02764292061328888,9148,35,8.630976676940918,0.5209934711456299,17424,0.5775123834609985,19.7,324038,324139
0.82,0.0005,-11.95436199,0.027602044865489006,9151,35,8.144198417663574,-0.40772825479507446,17428,0.7277488708496094,19.74,324120,324221
0.83,0.0005,-11.597646810000004,0.027379261329770088,9152,35,8.86729907989502,0.3577550947666168,17432,1.363060474395752,19.52,324188,324289
0.81,0.0005,-12.112544219999997,0.02745012380182743,9155,35,9.249198913574219,0.35787439346313477,17436,0.6600680947303772,19.44,324268,324369
0.82,0.0005,-11.897581820000003,0.027594055980443954,9157,35,8.268783569335938,-0.6410639882087708,17440,0.9393206834793091,19.53,324350,324451
0.83,0.0005,-11.610670390000003,0.026797184720635414,9159,35,8.166592597961426,0.027511581778526306,17444,0.25074684619903564,19.54,324432,324533
0.83,0.0005,-11.586091099999999,0.02642625942826271,9161,35,8.713164329528809,0.5230695605278015,17448,1.1012635231018066,19.58,324516,324617
0.81,0.0005,-12.120208350000002,0.026958312839269638,9164,35,7.394200325012207,0.7962449789047241,17452,1.2491462230682373,19.48,324587,324688
0.81,0.0005,-12.117124440000003,0.02676449343562126,9166,35,7.557135105133057,-0.37326711416244507,17456,2.280515432357788,19.48,324667,324768
0.82,0.0005,-11.835056110000005,0.025726959109306335,9168,35,8.264302253723145,-0.14925548434257507,17460,0.9420408010482788,19.45,324742,324843
0.81,0.0005,-12.18351298,0.025550521910190582,9170,35,8.730167388916016,0.9628479480743408,17464,0.7113689184188843,19.58,324827,324928
0.81,0.0005,-12.167748390000002,0.026052366942167282,9172,35,9.601005554199219,-0.05931004881858826,17468,0.2099025547504425,19.64,324904,325005
0.8,0.0005,-12.478773219999999,0.026425037533044815,9174,35,7.317063808441162,0.24626517295837402,17472,3.240790843963623,19.78,324993,325094
0.79,0.0005,-12.67231784,0.02601812034845352,9176,35,8.820698738098145,0.47265416383743286,17476,1.2205910682678223,19.73,325070,325171
0.79,0.0005,-12.47556531,0.0259469635784626,9178,35,7.99955415725708,-0.4964722692966461,17480,0.2079504430294037,19.46,325140,325241
0.8,0.0005,-12.35483398,0.025810986757278442,9180,35,8.398530960083008,0.8058786392211914,17484,0.22789323329925537,19.52,325229,325330
0.79,0.0005,-12.573556559999997,0.026218527927994728,9182,35,8.901937484741211,0.9489198923110962,17488,0.5522580742835999,19.58,325311,325412
0.81,0.0005,-12.224371589999999,0.0270673967897892,9184,35,8.41565227508545,-0.24323758482933044,17492,1.4864099025726318,19.76,325398,325499
0.81,0.0005,-12.242087459999999,0.02735269069671631,9187,35,8.484560012817383,1.2137017250061035,17496,0.7253865003585815,19.81,325476,325577
0.81,0.0005,-12.249915860000002,0.028597356751561165,9189,35,8.45948314666748,0.8676952123641968,17500,1.2597520351409912,19.86,325559,325660
0.81,0.0005,-12.2951059,0.028914490714669228,9191,35,8.782044410705566,0.9725998640060425,17504,0.25042903423309326,19.95,325639,325740
0.82,0.0005,-11.958994230000004,0.028644045814871788,9194,35,7.914812088012695,-0.8217300176620483,17508,0.1445077359676361,19.9,325715,325816
0.83,0.0005,-11.604638569999999,0.027972962707281113,9195,35,7.4824748039245605,-0.07690516114234924,17512,0.5257413387298584,19.74,325781,325882
0.83,0.0005,-11.598003519999997,0.028024230152368546,9198,35,8.184171676635742,-0.39055874943733215,17516,0.417511522769928,19.81,325871,325972
0.84,0.0005,-11.401062239999998,0.027801107615232468,9200,35,9.492646217346191,0.21079236268997192,17520,0.7858941555023193,19.81,325949,326050
0.83,0.0005,-11.627073170000001,0.02728358656167984,9202,35,8.663863182067871,-0.783045768737793,17524,0.36728164553642273,19.74,326012,326113
0.82,0.0005,-11.73721935,0.02743280492722988,9204,35,7.995854377746582,1.053916573524475,17528,0.882112979888916,19.59,326079,326180
0.8,0.0005,-12.33617811,0.027654213830828667,9206,35,7.940827369689941,0.19770123064517975,17532,1.2214429378509521,19.73,326161,326262
0.82,0.0005,-11.67349291,0.0274917334318161,9208,35,7.509017467498779,-0.3060612082481384,17536,0.8261439800262451,19.59,326227,326328
0.82,0.0005,-11.60766752,0.027043486014008522,9210,35,8.668231964111328,-0.010825343430042267,17540,3.0024569034576416,19.58,326308,326409
0.82,0.0005,-11.59055255,0.026615532115101814,9212,35,9.427555084228516,0.746282160282135,17544,0.40919214487075806,19.53,326385,326486
0.82,0.0005,-11.57093386,0.026895519345998764,9214,35,8.124340057373047,0.06500732898712158,17548,0.2960636019706726,19.41,326457,326558
0.84,0.0005,-10.95184932,0.028283966705203056,9216,35,10.583486557006836,-0.7692700028419495,17552,1.7114769220352173,19.4,326527,326628
0.84,0.0005,-11.010162950000003,0.028923995792865753,9219,35,9.162087440490723,0.26604893803596497,17556,2.769084930419922,19.47,326614,326715
0.83,0.0005,-11.183008970000001,0.027755718678236008,9221,35,7.9878339767456055,-1.449256181716919,17560,0.21637089550495148,19.5,326692,326793
0.82,0.0005,-11.332544069999999,0.027301209047436714,9223,35,7.694456577301025,-0.3391549587249756,17564,0.34980645775794983,19.56,326783,326884
0.82,0.0005,-11.374256710000003,0.027292786166071892,9226,35,8.206367492675781,-0.5687321424484253,17568,0.36161428689956665,19.57,326861,326962
0.83,0.0005,-11.06178353,0.027268031612038612,9228,35,8.425287246704102,-0.1752258539199829,17572,0.40552568435668945,19.42,326935,327036
0.84,0.0005,-10.880076389999997,0.027546577155590057,9230,35,8.128995895385742,-0.19359725713729858,17576,1.7953771352767944,19.43,327013,327114
0.84,0.0005,-11.001619269999999,0.027531102299690247,9232,35,8.415688514709473,-0.6945703029632568,17580,0.27962684631347656,19.56,327096,327197
0.85,0.0005,-10.625315499999997,0.027644772082567215,9233,35,7.420974254608154,-0.9127867817878723,17584,0.41994136571884155,19.34,327163,327264
0.86,0.0005,-10.379071030000002,0.02734607458114624,9235,35,8.157843589782715,0.42329078912734985,17588,0.7166100740432739,19.28,327239,327340
0.86,0.0005,-10.3193249,0.026979679241776466,9238,35,8.133736610412598,-0.8526310920715332,17592,0.7073293924331665,19.18,327316,327417
0.87,0.0005,-10.086479820000001,0.026417048647999763,9240,35,7.826942443847656,-1.1618194580078125,17596,1.8566079139709473,19.18,327394,327495
0.86,0.0005,-10.35858297,0.02616531029343605,9241,35,10.182849884033203,-0.35676687955856323,17600,0.4852599799633026,19.05,327464,327565
0.86,0.0005,-10.303204619999999,0.02555544301867485,9243,35,9.293673515319824,0.11878807097673416,17604,0.9830697774887085,18.94,327533,327634
0.86,0.0005,-10.388970309999998,0.025639645755290985,9246,35,7.8551554679870605,-0.05958157777786255,17608,0.28164076805114746,19.03,327618,327719
0.86,0.0005,-10.450703989999997,0.02573356032371521,9248,35,8.444377899169922,0.4325549602508545,17612,0.7475417256355286,19.14,327695,327796
0.85,0.0005,-10.667261260000002,0.025812692940235138,9250,35,8.726070404052734,0.1724994033575058,17616,0.23159831762313843,19.0,327771,327872
0.85,0.0005,-10.69806784,0.026086857542395592,9252,35,9.08198070526123,-0.10734179615974426,17620,1.207536220550537,18.97,327846,327947
0.84,0.0005,-11.049464760000001,0.025722971186041832,9254,35,8.959360122680664,-0.07723374664783478,17624,0.41042715311050415,19.06,327918,328019
0.85,0.0005,-10.844014660000001,0.025642678141593933,9255,35,8.474708557128906,-0.3665429949760437,17628,0.8708503842353821,19.08,327987,328088
0.87,0.0005,-10.3990579,0.025243818759918213,9258,35,8.385539054870605,0.42788591980934143,17632,0.24229887127876282,19.16,328077,328178
0.87,0.0005,-10.457160930000002,0.025845663622021675,9260,35,7.429630756378174,0.3477644920349121,17636,1.4206700325012207,19.26,328153,328254
0.87,0.0005,-10.451077319999998,0.026209114119410515,9262,35,9.204972267150879,0.6777234673500061,17640,1.6923744678497314,19.28,328236,328337
0.86,0.0005,-10.719584060000003,0.026385361328721046,9264,35,8.387077331542969,0.3498706817626953,17644,0.42026251554489136,19.29,328314,328415
0.87,0.0005,-10.511494120000002,0.02681906335055828,9266,35,8.778799057006836,-0.6524303555488586,17648,0.709798276424408,19.38,328395,328496
0.85,0.0005,-11.108500000000001,0.026363732293248177,9268,35,7.928471565246582,-0.5159435272216797,17652,0.3476889133453369,19.41,328468,328569
0.85,0.0005,-11.012524680000002,0.02654016576707363,9270,35,8.600406646728516,-0.34451574087142944,17656,0.6791144013404846,19.3,328544,328645
0.86,0.0005,-10.888511790000003,0.026614390313625336,9272,35,7.290024757385254,-0.11539706587791443,17660,1.0934300422668457,19.34,328626,328727
0.88,0.0005,-10.4174989,0.027055632323026657,9274,35,8.501232147216797,-0.2180415689945221,17664,0.33376726508140564,19.13,328696,328797
0.89,0.0005,-10.216841800000003,0.027703944593667984,9276,35,9.184396743774414,-0.5606157779693604,17668,2.022799015045166,19.27,328788,328889
0.88,0.0005,-10.53621392,0.027521029114723206,9279,35,9.312664031982422,-0.3085647225379944,17672,0.23633906245231628,19.33,328868,328969
0.88,0.0005,-10.477564829999997,0.027255674824118614,9281,35,7.688897132873535,0.2830132842063904,17676,1.5497627258300781,19.3,328943,329044
0.87,0.0005,-10.630452159999999,0.02719457633793354,9283,35,8.789777755737305,0.57683265209198,17680,1.6785856485366821,19.24,329020,329121
0.86,0.0005,-10.895499610000002,0.027664730325341225,9285,35,8.973119735717773,-0.7795994281768799,17684,0.20335239171981812,19.42,329105,329206
0.86,0.0005,-10.94517292,0.02669965662062168,9287,35,7.62426233291626,-0.11547455191612244,17688,2.71071195602417,19.48,329187,329288
0.84,0.0005,-11.466841630000001,0.026712404564023018,9289,35,7.532499313354492,-0.09604842960834503,17692,1.7234314680099487,19.42,329258,329359
0.83,0.0005,-11.68027731,0.02646762877702713,9291,35,8.158283233642578,0.2888588607311249,17696,1.0674625635147095,19.35,329329,329430
0.85,0.0005,-11.14998889,0.02602539211511612,9293,35,8.092385292053223,-0.41357189416885376,17700,1.2332699298858643,19.42,329406,329507
0.86,0.0005,-10.96319881,0.025722164660692215,9296,35,9.301088333129883,0.26479923725128174,17704,0.3106985092163086,19.54,329487,329588
0.87,0.0005,-10.68534155,0.02575361728668213,9298,35,9.731550216674805,0.31011468172073364,17708,1.5467811822891235,19.59,329577,329678
0.87,0.0005,-10.72167958,0.02579089067876339,9300,35,8.185968399047852,-0.8781635761260986,17712,1.4728541374206543,19.61,329656,329757
0.87,0.0005,-10.748203530000001,0.025163820013403893,9302,35,7.971436977386475,-0.0578942596912384,17716,1.0149232149124146,19.65,329736,329837
0.87,0.0005,-10.73225042,0.024955682456493378,9305,35,7.388273239135742,0.615583062171936,17720,0.1679028868675232,19.67,329813,329914
0.87,0.0005,-10.678963170000001,0.024501455947756767,9307,35,7.273638725280762,-0.5766056180000305,17724,0.8474383354187012,19.77,329895,329996
0.87,0.0005,-10.74368028,0.02431429736316204,9355,35,8.310239791870117,0.8694647550582886,17728,2.0889711380004883,19.89,329976,330077
0.85,0.0005,-11.13782147,0.025473570451140404,9358,35,8.51906967163086,0.19070720672607422,17732,1.262551188468933,19.86,330063,330164
0.84,0.0005,-11.413133060000002,0.025853600353002548,9360,35,8.76772403717041,1.0029997825622559,17736,1.3204643726348877,19.9,330143,330244
0.84,0.0005,-11.439719290000003,0.025905605405569077,9362,35,7.958916187286377,-0.8444381952285767,17740,0.9755449295043945,19.84,330220,330321
0.84,0.0005,-11.401182100000003,0.026282308623194695,9364,35,7.722148895263672,0.512108325958252,17744,0.20030556619167328,19.82,330296,330397
0.84,0.0005,-11.34663067,0.026553988456726074,9366,35,8.182790756225586,0.2675594091415405,17748,0.39205920696258545,19.76,330371,330472
0.85,0.0005,-11.002493969999998,0.027061669155955315,9368,35,7.809287071228027,0.15987610816955566,17752,1.8439064025878906,19.82,330450,330551
0.84,0.0005,-11.249068940000003,0.027275599539279938,9370,35,8.536845207214355,-0.08099159598350525,17756,1.1448752880096436,19.8,330524,330625
0.83,0.0005,-11.442639260000004,0.026847749948501587,9371,35,7.71293306350708,-1.1524975299835205,17760,0.46569159626960754,19.7,330596,330697
0.82,0.0005,-11.769505650000001,0.026101084426045418,9374,35,7.242873668670654,0.06100061535835266,17764,1.1853289604187012,19.83,330679,330780
0.82,0.0005,-11.61769734,0.025406677275896072,9375,35,8.143876075744629,-0.29465657472610474,17768,1.6066606044769287,19.59,330747,330848
0.82,0.0005,-11.58729521,0.02497865818440914,9378,35,7.851764678955078,-0.47755321860313416,17772,0.223157599568367,19.59,330827,330928
0.8,0.0005,-12.05741855,0.02458595484495163,9380,35,8.06248950958252,-0.012051597237586975,17776,0.36812564730644226,19.64,330907,331008
0.81,0.0005,-11.859924620000001,0.024067550897598267,9382,35,7.6334309577941895,0.5284525752067566,17780,0.5028178691864014,19.63,330983,331084
0.81,0.0005,-11.921056670000002,0.023938195779919624,9384,35,7.938801288604736,0.6699603796005249,17784,0.7259833812713623,19.61,331066,331167
0.81,0.0005,-11.90811903,0.023581895977258682,9386,35,8.586652755737305,-0.08811283111572266,17788,0.9108975529670715,19.56,331143,331244
0.83,0.0005,-11.32942499,0.023763766512274742,9388,35,8.478536605834961,0.6288058757781982,17792,1.9669091701507568,19.52,331210,331311
0.84,0.0005,-11.117430399999998,0.023902304470539093,9390,35,8.144319534301758,0.035390958189964294,17796,0.8864970207214355,19.62,331291,331392
0.82,0.0005,-11.58839266,0.024029629305005074,9392,35,8.21526050567627,0.1470864713191986,17800,0.9688864946365356,19.62,331368,331469
0.82,0.0005,-11.59594038,0.023859329521656036,9394,35,7.930028915405273,-0.2631531357765198,17804,2.2481651306152344,19.66,331453,331554
0.82,0.0005,-11.559824360000002,0.023769404739141464,9396,35,8.293936729431152,0.2803446054458618,17808,1.7577227354049683,19.5,331527,331628
0.81,0.0005,-11.805517889999999,0.023830711841583252,9398,35,8.592123031616211,-1.4199998378753662,17812,0.2635403871536255,19.49,331605,331706
0.82,0.0005,-11.551682630000002,0.02391596883535385,9400,35,8.748766899108887,0.10497131943702698,17816,1.058920979499817,19.55,331691,331792
0.83,0.0005,-11.29443567,0.024182414636015892,9402,35,7.529327392578125,0.34650111198425293,17820,1.6436069011688232,19.54,331767,331868
0.83,0.0005,-11.2320464,0.02436942420899868,9404,35,9.02606201171875,0.6300188302993774,17824,0.5533703565597534,19.54,331849,331950
0.82,0.0005,-11.5522513,0.024943705648183823,9406,35,8.131678581237793,0.31019479036331177,17828,0.6324149966239929,19.53,331929,332030
0.84,0.0005,-11.128191249999997,0.025485405698418617,9408,35,9.036445617675781,-0.16330057382583618,17832,0.4207897186279297,19.56,332019,332120
0.84,0.0005,-11.037790809999997,0.024964042007923126,9410,35,8.583780288696289,0.09026022255420685,17836,1.211057424545288,19.53,332096,332197
0.83,0.0005,-11.32820599,0.025252390652894974,9412,35,7.749546051025391,0.039099276065826416,17840,1.0136667490005493,19.61,332181,332282
0.84,0.0005,-11.055668350000001,0.025090433657169342,9414,35,7.917135238647461,0.5914055109024048,17844,0.4163956642150879,19.57,332253,332354
0.84,0.0005,-11.094611539999999,0.025303270667791367,9416,35,8.405961990356445,1.4313690662384033,17848,1.585512399673462,19.62,332333,332434
0.85,0.0005,-10.84323597,0.025905000045895576,9418,35,8.407172203063965,-0.16523632407188416,17852,0.4083816111087799,19.54,332404,332505
0.84,0.0005,-11.103728999999998,0.025425879284739494,9420,35,7.869452476501465,-0.6235829591751099,17856,0.4051722288131714,19.66,332490,332591
0.84,0.0005,-11.080516139999997,0.02512684278190136,9422,35,8.549543380737305,0.11124768108129501,17860,0.21478408575057983,19.74,332570,332671
0.85,0.0005,-10.75830715,0.024921854957938194,9424,35,8.194784164428711,0.022633235901594162,17864,0.3158951699733734,19.62,332641,332742
0.84,0.0005,-11.037553809999999,0.024854980409145355,9426,35,8.817811965942383,1.1018216609954834,17868,1.3701061010360718,19.66,332713,332814
0.85,0.0005,-10.80364143,0.026103056967258453,9428,35,8.40719985961914,0.6264232993125916,17872,0.43880099058151245,19.68,332795,332896
0.87,0.0005,-10.35500305,0.02677570842206478,9430,35,8.180336952209473,0.5722595453262329,17876,0.9030382037162781,19.63,332870,332971
0.85,0.0005,-10.842634640000002,0.026894357055425644,9432,35,8.490293502807617,-0.13364151120185852,17880,0.27847105264663696,19.64,332947,333048
0.85,0.0005,-10.795860749999997,0.026712652295827866,9434,35,8.264184951782227,-0.04283219575881958,17884,0.28064751625061035,19.58,333024,333125
0.84,0.0005,-11.03089898,0.026585275307297707,9435,35,8.111183166503906,0.39335983991622925,17888,0.17221593856811523,19.59,333102,333203
0.82,0.0005,-11.506500590000003,0.026207927614450455,9437,35,7.782692909240723,-0.4469854533672333,17892,0.2823646664619446,19.63,333173,333274
0.81,0.0005,-11.707144400000004,0.02646487206220627,9439,35,10.411700248718262,0.999404788017273,17896,1.1813619136810303,19.67,333258,333359
0.81,0.0005,-11.765193120000003,0.027195243164896965,9442,35,9.249290466308594,0.3787027597427368,17900,0.7286911606788635,19.8,333348,333449
0.8,0.0005,-11.94990382,0.026613788679242134,9444,35,7.4095778465271,-1.1725809574127197,17904,3.3977279663085938,19.71,333424,333525
0.8,0.0005,-11.985607550000003,0.02634391374886036,9446,35,7.826760292053223,0.42252618074417114,17908,0.37259000539779663,19.81,333508,333609
0.81,0.0005,-11.744757139999999,0.02660423330962658,9448,35,8.868972778320312,-0.31173276901245117,17912,0.24791088700294495,19.86,333591,333692
0.8,0.0005,-11.8949307,0.02585005760192871,9450,35,7.796857833862305,-0.05652964115142822,17916,0.292951375246048,19.76,333667,333768
0.8,0.0005,-11.803808950000002,0.026150360703468323,9451,35,8.325770378112793,-0.33828312158584595,17920,1.2557635307312012,19.64,333731,333832
0.82,0.0005,-11.378825929999998,0.026234615594148636,9453,35,8.922683715820312,0.17872749269008636,17924,0.6743999123573303,19.55,333804,333905
0.81,0.0005,-11.48476753,0.026462582871317863,9455,35,8.185531616210938,-0.47610074281692505,17928,0.27232739329338074,19.54,333883,333984
0.81,0.0005,-11.55005211,0.026569275185465813,9457,35,8.460700988769531,-0.5084868669509888,17932,0.3303794264793396,19.57,333976,334077
0.82,0.0005,-11.391892890000001,0.02640867978334427,9459,35,7.221354961395264,0.07280892878770828,17936,0.24808670580387115,19.64,334060,334161
0.83,0.0005,-11.10152428,0.025984888896346092,9461,35,8.290590286254883,-0.7210490703582764,17940,1.2898591756820679,19.58,334139,334240
0.82,0.0005,-11.307504770000003,0.024952445179224014,9463,35,8.184995651245117,-0.3652772605419159,17944,0.5854148268699646,19.6,334213,334314
0.82,0.0005,-11.302118880000002,0.02483208291232586,9465,35,7.897793292999268,-0.515940248966217,17948,0.45030343532562256,19.58,334291,334392
0.81,0.0005,-11.629845960000003,0.02484818547964096,9467,35,8.36335563659668,-0.17309978604316711,17952,0.1791808009147644,19.71,334375,334476
0.83,0.0005,-11.11979382,0.02450055070221424,9469,35,8.658531188964844,1.1788312196731567,17956,0.37249574065208435,19.62,334452,334553
0.83,0.0005,-11.193565199999997,0.024566026404500008,9472,35,7.284989833831787,-1.412081241607666,17960,0.3094775080680847,19.64,334534,334635
0.82,0.0005,-11.482296729999998,0.02422061376273632,9474,35,8.837173461914062,1.2314072847366333,17964,2.921729326248169,19.71,334612,334713
0.81,0.0005,-11.75492963,0.024264367297291756,9476,35,8.177427291870117,0.005517452955245972,17968,0.21363112330436707,19.84,334697,334798
0.81,0.0005,-11.742303790000001,0.024566443637013435,9478,35,8.536882400512695,0.18627160787582397,17972,0.4373272657394409,19.81,334776,334877
0.81,0.0005,-11.728662350000002,0.0243490282446146,9480,35,7.858851432800293,-0.26723045110702515,17976,0.7669000625610352,19.84,334854,334955
0.82,0.0005,-11.502222750000003,0.02405117265880108,9482,35,8.533031463623047,-0.2487894892692566,17980,0.1667688488960266,19.92,334939,335040
0.82,0.0005,-11.481407310000002,0.023932693526148796,9484,35,8.428985595703125,-0.4254298806190491,17984,0.35504525899887085,19.88,335012,335113
0.82,0.0005,-11.464372209999999,0.024067893624305725,9486,35,7.897375106811523,0.6657068729400635,17988,0.5706301927566528,19.9,335092,335193
0.83,0.0005,-11.254349640000003,0.024916009977459908,9488,35,8.586600303649902,1.0044312477111816,17992,0.23921555280685425,19.99,335172,335273
0.83,0.0005,-11.299980180000002,0.025806760415434837,9490,35,7.972076892852783,0.15443897247314453,17996,0.8439310789108276,19.97,335255,335356
0.84,0.0005,-10.959356480000004,0.025882557034492493,9492,35,7.522199630737305,0.4203261435031891,18000,0.6553593873977661,19.81,335329,335430
0.84,0.0005,-10.99004469,0.026518603786826134,9494,35,7.574483871459961,0.02046133577823639,18004,1.3615467548370361,19.84,335408,335509
0.83,0.0005,-11.145239920000002,0.02668631635606289,9496,35,8.430177688598633,0.8909769654273987,18008,0.4788951277732849,19.7,335478,335579
0.81,0.0005,-11.574822110000003,0.0265632476657629,9498,35,8.034931182861328,-0.7677855491638184,18012,0.21867965161800385,19.66,335557,335658
0.81,0.0005,-11.621317789999999,0.026625536382198334,9500,35,8.173727035522461,0.2192666232585907,18016,0.464566171169281,19.68,335635,335736
0.8,0.0005,-11.903021470000004,0.026222428306937218,9502,35,8.260424613952637,0.14156633615493774,18020,2.7038872241973877,19.78,335709,335810
0.8,0.0005,-11.96073634,0.026876749470829964,9504,35,10.986381530761719,1.2200355529785156,18024,2.830650806427002,19.89,335793,335894
0.79,0.0005,-12.1885632,0.029580241069197655,9506,35,12.912677764892578,2.53275728225708,18028,2.918773889541626,19.91,335874,335975
0.77,0.0005,-12.59133911,0.03272716701030731,9509,35,11.174099922180176,0.6349249482154846,18032,2.1643576622009277,20.05,335981,336082
0.76,0.0005,-12.8210914,0.03254290297627449,9511,35,10.184724807739258,-0.3111416697502136,18036,3.3143467903137207,19.95,336055,336156
0.74,0.0005,-13.299820010000001,0.03169788047671318,9512,35,10.885675430297852,-1.9585880041122437,18040,4.235872268676758,19.86,336125,336226
0.74,0.0005,-13.48376254,0.030188249424099922,9514,35,10.87979507446289,-0.49350547790527344,18044,2.657355785369873,20.01,336214,336315
0.74,0.0005,-13.50359991,0.029030058532953262,9516,35,10.00302505493164,-0.4686298370361328,18048,0.6416457295417786,20.04,336295,336396
0.74,0.0005,-13.414135139999999,0.029423177242279053,9518,35,9.783879280090332,0.16332578659057617,18052,0.7498056888580322,19.89,336364,336465
0.72,0.0005,-14.01124347,0.030051320791244507,9520,35,9.358928680419922,0.6122606992721558,18056,0.5332556366920471,20.04,336456,336557
0.72,0.0005,-13.947549080000002,0.030769599601626396,9523,35,9.267568588256836,0.3224644362926483,18060,0.4867781698703766,20.12,336546,336647
0.72,0.0005,-13.95507629,0.03101862594485283,9524,35,9.928218841552734,0.011638619005680084,18064,0.3941260576248169,20.12,336624,336725
0.73,0.0005,-13.785957680000001,0.03121926076710224,9527,35,10.363569259643555,0.4656420946121216,18068,2.3748598098754883,20.12,336709,336810
0.71,0.0005,-14.217346430000003,0.03118412382900715,9528,35,9.791645050048828,-0.20078451931476593,18072,0.35050809383392334,20.07,336783,336884
0.71,0.0005,-14.287884530000001,0.03085935488343239,9531,35,8.997928619384766,-0.2537369132041931,18076,2.446437358856201,20.24,336878,336979
0.7,0.0005,-14.511860800000001,0.030183939263224602,9533,35,8.411407470703125,0.038784973323345184,18080,0.8405101299285889,20.17,336956,337057
0.7,0.0005,-14.519802150000002,0.029784951359033585,9535,35,9.426994323730469,-0.22867292165756226,18084,0.1544434130191803,20.21,337033,337134
0.71,0.0005,-14.39475449,0.02946518547832966,9537,35,8.392399787902832,0.17323391139507294,18088,0.5729948878288269,20.31,337123,337224
0.72,0.0005,-14.141122650000002,0.029215462505817413,9539,35,8.962974548339844,0.7858542203903198,18092,1.3052034378051758,20.21,337193,337294
0.72,0.0005,-14.13121528,0.028869720175862312,9541,35,7.977865219116211,-0.3499586284160614,18096,0.9963207244873047,20.15,337270,337371
0.72,0.0005,-14.21537542,0.0286916084587574,9543,35,7.485240936279297,1.0522621870040894,18100,1.0150877237319946,20.25,337354,337455
0.73,0.0005,-13.991434239999998,0.02903098054230213,9545,35,8.851346969604492,-0.23915642499923706,18104,1.4983187913894653,20.31,337439,337540
0.73,0.0005,-13.939981280000001,0.029407097026705742,9547,35,8.70649528503418,0.18432211875915527,18108,0.3626787066459656,20.42,337520,337621
0.75,0.0005,-13.51294808,0.02897782437503338,9549,35,8.528009414672852,-0.3495060205459595,18112,0.5045307874679565,20.44,337601,337702
0.76,0.0005,-13.20537811,0.028219880536198616,9551,35,8.435359954833984,-0.09052494168281555,18116,1.2013475894927979,20.34,337669,337770
0.77,0.0005,-13.07087361,0.02799459919333458,9554,35,8.305675506591797,-0.24926847219467163,18120,0.4618494510650635,20.45,337754,337855
0.75,0.0005,-13.545763280000001,0.028147969394922256,9556,35,9.235058784484863,-0.1855163425207138,18124,0.5355592966079712,20.36,337829,337930
0.78,0.0005,-12.880850409999999,0.028103766962885857,9558,35,8.707789421081543,-0.21064560115337372,18128,0.5936946272850037,20.31,337905,338006
0.79,0.0005,-12.608675380000001,0.027139920741319656,9560,35,7.750802040100098,-0.8019465208053589,18132,0.23854145407676697,20.04,337985,338086
0.79,0.0005,-12.581975539999998,0.026644382625818253,9562,35,7.720766067504883,0.3801920413970947,18136,1.0662130117416382,20.02,338057,338158
0.8,0.0005,-12.372363469999998,0.026589268818497658,9564,35,9.999150276184082,-0.6396340727806091,18140,0.6576552391052246,20.15,338140,338241
0.8,0.0005,-12.347757709999996,0.026445994153618813,9567,35,8.639921188354492,-0.519982099533081,18144,0.1257847547531128,20.16,338230,338331
0.79,0.0005,-12.573053450000002,0.02620765194296837,9569,35,7.844489097595215,-0.8175124526023865,18148,0.5699392557144165,20.13,338308,338409
0.8,0.0005,-12.353212719999998,0.025957882404327393,9571,35,8.106707572937012,0.30384016036987305,18152,1.2467694282531738,20.24,338388,338489
0.82,0.0005,-11.89727418,0.026771942153573036,9574,35,7.5027923583984375,0.25192660093307495,18156,0.5589667558670044,20.26,338482,338583
0.82,0.0005,-11.879851250000002,0.027051405981183052,9576,35,8.88973617553711,-0.19059517979621887,18160,0.16683727502822876,20.08,338554,338655
0.83,0.0005,-11.691039839999998,0.026961011812090874,9578,35,8.06722640991211,-0.15115292370319366,18164,0.45027172565460205,20.17,338641,338742
0.83,0.0005,-11.72428318,0.026704927906394005,9581,35,9.383708953857422,0.2287401258945465,18168,1.8469340801239014,20.18,338727,338828
0.84,0.0005,-11.492432,0.02650926634669304,9583,35,8.92756462097168,0.15308725833892822,18172,0.4556869864463806,20.25,338808,338909
0.84,0.0005,-11.485365960000001,0.02634267695248127,9585,35,8.776888847351074,0.08029061555862427,18176,0.41137444972991943,20.12,338890,338991
0.85,0.0005,-11.260529650000002,0.026219582185149193,9587,35,7.712900161743164,0.19214341044425964,18180,0.8419837951660156,20.19,338975,339076
0.86,0.0005,-11.063191709999998,0.02643464133143425,9589,35,7.686723709106445,0.32279932498931885,18184,0.6706647872924805,20.22,339055,339156
0.84,0.0005,-11.50390234,0.02663613110780716,9592,35,9.132720947265625,1.1309268474578857,18188,0.4797317683696747,20.24,339147,339248
0.84,0.0005,-11.538012379999998,0.02692895568907261,9594,35,7.818397045135498,0.2426145076751709,18192,1.8090059757232666,20.28,339221,339322
0.84,0.0005,-11.475705939999997,0.02677389420568943,9596,35,7.491276264190674,0.4048575758934021,18196,0.7148605585098267,20.26,339296,339397
0.85,0.0005,-11.180971160000002,0.026790939271450043,9598,35,8.567097663879395,0.5980228781700134,18200,0.14709261059761047,20.21,339375,339476
0.85,0.0005,-11.132562779999999,0.02727573737502098,9601,35,8.84562873840332,1.2224016189575195,18204,2.963858127593994,20.16,339455,339556
0.86,0.0005,-10.970888359999998,0.027716372162103653,9603,35,8.059617042541504,0.48253002762794495,18208,1.6547958850860596,20.13,339533,339634
0.85,0.0005,-11.17118551,0.02751621976494789,9605,35,9.313976287841797,0.7765883803367615,18212,0.831072211265564,20.07,339608,339709
0.83,0.0005,-11.68942165,0.028248915448784828,9607,35,9.135547637939453,0.6440548896789551,18216,0.46060997247695923,20.24,339693,339794
0.81,0.0005,-12.05885347,0.028042135760188103,9609,35,10.100427627563477,0.1795012652873993,18220,1.7730553150177002,20.12,339766,339867
0.81,0.0005,-12.01229329,0.02789752185344696,9612,35,10.852359771728516,0.9272569417953491,18224,0.7449256181716919,20.18,339847,339948
0.8,0.0005,-12.22584561,0.02903079241514206,9631,35,13.009960174560547,-0.0438682958483696,18228,1.0678389072418213,20.23,339928,340029
0.78,0.0005,-12.71820384,0.028547655791044235,9634,35,10.054167747497559,0.11475683748722076,18232,1.113574504852295,20.4,340025,340126
0.78,0.0005,-12.808112009999997,0.029012395069003105,9637,35,10.266223907470703,0.4573777914047241,18236,1.0512902736663818,20.56,340113,340214
0.78,0.0005,-12.713193939999998,0.02870122902095318,9639,35,10.039644241333008,-0.23047295212745667,18240,0.7296429872512817,20.51,340191,340292
0.79,0.0005,-12.3475107,0.028750333935022354,9641,35,8.426214218139648,-0.7615468502044678,18244,0.830289900302887,20.35,340265,340366
0.79,0.0005,-12.40254366,0.028332728892564774,9643,35,7.7228522300720215,0.02576369047164917,18248,2.3989546298980713,20.36,340344,340445
0.79,0.0005,-12.376163159999997,0.028529571369290352,9645,35,9.245674133300781,-0.13408930599689484,18252,0.41451776027679443,20.23,340411,340512
0.79,0.0005,-12.17120811,0.02832227386534214,9647,35,9.528818130493164,0.01743870973587036,18256,0.7475128173828125,19.9,340472,340573
0.8,0.0005,-11.92078824,0.028204048052430153,9649,35,8.638717651367188,0.451144814491272,18260,0.4843853712081909,19.89,340543,340644
0.8,0.0005,-11.843585479999996,0.028502313420176506,9651,35,8.8314208984375,0.686603307723999,18264,0.5581896305084229,19.81,340622,340723
0.81,0.0005,-11.562488839999999,0.02871360443532467,9653,35,7.342029571533203,-0.5606377720832825,18268,0.4172818064689636,19.79,340706,340807
0.8,0.0005,-11.791881949999999,0.028628751635551453,9656,35,8.928749084472656,0.6026410460472107,18272,2.10713791847229,19.82,340790,340891
0.78,0.0005,-12.25220556,0.028942545875906944,9658,35,8.446773529052734,0.49627116322517395,18276,0.28364887833595276,19.91,340881,340982
0.78,0.0005,-12.23021939,0.02809835784137249,9661,35,8.182530403137207,-0.3845992684364319,18280,0.45436012744903564,19.91,340966,341067
0.76,0.0005,-12.58091259,0.02725275792181492,9663,35,9.011307716369629,0.7099459171295166,18284,1.1787775754928589,19.85,341040,341141
0.78,0.0005,-12.078812829999999,0.02694377675652504,9665,35,8.110883712768555,0.17242476344108582,18288,0.19037190079689026,19.73,341120,341221
0.75,0.0005,-12.775141339999998,0.02689923159778118,9667,35,7.73319149017334,-0.599370002746582,18292,1.1882350444793701,19.83,341204,341305
0.75,0.0005,-12.832478140000001,0.026785515248775482,9669,35,9.749634742736816,0.5195497274398804,18296,0.9052932858467102,19.82,341278,341379
0.73,0.0005,-13.337748340000001,0.027040591463446617,9672,35,8.283059120178223,0.05601814389228821,18300,0.891599178314209,19.96,341371,341472
0.72,0.0005,-13.629317349999997,0.02749967947602272,9674,35,8.002161026000977,0.04580619931221008,18304,0.5632160902023315,20.05,341460,341561
0.72,0.0005,-13.63016468,0.027364419773221016,9676,35,8.644112586975098,-0.05070239305496216,18308,0.3882807493209839,20.03,341536,341637
0.73,0.0005,-13.349594869999999,0.027382006868720055,9679,35,8.226425170898438,0.025617748498916626,18312,0.5641283392906189,20.03,341611,341712
0.74,0.0005,-13.169551539999997,0.026999402791261673,9681,35,8.977249145507812,-0.33598431944847107,18316,0.9294774532318115,20.01,341694,341795
0.76,0.0005,-12.767534419999997,0.026609569787979126,9683,35,9.088887214660645,0.4673311710357666,18320,0.47101014852523804,20.11,341777,341878
0.77,0.0005,-12.485439699999997,0.026192454621195793,9685,35,8.02330207824707,-0.05724647641181946,18324,0.5467859506607056,20.06,341853,341954
0.77,0.0005,-12.56319967,0.025701628997921944,9687,35,7.25282621383667,-1.118865966796875,18328,1.816620111465454,20.15,341943,342044
0.8,0.0005,-11.86180795,0.025928737595677376,9690,35,8.590215682983398,0.10194914042949677,18332,0.7069356441497803,20.04,342029,342130
0.79,0.0005,-12.00325076,0.02563701756298542,9692,35,7.93544864654541,0.3053775727748871,18336,1.7112500667572021,20.07,342120,342221
0.79,0.0005,-12.05345965,0.025949066504836082,9694,35,8.793235778808594,0.592708945274353,18340,0.32734692096710205,20.07,342198,342299
0.78,0.0005,-12.28452181,0.027122003957629204,9696,35,8.665364265441895,-0.0691121369600296,18344,2.125979423522949,20.08,342273,342374
0.77,0.0005,-12.40231173,0.027355607599020004,9699,35,8.245786666870117,0.10379011929035187,18348,0.5714548826217651,20.13,342357,342458
0.77,0.0005,-12.415210710000002,0.02690209075808525,9701,35,7.94232177734375,-0.5835012793540955,18352,0.3527713418006897,20.19,342430,342531
0.77,0.0005,-12.52639596,0.026756148785352707,9703,35,8.78151798248291,-0.09160608053207397,18356,3.4674272537231445,20.41,342513,342614
0.76,0.0005,-12.82648541,0.026783185079693794,9705,35,7.860412120819092,-0.5947820544242859,18360,0.3200526833534241,20.54,342597,342698
0.75,0.0005,-13.04950506,0.027019847184419632,9707,35,8.843902587890625,-0.6621136665344238,18364,0.38164305686950684,20.54,342676,342777
0.74,0.0005,-13.19195072,0.027117270976305008,9710,35,9.474084854125977,0.5036113262176514,18368,0.920030951499939,20.58,342764,342865
0.76,0.0005,-12.798744799999998,0.027337605133652687,9712,35,9.594837188720703,2.001455783843994,18372,2.3255386352539062,20.57,342847,342948
0.78,0.0005,-12.2365675,0.028546886518597603,9714,35,8.281734466552734,0.0332573801279068,18376,0.9552075862884521,20.33,342914,343015
0.78,0.0005,-12.174274559999999,0.028880510479211807,9715,35,9.09594440460205,-0.630226731300354,18380,0.8468137979507446,20.19,342985,343086
0.8,0.0005,-11.810274749999996,0.029536589980125427,9717,35,8.098797798156738,-0.4879607558250427,18384,0.4682888984680176,20.21,343061,343162
0.8,0.0005,-11.732005119999998,0.02964016981422901,9719,35,9.489717483520508,0.0036203712224960327,18388,0.3243229389190674,20.12,343132,343233
0.83,0.0005,-11.047737819999998,0.029327282682061195,9721,35,8.229615211486816,-0.08655521273612976,18392,1.9973814487457275,20.09,343213,343314
0.83,0.0005,-11.000696020000003,0.028652815148234367,9724,35,8.475836753845215,-0.28413352370262146,18396,0.4531046748161316,20.28,343306,343407
0.85,0.0005,-10.594367020000002,0.028026675805449486,9726,35,7.558066368103027,0.2406097799539566,18400,0.3850669860839844,20.21,343392,343493
0.86,0.0005,-10.270344009999999,0.027748236432671547,9728,35,7.711373805999756,-0.6670848727226257,18404,0.5627309679985046,19.97,343457,343558
0.85,0.0005,-10.476457599999998,0.027487723156809807,9730,35,7.974205017089844,-0.8982065320014954,18408,3.3758134841918945,19.99,343535,343636
0.85,0.0005,-10.53320539,0.027170991525053978,9732,35,9.373398780822754,0.3079627752304077,18412,0.08519846200942993,19.99,343610,343711
0.84,0.0005,-10.758561259999999,0.026679320260882378,9734,35,7.823172569274902,-0.00926254689693451,18416,0.08510126173496246,20.12,343706,343807
0.84,0.0005,-10.65612025,0.027145512402057648,9736,35,8.724825859069824,0.01899862289428711,18420,0.9709482789039612,20.0,343777,343878
0.85,0.0005,-10.37499859,0.027095872908830643,9738,35,8.2643404006958,0.8827165365219116,18424,1.2166498899459839,19.89,343842,343943
0.86,0.0005,-10.03546148,0.027787428349256516,9739,35,8.62353229522705,0.3940567970275879,18428,0.6149740219116211,19.7,343913,344014
0.86,0.0005,-10.055074330000002,0.027320703491568565,9742,35,7.939929485321045,-0.6729245185852051,18432,0.7293318510055542,19.78,344007,344108
0.88,0.0005,-9.55429812,0.026777278631925583,9744,35,8.315366744995117,-0.1254677027463913,18436,0.21375985443592072,19.61,344081,344182
0.89,0.0005,-9.30465392,0.026391370221972466,9746,35,8.794212341308594,-0.01668006181716919,18440,0.2844145894050598,19.59,344157,344258
0.9,0.0005,-9.067289559999999,0.02670864574611187,9747,35,7.841886043548584,0.4067537188529968,18444,0.5759910941123962,19.56,344229,344330
0.92,0.0005,-8.65094316,0.027133768424391747,9749,35,7.940570831298828,-0.11110144853591919,18448,0.9512662291526794,19.48,344305,344406
0.9,0.0005,-9.1387786,0.026901964098215103,9751,35,9.908056259155273,0.3144265413284302,18452,1.0002739429473877,19.51,344381,344482
0.89,0.0005,-9.39245199,0.02721884846687317,9754,35,8.56677532196045,-0.01169462502002716,18456,0.8591298460960388,19.55,344468,344569
0.9,0.0005,-9.091818490000001,0.027319667860865593,9756,35,8.013354301452637,-0.075160451233387,18460,3.4028255939483643,19.42,344539,344640
0.91,0.0005,-8.93612801,0.027336804196238518,9758,35,7.681767463684082,-0.19651833176612854,18464,1.4160716533660889,19.5,344626,344727
0.9,0.0005,-9.20798087,0.027183355763554573,9761,35,8.530644416809082,-0.6637619137763977,18468,0.8503662347793579,19.46,344710,344811
0.9,0.0005,-9.12324822,0.02698497287929058,9762,35,8.708475112915039,-0.19377166032791138,18472,0.9339258074760437,19.33,344780,344881
0.9,0.0005,-9.22745122,0.02676236815750599,9765,35,7.149089336395264,0.22593533992767334,18476,0.3704462945461273,19.49,344863,344964
0.91,0.0005,-9.053750809999999,0.026973824948072433,9767,35,8.9744873046875,0.4746185541152954,18480,0.3245069980621338,19.57,344942,345043
0.9,0.0005,-9.26291627,0.027392521500587463,9769,35,8.808180809020996,1.0907604694366455,18484,0.4232414960861206,19.57,345018,345119
0.89,0.0005,-9.52450264,0.028446422889828682,9771,35,8.401927947998047,-0.24306298792362213,18488,1.099724531173706,19.68,345100,345201
0.88,0.0005,-9.731348249999998,0.028842313215136528,9773,35,8.110231399536133,0.8648711442947388,18492,0.9968563318252563,19.64,345177,345278
0.89,0.0005,-9.64981598,0.028760569170117378,9776,35,8.244756698608398,1.1702017784118652,18496,0.2530559301376343,19.67,345273,345374
0.88,0.0005,-9.84207418,0.028412679210305214,9778,35,8.634233474731445,-0.5240271687507629,18500,0.1998472660779953,19.66,345358,345459
0.88,0.0005,-9.918428570000001,0.027805952355265617,9781,35,7.47332763671875,0.4292563796043396,18504,0.8031631708145142,19.84,345441,345542
0.88,0.0005,-9.91498499,0.02807285450398922,9783,35,8.557876586914062,-1.1149489879608154,18508,0.3173461854457855,19.88,345523,345624
0.87,0.0005,-10.1199867,0.02748982608318329,9785,35,7.860165119171143,-1.0676610469818115,18512,0.4568592309951782,19.89,345599,345700
0.87,0.0005,-10.135211759999999,0.027969202026724815,9788,35,7.9143853187561035,-0.2385886311531067,18516,1.2099404335021973,19.8,345686,345787
0.85,0.0005,-10.674929059999997,0.027386968955397606,9790,35,7.9454216957092285,-0.37826457619667053,18520,0.32820945978164673,19.92,345769,345870
0.84,0.0005,-11.036628569999998,0.026774611324071884,9792,35,7.680717468261719,-0.8119871616363525,18524,0.4700949788093567,20.12,345854,345955
0.84,0.0005,-11.05539892,0.026029575616121292,9794,35,8.946236610412598,0.18474045395851135,18528,2.129363536834717,20.2,345933,346034
0.84,0.0005,-10.968502190000002,0.025831002742052078,9796,35,7.494264602661133,0.04106714203953743,18532,0.2120240479707718,20.0,346007,346108
0.84,0.0005,-10.97389707,0.026058746501803398,9798,35,9.31677532196045,-0.057034872472286224,18536,1.5120599269866943,20.01,346082,346183
0.83,0.0005,-11.192859129999997,0.02673935703933239,9800,35,8.417754173278809,0.03253200650215149,18540,0.203838512301445,20.0,346157,346258
0.83,0.0005,-11.207409750000002,0.026970230042934418,9802,35,8.499277114868164,0.2666362226009369,18544,0.8829920291900635,20.02,346231,346332
0.83,0.0005,-11.312082179999999,0.026701373979449272,9804,35,8.91347885131836,-0.8296887874603271,18548,0.21179325878620148,20.18,346323,346424
0.83,0.0005,-11.289827270000004,0.026434345170855522,9807,35,8.606247901916504,0.06391079723834991,18552,1.0494590997695923,20.21,346402,346503
0.84,0.0005,-10.932625990000002,0.026557914912700653,9808,35,9.820219039916992,-0.13239462673664093,18556,0.6684209108352661,20.0,346468,346569
0.83,0.0005,-11.254560300000001,0.027417035773396492,9811,35,8.314940452575684,-0.2184264063835144,18560,0.5089826583862305,20.16,346555,346656
0.83,0.0005,-11.208510420000003,0.02699427865445614,9813,35,8.059822082519531,-0.17946851253509521,18564,0.3770173192024231,20.08,346634,346735
0.84,0.0005,-10.940568329999996,0.026345346122980118,9815,35,7.460644721984863,-0.3979489803314209,18568,0.13624367117881775,20.0,346710,346811
0.84,0.0005,-11.039128060000001,0.026472823694348335,9817,35,9.258707046508789,-0.39433765411376953,18572,0.8222007751464844,20.15,346795,346896
0.84,0.0005,-10.947244759999998,0.026382198557257652,9818,35,7.656918525695801,-0.4853665232658386,18576,0.3397146463394165,20.02,346865,346966
0.83,0.0005,-11.07516305,0.026956813409924507,9820,35,7.889604568481445,-0.303438663482666,18580,0.5051583647727966,19.97,346939,347040
0.84,0.0005,-10.829615839999999,0.026397990062832832,9822,35,7.891234874725342,-0.2393345683813095,18584,0.5846471190452576,19.95,347013,347114
0.83,0.0005,-11.048933589999997,0.026510998606681824,9823,35,10.130701065063477,0.7012837529182434,18588,1.3450355529785156,19.88,347088,347189
0.83,0.0005,-11.0647623,0.026671936735510826,9825,35,8.256681442260742,-0.0899612307548523,18592,0.33394286036491394,19.88,347165,347266
0.83,0.0005,-10.994921100000001,0.02665138430893421,9827,35,8.396697998046875,-0.9632061719894409,18596,0.33281368017196655,19.73,347246,347347
0.82,0.0005,-11.25364544,0.02628740295767784,9830,35,8.316060066223145,1.0712660551071167,18600,0.5257105827331543,19.81,347339,347440
0.81,0.0005,-11.436349869999999,0.027274372056126595,9832,35,9.253820419311523,0.41019168496131897,18604,1.470629096031189,19.78,347419,347520
0.81,0.0005,-11.50926748,0.02752639539539814,9834,35,9.36948013305664,-0.4774211049079895,18608,0.44415587186813354,19.75,347498,347599
0.81,0.0005,-11.5421125,0.026804054155945778,9836,35,7.41631555557251,0.35842907428741455,18612,3.2764787673950195,19.8,347579,347680
0.82,0.0005,-11.239716800000002,0.0272646714001894,9838,35,7.986155986785889,-0.5671302080154419,18616,1.9700095653533936,19.71,347657,347758
0.83,0.0005,-10.93394518,0.026744170114398003,9840,35,6.860618591308594,-0.8050543069839478,18620,0.3196793496608734,19.54,347723,347824
0.84,0.0005,-10.56717873,0.025974690914154053,9842,35,8.55339241027832,-0.9413672685623169,18624,0.4966571033000946,19.34,347788,347889
0.84,0.0005,-10.662891430000002,0.025172384455800056,9844,35,7.625594139099121,-0.9274983406066895,18628,0.2399374395608902,19.44,347877,347978
0.84,0.0005,-10.663692679999999,0.024447612464427948,9846,35,7.455105304718018,0.0015215277671813965,18632,3.9004578590393066,19.45,347952,348053
0.84,0.0005,-10.748006059999998,0.024487076327204704,9848,35,7.8403143882751465,-0.9842033386230469,18636,0.1600218117237091,19.53,348035,348136
0.85,0.0005,-10.511911840000003,0.023866064846515656,9850,35,7.477467060089111,-0.6114630699157715,18640,0.5004009008407593,19.51,348108,348209
0.84,0.0005,-10.744723929999997,0.02392796240746975,9852,35,9.231584548950195,0.36463677883148193,18644,0.3475770950317383,19.61,348192,348293
0.83,0.0005,-10.874861749999997,0.023597270250320435,9854,35,7.9813079833984375,0.26581862568855286,18648,0.5964251160621643,19.45,348268,348369
0.85,0.0005,-10.44108572,0.023399321362376213,9856,35,8.73394775390625,-0.05345623195171356,18652,0.35145002603530884,19.41,348343,348444
0.83,0.0005,-11.03896054,0.023093007504940033,9858,35,7.746207237243652,-0.3906257748603821,18656,1.2886977195739746,19.66,348434,348535
0.84,0.0005,-10.805514730000002,0.022755449637770653,9861,35,7.288532733917236,-0.11080831289291382,18660,0.5405418872833252,19.61,348516,348617
0.84,0.0005,-10.81371789,0.023115327581763268,9863,35,8.396037101745605,0.5054092407226562,18664,0.5806595087051392,19.63,348597,348698
0.85,0.0005,-10.615017250000001,0.02378648705780506,9865,35,7.783367156982422,-0.43567314743995667,18668,0.3339342474937439,19.65,348675,348776
0.84,0.0005,-10.819241280000002,0.02420821227133274,9867,35,7.66397762298584,-0.9901289939880371,18672,0.44883793592453003,19.63,348758,348859
0.84,0.0005,-10.873437709999997,0.023744262754917145,9869,35,8.667091369628906,-0.39941567182540894,18676,1.8578988313674927,19.72,348837,348938
0.85,0.0005,-10.706956340000001,0.02335849218070507,9871,35,7.789422035217285,0.0865241140127182,18680,0.2637461721897125,19.7,348909,349010
0.84,0.0005,-10.948189240000001,0.023039255291223526,9873,35,7.098935604095459,-0.5226680636405945,18684,0.7999735474586487,19.71,348984,349085
0.83,0.0005,-11.215486870000001,0.02286582998931408,9875,35,8.19766902923584,0.13148538768291473,18688,0.6907148361206055,19.78,349066,349167
0.84,0.0005,-11.017917540000001,0.02267763763666153,9877,35,8.159037590026855,0.012567423284053802,18692,1.4925450086593628,19.79,349144,349245
0.84,0.0005,-11.019160170000003,0.022902727127075195,9879,35,8.05168342590332,0.4623866081237793,18696,0.23204964399337769,19.81,349227,349328
0.86,0.0005,-10.482288570000001,0.0234056543558836,9881,35,7.660585403442383,-0.02211359143257141,18700,1.6961698532104492,19.64,349303,349404
0.87,0.0005,-10.243538790000002,0.024090560153126717,9883,35,8.591609001159668,0.9246966242790222,18704,0.30744361877441406,19.55,349374,349475
0.87,0.0005,-10.1704134,0.02423434890806675,9885,35,7.718971252441406,0.4643442630767822,18708,0.7805342674255371,19.51,349449,349550
0.88,0.0005,-9.947233559999999,0.024703269824385643,9887,35,8.773616790771484,-0.4812207520008087,18712,0.769301176071167,19.49,349528,349629
0.88,0.0005,-9.924922079999998,0.024862496182322502,9889,35,7.8645243644714355,-0.5684397220611572,18716,0.14946982264518738,19.44,349601,349702
0.89,0.0005,-9.74223645,0.024154048413038254,9891,35,7.72879695892334,-0.5751653909683228,18720,0.6038576364517212,19.57,349680,349781
0.89,0.0005,-9.85036142,0.02384537272155285,9893,35,7.687201976776123,0.8508301973342896,18724,0.6760738492012024,19.73,349761,349862
0.89,0.0005,-9.77575652,0.024612082168459892,9895,35,9.09106159210205,-0.19526781141757965,18728,1.5544054508209229,19.59,349836,349937
0.87,0.0005,-10.32288462,0.02411036193370819,9915,35,8.450933456420898,0.08817049115896225,18732,0.6326143741607666,19.69,349921,350022
0.87,0.0005,-10.275480450000002,0.02470533549785614,9917,35,9.269590377807617,-0.16492532193660736,18736,1.2756264209747314,19.64,349999,350100
0.85,0.0005,-10.759220650000001,0.02468222752213478,9919,35,7.096160888671875,-0.1308024823665619,18740,1.1388931274414062,19.71,350079,350180
0.85,0.0005,-10.683831999999997,0.025022253394126892,9921,35,9.009739875793457,0.24920475482940674,18744,0.8229198455810547,19.63,350155,350256
0.86,0.0005,-10.49269845,0.025185968726873398,9923,35,7.308933734893799,-0.27352920174598694,18748,0.7883797883987427,19.69,350237,350338
0.86,0.0005,-10.51079053,0.025053780525922775,9925,35,7.777378082275391,-0.24570021033287048,18752,0.6204967498779297,19.74,350317,350418
0.88,0.0005,-10.06242941,0.024866806343197823,9927,35,8.142372131347656,-0.2011680155992508,18756,0.6995515823364258,19.7,350404,350505
0.88,0.0005,-10.03433938,0.024287473410367966,9930,35,7.688131332397461,0.03939634561538696,18760,0.9737387895584106,19.71,350487,350588
0.88,0.0005,-10.08367482,0.025043955072760582,9932,35,7.814109802246094,0.8462361097335815,18764,0.6761559247970581,19.78,350575,350676
0.88,0.0005,-10.15220811,0.02473011612892151,9934,35,7.698591709136963,-0.8743802905082703,18768,1.4059194326400757,19.9,350665,350766
0.88,0.0005,-10.12006221,0.024105286225676537,9936,35,9.106744766235352,-0.13004964590072632,18772,1.0381640195846558,19.92,350750,350851
0.87,0.0005,-10.29598115,0.02410685457289219,9939,35,8.093616485595703,-0.8277522325515747,18776,0.2654132544994354,19.97,350834,350935
0.87,0.0005,-10.29576429,0.024115029722452164,9941,35,7.730462074279785,-0.11165666580200195,18780,0.8982515931129456,19.98,350907,351008
0.87,0.0005,-10.25524087,0.024343131110072136,9943,35,8.220080375671387,0.5490508675575256,18784,0.30408990383148193,19.95,350979,351080
0.9,0.0005,-9.4718319,0.023878581821918488,9944,35,7.871301174163818,0.0686892569065094,18788,0.590285062789917,19.83,351049,351150
0.9,0.0005,-9.399633990000002,0.02363244816660881,9946,35,8.383996963500977,0.5239531993865967,18792,0.5986607074737549,19.76,351120,351221
0.9,0.0005,-9.31335208,0.023168835788965225,9948,35,7.136069297790527,-0.07242363691329956,18796,0.5027192234992981,19.65,351192,351293
0.9,0.0005,-9.32614565,0.02380373887717724,9950,35,7.867092132568359,0.3914805054664612,18800,1.314510464668274,19.68,351271,351372
0.9,0.0005,-9.318679470000001,0.024296831339597702,9952,35,7.390560626983643,-0.533250093460083,18804,0.07474982738494873,19.66,351340,351441
0.89,0.0005,-9.553832579999998,0.025039831176400185,9954,35,8.994457244873047,0.7094337940216064,18808,0.5450919270515442,19.7,351419,351520
0.88,0.0005,-9.705165779999998,0.025550728663802147,9956,35,8.207902908325195,0.6216402053833008,18812,1.0018336772918701,19.64,351492,351593
0.89,0.0005,-9.45002057,0.025564059615135193,9958,35,9.541298866271973,0.04449836164712906,18816,0.5681451559066772,19.59,351560,351661
0.89,0.0005,-9.59372438,0.025182684883475304,9960,35,8.796958923339844,0.5985713005065918,18820,0.4620589315891266,19.75,351655,351756
0.89,0.0005,-9.587610239999998,0.02539398893713951,9962,35,8.309248924255371,-0.5191045999526978,18824,1.5156800746917725,19.74,351735,351836
0.89,0.0005,-9.53655747,0.025578303262591362,9964,35,7.5512895584106445,0.36549919843673706,18828,0.15172864496707916,19.66,351802,351903
0.91,0.0005,-9.017693070000002,0.025872452184557915,9966,35,8.17399787902832,0.42260804772377014,18832,2.226224899291992,19.54,351875,351976
0.9,0.0005,-9.30119393,0.026525143533945084,9969,35,7.899417400360107,0.2930588722229004,18836,0.747217059135437,19.68,351967,352068
0.91,0.0005,-9.12737321,0.02654791809618473,9971,35,8.39299488067627,0.09413331747055054,18840,0.2687119245529175,19.79,352058,352159
0.91,0.0005,-9.16818784,0.02713535912334919,9973,35,7.669850826263428,1.1149756908416748,18844,0.478185772895813,19.76,352131,352232
0.9,0.0005,-9.33975957,0.02703157439827919,9975,35,7.409121513366699,-0.2536870241165161,18848,0.6924525499343872,19.75,352212,352313
0.88,0.0005,-9.776160249999998,0.026647699996829033,9977,35,6.499882221221924,-0.8092806935310364,18852,0.16055528819561005,19.82,352299,352400
0.88,0.0005,-9.730457990000001,0.02549954690039158,9979,35,8.321639060974121,-0.459133118391037,18856,0.2461756318807602,19.75,352379,352480
0.88,0.0005,-9.73116569,0.025248387828469276,9981,35,7.879551887512207,0.15007507801055908,18860,0.2868521809577942,19.74,352461,352562
0.88,0.0005,-9.61575332,0.025205017998814583,9983,35,7.597848415374756,-0.7960532903671265,18864,1.0869653224945068,19.53,352528,352629
0.88,0.0005,-9.4631852,0.02520057186484337,9985,35,8.586917877197266,0.01290041208267212,18868,1.5959843397140503,19.29,352594,352695
0.88,0.0005,-9.452957099999999,0.02507958561182022,9987,35,7.891034126281738,-0.18514111638069153,18872,0.9806866645812988,19.26,352676,352777
0.88,0.0005,-9.51772313,0.02480999566614628,9989,35,8.905592918395996,-1.1565371751785278,18876,0.7834147214889526,19.24,352758,352859
0.87,0.0005,-9.79842019,0.024112354964017868,9991,35,8.016800880432129,-0.4759317636489868,18880,0.0862388014793396,19.38,352845,352946
0.87,0.0005,-9.937540030000001,0.02374345250427723,9993,35,7.312024116516113,-0.22980168461799622,18884,0.5270161628723145,19.58,352937,353038
0.87,0.0005,-10.02355918,0.024278579279780388,9995,35,7.684063911437988,0.09698110818862915,18888,1.6123614311218262,19.66,353015,353116
0.87,0.0005,-10.082994659999999,0.024738797917962074,9998,35,7.8809685707092285,0.9513636231422424,18892,1.4392796754837036,19.78,353098,353199
0.85,0.0005,-10.556887029999999,0.025142885744571686,10000,35,8.962973594665527,0.8290124535560608,18896,1.7186493873596191,19.88,353180,353281
0.85,0.0005,-10.633220939999996,0.026159340515732765,10002,35,8.66193962097168,0.46106430888175964,18900,1.0748265981674194,20.03,353274,353375
0.84,0.0005,-10.90225014,0.026294661685824394,10004,35,8.47396183013916,-0.5347100496292114,18904,2.3051071166992188,20.13,353353,353454
0.85,0.0005,-10.761919199999998,0.026461699977517128,10006,35,9.658045768737793,-0.11459876596927643,18908,0.690545916557312,20.2,353439,353540
0.85,0.0005,-10.86705378,0.026973415166139603,10008,35,7.672529220581055,-0.12082057446241379,18912,0.19913482666015625,20.34,353526,353627
0.85,0.0005,-10.90530749,0.026857847347855568,10010,35,8.1709566116333,-0.6729968190193176,18916,1.8540666103363037,20.38,353598,353699
0.85,0.0005,-10.79993078,0.026391401886940002,10012,35,8.971687316894531,0.04671919345855713,18920,0.8546385765075684,20.22,353677,353778
0.85,0.0005,-10.82322543,0.026439152657985687,10014,35,7.428280353546143,0.3422900140285492,18924,1.4874510765075684,20.22,353757,353858
0.84,0.0005,-11.11217703,0.026291126385331154,10016,35,8.036277770996094,0.47071224451065063,18928,0.3479838967323303,20.39,353841,353942
0.84,0.0005,-11.134329289999997,0.026403915137052536,10017,35,8.392269134521484,-0.446900874376297,18932,1.0115554332733154,20.47,353922,354023
0.85,0.0005,-10.917641429999998,0.026609087362885475,10019,35,8.377508163452148,-0.07142570614814758,18936,2.1783390045166016,20.43,354010,354111
0.86,0.0005,-10.607135739999999,0.026593688875436783,10021,35,8.266487121582031,-0.9066911935806274,18940,1.0638452768325806,20.24,354082,354183
0.87,0.0005,-10.500548359999998,0.026488639414310455,10023,35,8.996691703796387,-0.16795265674591064,18944,1.5804634094238281,20.38,354169,354270
0.87,0.0005,-10.49419484,0.026054590940475464,10025,35,6.978780746459961,-0.47091007232666016,18948,0.11153523623943329,20.35,354247,354348
0.88,0.0005,-10.272786140000001,0.025739064440131187,10027,35,7.7250566482543945,-0.6299479007720947,18952,0.0862555056810379,20.28,354327,354428
0.88,0.0005,-10.382860520000001,0.02551203966140747,10029,35,8.649582862854004,0.18299467861652374,18956,1.7843408584594727,20.45,354424,354525
0.88,0.0005,-10.361884189999998,0.02571728266775608,10031,35,7.917147636413574,-0.4083687663078308,18960,0.5139064788818359,20.4,354501,354602
0.87,0.0005,-10.575438760000003,0.02520851418375969,10033,35,8.248130798339844,-1.0541459321975708,18964,0.7324603796005249,20.46,354574,354675
0.87,0.0005,-10.618641939999998,0.02517949603497982,10035,35,7.72667121887207,0.4339365065097809,18968,1.7272388935089111,20.52,354646,354747
0.88,0.0005,-10.39769998,0.025355016812682152,10037,35,7.624286651611328,-0.5202667117118835,18972,0.4336681365966797,20.44,354720,354821
0.89,0.0005,-10.153987660000002,0.025258563458919525,10040,35,8.10508918762207,0.18517477810382843,18976,0.13177721202373505,20.41,354799,354900
0.89,0.0005,-10.18231925,0.024860741570591927,10042,35,8.307205200195312,-0.2397628128528595,18980,0.4220636188983917,20.41,354886,354987
0.89,0.0005,-10.082918750000001,0.024785088375210762,10044,35,8.733684539794922,0.9302835464477539,18984,0.20028945803642273,20.27,354964,355065
0.89,0.0005,-10.02868711,0.02424461394548416,10046,35,9.66571044921875,0.7142850756645203,18988,0.3283730745315552,20.19,355034,355135
0.89,0.0005,-9.9994921,0.024500619620084763,10048,35,8.28776741027832,1.1688541173934937,18992,0.348110556602478,20.08,355106,355207
0.91,0.0005,-9.51788529,0.025042636319994926,10050,35,8.067727088928223,0.3212141990661621,18996,0.1526486575603485,19.96,355176,355277
0.91,0.0005,-9.44045582,0.02547908015549183,10052,35,8.317611694335938,0.23964300751686096,19000,0.21814702451229095,19.8,355254,355355
0.91,0.0005,-9.46461891,0.025668203830718994,10055,35,7.963306427001953,-0.12205255776643753,19004,0.25523608922958374,19.84,355337,355438
0.92,0.0005,-9.221882979999998,0.025785399600863457,10057,35,8.027742385864258,-0.06139768660068512,19008,0.22434565424919128,19.75,355414,355515
0.93,0.0005,-8.94787371,0.0263111162930727,10059,35,7.892618179321289,1.0850859880447388,19012,0.7757128477096558,19.61,355487,355588
0.92,0.0005,-9.22002197,0.026983151212334633,10062,35,7.6782026290893555,0.7777073383331299,19016,1.599134922027588,19.72,355570,355671
0.91,0.0005,-9.411738249999999,0.026946229860186577,10064,35,7.619621276855469,-0.5577895641326904,19020,0.03270174190402031,19.71,355648,355749
0.91,0.0005,-9.43165409,0.02735191583633423,10066,35,8.050472259521484,-0.9849047064781189,19024,0.7662574052810669,19.77,355734,355835
0.92,0.0005,-9.20379586,0.026722492650151253,10069,35,8.07204818725586,-0.20762817561626434,19028,0.6081453561782837,19.7,355811,355912
0.91,0.0005,-9.429990609999999,0.026565609499812126,10071,35,8.324779510498047,-0.8739498853683472,19032,2.0108489990234375,19.74,355896,355997
0.9,0.0005,-9.59260625,0.026639606803655624,10073,35,8.741494178771973,-0.7972894310951233,19036,1.0127267837524414,19.78,355988,356089
0.9,0.0005,-9.644751800000002,0.025872372090816498,10076,35,7.145430564880371,0.08978915214538574,19040,1.1351302862167358,19.86,356068,356169
0.9,0.0005,-9.57120473,0.025329403579235077,10078,35,7.649619102478027,-0.5660117268562317,19044,0.37726449966430664,19.72,356141,356242
0.91,0.0005,-9.33468431,0.024992091581225395,10080,35,7.929068565368652,-0.632420539855957,19048,0.5894821286201477,19.68,356215,356316
0.91,0.0005,-9.28573413,0.024757524952292442,10082,35,7.253390789031982,0.34213507175445557,19052,0.3046986162662506,19.66,356293,356394
0.91,0.0005,-9.156378710000002,0.024692894890904427,10084,35,7.953041076660156,0.25905048847198486,19056,1.7908598184585571,19.44,356368,356469
0.91,0.0005,-9.15239857,0.02449536882340908,10086,35,7.9764604568481445,-0.10856181383132935,19060,0.5310267806053162,19.41,356442,356543
0.92,0.0005,-8.94769646,0.024685854092240334,10088,35,9.03409194946289,1.2323417663574219,19064,0.7713595628738403,19.4,356514,356615
0.91,0.0005,-9.180822299999999,0.02528204955160618,10090,35,8.721991539001465,0.17132292687892914,19068,0.2886820435523987,19.49,356595,356696
0.91,0.0005,-9.13434812,0.02563483454287052,10091,35,8.349873542785645,-0.14077289402484894,19072,1.2587132453918457,19.43,356663,356764
0.91,0.0005,-9.08445661,0.025909611955285072,10093,35,7.7268781661987305,-0.11612794548273087,19076,0.25514471530914307,19.34,356733,356834
0.92,0.0005,-8.821827310000002,0.0262449961155653,10095,35,7.84783935546875,0.297637403011322,19080,0.6153907775878906,19.27,356813,356914
0.92,0.0005,-8.86931407,0.026986582204699516,10098,35,7.595900535583496,1.295426368713379,19084,0.8692339658737183,19.31,356895,356996
0.92,0.0005,-8.868607250000002,0.027074771001935005,10099,35,7.2426934242248535,0.09820080548524857,19088,1.6170804500579834,19.3,356964,357065
0.92,0.0005,-8.8922278,0.027021830901503563,10102,35,7.913041114807129,-0.1737152338027954,19092,1.5218026638031006,19.38,357044,357145
0.92,0.0005,-8.97003525,0.027064036577939987,10104,35,9.535639762878418,-0.24203366041183472,19096,1.884561538696289,19.53,357129,357230
0.92,0.0005,-8.91806863,0.026828797534108162,10106,35,6.422293663024902,0.8164523839950562,19100,1.3991527557373047,19.46,357200,357301
0.93,0.0005,-8.67410413,0.027032533660531044,10108,35,8.59004020690918,0.13029980659484863,19104,0.7449984550476074,19.42,357279,357380
0.93,0.0005,-8.59751025,0.027679134160280228,10109,35,7.293903827667236,0.09011639654636383,19108,1.404646635055542,19.35,357349,357450
0.92,0.0005,-8.82182363,0.027905577793717384,10111,35,8.372078895568848,-0.6462074518203735,19112,0.250369668006897,19.43,357430,357531
0.93,0.0005,-8.597451539999998,0.027526075020432472,10114,35,7.934736251831055,-0.47478383779525757,19116,0.7868340015411377,19.37,357507,357608
0.94,0.0005,-8.388505180000001,0.027125980705022812,10116,35,7.782286643981934,-0.39095672965049744,19120,0.17317071557044983,19.33,357581,357682
0.93,0.0005,-8.582508120000002,0.02708536945283413,10118,35,8.023931503295898,-0.8028923273086548,19124,0.9523824453353882,19.3,357664,357765
0.93,0.0005,-8.57558193,0.026439998298883438,10120,35,8.584539413452148,0.1825059950351715,19128,0.32034459710121155,19.29,357740,357841
0.94,0.0005,-8.38375136,0.02569403685629368,10122,35,7.669376373291016,0.08455914258956909,19132,1.0283081531524658,19.26,357822,357923
0.95,0.0005,-8.11529837,0.025389110669493675,10124,35,8.337967872619629,-0.2382751852273941,19136,0.300845205783844,19.08,357896,357997
0.94,0.0005,-8.27653315,0.025216618552803993,10126,35,7.261763572692871,-0.031350791454315186,19140,0.9086316823959351,19.03,357971,358072
0.93,0.0005,-8.49976244,0.024798333644866943,10128,35,7.881897449493408,-0.10923357307910919,19144,0.5332208871841431,19.11,358052,358153
0.91,0.0005,-8.94012485,0.024999434128403664,10130,35,8.000608444213867,0.007708132266998291,19148,0.7449989318847656,19.22,358137,358238
0.91,0.0005,-9.04846627,0.025168562307953835,10133,35,8.810197830200195,0.2703574001789093,19152,0.2082945704460144,19.35,358228,358329
0.91,0.0005,-9.112710850000003,0.025798695161938667,10135,35,8.084110260009766,0.35551607608795166,19156,0.14871306717395782,19.48,358316,358417
0.9,0.0005,-9.392585930000001,0.025683041661977768,10138,35,7.485116958618164,0.6298306584358215,19160,0.6857254505157471,19.65,358407,358508
0.9,0.0005,-9.38553998,0.025729168206453323,10139,35,7.806562900543213,-0.43715155124664307,19164,0.2987537384033203,19.63,358477,358578
0.91,0.0005,-9.18868702,0.025228777900338173,10141,35,7.838665008544922,-0.03938935697078705,19168,0.427875816822052,19.57,358552,358653
0.91,0.0005,-9.21092295,0.024439962580800056,10144,35,8.059476852416992,-1.2615618705749512,19172,0.21461305022239685,19.66,358629,358730
0.91,0.0005,-9.20016906,0.023311708122491837,10145,35,7.127049922943115,-0.867774486541748,19176,0.16388052701950073,19.63,358696,358797
0.91,0.0005,-9.189279809999999,0.022972624748945236,10147,35,7.542487144470215,-0.0760042816400528,19180,0.3887771964073181,19.59,358772,358873
0.92,0.0005,-8.83985377,0.02292529121041298,10149,35,7.293935775756836,-0.5058647394180298,19184,0.658063530921936,19.39,358834,358935
0.91,0.0005,-9.01465177,0.02354796603322029,10151,35,8.988165855407715,-0.4265534579753876,19188,0.2651978135108948,19.43,358907,359008
0.9,0.0005,-9.212653909999998,0.02411297708749771,10153,35,8.392791748046875,-0.18374596536159515,19192,1.1764934062957764,19.46,358990,359091
0.89,0.0005,-9.39790435,0.024219954386353493,10156,35,8.163483619689941,-0.15187454223632812,19196,0.4376975893974304,19.44,359073,359174
0.89,0.0005,-9.33823042,0.02421390451490879,10157,35,8.776773452758789,0.425918847322464,19200,0.5686953067779541,19.33,359133,359234
0.89,0.0005,-9.346945,0.024486761540174484,10160,35,6.466038703918457,0.5528649091720581,19204,1.065504789352417,19.34,359213,359314
0.89,0.0005,-9.39598513,0.024231119081377983,10162,35,7.453568458557129,0.23072680830955505,19208,1.3212392330169678,19.42,359291,359392
0.9,0.0005,-9.13459978,0.024062495678663254,10164,35,8.37451457977295,0.8417422771453857,19212,0.19791366159915924,19.31,359361,359462
0.88,0.0005,-9.60845533,0.024271732196211815,10166,35,9.012177467346191,0.4399995803833008,19216,0.6876705288887024,19.46,359453,359554
0.87,0.0005,-9.88282112,0.024842366576194763,10169,35,8.598714828491211,-0.2153807133436203,19220,0.2715455889701843,19.6,359541,359642
0.88,0.0005,-9.560372260000001,0.024779435247182846,10171,35,8.66244125366211,-0.6632776260375977,19224,2.7629895210266113,19.47,359611,359712
0.87,0.0005,-9.79425827,0.024898769333958626,10173,35,8.685918807983398,0.3320196270942688,19228,1.3977859020233154,19.57,359697,359798
0.87,0.0005,-9.74711725,0.02574520744383335,10175,35,8.85272216796875,0.6140042543411255,19232,0.9648832678794861,19.51,359773,359874
0.86,0.0005,-10.00629287,0.026003237813711166,10177,35,8.381675720214844,0.28597331047058105,19236,0.8314865827560425,19.59,359855,359956
0.87,0.0005,-9.74015869,0.026048261672258377,10197,35,7.526097774505615,-0.12474671751260757,19240,1.334315299987793,19.48,359919,360020
0.88,0.0005,-9.589415319999999,0.02573399990797043,10199,35,7.258831977844238,-0.6754473447799683,19244,0.5425935983657837,19.53,360005,360106
0.9,0.0005,-9.2028087,0.025353215634822845,10202,35,7.838167190551758,-0.47322219610214233,19248,1.1266770362854004,19.53,360090,360191
0.91,0.0005,-8.94238111,0.024780167266726494,10204,35,7.5044379234313965,-0.051961734890937805,19252,0.11876371502876282,19.45,360173,360274
0.91,0.0005,-8.904021149999998,0.02448030561208725,10206,35,7.893223762512207,-0.6505203247070312,19256,0.23005574941635132,19.39,360255,360356
0.91,0.0005,-8.906963389999998,0.02451244555413723,10209,35,7.806031703948975,-0.3733062744140625,19260,0.5046070218086243,19.34,360341,360442
0.9,0.0005,-9.232767039999997,0.024755973368883133,10211,35,7.512637615203857,0.20768538117408752,19264,0.7922616600990295,19.56,360433,360534
0.9,0.0005,-9.14023695,0.02453608624637127,10213,35,8.543766975402832,0.2986506223678589,19268,0.8216866254806519,19.43,360495,360596
0.89,0.0005,-9.43605529,0.02447759173810482,10216,35,8.213915824890137,0.3542342782020569,19272,0.4176090955734253,19.51,360580,360681
0.88,0.0005,-9.69583711,0.024488678202033043,10218,35,7.690728187561035,0.006900280714035034,19276,0.4412866532802582,19.61,360657,360758
0.87,0.0005,-9.82632114,0.024858973920345306,10220,35,8.713117599487305,-0.7184178829193115,19280,0.26351112127304077,19.62,360734,360835
0.87,0.0005,-9.974977189999999,0.024282673373818398,10222,35,8.108185768127441,0.18920670449733734,19284,1.7543333768844604,19.85,360819,360920
0.87,0.0005,-10.11388848,0.023950770497322083,10224,35,7.9156174659729,0.6986147165298462,19288,0.3720058798789978,19.99,360906,361007
0.88,0.0005,-9.931628770000001,0.024090714752674103,10227,35,7.500170707702637,-0.864210844039917,19292,0.25478488206863403,20.0,360990,361091
0.88,0.0005,-9.99056919,0.023400209844112396,10229,35,7.683374404907227,-1.1357603073120117,19296,0.23349830508232117,20.07,361080,361181
0.87,0.0005,-10.2746422,0.02271333336830139,10231,35,8.842743873596191,-0.24320809543132782,19300,0.4624868631362915,20.22,361155,361256
0.87,0.0005,-10.206809750000001,0.022479673847556114,10233,35,7.844862937927246,-1.0170769691467285,19304,1.2094213962554932,20.08,361221,361322
0.87,0.0005,-10.16628115,0.02217891812324524,10235,35,8.174330711364746,0.17491593956947327,19308,0.8587971329689026,20.03,361294,361395
0.87,0.0005,-10.31385058,0.022663254290819168,10238,35,7.8805155754089355,0.6257549524307251,19312,1.1100804805755615,20.25,361386,361487
0.88,0.0005,-10.08662595,0.02291916497051716,10240,35,7.187039852142334,-0.27107056975364685,19316,0.22263285517692566,20.14,361467,361568
0.89,0.0005,-9.85363409,0.023255668580532074,10242,35,8.689456939697266,0.35909754037857056,19320,0.1758859008550644,20.12,361553,361654
0.87,0.0005,-10.365956119999998,0.023554479703307152,10245,35,7.352806568145752,-0.14574377238750458,19324,0.47978806495666504,20.31,361642,361743
0.88,0.0005,-10.086490079999999,0.023499781265854836,10247,35,8.399100303649902,0.05798745155334473,19328,0.30534881353378296,20.15,361712,361813
0.87,0.0005,-10.31102833,0.022932447493076324,10249,35,7.349850654602051,-1.398672342300415,19332,0.3705155551433563,20.21,361794,361895
0.87,0.0005,-10.26946085,0.02256321720778942,10251,35,8.097246170043945,0.25759080052375793,19336,2.7178597450256348,20.12,361867,361968
0.87,0.0005,-10.337394340000001,0.022999167442321777,10253,35,8.788705825805664,0.7260847091674805,19340,1.4465047121047974,20.26,361945,362046
0.87,0.0005,-10.327649569999998,0.024064239114522934,10255,35,14.467761993408203,2.225266933441162,19344,1.8893957138061523,20.26,362031,362132
0.87,0.0005,-10.3114432,0.02626386657357216,10258,35,10.020828247070312,2.070755958557129,19348,1.1677991151809692,20.2,362110,362211
0.85,0.0005,-10.817826619999998,0.027611082419753075,10260,35,9.54023551940918,1.5994526147842407,19352,1.7364723682403564,20.1,362183,362284
0.84,0.0005,-11.862512180000001,0.025797823444008827,10269,35,8.175116539001465,-0.12721692025661469,19356,0.6461799144744873,22.82,362537,362638
0.85,0.0005,-12.564455610000005,0.026397500187158585,10280,35,8.440523147583008,0.4047943353652954,19360,0.28394490480422974,25.85,362926,363027
0.85,0.0005,-12.563361440000001,0.02713143453001976,10282,35,9.470714569091797,-1.0067462921142578,19364,2.125059127807617,25.78,363011,363112
0.84,0.0005,-12.90535254,0.02683461830019951,10284,35,8.576826095581055,-0.40348097681999207,19368,0.5258151888847351,25.98,363093,363194
0.85,0.0005,-12.633533760000004,0.02637658081948757,10286,35,7.917603492736816,0.1054220050573349,19372,2.7274587154388428,25.88,363168,363269
0.84,0.0005,-12.800208099999997,0.026174340397119522,10288,35,9.573833465576172,-0.47356805205345154,19376,0.28975844383239746,25.9,363247,363348
0.84,0.0005,-12.919349899999997,0.027113843709230423,10290,35,8.076423645019531,0.28607213497161865,19380,1.609336256980896,25.95,363329,363430
0.83,0.0005,-13.01704738,0.027295727282762527,10292,35,7.455233573913574,0.08985501527786255,19384,0.9870555400848389,25.91,363410,363511
0.84,0.0005,-12.686819779999999,0.02701536938548088,10294,35,7.483339309692383,0.6239725947380066,19388,1.477295994758606,25.79,363485,363586
0.84,0.0005,-12.696898759999996,0.02697545848786831,10296,35,8.512208938598633,0.04223620891571045,19392,0.1833430975675583,25.83,363573,363674
0.85,0.0005,-12.468651549999999,0.027176298201084137,10298,35,8.423721313476562,0.5634204149246216,19396,0.7064021825790405,25.75,363655,363756
0.85,0.0005,-12.50522103,0.027157196775078773,10300,35,8.185441970825195,-0.3205885887145996,19400,0.6745202541351318,25.81,363736,363837
0.85,0.0005,-12.53450897,0.026941630989313126,10302,35,7.376216411590576,0.43558159470558167,19404,0.5878508687019348,25.91,363812,363913
0.83,0.0005,-12.994394529999997,0.026627644896507263,10304,35,7.666081428527832,-0.09153833985328674,19408,1.2251296043395996,26.0,363894,363995
0.81,0.0005,-13.336080040000002,0.026085732504725456,10306,35,7.422264099121094,-0.19406308233737946,19412,0.6597887277603149,25.97,363983,364084
0.81,0.0005,-13.361355160000002,0.025797981768846512,10308,35,7.933955192565918,0.4844856262207031,19416,1.2076281309127808,26.09,364076,364177
0.81,0.0005,-13.341316350000001,0.02535868063569069,10310,35,8.340862274169922,0.009978294372558594,19420,1.5438830852508545,26.05,364158,364259
0.8,0.0005,-13.537923780000002,0.02508874610066414,10313,35,9.367023468017578,-0.6979666948318481,19424,1.5784424543380737,26.05,364247,364348
0.8,0.0005,-13.544169249999998,0.024966619908809662,10314,35,8.838119506835938,0.5750584602355957,19428,0.5798536539077759,26.06,364318,364419
0.8,0.0005,-13.60253744,0.025146998465061188,10316,35,8.365458488464355,-0.08538386225700378,19432,0.32871130108833313,26.14,364408,364509
0.79,0.0005,-13.928946009999999,0.025192076340317726,10318,35,7.450523376464844,0.3080599009990692,19436,0.26897889375686646,26.32,364499,364600
0.78,0.0005,-14.23947054,0.025179022923111916,10320,35,8.582595825195312,0.21086177229881287,19440,0.3224967122077942,26.41,364586,364687
0.78,0.0005,-14.14472339,0.025210870429873466,10322,35,8.785487174987793,0.6214824318885803,19444,0.2892875075340271,26.27,364658,364759
0.77,0.0005,-14.368264640000001,0.02515810914337635,10325,35,8.35212516784668,0.5012043714523315,19448,2.023355007171631,26.38,364748,364849
0.79,0.0005,-13.83286633,0.02548445761203766,10327,35,8.343375205993652,-0.06430412828922272,19452,0.5336987376213074,26.47,364830,364931
0.8,0.0005,-12.841390220000001,0.025398990139365196,10329,35,7.929271697998047,-0.4862855076789856,19456,0.37858396768569946,23.78,364915,365016
0.8,0.0005,-11.842898029999999,0.025415092706680298,10331,35,7.864185333251953,-0.26212581992149353,19460,1.4983596801757812,20.68,364994,365095
0.8,0.0005,-11.77720257,0.025842860341072083,10333,35,7.595714569091797,-0.24579791724681854,19464,0.29507914185523987,20.62,365073,365174
0.81,0.0005,-11.635591199999999,0.02559794671833515,10335,35,7.410719394683838,-1.0734846591949463,19468,0.5629400610923767,20.73,365166,365267
0.8,0.0005,-11.834700929999999,0.025454070419073105,10337,35,8.300582885742188,-0.2302897572517395,19472,1.7033805847167969,20.73,365241,365342
0.82,0.0005,-11.44842843,0.025139205157756805,10339,35,7.79642391204834,0.2621573209762573,19476,1.3143317699432373,20.75,365322,365423
0.82,0.0005,-11.3699584,0.02473340556025505,10341,35,7.558141708374023,0.6562731266021729,19480,0.8512864708900452,20.68,365397,365498
0.83,0.0005,-11.147654130000003,0.024631930515170097,10343,35,7.295999526977539,-0.743429958820343,19484,0.3378247022628784,20.57,365467,365568
0.83,0.0005,-11.160698260000002,0.02444463036954403,10345,35,8.243705749511719,0.4176686406135559,19488,0.884945809841156,20.5,365535,365636
0.83,0.0005,-11.08295133,0.024429848417639732,10347,35,8.689533233642578,-0.5178561210632324,19492,0.7957949638366699,20.35,365608,365709
0.83,0.0005,-10.985572589999999,0.024108918383717537,10348,35,8.599102020263672,-0.5058279037475586,19496,2.02475643157959,20.21,365676,365777
0.84,0.0005,-10.790920610000002,0.0241401270031929,10351,35,6.818733215332031,-0.6033695340156555,19500,0.2370131015777588,20.23,365759,365860
0.83,0.0005,-11.05372859,0.02390635758638382,10353,35,8.371944427490234,0.09304694086313248,19504,1.5676608085632324,20.26,365838,365939
0.85,0.0005,-10.663645220000001,0.023320753127336502,10355,35,8.035127639770508,-1.0348581075668335,19508,0.28468242287635803,20.32,365926,366027
0.86,0.0005,-10.428029760000001,0.022104742005467415,10357,35,7.594561576843262,-0.4867149889469147,19512,0.20021367073059082,20.23,366006,366107
0.86,0.0005,-10.36577638,0.02148275077342987,10359,35,7.710873126983643,0.39263030886650085,19516,0.3156396746635437,20.06,366082,366183
0.85,0.0005,-10.500201519999997,0.021686622872948647,10361,35,7.04696798324585,1.0796830654144287,19520,0.6986371874809265,19.89,366147,366248
0.87,0.0005,-10.10972299,0.023130878806114197,10363,35,7.015486240386963,-0.24225156009197235,19524,0.704773485660553,19.91,366238,366339
0.87,0.0005,-10.14496235,0.02380821667611599,10365,35,7.822187900543213,0.12110453844070435,19528,0.2606927752494812,19.95,366313,366414
0.87,0.0005,-10.10215804,0.02378731407225132,10367,35,7.486514568328857,0.7014225721359253,19532,0.603320837020874,19.95,366403,366504
0.88,0.0005,-9.80318377,0.02440241351723671,10369,35,8.782594680786133,0.2232859879732132,19536,1.9258753061294556,19.79,366478,366579
0.89,0.0005,-9.48102282,0.02415924146771431,10371,35,7.295762062072754,-0.08897338807582855,19540,0.172896608710289,19.67,366553,366654
0.89,0.0005,-9.52111809,0.024202503263950348,10373,35,8.483572959899902,-0.5895135998725891,19544,0.28534507751464844,19.71,366629,366730
0.89,0.0005,-9.480757539999999,0.02441371977329254,10375,35,8.407254219055176,-0.7248626947402954,19548,0.14601267874240875,19.66,366714,366815
0.89,0.0005,-9.43326263,0.024378228932619095,10377,35,7.119411945343018,0.07846111059188843,19552,0.37713542580604553,19.51,366781,366882
0.89,0.0005,-9.36460595,0.024054626002907753,10379,35,7.127328872680664,0.3419598937034607,19556,1.7043665647506714,19.45,366860,366961
0.89,0.0005,-9.347242860000001,0.023696724325418472,10381,35,8.37881851196289,0.08683949708938599,19560,1.4750945568084717,19.38,366932,367033
0.9,0.0005,-9.089521160000002,0.023140940815210342,10382,35,7.358616352081299,-0.7381362318992615,19564,0.5115786194801331,19.28,367001,367102
0.9,0.0005,-9.00046099,0.023137200623750687,10385,35,8.8626708984375,-0.09249664843082428,19568,0.3972621262073517,19.17,367083,367184
0.9,0.0005,-9.02507107,0.02434854581952095,10387,35,8.4977445602417,1.836183786392212,19572,0.5309832692146301,19.24,367165,367266
0.89,0.0005,-9.28976404,0.02570895105600357,10389,35,7.2709431648254395,0.398705393075943,19576,1.0942027568817139,19.23,367245,367346
0.9,0.0005,-9.12897223,0.026553209871053696,10391,35,8.225050926208496,-0.04880745708942413,19580,0.33874785900115967,19.29,367326,367427
0.9,0.0005,-9.230514589999999,0.026601387187838554,10393,35,8.118199348449707,-0.3108586370944977,19584,1.0423158407211304,19.45,367412,367513
0.9,0.0005,-9.24915334,0.02658436819911003,10395,35,9.185166358947754,-0.1326534003019333,19588,0.42181259393692017,19.53,367488,367589
0.9,0.0005,-9.312900720000002,0.02683856710791588,10397,35,7.810616493225098,1.2101904153823853,19592,2.7283623218536377,19.63,367571,367672
0.9,0.0005,-9.38250481,0.027216123417019844,10398,35,7.875460624694824,-0.26626071333885193,19596,0.3691898286342621,19.76,367652,367753
0.9,0.0005,-9.33050841,0.02717587724328041,10400,35,7.846827983856201,0.6295465230941772,19600,0.34526777267456055,19.69,367728,367829
0.89,0.0005,-9.5603572,0.02710014209151268,10402,35,7.996735572814941,0.18100892007350922,19604,0.3270688056945801,19.75,367813,367914
0.89,0.0005,-9.496757709999999,0.026628049090504646,10404,35,7.064983367919922,0.49626457691192627,19608,0.27805033326148987,19.61,367887,367988
0.9,0.0005,-9.368551079999998,0.02609514258801937,10407,35,6.601988315582275,-0.40121740102767944,19612,1.1451352834701538,19.74,367980,368081
0.91,0.0005,-9.16542393,0.025504114106297493,10409,35,7.712843894958496,-1.3192803859710693,19616,0.12007733434438705,19.77,368059,368160
0.92,0.0005,-8.92960286,0.0250085536390543,10410,35,7.763155460357666,0.28346171975135803,19620,0.8239734172821045,19.78,368125,368226
0.93,0.0005,-8.653806070000002,0.024403071030974388,10412,35,7.774892330169678,-0.2038075029850006,19624,0.3573022484779358,19.62,368200,368301
0.93,0.0005,-8.71186423,0.02414443902671337,10414,35,8.009528160095215,0.1286327838897705,19628,0.20741653442382812,19.72,368285,368386
0.92,0.0005,-8.936582880000001,0.023887930437922478,10417,35,8.096553802490234,0.041466206312179565,19632,0.8964438438415527,19.67,368370,368471
0.93,0.0005,-8.7583484,0.02339407242834568,10419,35,7.555586814880371,-0.48740899562835693,19636,0.6267152428627014,19.79,368457,368558
0.93,0.0005,-8.791036409999998,0.023153219372034073,10421,35,8.034231185913086,0.3293226659297943,19640,0.9653548002243042,19.79,368532,368633
0.93,0.0005,-8.8096549,0.023441104218363762,10423,35,7.5829267501831055,0.1480129063129425,19644,1.381495475769043,19.85,368614,368715
0.93,0.0005,-8.810405470000001,0.02314777672290802,10425,35,7.946460723876953,0.1567293405532837,19648,0.37598347663879395,19.77,368691,368792
0.93,0.0005,-8.871647809999999,0.023525238037109375,10427,35,7.887457847595215,0.11196564882993698,19652,0.279914528131485,19.88,368769,368870
0.92,0.0005,-9.019791289999999,0.023701660335063934,10429,35,7.960408687591553,0.13166703283786774,19656,1.0342648029327393,19.8,368840,368941
0.92,0.0005,-9.01265001,0.02386610582470894,10431,35,8.048709869384766,1.183842658996582,19660,0.47914427518844604,19.8,368912,369013
0.92,0.0005,-9.020302630000002,0.02384120225906372,10433,35,8.573615074157715,-0.18945646286010742,19664,0.07625815272331238,19.84,368985,369086
0.91,0.0005,-9.24043116,0.023909173905849457,10434,35,7.712793827056885,0.31853556632995605,19668,1.4038169384002686,19.77,369060,369161
0.92,0.0005,-9.00963645,0.02378648705780506,10436,35,7.51894474029541,0.797684907913208,19672,0.7945135831832886,19.69,369134,369235
0.92,0.0005,-8.973441439999998,0.02408602274954319,10438,35,6.799855709075928,-0.2402757853269577,19676,0.8424357175827026,19.69,369214,369315
0.92,0.0005,-8.98327948,0.023581715300679207,10440,35,8.339977264404297,-0.7420642971992493,19680,0.07648630440235138,19.72,369298,369399
0.92,0.0005,-9.00479566,0.023392727598547935,10442,35,8.462132453918457,-0.5923460125923157,19684,0.8907556533813477,19.69,369381,369482
0.92,0.0005,-9.049807229999999,0.02368715964257717,10444,35,8.460951805114746,-0.27219629287719727,19688,0.5581698417663574,19.73,369461,369562
0.91,0.0005,-9.18780674,0.0236914474517107,10446,35,8.355121612548828,-0.283345490694046,19692,0.9512808322906494,19.58,369529,369630
0.91,0.0005,-9.18693168,0.024313949048519135,10448,35,9.427103042602539,0.4398248791694641,19696,2.5331976413726807,19.59,369611,369712
0.91,0.0005,-9.21122181,0.026033032685518265,10450,35,8.738907814025879,1.6967203617095947,19700,1.1105040311813354,19.58,369686,369787
0.92,0.0005,-8.924081880000001,0.027995634824037552,10453,35,8.21329116821289,0.5933534502983093,19704,1.4557265043258667,19.54,369767,369868
0.92,0.0005,-8.93888415,0.028449710458517075,10455,35,8.424680709838867,-0.3103109300136566,19708,5.508358001708984,19.6,369847,369948
0.91,0.0005,-9.10497092,0.029699651524424553,10475,35,8.937812805175781,1.4082567691802979,19712,2.338139533996582,19.5,369930,370031
0.9,0.0005,-9.348177929999999,0.029684750363230705,10477,35,8.146543502807617,-0.6543353796005249,19716,0.2788499593734741,19.56,370015,370116
0.9,0.0005,-9.376455720000001,0.02932705357670784,10479,35,8.080100059509277,-0.5559772253036499,19720,1.8272016048431396,19.57,370082,370183
0.89,0.0005,-9.62789009,0.028529305011034012,10481,35,8.284753799438477,-0.4762594699859619,19724,2.000945568084717,19.68,370168,370269
0.88,0.0005,-9.874732789999998,0.02780003845691681,10484,35,7.097620010375977,-0.2374774068593979,19728,0.5865793228149414,19.7,370255,370356
0.9,0.0005,-9.43071127,0.02699928544461727,10486,35,7.46871280670166,-0.07460051774978638,19732,1.1184067726135254,19.66,370336,370437
0.9,0.0005,-9.450438599999998,0.0264254342764616,10488,35,9.023735046386719,-0.2443302869796753,19736,0.5241785049438477,19.63,370420,370521
0.9,0.0005,-9.39669476,0.025892475619912148,10490,35,7.320168495178223,0.1539878398180008,19740,1.5453834533691406,19.55,370487,370588
0.88,0.0005,-9.84660762,0.025526689365506172,10492,35,7.423044204711914,-1.225887656211853,19744,0.25569063425064087,19.57,370571,370672
0.89,0.0005,-9.61082921,0.02531282603740692,10494,35,7.5818281173706055,-0.3192428648471832,19748,0.13374164700508118,19.54,370645,370746
0.88,0.0005,-9.804334630000001,0.02551029436290264,10496,35,7.367818355560303,-0.22042864561080933,19752,0.41788870096206665,19.5,370719,370820
0.88,0.0005,-9.869599840000001,0.025527596473693848,10499,35,7.662655353546143,0.41183626651763916,19756,0.9092110395431519,19.59,370799,370900
0.88,0.0005,-9.827397209999999,0.025422964245080948,10500,35,8.872175216674805,1.3998336791992188,19760,1.8776171207427979,19.52,370864,370965
0.87,0.0005,-10.072164579999999,0.0257773045450449,10502,35,7.245250701904297,-0.1251130998134613,19764,0.37112662196159363,19.56,370941,371042
0.88,0.0005,-9.936529089999999,0.025991057977080345,10505,35,8.241658210754395,-0.45247799158096313,19768,0.29530349373817444,19.73,371033,371134
0.87,0.0005,-10.194086729999999,0.02579730562865734,10507,35,8.015543937683105,0.23556813597679138,19772,2.5765111446380615,19.74,371108,371209
0.88,0.0005,-9.93665465,0.025450175628066063,10509,35,7.568037033081055,-0.6635030508041382,19776,1.4584685564041138,19.65,371179,371280
0.88,0.0005,-9.919314660000001,0.025243710726499557,10512,35,7.833319664001465,0.6960815191268921,19780,0.3827885687351227,19.58,371256,371357
0.88,0.0005,-9.83435894,0.02556336112320423,10514,35,8.259217262268066,-0.1846071481704712,19784,0.14922477304935455,19.49,371330,371431
0.88,0.0005,-9.78664709,0.026198187842965126,10516,35,7.81085205078125,1.0238486528396606,19788,0.4410496950149536,19.42,371403,371504
0.89,0.0005,-9.64460055,0.026612240821123123,10519,35,8.211734771728516,0.7587380409240723,19792,1.670222520828247,19.59,371488,371589
0.88,0.0005,-9.819649819999999,0.026425540447235107,10521,35,8.726101875305176,0.035962849855422974,19796,0.48282474279403687,19.53,371564,371665
0.88,0.0005,-9.831095849999999,0.025830591097474098,10523,35,7.8358235359191895,-0.6442452073097229,19800,0.390527606010437,19.56,371642,371743
0.89,0.0005,-9.68799757,0.025423141196370125,10525,35,9.00314712524414,-0.382489949464798,19804,0.4571285843849182,19.55,371722,371823
0.89,0.0005,-9.68524425,0.025200137868523598,10527,35,7.93924617767334,-0.397590309381485,19808,1.0644818544387817,19.53,371800,371901
0.9,0.0005,-9.483540549999997,0.0247463658452034,10529,35,8.313982009887695,-0.24429450929164886,19812,0.26476427912712097,19.51,371881,371982
0.91,0.0005,-9.327192029999999,0.024519681930541992,10532,35,8.582934379577637,0.12141561508178711,19816,0.9349316358566284,19.57,371972,372073
0.9,0.0005,-9.673165149999999,0.024566782638430595,10534,35,7.547203540802002,0.5197595357894897,19820,0.3868716359138489,19.77,372059,372160
0.89,0.0005,-9.86871357,0.024954359978437424,10536,35,7.170323371887207,-0.40829065442085266,19824,0.24035857617855072,19.67,372135,372236
0.9,0.0005,-9.58866712,0.02500276081264019,10539,35,7.497922897338867,-0.7106088399887085,19828,0.15083123743534088,19.63,372218,372319
0.88,0.0005,-10.002810140000001,0.024024421349167824,10541,35,8.0262451171875,0.39812248945236206,19832,1.3983116149902344,19.64,372300,372401
0.88,0.0005,-10.032176920000001,0.02404646761715412,10544,35,7.770992755889893,-0.31028619408607483,19836,1.3123608827590942,19.75,372395,372496
0.87,0.0005,-10.292296550000001,0.024134205654263496,10546,35,7.020651340484619,-0.931963324546814,19840,0.17425987124443054,19.87,372474,372575
0.88,0.0005,-10.04535139,0.02399347722530365,10548,35,7.084074020385742,-0.970617413520813,19844,1.742903470993042,19.84,372555,372656
0.88,0.0005,-10.08822525,0.02376662939786911,10550,35,8.67696762084961,0.2767677307128906,19848,0.32997041940689087,19.87,372632,372733
0.89,0.0005,-9.91026354,0.023150818422436714,10553,35,8.118352890014648,-0.6985893845558167,19852,0.18106749653816223,19.99,372718,372819
0.9,0.0005,-9.698679600000002,0.02306891605257988,10555,35,8.40538215637207,-0.4368794560432434,19856,0.4925263524055481,19.98,372797,372898
0.9,0.0005,-9.8042722,0.023319145664572716,10557,35,8.18903923034668,-0.04255947470664978,19860,1.0612560510635376,20.17,372881,372982
0.9,0.0005,-9.814657279999999,0.02339247614145279,10559,35,6.511117935180664,-0.15359947085380554,19864,0.11323747038841248,20.2,372961,373062
0.9,0.0005,-9.712741970000002,0.023176146671175957,10561,35,7.439640045166016,0.011692449450492859,19868,0.40117955207824707,20.04,373037,373138
0.91,0.0005,-9.43840467,0.022934021428227425,10564,35,7.529535293579102,-0.39949706196784973,19872,0.5914721488952637,20.05,373113,373214
0.91,0.0005,-9.491391239999999,0.0231150072067976,10566,35,7.784214019775391,0.3179486393928528,19876,0.12991026043891907,20.13,373192,373293
0.91,0.0005,-9.60428624,0.022763149812817574,10569,35,8.127488136291504,0.19435620307922363,19880,1.2995450496673584,20.31,373287,373388
0.91,0.0005,-9.65527617,0.02289339154958725,10571,35,8.378204345703125,-0.04115408658981323,19884,0.16519922018051147,20.37,373367,373468
0.91,0.0005,-9.704582590000001,0.02293947897851467,10573,35,8.262638092041016,0.10486036539077759,19888,0.4900633692741394,20.45,373448,373549
0.91,0.0005,-9.68734195,0.023069443181157112,10575,35,6.985868453979492,0.0852988064289093,19892,1.417044997215271,20.37,373525,373626
0.92,0.0005,-9.52964643,0.023650050163269043,10578,35,7.925136566162109,1.642008662223816,19896,0.3810132145881653,20.49,373613,373714
0.92,0.0005,-9.63487258,0.024075178429484367,10580,35,7.448348045349121,0.1508464813232422,19900,0.7616896629333496,20.65,373707,373808
0.92,0.0005,-9.52299478,0.023888370022177696,10582,35,7.372108459472656,0.5773420333862305,19904,0.9532766938209534,20.54,373776,373877
0.92,0.0005,-9.508384209999997,0.02411322481930256,10584,35,7.99339485168457,-0.15792861580848694,19908,0.4704328179359436,20.51,373851,373952
0.91,0.0005,-9.71520803,0.02403184026479721,10586,35,7.790977954864502,0.3840366303920746,19912,0.45153576135635376,20.55,373936,374037
0.9,0.0005,-9.91717384,0.024198926985263824,10588,35,7.239377021789551,-0.43057674169540405,19916,0.348102331161499,20.54,374026,374127
0.91,0.0005,-9.585717409999999,0.023723546415567398,10590,35,8.15017318725586,0.36174139380455017,19920,0.8905868530273438,20.38,374097,374198
0.93,0.0005,-9.239115499999999,0.023700829595327377,10592,35,7.425251007080078,-0.43611788749694824,19924,0.41715705394744873,20.52,374187,374288
0.93,0.0005,-9.19335206,0.02353937178850174,10594,35,8.69096565246582,0.625497579574585,19928,1.8051433563232422,20.46,374264,374365
0.95,0.0005,-8.80380203,0.023820785805583,10597,35,9.258941650390625,0.6743210554122925,19932,2.074219226837158,20.47,374347,374448
0.93,0.0005,-9.18433897,0.023676278069615364,10599,35,7.741135120391846,-0.22034932672977448,19936,0.9535804986953735,20.42,374437,374538
0.93,0.0005,-9.14771333,0.023427007719874382,10601,35,7.5156965255737305,-0.0868687629699707,19940,0.4431677460670471,20.31,374505,374606
0.94,0.0005,-8.95371949,0.023205334320664406,10603,35,7.2600202560424805,-0.4794888496398926,19944,2.968942403793335,20.34,374589,374690
0.94,0.0005,-8.90587451,0.023434588685631752,10605,35,8.001360893249512,0.0035897716879844666,19948,0.26990050077438354,20.28,374660,374761
0.94,0.0005,-8.89492624,0.023886553943157196,10607,35,7.286444664001465,-0.533111035823822,19952,1.6681801080703735,20.21,374739,374840
0.94,0.0005,-8.843819550000001,0.023682929575443268,10609,35,7.931057453155518,0.9290241599082947,19956,0.41716426610946655,20.12,374809,374910
0.94,0.0005,-8.78976969,0.02423686720430851,10611,35,6.484277725219727,-0.12129996716976166,19960,0.5513074398040771,20.04,374885,374986
0.94,0.0005,-8.83206292,0.024029245600104332,10613,35,7.217124938964844,0.06566119194030762,19964,1.2185962200164795,20.11,374972,375073
0.92,0.0005,-9.334862799999998,0.024362342432141304,10615,35,8.673776626586914,-0.29621490836143494,19968,1.3512377738952637,20.28,375065,375166
0.92,0.0005,-9.32150982,0.02385053038597107,10617,35,8.509685516357422,-0.3629087507724762,19972,1.6410136222839355,20.24,375137,375238
0.9,0.0005,-9.817252300000002,0.023748667910695076,10620,35,7.693977355957031,0.3126101493835449,19976,0.7478334307670593,20.39,375231,375332
0.89,0.0005,-9.91602117,0.023608209565281868,10622,35,7.334227561950684,-0.4085242748260498,19980,0.31659290194511414,20.23,375310,375411
0.89,0.0005,-9.92890203,0.02402246743440628,10624,35,6.905340194702148,0.5436575412750244,19984,0.1697407066822052,20.27,375394,375495
0.89,0.0005,-9.935205390000002,0.024278411641716957,10626,35,7.180438995361328,0.11528444290161133,19988,1.0490777492523193,20.31,375479,375580
0.89,0.0005,-9.886981890000001,0.024333029985427856,10628,35,7.9843058586120605,0.7295022010803223,19992,1.243269443511963,20.25,375550,375651
0.89,0.0005,-9.80310069,0.024690674617886543,10630,35,8.628028869628906,-0.11780571937561035,19996,0.46689802408218384,20.05,375618,375719
0.88,0.0005,-9.875852340000002,0.024880267679691315,10632,35,7.901655197143555,0.058007001876831055,20000,1.0988901853561401,19.84,375691,375792
0.88,0.0005,-9.91351246,0.024893363937735558,10633,35,6.998947620391846,0.18990039825439453,20004,1.449326992034912,19.87,375763,375864
0.88,0.0005,-10.047290460000001,0.025047479197382927,10636,35,8.336089134216309,-0.2944881021976471,20008,0.635446310043335,20.03,375854,375955
0.89,0.0005,-9.8535027,0.02473246306180954,10638,35,8.3038911819458,0.1389700472354889,20012,0.15519839525222778,20.03,375939,376040
0.9,0.0005,-9.56654636,0.025060465559363365,10640,35,7.593691349029541,-0.0984606146812439,20016,0.6372503638267517,19.93,376019,376120
0.89,0.0005,-9.87899209,0.02451944164931774,10642,35,7.138858318328857,-0.7278844714164734,20020,0.2657046914100647,20.12,376109,376210
0.88,0.0005,-10.001786249999999,0.02422567643225193,10644,35,6.884896278381348,1.0124682188034058,20024,3.7560877799987793,19.98,376185,376286
0.87,0.0005,-10.293031209999999,0.02403588593006134,10646,35,8.171960830688477,-0.7666361331939697,20028,0.5130935907363892,20.12,376276,376377
0.86,0.0005,-10.423437369999998,0.024049019441008568,10648,35,8.89292049407959,0.8749080300331116,20032,0.89644855260849,19.94,376341,376442
0.87,0.0005,-10.187199790000001,0.024105383083224297,10651,35,7.192155838012695,-0.2472470998764038,20036,1.1497526168823242,19.85,376422,376523
0.88,0.0005,-10.120974310000001,0.02448674477636814,10653,35,7.565388202667236,0.638986349105835,20040,1.376779556274414,20.08,376513,376614
0.87,0.0005,-10.34405857,0.025845035910606384,10655,35,9.632198333740234,-0.013846039772033691,20044,1.618510365486145,20.08,376597,376698
0.87,0.0005,-10.31076614,0.025788210332393646,10657,35,7.3573503494262695,0.25267279148101807,20048,0.2797698378562927,20.07,376667,376768
0.86,0.0005,-10.525810020000002,0.02567945420742035,10660,35,7.4551496505737305,-0.052495844662189484,20052,0.5183359384536743,20.12,376751,376852
0.85,0.0005,-10.77483107,0.025466211140155792,10662,35,7.6241655349731445,0.026245474815368652,20056,0.5377964973449707,20.17,376826,376927
0.83,0.0005,-11.237001309999998,0.024962209165096283,10664,35,7.590427398681641,-0.4918458163738251,20060,1.7544203996658325,20.24,376909,377010
0.84,0.0005,-11.03212592,0.024614481255412102,10667,35,7.697844505310059,-0.5737761855125427,20064,0.23371005058288574,20.21,376993,377094
0.85,0.0005,-10.780556399999998,0.024179209023714066,10669,35,7.533215522766113,-0.8701567649841309,20068,0.11631860584020615,20.11,377076,377177
0.84,0.0005,-11.02331091,0.02390596829354763,10671,35,7.773242950439453,-0.4947209060192108,20072,0.091459259390831,20.15,377152,377253
0.86,0.0005,-10.519603129999998,0.023603646084666252,10673,35,8.988763809204102,0.5744559168815613,20076,0.8917083740234375,19.98,377229,377330
0.86,0.0005,-10.64360244,0.024514485150575638,10675,35,9.03175163269043,-0.4381122589111328,20080,0.33448368310928345,19.94,377304,377405
0.86,0.0005,-10.645665820000001,0.023872336372733116,10678,35,8.561692237854004,1.0361154079437256,20084,0.9102087020874023,19.95,377389,377490
0.85,0.0005,-10.79679806,0.02407051809132099,10680,35,7.7150187492370605,0.5799865126609802,20088,0.37267622351646423,19.87,377466,377567
0.84,0.0005,-11.02525813,0.024052051827311516,10682,35,7.298778533935547,-0.17679336667060852,20092,2.031022310256958,19.98,377548,377649
0.84,0.0005,-11.04798791,0.023842185735702515,10684,35,7.803406238555908,-0.3032767176628113,20096,0.1754257082939148,20.06,377624,377725
0.84,0.0005,-11.05667907,0.02330150082707405,10686,35,8.225704193115234,-0.2990656793117523,20100,0.38296470046043396,20.09,377700,377801
0.83,0.0005,-11.314953669999998,0.02255229465663433,10688,35,8.48084545135498,-0.6487432718276978,20104,0.3649609684944153,20.14,377777,377878
0.83,0.0005,-11.19296195,0.022316260263323784,10690,35,8.02454662322998,0.05101381242275238,20108,0.6562027931213379,20.0,377854,377955
0.82,0.0005,-11.336143940000001,0.022353990003466606,10692,35,7.987618923187256,0.0071078576147556305,20112,0.5388301610946655,19.87,377926,378027
0.81,0.0005,-11.480942739999998,0.022786112502217293,10694,35,7.753401279449463,0.19138659536838531,20116,1.296553373336792,19.75,377994,378095
0.82,0.0005,-11.205802210000002,0.02262849360704422,10696,35,7.075339317321777,-0.09270396828651428,20120,0.37437379360198975,19.6,378069,378170
0.82,0.0005,-11.1793814,0.022734014317393303,10698,35,8.410497665405273,-0.15486735105514526,20124,1.710289478302002,19.5,378135,378236
0.81,0.0005,-11.321063959999998,0.022566284984350204,10700,35,8.686180114746094,1.244187355041504,20128,0.6837003231048584,19.36,378212,378313
0.82,0.0005,-11.10248752,0.022905852645635605,10702,35,8.481467247009277,-0.5273434519767761,20132,0.18423178791999817,19.42,378283,378384
0.83,0.0005,-10.849160819999998,0.02281596139073372,10704,35,9.692220687866211,0.9575483202934265,20136,2.184300422668457,19.36,378358,378459
0.82,0.0005,-10.863835179999999,0.023331090807914734,10706,35,7.661971092224121,1.0816730260849,20140,0.5323754549026489,19.13,378426,378527
0.83,0.0005,-10.579439419999998,0.023396510630846024,10707,35,7.719639778137207,0.14295610785484314,20144,0.7650753855705261,19.01,378498,378599
0.83,0.0005,-10.61534141,0.023403417319059372,10709,35,9.056032180786133,0.5375564098358154,20148,0.639768123626709,19.03,378570,378671
0.84,0.0005,-10.3903222,0.02390318177640438,10711,35,7.881870269775391,-0.23954331874847412,20152,0.41370153427124023,18.96,378647,378748
0.85,0.0005,-10.145410380000001,0.024366077035665512,10713,35,8.709375381469727,0.3114704489707947,20156,0.2701660990715027,18.94,378720,378821
0.87,0.0005,-9.72347855,0.024777129292488098,10715,35,7.167592525482178,-0.7010005712509155,20160,0.5641787648200989,18.9,378799,378900
0.87,0.0005,-9.5883669,0.024786146357655525,10716,35,7.6286797523498535,-0.2048848420381546,20164,1.0568172931671143,18.74,378867,378968
0.87,0.0005,-9.54885751,0.025016771629452705,10718,35,7.066259384155273,0.22186928987503052,20168,0.2426958531141281,18.71,378947,379048
0.87,0.0005,-9.596541129999999,0.024780791252851486,10720,35,7.3622331619262695,-0.5355852842330933,20172,0.6934830546379089,18.79,379031,379132
0.86,0.0005,-9.76317107,0.024840952828526497,10721,35,7.159960746765137,0.20676806569099426,20176,1.1127955913543701,18.76,379105,379206
0.87,0.0005,-9.377231609999999,0.025071579962968826,10723,35,8.701078414916992,0.11565666645765305,20180,0.755805253982544,18.7,379174,379275
0.87,0.0005,-9.263651159999998,0.02488662675023079,10725,35,7.392264366149902,-0.0074219778180122375,20184,0.15777379274368286,18.51,379240,379341
0.87,0.0005,-9.215711630000001,0.0247587189078331,10727,35,7.507931709289551,-0.36606961488723755,20188,0.12269288301467896,18.45,379311,379412
0.88,0.0005,-8.93029631,0.02506568282842636,10728,35,7.920780181884766,0.3362208604812622,20192,0.8694148063659668,18.24,379372,379473
0.88,0.0005,-8.9737711,0.02540058270096779,10730,35,7.5374298095703125,0.15662765502929688,20196,1.0778076648712158,18.28,379452,379553
0.88,0.0005,-9.09071947,0.025451837107539177,10733,35,7.737631320953369,0.06970636546611786,20200,0.2982099652290344,18.44,379544,379645
0.87,0.0005,-9.290333109999999,0.025638975203037262,10735,35,9.308511734008789,0.47783011198043823,20204,1.0463939905166626,18.48,379625,379726
0.86,0.0005,-9.52450584,0.02579684369266033,10737,35,7.215058326721191,-0.6340157389640808,20208,0.836155354976654,18.5,379704,379805
0.87,0.0005,-9.31843312,0.02557101659476757,10739,35,7.817775726318359,-0.4571417570114136,20212,0.12264274060726166,18.53,379779,379880
0.88,0.0005,-9.11633385,0.02595938928425312,10741,35,8.345420837402344,0.34239092469215393,20216,0.5972193479537964,18.56,379850,379951
0.88,0.0005,-9.076601109999999,0.02632579393684864,10760,35,9.096617698669434,0.9449262619018555,20220,0.5199846625328064,18.51,379920,380021
0.88,0.0005,-9.17686496,0.026348700746893883,10762,35,7.146122932434082,-0.11640569567680359,20224,0.27067238092422485,18.75,380010,380111
0.89,0.0005,-8.942229829999999,0.0256887748837471,10764,35,8.14142894744873,0.24536114931106567,20228,0.3619292974472046,18.73,380085,380186
0.89,0.0005,-8.888956,0.02522113174200058,10766,35,6.948013782501221,-0.6000231504440308,20232,1.2877919673919678,18.64,380147,380248
0.89,0.0005,-8.898419690000003,0.025007136166095734,10768,35,7.8193135261535645,0.42594021558761597,20236,1.8362088203430176,18.69,380227,380328
0.9,0.0005,-8.800487300000002,0.025024576112627983,10770,35,8.48577880859375,-0.042526230216026306,20240,1.295656681060791,18.81,380307,380408
0.9,0.0005,-8.803975639999999,0.025128040462732315,10772,35,7.318751335144043,-0.1677747368812561,20244,0.20682936906814575,18.84,380382,380483
0.9,0.0005,-8.840684289999999,0.02508227527141571,10774,35,7.209897041320801,0.5484135150909424,20248,0.4608072340488434,18.85,380455,380556
0.9,0.0005,-8.80418346,0.024959346279501915,10776,35,8.134586334228516,0.3407328128814697,20252,0.3696261942386627,18.82,380529,380630
0.9,0.0005,-8.751550630000002,0.024962445721030235,10778,35,7.5053558349609375,0.009292393922805786,20256,1.0485649108886719,18.73,380593,380694
0.9,0.0005,-8.762447220000002,0.024776799604296684,10780,35,7.5611701011657715,0.6184709072113037,20260,1.517806053161621,18.75,380674,380775
0.87,0.0005,-9.563912969999999,0.02462032064795494,10782,35,7.49488639831543,-1.0942497253417969,20264,0.07542066276073456,19.0,380767,380868
0.88,0.0005,-9.44781387,0.024743983522057533,10785,35,7.354210376739502,-0.16062527894973755,20268,0.11548446118831635,19.09,380856,380957
0.89,0.0005,-9.15441902,0.024612968787550926,10786,35,7.797494411468506,-0.5207881927490234,20272,0.37752246856689453,18.97,380928,381029
0.9,0.0005,-8.981149830000001,0.024530498310923576,10788,35,7.300877094268799,-0.17253004014492035,20276,0.2973310351371765,18.98,381003,381104
0.89,0.0005,-9.296779160000002,0.02472136914730072,10790,35,8.175493240356445,0.18377503752708435,20280,2.937480926513672,19.16,381090,381191
0.88,0.0005,-9.57925775,0.024787139147520065,10792,35,7.344670295715332,0.9216020107269287,20284,1.9149584770202637,19.26,381166,381267
0.88,0.0005,-9.68246384,0.02480648271739483,10795,35,7.428346633911133,-0.4336637258529663,20288,0.2116057276725769,19.4,381251,381352
0.88,0.0005,-9.74605135,0.024486364796757698,10796,35,8.346382141113281,1.6083793640136719,20292,0.9359210729598999,19.51,381323,381424
0.88,0.0005,-9.684837100000001,0.02464720420539379,10798,35,7.480262756347656,-0.17806167900562286,20296,0.624487042427063,19.42,381394,381495
0.87,0.0005,-9.830417769999999,0.02513129450380802,10801,35,8.789413452148438,0.04454735666513443,20300,0.21520082652568817,19.35,381479,381580
0.89,0.0005,-9.42045025,0.02446638233959675,10803,35,8.162805557250977,-0.21421557664871216,20304,0.370574027299881,19.34,381559,381660
0.9,0.0005,-9.22834587,0.02397186867892742,10805,35,8.511686325073242,-0.23869778215885162,20308,0.8841207027435303,19.36,381640,381741
0.9,0.0005,-9.17998372,0.023544080555438995,10807,35,7.678415298461914,-0.6577622294425964,20312,0.5396910309791565,19.28,381707,381808
0.9,0.0005,-9.191762379999998,0.023121865466237068,10809,35,8.089700698852539,-0.6367698311805725,20316,1.55026113986969,19.31,381781,381882
0.9,0.0005,-9.24965212,0.022716665640473366,10811,35,7.177480220794678,-1.09491765499115,20320,0.45482224225997925,19.43,381863,381964
0.91,0.0005,-9.04675509,0.022166289389133453,10814,35,7.436455726623535,0.8718806505203247,20324,0.9122047424316406,19.41,381951,382052
0.92,0.0005,-8.838216169999999,0.022039221599698067,10816,35,7.397759437561035,1.341281533241272,20328,0.8887611627578735,19.39,382024,382125
0.92,0.0005,-9.01947983,0.022521527484059334,10818,35,7.192836761474609,-0.31354695558547974,20332,0.45511510968208313,19.64,382111,382212
0.91,0.0005,-9.300815809999998,0.0225717443972826,10820,35,7.607524871826172,-0.18705877661705017,20336,0.2410433292388916,19.71,382198,382299
0.91,0.0005,-9.26780512,0.023001650348305702,10823,35,8.772789001464844,0.6705149412155151,20340,0.46532803773880005,19.72,382279,382380
0.91,0.0005,-9.26144213,0.023734860122203827,10825,35,7.834670066833496,0.26503118872642517,20344,0.3289788067340851,19.7,382352,382453
0.9,0.0005,-9.525022380000001,0.023595791310071945,10827,35,6.867900848388672,0.03499521315097809,20348,0.5926100015640259,19.8,382435,382536
0.9,0.0005,-9.51937227,0.023256029933691025,10829,35,8.06258773803711,0.033856332302093506,20352,2.2812952995300293,19.79,382508,382609
0.9,0.0005,-9.624799770000001,0.022988902404904366,10831,35,7.93445348739624,0.5081428289413452,20356,0.8124749064445496,19.96,382589,382690
0.88,0.0005,-10.088838299999999,0.023270627483725548,10834,35,7.385066509246826,-0.4197727143764496,20360,0.5483449697494507,20.02,382676,382777
0.91,0.0005,-9.374099300000001,0.02358575165271759,10836,35,7.636384963989258,0.9543488025665283,20364,0.21955633163452148,19.87,382754,382855
0.91,0.0005,-9.19149003,0.023891538381576538,10837,35,7.5562896728515625,-0.8585569858551025,20368,0.2491244375705719,19.62,382818,382919
0.9,0.0005,-9.496886340000001,0.023539796471595764,10840,35,7.392948627471924,-0.28297555446624756,20372,1.5739610195159912,19.77,382905,383006
0.9,0.0005,-9.552867869999998,0.02331440895795822,10842,35,6.907996654510498,-0.40619176626205444,20376,0.7281774282455444,19.86,382989,383090
0.91,0.0005,-9.30251803,0.023374876007437706,10844,35,7.640607833862305,1.1229300498962402,20380,1.1074254512786865,19.82,383072,383173
0.91,0.0005,-9.30096718,0.024295208975672722,10846,35,7.464171409606934,0.40888580679893494,20384,1.4993375539779663,19.82,383148,383249
0.9,0.0005,-9.57894103,0.02473434992134571,10848,35,8.463676452636719,-0.7800480127334595,20388,1.5329315662384033,19.85,383236,383337
0.89,0.0005,-9.83040218,0.02470373548567295,10850,35,8.261068344116211,0.39835917949676514,20392,1.4917876720428467,19.92,383315,383416
0.88,0.0005,-10.09277307,0.024461893364787102,10852,35,8.373968124389648,0.1975717395544052,20396,3.6549413204193115,19.91,383385,383486
0.9,0.0005,-9.64571115,0.02407311089336872,10854,35,7.303163051605225,-0.2846372127532959,20400,1.0416834354400635,19.85,383464,383565
0.9,0.0005,-9.67278483,0.023793887346982956,10856,35,7.9137725830078125,0.00942927598953247,20404,0.3138074278831482,19.84,383543,383644
0.9,0.0005,-9.655925219999999,0.02365916408598423,10859,35,9.363370895385742,0.4912152886390686,20408,0.1651187539100647,19.8,383620,383721
0.89,0.0005,-10.000893940000001,0.02371906116604805,10861,35,9.186271667480469,0.5828425288200378,20412,2.658813953399658,19.99,383706,383807
0.88,0.0005,-10.14906727,0.024931322783231735,10863,35,8.422379493713379,0.8319368362426758,20416,0.7475994825363159,19.92,383773,383874
0.87,0.0005,-10.343524030000001,0.026207884773612022,10865,35,7.740460395812988,0.10000626742839813,20420,0.2902235984802246,19.9,383853,383954
0.87,0.0005,-10.273913499999999,0.026334060356020927,10867,35,7.537853240966797,-0.6676456928253174,20424,0.27554893493652344,19.77,383928,384029
0.86,0.0005,-10.516908709999997,0.026070144027471542,10869,35,7.660787105560303,-0.623603880405426,20428,0.14838045835494995,19.82,384006,384107
0.86,0.0005,-10.443687070000001,0.025853188708424568,10871,35,7.194483280181885,0.00905771553516388,20432,3.01884126663208,19.75,384086,384187
0.87,0.0005,-10.145765849999998,0.025542298331856728,10873,35,7.955578804016113,-1.052377700805664,20436,1.369866132736206,19.61,384159,384260
0.87,0.0005,-10.076422280000001,0.025305308401584625,10875,35,7.000655651092529,-0.11253240704536438,20440,0.2176288515329361,19.46,384225,384326
0.87,0.0005,-10.02998067,0.024823451414704323,10877,35,7.180585861206055,-0.09224765002727509,20444,0.48417672514915466,19.38,384290,384391
0.87,0.0005,-9.97216179,0.025212716311216354,10879,35,9.423654556274414,0.992351770401001,20448,0.5817066431045532,19.31,384366,384467
0.87,0.0005,-9.975744120000002,0.025939762592315674,10881,35,7.64743709564209,-0.10678094625473022,20452,0.4680130183696747,19.32,384440,384541
0.87,0.0005,-9.9172902,0.025445155799388885,10883,35,7.261106491088867,-0.49118995666503906,20456,0.48583000898361206,19.23,384512,384613
0.89,0.0005,-9.43679818,0.025162452831864357,10885,35,8.397134780883789,-0.5647308826446533,20460,1.9252487421035767,19.12,384588,384689
0.88,0.0005,-9.698906059999999,0.024536851793527603,10887,35,7.145326614379883,-0.5286085605621338,20464,0.6469824314117432,19.22,384676,384777
0.86,0.0005,-10.249432930000001,0.023888295516371727,10890,35,7.1334123611450195,-0.3790922164916992,20468,0.22902646660804749,19.44,384762,384863
0.86,0.0005,-10.19101393,0.02365082874894142,10892,35,8.318548202514648,0.4227258563041687,20472,0.9134619235992432,19.34,384839,384940
0.84,0.0005,-10.59261846,0.024112999439239502,10894,35,7.279178619384766,-0.29103055596351624,20476,0.27872419357299805,19.31,384920,385021
0.84,0.0005,-10.524336090000004,0.024320203810930252,10895,35,8.401839256286621,1.0442664623260498,20480,0.6602846384048462,19.16,384988,385089
0.85,0.0005,-10.41651616,0.02394051104784012,10898,35,7.261624336242676,0.5420455932617188,20484,0.9416052103042603,19.28,385076,385177
0.85,0.0005,-10.393626700000002,0.023768804967403412,10900,35,8.180670738220215,-0.3678181767463684,20488,0.18499234318733215,19.25,385161,385262
0.86,0.0005,-10.181329329999999,0.024210238829255104,10902,35,8.687658309936523,0.8411849737167358,20492,1.4538522958755493,19.23,385238,385339
0.87,0.0005,-10.031014179999998,0.024530762806534767,10905,35,7.9590983390808105,1.0347422361373901,20496,4.078941822052002,19.41,385326,385427
0.86,0.0005,-10.22103824,0.0248103104531765,10907,35,9.324701309204102,0.5335274338722229,20500,3.0162172317504883,19.38,385402,385503
0.84,0.0005,-10.717234880000001,0.024782517924904823,10909,35,8.004720687866211,0.24826425313949585,20504,0.378990113735199,19.44,385487,385588
0.84,0.0005,-10.80843786,0.024543732404708862,10911,35,7.562165260314941,0.9179596304893494,20508,1.2113828659057617,19.56,385576,385677
0.84,0.0005,-10.719402659999998,0.024326618760824203,10914,35,7.103786468505859,0.42802682518959045,20512,0.49955204129219055,19.46,385652,385753
0.85,0.0005,-10.610412019999998,0.024158792570233345,10916,35,7.542364120483398,0.2130403220653534,20516,0.7069453597068787,19.57,385730,385831
0.86,0.0005,-10.3231987,0.023853637278079987,10918,35,7.632292747497559,-0.5205845832824707,20520,2.260913372039795,19.46,385799,385900
0.86,0.0005,-10.412122599999998,0.02320707216858864,10920,35,7.369814872741699,0.5132768154144287,20524,1.5267596244812012,19.64,385892,385993
0.85,0.0005,-10.680966190000001,0.02336840145289898,10922,35,8.14648723602295,0.1172495186328888,20528,0.7040318250656128,19.74,385980,386081
0.85,0.0005,-10.736607189999999,0.02322869934141636,10924,35,7.5865325927734375,0.1895064413547516,20532,0.34960538148880005,19.82,386068,386169
0.85,0.0005,-10.737793810000003,0.02398970164358616,10926,35,8.022743225097656,0.09927001595497131,20536,0.12850816547870636,19.84,386143,386244
0.85,0.0005,-10.822432249999997,0.024135811254382133,10928,35,7.771940231323242,0.12574228644371033,20540,0.368279367685318,19.95,386220,386321
0.85,0.0005,-10.958751719999999,0.02428518421947956,10930,35,7.297101020812988,-0.7740175724029541,20544,0.3796936571598053,20.14,386304,386405
0.85,0.0005,-10.87151904,0.02455865405499935,10932,35,8.053914070129395,-0.09184044599533081,20548,1.4131648540496826,20.04,386370,386471
0.85,0.0005,-10.94123427,0.024863142520189285,10934,35,8.916109085083008,-0.5749409198760986,20552,0.32100701332092285,20.09,386449,386550
0.84,0.0005,-11.251220080000001,0.025196904316544533,10936,35,6.903253555297852,0.05974705517292023,20556,0.2676391303539276,20.25,386537,386638
0.84,0.0005,-11.26684805,0.025555936619639397,10938,35,7.478024959564209,-0.00041344761848449707,20560,0.33891215920448303,20.29,386617,386718
0.85,0.0005,-11.087670430000003,0.025659343227744102,10941,35,8.453210830688477,0.9449558258056641,20564,0.7848644256591797,20.3,386706,386807
0.87,0.0005,-10.624435700000001,0.025894785299897194,10943,35,7.147035598754883,-1.0530928373336792,20568,0.3666599690914154,20.19,386781,386882
0.86,0.0005,-10.902169909999998,0.025176052004098892,10945,35,7.122226715087891,-0.3215795159339905,20572,0.5528299808502197,20.18,386857,386958
0.87,0.0005,-10.708595440000002,0.02532157301902771,10947,35,7.771873474121094,0.1942143440246582,20576,1.011029839515686,20.24,386944,387045
0.86,0.0005,-11.003001240000003,0.026128020137548447,10949,35,7.5991668701171875,0.7207285761833191,20580,0.5628812313079834,20.38,387026,387127
0.85,0.0005,-11.055635659999998,0.0257268063724041,10951,35,8.007369041442871,-0.5805395245552063,20584,1.1466798782348633,20.15,387091,387192
0.87,0.0005,-10.518578549999999,0.02660118229687214,10953,35,7.727547645568848,1.6169302463531494,20588,1.9587641954421997,19.97,387158,387259
0.87,0.0005,-10.441470980000002,0.027505159378051758,10955,35,7.3701581954956055,0.2839291989803314,20592,1.0002045631408691,19.9,387228,387329
0.86,0.0005,-10.55370727,0.02685650624334812,10957,35,7.9024505615234375,-0.715575098991394,20596,0.7801271677017212,19.79,387305,387406
0.87,0.0005,-10.354986969999997,0.02627132646739483,10959,35,8.377718925476074,-0.18543019890785217,20600,1.4747920036315918,19.79,387381,387482
0.89,0.0005,-9.85790038,0.02570774406194687,10961,35,7.76652193069458,0.21020710468292236,20604,0.9516213536262512,19.73,387460,387561
0.88,0.0005,-9.97300279,0.025416115298867226,10963,35,8.382835388183594,0.45846128463745117,20608,0.7345376014709473,19.62,387538,387639
0.89,0.0005,-9.73776943,0.02503536455333233,10966,35,6.789528846740723,0.8288832306861877,20612,0.14469030499458313,19.59,387611,387712
0.89,0.0005,-9.7614808,0.02450982853770256,10968,35,8.045385360717773,1.0298479795455933,20616,1.1388120651245117,19.66,387696,387797
0.89,0.0005,-9.791356440000001,0.024790896102786064,10970,35,8.108524322509766,-0.2046205699443817,20620,1.630872368812561,19.67,387766,387867
0.89,0.0005,-9.80941064,0.024449585005640984,10973,35,7.451896667480469,-0.6547284126281738,20624,1.0607789754867554,19.65,387857,387958
0.9,0.0005,-9.58187788,0.02419195882976055,10975,35,7.949761390686035,-0.21101628243923187,20628,0.39598262310028076,19.61,387941,388042
0.9,0.0005,-9.4868752,0.024438045918941498,10977,35,7.406442165374756,0.01287926733493805,20632,0.6040030121803284,19.47,388015,388116
0.89,0.0005,-9.73577488,0.02391868457198143,10979,35,6.462347984313965,-0.21120519936084747,20636,0.18357586860656738,19.53,388096,388197
0.88,0.0005,-9.94603466,0.023750120773911476,10981,35,7.8419084548950195,-0.43979039788246155,20640,0.5194391012191772,19.54,388174,388275
0.88,0.0005,-9.91737187,0.024823574349284172,10984,35,9.291662216186523,1.3327531814575195,20644,1.3734978437423706,19.52,388256,388357
0.89,0.0005,-9.755655139999998,0.026091428473591805,10986,35,8.300320625305176,-0.14520132541656494,20648,0.3519706130027771,19.56,388326,388427
0.89,0.0005,-9.68448006,0.026200031861662865,10988,35,8.969358444213867,0.17108553647994995,20652,0.2931346297264099,19.49,388398,388499
0.9,0.0005,-9.48665817,0.02664169669151306,10990,35,8.210001945495605,-0.31476908922195435,20656,0.26381319761276245,19.52,388489,388590
0.89,0.0005,-9.722858610000001,0.026193683966994286,10992,35,7.756396770477295,-0.1480230987071991,20660,1.4377849102020264,19.58,388575,388676
0.89,0.0005,-9.66293876,0.02529478259384632,10995,35,8.23080062866211,-0.9012467861175537,20664,0.2244139313697815,19.54,388660,388761
0.89,0.0005,-9.65372861,0.02490762248635292,10997,35,7.448813438415527,1.0132070779800415,20668,1.9949336051940918,19.52,388733,388834
0.89,0.0005,-9.635124460000002,0.024745287373661995,10999,35,7.726164817810059,-0.027962088584899902,20672,0.19909879565238953,19.59,388816,388917
0.9,0.0005,-9.326602379999999,0.02438247762620449,11001,35,8.785308837890625,0.018543973565101624,20676,0.19441401958465576,19.42,388886,388987
0.91,0.0005,-9.04637957,0.024043383076786995,11002,35,6.989940643310547,0.26940229535102844,20680,0.19168531894683838,19.33,388959,389060
0.92,0.0005,-8.960761139999999,0.023878326639533043,11005,35,7.898499011993408,-0.4483518600463867,20684,3.741706132888794,19.54,389045,389146
0.91,0.0005,-9.21021732,0.023557428270578384,11006,35,7.937135696411133,-0.29656121134757996,20688,0.30937179923057556,19.59,389117,389218
0.91,0.0005,-9.251625860000003,0.023070203140378,11008,35,7.465017318725586,0.028384938836097717,20692,1.0924431085586548,19.62,389190,389291
0.91,0.0005,-9.23923764,0.022700058296322823,11010,35,7.44075345993042,-0.07065147161483765,20696,0.8579362630844116,19.57,389262,389363
0.9,0.0005,-9.466637440000001,0.022777948528528214,11012,35,7.4623613357543945,0.3068912625312805,20700,0.18906831741333008,19.66,389347,389448
0.9,0.0005,-9.473980390000001,0.02253912016749382,11014,35,8.83119010925293,0.3817001283168793,20704,0.47598540782928467,19.69,389429,389530
0.91,0.0005,-9.197140959999999,0.022584859281778336,11016,35,8.515739440917969,0.3369896113872528,20708,0.9583815336227417,19.63,389501,389602
0.91,0.0005,-9.347553889999999,0.02329108491539955,11019,35,7.872928142547607,-0.6333936452865601,20712,0.3037351667881012,19.87,389598,389699
0.9,0.0005,-9.56644742,0.02335229516029358,11021,35,7.566004753112793,0.5476518273353577,20716,1.5133836269378662,19.84,389680,389781
0.89,0.0005,-9.778698580000002,0.023784194141626358,11023,35,7.4440155029296875,-0.7802247405052185,20720,0.4208550453186035,19.89,389755,389856
0.89,0.0005,-9.640646359999998,0.02342328429222107,11025,35,6.7403059005737305,-0.46504735946655273,20724,0.7475833296775818,19.69,389826,389927
0.9,0.0005,-9.35156968,0.02348310314118862,11027,35,8.091552734375,0.3732491135597229,20728,0.29809367656707764,19.57,389898,389999
0.89,0.0005,-9.605390499999999,0.023652730509638786,11048,35,7.876213073730469,0.7213178873062134,20732,0.4535824656486511,19.62,389977,390078
0.9,0.0005,-9.437943729999999,0.024191267788410187,11050,35,7.508349418640137,1.1651808023452759,20736,3.6909377574920654,19.64,390060,390161
0.89,0.0005,-9.71586942,0.02470882423222065,11053,35,8.166259765625,-0.0911618322134018,20740,1.0291696786880493,19.69,390143,390244
0.88,0.0005,-9.83797748,0.02492656745016575,11055,35,8.124034881591797,0.22847947478294373,20744,0.27310946583747864,19.57,390213,390314
0.87,0.0005,-10.14946344,0.025419726967811584,11057,35,9.272570610046387,1.615218162536621,20748,0.9863845705986023,19.76,390302,390403
0.85,0.0005,-10.69057493,0.027526140213012695,11059,35,7.66640043258667,0.4065621793270111,20752,0.9232237339019775,19.93,390391,390492
0.84,0.0005,-10.767649810000002,0.028370928019285202,11061,35,8.969915390014648,0.6350362300872803,20756,0.8661376237869263,19.74,390463,390564
0.83,0.0005,-10.924788560000001,0.028156373649835587,11063,35,7.475257873535156,0.18725675344467163,20760,2.272684097290039,19.66,390541,390642
0.83,0.0005,-10.900783769999999,0.02790648303925991,11065,35,9.052494049072266,-0.5510330200195312,20764,0.25184792280197144,19.58,390618,390719
0.83,0.0005,-10.908722369999998,0.02781829796731472,11067,35,8.188068389892578,0.26612919569015503,20768,0.1033264547586441,19.6,390693,390794
0.84,0.0005,-10.639635280000002,0.027495071291923523,11069,35,7.581171989440918,-0.997617781162262,20772,0.31277406215667725,19.54,390770,390871
0.83,0.0005,-11.00221374,0.026647761464118958,11071,35,8.33055591583252,-0.27984941005706787,20776,0.28461265563964844,19.8,390866,390967
0.83,0.0005,-11.002185610000002,0.025807037949562073,11073,35,7.224750995635986,0.07156030833721161,20780,0.9417724609375,19.82,390941,391042
0.82,0.0005,-11.20461884,0.025466836988925934,11075,35,7.221973419189453,-0.7590651512145996,20784,0.17467105388641357,19.81,391026,391127
0.82,0.0005,-11.215242399999998,0.02466372214257717,11077,35,7.238590240478516,-0.16332218050956726,20788,0.650011420249939,19.85,391102,391203
0.81,0.0005,-11.406620550000003,0.024129286408424377,11079,35,7.240285396575928,-0.23699146509170532,20792,0.14644654095172882,19.8,391170,391271
0.82,0.0005,-11.26318127,0.02365187183022499,11082,35,7.206890106201172,0.013594761490821838,20796,0.23386801779270172,19.89,391251,391352
0.83,0.0005,-10.95064795,0.023463068529963493,11083,35,7.444028854370117,0.9626364707946777,20800,0.5862598419189453,19.69,391316,391417
0.83,0.0005,-10.921748359999999,0.023608209565281868,11085,35,8.65911865234375,0.08752270042896271,20804,1.0304313898086548,19.68,391397,391498
0.82,0.0005,-11.109886189999997,0.024296501651406288,11087,35,8.49458122253418,-0.18066635727882385,20808,1.0700597763061523,19.68,391469,391570
0.82,0.0005,-10.98934441,0.024624371901154518,11089,35,7.342302322387695,-0.33008962869644165,20812,0.5051541924476624,19.46,391544,391645
0.82,0.0005,-11.000363440000001,0.024486184120178223,11091,35,8.431434631347656,0.0019504204392433167,20816,0.31930607557296753,19.51,391631,391732
0.82,0.0005,-11.15229917,0.024015430361032486,11094,35,8.13263988494873,-0.6745417714118958,20820,0.432242214679718,19.72,391727,391828
0.82,0.0005,-11.251491080000001,0.02396824024617672,11096,35,7.636219024658203,-0.24618344008922577,20824,0.9762662649154663,19.89,391815,391916
0.8,0.0005,-11.715094190000002,0.02441517636179924,11098,35,10.461600303649902,0.2814283072948456,20828,1.7279947996139526,19.91,391889,391990
0.79,0.0005,-11.93934518,0.025343026965856552,11100,35,8.485384941101074,1.1892844438552856,20832,0.5954471230506897,20.0,391977,392078
0.78,0.0005,-12.089876010000001,0.025891274213790894,11102,35,6.971914291381836,-0.3152035176753998,20836,3.648026704788208,19.93,392053,392154
0.79,0.0005,-11.81030726,0.025363076478242874,11104,35,7.556192398071289,-0.2907998263835907,20840,0.47311678528785706,19.85,392128,392229
0.8,0.0005,-11.678541379999999,0.025022737681865692,11106,35,7.074127197265625,-0.9666898250579834,20844,0.18409070372581482,19.95,392208,392309
0.81,0.0005,-11.38589649,0.02432417869567871,11108,35,7.415306568145752,0.7855414152145386,20848,0.546951413154602,19.79,392281,392382
0.83,0.0005,-10.87596613,0.023977698758244514,11110,35,8.230023384094238,-0.5450302362442017,20852,0.34772682189941406,19.65,392356,392457
0.84,0.0005,-10.68296238,0.023969268426299095,11112,35,8.223169326782227,0.2814779579639435,20856,0.20509563386440277,19.62,392425,392526
0.85,0.0005,-10.500728069999997,0.023588355630636215,11114,35,6.782073497772217,-0.3325130045413971,20860,0.6879950761795044,19.68,392509,392610
0.85,0.0005,-10.505814639999999,0.023161306977272034,11116,35,7.564672946929932,0.16006365418434143,20864,0.15582913160324097,19.71,392589,392690
0.85,0.0005,-10.47968938,0.022642092779278755,11118,35,7.537001132965088,0.5822859406471252,20868,0.4152168035507202,19.71,392664,392765
0.85,0.0005,-10.485792490000001,0.022593162953853607,11121,35,7.877776622772217,0.27834928035736084,20872,2.1658315658569336,19.75,392745,392846
0.86,0.0005,-10.136155500000001,0.022387132048606873,11122,35,7.989842891693115,0.5816037058830261,20876,0.6653788089752197,19.53,392819,392920
0.86,0.0005,-10.27478576,0.02220514602959156,11125,35,7.9354424476623535,-0.20390170812606812,20880,0.26669520139694214,19.7,392911,393012
0.87,0.0005,-9.97274779,0.021889017894864082,11127,35,7.461035251617432,0.942584753036499,20884,0.5068337917327881,19.55,392981,393082
0.88,0.0005,-9.824691300000001,0.022329960018396378,11129,35,7.432024955749512,0.37908366322517395,20888,1.779471755027771,19.67,393069,393170
0.88,0.0005,-9.78396409,0.022622577846050262,11131,35,7.484132289886475,0.8928247690200806,20892,0.11241822689771652,19.67,393137,393238
0.88,0.0005,-9.813550150000001,0.02269531972706318,11133,35,6.8258256912231445,-0.49161699414253235,20896,0.4728962182998657,19.7,393221,393322
0.88,0.0005,-9.818393710000002,0.023171817883849144,11135,35,9.261735916137695,3.505376100540161,20900,1.9445297718048096,19.72,393288,393389
0.88,0.0005,-9.827146039999997,0.024872759357094765,11137,35,8.415842056274414,0.4782891571521759,20904,2.148860216140747,19.77,393374,393475
0.88,0.0005,-9.865178159999997,0.025174304842948914,11139,35,6.956230640411377,0.5746352076530457,20908,0.36656084656715393,19.75,393444,393545
0.87,0.0005,-10.14312831,0.02529190108180046,11141,35,6.9865875244140625,-0.956405758857727,20912,0.08666588366031647,19.9,393534,393635
0.87,0.0005,-10.14693727,0.025110291317105293,11143,35,7.754178524017334,0.6165218949317932,20916,0.28899478912353516,19.91,393622,393723
0.87,0.0005,-10.123872669999999,0.024970881640911102,11146,35,8.552083969116211,-0.06613045930862427,20920,0.6287863254547119,19.86,393713,393814
0.87,0.0005,-10.02481404,0.02474045567214489,11148,35,7.557395935058594,-0.19775065779685974,20924,0.3074316084384918,19.71,393786,393887
0.88,0.0005,-9.80927883,0.02464243955910206,11150,35,8.970529556274414,0.24327930808067322,20928,0.28601545095443726,19.81,393870,393971
0.9,0.0005,-9.39994892,0.024132531136274338,11152,35,7.592869758605957,-0.2476431429386139,20932,2.1327428817749023,19.72,393949,394050
0.91,0.0005,-9.254271820000001,0.023761743679642677,11155,35,7.937429428100586,-0.2579723596572876,20936,0.25785136222839355,19.8,394033,394134
0.9,0.0005,-9.54532048,0.02348838746547699,11157,35,6.671422004699707,-0.25155043601989746,20940,0.3844953179359436,19.97,394125,394226
0.9,0.0005,-9.59906153,0.023813065141439438,11160,35,7.30335807800293,0.2662826478481293,20944,1.581296682357788,20.05,394213,394314
0.9,0.0005,-9.65051272,0.02394777536392212,11162,35,8.080216407775879,-0.6221937537193298,20948,1.0357989072799683,20.16,394297,394398
0.89,0.0005,-9.90268547,0.023936733603477478,11164,35,7.3630218505859375,0.2577829658985138,20952,0.4399173855781555,20.25,394381,394482
0.89,0.0005,-9.943593389999998,0.02391066774725914,11166,35,8.293212890625,-0.40293747186660767,20956,0.9470890760421753,20.3,394455,394556
0.9,0.0005,-9.6841313,0.023564549162983894,11168,35,6.721197128295898,-0.15021714568138123,20960,0.43109187483787537,20.21,394530,394631
0.89,0.0005,-9.78153698,0.023298900574445724,11170,35,6.491958141326904,-0.49379169940948486,20964,0.2955899238586426,20.07,394596,394697
0.89,0.0005,-9.754760369999998,0.02283077873289585,11172,35,6.703351020812988,-0.016910582780838013,20968,0.5838446617126465,20.0,394664,394765
0.89,0.0005,-9.8102705,0.022730756551027298,11174,35,7.869195461273193,0.3118177056312561,20972,1.0523878335952759,19.98,394743,394844
0.89,0.0005,-9.843360899999999,0.023470789194107056,11176,35,7.776458263397217,0.2310393750667572,20976,1.426485538482666,20.0,394819,394920
0.86,0.0005,-10.45062004,0.023332547396421432,11179,35,7.824131965637207,0.5295083522796631,20980,0.5209476947784424,20.03,394914,395015
0.86,0.0005,-10.507189819999999,0.022972991690039635,11181,35,7.501889228820801,-0.05710513889789581,20984,1.9089512825012207,20.13,394994,395095
0.85,0.0005,-10.74935568,0.023540236055850983,11184,35,7.73075532913208,0.0035918354988098145,20988,1.1244702339172363,20.17,395086,395187
0.85,0.0005,-10.79632816,0.023624194785952568,11186,35,8.326663970947266,0.5357602834701538,20992,0.7709263563156128,20.21,395158,395259
0.85,0.0005,-10.68873274,0.024236300960183144,11188,35,7.160062789916992,-0.41882073879241943,20996,0.521693766117096,20.04,395225,395326
0.83,0.0005,-11.178303119999999,0.024207474663853645,11190,35,6.971283912658691,0.3941933512687683,21000,0.6174650192260742,20.18,395306,395407
0.81,0.0005,-11.59233559,0.024295585229992867,11192,35,8.016091346740723,0.07887405157089233,21004,0.512673020362854,20.21,395395,395496
0.81,0.0005,-11.68762383,0.02388688363134861,11195,35,7.610385894775391,0.4680435359477997,21008,0.28117242455482483,20.37,395481,395582
0.82,0.0005,-11.360712389999998,0.02353796362876892,11197,35,8.34466552734375,0.21251273155212402,21012,0.2627330422401428,20.15,395549,395650
0.83,0.0005,-11.05082838,0.02339933253824711,11199,35,7.770530700683594,0.3576858639717102,21016,0.24661052227020264,19.96,395618,395719
0.83,0.0005,-10.984618209999999,0.022982632741332054,11201,35,8.366655349731445,0.42473840713500977,21020,1.6960346698760986,19.81,395694,395795
0.82,0.0005,-11.29689399,0.023026136681437492,11203,35,7.685260772705078,0.3594798445701599,21024,0.3442291021347046,19.98,395784,395885
0.8,0.0005,-11.80392863,0.023501653224229813,11206,35,7.505827903747559,-0.46825435757637024,21028,0.3010728359222412,20.02,395872,395973
0.8,0.0005,-11.828369880000002,0.023174460977315903,11208,35,8.579826354980469,-0.8749890923500061,21032,0.5731921195983887,20.1,395959,396060
0.8,0.0005,-11.876886520000001,0.02320178784430027,11210,35,7.9181365966796875,-0.09017910808324814,21036,0.3668757975101471,20.16,396049,396150
0.82,0.0005,-11.37283886,0.02320667915046215,11212,35,7.124109268188477,0.4961831867694855,21040,0.16838128864765167,19.99,396124,396225
0.81,0.0005,-11.51225551,0.023292619735002518,11214,35,7.570778846740723,-0.46618345379829407,21044,0.8279100656509399,19.9,396203,396304
0.81,0.0005,-11.486167099999998,0.023589784279465675,11217,35,7.208595275878906,-0.5447646975517273,21048,0.1545843482017517,19.81,396278,396379
0.82,0.0005,-11.242452680000001,0.023640524595975876,11219,35,7.202630043029785,-0.2542796730995178,21052,0.5489368438720703,19.75,396356,396457
0.81,0.0005,-11.45707317,0.023884223774075508,11221,35,7.980101585388184,0.884709358215332,21056,1.1069713830947876,19.76,396431,396532
0.81,0.0005,-11.54688579,0.025205304846167564,11223,35,8.156566619873047,0.20977720618247986,21060,3.3361735343933105,19.89,396519,396620
0.82,0.0005,-11.486264850000003,0.026077566668391228,11225,35,8.29800796508789,0.8492856025695801,21064,1.7498273849487305,20.05,396601,396702
0.82,0.0005,-11.56099495,0.026205120608210564,11227,35,6.743863105773926,-1.5360815525054932,21068,0.15470117330551147,20.18,396682,396783
0.83,0.0005,-11.312000679999999,0.02578774467110634,11229,35,7.012966632843018,-0.6463824510574341,21072,0.45930910110473633,20.18,396761,396862
0.81,0.0005,-11.753298519999998,0.025552185252308846,11231,35,7.517194747924805,0.2776326835155487,21076,0.222309872508049,20.28,396847,396948
0.84,0.0005,-10.959269550000002,0.025921538472175598,11233,35,7.462822437286377,0.4512610137462616,21080,1.1789629459381104,20.0,396914,397015
0.84,0.0005,-10.992783789999999,0.026112008839845657,11235,35,7.901806831359863,0.6536829471588135,21084,0.3753957152366638,20.04,396998,397099
0.85,0.0005,-10.74641098,0.026375243440270424,11237,35,7.463298797607422,1.0487266778945923,21088,2.0714478492736816,19.97,397083,397184
0.85,0.0005,-10.83546011,0.02632661536335945,11239,35,8.729684829711914,-0.5179485082626343,21092,0.2244853377342224,20.1,397168,397269
0.85,0.0005,-10.939959749999998,0.025808066129684448,11242,35,8.781564712524414,-0.011150255799293518,21096,0.25316721200942993,20.27,397252,397353
0.87,0.0005,-10.54677183,0.025369657203555107,11244,35,8.459540367126465,-1.2900996208190918,21100,0.1495596170425415,20.27,397333,397434
0.87,0.0005,-10.56321904,0.02509586699306965,11246,35,7.415390968322754,-0.8175110816955566,21104,0.26123055815696716,20.32,397427,397528
0.88,0.0005,-10.318764490000001,0.02493635006248951,11248,35,8.665352821350098,0.6379404664039612,21108,1.9674025774002075,20.24,397505,397606
0.87,0.0005,-10.57063016,0.025100180879235268,11250,35,7.6204071044921875,-0.13214756548404694,21112,0.19615495204925537,20.31,397580,397681
0.87,0.0005,-10.685949299999997,0.024789821356534958,11253,35,8.231213569641113,-0.520625114440918,21116,0.8217406272888184,20.52,397670,397771
0.88,0.0005,-10.506892720000002,0.02484341524541378,11255,35,6.964412689208984,-0.16692602634429932,21120,0.5259891748428345,20.59,397753,397854
0.88,0.0005,-10.48192836,0.024437271058559418,11257,35,7.433964729309082,-0.02318483591079712,21124,0.26201462745666504,20.51,397835,397936
0.91,0.0005,-9.72730714,0.02459830790758133,11259,35,7.711504936218262,0.10284683108329773,21128,0.4320671260356903,20.34,397906,398007
0.9,0.0005,-9.95704957,0.024983910843729973,11261,35,7.6119489669799805,0.279396653175354,21132,0.3203970193862915,20.35,397994,398095
0.9,0.0005,-9.901003730000001,0.02456592209637165,11264,35,6.78054666519165,-0.3827436864376068,21136,0.14793509244918823,20.26,398075,398176
0.88,0.0005,-10.408787030000001,0.024293819442391396,11266,35,8.11616039276123,0.8521273136138916,21140,0.36721310019493103,20.43,398167,398268
0.87,0.0005,-10.607320000000001,0.024393746629357338,11268,35,8.234566688537598,0.37409645318984985,21144,0.27289387583732605,20.45,398248,398349
0.85,0.0005,-11.09236355,0.024438107386231422,11271,35,7.846245765686035,-0.09331949055194855,21148,1.1677334308624268,20.55,398333,398434
0.85,0.0005,-11.041411559999998,0.024726396426558495,11272,35,7.190400123596191,-0.44911351799964905,21152,2.1111843585968018,20.46,398402,398503
0.85,0.0005,-11.13918964,0.024060728028416634,11275,35,6.991225242614746,-0.34578952193260193,21156,1.0317212343215942,20.64,398495,398596
0.85,0.0005,-11.100411750000001,0.023602554574608803,11277,35,7.2448248863220215,-0.0010800622403621674,21160,0.18622979521751404,20.59,398578,398679
0.85,0.0005,-11.06884897,0.02324051409959793,11279,35,7.66290283203125,0.33784136176109314,21164,0.34675469994544983,20.58,398659,398760
0.85,0.0005,-11.00943804,0.023598141968250275,11281,35,7.617720127105713,-0.17562901973724365,21168,0.15416698157787323,20.51,398733,398834
0.84,0.0005,-11.204058200000002,0.023834574967622757,11283,35,10.225750923156738,-0.19559530913829803,21172,0.45761168003082275,20.48,398809,398910
0.85,0.0005,-10.972558750000001,0.02430744469165802,11285,35,7.526025772094727,-0.31181901693344116,21176,1.0956047773361206,20.42,398889,398990
0.84,0.0005,-11.20947711,0.024150701239705086,11287,35,7.86752986907959,-1.1716669797897339,21180,0.16267821192741394,20.48,398962,399063
0.84,0.0005,-11.096727309999999,0.023403583094477654,11289,35,7.908389091491699,0.021652638912200928,21184,0.7281006574630737,20.38,399036,399137
0.82,0.0005,-11.55740852,0.022731786593794823,11292,35,7.5439324378967285,-0.5769261121749878,21188,1.7547059059143066,20.47,399130,399231
0.83,0.0005,-11.315910129999999,0.02241905778646469,11294,35,7.855793476104736,-0.1341593861579895,21192,0.27206605672836304,20.42,399210,399311
0.82,0.0005,-11.51219564,0.022291647270321846,11296,35,8.62889575958252,-0.6591919660568237,21196,1.8754615783691406,20.43,399295,399396
0.81,0.0005,-11.74586362,0.022625509649515152,11299,35,8.033721923828125,0.055769339203834534,21200,0.380294531583786,20.47,399380,399481
0.83,0.0005,-11.392235739999999,0.022552352398633957,11301,35,7.401700973510742,0.4684569239616394,21204,0.6226105690002441,20.44,399471,399572
0.83,0.0005,-11.33826872,0.02237287536263466,11303,35,7.548089027404785,-1.063065767288208,21208,0.6174939274787903,20.38,399543,399644
0.82,0.0005,-11.62343925,0.022334715351462364,11306,35,6.96143913269043,0.2589178681373596,21212,1.6016864776611328,20.51,399631,399732
0.79,0.0005,-12.20717786,0.022502779960632324,11308,35,7.263400077819824,0.2130139023065567,21216,0.5696760416030884,20.44,399714,399815
0.79,0.0005,-12.181196960000001,0.022211488336324692,11310,35,6.927838325500488,-0.9589533805847168,21220,1.6255526542663574,20.44,399797,399898
0.79,0.0005,-12.135324390000001,0.02225232496857643,11312,35,6.971518516540527,0.3430599570274353,21224,3.7701761722564697,20.4,399875,399976
0.77,0.0005,-12.521337509999999,0.022311260923743248,11333,35,8.41297721862793,-0.438417911529541,21228,0.5664927959442139,20.44,399950,400051
0.78,0.0005,-12.230282440000002,0.022423429414629936,11335,35,7.5029191970825195,0.5908450484275818,21232,0.8698792457580566,20.33,400027,400128
0.77,0.0005,-12.339422020000002,0.0224167387932539,11337,35,6.832427978515625,0.8685706853866577,21236,0.300646036863327,20.21,400096,400197
0.79,0.0005,-11.879302889999998,0.022643238306045532,11339,35,7.955821514129639,0.06123335659503937,21240,0.12995585799217224,20.12,400179,400280
0.81,0.0005,-11.514583159999999,0.022265147417783737,11341,35,7.085650444030762,-0.40491795539855957,21244,0.2601715326309204,20.11,400259,400360
0.83,0.0005,-10.94997086,0.022120611742138863,11343,35,7.406560897827148,-0.008714556694030762,21248,0.2359277904033661,19.94,400327,400428
0.81,0.0005,-11.421063559999999,0.02260127104818821,11346,35,8.173344612121582,1.2323133945465088,21252,1.9041686058044434,20.02,400404,400505
0.8,0.0005,-11.48239014,0.023795999586582184,11348,35,7.501894950866699,0.4756169319152832,21256,1.4207881689071655,19.85,400480,400581
0.79,0.0005,-11.757740039999998,0.023437120020389557,11350,35,9.438105583190918,0.33416667580604553,21260,0.8352670669555664,19.82,400560,400661
0.78,0.0005,-11.99345822,0.023708602413535118,11352,35,8.669536590576172,0.732951283454895,21264,1.1971349716186523,19.87,400646,400747
0.78,0.0005,-12.07220173,0.024590233340859413,11354,35,7.643503189086914,-0.7385376691818237,21268,0.31463634967803955,19.93,400726,400827
0.79,0.0005,-11.83826954,0.02521800622344017,11356,35,7.969237327575684,0.6850523948669434,21272,0.5552947521209717,19.9,400799,400900
0.8,0.0005,-11.58625293,0.026092739775776863,11359,35,7.658092498779297,0.10892975330352783,21276,0.6398105621337891,19.82,400871,400972
0.81,0.0005,-11.486013109999998,0.026096481829881668,11361,35,8.122579574584961,-0.33815839886665344,21280,0.37781020998954773,19.93,400955,401056
0.81,0.0005,-11.473209700000002,0.026145050302147865,11363,35,7.852290153503418,0.1954333484172821,21284,0.7994837760925293,19.87,401023,401124
0.82,0.0005,-11.18244524,0.026125621050596237,11365,35,7.748805999755859,-0.8525124788284302,21288,1.134751319885254,19.81,401111,401212
0.82,0.0005,-11.096070539999998,0.025618456304073334,11367,35,7.826941013336182,-0.5785963535308838,21292,1.0596630573272705,19.71,401181,401282
0.82,0.0005,-11.07960654,0.025592241436243057,11369,35,8.32028579711914,0.16581949591636658,21296,0.27753210067749023,19.66,401261,401362
0.82,0.0005,-11.009666390000001,0.02570372261106968,11372,35,8.607398986816406,-0.46903353929519653,21300,0.09745330363512039,19.61,401341,401442
0.81,0.0005,-11.20431039,0.025453543290495872,11374,35,8.184584617614746,-0.2837132215499878,21304,0.11352770030498505,19.59,401430,401531
0.8,0.0005,-11.486675499999999,0.024938153102993965,11377,35,8.073507308959961,0.15311798453330994,21308,2.3312907218933105,19.65,401508,401609
0.81,0.0005,-11.263698619999998,0.024363301694393158,11379,35,7.466701507568359,0.6667793393135071,21312,0.6969190835952759,19.61,401592,401693
0.84,0.0005,-10.55565797,0.02423606440424919,11381,35,7.772198677062988,-0.18519799411296844,21316,0.14472506940364838,19.45,401659,401760
0.84,0.0005,-10.54572316,0.02379787713289261,11383,35,8.328598976135254,-0.3909699320793152,21320,0.20182403922080994,19.42,401739,401840
0.85,0.0005,-10.36141445,0.02312728390097618,11385,35,8.008173942565918,-0.24416880309581757,21324,0.2593235373497009,19.46,401821,401922
0.87,0.0005,-10.00885098,0.022997843101620674,11388,35,8.230852127075195,-0.3567826747894287,21328,0.2811287045478821,19.46,401896,401997
0.87,0.0005,-9.92715526,0.022692667320370674,11390,35,7.655214786529541,-0.048292577266693115,21332,0.25044047832489014,19.36,401963,402064
0.88,0.0005,-9.828165049999999,0.022724995389580727,11392,35,6.916600227355957,-0.21635395288467407,21336,0.5372205972671509,19.51,402047,402148
0.87,0.0005,-10.05578848,0.022670868784189224,11394,35,7.859719753265381,-0.8187016248703003,21340,0.7224316596984863,19.55,402134,402235
0.86,0.0005,-10.17027158,0.02264120802283287,11396,35,7.119405746459961,0.6719212532043457,21344,0.5127297639846802,19.43,402202,402303
0.86,0.0005,-10.30321101,0.02330673858523369,11399,35,8.185344696044922,0.36034509539604187,21348,1.0731877088546753,19.58,402285,402386
0.87,0.0005,-10.108755389999999,0.023702289909124374,11401,35,7.733053207397461,0.7346251010894775,21352,1.161877155303955,19.55,402359,402460
0.89,0.0005,-9.797268809999998,0.024038372561335564,11403,35,8.193490982055664,0.6743390560150146,21356,1.0674378871917725,19.64,402444,402545
0.89,0.0005,-9.753609749999999,0.024403594434261322,11405,35,7.908402919769287,-0.43326783180236816,21360,0.20982515811920166,19.69,402529,402630
0.89,0.0005,-9.666909259999999,0.02463829144835472,11407,35,8.557266235351562,0.3251715302467346,21364,1.0368664264678955,19.57,402603,402704
0.89,0.0005,-9.62726407,0.024760033935308456,11409,35,7.939621448516846,0.1044631227850914,21368,3.0107271671295166,19.53,402679,402780
0.88,0.0005,-9.92307728,0.024646926671266556,11411,35,6.932985782623291,-0.07210250198841095,21372,0.6608604192733765,19.66,402765,402866
0.86,0.0005,-10.413186849999999,0.023897361010313034,11414,35,7.68083381652832,-0.22059552371501923,21376,0.4285659193992615,19.76,402847,402948
0.86,0.0005,-10.37668228,0.023423435166478157,11416,35,7.955224990844727,-0.10283036530017853,21380,0.5373877882957458,19.72,402927,403028
0.86,0.0005,-10.474561369999998,0.023520493879914284,11418,35,7.407907485961914,0.7488197088241577,21384,2.4527881145477295,19.85,403008,403109
0.87,0.0005,-10.322451800000001,0.023692084476351738,11419,35,7.292201042175293,0.6021684408187866,21388,0.577292263507843,19.86,403097,403198
0.87,0.0005,-10.48480532,0.023906102403998375,11421,35,7.1282219886779785,-1.2866990566253662,21392,0.7523319721221924,20.03,403184,403285
0.87,0.0005,-10.503227959999998,0.02345646172761917,11423,35,8.653643608093262,0.6506056785583496,21396,1.8498948812484741,20.04,403265,403366
0.87,0.0005,-10.484882719999998,0.023898372426629066,11425,35,7.161923408508301,-0.2800428867340088,21400,1.097312569618225,19.98,403339,403440
0.88,0.0005,-10.227117940000001,0.02373397722840309,11427,35,8.122686386108398,0.1191820502281189,21404,0.5686147809028625,19.89,403419,403520
0.89,0.0005,-10.040310770000001,0.023672210052609444,11429,35,7.851306915283203,0.3938826322555542,21408,2.4456491470336914,19.94,403502,403603
0.89,0.0005,-9.958902779999999,0.023703599348664284,11431,35,6.836557388305664,0.3403926491737366,21412,0.8022428154945374,19.85,403577,403678
0.89,0.0005,-10.01511671,0.023955510929226875,11433,35,7.068661689758301,0.7504472136497498,21416,0.8745793104171753,19.95,403654,403755
0.89,0.0005,-9.97976958,0.023290587589144707,11435,35,9.375024795532227,0.9696810841560364,21420,1.1782299280166626,19.92,403731,403832
0.89,0.0005,-9.972672260000001,0.023394295945763588,11437,35,9.218217849731445,-0.9159102439880371,21424,0.4536961317062378,19.91,403812,403913
0.88,0.0005,-10.27856074,0.024061573669314384,11439,35,7.751276969909668,0.4979974031448364,21428,0.25706610083580017,19.93,403889,403990
0.88,0.0005,-10.353597539999999,0.024321869015693665,11441,35,8.649259567260742,0.5459718108177185,21432,0.4056239128112793,20.01,403964,404065
0.87,0.0005,-10.534143510000002,0.024566195905208588,11443,35,7.196971893310547,0.520677924156189,21436,0.4062620997428894,19.99,404046,404147
0.87,0.0005,-10.42344879,0.024706749245524406,11445,35,8.134291648864746,-0.07026481628417969,21440,0.3621179461479187,19.86,404120,404221
0.88,0.0005,-10.336151469999999,0.02420998550951481,11447,35,8.291972160339355,0.5758861303329468,21444,1.2381534576416016,20.08,404210,404311
0.88,0.0005,-10.243695859999997,0.023986779153347015,11449,35,6.844839096069336,0.08004718273878098,21448,0.36280518770217896,19.97,404282,404383
0.89,0.0005,-10.00771931,0.023993413895368576,11450,35,7.698118209838867,-0.028988957405090332,21452,0.7140544056892395,19.97,404356,404457
0.89,0.0005,-9.86179242,0.024740200489759445,11452,35,7.5557451248168945,0.48751652240753174,21456,0.2219482660293579,19.76,404420,404521
0.9,0.0005,-9.57808432,0.024610521271824837,11454,35,8.13979434967041,-0.12482916563749313,21460,0.9692363739013672,19.67,404496,404597
0.9,0.0005,-9.650088180000001,0.024341518059372902,11456,35,7.906856536865234,-0.027587175369262695,21464,0.6253534555435181,19.75,404578,404679
0.9,0.0005,-9.6046098,0.024462824687361717,11457,35,7.643555641174316,0.5735768675804138,21468,0.8382441401481628,19.68,404647,404748
0.91,0.0005,-9.300546350000001,0.024651017040014267,11459,35,7.792477607727051,-0.019733555614948273,21472,0.1834632158279419,19.55,404720,404821
0.92,0.0005,-9.012750319999999,0.02447284199297428,11461,35,6.885317802429199,0.2943326532840729,21476,0.6259873509407043,19.48,404795,404896
0.91,0.0005,-9.24522396,0.024586271494627,11463,35,8.059089660644531,1.2898533344268799,21480,0.19047236442565918,19.52,404879,404980
0.91,0.0005,-9.29003372,0.024323074147105217,11465,35,7.482529163360596,-0.1984460949897766,21484,0.19337783753871918,19.58,404966,405067
0.91,0.0005,-9.183240840000002,0.023722024634480476,11467,35,8.219493865966797,-0.712860107421875,21488,0.6634969711303711,19.43,405040,405141
0.91,0.0005,-9.059706879999998,0.023374324664473534,11469,35,7.805958271026611,-0.24502110481262207,21492,0.1361255943775177,19.29,405113,405214
0.92,0.0005,-8.76538646,0.023170793429017067,11471,35,7.071409225463867,-0.3767794072628021,21496,0.20624996721744537,19.18,405183,405284
0.93,0.0005,-8.605821120000002,0.022759942337870598,11473,35,6.977629661560059,-0.18404269218444824,21500,0.9009861946105957,19.19,405258,405359
0.93,0.0005,-8.526195990000002,0.02267947420477867,11475,35,7.351245403289795,0.29349246621131897,21504,0.39851295948028564,19.11,405330,405431
0.92,0.0005,-8.68676336,0.023615708574652672,11477,35,7.662850379943848,1.0145847797393799,21508,0.7676442861557007,19.1,405412,405513
0.93,0.0005,-8.55218926,0.024481497704982758,11479,35,8.149032592773438,-0.03848092630505562,21512,0.1921849101781845,19.19,405496,405597
0.93,0.0005,-8.45568791,0.024488739669322968,11481,35,7.399518966674805,-0.39671972393989563,21516,0.16778376698493958,19.05,405559,405660
0.92,0.0005,-8.67826665,0.024587227031588554,11483,35,8.722575187683105,-0.46674400568008423,21520,3.377993106842041,19.05,405636,405737
0.92,0.0005,-8.677639300000001,0.024550803005695343,11485,35,7.329111099243164,0.2645639181137085,21524,2.147019147872925,19.05,405717,405818
0.93,0.0005,-8.430378120000002,0.0247280765324831,11487,35,7.91623592376709,0.4422009289264679,21528,1.4508209228515625,19.12,405801,405902
0.93,0.0005,-8.39823693,0.025293497368693352,11490,35,7.55280065536499,-0.0707276463508606,21532,0.7319202423095703,19.12,405876,405977
0.94,0.0005,-8.22551629,0.024906251579523087,11492,35,8.41998291015625,-0.1455564945936203,21536,2.0706331729888916,19.16,405962,406063
0.93,0.0005,-8.5361681,0.024668408557772636,11494,35,6.939361572265625,-0.4189487397670746,21540,1.6636266708374023,19.27,406047,406148
0.92,0.0005,-8.735343980000001,0.02473992481827736,11497,35,7.609625816345215,0.2867530286312103,21544,1.1858478784561157,19.22,406132,406233
0.92,0.0005,-8.711883100000001,0.02472051978111267,11499,35,7.595331192016602,-0.6119143962860107,21548,1.3466007709503174,19.27,406209,406310
0.92,0.0005,-8.723644100000001,0.02479749545454979,11501,35,7.179263114929199,0.21725767850875854,21552,0.7667995691299438,19.32,406288,406389
0.92,0.0005,-8.8693169,0.024487940594553947,11503,35,7.88765287399292,-0.5678348541259766,21556,0.6219067573547363,19.53,406373,406474
0.92,0.0005,-9.003546320000002,0.02350139617919922,11505,35,6.62544059753418,-1.0506993532180786,21560,0.4483034312725067,19.68,406464,406565
0.93,0.0005,-8.684925530000001,0.02283099666237831,11507,35,8.211580276489258,-0.6680011749267578,21564,0.5939748883247375,19.53,406531,406632
0.91,0.0005,-9.229700219999998,0.022637927904725075,11509,35,7.554518699645996,1.4148069620132446,21568,1.4071437120437622,19.75,406622,406723
0.91,0.0005,-9.28857771,0.02295280061662197,11512,35,6.799208641052246,-0.4440939426422119,21572,0.4264671504497528,19.84,406704,406805
0.92,0.0005,-9.131331459999998,0.02294852025806904,11514,35,7.395775318145752,-0.18605974316596985,21576,0.3843640089035034,19.87,406782,406883
0.93,0.0005,-8.827070169999999,0.022787541151046753,11516,35,8.823758125305176,-0.5581606030464172,21580,0.19901525974273682,19.7,406849,406950
0.92,0.0005,-8.99912882,0.02267608605325222,11518,35,7.504230499267578,0.4747847318649292,21584,1.223530888557434,19.54,406920,407021
0.9,0.0005,-9.49338938,0.022748803719878197,11520,35,7.8455095291137695,-0.06321834027767181,21588,0.6464210748672485,19.67,407007,407108
0.9,0.0005,-9.486710429999999,0.022658580914139748,11522,35,7.275017738342285,-0.0043291449546813965,21592,0.3031415343284607,19.64,407077,407178
0.89,0.0005,-9.761362680000001,0.02264714241027832,11524,35,7.314755916595459,-0.2950962781906128,21596,1.5432573556900024,19.78,407161,407262
0.88,0.0005,-10.01344436,0.022281507030129433,11527,35,8.437405586242676,-0.05247585475444794,21600,0.9158888459205627,19.89,407247,407348
0.87,0.0005,-10.26793335,0.02211042493581772,11529,35,8.02079963684082,0.030770301818847656,21604,0.20434698462486267,19.88,407318,407419
0.88,0.0005,-10.05450124,0.022196322679519653,11531,35,7.868965148925781,-0.04909134656190872,21608,0.18490362167358398,19.81,407393,407494
0.88,0.0005,-10.02146481,0.022703073918819427,11533,35,7.062451362609863,0.6726770401000977,21612,1.147113561630249,19.78,407474,407575
0.88,0.0005,-10.08922705,0.023060781881213188,11535,35,7.630550861358643,-0.25435250997543335,21616,0.309129923582077,19.92,407551,407652
0.87,0.0005,-10.330284279999999,0.022563286125659943,11537,35,7.106033802032471,-0.13539883494377136,21620,0.21015942096710205,19.93,407629,407730
0.86,0.0005,-10.5360777,0.02286500483751297,11539,35,7.9456281661987305,0.5783666968345642,21624,0.7993465662002563,19.96,407713,407814
0.86,0.0005,-10.471689249999999,0.023208780214190483,11541,35,7.577796936035156,-0.602426290512085,21628,0.13892832398414612,19.85,407786,407887
0.86,0.0005,-10.461348669999998,0.02335181087255478,11543,35,7.432099342346191,0.5511840581893921,21632,0.17993010580539703,19.8,407856,407957
0.86,0.0005,-10.34103948,0.02374841272830963,11545,35,8.205039024353027,0.3886770009994507,21636,0.27777761220932007,19.6,407922,408023
0.88,0.0005,-9.86931932,0.023795749992132187,11547,35,8.070577621459961,-0.5479822158813477,21640,0.3141288161277771,19.5,407997,408098
0.89,0.0005,-9.5066549,0.023759892210364342,11548,35,7.737908840179443,-0.48209089040756226,21644,0.5412488579750061,19.26,408058,408159
0.86,0.0005,-10.2624457,0.023660941049456596,11551,35,6.149399757385254,0.4390329122543335,21648,0.40881043672561646,19.25,408134,408235
0.86,0.0005,-10.224042970000001,0.024095064029097557,11553,35,8.178482055664062,0.32343584299087524,21652,2.359755516052246,19.2,408208,408309
0.86,0.0005,-10.10741111,0.024903584271669388,11554,35,7.977994918823242,0.35256022214889526,21656,2.011906623840332,18.99,408272,408373
0.86,0.0005,-9.965653500000002,0.024693258106708527,11556,35,7.983979225158691,-0.5266662836074829,21660,0.5015445947647095,18.77,408341,408442
0.86,0.0005,-9.9724675,0.024526843801140785,11558,35,7.563140869140625,-0.6578236818313599,21664,2.4765288829803467,18.81,408412,408513
0.86,0.0005,-9.901698410000002,0.024220509454607964,11560,35,7.897497653961182,0.26353156566619873,21668,0.7753274440765381,18.75,408497,408598
0.85,0.0005,-10.07176349,0.024112354964017868,11562,35,7.909696578979492,0.2038276046514511,21672,1.4632470607757568,18.64,408568,408669
0.84,0.0005,-10.314986009999998,0.02430659905076027,11564,35,7.404645919799805,0.4538373351097107,21676,0.2795906960964203,18.69,408651,408752
0.84,0.0005,-10.283541340000001,0.024371016770601273,11565,35,7.418972492218018,-0.2795332670211792,21680,0.7376265525817871,18.67,408716,408817
0.85,0.0005,-10.090956509999998,0.02397085726261139,11568,35,7.321915626525879,0.33829599618911743,21684,0.8603399395942688,18.77,408797,408898
0.84,0.0005,-10.298075,0.0241091251373291,11570,35,7.066377639770508,0.36474916338920593,21688,0.7968176603317261,18.79,408886,408987
0.83,0.0005,-10.53640476,0.0242182407528162,11572,35,7.556698322296143,0.059868693351745605,21692,0.16612079739570618,18.82,408959,409060
0.84,0.0005,-10.298345849999999,0.024418838322162628,11574,35,7.007416725158691,0.16943782567977905,21696,0.4605233371257782,18.71,409032,409133
0.84,0.0005,-10.34072629,0.024519383907318115,11577,35,7.723899841308594,0.05538949370384216,21700,0.5933388471603394,18.73,409120,409221
0.83,0.0005,-10.54166159,0.024316970258951187,11579,35,7.79932975769043,-0.44436198472976685,21704,1.6980072259902954,18.88,409206,409307
0.83,0.0005,-10.551546010000003,0.02397685870528221,11581,35,7.44724178314209,-0.719642698764801,21708,0.1930660456418991,18.91,409284,409385
0.82,0.0005,-10.70494179,0.023765936493873596,11583,35,6.9540815353393555,-0.7091982364654541,21712,0.3954763412475586,18.83,409357,409458
0.82,0.0005,-10.694239750000001,0.02371785044670105,11585,35,7.356930732727051,-0.46922072768211365,21716,0.3276016414165497,18.79,409430,409531
0.82,0.0005,-10.73033058,0.02323562279343605,11587,35,7.482959270477295,-1.0907881259918213,21720,0.49302971363067627,18.92,409521,409622
0.81,0.0005,-10.9817539,0.02293507754802704,11590,35,7.48887825012207,0.3763442635536194,21724,3.493234157562256,18.92,409605,409706
0.81,0.0005,-10.994546190000001,0.023415515199303627,11592,35,7.877042770385742,0.4766805171966553,21728,0.4979376792907715,18.97,409683,409784
0.79,0.0005,-11.50458136,0.023178301751613617,11594,35,7.328330039978027,-0.055030420422554016,21732,0.33553194999694824,19.15,409771,409872
0.78,0.0005,-11.86706767,0.023195460438728333,11597,35,8.282440185546875,0.4779937267303467,21736,0.41729894280433655,19.38,409860,409961
0.77,0.0005,-12.12882691,0.02302432619035244,11617,35,8.03674030303955,0.49589022994041443,21740,0.8759801387786865,19.48,409945,410046
0.77,0.0005,-12.248082339999998,0.0230146124958992,11619,35,7.494417190551758,-0.8178011178970337,21744,0.8755811452865601,19.7,410028,410129
0.8,0.0005,-11.60104201,0.02312341518700123,11621,35,7.727017879486084,0.4886380434036255,21748,0.18962860107421875,19.76,410110,410211
0.79,0.0005,-11.938576790000003,0.023280955851078033,11624,35,6.663508415222168,0.1463664174079895,21752,0.2379654049873352,19.93,410201,410302
0.79,0.0005,-11.95827972,0.023219292983412743,11626,35,6.985889911651611,-1.0353524684906006,21756,0.1905108392238617,20.01,410273,410374
0.78,0.0005,-12.204626639999999,0.02319839596748352,11628,35,8.551233291625977,-0.5296862721443176,21760,0.743521511554718,20.03,410344,410445
0.78,0.0005,-12.236496429999999,0.024657171219587326,11630,35,9.664031982421875,0.20798401534557343,21764,1.0605168342590332,20.02,410414,410515
0.8,0.0005,-11.77413272,0.024943219497799873,11632,35,7.503771781921387,-0.781425952911377,21768,0.3388126790523529,19.89,410486,410587
0.8,0.0005,-11.794984190000001,0.0247513335198164,11634,35,7.7921342849731445,-0.3168950378894806,21772,0.4232446253299713,20.0,410568,410669
0.81,0.0005,-11.653577689999999,0.02471100352704525,11637,35,8.531244277954102,0.13093361258506775,21776,0.5672729015350342,20.08,410659,410760
0.8,0.0005,-12.037830270000002,0.0252071563154459,11639,35,8.050667762756348,-0.2203248143196106,21780,0.13589170575141907,20.25,410741,410842
0.78,0.0005,-12.451077620000001,0.024971114471554756,11641,35,7.6634440422058105,-0.8701910972595215,21784,0.5413191318511963,20.28,410825,410926
0.79,0.0005,-12.229871880000001,0.024248741567134857,11644,35,7.895904064178467,-0.589113712310791,21788,0.3040383458137512,20.21,410907,411008
0.79,0.0005,-12.26137959,0.02375035546720028,11646,35,8.016743659973145,0.26488590240478516,21792,1.6052730083465576,20.21,410980,411081
0.79,0.0005,-12.26140858,0.023302622139453888,11647,35,7.267467975616455,-0.11925918608903885,21796,0.2711006999015808,20.2,411052,411153
0.79,0.0005,-12.198197900000002,0.023265328258275986,11650,35,7.702968597412109,-0.15785786509513855,21800,0.2550389766693115,20.21,411141,411242
0.79,0.0005,-12.204116530000004,0.023017359897494316,11652,35,7.147325038909912,0.9484261274337769,21804,0.4577062427997589,20.12,411218,411319
0.76,0.0005,-12.891171229999998,0.023134618997573853,11654,35,7.395296096801758,-0.602526068687439,21808,2.267697334289551,20.22,411306,411407
0.77,0.0005,-12.720555950000003,0.022503921762108803,11657,35,8.024480819702148,-0.7972471714019775,21812,0.7985512614250183,20.23,411380,411481
0.77,0.0005,-12.711120039999999,0.021910708397626877,11658,35,6.552453994750977,-0.10161525011062622,21816,1.6261720657348633,20.19,411449,411550
0.79,0.0005,-12.24161146,0.021815583109855652,11661,35,7.9190545082092285,0.015447854995727539,21820,0.22261908650398254,20.08,411529,411630
0.81,0.0005,-11.831331659999998,0.021525055170059204,11663,35,7.372805595397949,-0.001817271113395691,21824,0.13456875085830688,20.1,411615,411716
0.79,0.0005,-12.367234539999997,0.02138333208858967,11666,35,7.317343711853027,1.0380672216415405,21828,1.796392560005188,20.15,411698,411799
0.81,0.0005,-11.948345259999998,0.022167813032865524,11668,35,7.6620659828186035,0.5066567659378052,21832,0.5331756472587585,20.09,411780,411881
0.81,0.0005,-11.902894320000003,0.022473087534308434,11670,35,8.43565559387207,-0.38451865315437317,21836,0.23213231563568115,20.05,411865,411966
0.82,0.0005,-11.602441090000003,0.022202620282769203,11672,35,7.207751274108887,0.6875371932983398,21840,1.362199068069458,19.92,411937,412038
0.82,0.0005,-11.563666090000002,0.02204289473593235,11674,35,6.804853916168213,0.47353118658065796,21844,0.7072582840919495,19.81,412009,412110
0.8,0.0005,-11.977062029999999,0.02190094254910946,11677,35,8.122637748718262,0.1470491737127304,21848,0.36819833517074585,19.81,412091,412192
0.8,0.0005,-11.89333848,0.021898366510868073,11679,35,6.607069969177246,0.23253610730171204,21852,1.776888132095337,19.72,412173,412274
0.79,0.0005,-12.1854137,0.021801073104143143,11681,35,7.939943790435791,0.3075316548347473,21856,0.27169495820999146,19.78,412251,412352
0.79,0.0005,-12.18607928,0.021344032138586044,11683,35,7.136038780212402,-0.9875061511993408,21860,0.258877694606781,19.88,412332,412433
0.79,0.0005,-12.27836227,0.021510377526283264,11686,35,6.063145637512207,0.3774966597557068,21864,1.7184138298034668,20.0,412414,412515
0.79,0.0005,-12.37171748,0.021728165447711945,11688,35,6.792305946350098,0.7121492624282837,21868,0.2313082218170166,20.12,412498,412599
0.79,0.0005,-12.407227359999995,0.02221382036805153,11690,35,7.7181901931762695,-0.10589775443077087,21872,0.17554247379302979,20.13,412581,412682
0.79,0.0005,-12.349362149999997,0.022920606657862663,11693,35,7.774582862854004,0.36483919620513916,21876,0.2753429114818573,20.05,412664,412765
0.79,0.0005,-12.229567759999998,0.02342093735933304,11695,35,6.09552526473999,0.48161232471466064,21880,1.6712923049926758,19.89,412730,412831
0.81,0.0005,-11.73807751,0.02341608516871929,11697,35,7.22104549407959,0.20159931480884552,21884,0.7543083429336548,19.77,412802,412903
0.82,0.0005,-11.497182100000002,0.023650959134101868,11699,35,7.357222557067871,-0.21837672591209412,21888,0.5649971961975098,19.73,412880,412981
0.83,0.0005,-11.27717708,0.023420467972755432,11701,35,7.528637886047363,-0.5464915633201599,21892,0.306035578250885,19.78,412958,413059
0.83,0.0005,-11.23905052,0.023071033880114555,11703,35,7.1286420822143555,-0.9160822033882141,21896,0.32650864124298096,19.75,413027,413128
0.82,0.0005,-11.416681329999996,0.022693127393722534,11705,35,7.152387619018555,-0.5772035121917725,21900,1.044938564300537,19.66,413107,413208
0.84,0.0005,-10.99687484,0.022763393819332123,11707,35,6.911407470703125,0.19355882704257965,21904,1.0331289768218994,19.64,413182,413283
0.87,0.0005,-10.288157940000001,0.022928673774003983,11709,35,8.239680290222168,1.1645290851593018,21908,1.4921293258666992,19.48,413254,413355
0.86,0.0005,-10.50695737,0.02392742782831192,11711,35,6.907562255859375,-0.09934940934181213,21912,0.7781460881233215,19.55,413335,413436
0.85,0.0005,-10.796644429999999,0.02462777867913246,11713,35,7.320324420928955,-0.6873005628585815,21916,0.8402091860771179,19.7,413419,413520
0.84,0.0005,-10.9980375,0.024354666471481323,11716,35,8.064016342163086,0.33104783296585083,21920,0.510674238204956,19.71,413500,413601
0.83,0.0005,-11.10364362,0.024299554526805878,11718,35,7.625866889953613,0.006708577275276184,21924,0.5639182329177856,19.55,413570,413671
0.83,0.0005,-10.980245440000001,0.024368587881326675,11720,35,7.620302200317383,-0.6566487550735474,21928,0.1643522083759308,19.52,413650,413751
0.82,0.0005,-11.13185356,0.023788850754499435,11722,35,6.929343223571777,0.8064095973968506,21932,2.0134477615356445,19.45,413725,413826
0.82,0.0005,-11.13653534,0.023590007796883583,11724,35,8.12205696105957,0.17249783873558044,21936,1.9226293563842773,19.45,413810,413911
0.81,0.0005,-11.375211460000001,0.023187873885035515,11727,35,7.844767093658447,0.02168288081884384,21940,0.5549307465553284,19.5,413887,413988
0.8,0.0005,-11.59610586,0.023044617846608162,11729,35,7.940714359283447,0.10772188007831573,21944,0.053783535957336426,19.56,413965,414066
0.81,0.0005,-11.34874063,0.02332640253007412,11731,35,7.7415242195129395,0.6023070812225342,21948,0.3177160620689392,19.51,414042,414143
0.82,0.0005,-11.095519549999997,0.023399019613862038,11733,35,6.8507513999938965,-1.6971592903137207,21952,1.2296910285949707,19.42,414115,414216
0.83,0.0005,-10.84573146,0.022926604375243187,11735,35,6.6920976638793945,0.9959239959716797,21956,3.3227906227111816,19.4,414191,414292
0.83,0.0005,-10.885176289999997,0.023255974054336548,11737,35,8.921144485473633,0.24359938502311707,21960,1.3441234827041626,19.36,414268,414369
0.82,0.0005,-11.008129479999997,0.023324478417634964,11738,35,8.632267951965332,0.6243764162063599,21964,2.133324146270752,19.29,414343,414444
0.81,0.0005,-11.17427582,0.023567967116832733,11740,35,7.63306999206543,1.4557427167892456,21968,0.8456648588180542,19.25,414423,414524
0.82,0.0005,-10.880085659999999,0.023439237847924232,11742,35,6.634957313537598,-0.5675698518753052,21972,0.23803985118865967,19.11,414492,414593
0.81,0.0005,-10.996999160000003,0.023488512262701988,11744,35,6.82255220413208,0.05340421199798584,21976,0.0903257355093956,18.98,414562,414663
0.81,0.0005,-11.121446640000002,0.023850565776228905,11746,35,7.6553544998168945,-0.7529271245002747,21980,0.16375942528247833,19.23,414653,414754
0.81,0.0005,-11.11935208,0.02333611436188221,11748,35,7.356695175170898,0.47774195671081543,21984,0.9324023723602295,19.24,414726,414827
0.81,0.0005,-11.164106120000001,0.022794513031840324,11750,35,7.653818130493164,-0.026498671621084213,21988,0.4182838797569275,19.31,414811,414912
0.81,0.0005,-11.17462662,0.022603873163461685,11752,35,7.533810138702393,-1.2716580629348755,21992,0.8490265607833862,19.36,414894,414995
0.81,0.0005,-11.208862290000003,0.02219560742378235,11754,35,7.9138078689575195,-1.1679177284240723,21996,1.298844337463379,19.39,414966,415067
0.83,0.0005,-10.80989226,0.021679271012544632,11756,35,7.198193550109863,-0.9077380895614624,22000,0.474323034286499,19.39,415046,415147
0.83,0.0005,-10.783133910000002,0.02126200497150421,11758,35,6.595882415771484,-0.2897893786430359,22004,0.31727755069732666,19.37,415119,415220
0.82,0.0005,-11.05270358,0.021170277148485184,11760,35,8.495039939880371,0.1277666687965393,22008,0.4555206894874573,19.5,415204,415305
0.81,0.0005,-11.27338264,0.02071213722229004,11762,35,7.448666572570801,0.03745913505554199,22012,0.1372826248407364,19.49,415284,415385
0.82,0.0005,-11.042379549999998,0.020705338567495346,11764,35,7.048205852508545,-0.9285988211631775,22016,0.2597759962081909,19.44,415363,415464
0.82,0.0005,-11.045356810000001,0.020526954904198647,11766,35,7.423120498657227,-0.14642643928527832,22020,0.1264129877090454,19.41,415441,415542
0.82,0.0005,-11.092256510000002,0.02054251916706562,11769,35,7.74564266204834,-0.4091838002204895,22024,1.3007780313491821,19.55,415525,415626
0.84,0.0005,-10.587021900000002,0.020429983735084534,11770,35,7.5153608322143555,-0.3621099591255188,22028,0.2111625373363495,19.38,415588,415689
0.85,0.0005,-10.39968455,0.02043958194553852,11772,35,6.834842681884766,-0.11326700448989868,22032,0.6120235919952393,19.42,415667,415768
0.84,0.0005,-10.561285029999999,0.020316464826464653,11774,35,7.229914665222168,-0.43683362007141113,22036,0.5726741552352905,19.39,415749,415850
0.85,0.0005,-10.309435780000001,0.020278992131352425,11776,35,7.795590400695801,0.4785148501396179,22040,0.30710339546203613,19.3,415817,415918
0.84,0.0005,-10.550783590000002,0.02044025994837284,11778,35,8.708394050598145,-0.24947091937065125,22044,1.000625729560852,19.37,415902,416003
0.85,0.0005,-10.341308759999999,0.020183604210615158,11780,35,7.196133613586426,0.4098890423774719,22048,0.13084903359413147,19.35,415977,416078
0.84,0.0005,-10.58494427,0.020205331966280937,11782,35,8.131092071533203,-0.150923952460289,22052,0.5411398410797119,19.42,416057,416158
0.84,0.0005,-10.535634600000002,0.02032274752855301,11784,35,7.310668468475342,-0.35897618532180786,22056,0.4468439221382141,19.35,416126,416227
0.84,0.0005,-10.496770589999999,0.020337827503681183,11786,35,7.312984943389893,-0.3244827389717102,22060,0.17156364023685455,19.39,416207,416308
0.85,0.0005,-10.321205339999999,0.020365314558148384,11788,35,6.574878692626953,-1.41754949092865,22064,0.08258053660392761,19.4,416283,416384
0.84,0.0005,-10.564383629999998,0.02022557519376278,11790,35,8.171862602233887,-0.14567831158638,22068,0.3128904402256012,19.48,416371,416472
0.84,0.0005,-10.574768070000003,0.020560305565595627,11791,35,8.659191131591797,0.3049296736717224,22072,1.409390926361084,19.51,416443,416544
0.84,0.0005,-10.65990384,0.020668623968958855,11793,35,8.709348678588867,-0.03805840015411377,22076,0.11325955390930176,19.64,416526,416627
0.84,0.0005,-10.517761099999998,0.020673060789704323,11795,35,7.903736114501953,0.14389082789421082,22080,0.1679852157831192,19.44,416597,416698
0.84,0.0005,-10.465034819999998,0.020838305354118347,11797,35,6.905709266662598,0.07071903347969055,22084,0.45578187704086304,19.35,416661,416762
0.84,0.0005,-10.472957030000002,0.021125780418515205,11799,35,7.145666122436523,0.14662909507751465,22088,1.49929940700531,19.36,416747,416848
0.84,0.0005,-10.461362509999999,0.021221639588475227,11801,35,8.863073348999023,0.012595988810062408,22092,0.2612597942352295,19.3,416824,416925
0.84,0.0005,-10.47427591,0.02126794494688511,11803,35,7.206203460693359,-0.05862407386302948,22096,1.109596610069275,19.33,416899,417000
0.84,0.0005,-10.47511064,0.02166619338095188,11805,35,7.7698469161987305,0.9432157278060913,22100,1.4361112117767334,19.34,416980,417081
0.83,0.0005,-10.71735764,0.022171976044774055,11807,35,8.020462989807129,-0.16632701456546783,22104,0.1840619444847107,19.45,417064,417165
0.84,0.0005,-10.4974587,0.02172618731856346,11809,35,6.530533790588379,0.9684733748435974,22108,1.7673654556274414,19.4,417144,417245
0.86,0.0005,-10.11705007,0.021436000242829323,11811,35,8.405660629272461,0.5168920159339905,22112,1.4721252918243408,19.46,417230,417331
0.85,0.0005,-10.2888728,0.021560577675700188,11813,35,7.596944808959961,-0.44460564851760864,22116,0.3412378430366516,19.41,417304,417405
0.85,0.0005,-10.336904419999998,0.021807044744491577,11815,35,6.685124397277832,-0.1213693618774414,22120,0.15506935119628906,19.5,417391,417492
0.85,0.0005,-10.413957579999998,0.022287601605057716,11817,35,8.076440811157227,-0.5356608629226685,22124,1.3456672430038452,19.56,417481,417582
0.84,0.0005,-10.717462839999998,0.02181069925427437,11819,35,7.974827766418457,0.03341078758239746,22128,0.10730644315481186,19.76,417564,417665
0.84,0.0005,-10.665910509999998,0.021489959210157394,11821,35,6.814936637878418,0.468680739402771,22132,0.9760956168174744,19.68,417635,417736
0.84,0.0005,-10.709785440000003,0.02138717658817768,11823,35,9.074655532836914,0.8669475317001343,22136,0.19248957931995392,19.67,417716,417817
0.8,0.0005,-11.555916820000002,0.023122696205973625,11825,35,9.92306900024414,-0.971049964427948,22140,1.1256794929504395,19.75,417792,417893
0.82,0.0005,-11.086133099999998,0.023103058338165283,11827,35,7.265670299530029,-0.03502032160758972,22144,0.2812604606151581,19.68,417870,417971
0.82,0.0005,-11.038860710000002,0.022908097133040428,11829,35,7.954745292663574,-0.6470308899879456,22148,0.2758961319923401,19.63,417940,418041
0.83,0.0005,-10.777866940000003,0.022305132821202278,11831,35,7.913269996643066,-0.8385202884674072,22152,0.5895432233810425,19.51,418008,418109
0.82,0.0005,-10.97828809,0.021889973431825638,11833,35,7.509250164031982,0.6361608505249023,22156,0.10082154721021652,19.53,418079,418180
0.81,0.0005,-11.180018659999998,0.021692801266908646,11835,35,7.0165486335754395,0.146213561296463,22160,0.07996855676174164,19.5,418157,418258
0.81,0.0005,-11.112415929999997,0.021495908498764038,11837,35,6.855649948120117,0.557488203048706,22164,0.29295194149017334,19.47,418230,418331
0.83,0.0005,-10.65121913,0.02147890254855156,11838,35,7.3208208084106445,0.2932182550430298,22168,0.24913924932479858,19.36,418307,418408
0.82,0.0005,-10.940349109999998,0.021611979231238365,11840,35,7.560457229614258,0.12730227410793304,22172,0.12094920873641968,19.47,418390,418491
0.82,0.0005,-10.945983509999998,0.02217795141041279,11842,35,8.074982643127441,0.2856264114379883,22176,0.235312819480896,19.49,418475,418576
0.81,0.0005,-11.204876739999998,0.022104116156697273,11844,35,7.179547309875488,1.090011715888977,22180,3.786078691482544,19.59,418556,418657
0.8,0.0005,-11.502587859999998,0.022556709125638008,11846,35,8.29963493347168,1.2743510007858276,22184,1.6258597373962402,19.69,418630,418731
0.8,0.0005,-11.53774883,0.022892452776432037,11849,35,7.018155097961426,-0.3446834087371826,22188,0.23264580965042114,19.73,418720,418821
0.8,0.0005,-11.559704529999998,0.02255738154053688,11851,35,6.793979167938232,-0.21913433074951172,22192,1.0911390781402588,19.8,418804,418905
0.78,0.0005,-12.021328629999998,0.022179119288921356,11854,35,7.31434965133667,-0.18305915594100952,22196,0.05027312785387039,19.9,418889,418990
0.78,0.0005,-12.01681251,0.022087479010224342,11856,35,7.202123641967773,0.6445580124855042,22200,1.2851531505584717,19.88,418968,419069
0.78,0.0005,-12.02648338,0.022594250738620758,11858,35,7.572809219360352,-0.3873615264892578,22204,0.5193687677383423,19.9,419054,419155
0.77,0.0005,-12.236033330000003,0.022244038060307503,11861,35,7.621879577636719,0.26035627722740173,22208,0.15295091271400452,19.95,419139,419240
0.76,0.0005,-12.437348879999995,0.022134089842438698,11863,35,7.353137016296387,-0.2957295775413513,22212,0.13947460055351257,19.94,419224,419325
0.77,0.0005,-12.34045245,0.022620171308517456,11865,35,7.473357200622559,0.056242652237415314,22216,1.451145887374878,20.07,419311,419412
0.77,0.0005,-12.320670639999998,0.02290176786482334,11868,35,8.606949806213379,1.2857270240783691,22220,0.34046757221221924,20.01,419392,419493
0.78,0.0005,-12.12718107,0.022878026589751244,11870,35,7.338367938995361,0.26418519020080566,22224,0.4702088534832001,20.01,419482,419583
0.79,0.0005,-11.9178695,0.023007173091173172,11872,35,6.721644878387451,0.006135225296020508,22228,2.9699740409851074,19.95,419559,419660
0.78,0.0005,-12.129279299999999,0.022873936221003532,11875,35,7.60659646987915,-0.09704820811748505,22232,1.985393762588501,20.02,419637,419738
0.8,0.0005,-11.695325490000002,0.02287886291742325,11877,35,6.8695197105407715,0.1205473244190216,22236,1.1409912109375,20.0,419716,419817
0.83,0.0005,-11.17129824,0.023154616355895996,11879,35,7.510008335113525,-0.07298191636800766,22240,1.6773216724395752,20.14,419806,419907
0.83,0.0005,-11.19715201,0.023307407274842262,11881,35,8.280601501464844,-0.4660071134567261,22244,0.31807929277420044,20.15,419885,419986
0.83,0.0005,-11.302586129999998,0.023009657859802246,11900,35,8.257603645324707,-0.6043471097946167,22248,0.11484206467866898,20.3,419970,420071
0.83,0.0005,-11.314448320000002,0.022398142144083977,11902,35,7.951995849609375,0.2818945646286011,22252,1.2961630821228027,20.35,420043,420144
0.84,0.0005,-11.164717510000003,0.022267727181315422,11905,35,7.479100704193115,-0.6937450170516968,22256,0.18860098719596863,20.41,420120,420221
0.86,0.0005,-10.71797618,0.022252393886446953,11907,35,7.612209320068359,-1.3417904376983643,22260,0.5333001613616943,20.35,420192,420293
0.85,0.0005,-11.004367359999996,0.021935896947979927,11909,35,7.788702964782715,-0.13960984349250793,22264,2.0910797119140625,20.4,420270,420371
0.85,0.0005,-10.94970986,0.021823158487677574,11910,35,6.644851207733154,0.16267311573028564,22268,0.11862649023532867,20.32,420339,420440
0.85,0.0005,-10.90548806,0.02220078930258751,11913,35,8.015254020690918,0.9308155179023743,22272,0.6968527436256409,20.31,420421,420522
0.86,0.0005,-10.604363110000001,0.022351272404193878,11914,35,7.543625354766846,0.4681936800479889,22276,2.753218173980713,20.15,420490,420591
0.88,0.0005,-10.140267029999999,0.02201385796070099,11916,35,7.342477321624756,-0.17049497365951538,22280,0.6181219816207886,20.04,420560,420661
0.89,0.0005,-9.89537979,0.02162018045783043,11918,35,7.9707441329956055,-0.022133469581604004,22284,0.3686782419681549,20.03,420633,420734
0.89,0.0005,-9.76215349,0.021435324102640152,11920,35,8.79024887084961,-0.7276356220245361,22288,2.5002260208129883,19.85,420705,420806
0.87,0.0005,-10.159393790000001,0.021275730803608894,11922,35,7.01932430267334,-0.7062379717826843,22292,0.7077312469482422,19.86,420790,420891
0.87,0.0005,-10.10379913,0.021091779693961143,11925,35,7.217833042144775,0.27951884269714355,22296,0.24978947639465332,19.79,420868,420969
0.87,0.0005,-10.04911972,0.021094104275107384,11926,35,7.032234191894531,-0.7802848815917969,22300,0.1472167819738388,19.69,420937,421038
0.87,0.0005,-10.038747700000002,0.02053026854991913,11929,35,7.513850212097168,0.33737093210220337,22304,0.3886420428752899,19.64,421018,421119
0.88,0.0005,-9.76119756,0.020808016881346703,11931,35,6.898731231689453,0.48828426003456116,22308,1.968076467514038,19.53,421092,421193
0.89,0.0005,-9.45656562,0.02049969881772995,11933,35,7.638012886047363,0.8750300407409668,22312,0.7264052629470825,19.37,421161,421262
0.88,0.0005,-9.626584099999999,0.021095389500260353,11935,35,7.791440963745117,-0.3983415961265564,22316,0.4613575339317322,19.36,421247,421348
0.89,0.0005,-9.39786266,0.021102286875247955,11937,35,7.95199728012085,0.40961652994155884,22320,0.5359704494476318,19.33,421325,421426
0.88,0.0005,-9.50197395,0.021142464131116867,11939,35,6.787602424621582,0.4659150540828705,22324,1.41303551197052,19.17,421399,421500
0.88,0.0005,-9.49759203,0.021250661462545395,11941,35,7.50675106048584,0.10419157147407532,22328,1.4719903469085693,19.18,421477,421578
0.87,0.0005,-9.79016345,0.02076701447367668,11944,35,7.759269714355469,-0.34045228362083435,22332,1.342881202697754,19.25,421562,421663
0.87,0.0005,-9.76311653,0.020657632499933243,11946,35,7.771324157714844,0.26084089279174805,22336,0.16726529598236084,19.24,421640,421741
0.88,0.0005,-9.48625036,0.02071402408182621,11948,35,7.098629951477051,-0.5417027473449707,22340,0.2691723108291626,19.08,421714,421815
0.87,0.0005,-9.627474110000001,0.020538033917546272,11950,35,6.590671062469482,-0.03364989161491394,22344,0.39779359102249146,18.96,421781,421882
0.87,0.0005,-9.608842050000002,0.020398631691932678,11952,35,7.0528693199157715,-0.6804760694503784,22348,0.29613742232322693,18.91,421861,421962
0.86,0.0005,-9.900648770000002,0.019865721464157104,11954,35,7.210843086242676,-0.17423489689826965,22352,0.4265892505645752,19.04,421947,422048
0.85,0.0005,-10.122932630000001,0.01933937706053257,11957,35,7.835494041442871,0.4772409498691559,22356,2.5472424030303955,19.13,422033,422134
0.84,0.0005,-10.40262485,0.019223889335989952,11959,35,8.304021835327148,-0.9084451794624329,22360,2.4942312240600586,19.22,422114,422215
0.85,0.0005,-10.19713982,0.01902185194194317,11961,35,7.576050758361816,0.8502010107040405,22364,1.8790191411972046,19.23,422193,422294
0.83,0.0005,-10.69332072,0.01951398141682148,11964,35,7.1397600173950195,-0.010995358228683472,22368,0.9259209632873535,19.42,422281,422382
0.82,0.0005,-10.92369599,0.019786275923252106,11966,35,6.7367472648620605,-0.11716301739215851,22372,1.3587192296981812,19.45,422366,422467
0.82,0.0005,-11.008206809999997,0.01989373378455639,11968,35,7.387862205505371,0.2987927496433258,22376,0.1478327512741089,19.56,422446,422547
0.82,0.0005,-11.046866980000003,0.02015545405447483,11970,35,6.709155559539795,-0.3217787742614746,22380,0.09749258309602737,19.6,422520,422621
0.82,0.0005,-11.09755791,0.020122643560171127,11973,35,8.207024574279785,0.41133913397789,22384,0.5065090656280518,19.68,422601,422702
0.83,0.0005,-10.897545570000002,0.0204453244805336,11974,35,6.141097068786621,-0.34780195355415344,22388,2.1634926795959473,19.67,422672,422773
0.84,0.0005,-10.647490530000002,0.020391138270497322,11977,35,9.148396492004395,0.5665780305862427,22392,1.782271385192871,19.57,422747,422848
0.86,0.0005,-10.286398760000003,0.02183852344751358,11979,35,7.614972114562988,0.06978409737348557,22396,0.27303802967071533,19.66,422834,422935
0.86,0.0005,-10.34065859,0.022105228155851364,11981,35,7.224831581115723,0.1429242193698883,22400,0.5538198947906494,19.77,422914,423015
0.86,0.0005,-10.37808632,0.02182220108807087,11983,35,7.535791397094727,-0.08619187772274017,22404,0.48338162899017334,19.8,422998,423099
0.84,0.0005,-10.876183959999999,0.02173769287765026,11985,35,7.7267985343933105,1.3716766834259033,22408,1.4158434867858887,19.93,423085,423186
0.84,0.0005,-10.928291060000001,0.02195437066257,11987,35,6.682294845581055,-0.8920968770980835,22412,1.5494306087493896,20.01,423162,423263
0.85,0.0005,-10.700987959999999,0.022020213305950165,11989,35,7.9339494705200195,0.8083430528640747,22416,1.1613163948059082,20.01,423248,423349
0.84,0.0005,-10.92070652,0.022053692489862442,11992,35,7.166294574737549,-0.15034958720207214,22420,1.2951908111572266,20.11,423336,423437
0.83,0.0005,-11.17326713,0.02154999040067196,11994,35,7.023083686828613,0.04516571760177612,22424,2.0597805976867676,20.24,423423,423524
0.82,0.0005,-11.4172867,0.02146158367395401,11997,35,8.039026260375977,0.2909001410007477,22428,0.5074836611747742,20.31,423508,423609
0.83,0.0005,-11.202415059999998,0.021035000681877136,11999,35,7.370694160461426,-0.9532016515731812,22432,0.549813985824585,20.3,423592,423693
0.83,0.0005,-11.201946240000002,0.020798854529857635,12001,35,8.490808486938477,0.4569222033023834,22436,0.12223491817712784,20.29,423669,423770
0.83,0.0005,-11.25518486,0.020880509167909622,12004,35,7.891607284545898,-0.08341634273529053,22440,0.3142227530479431,20.37,423751,423852
0.84,0.0005,-11.109422849999998,0.020922891795635223,12006,35,8.068692207336426,-0.16069544851779938,22444,0.19030600786209106,20.45,423826,423927
0.84,0.0005,-11.028292329999998,0.02062857523560524,12008,35,7.54743766784668,-0.05632133036851883,22448,1.0930284261703491,20.35,423896,423997
0.85,0.0005,-10.738196220000003,0.02100992202758789,12010,35,6.814153671264648,-0.10685883462429047,22452,0.3732798993587494,20.22,423969,424070
0.86,0.0005,-10.51311809,0.020934822037816048,12012,35,7.441887855529785,-0.8418482542037964,22456,0.23129233717918396,20.12,424045,424146
0.86,0.0005,-10.504353360000003,0.021147891879081726,12014,35,7.640374183654785,-0.6225119829177856,22460,0.7283807992935181,20.09,424123,424224
0.86,0.0005,-10.50429456,0.020648911595344543,12017,35,7.855438232421875,-0.5841872692108154,22464,1.5039408206939697,20.09,424202,424303
0.87,0.0005,-10.317059120000001,0.020634174346923828,12019,35,7.289269924163818,0.8907601833343506,22468,1.6156150102615356,20.09,424290,424391
0.89,0.0005,-9.898966739999999,0.020529665052890778,12021,35,7.363809585571289,-0.6301257610321045,22472,0.31092238426208496,20.06,424372,424473
0.88,0.0005,-10.107008310000001,0.02041528932750225,12023,35,6.768311500549316,-0.041720956563949585,22476,0.1715950220823288,20.1,424456,424557
0.87,0.0005,-10.380060660000002,0.02030705288052559,12025,35,7.765836238861084,-0.5221320986747742,22480,0.1618529111146927,20.22,424542,424643
0.87,0.0005,-10.37110599,0.020201237872242928,12027,35,7.846921443939209,-0.5847334265708923,22484,0.2962706685066223,20.18,424619,424720
0.87,0.0005,-10.45841517,0.02043607458472252,12030,35,7.233856201171875,0.3199092149734497,22488,0.8633812665939331,20.3,424702,424803
0.88,0.0005,-10.291111549999998,0.020547421649098396,12032,35,6.743448734283447,0.43272531032562256,22492,1.9659318923950195,20.34,424781,424882
0.88,0.0005,-10.30007979,0.021404149010777473,12034,35,7.888139724731445,-0.2210521101951599,22496,0.20605900883674622,20.32,424866,424967
0.88,0.0005,-10.287754110000002,0.021939542144536972,12036,35,7.055384635925293,-0.15060800313949585,22500,0.6474093198776245,20.27,424941,425042
0.89,0.0005,-9.967615380000002,0.02173621766269207,12038,35,7.247296333312988,-0.24421678483486176,22504,0.22088968753814697,20.13,425011,425112
0.91,0.0005,-9.596600420000001,0.021425580605864525,12041,35,8.647212982177734,-0.4323413372039795,22508,0.2796657681465149,20.14,425099,425200
0.91,0.0005,-9.60189475,0.02113046497106552,12043,35,6.241326808929443,0.27064940333366394,22512,1.3140122890472412,20.16,425178,425279
0.91,0.0005,-9.53331513,0.021019306033849716,12045,35,7.628955841064453,0.9004326462745667,22516,0.15768489241600037,20.0,425248,425349
0.92,0.0005,-9.30541664,0.020710201933979988,12047,35,7.314887523651123,0.5940974950790405,22520,0.28296762704849243,19.87,425323,425424
0.94,0.0005,-8.806000840000001,0.020793717354536057,12049,35,7.3716511726379395,0.14300966262817383,22524,0.47833406925201416,19.7,425393,425494
0.95,0.0005,-8.50992069,0.020805301144719124,12051,35,7.56866455078125,-0.47282305359840393,22528,0.20055079460144043,19.52,425460,425561
0.95,0.0005,-8.50751703,0.020739858970046043,12053,35,7.637831687927246,-0.014010071754455566,22532,0.16848072409629822,19.51,425543,425644
0.94,0.0005,-8.74382549,0.021431753411889076,12056,35,6.832613945007324,-0.09097794443368912,22536,0.1557154357433319,19.55,425624,425725
0.93,0.0005,-8.90122868,0.021994199603796005,12058,35,7.65343713760376,0.9139276146888733,22540,0.6589393615722656,19.51,425702,425803
0.93,0.0005,-8.90635509,0.02270396612584591,12060,35,6.6684370040893555,-0.6160078048706055,22544,0.13370613753795624,19.52,425778,425879
0.93,0.0005,-8.937346409999998,0.02270115725696087,12062,35,7.294097900390625,0.35524338483810425,22548,0.6211093664169312,19.53,425849,425950
0.92,0.0005,-9.16466273,0.02260938286781311,12064,35,7.940264701843262,0.1192818433046341,22552,1.7045230865478516,19.54,425923,426024
0.92,0.0005,-9.08092264,0.022813737392425537,12066,35,8.06488037109375,-0.7338635921478271,22556,0.23041613399982452,19.44,425989,426090
0.92,0.0005,-9.151414339999999,0.02237638086080551,12068,35,7.403384208679199,1.3297710418701172,22560,0.8322954773902893,19.56,426079,426180
0.9,0.0005,-9.511245379999998,0.022073039785027504,12070,35,8.00386905670166,-0.9627360105514526,22564,0.21429400146007538,19.56,426158,426259
0.91,0.0005,-9.256605600000002,0.02139090932905674,12073,35,8.188667297363281,-0.5854599475860596,22568,0.7054437398910522,19.46,426236,426337
0.9,0.0005,-9.46221286,0.020862972363829613,12075,35,7.462264537811279,-0.25426268577575684,22572,1.2405979633331299,19.4,426312,426413
0.91,0.0005,-9.217916780000001,0.021298818290233612,12077,35,7.625113487243652,0.03171445429325104,22576,0.3596053421497345,19.31,426387,426488
0.92,0.0005,-8.910171620000002,0.021497149020433426,12079,35,8.094206809997559,0.14693331718444824,22580,0.7065209150314331,19.16,426458,426559
0.91,0.0005,-9.195237520000001,0.021334027871489525,12081,35,7.5809407234191895,0.014744468033313751,22584,0.6179415583610535,19.26,426545,426646
0.91,0.0005,-9.061398740000001,0.021283194422721863,12082,35,8.517501831054688,0.12125404179096222,22588,0.5395580530166626,19.08,426610,426711
0.91,0.0005,-9.053129219999999,0.02130117081105709,12084,35,8.023086547851562,0.5645903944969177,22592,0.7699581384658813,19.05,426686,426787
0.91,0.0005,-8.958466920000001,0.021174490451812744,12086,35,7.428901672363281,-0.20724451541900635,22596,0.31833362579345703,18.91,426757,426858
0.89,0.0005,-9.48611603,0.02147957682609558,12089,35,6.886733055114746,1.9389370679855347,22600,0.9167882204055786,19.06,426847,426948
0.89,0.0005,-9.461147440000001,0.022317223250865936,12090,35,7.029512405395508,0.17409786581993103,22604,2.3311867713928223,18.98,426909,427010
0.89,0.0005,-9.420138630000002,0.02182690054178238,12093,35,7.791258811950684,0.29161491990089417,22608,0.44121646881103516,18.95,426994,427095
0.89,0.0005,-9.356850479999999,0.02207256481051445,12094,35,8.10102653503418,-0.35489335656166077,22612,0.22179445624351501,18.83,427061,427162
0.89,0.0005,-9.360454199999998,0.022325728088617325,12096,35,7.26782751083374,0.7410746216773987,22616,0.4568920135498047,18.85,427133,427234
0.89,0.0005,-9.3792129,0.022199900820851326,12098,35,6.4529876708984375,-0.3359675705432892,22620,1.5976033210754395,18.91,427214,427315
0.89,0.0005,-9.420772379999999,0.021958863362669945,12100,35,6.856623649597168,-0.13492318987846375,22624,0.16090628504753113,18.96,427289,427390
0.88,0.0005,-9.68014863,0.022351298481225967,12102,35,7.156197547912598,-0.4487301707267761,22628,0.24492351710796356,19.09,427369,427470
0.89,0.0005,-9.439843100000001,0.022503359243273735,12104,35,6.612258434295654,-0.6262606382369995,22632,0.09358757734298706,19.04,427447,427548
0.89,0.0005,-9.443310290000001,0.02259409986436367,12106,35,6.7869672775268555,-0.45722031593322754,22636,0.11342670023441315,19.02,427526,427627
0.9,0.0005,-9.27469525,0.02206519991159439,12108,35,7.047236442565918,0.2032296061515808,22640,0.5148646235466003,19.03,427605,427706
0.88,0.0005,-9.727171829999998,0.021922580897808075,12110,35,8.060279846191406,1.008541226387024,22644,0.43246015906333923,19.1,427688,427789
0.87,0.0005,-9.995578800000002,0.021797610446810722,12113,35,7.668828964233398,0.34507590532302856,22648,0.4354713261127472,19.28,427777,427878
0.87,0.0005,-9.9808707,0.02159188501536846,12114,35,7.786181449890137,-0.421701580286026,22652,0.12023289501667023,19.33,427856,427957
0.87,0.0005,-10.0708016,0.021497517824172974,12116,35,7.095112323760986,-0.24419009685516357,22656,0.6967456340789795,19.44,427933,428034
0.86,0.0005,-10.260027339999999,0.021619422361254692,12119,35,6.61286735534668,-0.30404019355773926,22660,1.2628421783447266,19.45,428024,428125
0.88,0.0005,-9.79364152,0.021579762920737267,12120,35,7.5662126541137695,0.3024817109107971,22664,1.900062084197998,19.27,428085,428186
0.87,0.0005,-9.968965480000001,0.021919304504990578,12122,35,7.388443946838379,0.4920862317085266,22668,1.6718051433563232,19.29,428165,428266
0.88,0.0005,-9.69977784,0.0223713181912899,12123,35,7.547769546508789,-0.5433624982833862,22672,1.0717377662658691,19.24,428236,428337
0.88,0.0005,-9.7357971,0.022236626595258713,12125,35,8.300373077392578,0.27153366804122925,22676,1.7628931999206543,19.29,428316,428417
0.87,0.0005,-9.949924909999998,0.022152453660964966,12127,35,8.012624740600586,0.13253486156463623,22680,0.4168388247489929,19.33,428391,428492
0.88,0.0005,-9.65865251,0.022800736129283905,12129,35,6.728041648864746,0.326652467250824,22684,3.5144975185394287,19.21,428466,428567
0.88,0.0005,-9.74482115,0.02231312356889248,12130,35,7.708634853363037,-0.4683697819709778,22688,0.39410635828971863,19.32,428542,428643
0.88,0.0005,-9.72236798,0.022389832884073257,12132,35,8.188253402709961,-0.38919830322265625,22692,0.1733371913433075,19.33,428619,428720
0.88,0.0005,-9.707361780000003,0.022313743829727173,12134,35,7.212968349456787,0.2664755582809448,22696,0.41291624307632446,19.29,428686,428787
0.9,0.0005,-9.20491287,0.022126059979200363,12136,35,7.863445281982422,-1.1798046827316284,22700,0.3099064528942108,19.21,428768,428869
0.89,0.0005,-9.50105921,0.022211113944649696,12138,35,9.666045188903809,0.772013247013092,22704,0.9472708702087402,19.35,428844,428945
0.88,0.0005,-9.67099429,0.022353893145918846,12140,35,8.095817565917969,-0.09461645781993866,22708,0.10703997313976288,19.33,428927,429028
0.88,0.0005,-9.699562550000001,0.022545816376805305,12142,35,7.4628119468688965,-0.19387975335121155,22712,2.2834320068359375,19.41,429002,429103
0.87,0.0005,-9.95253532,0.023235632106661797,12144,35,7.183669090270996,-0.6769427061080933,22716,0.312572717666626,19.52,429085,429186
0.87,0.0005,-9.829444460000001,0.023090893402695656,12145,35,6.7094035148620605,-0.6537803411483765,22720,0.11219826340675354,19.31,429145,429246
0.87,0.0005,-9.79159499,0.022347738966345787,12147,35,7.981019973754883,0.3788774013519287,22724,1.1838014125823975,19.28,429217,429318
0.86,0.0005,-9.99989528,0.022683335468173027,12149,35,7.705862998962402,-0.6928892731666565,22728,2.768400192260742,19.24,429293,429394
0.85,0.0005,-10.24602327,0.022715570405125618,12151,35,7.891339302062988,0.06702665984630585,22732,0.46934664249420166,19.28,429375,429476
0.85,0.0005,-10.291945810000001,0.022811317816376686,12153,35,8.12576675415039,0.3360026478767395,22736,0.22970670461654663,19.38,429464,429565
0.84,0.0005,-10.510020899999999,0.022271305322647095,12155,35,7.276905059814453,-0.12429475784301758,22740,0.35887762904167175,19.43,429548,429649
0.85,0.0005,-10.30277015,0.02215520478785038,12157,35,7.301462173461914,-0.8092044591903687,22744,0.2459375560283661,19.44,429632,429733
0.85,0.0005,-10.292415170000002,0.021561436355113983,12159,35,7.141929626464844,0.05046400427818298,22748,0.3025054335594177,19.32,429709,429810
0.86,0.0005,-10.111118229999999,0.021360373124480247,12160,35,7.189774513244629,-0.14680048823356628,22752,0.339684396982193,19.27,429783,429884
0.86,0.0005,-10.05781693,0.021246755495667458,12162,35,7.3629150390625,0.3799346387386322,22756,0.4511946737766266,19.17,429850,429951
0.88,0.0005,-9.609152170000002,0.02110559307038784,12180,35,8.036480903625488,-0.0976984053850174,22760,0.3630141019821167,19.07,429931,430032
0.87,0.0005,-9.950439580000001,0.02147495374083519,12182,35,6.567070484161377,0.263628214597702,22764,1.0296710729599,19.29,430014,430115
0.88,0.0005,-9.69724863,0.021450743079185486,12184,35,7.373500347137451,0.054453492164611816,22768,2.5756382942199707,19.18,430083,430184
0.87,0.0005,-10.04637108,0.022878043353557587,12186,35,8.612996101379395,0.36873340606689453,22772,0.3691616356372833,19.33,430169,430270
0.86,0.0005,-10.212230759999999,0.022943362593650818,12189,35,7.495755195617676,0.10224354267120361,22776,0.27051255106925964,19.3,430246,430347
0.87,0.0005,-10.061833830000001,0.022749612107872963,12191,35,7.258312225341797,-0.17402926087379456,22780,1.1959331035614014,19.39,430330,430431
0.85,0.0005,-10.502534520000001,0.02231151983141899,12193,35,7.776398658752441,0.9917336106300354,22784,0.23845532536506653,19.44,430410,430511
0.84,0.0005,-10.71587443,0.02230493724346161,12195,35,7.295145034790039,-0.6517950892448425,22788,0.09682870656251907,19.49,430491,430592
0.84,0.0005,-10.745247079999999,0.02214667573571205,12197,35,7.537317276000977,0.46582067012786865,22792,0.21641841530799866,19.49,430568,430669
0.83,0.0005,-11.00225231,0.02174588292837143,12199,35,7.4259161949157715,0.03449831157922745,22796,0.47500455379486084,19.61,430647,430748
0.83,0.0005,-11.015318070000001,0.021218519657850266,12201,35,6.151971817016602,-0.9817464351654053,22800,0.4388347864151001,19.58,430726,430827
0.83,0.0005,-11.068439520000002,0.02136807329952717,12203,35,7.85864782333374,-0.294776976108551,22804,0.10859301686286926,19.68,430812,430913
0.84,0.0005,-10.8836347,0.021704457700252533,12205,35,7.434992790222168,0.38300010561943054,22808,1.1551098823547363,19.65,430892,430993
0.84,0.0005,-10.916038500000003,0.02220185287296772,12207,35,7.848207473754883,-1.1629493236541748,22812,2.8106942176818848,19.68,430970,431071
0.84,0.0005,-10.890990120000001,0.021950185298919678,12209,35,7.4653167724609375,-0.16619601845741272,22816,0.7471368908882141,19.61,431046,431147
0.84,0.0005,-10.971605900000004,0.021640019491314888,12211,35,6.7945780754089355,-0.6005232930183411,22820,0.10627567768096924,19.78,431123,431224
0.83,0.0005,-11.18740081,0.021356984972953796,12213,35,7.571763038635254,-0.6222567558288574,22824,0.36627188324928284,19.81,431198,431299
0.84,0.0005,-10.93688986,0.0210551880300045,12216,35,7.990417957305908,-0.6682853698730469,22828,1.5827221870422363,19.78,431271,431372
0.85,0.0005,-10.694210640000001,0.020755743607878685,12218,35,7.043175220489502,-0.5503097176551819,22832,0.4612334072589874,19.75,431350,431451
0.86,0.0005,-10.36960264,0.020866554230451584,12220,35,7.658497333526611,-0.21764206886291504,22836,0.11639811843633652,19.61,431425,431526
0.86,0.0005,-10.38760794,0.02139047533273697,12222,35,7.390971660614014,-0.5690749883651733,22840,0.09214088320732117,19.59,431507,431608
0.85,0.0005,-10.66049257,0.021833373233675957,12225,35,6.004279136657715,0.30478712916374207,22844,0.15452730655670166,19.63,431595,431696
0.84,0.0005,-10.866273760000002,0.021951206028461456,12227,35,7.634396553039551,-0.24217265844345093,22848,0.7246947288513184,19.72,431681,431782
0.83,0.0005,-11.061431509999998,0.021998200565576553,12229,35,7.414408206939697,-0.6847490668296814,22852,0.7053892612457275,19.74,431757,431858
0.82,0.0005,-11.358153810000003,0.02197144366800785,12231,35,6.656403064727783,0.13977470993995667,22856,0.5935737490653992,19.91,431841,431942
0.82,0.0005,-11.399342419999998,0.021625246852636337,12234,35,7.317119121551514,-0.8644152283668518,22860,0.5555108785629272,19.97,431928,432029
0.82,0.0005,-11.40092402,0.021529385820031166,12236,35,7.708937644958496,0.8675258159637451,22864,0.16772544384002686,19.96,432010,432111
0.82,0.0005,-11.42720357,0.021471261978149414,12238,35,7.3275065422058105,1.1622393131256104,22868,0.600276529788971,19.96,432079,432180
0.83,0.0005,-11.165248399999994,0.021600354462862015,12240,35,7.779514789581299,-0.22987902164459229,22872,0.2949620485305786,19.92,432161,432262
0.83,0.0005,-11.23356797,0.020703596994280815,12243,35,7.077764987945557,-1.2597936391830444,22876,0.3119816780090332,20.0,432246,432347
0.83,0.0005,-11.175037500000004,0.02029108814895153,12245,35,6.858150959014893,-0.4217761754989624,22880,0.22386091947555542,19.88,432318,432419
0.85,0.0005,-10.734577289999997,0.02010507881641388,12247,35,7.640965461730957,0.579673707485199,22884,0.45541834831237793,19.84,432394,432495
0.86,0.0005,-10.52154026,0.020445480942726135,12249,35,6.464391708374023,1.0402793884277344,22888,0.3044954538345337,19.78,432469,432570
0.86,0.0005,-10.53775408,0.020296735689044,12252,35,7.300114631652832,-1.2638651132583618,22892,0.17560048401355743,19.84,432552,432653
0.86,0.0005,-10.541062239999999,0.020046915858983994,12254,35,8.210494995117188,-0.08802060782909393,22896,0.9470995664596558,19.82,432629,432730
0.86,0.0005,-10.5109957,0.020169315859675407,12256,35,7.2650580406188965,-0.6335155963897705,22900,0.2863084077835083,19.8,432706,432807
0.86,0.0005,-10.469612920000001,0.020473333075642586,12258,35,6.732038974761963,0.45101070404052734,22904,0.11310051381587982,19.72,432784,432885
0.86,0.0005,-10.46365934,0.020769039168953896,12260,35,7.438975811004639,0.4940139055252075,22908,1.20261549949646,19.71,432863,432964
0.85,0.0005,-10.712738520000002,0.020791953429579735,12262,35,6.497626304626465,0.6596274971961975,22912,0.6349608898162842,19.8,432950,433051
0.86,0.0005,-10.535943590000002,0.02138582430779934,12264,35,7.424324989318848,0.39540600776672363,22916,0.6268008947372437,19.85,433031,433132
0.86,0.0005,-10.563030649999996,0.02212696708738804,12266,35,7.090374946594238,-0.14396262168884277,22920,0.44775670766830444,19.86,433109,433210
0.87,0.0005,-10.34425153,0.022008471190929413,12268,35,7.7126007080078125,0.35808539390563965,22924,1.6713740825653076,19.82,433180,433281
0.88,0.0005,-10.194950639999997,0.02303909882903099,12270,35,6.967772960662842,0.617857813835144,22928,0.873349130153656,19.89,433260,433361
0.88,0.0005,-10.19451781,0.02316112071275711,12272,35,7.678066253662109,-0.5568805932998657,22932,0.33891603350639343,19.88,433338,433439
0.88,0.0005,-10.23252132,0.02270442247390747,12274,35,7.998823165893555,-0.5956887006759644,22936,0.4892929196357727,19.92,433417,433518
0.88,0.0005,-10.16722006,0.02169760689139366,12277,35,7.4829607009887695,0.7423627376556396,22940,1.6085174083709717,19.86,433493,433594
0.9,0.0005,-9.653813320000001,0.02143356017768383,12279,35,7.33768367767334,0.9967120885848999,22944,1.9634424448013306,19.76,433571,433672
0.92,0.0005,-9.12135256,0.021218473091721535,12281,35,7.177367687225342,0.07128094136714935,22948,0.0722317099571228,19.57,433638,433739
0.93,0.0005,-8.886914769999999,0.020831147208809853,12283,35,6.795225143432617,-0.2765089273452759,22952,0.12516745924949646,19.52,433709,433810
0.94,0.0005,-8.596434460000001,0.020942552015185356,12285,35,7.481867790222168,0.17702168226242065,22956,0.05380360037088394,19.4,433781,433882
0.93,0.0005,-8.770548560000002,0.020838091149926186,12287,35,7.18464994430542,-0.3742215037345886,22960,0.21678262948989868,19.41,433869,433970
0.93,0.0005,-8.726013700000001,0.020812956616282463,12289,35,6.854262828826904,0.16742973029613495,22964,0.27481314539909363,19.37,433947,434048
0.93,0.0005,-8.713743390000001,0.02059296891093254,12291,35,7.413669586181641,-0.7831563949584961,22968,1.4780926704406738,19.34,434013,434114
0.92,0.0005,-8.94475446,0.020191127434372902,12294,35,6.678951263427734,0.02039247751235962,22972,0.19719228148460388,19.42,434103,434204
0.92,0.0005,-8.93615722,0.020441396161913872,12296,35,7.330672740936279,0.4622712731361389,22976,1.873356819152832,19.41,434187,434288
0.92,0.0005,-8.93578514,0.02023271843791008,12298,35,7.276592254638672,0.30625003576278687,22980,0.3636040687561035,19.41,434259,434360
0.92,0.0005,-8.92312219,0.020399637520313263,12300,35,8.089838027954102,1.8316482305526733,22984,0.17059405148029327,19.37,434331,434432
0.91,0.0005,-9.0904069,0.020404016599059105,12302,35,7.3577561378479,0.8084925413131714,22988,0.8137633800506592,19.37,434406,434507
0.9,0.0005,-9.32264592,0.02131897211074829,12305,35,6.720198154449463,0.49835044145584106,22992,0.2465740144252777,19.39,434491,434592
0.9,0.0005,-9.377699920000001,0.021490667015314102,12307,35,7.935786247253418,-0.05272528529167175,22996,1.9856094121932983,19.48,434577,434678
0.89,0.0005,-9.54184774,0.021699344739317894,12309,35,6.790060997009277,-0.9284766316413879,23000,0.7609608769416809,19.42,434648,434749
0.89,0.0005,-9.545102120000001,0.021813122555613518,12311,35,8.951419830322266,0.46819359064102173,23004,4.279858589172363,19.45,434729,434830
0.89,0.0005,-9.41032405,0.022183530032634735,12313,35,7.325213432312012,0.56695157289505,23008,1.557631254196167,19.26,434789,434890
0.89,0.0005,-9.401373470000003,0.02280234545469284,12315,35,8.351383209228516,-0.31544333696365356,23012,0.8723853230476379,19.24,434874,434975
0.89,0.0005,-9.453127480000001,0.02272757515311241,12317,35,7.324644565582275,-0.43571725487709045,23016,0.7170885801315308,19.31,434962,435063
0.89,0.0005,-9.425816470000001,0.02230367623269558,12319,35,7.166719436645508,0.038026392459869385,23020,1.0235483646392822,19.3,435039,435140
0.89,0.0005,-9.490658870000003,0.022180933505296707,12321,35,7.844181060791016,-0.7457867860794067,23024,0.12031611800193787,19.42,435122,435223
0.88,0.0005,-9.72883094,0.021740032359957695,12324,35,7.929775714874268,0.024912655353546143,23028,0.32141435146331787,19.49,435209,435310
0.87,0.0005,-10.025357880000001,0.021454647183418274,12326,35,6.851794719696045,-0.22048154473304749,23032,0.5246305465698242,19.63,435301,435402
0.87,0.0005,-10.0293027,0.021023284643888474,12328,35,6.8502302169799805,-0.0003898441791534424,23036,2.44631290435791,19.63,435380,435481
0.88,0.0005,-9.82541988,0.020758558064699173,12330,35,7.798126220703125,-0.07923233509063721,23040,0.9437795877456665,19.63,435456,435557
0.87,0.0005,-10.01334668,0.020823191851377487,12332,35,7.410952568054199,-0.3487358093261719,23044,0.1858857274055481,19.62,435533,435634
0.86,0.0005,-10.3153137,0.020620878785848618,12334,35,6.971597671508789,-1.2026925086975098,23048,1.5984137058258057,19.76,435614,435715
0.86,0.0005,-10.352976630000002,0.020460929721593857,12336,35,7.929623126983643,-0.3025173246860504,23052,0.9637853503227234,19.78,435687,435788
0.86,0.0005,-10.388160480000002,0.020898014307022095,12339,35,7.2954559326171875,1.0179626941680908,23056,0.520431637763977,19.8,435761,435862
0.87,0.0005,-10.12845138,0.02158021740615368,12341,35,7.449057579040527,0.6283261775970459,23060,0.2306392639875412,19.68,435837,435938
0.88,0.0005,-9.884062189999998,0.022329887375235558,12343,35,6.999929428100586,0.26494431495666504,23064,0.483425498008728,19.61,435908,436009
0.88,0.0005,-10.028317079999999,0.022717975080013275,12345,35,6.649528503417969,-0.04788792133331299,23068,0.43970537185668945,19.82,435995,436096
0.89,0.0005,-9.70899754,0.022578876465559006,12347,35,7.2982659339904785,0.40309053659439087,23072,0.1646939367055893,19.61,436064,436165
0.9,0.0005,-9.39301707,0.022397685796022415,12348,35,6.641795635223389,-1.2790061235427856,23076,0.13096904754638672,19.44,436131,436232
0.9,0.0005,-9.393799289999999,0.02180032804608345,12350,35,6.7270708084106445,-0.8174810409545898,23080,0.21517640352249146,19.45,436204,436305
0.9,0.0005,-9.369981410000001,0.021610943600535393,12352,35,7.514543533325195,0.918898344039917,23084,0.2630614638328552,19.45,436276,436377
0.91,0.0005,-9.19892901,0.021756308153271675,12354,35,7.8538923263549805,0.4849895238876343,23088,1.6924774646759033,19.46,436352,436453
0.92,0.0005,-8.91599305,0.021776141598820686,12356,35,7.816408157348633,0.31047558784484863,23092,0.850982666015625,19.36,436427,436528
0.93,0.0005,-8.63606813,0.021827273070812225,12358,35,7.10176944732666,-0.7484660148620605,23096,1.1485531330108643,19.28,436505,436606
0.93,0.0005,-8.71467319,0.022204002365469933,12361,35,7.64968729019165,0.29474321007728577,23100,0.519353985786438,19.42,436590,436691
0.94,0.0005,-8.44992336,0.022522011771798134,12363,35,6.965622425079346,-0.9434958696365356,23104,1.2884142398834229,19.31,436660,436761
0.94,0.0005,-8.51698955,0.022399824112653732,12365,35,8.197773933410645,-0.35118770599365234,23108,2.4924416542053223,19.44,436733,436834
0.95,0.0005,-8.32087153,0.02216121181845665,12367,35,6.674578666687012,0.10804674029350281,23112,0.09677182137966156,19.43,436817,436918
0.95,0.0005,-8.26700486,0.022258389741182327,12369,35,6.961339950561523,0.2715761363506317,23116,0.24552486836910248,19.35,436897,436998
0.95,0.0005,-8.33535854,0.022025879472494125,12372,35,7.784867286682129,0.3820127844810486,23120,2.122255802154541,19.4,436979,437080
0.94,0.0005,-8.54382992,0.022130856290459633,12374,35,7.874175071716309,-0.1508401334285736,23124,0.10765966773033142,19.42,437064,437165
0.95,0.0005,-8.25036555,0.021492501720786095,12376,35,7.559765815734863,0.08911183476448059,23128,0.3669484853744507,19.26,437135,437236
0.96,0.0005,-7.95284075,0.021594585850834846,12378,35,7.596112251281738,0.1366889774799347,23132,0.9965020418167114,19.12,437213,437314
0.96,0.0005,-7.96320635,0.021512772887945175,12380,35,6.965914726257324,-0.594292402267456,23136,0.20169059932231903,19.14,437294,437395
0.96,0.0005,-7.920139199999999,0.02082044631242752,12382,35,7.655616283416748,0.9035162925720215,23140,3.6562108993530273,19.09,437365,437466
0.95,0.0005,-8.17727566,0.020885955542325974,12385,35,7.509403228759766,-0.15037554502487183,23144,0.08868498355150223,19.18,437451,437552
0.96,0.0005,-7.96179017,0.021732034161686897,12387,35,8.525043487548828,1.3743648529052734,23148,0.30604106187820435,19.15,437529,437630
0.96,0.0005,-7.8897132,0.022063104435801506,12388,35,7.1840009689331055,0.41167131066322327,23152,0.37265944480895996,19.1,437597,437698
0.94,0.0005,-8.30412075,0.022395268082618713,12390,35,8.091043472290039,-0.7778760194778442,23156,0.21729665994644165,19.16,437677,437778
0.94,0.0005,-8.27518642,0.02213074080646038,12392,35,8.512397766113281,-0.44041311740875244,23160,0.09427981078624725,19.14,437751,437852
0.93,0.0005,-8.52361095,0.022321220487356186,12394,35,7.449793815612793,-0.4105873107910156,23164,0.8948509693145752,19.12,437820,437921
0.93,0.0005,-8.479975139999999,0.022221554070711136,12396,35,7.105444431304932,-0.3993508219718933,23168,0.06599864363670349,19.05,437900,438001
0.93,0.0005,-8.441054439999998,0.02217014878988266,12398,35,7.507294178009033,0.2186923623085022,23172,0.8503174781799316,19.01,437965,438066
0.92,0.0005,-8.693901499999999,0.02264348790049553,12399,35,8.136367797851562,1.4107263088226318,23176,0.16375672817230225,19.1,438041,438142
0.91,0.0005,-8.866923460000002,0.023187365382909775,12401,35,7.397543430328369,-0.9038926362991333,23180,0.7921322584152222,19.16,438120,438221
0.9,0.0005,-9.0570081,0.023315705358982086,12403,35,6.275664329528809,-0.6668453216552734,23184,1.531346082687378,19.16,438192,438293
0.9,0.0005,-9.11285655,0.023115819320082664,12405,35,7.022348403930664,0.09640675783157349,23188,1.7916748523712158,19.24,438276,438377
0.89,0.0005,-9.34348671,0.022933661937713623,12407,35,7.506053447723389,-0.2731112539768219,23192,0.9148181676864624,19.27,438354,438455
0.89,0.0005,-9.329348310000002,0.023119842633605003,12409,35,6.771701812744141,-0.3297034204006195,23196,0.3998521566390991,19.23,438428,438529
0.89,0.0005,-9.345637700000001,0.02296401746571064,12412,35,6.355033874511719,0.453249990940094,23200,0.5613439083099365,19.25,438515,438616
0.89,0.0005,-9.442115029999998,0.022836197167634964,12414,35,8.272966384887695,-1.4538986682891846,23204,0.1622210294008255,19.39,438599,438700
0.88,0.0005,-9.70189036,0.02298298478126526,12416,35,7.515600681304932,0.5886944532394409,23208,1.2223575115203857,19.5,438683,438784
0.87,0.0005,-9.85502019,0.023267576470971107,12418,35,7.621339797973633,-0.3243146538734436,23212,0.1813056915998459,19.45,438762,438863
0.85,0.0005,-10.298252560000002,0.02335342951118946,12420,35,8.713932037353516,-0.24813595414161682,23216,0.33578354120254517,19.47,438844,438945
0.84,0.0005,-10.401530260000001,0.023290392011404037,12422,35,8.050497055053711,0.4983816146850586,23220,0.5375453233718872,19.36,438915,439016
0.85,0.0005,-10.16755725,0.023314721882343292,12424,35,7.092062473297119,0.026282325387001038,23224,0.6871016025543213,19.26,438990,439091
0.85,0.0005,-10.168894289999999,0.023646993562579155,12426,35,8.546972274780273,0.490718275308609,23228,0.17534297704696655,19.26,439061,439162
0.85,0.0005,-10.17815774,0.02344694547355175,12428,35,7.627968788146973,-0.061010196805000305,23232,0.3081008195877075,19.29,439142,439243
0.84,0.0005,-10.32958691,0.023146938532590866,12430,35,8.147308349609375,0.1536840945482254,23236,0.14077576994895935,19.24,439218,439319
0.84,0.0005,-10.371065660000001,0.023012029007077217,12432,35,6.847333908081055,-0.04645547270774841,23240,0.16988691687583923,19.28,439293,439394
0.85,0.0005,-10.131190080000001,0.022555021569132805,12434,35,7.421473503112793,-0.28224849700927734,23244,0.33120352029800415,19.23,439374,439475
0.84,0.0005,-10.372032059999999,0.022048871964216232,12437,35,8.101585388183594,0.5508235692977905,23248,0.7340463995933533,19.28,439457,439558
0.82,0.0005,-10.851056849999997,0.022321263328194618,12439,35,8.458793640136719,0.5284311175346375,23252,3.558391571044922,19.4,439537,439638
0.82,0.0005,-10.84695034,0.022402575239539146,12441,35,7.127778053283691,0.24511083960533142,23256,0.3385108411312103,19.36,439613,439714
0.82,0.0005,-10.84548751,0.022565728053450584,12443,35,8.25069522857666,0.34686800837516785,23260,1.5030364990234375,19.36,439687,439788
0.83,0.0005,-10.60688285,0.022316813468933105,12445,35,7.303680419921875,-0.03432862460613251,23264,1.006636142730713,19.42,439762,439863
0.82,0.0005,-10.776995320000003,0.02206418476998806,12447,35,6.806058406829834,-0.664377748966217,23268,0.12667350471019745,19.35,439835,439936
0.81,0.0005,-11.01352896,0.02169191837310791,12465,35,7.611870288848877,0.4237034320831299,23272,0.35761481523513794,19.38,439903,440004
0.82,0.0005,-10.773985590000002,0.021555626764893532,12467,35,6.478721618652344,0.15022452175617218,23276,0.5444183945655823,19.34,439975,440076
0.83,0.0005,-10.674988290000002,0.021603237837553024,12470,35,7.944605350494385,0.23939913511276245,23280,1.3044960498809814,19.36,440056,440157
0.84,0.0005,-10.516356019999998,0.02156730741262436,12471,35,7.048905372619629,0.6985262632369995,23284,0.43986499309539795,19.38,440130,440231
0.84,0.0005,-10.46836535,0.02144961804151535,12473,35,6.690138816833496,0.25629639625549316,23288,0.11894461512565613,19.32,440208,440309
0.84,0.0005,-10.570853750000001,0.02136189490556717,12476,35,6.724645137786865,-0.6062521934509277,23292,0.3437512218952179,19.47,440301,440402
0.84,0.0005,-10.65806406,0.02101251110434532,12478,35,6.333949089050293,-0.6224679350852966,23296,0.3636114299297333,19.57,440385,440486
0.83,0.0005,-10.81873035,0.02145344950258732,12480,35,7.351468086242676,1.183887243270874,23300,0.5112113952636719,19.53,440468,440569
0.83,0.0005,-10.823613950000002,0.02305721491575241,12482,35,8.039727210998535,-0.2579178810119629,23304,0.3249216079711914,19.55,440554,440655
0.82,0.0005,-11.030425869999998,0.023280587047338486,12484,35,7.773961067199707,0.5411584377288818,23308,0.27123942971229553,19.48,440631,440732
0.82,0.0005,-11.023408519999997,0.023546896874904633,12486,35,7.507439613342285,0.5629033446311951,23312,1.4495043754577637,19.46,440708,440809
0.82,0.0005,-10.98834786,0.02372661605477333,12488,35,7.898102760314941,-0.11254450678825378,23316,0.26772236824035645,19.39,440783,440884
0.82,0.0005,-11.050522700000002,0.023279601708054543,12490,35,6.971219062805176,-0.3477509617805481,23320,0.11549728363752365,19.5,440865,440966
0.82,0.0005,-11.053638000000001,0.022734571248292923,12492,35,7.7119951248168945,-0.04180469363927841,23324,0.22991293668746948,19.5,440940,441041
0.81,0.0005,-11.292356529999998,0.022188201546669006,12494,35,6.839371681213379,-0.6882702112197876,23328,0.21629320085048676,19.57,441018,441119
0.8,0.0005,-11.509505050000003,0.02176511101424694,12497,35,7.389648914337158,0.4005219340324402,23332,0.26196181774139404,19.57,441099,441200
0.81,0.0005,-11.390164610000001,0.021804168820381165,12499,35,7.657848358154297,-0.7659242153167725,23336,0.4145081043243408,19.65,441183,441284
0.81,0.0005,-11.429975679999998,0.021486906334757805,12501,35,7.112373352050781,-0.4359281063079834,23340,0.7028937339782715,19.69,441262,441363
0.82,0.0005,-11.214743570000001,0.020987926051020622,12503,35,7.634401321411133,-0.4039842486381531,23344,0.877447247505188,19.62,441336,441437
0.83,0.0005,-10.926869299999998,0.020718509331345558,12505,35,6.734488487243652,0.21566757559776306,23348,0.2732766270637512,19.49,441406,441507
0.83,0.0005,-10.974779930000004,0.020339325070381165,12507,35,7.346834182739258,-0.5994362831115723,23352,1.6178840398788452,19.55,441492,441593
0.85,0.0005,-10.530214350000001,0.020697062835097313,12509,35,7.398715019226074,0.7372949719429016,23356,1.819495677947998,19.52,441565,441666
0.82,0.0005,-11.398402489999999,0.023499799892306328,12512,35,8.031759262084961,1.659127950668335,23360,0.5541399717330933,19.96,441683,441784
0.82,0.0005,-11.465843719999999,0.02417903207242489,12514,35,8.086296081542969,0.16672714054584503,23364,2.7876954078674316,20.01,441763,441864
0.83,0.0005,-11.276812579999998,0.024153489619493484,12516,35,7.107478141784668,-0.25092554092407227,23368,0.10555478185415268,20.11,441846,441947
0.83,0.0005,-11.379852170000001,0.023909293115139008,12519,35,8.641542434692383,-1.025789499282837,23372,0.5033329725265503,20.27,441930,442031
0.82,0.0005,-11.67718889,0.023647693917155266,12521,35,8.099945068359375,0.3754581809043884,23376,0.14606411755084991,20.44,442019,442120
0.82,0.0005,-11.656522999999998,0.023461703211069107,12523,35,7.891401290893555,-0.147847980260849,23380,1.5820921659469604,20.44,442100,442201
0.81,0.0005,-11.87939858,0.02301413007080555,12525,35,7.422091484069824,-1.1438158750534058,23384,0.3876441717147827,20.51,442181,442282
0.81,0.0005,-11.932333200000002,0.022819308564066887,12527,35,7.615607738494873,0.31923526525497437,23388,0.1374330371618271,20.58,442266,442367
0.82,0.0005,-11.574679239999998,0.02287249080836773,12529,35,6.787550449371338,0.3329255282878876,23392,1.2126353979110718,20.32,442333,442434
0.81,0.0005,-11.767301719999999,0.02281688153743744,12531,35,6.63104772567749,-0.39038288593292236,23396,0.2148936688899994,20.34,442419,442520
0.83,0.0005,-11.397486100000002,0.02240167185664177,12533,35,8.014049530029297,-0.13068538904190063,23400,0.21562166512012482,20.35,442503,442604
0.83,0.0005,-11.310285920000002,0.022377099841833115,12535,35,7.1002888679504395,-0.29563799500465393,23404,0.09935915470123291,20.23,442577,442678
0.83,0.0005,-11.36087451,0.022144854068756104,12537,35,7.766147136688232,-0.6189588308334351,23408,0.8434189558029175,20.36,442667,442768
0.84,0.0005,-11.17189406,0.022058961912989616,12539,35,6.967618942260742,0.6770267486572266,23412,0.3739958107471466,20.38,442746,442847
0.85,0.0005,-10.90097861,0.022282671183347702,12541,35,7.7751922607421875,0.9436594843864441,23416,2.070363998413086,20.37,442820,442921
0.86,0.0005,-10.73433432,0.022739510983228683,12543,35,7.572264671325684,-0.49053117632865906,23420,0.20863360166549683,20.38,442903,443004
0.85,0.0005,-10.98991146,0.022741803899407387,12545,35,7.454372406005859,-0.579434335231781,23424,2.3576912879943848,20.48,442988,443089
0.86,0.0005,-10.848860170000002,0.022744135931134224,12547,35,7.0656304359436035,-0.1617116928100586,23428,0.3145773410797119,20.55,443073,443174
0.86,0.0005,-10.871871559999999,0.02266337350010872,12550,35,7.509279251098633,0.28449171781539917,23432,0.7485496997833252,20.6,443159,443260
0.85,0.0005,-10.975745179999999,0.022627059370279312,12551,35,7.2695159912109375,-0.704614520072937,23436,0.9246799349784851,20.48,443231,443332
0.85,0.0005,-10.99244616,0.02247479557991028,12553,35,7.7409868240356445,0.18471845984458923,23440,0.06433131545782089,20.55,443317,443418
0.84,0.0005,-11.246417950000001,0.02259816788136959,12555,35,7.393235206604004,-0.7501540184020996,23444,0.2873505651950836,20.64,443400,443501
0.84,0.0005,-11.19691446,0.022609533742070198,12557,35,7.215973377227783,0.2301665097475052,23448,0.4865252375602722,20.59,443465,443566
0.85,0.0005,-10.9792958,0.022191481664776802,12559,35,7.45863151550293,-1.0613179206848145,23452,1.7514231204986572,20.54,443546,443647
0.85,0.0005,-10.985352770000002,0.022338267415761948,12561,35,8.817017555236816,-0.03390529751777649,23456,0.16076986491680145,20.54,443619,443720
0.88,0.0005,-10.171604109999999,0.021813195198774338,12563,35,7.856215476989746,-0.06972115486860275,23460,0.10384385287761688,20.2,443703,443804
0.88,0.0005,-10.17930973,0.021406641229987144,12565,35,7.9585795402526855,0.7106366157531738,23464,0.45088326930999756,20.21,443784,443885
0.87,0.0005,-10.38562105,0.02137218602001667,12567,35,7.099109172821045,0.628786563873291,23468,1.4086246490478516,20.21,443867,443968
0.87,0.0005,-10.399309249999998,0.021000396460294724,12569,35,7.273983955383301,-0.3389730751514435,23472,0.35289645195007324,20.25,443955,444056
0.88,0.0005,-10.17902809,0.02054012566804886,12572,35,7.075181484222412,0.9384291172027588,23476,0.5518800020217896,20.16,444035,444136
0.87,0.0005,-10.361378430000002,0.020982777699828148,12574,35,7.515206813812256,-0.023829884827136993,23480,0.8873040676116943,20.14,444114,444215
0.88,0.0005,-10.11030762,0.020791437476873398,12576,35,7.394704818725586,0.2482529878616333,23484,0.4575963020324707,20.07,444188,444289
0.88,0.0005,-10.059475429999999,0.020745452493429184,12578,35,7.3372297286987305,0.024742573499679565,23488,0.22634340822696686,20.01,444267,444368
0.87,0.0005,-10.349702400000002,0.020189743489027023,12580,35,7.912199974060059,-0.8280662298202515,23492,0.10736190527677536,20.14,444347,444448
0.88,0.0005,-10.00434084,0.01994849555194378,12581,35,7.463054180145264,0.39411666989326477,23496,0.29062798619270325,19.88,444407,444508
0.87,0.0005,-10.15653741,0.01983918994665146,12583,35,7.708214282989502,-0.00838044285774231,23500,0.0951569676399231,19.79,444482,444583
0.87,0.0005,-10.15029142,0.02021155133843422,12585,35,8.488992691040039,0.9921302795410156,23504,0.09687038511037827,19.77,444554,444655
0.89,0.0005,-9.61867432,0.02062424272298813,12586,35,8.62221908569336,1.3936692476272583,23508,0.48218977451324463,19.56,444623,444724
0.87,0.0005,-10.027420560000001,0.02199735678732395,12588,35,7.278697967529297,0.885820209980011,23512,2.6463916301727295,19.8,444726,444827
0.87,0.0005,-10.122874269999999,0.022896848618984222,12590,35,7.180856704711914,1.2215274572372437,23516,0.2323981523513794,19.87,444807,444908
0.87,0.0005,-10.11069483,0.023265967145562172,12592,35,7.520689964294434,-0.760108470916748,23520,0.9030157327651978,19.82,444885,444986
0.87,0.0005,-10.100557510000002,0.02278393879532814,12594,35,7.628920078277588,0.02436167001724243,23524,0.4831203520298004,19.75,444963,445064
0.86,0.0005,-10.25534209,0.023126771673560143,12596,35,8.077705383300781,-0.2611956298351288,23528,0.7550866603851318,19.7,445043,445144
0.85,0.0005,-10.544115519999998,0.023417722433805466,12599,35,8.677633285522461,0.3346960246562958,23532,1.6730419397354126,19.91,445150,445251
0.86,0.0005,-10.409965999999999,0.023256106302142143,12601,35,7.7372941970825195,-0.6498656868934631,23536,0.15738549828529358,20.02,445233,445334
0.85,0.0005,-10.606092530000002,0.022774435579776764,12603,35,7.106719017028809,0.40606462955474854,23540,0.11507008969783783,19.99,445316,445417
0.85,0.0005,-10.52210733,0.021805157884955406,12605,35,7.913943290710449,-1.2089369297027588,23544,2.181994915008545,19.91,445391,445492
0.85,0.0005,-10.523734710000001,0.021149905398488045,12607,35,6.637509822845459,-0.7090442180633545,23548,0.6819780468940735,19.9,445455,445556
0.84,0.0005,-10.74439997,0.020851003006100655,12609,35,7.25440788269043,0.6728581190109253,23552,0.5235475301742554,19.9,445536,445637
0.84,0.0005,-10.781611830000001,0.020756183192133904,12611,35,7.345903396606445,-0.1588200032711029,23556,0.19665157794952393,19.93,445612,445713
0.83,0.0005,-11.00797092,0.02042401395738125,12613,35,7.6286163330078125,-0.16336995363235474,23560,1.1921148300170898,19.94,445697,445798
0.83,0.0005,-10.923286590000002,0.02033117599785328,12615,35,7.8687591552734375,-0.7175743579864502,23564,0.09495191276073456,19.84,445768,445869
0.83,0.0005,-10.84851396,0.019979611039161682,12617,35,6.909925937652588,0.46439802646636963,23568,0.2324739694595337,19.71,445838,445939
0.83,0.0005,-10.771143830000002,0.01979033090174198,12618,35,8.41386890411377,-0.774143397808075,23572,1.151216983795166,19.58,445913,446014
0.83,0.0005,-10.697720630000001,0.019582176581025124,12620,35,6.319089889526367,0.690048098564148,23576,0.21813732385635376,19.52,445987,446088
0.84,0.0005,-10.41049958,0.01951385661959648,12622,35,7.6460723876953125,1.1532790660858154,23580,0.24382346868515015,19.37,446051,446152
0.84,0.0005,-10.49963178,0.019863490015268326,12624,35,7.22213077545166,-0.43385618925094604,23584,0.4584904909133911,19.48,446136,446237
0.83,0.0005,-10.76591706,0.020044106990098953,12627,35,7.695519924163818,0.18915219604969025,23588,0.788853645324707,19.58,446225,446326
0.84,0.0005,-10.535898350000002,0.020207548514008522,12629,35,7.893737316131592,0.5441309213638306,23592,0.36795806884765625,19.56,446303,446404
0.82,0.0005,-11.068293650000001,0.02000279724597931,12631,35,7.6838698387146,0.9549537897109985,23596,0.833033561706543,19.76,446383,446484
0.82,0.0005,-11.116324469999997,0.020378734916448593,12633,35,6.66179895401001,0.19282789528369904,23600,0.6899035573005676,19.87,446469,446570
0.82,0.0005,-11.11852623,0.020369475707411766,12635,35,8.04059886932373,0.14377348124980927,23604,1.605191946029663,19.87,446541,446642
0.82,0.0005,-11.184084870000001,0.02041754312813282,12637,35,8.257867813110352,0.8406963348388672,23608,1.1374750137329102,20.0,446623,446724
0.84,0.0005,-10.76327908,0.020864540711045265,12639,35,7.632645606994629,-0.059827208518981934,23612,1.5272526741027832,19.73,446699,446800
0.84,0.0005,-10.705361649999997,0.021644780412316322,12641,35,6.933622360229492,-0.490082710981369,23616,0.23355817794799805,19.72,446779,446880
0.83,0.0005,-10.914114660000001,0.021695904433727264,12643,35,7.918881416320801,-0.3503379821777344,23620,0.06421330571174622,19.76,446861,446962
0.84,0.0005,-10.669604720000002,0.02143876440823078,12645,35,7.935934066772461,-0.5141066908836365,23624,0.3743053376674652,19.74,446937,447038
0.85,0.0005,-10.45899448,0.021224573254585266,12647,35,6.922191619873047,0.3526362180709839,23628,0.7489724159240723,19.7,447013,447114
0.86,0.0005,-10.15490409,0.021364741027355194,12649,35,7.495214939117432,0.35143256187438965,23632,0.06748853623867035,19.45,447095,447196
0.86,0.0005,-10.088078549999999,0.02181563712656498,12651,35,8.303730010986328,-0.35949116945266724,23636,0.18999531865119934,19.33,447166,447267
0.86,0.0005,-10.05920881,0.021827029064297676,12653,35,6.985537528991699,-0.09947352856397629,23640,1.1115379333496094,19.32,447248,447349
0.87,0.0005,-9.84598424,0.021517671644687653,12655,35,6.911611557006836,-0.04668959975242615,23644,0.2174895703792572,19.27,447318,447419
0.87,0.0005,-9.93365901,0.021145693957805634,12657,35,7.163060665130615,-0.5132043957710266,23648,2.991914749145508,19.38,447393,447494
0.89,0.0005,-9.39927968,0.02056732587516308,12659,35,7.7070512771606445,-0.07900556921958923,23652,0.2229766547679901,19.24,447460,447561
0.87,0.0005,-9.911046559999999,0.020341258496046066,12661,35,6.844963073730469,-0.5110734701156616,23656,0.19555790722370148,19.29,447541,447642
0.86,0.0005,-10.11650857,0.019805537536740303,12663,35,7.142645835876465,-0.6548922061920166,23660,2.2438952922821045,19.27,447624,447725
0.85,0.0005,-10.33538626,0.019971566274762154,12665,35,7.520136833190918,0.25184836983680725,23664,0.5945289134979248,19.36,447704,447805
0.85,0.0005,-10.44294848,0.02038547582924366,12668,35,7.371005058288574,-0.38400429487228394,23668,0.2880675792694092,19.49,447787,447888
0.86,0.0005,-10.250954789999998,0.020352276042103767,12669,35,6.860947608947754,-0.2961445152759552,23672,0.254369854927063,19.48,447861,447962
0.86,0.0005,-10.250289919999998,0.02035324089229107,12671,35,7.465631484985352,-0.13181374967098236,23676,0.291553258895874,19.47,447934,448035
0.85,0.0005,-10.494528460000002,0.020724797621369362,12673,35,7.275470733642578,-0.9184571504592896,23680,1.0936893224716187,19.55,448006,448107
0.85,0.0005,-10.48295492,0.02043483592569828,12674,35,7.816915035247803,-0.20106011629104614,23684,0.4241584241390228,19.51,448087,448188
0.86,0.0005,-10.259897239999997,0.020594598725438118,12676,35,7.154678821563721,-0.4161512553691864,23688,0.14519692957401276,19.45,448170,448271
0.86,0.0005,-10.16701729,0.020617159083485603,12678,35,6.519282341003418,0.17829468846321106,23692,0.8553019762039185,19.31,448234,448335
0.86,0.0005,-10.176704899999999,0.020829174667596817,12679,35,8.318609237670898,0.4937092363834381,23696,0.4917982220649719,19.34,448317,448418
0.87,0.0005,-9.90606161,0.020979057997465134,12681,35,6.576981067657471,-0.6409841775894165,23700,0.14159724116325378,19.19,448388,448489
0.87,0.0005,-9.98393717,0.020752225071191788,12683,35,7.07948112487793,-0.2622751295566559,23704,0.14707425236701965,19.28,448469,448570
0.87,0.0005,-9.96390539,0.02071903832256794,12684,35,7.462960720062256,1.3620120286941528,23708,2.272942543029785,19.21,448544,448645
0.87,0.0005,-9.987326340000001,0.02142057567834854,12686,35,7.63303279876709,-0.20021921396255493,23712,0.2575220465660095,19.28,448627,448728
0.88,0.0005,-9.70557828,0.022527065128087997,12688,35,7.953684329986572,1.2740724086761475,23716,1.534273386001587,19.12,448691,448792
0.89,0.0005,-9.44502129,0.023365672677755356,12690,35,7.649862766265869,0.40080490708351135,23720,1.4696533679962158,19.07,448768,448869
0.89,0.0005,-9.43315575,0.022941304370760918,12691,35,7.309691905975342,-0.052442386746406555,23724,0.36232131719589233,19.03,448840,448941
0.89,0.0005,-9.401990379999999,0.022013183683156967,12693,35,6.520931243896484,-0.5539408922195435,23728,0.22097733616828918,19.02,448915,449016
0.88,0.0005,-9.634956659999999,0.021509921178221703,12695,35,7.897157192230225,-0.4537510275840759,23732,0.4156835675239563,19.09,449004,449105
0.87,0.0005,-9.88354227,0.02136855758726597,12697,35,6.52315616607666,0.08767245709896088,23736,1.7001688480377197,19.19,449085,449186
0.88,0.0005,-9.60959536,0.021435590460896492,12699,35,7.358301162719727,0.22556953132152557,23740,0.12119768559932709,19.06,449154,449255
0.87,0.0005,-9.853072110000001,0.021575119346380234,12700,35,7.169907569885254,-0.2213023602962494,23744,0.49203813076019287,19.13,449231,449332
0.87,0.0005,-9.846808560000001,0.021358808502554893,12702,35,7.142726898193359,0.20253616571426392,23748,0.47251319885253906,19.13,449306,449407
0.86,0.0005,-10.08025753,0.021584823727607727,12704,35,7.513154983520508,-0.6220613121986389,23752,0.6561269164085388,19.17,449377,449478
0.88,0.0005,-9.554593820000001,0.021802682429552078,12706,35,7.898019790649414,-0.26235929131507874,23756,0.9814196825027466,19.09,449450,449551
0.9,0.0005,-9.01867625,0.02185710333287716,12707,35,6.992730140686035,0.36642980575561523,23760,0.3968032896518707,18.93,449517,449618
0.91,0.0005,-8.90392416,0.022146986797451973,12709,35,7.930679798126221,0.587415337562561,23764,1.165827989578247,18.99,449603,449704
0.92,0.0005,-8.6066044,0.02193785272538662,12711,35,6.991546630859375,-0.4853825569152832,23768,1.6329599618911743,18.91,449678,449779
0.91,0.0005,-8.814342,0.021602671593427658,12713,35,7.297062873840332,-0.7945590019226074,23772,0.4950005114078522,18.98,449759,449860
0.91,0.0005,-8.80537554,0.021272581070661545,12715,35,7.3788981437683105,-0.33637386560440063,23776,0.9159113764762878,18.95,449829,449930
0.92,0.0005,-8.653781850000001,0.021029241383075714,12732,35,7.560137748718262,0.045783184468746185,23780,0.23326975107192993,19.01,449907,450008
0.91,0.0005,-8.808129440000002,0.0207042433321476,12734,35,7.171052932739258,-1.059135913848877,23784,0.5376182794570923,18.98,449985,450086
0.9,0.0005,-9.02659983,0.02071528322994709,12736,35,6.375650405883789,0.22628968954086304,23788,0.6012170314788818,19.04,450074,450175
0.89,0.0005,-9.30455558,0.020744388923048973,12738,35,7.199254512786865,-1.0614769458770752,23792,0.8396122455596924,19.16,450150,450251
0.9,0.0005,-9.139412740000001,0.02035531960427761,12740,35,6.671694755554199,-0.5503103733062744,23796,0.2140093445777893,19.25,450242,450343
0.88,0.0005,-9.58293107,0.019559111446142197,12742,35,7.200268745422363,0.023191548883914948,23800,0.1707887500524521,19.36,450324,450425
0.88,0.0005,-9.58423656,0.01908259093761444,12744,35,9.375724792480469,-0.4078224301338196,23804,0.4927847981452942,19.36,450405,450506
0.88,0.0005,-9.64310466,0.01909204199910164,12747,35,7.019748687744141,0.28026387095451355,23808,0.19201934337615967,19.46,450490,450591
0.87,0.0005,-9.86219531,0.019304469227790833,12749,35,7.7054948806762695,0.05464036762714386,23812,0.1965649425983429,19.45,450572,450673
0.87,0.0005,-9.967183740000001,0.019720764830708504,12751,35,6.88853645324707,0.4152962267398834,23816,0.15906524658203125,19.62,450653,450754
0.87,0.0005,-9.99279923,0.019569065421819687,12752,35,6.484487533569336,-0.28714704513549805,23820,1.3367815017700195,19.61,450729,450830
0.86,0.0005,-10.30446556,0.019513465464115143,12755,35,7.7566022872924805,-0.7972326278686523,23824,0.06379103660583496,19.8,450820,450921
0.85,0.0005,-10.538253079999999,0.019132355228066444,12757,35,7.738354682922363,0.16132058203220367,23828,1.6374030113220215,19.81,450896,450997
0.87,0.0005,-9.98097945,0.019132666289806366,12758,35,7.725450038909912,0.5230686664581299,23832,0.1680627167224884,19.59,450963,451064
0.88,0.0005,-9.76062746,0.019408127292990685,12760,35,7.192675590515137,0.7539353966712952,23836,0.6414053440093994,19.58,451043,451144
0.87,0.0005,-10.01828384,0.019543208181858063,12762,35,8.264307022094727,1.0334606170654297,23840,0.5193673372268677,19.69,451123,451224
0.87,0.0005,-9.97100238,0.020611034706234932,12764,35,7.435419082641602,-0.5125612020492554,23844,0.14331960678100586,19.64,451195,451296
0.87,0.0005,-9.923752089999999,0.020226771011948586,12766,35,8.096551895141602,-0.47097983956336975,23848,0.12619438767433167,19.55,451261,451362
0.88,0.0005,-9.7239303,0.01988089270889759,12768,35,7.957472801208496,-0.5623018145561218,23852,1.209657073020935,19.52,451329,451430
0.86,0.0005,-10.153730119999999,0.020421311259269714,12769,35,9.074922561645508,0.41821709275245667,23856,2.4677467346191406,19.55,451405,451506
0.85,0.0005,-10.50793936,0.020657164976000786,12771,35,8.635780334472656,1.086802363395691,23860,1.5947442054748535,19.59,451476,451577
0.85,0.0005,-10.492628340000003,0.021234283223748207,12773,35,7.555998802185059,0.31759029626846313,23864,0.6926732063293457,19.56,451559,451660
0.85,0.0005,-10.47493712,0.02148635871708393,12775,35,6.76264762878418,-0.014495223760604858,23868,0.07940353453159332,19.5,451628,451729
0.85,0.0005,-10.484250719999999,0.021284354850649834,12777,35,7.060976982116699,-0.28372400999069214,23872,0.8113062381744385,19.5,451709,451810
0.85,0.0005,-10.536052570000003,0.02141084335744381,12779,35,8.063346862792969,0.8185536861419678,23876,0.34081006050109863,19.57,451786,451887
0.83,0.0005,-10.939604049999998,0.021689068526029587,12782,35,7.5590410232543945,-0.3800269067287445,23880,0.18697114288806915,19.64,451871,451972
0.84,0.0005,-10.713949719999999,0.02149362862110138,12784,35,8.652791976928711,-0.7853586673736572,23884,1.2109465599060059,19.62,451947,452048
0.84,0.0005,-10.66203178,0.021104037761688232,12786,35,8.09494686126709,-0.6254127025604248,23888,0.534546971321106,19.54,452028,452129
0.85,0.0005,-10.493197499999999,0.020903674885630608,12788,35,7.140621185302734,-0.8069054484367371,23892,0.17781668901443481,19.63,452113,452214
0.85,0.0005,-10.454160329999997,0.020580153912305832,12790,35,7.255668640136719,-0.7757171988487244,23896,0.2659057378768921,19.52,452194,452295
0.86,0.0005,-10.24090023,0.02006433717906475,12792,35,8.480199813842773,-0.11351940035820007,23900,2.0718581676483154,19.49,452273,452374
0.86,0.0005,-10.200887189999998,0.01950722187757492,12794,35,7.141966342926025,0.3235398530960083,23904,0.5169503688812256,19.45,452350,452451
0.86,0.0005,-10.095867089999999,0.01945142261683941,12796,35,6.825212478637695,0.15292170643806458,23908,0.252911239862442,19.29,452419,452520
0.86,0.0005,-10.14706727,0.01923123374581337,12798,35,6.973488807678223,0.32941585779190063,23912,0.32677221298217773,19.33,452505,452606
0.86,0.0005,-10.136395,0.01878964900970459,12800,35,8.571100234985352,-0.22437310218811035,23916,0.3459932804107666,19.28,452581,452682
0.85,0.0005,-10.38454009,0.018493250012397766,12802,35,7.003437519073486,-0.9095686674118042,23920,0.8610683679580688,19.37,452666,452767
0.84,0.0005,-10.469123719999997,0.01873146928846836,12804,35,7.0924787521362305,0.9967132806777954,23924,1.0185858011245728,19.3,452750,452851
0.85,0.0005,-10.207836979999998,0.019076384603977203,12806,35,7.1025190353393555,-0.06305503845214844,23928,0.207640141248703,19.21,452817,452918
0.85,0.0005,-10.29293429,0.018823282793164253,12808,35,7.609951972961426,-0.9335044026374817,23932,0.2055475413799286,19.31,452894,452995
0.85,0.0005,-10.255184730000002,0.018845777958631516,12810,35,8.01750373840332,-0.5137562155723572,23936,0.20091861486434937,19.19,452962,453063
0.86,0.0005,-10.01777532,0.018397968262434006,12812,35,9.101099967956543,-0.9868820309638977,23940,0.8897318840026855,19.13,453036,453137
0.87,0.0005,-9.889282640000001,0.018616899847984314,12814,35,8.752157211303711,1.5426898002624512,23944,0.38433507084846497,19.24,453119,453220
0.87,0.0005,-9.98940941,0.01949489675462246,12816,35,8.629382133483887,-0.2994332015514374,23948,0.32390353083610535,19.4,453201,453302
0.86,0.0005,-10.27122095,0.019637396559119225,12818,35,7.529245376586914,-0.979058027267456,23952,0.23850177228450775,19.48,453277,453378
0.88,0.0005,-9.84842039,0.01972375251352787,12820,35,6.675327301025391,-0.4809812903404236,23956,0.31369078159332275,19.48,453353,453454
0.88,0.0005,-9.83372284,0.020064689218997955,12822,35,6.65396785736084,0.8293172717094421,23960,0.11146631836891174,19.67,453443,453544
0.87,0.0005,-10.03910581,0.020866911858320236,12824,35,7.900363922119141,0.04566431790590286,23964,1.4185906648635864,19.65,453524,453625
0.86,0.0005,-10.283219949999998,0.02074638567864895,12826,35,7.968441486358643,-0.23373661935329437,23968,0.15047849714756012,19.71,453599,453700
0.87,0.0005,-10.030172160000001,0.02037176862359047,12828,35,7.080356597900391,-0.10699284076690674,23972,1.4761247634887695,19.63,453672,453773
0.86,0.0005,-10.242212940000002,0.020040806382894516,12830,35,7.556364059448242,-0.7313539385795593,23976,0.23745717108249664,19.68,453754,453855
0.88,0.0005,-9.8213626,0.019746651872992516,12832,35,8.102836608886719,0.15412232279777527,23980,0.28245121240615845,19.56,453827,453928
0.88,0.0005,-9.85850756,0.019425181671977043,12834,35,7.377243995666504,-0.3828953504562378,23984,0.18609631061553955,19.6,453907,454008
0.87,0.0005,-10.059592570000001,0.02080555446445942,12836,35,8.19892406463623,0.8367296457290649,23988,0.9963327646255493,19.6,453988,454089
0.87,0.0005,-9.98822048,0.02086734026670456,12838,35,7.160397052764893,-0.03507676720619202,23992,1.0366268157958984,19.45,454058,454159
0.88,0.0005,-9.6977059,0.020933805033564568,12839,35,7.98320198059082,0.9646029472351074,23996,0.4428771436214447,19.32,454126,454227
0.88,0.0005,-9.787641830000002,0.021220937371253967,12842,35,7.230829238891602,-0.312630295753479,24000,0.09946954250335693,19.46,454219,454320
0.88,0.0005,-9.80089697,0.021195650100708008,12844,35,7.295040607452393,0.22728604078292847,24004,0.5210718512535095,19.51,454301,454402
0.88,0.0005,-9.81291239,0.021417925134301186,12846,35,8.889497756958008,0.4119099974632263,24008,0.32969212532043457,19.55,454374,454475
0.89,0.0005,-9.51893152,0.021478455513715744,12847,35,8.249289512634277,0.070118248462677,24012,0.6407696008682251,19.44,454449,454550
0.88,0.0005,-9.7332889,0.021005673334002495,12849,35,6.800714492797852,0.5550119876861572,24016,0.19981896877288818,19.49,454530,454631
0.87,0.0005,-9.923234889999998,0.02105523832142353,12851,35,7.826388359069824,-1.209187388420105,24020,0.3133491277694702,19.43,454609,454710
0.89,0.0005,-9.510793589999999,0.02058108150959015,12853,35,5.926582336425781,-1.311923623085022,24024,0.2238975465297699,19.34,454684,454785
0.89,0.0005,-9.57882645,0.02038024552166462,12855,35,7.639303684234619,-0.6083804368972778,24028,0.3081558048725128,19.46,454763,454864
0.89,0.0005,-9.528901770000001,0.020472338423132896,12856,35,7.653923988342285,-0.8074964284896851,24032,1.1617655754089355,19.39,454833,454934
0.89,0.0005,-9.57614038,0.020651748403906822,12858,35,7.853246688842773,0.43751561641693115,24036,0.4804559350013733,19.45,454907,455008
0.89,0.0005,-9.55998502,0.020592762157320976,12860,35,7.090815544128418,0.7142318487167358,24040,0.6528645157814026,19.4,454976,455077
0.89,0.0005,-9.53204842,0.021267352625727654,12862,35,8.061957359313965,-0.4664657711982727,24044,0.0853729099035263,19.31,455050,455151
0.88,0.0005,-9.63402797,0.02177867665886879,12863,35,7.365879058837891,-0.4722970128059387,24048,0.28071001172065735,19.2,455121,455222
0.89,0.0005,-9.39664026,0.021493274718523026,12865,35,7.622069358825684,-0.2043778896331787,24052,0.08923932909965515,19.18,455195,455296
0.88,0.0005,-9.61062803,0.021602487191557884,12867,35,7.195819854736328,0.5223883390426636,24056,0.22338059544563293,19.14,455267,455368
0.89,0.0005,-9.37708956,0.02164142206311226,12869,35,7.7348313331604,-0.38497045636177063,24060,0.6342061758041382,19.08,455351,455452
0.89,0.0005,-9.27545394,0.0213780514895916,12870,35,7.13211727142334,-0.4724777042865753,24064,0.2755737900733948,18.94,455418,455519
0.89,0.0005,-9.30764398,0.0211096853017807,12873,35,7.06371545791626,0.31812378764152527,24068,1.2948877811431885,19.03,455502,455603
0.88,0.0005,-9.554150229999998,0.021093297749757767,12874,35,7.694807529449463,0.15432535111904144,24072,1.1567723751068115,19.08,455580,455681
0.89,0.0005,-9.300194359999999,0.02125428430736065,12876,35,8.159515380859375,-1.5772382020950317,24076,0.1800946295261383,18.98,455652,455753
0.88,0.0005,-9.44850523,0.02102993242442608,12878,35,7.297392845153809,-0.43351680040359497,24080,0.39794665575027466,18.88,455715,455816
0.88,0.0005,-9.391528919999999,0.020931897684931755,12880,35,7.302791595458984,-0.150503471493721,24084,0.544950008392334,18.77,455784,455885
0.9,0.0005,-8.93248039,0.02077043615281582,12881,35,6.381723403930664,-0.7401464581489563,24088,1.2285473346710205,18.68,455856,455957
0.89,0.0005,-9.2691111,0.020877009257674217,12883,35,6.3715033531188965,0.4866190254688263,24092,0.2577711343765259,18.87,455945,456046
0.89,0.0005,-9.275245909999999,0.020770786330103874,12885,35,8.038503646850586,-0.32682931423187256,24096,2.0324625968933105,18.89,456015,456116
0.89,0.0005,-9.24551728,0.020553572103381157,12887,35,6.810957908630371,0.3155699670314789,24100,0.764798104763031,18.85,456104,456205
0.89,0.0005,-9.189860059999999,0.020580055192112923,12889,35,6.0259575843811035,0.27953726053237915,24104,0.4935566186904907,18.75,456176,456277
0.88,0.0005,-9.38925358,0.021590473130345345,12890,35,8.128419876098633,2.3019635677337646,24108,0.2817447781562805,18.76,456250,456351
0.87,0.0005,-9.56143692,0.023114832118153572,12892,35,7.829906940460205,-0.9961233139038086,24112,0.19763906300067902,18.67,456316,456417
0.88,0.0005,-9.37487032,0.022900013253092766,12894,35,6.8289337158203125,-0.43190401792526245,24116,1.4138317108154297,18.64,456394,456495
0.89,0.0005,-9.19730602,0.021933721378445625,12896,35,8.060165405273438,0.6434452533721924,24120,0.8685433864593506,18.73,456482,456583
0.89,0.0005,-9.26855758,0.02184518799185753,12898,35,6.551830291748047,-0.2380945086479187,24124,0.10576657950878143,18.79,456563,456664
0.89,0.0005,-9.273736699999999,0.021459387615323067,12900,35,7.534352779388428,-0.2179625928401947,24128,0.3388154208660126,18.81,456644,456745
0.89,0.0005,-9.28984419,0.02132345549762249,12902,35,7.768756866455078,-0.3425711393356323,24132,0.14325295388698578,18.86,456719,456820
0.88,0.0005,-9.54615234,0.020739898085594177,12904,35,8.1731595993042,0.03191262483596802,24136,0.0783587247133255,18.97,456804,456905
0.87,0.0005,-9.806310250000001,0.0207222830504179,12906,35,7.763123989105225,-0.5350053310394287,24140,0.8673245906829834,19.06,456882,456983
0.86,0.0005,-10.006572310000001,0.02039199322462082,12908,35,7.423822402954102,-0.5350466966629028,24144,0.2346678078174591,19.06,456956,457057
0.86,0.0005,-10.16044755,0.02019062079489231,12910,35,7.128674507141113,-0.17678779363632202,24148,0.30791234970092773,19.27,457048,457149
0.86,0.0005,-10.20613462,0.020235871896147728,12912,35,7.3694329261779785,-0.8793336749076843,24152,0.14671744406223297,19.35,457130,457231
0.87,0.0005,-10.001261289999999,0.020253075286746025,12914,35,8.143367767333984,-0.08236370980739594,24156,0.3317435681819916,19.41,457208,457309
0.86,0.0005,-10.21821438,0.020460236817598343,12916,35,8.089042663574219,0.7843459844589233,24160,0.8629371523857117,19.41,457292,457393
0.86,0.0005,-10.320489619999998,0.020992986857891083,12918,35,8.213788986206055,0.4617506265640259,24164,0.744675874710083,19.6,457378,457479
0.86,0.0005,-10.284659979999999,0.02202020213007927,12920,35,7.060804843902588,0.20016461610794067,24168,1.1238096952438354,19.51,457453,457554
0.86,0.0005,-10.293172239999999,0.022174911573529243,12922,35,7.802936553955078,0.18452493846416473,24172,0.31111592054367065,19.53,457533,457634
0.86,0.0005,-10.291678319999999,0.021692516282200813,12924,35,7.839078426361084,-0.8774504661560059,24176,0.5319265127182007,19.52,457604,457705
0.86,0.0005,-10.322554579999998,0.021239392459392548,12925,35,6.959175109863281,0.35676848888397217,24180,0.2696016728878021,19.59,457674,457775
0.85,0.0005,-10.60991268,0.021083133295178413,12927,35,7.018204689025879,-0.20315489172935486,24184,0.4539884626865387,19.74,457758,457859
0.85,0.0005,-10.663353039999997,0.021315978839993477,12929,35,8.145548820495605,-0.9154798984527588,24188,0.12214004248380661,19.81,457837,457938
0.85,0.0005,-10.53682521,0.02102302946150303,12931,35,7.866314888000488,-1.1012005805969238,24192,0.14639054238796234,19.67,457912,458013
0.84,0.0005,-10.791411619999998,0.02085484191775322,12933,35,7.523832321166992,-0.4994945526123047,24196,0.18517208099365234,19.78,457993,458094
0.85,0.0005,-10.57065249,0.02085164561867714,12935,35,6.812079429626465,-0.33957064151763916,24200,0.2506658732891083,19.73,458077,458178
0.85,0.0005,-10.515315209999999,0.02102494426071644,12936,35,7.757036209106445,0.26646578311920166,24204,2.9622597694396973,19.63,458139,458240
0.85,0.0005,-10.560941950000002,0.020997490733861923,12938,35,6.504819869995117,0.3820216655731201,24208,0.5499805808067322,19.67,458217,458318
0.86,0.0005,-10.397998530000002,0.021305127069354057,12940,35,7.05378532409668,0.08718056231737137,24212,0.5460047721862793,19.79,458295,458396
0.86,0.0005,-10.266285930000002,0.021220652386546135,12941,35,8.289201736450195,-0.3820396959781647,24216,0.5142310857772827,19.61,458355,458456
0.87,0.0005,-9.994217849999998,0.021150020882487297,12943,35,8.004487991333008,0.48251569271087646,24220,0.36822041869163513,19.47,458429,458530
0.86,0.0005,-10.154937630000001,0.021267514675855637,12945,35,6.89390754699707,0.17994646728038788,24224,0.07243824005126953,19.43,458506,458607
0.85,0.0005,-10.4010057,0.021184055134654045,12947,35,7.454689979553223,-0.36242085695266724,24228,0.24465034902095795,19.48,458592,458693
0.85,0.0005,-10.389894300000003,0.021046767011284828,12949,35,7.082687854766846,-0.06153273582458496,24232,0.20860499143600464,19.44,458663,458764
0.86,0.0005,-10.097163140000001,0.021060358732938766,12951,35,7.227906227111816,0.8126977682113647,24236,0.4226821959018707,19.3,458734,458835
0.87,0.0005,-9.869214809999999,0.021082844585180283,12953,35,7.244350433349609,0.1826482117176056,24240,0.14418745040893555,19.25,458807,458908
0.88,0.0005,-9.630489379999998,0.021249055862426758,12954,35,6.892642021179199,-0.7396624684333801,24244,0.23188458383083344,19.22,458878,458979
0.89,0.0005,-9.30407869,0.020811177790164948,12956,35,6.70366096496582,0.789047122001648,24248,0.32321929931640625,19.05,458953,459054
0.89,0.0005,-9.315346199999999,0.02095305360853672,12958,35,7.161399841308594,-0.8063912391662598,24252,0.16183097660541534,19.08,459038,459139
0.89,0.0005,-9.310879729999998,0.020987963303923607,12960,35,8.352293014526367,-0.2939434051513672,24256,1.2761666774749756,19.06,459114,459215
0.9,0.0005,-9.07122701,0.021710257977247238,12962,35,8.394854545593262,-0.36347880959510803,24260,0.3862723112106323,18.99,459191,459292
0.91,0.0005,-8.9169925,0.02173520065844059,12964,35,7.281966686248779,-0.7141460180282593,24264,0.3242616355419159,19.04,459282,459383
0.91,0.0005,-8.90979448,0.021712888032197952,12966,35,7.337156295776367,-0.2402995377779007,24268,0.06492304801940918,19.07,459360,459461
0.91,0.0005,-8.909723360000001,0.02156766690313816,12968,35,6.031010150909424,0.1821264773607254,24272,0.34882235527038574,19.08,459441,459542
0.9,0.0005,-9.19641731,0.0216839537024498,12969,35,6.802961349487305,0.14686623215675354,24276,0.5841207504272461,19.19,459523,459624
0.91,0.0005,-8.974030260000001,0.02166767045855522,12971,35,6.100494861602783,0.9030232429504395,24280,1.0466277599334717,19.16,459590,459691
0.92,0.0005,-8.788558110000002,0.021650835871696472,12973,35,7.161831378936768,-1.0170230865478516,24284,0.05418428033590317,19.16,459674,459775
0.91,0.0005,-8.98828557,0.02164231613278389,12974,35,7.7061357498168945,0.8789623975753784,24288,0.295516699552536,19.15,459752,459853
0.91,0.0005,-8.99021502,0.021631591022014618,12976,35,7.610095977783203,-0.3453422784805298,24292,0.2649334669113159,19.12,459824,459925
0.91,0.0005,-8.97250636,0.021372785791754723,12993,35,6.08408260345459,-0.8885121941566467,24296,0.7990807294845581,19.07,459900,460001
0.9,0.0005,-9.183156780000001,0.020871205255389214,12995,35,7.946345329284668,-0.3265106678009033,24300,0.8146902918815613,19.09,459986,460087
0.89,0.0005,-9.49846931,0.020741291344165802,12996,35,7.219781875610352,-0.8857154846191406,24304,0.22392681241035461,19.27,460066,460167
0.89,0.0005,-9.45671857,0.020662466064095497,12998,35,7.65949010848999,-0.5215108394622803,24308,0.10022152215242386,19.21,460138,460239
0.89,0.0005,-9.37137149,0.020666293799877167,12999,35,6.545466899871826,-0.07081153988838196,24312,0.5274641513824463,19.11,460206,460307
0.89,0.0005,-9.43803931,0.020594706758856773,13001,35,7.258450508117676,0.2480131834745407,24316,0.8386368751525879,19.22,460277,460378
0.89,0.0005,-9.44626765,0.020157942548394203,13003,35,7.968664169311523,0.9320380091667175,24320,1.3468868732452393,19.25,460354,460455
0.9,0.0005,-9.162974049999997,0.02023356221616268,13004,35,8.138136863708496,-0.3126572072505951,24324,0.17856335639953613,19.14,460420,460521
0.91,0.0005,-8.88987622,0.020360328257083893,13006,35,7.3930983543396,0.6824119687080383,24328,0.1510719358921051,19.02,460494,460595
0.9,0.0005,-9.0963121,0.020521190017461777,13007,35,6.454477787017822,-0.03337676823139191,24332,0.466718465089798,19.03,460566,460667
0.9,0.0005,-9.144530080000001,0.020841430872678757,13009,35,7.449790000915527,-0.5418872237205505,24336,1.4206066131591797,19.1,460644,460745
0.9,0.0005,-9.153409800000002,0.02077714540064335,13011,35,7.701149940490723,-0.32974696159362793,24340,0.07645253837108612,19.11,460718,460819
0.9,0.0005,-9.29260042,0.02063601464033127,13013,35,8.839011192321777,0.9065340757369995,24344,1.1634315252304077,19.3,460808,460909
0.9,0.0005,-9.31162057,0.021064480766654015,13015,35,7.02939510345459,-0.39834868907928467,24348,0.5420057773590088,19.29,460882,460983
0.9,0.0005,-9.312052940000001,0.020698077976703644,13017,35,8.04004955291748,-0.4853392541408539,24352,0.7701203227043152,19.28,460966,461067
0.89,0.0005,-9.525252790000001,0.021351462230086327,13019,35,7.53046989440918,0.9844817519187927,24356,0.4139675796031952,19.26,461040,461141
0.88,0.0005,-9.763828210000002,0.021930202841758728,13021,35,7.9702558517456055,0.3104272782802582,24360,0.36291033029556274,19.3,461121,461222
0.88,0.0005,-9.717528309999999,0.02227168157696724,13023,35,7.508176803588867,-0.2612793445587158,24364,1.190678596496582,19.22,461204,461305
0.88,0.0005,-9.800417479999998,0.022371415048837662,13025,35,7.358395576477051,-0.17811013758182526,24368,0.283760666847229,19.31,461291,461392
0.88,0.0005,-9.84638209,0.02221100777387619,13028,35,7.686047077178955,-0.06786663830280304,24372,0.16178543865680695,19.36,461377,461478
0.89,0.0005,-9.5495154,0.022062143310904503,13029,35,6.679131507873535,-0.10248738527297974,24376,0.1279757171869278,19.24,461447,461548
0.88,0.0005,-9.75685946,0.02203705720603466,13031,35,7.521400451660156,0.045849964022636414,24380,0.9573022127151489,19.26,461516,461617
0.87,0.0005,-9.966047179999999,0.021284716203808784,13033,35,7.786220550537109,-0.560070812702179,24384,0.6881279945373535,19.29,461603,461704
0.88,0.0005,-9.701448719999998,0.020998043939471245,13035,35,7.562521934509277,-0.06506416201591492,24388,0.5883975028991699,19.19,461671,461772
0.86,0.0005,-10.204166559999999,0.020921312272548676,13038,35,6.951332092285156,0.7526158690452576,24392,1.4685015678405762,19.34,461758,461859
0.85,0.0005,-10.437911479999999,0.020881161093711853,13040,35,7.187104225158691,-0.8557291030883789,24396,0.03994403034448624,19.41,461841,461942
0.86,0.0005,-10.12518184,0.020233692601323128,13041,35,7.053830623626709,-0.24790798127651215,24400,0.32724252343177795,19.24,461910,462011
0.87,0.0005,-9.950932619999998,0.019752994179725647,13044,35,7.11998987197876,-0.6405266523361206,24404,0.6411626935005188,19.27,461993,462094
0.88,0.0005,-9.79397088,0.019132820889353752,13046,35,6.982619285583496,0.11485293507575989,24408,0.15856488049030304,19.34,462072,462173
0.88,0.0005,-9.851700849999999,0.019061140716075897,13048,35,7.88231086730957,-0.2189977765083313,24412,0.2885350286960602,19.43,462149,462250
0.88,0.0005,-9.80251415,0.019208861514925957,13049,35,8.835700988769531,0.8748970627784729,24416,1.0737183094024658,19.37,462214,462315
0.88,0.0005,-9.842593790000002,0.018956540152430534,13052,35,8.012471199035645,0.22098013758659363,24420,0.12160947173833847,19.41,462295,462396
0.88,0.0005,-9.882411880000001,0.018892470747232437,13053,35,6.454536437988281,0.35095614194869995,24424,1.9751508235931396,19.46,462366,462467
0.86,0.0005,-10.350818020000002,0.019198337569832802,13056,35,7.378066062927246,0.35383448004722595,24428,0.7414644360542297,19.64,462458,462559
0.86,0.0005,-10.33546562,0.01923811249434948,13057,35,6.563409805297852,-0.14796887338161469,24432,0.11803336441516876,19.64,462530,462631
0.85,0.0005,-10.54240443,0.01940709538757801,13059,35,6.632925987243652,-0.03280457481741905,24436,0.780582070350647,19.67,462611,462712
0.85,0.0005,-10.6527404,0.01993412710726261,13062,35,6.70598030090332,0.5176710486412048,24440,2.0999317169189453,19.84,462702,462803
0.85,0.0005,-10.51241462,0.020181981846690178,13063,35,6.914281845092773,-1.0405999422073364,24444,0.032668180763721466,19.63,462771,462872
0.83,0.0005,-10.968070590000002,0.02005350962281227,13066,35,7.0257182121276855,0.6063872575759888,24448,0.6476523876190186,19.76,462858,462959
0.82,0.0005,-11.2255009,0.02042481303215027,13068,35,7.698764801025391,0.11756207048892975,24452,0.1454658955335617,19.84,462950,463051
0.83,0.0005,-10.92514555,0.020743636414408684,13069,35,8.297478675842285,-0.09691840410232544,24456,0.7057297229766846,19.75,463015,463116
0.83,0.0005,-10.93543821,0.021059701219201088,13072,35,7.956316947937012,1.2435474395751953,24460,1.7322382926940918,19.79,463100,463201
0.83,0.0005,-10.925252160000003,0.02135404199361801,13074,35,7.519340515136719,-0.2924478054046631,24464,0.2502690851688385,19.77,463181,463282
0.84,0.0005,-10.669318969999999,0.02091378904879093,13076,35,8.730775833129883,0.5961554050445557,24468,0.1547766923904419,19.68,463259,463360
0.84,0.0005,-10.65440711,0.021018659695982933,13078,35,6.702775955200195,-0.7658734321594238,24472,0.9204708337783813,19.66,463343,463444
0.83,0.0005,-10.889948740000005,0.021395856514573097,13080,35,7.8802900314331055,-0.11261892318725586,24476,0.6076024174690247,19.7,463417,463518
0.84,0.0005,-10.73050772,0.021221965551376343,13082,35,6.892643451690674,-0.29832878708839417,24480,1.1643015146255493,19.75,463491,463592
0.85,0.0005,-10.428788009999998,0.02098745107650757,13083,35,8.067499160766602,-0.6301518082618713,24484,1.8955955505371094,19.6,463563,463664
0.83,0.0005,-10.93079394,0.02085147611796856,13085,35,8.52009105682373,0.7580066323280334,24488,0.3594564199447632,19.77,463648,463749
0.85,0.0005,-10.461733059999997,0.020995093509554863,13087,35,7.903790473937988,1.0510231256484985,24492,0.39022260904312134,19.67,463725,463826
0.86,0.0005,-10.25002516,0.021279042586684227,13089,35,7.880084991455078,-0.027961552143096924,24496,0.9501450061798096,19.63,463804,463905
0.85,0.0005,-10.507769569999999,0.02173524722456932,13092,35,7.59275484085083,0.48669594526290894,24500,1.1757158041000366,19.76,463886,463987
0.85,0.0005,-10.512113639999997,0.021577320992946625,13094,35,7.254138946533203,-0.21831731498241425,24504,0.5183640718460083,19.76,463969,464070
0.84,0.0005,-10.803570819999997,0.021444927901029587,13096,35,6.740012168884277,-0.2756989598274231,24508,0.23914697766304016,19.86,464058,464159
0.83,0.0005,-10.998178329999998,0.02095009759068489,13098,35,6.654991149902344,-0.43400195240974426,24512,0.7466001510620117,19.87,464136,464237
0.81,0.0005,-11.485361309999998,0.020549627020955086,13100,35,7.118011474609375,-0.646554172039032,24516,0.24977460503578186,20.03,464217,464318
0.81,0.0005,-11.42127476,0.020174290984869003,13103,35,7.679144859313965,0.02287694811820984,24520,1.5971109867095947,19.99,464294,464395
0.81,0.0005,-11.466863879999996,0.02025114931166172,13104,35,7.584068298339844,1.5125861167907715,24524,0.9950954914093018,20.06,464372,464473
0.82,0.0005,-11.247987159999997,0.020399346947669983,13106,35,6.975887298583984,0.3481956720352173,24528,0.5611472725868225,19.97,464455,464556
0.83,0.0005,-11.15015073,0.020600974559783936,13108,35,8.188249588012695,1.115718126296997,24532,0.2972586750984192,20.09,464539,464640
0.83,0.0005,-11.148168909999999,0.020330699160695076,13110,35,7.9863996505737305,-0.12458205968141556,24536,0.5576251745223999,20.08,464619,464720
0.83,0.0005,-10.958580370000002,0.019863784313201904,13112,35,6.213334560394287,0.5141823291778564,24540,0.49673137068748474,19.83,464685,464786
0.83,0.0005,-11.01939521,0.019595477730035782,13114,35,6.162393569946289,0.7588083148002625,24544,0.08228831738233566,19.94,464765,464866
0.85,0.0005,-10.565866309999999,0.019827712327241898,13116,35,7.691447734832764,0.3557698726654053,24548,0.42760372161865234,19.82,464840,464941
0.85,0.0005,-10.427187389999999,0.01966029964387417,13117,35,6.690762519836426,-1.1482858657836914,24552,0.1195623129606247,19.57,464907,465008
0.84,0.0005,-10.788287230000002,0.01994534768164158,13119,35,6.824363708496094,0.061423420906066895,24556,0.24936409294605255,19.76,464991,465092
0.85,0.0005,-10.54787448,0.0208045095205307,13121,35,6.690618515014648,0.6513209939002991,24560,0.3164592981338501,19.7,465070,465171
0.84,0.0005,-10.716352000000002,0.020893828943371773,13123,35,7.516460418701172,-0.18904142081737518,24564,0.18356218934059143,19.68,465149,465250
0.81,0.0005,-11.366910090000001,0.021370794624090195,13125,35,8.497818946838379,-0.043552495539188385,24568,1.8811156749725342,19.7,465229,465330
0.8,0.0005,-11.534868730000001,0.021153824403882027,13127,35,7.027750492095947,-0.8166013360023499,24572,2.457099199295044,19.67,465310,465411
0.81,0.0005,-11.3580693,0.020673830062150955,13129,35,7.713440895080566,0.9803296327590942,24576,0.31233522295951843,19.72,465389,465490
0.81,0.0005,-11.404005269999997,0.02100587822496891,13131,35,7.009016513824463,-0.20442640781402588,24580,0.32395079731941223,19.78,465469,465570
0.81,0.0005,-11.515831429999999,0.02057161182165146,13133,35,6.579520225524902,-0.3341258764266968,24584,0.27160125970840454,19.9,465553,465654
0.82,0.0005,-11.309077499999995,0.020544374361634254,13135,35,7.009333610534668,-0.6358368396759033,24588,0.1800009310245514,19.89,465637,465738
0.83,0.0005,-11.02417995,0.020281139761209488,13137,35,7.280030727386475,-0.517076849937439,24592,0.4722383916378021,19.77,465702,465803
0.83,0.0005,-10.95927929,0.020632892847061157,13139,35,6.096741676330566,1.8202793598175049,24596,1.6642394065856934,19.64,465768,465869
0.84,0.0005,-10.756631669999999,0.02106764167547226,13141,35,6.939721584320068,0.7635349631309509,24600,0.8896071314811707,19.59,465845,465946
0.83,0.0005,-10.894197299999998,0.022197866812348366,13143,35,7.299108505249023,3.1649599075317383,24604,1.07462477684021,19.6,465929,466030
0.83,0.0005,-10.77376246,0.02354099415242672,13145,35,7.8594465255737305,-0.8520223498344421,24608,1.6556930541992188,19.47,466005,466106
0.81,0.0005,-11.21418731,0.02347937971353531,13147,35,8.31550121307373,-0.3332453966140747,24612,0.6296156644821167,19.6,466096,466197
0.82,0.0005,-11.076218680000002,0.02321803942322731,13149,35,7.204456806182861,-0.8768232464790344,24616,1.7342655658721924,19.66,466183,466284
0.8,0.0005,-11.564186210000003,0.0222008153796196,13151,35,7.1844024658203125,-1.1382890939712524,24620,0.46962255239486694,19.76,466270,466371
0.79,0.0005,-11.754810380000002,0.021687950938940048,13153,35,7.492465972900391,-0.05416464805603027,24624,2.0237233638763428,19.73,466345,466446
0.8,0.0005,-11.507704530000002,0.02145223692059517,13155,35,7.327576637268066,0.0360226035118103,24628,0.18389981985092163,19.65,466420,466521
0.8,0.0005,-11.473408200000002,0.021043764427304268,13157,35,6.959632873535156,0.21334721148014069,24632,1.8278645277023315,19.62,466501,466602
0.8,0.0005,-11.454912290000003,0.020870305597782135,13159,35,6.827973365783691,-0.32864880561828613,24636,0.26079726219177246,19.6,466579,466680
0.79,0.0005,-11.76363804,0.020684994757175446,13161,35,6.9893646240234375,0.38700157403945923,24640,2.279675245285034,19.74,466659,466760
0.78,0.0005,-11.92780261,0.020622532814741135,13163,35,7.072120666503906,0.10323479771614075,24644,0.8909175395965576,19.68,466733,466834
0.77,0.0005,-12.18650098,0.02053992822766304,13165,35,7.855628967285156,0.06007203459739685,24648,0.1560828685760498,19.77,466817,466918
0.78,0.0005,-11.97057401,0.020436517894268036,13167,35,7.809982776641846,-0.757899284362793,24652,0.21109454333782196,19.8,466887,466988
0.78,0.0005,-11.92092046,0.0202493853867054,13169,35,6.822323322296143,-0.06061039865016937,24656,0.23509573936462402,19.76,466967,467068
0.78,0.0005,-11.9004104,0.020337697118520737,13171,35,7.693624019622803,-0.002324700355529785,24660,1.6008893251419067,19.7,467040,467141
0.79,0.0005,-11.74187599,0.020473666489124298,13173,35,8.868186950683594,0.23490741848945618,24664,0.5575224161148071,19.74,467123,467224
0.81,0.0005,-11.29341788,0.020504487678408623,13175,35,7.550236225128174,-0.20078769326210022,24668,0.926664412021637,19.7,467199,467300
0.83,0.0005,-10.923318890000001,0.020189784467220306,13177,35,6.586935043334961,0.3752043843269348,24672,0.2922135293483734,19.71,467281,467382
0.82,0.0005,-11.119897940000001,0.020490536466240883,13180,35,7.67806339263916,-0.44521987438201904,24676,1.8945684432983398,19.72,467361,467462
0.81,0.0005,-11.339131619999998,0.02033967897295952,13182,35,7.368890285491943,-0.7371879816055298,24680,1.3901913166046143,19.76,467445,467546
0.81,0.0005,-11.193989229999998,0.02003299444913864,13183,35,7.758797645568848,0.13977044820785522,24684,1.3992879390716553,19.62,467515,467616
0.82,0.0005,-10.984302180000002,0.02045154944062233,13185,35,7.948439598083496,1.0424304008483887,24688,1.095557689666748,19.57,467594,467695
0.81,0.0005,-11.312564889999999,0.02127107046544552,13188,35,7.649991512298584,0.5320066809654236,24692,0.5420563220977783,19.77,467679,467780
0.81,0.0005,-11.358242149999999,0.02138676866889,13189,35,7.424065589904785,0.2511735260486603,24696,0.35113322734832764,19.86,467754,467855
0.81,0.0005,-11.358570499999999,0.021239280700683594,13191,35,7.688005447387695,-0.06039023399353027,24700,0.14881673455238342,19.86,467831,467932
0.82,0.0005,-11.16607267,0.02109895646572113,13193,35,6.948960781097412,0.0397181510925293,24704,0.5689394474029541,19.76,467905,468006
0.82,0.0005,-11.23369514,0.021117953583598137,13195,35,6.8045196533203125,-0.13616788387298584,24708,0.16902422904968262,19.84,467989,468090
0.85,0.0005,-10.612902179999999,0.02108044922351837,13197,35,6.442221641540527,-0.5958495140075684,24712,0.6623048782348633,19.67,468063,468164
0.86,0.0005,-10.315441309999999,0.021252820268273354,13198,35,6.912225723266602,-0.15284991264343262,24716,0.1820293813943863,19.54,468137,468238
0.86,0.0005,-10.29165936,0.021113766357302666,13200,35,8.282990455627441,-0.5674687623977661,24720,1.1085699796676636,19.5,468220,468321
0.86,0.0005,-10.26540307,0.0211196206510067,13202,35,7.127262592315674,0.840044379234314,24724,0.4828311800956726,19.5,468295,468396
0.85,0.0005,-10.444342110000003,0.02114175260066986,13204,35,7.341144561767578,0.3863832950592041,24728,0.14499272406101227,19.47,468367,468468
0.85,0.0005,-10.373658579999999,0.021408801898360252,13206,35,7.809129238128662,0.43575507402420044,24732,0.28569018840789795,19.34,468435,468536
0.84,0.0005,-10.636788989999998,0.021293096244335175,13209,35,7.887815475463867,0.20801353454589844,24736,0.22310933470726013,19.42,468521,468622
0.84,0.0005,-10.61260045,0.021438101306557655,13211,35,7.982718467712402,-1.3089568614959717,24740,0.09004828333854675,19.4,468599,468700
0.85,0.0005,-10.38041532,0.021205293014645576,13212,35,6.244656085968018,-0.2765422463417053,24744,0.29250985383987427,19.34,468667,468768
0.86,0.0005,-10.043246420000001,0.021238060668110847,13214,35,7.818652153015137,0.008776828646659851,24748,0.3919927477836609,19.16,468733,468834
0.86,0.0005,-10.08776569,0.021152174100279808,13216,35,7.411774635314941,-0.43365544080734253,24752,0.1325572282075882,19.22,468809,468910
0.86,0.0005,-10.158458520000002,0.02116844430565834,13218,35,7.245599746704102,-0.08281682431697845,24756,0.1518561691045761,19.31,468898,468999
0.84,0.0005,-10.5859995,0.021121639758348465,13220,35,7.890098571777344,-0.10478199273347855,24760,0.4830503463745117,19.37,468977,469078
0.82,0.0005,-10.95096007,0.020678211003541946,13222,35,7.365694522857666,-0.8665362596511841,24764,0.15134581923484802,19.34,469057,469158
0.82,0.0005,-10.937656449999999,0.020675228908658028,13224,35,7.795416831970215,0.18745461106300354,24768,1.1247817277908325,19.36,469135,469236
0.81,0.0005,-11.079996450000001,0.020757528021931648,13226,35,7.49658727645874,-1.293527364730835,24772,0.12326040863990784,19.28,469209,469310
0.82,0.0005,-10.888858189999999,0.02058626338839531,13228,35,7.001501083374023,0.6935635209083557,24776,0.8147083520889282,19.29,469290,469391
0.82,0.0005,-10.778206650000001,0.020695064216852188,13229,35,7.286238670349121,-0.7329607009887695,24780,0.14143165946006775,19.16,469361,469462
0.82,0.0005,-10.884298289999998,0.0206696055829525,13231,35,6.563736438751221,-0.21946555376052856,24784,1.8121827840805054,19.25,469440,469541
0.82,0.0005,-10.847560399999997,0.020953843370079994,13233,35,7.362520217895508,-0.38911867141723633,24788,0.8500319719314575,19.2,469514,469615
0.83,0.0005,-10.6532322,0.02166234888136387,13235,35,7.74066162109375,0.509445071220398,24792,0.5667277574539185,19.17,469596,469697
0.84,0.0005,-10.41987542,0.022114573046565056,13237,35,8.187359809875488,0.9166173934936523,24796,0.31587010622024536,19.13,469667,469768
0.83,0.0005,-10.588602090000002,0.02245669811964035,13238,35,8.419219017028809,-0.15004859864711761,24800,0.2527351975440979,19.14,469745,469846
0.81,0.0005,-10.99781198,0.022196270525455475,13240,35,7.249263763427734,-0.42441341280937195,24804,0.6656771302223206,19.22,469827,469928
0.81,0.0005,-10.94390876,0.022207364439964294,13257,35,7.425549507141113,-0.2652602791786194,24808,0.6939070224761963,19.16,469905,470006
0.81,0.0005,-11.00028481,0.02232079952955246,13259,35,7.135153770446777,-1.0703165531158447,24812,0.5274447798728943,19.23,469986,470087
0.81,0.0005,-11.04427378,0.021362964063882828,13261,35,7.824045658111572,-1.2136528491973877,24816,0.23977354168891907,19.28,470065,470166
0.83,0.0005,-10.607845580000003,0.02063945308327675,13263,35,7.597187042236328,-0.3257673382759094,24820,0.27788716554641724,19.24,470144,470245
0.83,0.0005,-10.62531672,0.020179508253932,13265,35,7.656902313232422,-0.35763019323349,24824,1.7637038230895996,19.26,470221,470322
0.84,0.0005,-10.456623700000005,0.01986847259104252,13266,35,6.586294174194336,-0.7605212926864624,24828,0.6395077705383301,19.31,470298,470399
0.83,0.0005,-10.71418509,0.020199427381157875,13268,35,7.066586971282959,-0.09705650806427002,24832,0.33989936113357544,19.41,470376,470477
0.85,0.0005,-10.263746370000002,0.020513026043772697,13270,35,6.713753700256348,0.21115052700042725,24836,0.09615105390548706,19.33,470454,470555
0.86,0.0005,-10.10108959,0.02037620358169079,13272,35,6.196554183959961,0.030705895274877548,24840,0.1364656686782837,19.35,470534,470635
0.86,0.0005,-10.10688814,0.02031329646706581,13273,35,6.789300918579102,-0.17064541578292847,24844,0.15955299139022827,19.35,470602,470703
0.86,0.0005,-10.149313970000001,0.020575527101755142,13275,35,6.975527763366699,-0.7134862542152405,24848,1.5834999084472656,19.41,470674,470775
0.85,0.0005,-10.299923269999997,0.02088007517158985,13276,35,7.167116641998291,0.4989825189113617,24852,0.9074409008026123,19.34,470743,470844
0.86,0.0005,-9.912171189999999,0.02063903957605362,13278,35,7.167186737060547,-0.5742566585540771,24856,0.4852454364299774,19.07,470805,470906
0.87,0.0005,-9.70070894,0.020387856289744377,13279,35,7.81556510925293,0.24835295975208282,24860,1.5525785684585571,19.06,470883,470984
0.89,0.0005,-9.331483859999999,0.020280834287405014,13281,35,7.956435203552246,-0.3780895471572876,24864,0.593308687210083,19.09,470966,471067
0.9,0.0005,-9.17680406,0.02096725068986416,13283,35,7.418136119842529,-0.7780996561050415,24868,0.1706673949956894,19.13,471048,471149
0.91,0.0005,-9.03770783,0.02089705877006054,13285,35,6.989314079284668,-0.36346086859703064,24872,0.14663781225681305,19.22,471131,471232
0.91,0.0005,-9.01580652,0.020426029339432716,13287,35,6.100883483886719,-0.05885621905326843,24876,0.1661410927772522,19.15,471205,471306
0.91,0.0005,-9.067379220000001,0.02035658061504364,13288,35,6.8966522216796875,0.006912991404533386,24880,0.6546220779418945,19.2,471281,471382
0.91,0.0005,-8.99068391,0.020122816786170006,13290,35,7.350550651550293,0.13491448760032654,24884,1.565687656402588,19.12,471352,471453
0.9,0.0005,-9.155334959999998,0.019633609801530838,13292,35,7.246117115020752,-0.7390888929367065,24888,0.12453446537256241,19.06,471420,471521
0.88,0.0005,-9.53647634,0.01915888488292694,13294,35,6.912790298461914,0.4962935745716095,24892,0.49736201763153076,19.06,471502,471603
0.88,0.0005,-9.52363707,0.01928967610001564,13295,35,7.351406097412109,-0.5944653153419495,24896,0.263904333114624,19.03,471570,471671
0.88,0.0005,-9.504692590000001,0.019508525729179382,13297,35,8.328298568725586,-0.03975352644920349,24900,0.28313860297203064,18.97,471642,471743
0.9,0.0005,-9.10679126,0.01974029280245304,13299,35,6.986572265625,0.5661798715591431,24904,0.25186893343925476,18.93,471720,471821
0.91,0.0005,-8.855051699999999,0.0201954897493124,13301,35,7.1810197830200195,1.04798424243927,24908,1.6787185668945312,18.81,471786,471887
0.91,0.0005,-8.85355574,0.020090678706765175,13303,35,7.36244010925293,-0.09763884544372559,24912,1.40313720703125,18.82,471868,471969
0.9,0.0005,-9.08569789,0.0201313104480505,13305,35,7.471796035766602,0.0762406438589096,24916,0.2151486575603485,18.85,471950,472051
0.89,0.0005,-9.321628660000002,0.01981155015528202,13307,35,7.978132724761963,-0.2964138984680176,24920,1.3719592094421387,18.87,472031,472132
0.9,0.0005,-9.14117268,0.020039105787873268,13309,35,6.649484157562256,0.46646806597709656,24924,0.18015499413013458,18.87,472108,472209
0.9,0.0005,-9.081837389999999,0.019804565235972404,13310,35,6.79175329208374,0.08147452771663666,24928,0.3371800482273102,18.77,472175,472276
0.9,0.0005,-9.02318003,0.01998610980808735,13312,35,6.540226936340332,0.10670006275177002,24932,0.11728347092866898,18.68,472244,472345
0.9,0.0005,-8.92454919,0.019978540018200874,13313,35,7.396783828735352,0.22426694631576538,24936,1.7609096765518188,18.53,472307,472408
0.88,0.0005,-9.293071190000001,0.01997649483382702,13315,35,7.555434703826904,0.6722731590270996,24940,0.3331153690814972,18.5,472384,472485
0.88,0.0005,-9.35098644,0.019927920773625374,13317,35,7.907558441162109,-0.6377917528152466,24944,0.14091649651527405,18.62,472464,472565
0.87,0.0005,-9.60370815,0.019574323669075966,13319,35,7.173232078552246,-0.5333867073059082,24948,1.7651872634887695,18.69,472543,472644
0.87,0.0005,-9.701267249999999,0.01980021223425865,13321,35,7.989530563354492,0.6139458417892456,24952,1.3692066669464111,18.79,472622,472723
0.85,0.0005,-10.21946848,0.019791126251220703,13323,35,7.026942253112793,0.6433992981910706,24956,0.23184610903263092,18.92,472697,472798
0.86,0.0005,-10.006269369999998,0.020057665184140205,13325,35,7.660693645477295,0.37751591205596924,24960,0.29870396852493286,18.89,472772,472873
0.86,0.0005,-9.90223317,0.02002831920981407,13326,35,6.966705322265625,0.2380903959274292,24964,0.14300891757011414,18.73,472839,472940
0.86,0.0005,-9.81612213,0.02028292417526245,13328,35,7.728198051452637,0.362551212310791,24968,1.294579267501831,18.62,472910,473011
0.86,0.0005,-9.715545989999999,0.020431548357009888,13330,35,7.655548095703125,0.15831933915615082,24972,0.28135472536087036,18.46,472977,473078
0.86,0.0005,-9.72849299,0.021108532324433327,13332,35,8.094400405883789,0.894564151763916,24976,0.21525225043296814,18.51,473056,473157
0.87,0.0005,-9.533346819999998,0.021128259599208832,13334,35,6.742454528808594,-0.7313764691352844,24980,1.1082632541656494,18.52,473133,473234
0.87,0.0005,-9.57410786,0.020794833078980446,13336,35,8.190751075744629,-0.326042115688324,24984,0.09432923793792725,18.59,473211,473312
0.87,0.0005,-9.65815612,0.020564820617437363,13338,35,7.221032619476318,-1.598781943321228,24988,0.3049270808696747,18.72,473292,473393
0.88,0.0005,-9.39816392,0.020129788666963577,13339,35,7.207794189453125,-0.612185537815094,24992,0.9920915365219116,18.62,473364,473465
0.88,0.0005,-9.55485003,0.02025027386844158,13342,35,7.824273586273193,-0.345481812953949,24996,1.1915838718414307,18.86,473456,473557
0.88,0.0005,-9.61285142,0.019860075786709785,13344,35,6.3710222244262695,-0.6067737936973572,25000,3.471433639526367,18.93,473535,473636
0.87,0.0005,-9.808771580000002,0.01997089572250843,13346,35,7.999286651611328,-0.11232571303844452,25004,0.1660575270652771,18.91,473611,473712
0.87,0.0005,-9.834978740000002,0.02020920068025589,13347,35,8.011641502380371,0.28105759620666504,25008,0.11486628651618958,18.98,473684,473785
0.86,0.0005,-9.99378142,0.02056686021387577,13349,35,7.606175422668457,0.5541062355041504,25012,0.980201005935669,18.93,473761,473862
0.87,0.0005,-9.750531029999998,0.021395932883024216,13351,35,7.1138458251953125,-0.23885506391525269,25016,0.5986020565032959,18.86,473836,473937
0.86,0.0005,-9.9246236,0.021542290225625038,13353,35,6.595969200134277,0.16260287165641785,25020,0.2885856330394745,18.83,473914,474015
0.84,0.0005,-10.380257859999999,0.021339531987905502,13355,35,7.867580890655518,0.8229401707649231,25024,0.8698424696922302,18.92,474000,474101
0.84,0.0005,-10.5203627,0.020940035581588745,13357,35,6.454926490783691,-0.1175931841135025,25028,0.07358376681804657,19.16,474091,474192
0.84,0.0005,-10.57211355,0.021155204623937607,13359,35,7.272743225097656,-0.9014542102813721,25032,0.251372754573822,19.23,474167,474268
0.83,0.0005,-10.86680618,0.020993582904338837,13361,35,6.7132673263549805,0.3130393624305725,25036,0.2187906801700592,19.36,474243,474344
0.85,0.0005,-10.375280860000002,0.021283792331814766,13363,35,7.3427581787109375,-0.1571255475282669,25040,1.3598419427871704,19.24,474308,474409
0.84,0.0005,-10.60388486,0.021590648218989372,13365,35,8.143683433532715,0.7242867350578308,25044,0.5987282991409302,19.28,474392,474493
0.84,0.0005,-10.558407269999998,0.02110462635755539,13367,35,6.76287841796875,0.18012678623199463,25048,0.29130375385284424,19.22,474465,474566
0.85,0.0005,-10.23007297,0.02085963636636734,13369,35,6.721952438354492,-0.11556948721408844,25052,0.21568316221237183,19.1,474532,474633
0.86,0.0005,-10.0392995,0.020096953958272934,13370,35,7.2951507568359375,-1.1267788410186768,25056,0.10790808498859406,19.18,474615,474716
0.86,0.0005,-10.09845502,0.020017025992274284,13372,35,7.545475006103516,0.02164722979068756,25060,0.7210705280303955,19.27,474699,474800
0.86,0.0005,-10.12297617,0.01979823410511017,13374,35,8.36990737915039,0.24479950964450836,25064,1.806256890296936,19.35,474774,474875
0.85,0.0005,-10.351028359999997,0.019892878830432892,13376,35,6.67462158203125,-0.35579749941825867,25068,1.0137908458709717,19.38,474848,474949
0.85,0.0005,-10.32012728,0.019951600581407547,13378,35,6.6038007736206055,0.1325635313987732,25072,0.6524390578269958,19.38,474915,475016
0.84,0.0005,-10.62821037,0.02021067962050438,13380,35,7.1085100173950195,0.37695828080177307,25076,0.5335978269577026,19.51,475007,475108
0.84,0.0005,-10.639679289999998,0.01996292918920517,13382,35,7.263005256652832,0.26945844292640686,25080,0.5368924140930176,19.54,475087,475188
0.84,0.0005,-10.630103100000001,0.019910616800189018,13383,35,7.068972587585449,0.2137782871723175,25084,0.44567131996154785,19.49,475160,475261
0.85,0.0005,-10.388040919999998,0.019886750727891922,13385,35,7.177431106567383,0.9450968503952026,25088,0.9260220527648926,19.46,475238,475339
0.86,0.0005,-10.239370619999999,0.020445942878723145,13387,35,7.93502950668335,0.7861878871917725,25092,0.20344257354736328,19.57,475321,475422
0.84,0.0005,-10.604850410000001,0.0211621206253767,13389,35,6.6050028800964355,1.1578373908996582,25096,0.7029850482940674,19.53,475409,475510
0.85,0.0005,-10.355823079999999,0.021393010392785072,13391,35,6.975152015686035,0.4314761757850647,25100,0.3835149109363556,19.49,475484,475585
0.85,0.0005,-10.399843269999998,0.02162887342274189,13393,35,7.4942731857299805,-0.3568602502346039,25104,0.45266222953796387,19.54,475565,475666
0.85,0.0005,-10.395477479999997,0.020813727751374245,13394,35,6.961720943450928,-0.14878909289836884,25108,0.42267292737960815,19.53,475637,475738
0.85,0.0005,-10.33536789,0.02081460878252983,13396,35,6.030588150024414,0.26731520891189575,25112,1.1695213317871094,19.47,475708,475809
0.82,0.0005,-10.984036430000002,0.02066836878657341,13398,35,7.8875017166137695,-0.05918362736701965,25116,0.2709699273109436,19.57,475793,475894
0.82,0.0005,-11.0833672,0.02000310830771923,13400,35,6.8534159660339355,-0.1575414538383484,25120,0.12747222185134888,19.72,475886,475987
0.84,0.0005,-10.539245540000001,0.019969666376709938,13402,35,7.400821208953857,-0.1809426099061966,25124,0.35274672508239746,19.53,475953,476054
0.84,0.0005,-10.493558909999999,0.01960185170173645,13404,35,7.274595260620117,0.6534242630004883,25128,1.7449079751968384,19.41,476032,476133
0.84,0.0005,-10.546101489999998,0.019965048879384995,13406,35,6.761350631713867,0.8051323890686035,25132,1.4099488258361816,19.47,476114,476215
0.83,0.0005,-10.807604190000001,0.020490672439336777,13408,35,7.8321685791015625,1.1371893882751465,25136,0.18329904973506927,19.58,476201,476302
0.83,0.0005,-10.936006449999997,0.020964037626981735,13410,35,6.947657585144043,1.3327200412750244,25140,0.354103684425354,19.75,476283,476384
0.83,0.0005,-10.90190541,0.02131500467658043,13412,35,6.914715766906738,0.10991798341274261,25144,0.17220500111579895,19.68,476360,476461
0.84,0.0005,-10.7567497,0.02109108492732048,13414,35,8.45058822631836,0.41355592012405396,25148,1.44968581199646,19.76,476441,476542
0.84,0.0005,-10.832014410000001,0.02102118544280529,13416,35,7.202454566955566,-0.0935506820678711,25152,0.4972042441368103,19.85,476517,476618
0.85,0.0005,-10.592338619999998,0.0207632165402174,13418,35,7.937483787536621,-1.0016058683395386,25156,0.21917632222175598,19.77,476592,476693
0.84,0.0005,-10.681948129999997,0.020590661093592644,13419,35,6.891394138336182,-0.3854345381259918,25160,0.2041080892086029,19.61,476660,476761
0.83,0.0005,-10.93686986,0.02061356045305729,13421,35,7.740438461303711,0.7217532396316528,25164,2.081942319869995,19.66,476740,476841
0.84,0.0005,-10.783374979999998,0.020472684875130653,13423,35,7.194450378417969,0.8231180906295776,25168,1.489567756652832,19.7,476818,476919
0.83,0.0005,-11.077581769999997,0.020378122106194496,13425,35,7.654957294464111,-0.3442336320877075,25172,1.1129282712936401,19.83,476898,476999
0.83,0.0005,-10.948854850000002,0.02028186433017254,13427,35,6.627492904663086,0.2722371816635132,25176,0.6239606738090515,19.66,476973,477074
0.83,0.0005,-10.850198010000002,0.02037775330245495,13429,35,6.771492004394531,0.15199410915374756,25180,0.7070505619049072,19.53,477040,477141
0.83,0.0005,-10.808814209999998,0.020363910123705864,13430,35,7.938205242156982,0.7483872771263123,25184,1.0194181203842163,19.49,477109,477210
0.82,0.0005,-11.036637090000005,0.020332561805844307,13432,35,7.11226749420166,-0.6756712198257446,25188,0.3124863803386688,19.49,477187,477288
0.8,0.0005,-11.482626960000003,0.020255321636795998,13434,35,7.437790870666504,-0.26019155979156494,25192,0.14201784133911133,19.51,477272,477373
0.81,0.0005,-11.222138910000002,0.02030033990740776,13436,35,8.868806838989258,0.9155235886573792,25196,0.28536298871040344,19.41,477350,477451
0.81,0.0005,-11.29615045,0.020672567188739777,13438,35,8.29033088684082,0.20945397019386292,25200,0.8202080726623535,19.47,477431,477532
0.81,0.0005,-11.244973770000001,0.021401947364211082,13440,35,8.385990142822266,0.07050955295562744,25204,0.17444413900375366,19.38,477503,477604
0.8,0.0005,-11.58533169,0.021642832085490227,13442,35,7.5710954666137695,0.2493012547492981,25208,0.5794466733932495,19.56,477593,477694
0.81,0.0005,-11.42474327,0.021578220650553703,13444,35,8.062419891357422,0.7739863395690918,25212,1.3892055749893188,19.57,477665,477766
0.83,0.0005,-11.20365113,0.02080967277288437,13447,35,6.778067588806152,-0.6213082075119019,25216,0.6716623902320862,20.07,477800,477901
0.85,0.0005,-10.62924931,0.020281510427594185,13449,35,9.847871780395508,-1.2715882062911987,25220,2.33919620513916,19.79,477865,477966
0.85,0.0005,-10.78986138,0.020704055204987526,13451,35,8.909332275390625,1.0398470163345337,25224,3.115358829498291,20.03,477956,478057
0.85,0.0005,-10.73528111,0.021375171840190887,13453,35,8.730390548706055,0.863381564617157,25228,1.667100429534912,19.96,478028,478129
0.86,0.0005,-10.434837390000002,0.021798862144351006,13455,35,8.081680297851562,2.047825574874878,25232,0.7656118869781494,19.83,478097,478198
0.88,0.0005,-10.011662170000001,0.02252759039402008,13457,35,8.26548957824707,0.1259962022304535,25236,1.2511367797851562,19.76,478177,478278
0.88,0.0005,-10.03870235,0.024042345583438873,13459,35,7.3153157234191895,0.43064919114112854,25240,1.853872299194336,19.83,478266,478367
0.88,0.0005,-10.021446450000001,0.02379373088479042,13461,35,8.461849212646484,0.013233795762062073,25244,0.528420090675354,19.72,478332,478433
0.88,0.0005,-10.02014087,0.023408807814121246,13463,35,6.840288162231445,-0.08491863310337067,25248,0.3073156476020813,19.73,478414,478515
0.88,0.0005,-10.099665179999999,0.023117795586586,13465,35,8.064910888671875,-1.148077130317688,25252,1.0403361320495605,19.88,478505,478606
0.86,0.0005,-10.58781297,0.022618094459176064,13467,35,7.953860759735107,-0.23217719793319702,25256,0.29175055027008057,19.88,478580,478681
0.87,0.0005,-10.426948160000002,0.022325536236166954,13469,35,8.371587753295898,-0.5684365034103394,25260,0.44186586141586304,19.97,478657,478758
0.88,0.0005,-10.201234020000001,0.022162172943353653,13471,35,6.313037395477295,-0.28814783692359924,25264,1.886683464050293,19.94,478734,478835
0.88,0.0005,-10.176654039999999,0.021965717896819115,13473,35,7.829596519470215,-1.0185871124267578,25268,1.1616008281707764,19.94,478812,478913
0.89,0.0005,-9.93863499,0.021706677973270416,13475,35,9.026877403259277,-0.02124875783920288,25272,0.3354387879371643,19.92,478890,478991
0.89,0.0005,-10.03654189,0.02169409953057766,13477,35,7.962933540344238,-0.7442178726196289,25276,1.804300308227539,20.01,478974,479075
0.89,0.0005,-10.114137470000003,0.021941808983683586,13479,35,8.250579833984375,0.22647309303283691,25280,0.3931792378425598,20.1,479050,479151
0.88,0.0005,-10.35668854,0.02192215621471405,13481,35,7.927705764770508,-0.1684323251247406,25284,0.3785494565963745,20.19,479128,479229
0.88,0.0005,-10.365856449999997,0.022138698026537895,13483,35,7.391136169433594,0.3770143985748291,25288,0.33047229051589966,20.23,479210,479311
0.89,0.0005,-10.15297023,0.022648189216852188,13485,35,7.485893726348877,-0.1995694637298584,25292,1.859708309173584,20.17,479289,479390
0.89,0.0005,-10.172013750000001,0.0231208186596632,13487,35,7.844183921813965,0.29590922594070435,25296,0.38088497519493103,20.22,479372,479473
0.89,0.0005,-10.150121200000001,0.02380547486245632,13489,35,7.064885139465332,-0.200687438249588,25300,0.44797831773757935,20.23,479454,479555
0.9,0.0005,-9.952934169999999,0.023716477677226067,13490,35,7.021048545837402,0.17542539536952972,25304,0.6319788098335266,20.26,479529,479630
0.9,0.0005,-9.96187566,0.02366899885237217,13493,35,7.132315158843994,-0.17989300191402435,25308,2.1566691398620605,20.31,479624,479725
0.9,0.0005,-9.989330219999998,0.02349843829870224,13495,35,7.628520965576172,1.0182812213897705,25312,0.07993234694004059,20.39,479704,479805
0.88,0.0005,-10.2388294,0.02337440848350525,13497,35,7.328038215637207,-0.23847615718841553,25316,0.47196924686431885,19.97,479797,479898
0.88,0.0005,-10.339242090000003,0.023350892588496208,13499,35,7.419361114501953,-0.18253228068351746,25320,0.3197542428970337,20.13,479878,479979
0.88,0.0005,-10.28166917,0.024066351354122162,13517,35,7.382775783538818,0.4637661874294281,25324,0.7339667081832886,20.04,479960,480061
0.88,0.0005,-10.3509723,0.024588709697127342,13519,35,8.359400749206543,-0.337601900100708,25328,0.44301092624664307,20.16,480044,480145
0.87,0.0005,-10.66935291,0.024061579257249832,13521,35,7.706820487976074,-0.9306775331497192,25332,0.11022388935089111,20.35,480132,480233
0.87,0.0005,-10.59723779,0.024089394137263298,13523,35,8.271875381469727,-0.04338991641998291,25336,0.6684145927429199,20.27,480204,480305
0.86,0.0005,-10.766873610000003,0.023692067712545395,13525,35,6.561080455780029,-0.7911486625671387,25340,0.09064736217260361,20.17,480283,480384
0.87,0.0005,-10.58997061,0.023791154846549034,13527,35,8.731584548950195,0.14097504317760468,25344,0.424481600522995,20.31,480363,480464
0.87,0.0005,-10.534286340000001,0.024431124329566956,13529,35,8.215710639953613,0.18549059331417084,25348,0.4874657690525055,20.22,480436,480537
0.86,0.0005,-10.714026200000001,0.024031473323702812,13531,35,7.257427215576172,-0.5515680909156799,25352,0.6644394397735596,20.18,480523,480624
0.88,0.0005,-10.197981850000001,0.02387995459139347,13533,35,7.402559280395508,0.5413358211517334,25356,0.7871601581573486,20.16,480596,480697
0.88,0.0005,-10.18742623,0.024162549525499344,13535,35,7.896205902099609,0.5553455948829651,25360,0.17492935061454773,20.14,480671,480772
0.86,0.0005,-10.58673363,0.02475888468325138,13537,35,8.526792526245117,0.20761679112911224,25364,0.4917391538619995,20.11,480745,480846
0.85,0.0005,-10.78203711,0.025555383414030075,13539,35,7.091592788696289,0.12041965872049332,25368,2.268613815307617,20.11,480823,480924
0.83,0.0005,-11.25492796,0.026075327768921852,13541,35,7.783543586730957,-0.05366326868534088,25372,0.15944869816303253,20.18,480908,481009
0.84,0.0005,-11.055608549999999,0.025928441435098648,13543,35,8.360733032226562,-0.38943594694137573,25376,0.6312530636787415,20.21,480995,481096
0.83,0.0005,-11.21625988,0.025310128927230835,13544,35,8.434867858886719,-0.9385966062545776,25380,0.2041417956352234,20.17,481067,481168
0.84,0.0005,-11.02285601,0.024999134242534637,13546,35,7.015547752380371,0.6489228010177612,25384,0.23466728627681732,20.14,481142,481243
0.85,0.0005,-10.733883810000002,0.024778706952929497,13548,35,7.076351165771484,-0.8506515622138977,25388,0.47356346249580383,20.01,481211,481312
0.86,0.0005,-10.431212380000002,0.02471163310110569,13550,35,7.164644241333008,0.010376937687397003,25392,0.5602762699127197,19.91,481280,481381
0.86,0.0005,-10.403855900000002,0.024347292259335518,13551,35,7.7886457443237305,-0.3220401704311371,25396,0.10098149627447128,19.87,481359,481460
0.86,0.0005,-10.418941680000003,0.023925544694066048,13553,35,7.136046409606934,-0.06453076004981995,25400,0.38687121868133545,19.83,481437,481538
0.86,0.0005,-10.45219674,0.023328743875026703,13555,35,6.487092018127441,-0.6862102746963501,25404,0.26889026165008545,19.86,481515,481616
0.86,0.0005,-10.33548217,0.022724589332938194,13557,35,7.651618480682373,-0.4332243502140045,25408,0.1513015478849411,19.7,481594,481695
0.86,0.0005,-10.36280931,0.02203383669257164,13559,35,6.93194580078125,0.19955435395240784,25412,0.24660073220729828,19.7,481674,481775
0.88,0.0005,-9.883884369999999,0.022290265187621117,13561,35,7.531938552856445,0.8815326690673828,25416,0.2095666527748108,19.53,481750,481851
0.88,0.0005,-9.88135823,0.02272934652864933,13563,35,7.684408187866211,-0.901782214641571,25420,0.13272446393966675,19.52,481830,481931
0.88,0.0005,-9.7954034,0.022665968164801598,13565,35,7.1329216957092285,0.4036238193511963,25424,0.5967440605163574,19.42,481902,482003
0.88,0.0005,-9.69274216,0.02271830476820469,13567,35,7.208426475524902,-1.0261157751083374,25428,1.4644855260849,19.27,481971,482072
0.89,0.0005,-9.436664729999997,0.022851577028632164,13569,35,8.165162086486816,1.0231199264526367,25432,1.6091070175170898,19.18,482050,482151
0.88,0.0005,-9.709587240000001,0.02277345396578312,13571,35,7.566882610321045,0.13469360768795013,25436,1.0387896299362183,19.28,482132,482233
0.89,0.0005,-9.55870272,0.02267550677061081,13573,35,7.464447975158691,0.08751259744167328,25440,0.38976937532424927,19.36,482219,482320
0.88,0.0005,-9.753328360000001,0.022601023316383362,13575,35,7.09907341003418,0.21417662501335144,25444,2.1867988109588623,19.29,482292,482393
0.88,0.0005,-9.747523830000002,0.022830000147223473,13577,35,7.795236587524414,-0.5284897685050964,25448,0.6738831400871277,19.28,482364,482465
0.89,0.0005,-9.51082595,0.022507110610604286,13579,35,7.559209823608398,0.308403342962265,25452,0.4024776816368103,19.21,482444,482545
0.87,0.0005,-10.03069466,0.022883187979459763,13581,35,7.277332782745361,0.690942645072937,25456,0.5536326766014099,19.33,482529,482630
0.87,0.0005,-10.05254905,0.02370266057550907,13583,35,7.897441864013672,-0.7186410427093506,25460,0.23156103491783142,19.32,482603,482704
0.89,0.0005,-9.64775371,0.024117259308695793,13585,35,7.177202224731445,0.47089457511901855,25464,0.08160413801670074,19.32,482677,482778
0.88,0.0005,-9.95186588,0.024720288813114166,13587,35,8.168025016784668,-0.04704482853412628,25468,0.10053855180740356,19.46,482769,482870
0.89,0.0005,-9.73109625,0.02460615523159504,13589,35,8.012882232666016,0.28371912240982056,25472,0.666356086730957,19.34,482842,482943
0.89,0.0005,-9.64945355,0.024622870609164238,13591,35,6.420543670654297,-0.33611899614334106,25476,0.1434636265039444,19.24,482919,483020
0.89,0.0005,-9.74632305,0.024556681513786316,13593,35,8.36410140991211,0.04936602711677551,25480,0.9898169040679932,19.38,483005,483106
0.88,0.0005,-9.91359654,0.02473221719264984,13595,35,6.694252967834473,0.24615615606307983,25484,1.2399286031723022,19.37,483079,483180
0.87,0.0005,-10.143510480000002,0.0242618378251791,13597,35,8.971898078918457,-0.44557127356529236,25488,1.1479263305664062,19.43,483154,483255
0.87,0.0005,-10.140891960000001,0.023685147985816002,13599,35,8.067553520202637,0.3014245927333832,25492,0.4207969009876251,19.42,483222,483323
0.88,0.0005,-10.03189125,0.023609617725014687,13601,35,7.277217864990234,0.18335960805416107,25496,1.6751747131347656,19.51,483310,483411
0.87,0.0005,-10.1837838,0.023210635408759117,13603,35,8.223158836364746,0.129452645778656,25500,0.19090428948402405,19.46,483383,483484
0.87,0.0005,-10.15977009,0.022975051775574684,13605,35,8.315422058105469,-0.3507227599620819,25504,0.14338012039661407,19.45,483460,483561
0.88,0.0005,-9.95947058,0.022549599409103394,13607,35,6.229130744934082,-0.4234035015106201,25508,0.1525765359401703,19.41,483535,483636
0.88,0.0005,-9.85060693,0.021955806761980057,13609,35,8.902835845947266,0.8502782583236694,25512,0.6508344411849976,19.32,483606,483707
0.88,0.0005,-9.861575629999999,0.02259417623281479,13611,35,7.784815788269043,-0.1188502311706543,25516,1.7009074687957764,19.35,483685,483786
0.87,0.0005,-10.067042159999998,0.02299715392291546,13613,35,7.455945014953613,0.8448914289474487,25520,0.5592051148414612,19.38,483768,483869
0.87,0.0005,-10.077927290000002,0.023249519988894463,13615,35,8.55472183227539,0.5360825657844543,25524,0.9891120195388794,19.34,483836,483937
0.86,0.0005,-10.33181185,0.023151293396949768,13617,35,8.378423690795898,0.5505750179290771,25528,0.3564882278442383,19.45,483916,484017
0.85,0.0005,-10.52145403,0.022372353821992874,13618,35,7.53712272644043,-0.9652954339981079,25532,0.1735990047454834,19.4,483990,484091
0.86,0.0005,-10.34478298,0.021930180490016937,13621,35,6.979307174682617,-0.03940465301275253,25536,0.42019885778427124,19.46,484078,484179
0.86,0.0005,-10.29791357,0.021982859820127487,13623,35,6.747330665588379,-1.0721710920333862,25540,0.1255221962928772,19.4,484159,484260
0.87,0.0005,-10.0446533,0.021852949634194374,13625,35,6.543224811553955,0.009630352258682251,25544,0.4567639231681824,19.37,484229,484330
0.87,0.0005,-10.07264541,0.02157844789326191,13627,35,7.1504716873168945,0.31956565380096436,25548,1.3025230169296265,19.45,484309,484410
0.86,0.0005,-10.26805728,0.021708965301513672,13629,35,6.213529586791992,0.16634458303451538,25552,0.3439304530620575,19.43,484387,484488
0.86,0.0005,-10.262755709999999,0.021570418030023575,13631,35,7.85521125793457,0.01770191825926304,25556,0.24531599879264832,19.49,484478,484579
0.85,0.0005,-10.480115239999998,0.02125154808163643,13633,35,7.009440898895264,0.670191764831543,25560,0.326515793800354,19.57,484560,484661
0.85,0.0005,-10.458790789999998,0.021016139537096024,13635,35,6.596771240234375,-0.19139492511749268,25564,0.5348399877548218,19.57,484634,484735
0.87,0.0005,-10.04827308,0.021136989817023277,13637,35,6.815051555633545,0.40388864278793335,25568,0.4636804461479187,19.55,484724,484825
0.88,0.0005,-9.772528379999999,0.0210444126278162,13638,35,6.906085014343262,0.5613037347793579,25572,0.1749424934387207,19.52,484794,484895
0.88,0.0005,-9.741842559999998,0.021160513162612915,13640,35,6.6005778312683105,-0.10946066677570343,25576,0.26731422543525696,19.5,484869,484970
0.88,0.0005,-9.700281749999998,0.021114399656653404,13642,35,6.717034816741943,-0.7867727279663086,25580,0.8193007111549377,19.44,484949,485050
0.89,0.0005,-9.578060859999999,0.02137075364589691,13644,35,7.513748645782471,0.09047029912471771,25584,0.15852680802345276,19.51,485030,485131
0.9,0.0005,-9.401792069999999,0.021635185927152634,13646,35,6.822777271270752,0.13192017376422882,25588,0.06901831179857254,19.53,485107,485208
0.9,0.0005,-9.45040777,0.02150765061378479,13648,35,7.083998680114746,0.024823665618896484,25592,1.9334067106246948,19.59,485181,485282
0.9,0.0005,-9.40011288,0.021885208785533905,13650,35,7.019055366516113,1.4472837448120117,25596,0.8097376823425293,19.51,485261,485362
0.91,0.0005,-9.20786867,0.02231854386627674,13652,35,7.035370826721191,0.049535080790519714,25600,0.5825444459915161,19.52,485335,485436
0.91,0.0005,-9.10040728,0.022847715765237808,13653,35,6.534655570983887,-0.04912810027599335,25604,0.5400503277778625,19.36,485396,485497
0.91,0.0005,-9.14268603,0.02400151640176773,13655,35,8.320756912231445,0.9316511750221252,25608,0.44777432084083557,19.41,485476,485577
0.9,0.0005,-9.394382109999999,0.02496541105210781,13657,35,7.05908203125,0.463987797498703,25612,0.9057992696762085,19.4,485546,485647
0.9,0.0005,-9.407602660000002,0.025025200098752975,13659,35,8.2545747756958,-0.28806471824645996,25616,0.46856361627578735,19.35,485620,485721
0.88,0.0005,-9.863046160000001,0.024985048919916153,13662,35,7.299715042114258,0.1923638880252838,25620,0.5104773044586182,19.42,485710,485811
0.87,0.0005,-10.06347324,0.024671480059623718,13663,35,7.806014060974121,-0.1618681102991104,25624,0.23597452044487,19.44,485780,485881
0.88,0.0005,-9.89087264,0.023875940591096878,13665,35,7.105968475341797,-0.2627773582935333,25628,1.4011340141296387,19.42,485858,485959
0.89,0.0005,-9.6430759,0.023741833865642548,13667,35,8.09892463684082,1.126656413078308,25632,1.5206260681152344,19.37,485927,486028
0.88,0.0005,-9.794942920000002,0.023920360952615738,13669,35,8.460918426513672,0.7867332696914673,25636,0.8120489120483398,19.31,486009,486110
0.86,0.0005,-10.203632609999998,0.023371031507849693,13671,35,7.507876873016357,-0.46090373396873474,25640,1.0105421543121338,19.35,486094,486195
0.84,0.0005,-10.654339069999999,0.023180224001407623,13673,35,7.383092880249023,-0.4593004286289215,25644,0.41551631689071655,19.47,486176,486277
0.84,0.0005,-10.639045750000001,0.02277941070497036,13675,35,7.467686653137207,0.5505324602127075,25648,0.5932457447052002,19.42,486251,486352
0.84,0.0005,-10.58388552,0.022782815620303154,13677,35,7.698326587677002,-1.339250087738037,25652,1.0743050575256348,19.36,486323,486424
0.85,0.0005,-10.350985909999999,0.02305910550057888,13679,35,7.5034332275390625,1.2218577861785889,25656,0.2625575661659241,19.31,486409,486510
0.85,0.0005,-10.334829150000001,0.023178614675998688,13681,35,7.176548004150391,-0.9863225221633911,25660,0.8282058238983154,19.25,486485,486586
0.85,0.0005,-10.278992660000002,0.022601600736379623,13682,35,7.75944709777832,-0.09927619248628616,25664,0.3958090543746948,19.16,486550,486651
0.85,0.0005,-10.177705979999999,0.022812670096755028,13684,35,8.948790550231934,0.5715351104736328,25668,0.17825575172901154,19.0,486624,486725
0.85,0.0005,-10.221056480000001,0.023098083212971687,13686,35,6.915290355682373,0.47421643137931824,25672,0.30726808309555054,19.06,486700,486801
0.84,0.0005,-10.497904929999999,0.02307148277759552,13688,35,7.196235656738281,0.09972122311592102,25676,0.3495851159095764,19.17,486786,486887
0.84,0.0005,-10.443202840000001,0.022838052362203598,13689,35,6.992119312286377,0.9012358784675598,25680,0.45544201135635376,19.09,486858,486959
0.84,0.0005,-10.38826917,0.023682376369833946,13691,35,6.843331813812256,0.7875581979751587,25684,0.5555031299591064,19.0,486930,487031
0.83,0.0005,-10.606146649999996,0.024898353964090347,13693,35,8.778353691101074,-0.11871840059757233,25688,2.357410430908203,18.97,487004,487105
0.83,0.0005,-10.554920549999997,0.024608878418803215,13694,35,8.332111358642578,-1.1668908596038818,25692,0.3834461569786072,18.89,487070,487171
0.82,0.0005,-10.757357319999997,0.024148035794496536,13696,35,8.111735343933105,0.0510379821062088,25696,0.33174318075180054,18.95,487156,487257
0.82,0.0005,-10.702951000000002,0.023569347336888313,13698,35,8.065425872802734,0.52248615026474,25700,0.29638028144836426,18.95,487230,487331
0.82,0.0005,-10.710083000000003,0.02355101890861988,13700,35,8.273192405700684,0.026852011680603027,25704,1.601691722869873,18.97,487293,487394
0.82,0.0005,-10.61941958,0.02336590550839901,13701,35,7.835536479949951,-0.3644687235355377,25708,0.3638784885406494,18.84,487360,487461
0.83,0.0005,-10.40423843,0.022897541522979736,13703,35,7.576748847961426,-0.1387498378753662,25712,1.9494633674621582,18.87,487433,487534
0.82,0.0005,-10.52968388,0.022847196087241173,13704,35,6.734943389892578,-0.7527802586555481,25716,0.4715135097503662,18.86,487506,487607
0.84,0.0005,-10.03456008,0.02270570583641529,13706,35,7.605719566345215,-0.30508390069007874,25720,1.2294847965240479,18.71,487581,487682
0.84,0.0005,-10.125387499999999,0.022121429443359375,13708,35,7.270717620849609,-0.5701077580451965,25724,0.17280904948711395,18.82,487662,487763
0.83,0.0005,-10.29545665,0.021995970979332924,13709,35,7.954214572906494,-0.07591704279184341,25728,0.5303830504417419,18.83,487741,487842
0.83,0.0005,-10.30592048,0.02233286201953888,13711,35,8.626423835754395,0.7610349655151367,25732,0.7693912386894226,18.86,487813,487914
0.84,0.0005,-10.03771903,0.022452227771282196,13712,35,7.950375556945801,0.049264997243881226,25736,0.7248715758323669,18.72,487881,487982
0.86,0.0005,-9.617869789999997,0.022304149344563484,13714,35,7.611921787261963,0.7682456970214844,25740,0.2632172703742981,18.65,487959,488060
0.88,0.0005,-9.223311379999998,0.022594694048166275,13716,35,7.860846996307373,0.5226101875305176,25744,0.22911062836647034,18.62,488038,488139
0.87,0.0005,-9.431037289999999,0.022654427215456963,13718,35,8.126900672912598,0.5295054912567139,25748,0.26366400718688965,18.61,488112,488213
0.85,0.0005,-9.89396957,0.02264029160141945,13720,35,8.327727317810059,-0.43629634380340576,25752,1.5325144529342651,18.75,488198,488299
0.86,0.0005,-9.640738769999999,0.02274271473288536,13722,35,7.195126056671143,0.8917875289916992,25756,0.14158698916435242,18.64,488273,488374
0.87,0.0005,-9.35671039,0.022894587367773056,13723,35,6.882906913757324,-0.8115215301513672,25760,1.2116938829421997,18.52,488337,488438
0.87,0.0005,-9.44685482,0.022359725087881088,13725,35,7.722166061401367,0.27786314487457275,25764,0.1551009565591812,18.65,488415,488516
0.86,0.0005,-9.61972486,0.02245466783642769,13727,35,7.767664432525635,0.877251148223877,25768,0.09556989371776581,18.61,488485,488586
0.86,0.0005,-9.6657493,0.02228277176618576,13729,35,7.331974029541016,-0.5242384076118469,25772,0.11631622910499573,18.65,488565,488666
0.86,0.0005,-9.621787510000003,0.021703658625483513,13731,35,7.601715087890625,-0.02274157851934433,25776,0.3026391863822937,18.59,488645,488746
0.87,0.0005,-9.52196436,0.021339166909456253,13733,35,6.727087497711182,0.044773757457733154,25780,1.6454411745071411,18.72,488730,488831
0.84,0.0005,-10.17864851,0.021200217306613922,13734,35,7.247568607330322,-1.14715576171875,25784,0.5030615925788879,18.78,488808,488909
0.84,0.0005,-10.16154855,0.021324660629034042,13736,35,7.555926322937012,0.2018832266330719,25788,0.8921211361885071,18.82,488886,488987
0.84,0.0005,-10.295181170000001,0.020988829433918,13738,35,8.871692657470703,0.7632943987846375,25792,0.8443119525909424,19.01,488971,489072
0.84,0.0005,-10.204103860000002,0.020652107894420624,13740,35,7.137001037597656,-0.13589408993721008,25796,0.19808200001716614,18.84,489040,489141
0.83,0.0005,-10.511749199999999,0.020683279260993004,13742,35,7.934525489807129,0.9051147699356079,25800,0.6634911298751831,18.93,489123,489224
0.83,0.0005,-10.60147799,0.02057306468486786,13744,35,7.952695846557617,-0.12250396609306335,25804,0.09736794233322144,19.05,489198,489299
0.82,0.0005,-10.883942060000003,0.02119670994579792,13746,35,6.874563217163086,0.15154334902763367,25808,1.1416770219802856,19.19,489279,489380
0.81,0.0005,-11.10829301,0.021325744688510895,13747,35,7.555395126342773,0.46387699246406555,25812,0.38857167959213257,19.23,489356,489457
0.82,0.0005,-11.004164199999998,0.021219752728939056,13749,35,7.797301769256592,0.5098791122436523,25816,0.09188901633024216,19.32,489438,489539
0.83,0.0005,-10.75983636,0.021509353071451187,13751,35,7.6881256103515625,-0.16687387228012085,25820,0.44816362857818604,19.28,489509,489610
0.81,0.0005,-11.155743419999999,0.021205440163612366,13753,35,6.728477478027344,-0.7219955921173096,25824,1.7796415090560913,19.33,489595,489696
0.82,0.0005,-10.90710337,0.02101844921708107,13755,35,6.745471954345703,-1.1733719110488892,25828,0.7602666616439819,19.24,489665,489766
0.81,0.0005,-11.14294994,0.020778944715857506,13757,35,6.694997310638428,0.13031940162181854,25832,0.15939775109291077,19.3,489743,489844
0.81,0.0005,-11.18613748,0.020901158452033997,13759,35,7.448329925537109,-0.6775021553039551,25836,0.9504965543746948,19.36,489817,489918
0.8,0.0005,-11.39515038,0.02055096998810768,13777,35,8.100250244140625,0.2984172999858856,25840,0.5782650709152222,19.41,489900,490001
0.79,0.0005,-11.66704559,0.021099207922816277,13779,35,6.583745956420898,0.19886481761932373,25844,0.39942294359207153,19.49,489987,490088
0.79,0.0005,-11.69027391,0.02120700292289257,13781,35,7.323746681213379,-0.27986910939216614,25848,0.12219502031803131,19.53,490065,490166
0.82,0.0005,-11.076246290000004,0.021277649328112602,13782,35,6.788981914520264,0.06717684864997864,25852,0.3064781427383423,19.43,490141,490242
0.81,0.0005,-11.32867986,0.02092549577355385,13784,35,6.826448917388916,1.2754915952682495,25856,2.1648263931274414,19.51,490224,490325
0.81,0.0005,-11.41551266,0.021522175520658493,13786,35,7.397243976593018,-0.1370132565498352,25860,0.621361494064331,19.63,490300,490401
0.81,0.0005,-11.4610646,0.021721675992012024,13788,35,6.203274726867676,-0.8210325241088867,25864,0.36130180954933167,19.69,490384,490485
0.82,0.0005,-11.26742574,0.021889489144086838,13790,35,7.586767673492432,0.018261492252349854,25868,0.5552791357040405,19.74,490459,490560
0.81,0.0005,-11.3745075,0.02173805609345436,13792,35,7.884243488311768,0.2299550473690033,25872,1.738706350326538,19.64,490529,490630
0.82,0.0005,-11.1745866,0.02140221931040287,13794,35,8.200289726257324,0.09957164525985718,25876,0.2873329520225525,19.61,490606,490707
0.82,0.0005,-11.176641279999998,0.02155316434800625,13796,35,7.536713123321533,-0.20360654592514038,25880,1.9464284181594849,19.61,490691,490792
0.85,0.0005,-10.45919804,0.02171735092997551,13798,35,7.773238658905029,-0.40286922454833984,25884,2.2492198944091797,19.51,490759,490860
0.85,0.0005,-10.398589220000002,0.022016601637005806,13799,35,7.130969047546387,-0.3474768400192261,25888,1.0058608055114746,19.42,490828,490929
0.84,0.0005,-10.51564049,0.021664224565029144,13801,35,6.764286041259766,0.7204133868217468,25892,1.394911766052246,19.33,490904,491005
0.85,0.0005,-10.403352979999998,0.02210281416773796,13803,35,7.486780166625977,-0.6023483276367188,25896,0.7004395723342896,19.44,490984,491085
0.85,0.0005,-10.356559749999999,0.02160820923745632,13805,35,7.324455261230469,-0.6434910297393799,25900,1.4702301025390625,19.39,491062,491163
0.84,0.0005,-10.598548929999998,0.021007603034377098,13808,35,7.366983890533447,0.25271373987197876,25904,0.30118414759635925,19.46,491144,491245
0.84,0.0005,-10.609217949999998,0.02115056663751602,13810,35,7.621651649475098,0.19412380456924438,25908,0.33526989817619324,19.48,491227,491328
0.84,0.0005,-10.65928811,0.02130470983684063,13812,35,7.076923370361328,-0.3046484887599945,25912,0.14627866446971893,19.54,491310,491411
0.84,0.0005,-10.61789321,0.021586362272500992,13814,35,8.669177055358887,-0.21011511981487274,25916,0.5041038990020752,19.51,491389,491490
0.83,0.0005,-10.76998593,0.021725865080952644,13815,35,8.456833839416504,-0.19152221083641052,25920,1.3485097885131836,19.46,491455,491556
0.86,0.0005,-10.05597438,0.02129930630326271,13817,35,8.291845321655273,-0.5279094576835632,25924,1.7630903720855713,19.26,491521,491622
0.85,0.0005,-10.292402359999999,0.020754164084792137,13818,35,8.00553035736084,-0.18757638335227966,25928,0.317288875579834,19.31,491596,491697
0.86,0.0005,-10.04399935,0.02042018249630928,13820,35,7.969688415527344,0.35608232021331787,25932,0.7263385057449341,19.22,491665,491766
0.86,0.0005,-10.161769399999999,0.020075136795639992,13822,35,7.632859230041504,-0.12089575827121735,25936,0.09818504750728607,19.39,491756,491857
0.87,0.0005,-9.94725087,0.020179802551865578,13824,35,7.991305351257324,1.0048750638961792,25940,2.40336012840271,19.39,491839,491940
0.88,0.0005,-9.62831066,0.020271621644496918,13826,35,6.366211891174316,-0.13697859644889832,25944,0.16982948780059814,19.24,491911,492012
0.89,0.0005,-9.416503350000001,0.020091602578759193,13828,35,7.520388126373291,0.566611647605896,25948,1.6141893863677979,19.19,491984,492085
0.89,0.0005,-9.406326369999999,0.02047448419034481,13830,35,7.284619331359863,0.602200448513031,25952,0.5895480513572693,19.19,492060,492161
0.9,0.0005,-9.152792339999998,0.02092968113720417,13832,35,8.031709671020508,-0.24399806559085846,25956,0.08047381788492203,19.1,492134,492235
0.9,0.0005,-9.11677885,0.02137158252298832,13833,35,7.575296401977539,0.16961190104484558,25960,2.6414682865142822,19.06,492206,492307
0.9,0.0005,-9.064338,0.02158249169588089,13835,35,7.290947914123535,1.4031872749328613,25964,0.21572235226631165,18.96,492280,492381
0.9,0.0005,-9.05640076,0.021558208391070366,13837,35,7.259718894958496,0.35755521059036255,25968,0.09576418995857239,18.93,492352,492453
0.89,0.0005,-9.345535550000001,0.021808847784996033,13839,35,7.485332012176514,1.0037156343460083,25972,0.30528801679611206,19.05,492434,492535
0.89,0.0005,-9.33016593,0.022656405344605446,13841,35,7.093164443969727,0.3777785003185272,25976,0.7306795716285706,19.01,492507,492608
0.89,0.0005,-9.2218227,0.02334103360772133,13842,35,7.531696319580078,1.2085750102996826,25980,1.417301893234253,18.84,492575,492676
0.89,0.0005,-9.34031154,0.02358883246779442,13844,35,7.386407852172852,0.30289968848228455,25984,0.19513894617557526,18.98,492657,492758
0.9,0.0005,-9.25041321,0.02332962304353714,13847,35,7.20829963684082,-0.23779848217964172,25988,0.36386051774024963,19.13,492741,492842
0.9,0.0005,-9.206319970000001,0.022729210555553436,13848,35,7.876444339752197,0.10703688859939575,25992,0.39097753167152405,19.08,492812,492913
0.89,0.0005,-9.45032087,0.022153731435537338,13850,35,7.350181579589844,-0.35679155588150024,25996,1.9532415866851807,19.16,492900,493001
0.9,0.0005,-9.217495110000002,0.02170991152524948,13852,35,7.010783672332764,0.12125980854034424,26000,0.4604645371437073,19.11,492973,493074
0.91,0.0005,-8.9373234,0.021883554756641388,13854,35,7.586260795593262,-0.6449366807937622,26004,0.363034725189209,19.01,493045,493146
0.91,0.0005,-8.94279369,0.021639244630932808,13856,35,6.474562168121338,0.10803677141666412,26008,1.0400515794754028,19.02,493129,493230
0.92,0.0005,-8.73369116,0.021930906921625137,13858,35,6.653380393981934,-0.3227115273475647,26012,0.42919349670410156,18.98,493208,493309
0.93,0.0005,-8.576031050000001,0.022365201264619827,13860,35,7.900199890136719,-0.006461024284362793,26016,0.07035045325756073,19.01,493290,493391
0.92,0.0005,-8.859669669999999,0.02242223359644413,13862,35,8.04004192352295,0.402807354927063,26020,0.17261362075805664,19.14,493369,493470
0.91,0.0005,-9.24625725,0.022491397336125374,13864,35,8.055022239685059,1.1375765800476074,26024,2.1882033348083496,19.41,493462,493563
0.91,0.0005,-9.25870787,0.022706814110279083,13866,35,7.408002853393555,0.9419216513633728,26028,0.3372548818588257,19.44,493540,493641
0.91,0.0005,-9.3091195,0.022593142464756966,13868,35,6.845547676086426,0.008126869797706604,26032,0.6709555387496948,19.52,493617,493718
0.89,0.0005,-9.58389747,0.022401655092835426,13870,35,7.696168899536133,-0.8583624958992004,26036,0.42114895582199097,19.38,493694,493795
0.87,0.0005,-10.04275017,0.022313464432954788,13872,35,6.731675624847412,-0.04513093829154968,26040,0.09828653931617737,19.46,493785,493886
0.86,0.0005,-10.243213269999998,0.022403325885534286,13874,35,6.89051628112793,-1.1192361116409302,26044,0.0505928173661232,19.45,493856,493957
0.84,0.0005,-10.685498020000002,0.021767882630228996,13876,35,7.761041641235352,-0.2362598180770874,26048,0.6023780107498169,19.56,493940,494041
0.84,0.0005,-10.607123870000002,0.02178356796503067,13878,35,7.502176284790039,0.06939062476158142,26052,1.5881245136260986,19.47,494007,494108
0.84,0.0005,-10.612263660000004,0.021887322887778282,13880,35,7.495348930358887,0.11534172296524048,26056,0.3150824308395386,19.49,494083,494184
0.84,0.0005,-10.569081959999998,0.021549681201577187,13882,35,6.6286725997924805,-0.22152936458587646,26060,2.0338964462280273,19.44,494150,494251
0.84,0.0005,-10.55886934,0.021532101556658745,13883,35,7.923715591430664,0.20950350165367126,26064,0.35291823744773865,19.42,494222,494323
0.83,0.0005,-10.751750509999999,0.021318327635526657,13885,35,8.03030776977539,1.1525678634643555,26068,0.5934826731681824,19.43,494295,494396
0.83,0.0005,-10.815984590000001,0.02234024368226528,13887,35,8.656063079833984,0.16933083534240723,26072,0.4244277775287628,19.54,494388,494489
0.81,0.0005,-11.18100216,0.021973874419927597,13889,35,7.560718536376953,-0.4857565760612488,26076,1.6728521585464478,19.58,494465,494566
0.8,0.0005,-11.42595088,0.021418467164039612,13890,35,7.942346096038818,-0.0955968126654625,26080,0.9010034799575806,19.66,494541,494642
0.79,0.0005,-11.588236179999999,0.021333592012524605,13892,35,6.479313373565674,-0.4710620641708374,26084,0.06526093930006027,19.63,494620,494721
0.78,0.0005,-11.69368192,0.020781833678483963,13893,35,7.338798522949219,-0.942646861076355,26088,0.4921407699584961,19.51,494692,494793
0.79,0.0005,-11.510882560000002,0.02045850083231926,13895,35,6.8945441246032715,0.061462849378585815,26092,1.2145191431045532,19.53,494765,494866
0.8,0.0005,-11.124168520000003,0.020148087292909622,13896,35,7.1754560470581055,-0.5657353401184082,26096,0.3008720576763153,19.23,494823,494924
0.79,0.0005,-11.318890490000001,0.01970120146870613,13898,35,6.718968391418457,0.3928029537200928,26100,1.0090820789337158,19.24,494897,494998
0.76,0.0005,-12.061564030000001,0.019602280110120773,13900,35,6.806952476501465,-1.4993245601654053,26104,0.3053460717201233,19.45,494990,495091
0.76,0.0005,-12.114844920000003,0.019297068938612938,13902,35,6.925442695617676,-0.5584452152252197,26108,0.18595054745674133,19.51,495080,495181
0.75,0.0005,-12.357783240000002,0.019225379452109337,13904,35,8.137029647827148,-1.0277295112609863,26112,0.40719786286354065,19.61,495169,495270
0.75,0.0005,-12.27058583,0.019481291994452477,13905,35,6.675042152404785,0.2952691316604614,26116,0.20724613964557648,19.5,495240,495341
0.77,0.0005,-11.83322053,0.019764691591262817,13907,35,7.942168235778809,0.22052441537380219,26120,0.4111068844795227,19.43,495312,495413
0.78,0.0005,-11.493067250000001,0.019874105229973793,13908,35,7.264523029327393,-0.25901880860328674,26124,0.38629573583602905,19.24,495386,495487
0.79,0.0005,-11.25677861,0.02041030488908291,13910,35,7.44953727722168,0.42330336570739746,26128,0.5567178726196289,19.19,495459,495560
0.79,0.0005,-11.314207510000001,0.020781001076102257,13912,35,7.922266006469727,0.19692346453666687,26132,0.07489635795354843,19.28,495545,495646
0.79,0.0005,-11.38163948,0.02113044448196888,13914,35,7.209494590759277,0.08369577676057816,26136,0.21106204390525818,19.37,495631,495732
0.81,0.0005,-10.905547430000002,0.021238556131720543,13916,35,6.5142035484313965,-0.7925742268562317,26140,0.0458063967525959,19.24,495709,495810
0.81,0.0005,-10.95974715,0.021691162139177322,13917,35,6.869278430938721,0.3467191457748413,26144,0.6648644208908081,19.29,495785,495886
0.82,0.0005,-10.69882231,0.022029317915439606,13919,35,8.589095115661621,0.32925570011138916,26148,0.21161115169525146,19.21,495861,495962
0.82,0.0005,-10.82633818,0.021709829568862915,13922,35,7.51999568939209,-0.7301616668701172,26152,0.17395831644535065,19.37,495944,496045
0.82,0.0005,-10.79093445,0.021692195907235146,13924,35,7.194016456604004,-0.43364807963371277,26156,0.799680233001709,19.34,496017,496118
0.8,0.0005,-11.29127405,0.02171790413558483,13925,35,7.4135870933532715,0.06032991409301758,26160,0.9382708668708801,19.39,496089,496190
0.8,0.0005,-11.2582155,0.02171744406223297,13927,35,7.521690368652344,0.28013643622398376,26164,0.4161723852157593,19.38,496160,496261
0.8,0.0005,-11.34498729,0.021540753543376923,13929,35,7.390291213989258,-0.08452039957046509,26168,0.23444736003875732,19.49,496244,496345
0.82,0.0005,-10.85193557,0.021255405619740486,13931,35,7.070817470550537,-0.30476200580596924,26172,0.20010626316070557,19.34,496322,496423
0.84,0.0005,-10.462201440000001,0.021120356395840645,13933,35,6.9611005783081055,-0.41272640228271484,26176,0.5854278802871704,19.3,496395,496496
0.84,0.0005,-10.47545657,0.021366331726312637,13934,35,6.42125129699707,-0.0686028003692627,26180,0.3177322745323181,19.29,496470,496571
0.84,0.0005,-10.45741473,0.021495940163731575,13936,35,7.286592483520508,-0.9134495258331299,26184,1.5503865480422974,19.22,496542,496643
0.83,0.0005,-10.692162450000001,0.021434875205159187,13938,35,6.772419452667236,-1.0406805276870728,26188,0.3021591901779175,19.28,496620,496721
0.82,0.0005,-10.895068799999999,0.02125832997262478,13940,35,6.956678867340088,-0.3161466419696808,26192,0.6849864721298218,19.24,496689,496790
0.81,0.0005,-11.27551864,0.02100302465260029,13942,35,7.283892631530762,0.1917034387588501,26196,1.5958260297775269,19.51,496774,496875
0.82,0.0005,-11.07403625,0.02106226235628128,13944,35,7.027359962463379,0.9531104564666748,26200,0.6684250235557556,19.49,496846,496947
0.85,0.0005,-10.422729359999998,0.021216075867414474,13946,35,6.417543888092041,0.24500629305839539,26204,0.1643613874912262,19.4,496930,497031
0.85,0.0005,-10.264118550000001,0.0210390854626894,13948,35,7.240514278411865,0.011750519275665283,26208,0.08860962092876434,19.2,497000,497101
0.86,0.0005,-9.98368446,0.020719867199659348,13950,35,6.666590213775635,-0.2745808959007263,26212,0.22230426967144012,19.06,497075,497176
0.85,0.0005,-10.23285814,0.020776696503162384,13951,35,6.795198917388916,-0.39449045062065125,26216,0.06058099865913391,19.11,497151,497252
0.85,0.0005,-10.227730470000001,0.020229114219546318,13953,35,7.519129753112793,0.0954684317111969,26220,0.90531325340271,19.09,497221,497322
0.85,0.0005,-10.269652899999999,0.02026575431227684,13955,35,7.669924736022949,-0.6360933780670166,26224,0.42984992265701294,19.13,497299,497400
0.84,0.0005,-10.587895769999998,0.020322751253843307,13957,35,7.253118515014648,0.6918656229972839,26228,0.35965773463249207,19.29,497388,497489
0.84,0.0005,-10.517393689999999,0.020620329305529594,13959,35,7.547021389007568,0.7387117147445679,26232,0.7546312212944031,19.16,497461,497562
0.86,0.0005,-10.03017764,0.020888376981019974,13961,35,7.754576683044434,-0.15533995628356934,26236,0.49967309832572937,19.02,497533,497634
0.85,0.0005,-10.27208471,0.02090694010257721,13962,35,6.05399227142334,-0.356298565864563,26240,0.08124551177024841,19.05,497614,497715
0.86,0.0005,-9.97218451,0.02098088338971138,13964,35,6.343006134033203,-1.286608338356018,26244,0.11676345020532608,18.96,497681,497782
0.86,0.0005,-9.95573118,0.020775282755494118,13965,35,6.981546401977539,0.2964629530906677,26248,0.8221218585968018,18.88,497749,497850
0.85,0.0005,-10.178279739999999,0.020265184342861176,13967,35,6.740665435791016,-0.3445785641670227,26252,0.22420302033424377,18.86,497830,497931
0.85,0.0005,-10.227982939999999,0.020099878311157227,13969,35,7.023541450500488,-0.011286407709121704,26256,0.07080774009227753,18.93,497910,498011
0.87,0.0005,-9.762359459999999,0.02004222944378853,13970,35,7.264345169067383,0.24545031785964966,26260,2.34134578704834,18.9,497979,498080
0.86,0.0005,-9.970628549999997,0.019972318783402443,13972,35,7.224249839782715,0.24080409109592438,26264,0.7041047811508179,18.85,498045,498146
0.87,0.0005,-9.686703139999999,0.019946560263633728,13973,35,7.338213920593262,0.23025885224342346,26268,1.3685489892959595,18.73,498117,498218
0.87,0.0005,-9.5793318,0.019627215340733528,13975,35,7.165343284606934,0.2784659266471863,26272,0.4579598903656006,18.56,498178,498279
0.85,0.0005,-10.02954281,0.019722148776054382,13976,35,7.3872785568237305,0.6106410622596741,26276,0.41859808564186096,18.64,498259,498360
0.86,0.0005,-9.82675474,0.020591668784618378,13978,35,6.726683616638184,0.5836423635482788,26280,0.21195441484451294,18.69,498339,498440
0.86,0.0005,-9.83688619,0.021047981455922127,13980,35,6.887570381164551,0.16680236160755157,26284,0.745597779750824,18.76,498418,498519
0.88,0.0005,-9.45100352,0.021291427314281464,13982,35,8.66723918914795,1.4017037153244019,26288,0.4123457968235016,18.75,498495,498596
0.88,0.0005,-9.47752929,0.021834518760442734,13983,35,8.154745101928711,0.24709904193878174,26292,0.3185963034629822,18.84,498573,498674
0.88,0.0005,-9.433316470000001,0.022323664277791977,13985,35,8.304762840270996,0.18891990184783936,26296,0.3043040335178375,18.79,498653,498754
0.87,0.0005,-9.73001495,0.02211662568151951,13987,35,8.253602981567383,-0.08538258075714111,26300,0.4183397889137268,18.86,498732,498833
0.86,0.0005,-9.932246150000001,0.021976623684167862,13989,35,7.055232048034668,-0.483107328414917,26304,0.3394668996334076,18.88,498818,498919
0.86,0.0005,-10.02385368,0.021684175357222557,13991,35,7.512245178222656,0.06019401550292969,26308,1.110349178314209,19.0,498900,499001
0.86,0.0005,-10.075725330000001,0.022049322724342346,13992,35,7.418933868408203,0.0556001216173172,26312,0.25766903162002563,19.07,498982,499083
0.87,0.0005,-9.82769995,0.02166678197681904,13994,35,7.385051250457764,1.1581876277923584,26316,2.156742572784424,19.02,499053,499154
0.87,0.0005,-9.839657370000001,0.022157032042741776,13996,35,8.403270721435547,-0.5952452421188354,26320,0.3892971873283386,19.05,499126,499227
0.87,0.0005,-9.75007928,0.021817706525325775,13997,35,7.72625207901001,0.3413856029510498,26324,0.16617096960544586,18.94,499193,499294
0.86,0.0005,-9.895235729999998,0.021401120349764824,13999,35,7.164186954498291,0.14614543318748474,26328,1.733644723892212,18.81,499269,499370
0.85,0.0005,-10.127648440000002,0.020848706364631653,14000,35,7.3328328132629395,-0.1737166941165924,26332,0.4116066098213196,18.87,499348,499449
0.85,0.0005,-10.114467540000001,0.02023056522011757,14002,35,7.817899703979492,-0.8113566040992737,26336,0.14454254508018494,18.83,499416,499517
0.86,0.0005,-9.860854419999999,0.019998187199234962,14003,35,7.836292266845703,-0.17526346445083618,26340,0.18241852521896362,18.78,499492,499593
0.86,0.0005,-9.995069009999998,0.02004433050751686,14005,35,7.352019786834717,0.6697413325309753,26344,0.1626329869031906,18.96,499577,499678
0.87,0.0005,-9.781394989999997,0.020153775811195374,14006,35,7.381715297698975,-0.9492654800415039,26348,1.0658609867095947,18.95,499644,499745
0.88,0.0005,-9.55551847,0.019877145066857338,14008,35,7.184695243835449,-0.058480292558670044,26352,0.3405771255493164,18.95,499725,499826
0.88,0.0005,-9.640033699999998,0.019841192290186882,14010,35,7.268881320953369,0.3481331169605255,26356,0.36075717210769653,19.05,499815,499916
0.88,0.0005,-9.68614946,0.020259840413928032,14011,35,7.155385971069336,0.06538942456245422,26360,0.2665422260761261,19.12,499891,499992
