train/ent_coef,rollout/success_rate,time/time_elapsed,time/total_timesteps,train/actor_loss,train/n_updates,rollout/ep_rew_mean,time/fps,rollout/ep_len_mean,time/episodes,train/critic_loss,train/ent_coef_loss,train/learning_rate
0.9321342706680298,0.0,42,249,-34.307430267333984,148,-64.09590475,5,62.25,4,50.64922332763672,-0.18514341115951538,0.0005
0.8850917816162109,0.0,45,372,-41.204376220703125,271,-55.53244600000001,8,46.5,8,54.89818572998047,-0.2902810573577881,0.0005
0.8467327356338501,0.0,47,463,-4.501788139343262,362,-51.597206916666664,9,38.583333333333336,12,19.280250549316406,-0.5183532238006592,0.0005
0.6895276308059692,0.0,57,889,-21.700809478759766,788,-59.6335990625,15,55.5625,16,23.61323356628418,-0.9997740387916565,0.0005
0.569373369216919,0.0,66,1294,-12.515303611755371,1193,-62.32318339999999,19,64.7,20,14.417269706726074,-1.4736056327819824,0.0005
0.38417357206344604,0.0,83,2065,3.390087127685547,1964,-70.42388625000001,24,86.04166666666667,24,10.182889938354492,-2.8359439373016357,0.0005
0.33522993326187134,0.0,90,2321,12.27952766418457,2220,-70.28922953571428,25,82.89285714285714,28,10.708040237426758,-3.210679054260254,0.0005
0.2940512001514435,0.0,96,2572,45.273902893066406,2471,-70.19331978125001,26,80.375,32,0.3919222056865692,-3.7931528091430664,0.0005
0.25886210799217224,0.0,102,2816,37.446556091308594,2715,-68.95023727777779,27,78.22222222222223,36,0.962875485420227,-2.761775493621826,0.0005
0.25116387009620667,0.0,103,2882,46.34919738769531,2781,-66.48200887499999,27,72.05,40,2.180908203125,-4.0381364822387695,0.0005
0.23787325620651245,0.0,106,2992,42.06955337524414,2891,-64.50153027272727,28,68.0,44,0.5449658632278442,-4.148746967315674,0.0005
0.22772538661956787,0.0,108,3079,40.00141143798828,2978,-62.57125802083333,28,64.14583333333333,48,0.40687859058380127,-4.181978702545166,0.0005
0.22071219980716705,0.0,110,3143,39.7568359375,3042,-61.16463271153846,28,60.44230769230769,52,0.31810081005096436,-3.955158233642578,0.0005
0.2138388603925705,0.0,111,3213,36.48309326171875,3112,-59.590776125,28,57.375,56,1.0125031471252441,-4.223005771636963,0.0005
0.20067645609378815,0.0,115,3353,37.18946838378906,3252,-58.52959233333333,29,55.88333333333333,60,0.7895505428314209,-4.17768669128418,0.0005
0.1922871321439743,0.0,117,3448,37.225502014160156,3347,-57.341894749999994,29,53.875,64,0.2333558201789856,-4.113338470458984,0.0005
0.18162409961223602,0.0,121,3576,35.056884765625,3475,-56.51289532352941,29,52.588235294117645,68,0.4908907413482666,-4.29890775680542,0.0005
0.1755405068397522,0.0,122,3654,33.918540954589844,3553,-55.210846305555556,29,50.75,72,0.40590429306030273,-3.6156466007232666,0.0005
0.17023245990276337,0.0,124,3727,35.06121826171875,3626,-54.36632471052632,29,49.03947368421053,76,0.5895733833312988,-4.299925804138184,0.0005
0.16428831219673157,0.0,126,3807,35.34353256225586,3706,-53.635167312499995,30,47.5875,80,1.5156362056732178,-4.256846904754639,0.0005
0.16040287911891937,0.0,128,3864,34.905548095703125,3763,-52.98688659523809,30,46.0,84,0.37856635451316833,-4.431247711181641,0.0005
0.15551809966564178,0.0,130,3934,36.19970703125,3833,-52.34451176136363,30,44.70454545454545,88,0.23694419860839844,-4.1509480476379395,0.0005
0.15077488124370575,0.0,132,4006,33.82890319824219,3905,-51.64721972826086,30,43.54347826086956,92,0.3135131001472473,-4.065678596496582,0.0005
0.14635160565376282,0.0,133,4076,35.13605499267578,3975,-51.091393135416666,30,42.458333333333336,96,0.2688151001930237,-4.543564319610596,0.0005
0.14157089591026306,0.0,135,4152,34.60304260253906,4051,-50.381724600000005,30,41.52,100,0.43160563707351685,-3.9695498943328857,0.0005
0.1373162865638733,0.0,137,4222,34.923484802246094,4121,-49.48164575,30,39.73,104,0.4191333055496216,-4.571793079376221,0.0005
0.1323358416557312,0.0,139,4309,36.132537841796875,4208,-49.16100284,30,39.37,108,0.5050445795059204,-4.48468017578125,0.0005
0.12895676493644714,0.01,141,4371,33.855220794677734,4270,-48.49381746,30,39.08,112,0.5775341987609863,-3.9565846920013428,0.0005
0.12588344514369965,0.01,142,4428,34.563724517822266,4327,-46.7215407,31,35.39,116,0.1175568699836731,-3.9872610569000244,0.0005
0.12306281924247742,0.01,143,4484,34.222557067871094,4383,-45.29146909000001,31,31.9,120,0.27726778388023376,-4.544022560119629,0.0005
0.12004191428422928,0.01,145,4544,35.230079650878906,4443,-42.27642449999999,31,24.79,124,0.4691985547542572,-4.672472953796387,0.0005
0.11721846461296082,0.01,146,4602,34.70953369140625,4501,-41.08775833,31,22.81,128,0.341796338558197,-4.045693397521973,0.0005
0.11424407362937927,0.01,148,4664,34.264671325683594,4563,-39.74616716,31,20.92,132,2.341764450073242,-4.130034923553467,0.0005
0.1108596995472908,0.01,150,4742,33.83810043334961,4641,-38.750304629999995,31,19.26,136,2.46756911277771,-4.266658306121826,0.0005
0.10787536948919296,0.01,152,4813,33.788307189941406,4712,-38.44687408,31,19.31,140,0.4505821764469147,-4.380249977111816,0.0005
0.10530831664800644,0.01,153,4876,32.81057357788086,4775,-38.055384690000004,31,18.84,144,0.5301971435546875,-3.774834632873535,0.0005
0.09806500375270844,0.01,158,5068,32.82292175292969,4967,-38.381074350000006,31,19.89,148,0.5789164304733276,-3.613574504852295,0.0005
0.09550410509109497,0.01,160,5135,33.5206298828125,5034,-38.10321224,31,19.92,152,0.3215213418006897,-3.690701484680176,0.0005
0.09287964552640915,0.01,162,5210,31.55548667907715,5109,-37.95799812999999,32,19.97,156,2.2604048252105713,-3.3420045375823975,0.0005
0.09044743329286575,0.01,164,5283,32.75339889526367,5182,-37.6565581,32,19.3,160,0.3565833568572998,-3.4179043769836426,0.0005
0.0878634974360466,0.01,166,5361,32.55803298950195,5260,-37.25827214,32,19.13,164,0.15354904532432556,-3.248898506164551,0.0005
0.08553134649991989,0.01,168,5436,33.413116455078125,5335,-36.7105863,32,18.6,168,0.18575073778629303,-4.023618698120117,0.0005
0.0831236019730568,0.01,170,5509,32.907291412353516,5408,-36.81052439,32,18.55,172,0.386300265789032,-3.4684290885925293,0.0005
0.08101550489664078,0.01,171,5577,31.59841537475586,5476,-36.67292363,32,18.5,176,0.7132611274719238,-3.1050610542297363,0.0005
0.07875023037195206,0.01,174,5659,31.17438507080078,5558,-36.694430430000004,32,18.52,180,0.3822987377643585,-2.7890849113464355,0.0005
0.07689018547534943,0.01,175,5733,32.158958435058594,5632,-36.276922989999996,32,18.69,184,0.3812544345855713,-3.161146640777588,0.0005
0.0751909613609314,0.01,177,5799,31.700912475585938,5698,-35.94542042,32,18.65,188,0.2765401601791382,-2.5368807315826416,0.0005
0.07221531122922897,0.01,180,5920,31.111610412597656,5819,-35.9125406,32,19.14,192,1.827099323272705,-1.740539312362671,0.0005
0.07069818675518036,0.01,182,5989,30.616106033325195,5888,-35.807566779999995,32,19.13,196,0.8433470726013184,-2.374263048171997,0.0005
0.06908954679965973,0.01,184,6058,30.64669418334961,5957,-35.89027057,32,19.06,200,0.49102985858917236,-2.386857032775879,0.0005
0.06746573001146317,0.01,186,6133,31.334211349487305,6032,-35.60719222,32,19.11,204,0.4213383197784424,-2.420090675354004,0.0005
0.06620921939611435,0.01,188,6191,32.07369613647461,6090,-35.58118963,32,18.82,208,0.2901279330253601,-2.509345531463623,0.0005
0.06482411921024323,0.0,190,6258,31.682392120361328,6157,-35.83449949,32,18.87,212,0.30433109402656555,-2.6770081520080566,0.0005
0.06360655277967453,0.0,191,6319,31.3199462890625,6218,-35.628398419999996,32,18.91,216,0.34541136026382446,-2.4004552364349365,0.0005
0.06252755224704742,0.0,193,6377,32.8616943359375,6276,-35.60757386,32,18.93,220,0.39031678438186646,-3.7870497703552246,0.0005
0.06118515506386757,0.0,195,6451,33.486106872558594,6350,-35.36651794,33,19.07,224,0.3045453429222107,-3.097358465194702,0.0005
0.06023478880524635,0.0,196,6510,32.26808166503906,6409,-35.055254850000004,33,19.08,228,0.24934765696525574,-3.1041455268859863,0.0005
0.05908166989684105,0.0,198,6574,32.28190612792969,6473,-35.10146913,33,19.1,232,0.2887975573539734,-2.37964129447937,0.0005
0.057717517018318176,0.0,200,6653,31.430070877075195,6552,-35.12096104,33,19.11,236,0.44631123542785645,-2.3231701850891113,0.0005
0.05659222975373268,0.0,202,6715,30.982044219970703,6614,-35.012895029999996,33,19.02,240,0.2500811219215393,-1.6289219856262207,0.0005
0.05558956786990166,0.0,203,6780,30.934040069580078,6679,-34.78845097000001,33,19.04,244,0.36441099643707275,-1.1839505434036255,0.0005
0.05482544004917145,0.0,205,6844,30.1182861328125,6743,-34.26944683000001,33,17.76,248,0.4816613495349884,-0.035063594579696655,0.0005
0.0537835992872715,0.0,207,6913,31.675172805786133,6812,-33.96152607,33,17.78,252,0.16073738038539886,-1.2384674549102783,0.0005
0.05277586728334427,0.0,209,6973,30.18251609802246,6872,-33.68370061,33,17.63,256,0.32802265882492065,-1.7160801887512207,0.0005
0.05161777883768082,0.0,210,7043,29.65635871887207,6942,-33.53269066000001,33,17.6,260,0.40537914633750916,-0.39031538367271423,0.0005
0.05048263072967529,0.0,212,7105,26.974212646484375,7004,-33.83462379,33,17.44,264,4.470787048339844,3.5326576232910156,0.0005
0.050576236099004745,0.0,214,7169,18.75102996826172,7068,-34.09370215,33,17.33,268,10.008027076721191,13.926183700561523,0.0005
0.051173485815525055,0.0,216,7239,31.2686767578125,7138,-34.11027582,33,17.3,272,4.931302070617676,-1.6952083110809326,0.0005
0.05006580799818039,0.0,218,7312,32.751712799072266,7211,-34.05292733999999,33,17.35,276,2.402512550354004,-3.511544704437256,0.0005
0.043748125433921814,0.0,228,7737,32.66193771362305,7636,-35.35165085,33,20.78,280,0.6647130250930786,-2.3870773315429688,0.0005
0.041513364762067795,0.0,233,7930,31.87285614013672,7829,-36.24224912,33,21.97,284,0.6365046501159668,-0.7427409291267395,0.0005
0.04116550832986832,0.0,234,7985,32.54679870605469,7884,-36.24915536,33,21.86,288,0.2711330056190491,-1.249809980392456,0.0005
0.040834251791238785,0.0,236,8038,32.18901062011719,7937,-36.10070149999999,34,21.18,292,0.4524432420730591,-0.7711712121963501,0.0005
0.04059891030192375,0.0,237,8092,30.690467834472656,7991,-36.086815140000006,34,21.03,296,0.4901370704174042,0.11856351047754288,0.0005
0.04028122127056122,0.0,239,8149,31.871797561645508,8048,-35.69572824,34,20.91,300,0.3428747355937958,-1.0182067155838013,0.0005
0.03990032896399498,0.0,241,8210,30.834705352783203,8109,-35.66725915000001,34,20.77,304,0.4277680516242981,-0.4658990502357483,0.0005
0.03960992768406868,0.0,242,8273,31.219013214111328,8172,-35.34764474,34,20.82,308,1.3839852809906006,-0.8148281574249268,0.0005
0.039451953023672104,0.0,244,8333,30.813175201416016,8232,-35.15422939,34,20.75,312,0.6901586055755615,-0.3966445326805115,0.0005
0.03934679180383682,0.0,246,8400,29.893516540527344,8299,-34.80557115,34,20.81,316,0.7286667227745056,-0.29448777437210083,0.0005
0.03930770233273506,0.0,248,8463,30.12374496459961,8362,-34.49886392,34,20.86,320,0.36406201124191284,0.07914064079523087,0.0005
0.03927261382341385,0.0,249,8513,30.141193389892578,8412,-34.70708974,34,20.62,324,0.5291000604629517,0.009151771664619446,0.0005
0.039290182292461395,0.0,251,8571,29.297914505004883,8470,-34.703743800000005,34,20.61,328,0.46585437655448914,0.2563105821609497,0.0005
0.03931426256895065,0.0,252,8626,30.11003875732422,8525,-34.62833455,34,20.52,332,0.8517394065856934,-0.5409866571426392,0.0005
0.03934967890381813,0.0,254,8688,29.192094802856445,8587,-34.56323614,34,20.35,336,0.4790324866771698,-0.246931791305542,0.0005
0.0392448790371418,0.0,256,8752,29.983407974243164,8651,-34.34062219,34,20.37,340,0.3039219379425049,0.6179753541946411,0.0005
0.039343319833278656,0.0,258,8803,29.958417892456055,8702,-34.574950359999995,34,20.23,344,0.285447359085083,-0.5894818305969238,0.0005
0.03919772058725357,0.0,260,8870,30.160539627075195,8769,-34.26987498,34,20.26,348,0.480016827583313,0.40945684909820557,0.0005
0.039232153445482254,0.01,261,8926,30.23484992980957,8825,-34.18401923,34,20.13,352,0.24488794803619385,0.4745214283466339,0.0005
0.03933968022465706,0.01,263,8988,30.906909942626953,8887,-34.16849336999999,34,20.15,356,0.41518163681030273,-1.1579091548919678,0.0005
0.0393277071416378,0.01,264,9044,30.325624465942383,8943,-34.16063165,34,20.01,360,0.8757116794586182,0.4422025680541992,0.0005
0.039236653596162796,0.02,266,9105,28.65669059753418,9004,-33.60457883,34,20.0,364,0.5254351496696472,-0.0055706799030303955,0.0005
0.03918077051639557,0.02,267,9158,30.918575286865234,9057,-33.47219837,34,19.89,368,1.0088216066360474,-0.7323738932609558,0.0005
0.039119549095630646,0.02,269,9219,29.587276458740234,9118,-33.17986774,34,19.8,372,0.5854800939559937,-0.37811559438705444,0.0005
0.03852541744709015,0.02,270,9283,31.085403442382812,9182,-32.91164774000001,34,19.71,376,0.25096842646598816,-0.1912062168121338,0.0005
0.038545314222574234,0.02,272,9342,30.430768966674805,9241,-31.117388730000002,34,16.05,380,0.4170972406864166,-0.5600937604904175,0.0005
0.03822653368115425,0.02,274,9401,29.487794876098633,9300,-30.26468332,34,14.71,384,0.34971892833709717,0.7469334006309509,0.0005
0.03819665685296059,0.03,275,9459,30.090190887451172,9358,-30.136290400000004,34,14.74,388,0.34132030606269836,-1.1062321662902832,0.0005
0.037724874913692474,0.03,277,9527,28.730104446411133,9426,-30.102126220000006,34,14.89,392,1.2674188613891602,-0.9133379459381104,0.0005
0.0371369794011116,0.03,279,9592,30.537410736083984,9491,-29.812709449999996,34,15.0,396,0.28476113080978394,-0.49727219343185425,0.0005
0.03702929988503456,0.03,280,9646,30.04751968383789,9545,-30.053936760000003,34,14.97,400,0.8355839252471924,-0.45208269357681274,0.0005
0.03654985874891281,0.04,282,9719,29.524930953979492,9618,-29.474767559999997,34,15.09,404,0.7488194108009338,0.2480710744857788,0.0005
0.0364055410027504,0.04,284,9777,30.072038650512695,9676,-29.54764498,34,15.04,408,0.5618838667869568,-0.5553986430168152,0.0005
0.03648456931114197,0.04,285,9826,30.224403381347656,9725,-29.902056529999996,34,14.93,412,1.4427231550216675,0.2784026265144348,0.0005
0.03659975528717041,0.04,287,9884,29.606861114501953,9783,-30.051016410000003,34,14.84,416,0.42119258642196655,0.5195929408073425,0.0005
0.03672933951020241,0.04,288,9934,28.707761764526367,9833,-30.27503706,34,14.71,420,0.502457320690155,0.5995132327079773,0.0005
0.03697405010461807,0.04,290,9997,30.199121475219727,9896,-30.30107346,34,14.84,424,0.3112587332725525,-0.28928864002227783,0.0005
0.03698960319161415,0.05,307,10056,29.39344024658203,9955,-29.971499679999997,32,14.85,428,0.27091968059539795,-0.9151871204376221,0.0005
0.0368901863694191,0.05,308,10116,28.542007446289062,10015,-29.78767175,32,14.9,432,0.9705146551132202,0.8279334306716919,0.0005
0.03704555705189705,0.05,310,10169,29.551050186157227,10068,-29.750067039999994,32,14.81,436,0.24322070181369781,0.44935545325279236,0.0005
0.03739519789814949,0.05,311,10225,29.409534454345703,10124,-29.884835350000003,32,14.73,440,0.4842418432235718,0.1252077966928482,0.0005
0.03783625736832619,0.05,313,10290,30.024749755859375,10189,-29.539216930000002,32,14.87,444,0.39385345578193665,-0.191419318318367,0.0005
0.03804199397563934,0.05,315,10349,29.086809158325195,10248,-29.630883060000002,32,14.79,448,0.8395499587059021,0.4282569885253906,0.0005
0.03819381818175316,0.04,317,10406,28.749910354614258,10305,-29.912223209999993,32,14.8,452,1.5231398344039917,-0.26840442419052124,0.0005
0.038490161299705505,0.05,318,10466,29.367807388305664,10365,-29.876537650000003,32,14.78,456,0.3572522699832916,-0.03564038872718811,0.0005
0.03876939415931702,0.05,319,10526,29.918182373046875,10425,-29.847662959999994,32,14.82,460,0.45101305842399597,-0.004431039094924927,0.0005
0.03884395211935043,0.04,321,10596,30.123537063598633,10495,-30.065018109999997,32,14.91,464,3.3039114475250244,-0.15311795473098755,0.0005
0.03908934071660042,0.04,323,10657,29.28778839111328,10556,-30.180962069999996,32,14.99,468,0.25453221797943115,1.061084508895874,0.0005
0.039828456938266754,0.05,325,10729,29.40604019165039,10628,-29.884753379999996,32,15.1,472,1.5957026481628418,0.8720729947090149,0.0005
0.0404810905456543,0.05,326,10779,28.98044204711914,10678,-30.1694776,32,14.96,476,0.5291935205459595,-0.4607117474079132,0.0005
0.04060517996549606,0.06,328,10841,28.752666473388672,10740,-29.9851815,33,14.99,480,1.1736139059066772,0.7857877016067505,0.0005
0.0407397598028183,0.06,329,10891,29.978137969970703,10790,-30.135232180000006,33,14.9,484,0.7077597379684448,-0.4843522906303406,0.0005
0.040858108550310135,0.05,331,10953,28.63816261291504,10852,-30.4442716,33,14.94,488,0.4103148579597473,1.129549264907837,0.0005
0.0409623384475708,0.05,333,11011,29.367572784423828,10910,-30.340094139999998,33,14.84,492,0.938225507736206,0.5211828947067261,0.0005
0.04100795462727547,0.06,334,11065,29.48883819580078,10964,-30.39335787,33,14.73,496,0.29135751724243164,-0.2759304940700531,0.0005
0.040755704045295715,0.06,336,11134,29.943984985351562,11033,-30.23679768,33,14.88,500,0.188532292842865,-2.170546770095825,0.0005
0.04091184213757515,0.05,338,11187,31.096235275268555,11086,-30.702985139999996,33,14.68,504,0.5953588485717773,-0.7863786220550537,0.0005
0.041119061410427094,0.05,340,11248,29.89569091796875,11147,-30.479145759999998,33,14.71,508,0.4765753149986267,-0.1529758721590042,0.0005
0.04113982245326042,0.05,341,11306,27.72148895263672,11205,-30.250745119999998,33,14.8,512,0.30233234167099,1.3411197662353516,0.0005
0.04123524948954582,0.06,343,11360,27.090167999267578,11259,-30.117797179999997,33,14.76,516,1.00693678855896,1.799110770225525,0.0005
0.04134991765022278,0.06,344,11412,28.096881866455078,11311,-30.07275629,33,14.78,520,0.9776529669761658,1.6145941019058228,0.0005
0.042232315987348557,0.06,346,11482,28.343671798706055,11381,-29.660616559999998,33,14.85,524,2.1153171062469482,0.031150341033935547,0.0005
0.04273759201169014,0.05,348,11533,28.867162704467773,11432,-29.94800566,33,14.77,528,0.8036317229270935,-0.3488689064979553,0.0005
0.04273221641778946,0.05,349,11587,29.312725067138672,11486,-30.081752150000003,33,14.71,532,0.3160036504268646,-0.10278673470020294,0.0005
0.04239931330084801,0.05,350,11644,27.367557525634766,11543,-30.026415749999998,33,14.75,536,2.326490879058838,2.3339409828186035,0.0005
0.042782705277204514,0.05,352,11697,28.069950103759766,11596,-30.020958600000004,33,14.72,540,0.39687633514404297,0.047486335039138794,0.0005
0.043233320116996765,0.05,353,11763,28.278488159179688,11662,-30.096680990000003,33,14.73,544,0.5865621566772461,-0.4214925765991211,0.0005
0.042962513864040375,0.05,355,11823,29.130046844482422,11722,-30.101083559999996,33,14.74,548,0.47140055894851685,-0.3787582516670227,0.0005
0.043188054114580154,0.05,359,11967,28.98727035522461,11866,-30.426319049999996,33,15.61,552,2.477842092514038,-0.8846547603607178,0.0005
0.04317668452858925,0.04,360,12025,28.93819808959961,11924,-30.5807562,33,15.59,556,0.6451117992401123,0.6267644166946411,0.0005
0.04253670200705528,0.04,362,12087,29.54528045654297,11986,-30.445955650000002,33,15.61,560,0.47142815589904785,-0.9310048818588257,0.0005
0.042595941573381424,0.05,364,12143,28.529277801513672,12042,-30.329018490000003,33,15.47,564,0.3520606458187103,-1.8356664180755615,0.0005
0.042166877537965775,0.05,365,12201,28.70696258544922,12100,-30.172261419999995,33,15.44,568,1.7682580947875977,-1.3489164113998413,0.0005
0.041834503412246704,0.04,367,12258,28.7398681640625,12157,-30.437472900000003,33,15.29,572,0.7127583026885986,0.21384765207767487,0.0005
0.04140977934002876,0.04,368,12310,28.690269470214844,12209,-30.446209860000003,33,15.31,576,1.9487028121948242,1.5306421518325806,0.0005
0.04158337041735649,0.03,370,12366,28.09455108642578,12265,-30.899747840000003,33,15.25,580,0.43360504508018494,-0.31761306524276733,0.0005
0.04115070030093193,0.03,372,12420,28.771141052246094,12319,-30.657372180000003,33,15.29,584,0.43639853596687317,-0.8608225584030151,0.0005
0.040947508066892624,0.03,373,12480,27.928316116333008,12379,-30.6721011,33,15.27,588,0.2888890206813812,0.4196517765522003,0.0005
0.04110666364431381,0.03,375,12540,29.165603637695312,12439,-30.810608849999994,33,15.29,592,0.15274226665496826,-0.16048084199428558,0.0005
0.040927987545728683,0.02,376,12591,27.98036003112793,12490,-31.0121527,33,15.26,596,0.5812228918075562,0.5722179412841797,0.0005
0.041342779994010925,0.02,378,12642,29.417396545410156,12541,-31.2562887,33,15.08,600,0.10712699592113495,-0.9127954244613647,0.0005
0.040900468826293945,0.02,379,12699,29.802139282226562,12598,-31.118056790000004,33,15.12,604,0.21541202068328857,-1.0543124675750732,0.0005
0.040522947907447815,0.02,380,12750,28.09270668029785,12649,-31.42602065,33,15.02,608,0.6978311538696289,-1.0445728302001953,0.0005
0.04010698199272156,0.02,382,12807,27.954723358154297,12706,-31.43255281,33,15.01,612,0.5864291191101074,-0.07694627344608307,0.0005
0.039783548563718796,0.01,383,12866,29.625978469848633,12765,-31.77128864,33,15.06,616,1.8525978326797485,0.260214239358902,0.0005
0.0397949144244194,0.01,385,12921,28.96875762939453,12820,-31.78384023,33,15.09,620,0.19118444621562958,0.2964963912963867,0.0005
0.03957131877541542,0.01,386,12978,27.98412322998047,12877,-32.02601646,33,14.96,624,0.7439107894897461,1.3966822624206543,0.0005
0.03913550078868866,0.01,388,13034,29.823158264160156,12933,-32.040913249999996,33,15.01,628,0.411126971244812,0.7311141490936279,0.0005
0.03906956687569618,0.01,389,13082,28.566322326660156,12981,-32.18154164,33,14.95,632,0.31506508588790894,1.347139596939087,0.0005
0.039191339164972305,0.01,390,13137,29.369403839111328,13036,-32.1656227,33,14.93,636,0.523181676864624,0.31056761741638184,0.0005
0.03904614970088005,0.01,392,13200,28.763797760009766,13099,-32.00045903,33,15.03,640,0.30089855194091797,-0.10488814115524292,0.0005
0.03862404823303223,0.01,393,13262,29.475780487060547,13161,-32.066347900000004,33,14.99,644,0.4625149369239807,0.8596051931381226,0.0005
0.03930308297276497,0.01,395,13323,28.202045440673828,13222,-32.06269098,33,15.0,648,1.0909584760665894,1.960677981376648,0.0005
0.039773959666490555,0.01,397,13379,29.678638458251953,13278,-31.613486010000006,33,14.12,652,0.6861310005187988,-0.32037585973739624,0.0005
0.03919024392962456,0.01,398,13430,28.991897583007812,13329,-31.86111808,33,14.05,656,0.920944094657898,1.1373367309570312,0.0005
0.03883131593465805,0.01,400,13491,28.806819915771484,13390,-31.968704870000007,33,14.04,660,0.27589690685272217,0.4904623031616211,0.0005
0.038818031549453735,0.0,401,13546,27.712919235229492,13445,-32.04229286,33,14.03,664,0.9407459497451782,-0.6051478385925293,0.0005
0.03898223862051964,0.0,403,13598,28.556703567504883,13497,-32.15087428,33,13.97,668,0.27997344732284546,-0.4554678201675415,0.0005
0.03906705230474472,0.0,404,13650,28.40735626220703,13549,-32.3000457,33,13.92,672,0.19744181632995605,0.2305978685617447,0.0005
0.03890069201588631,0.02,405,13708,28.240272521972656,13607,-31.62784996,33,13.98,676,1.3237168788909912,0.4009578824043274,0.0005
0.038532041013240814,0.02,407,13764,28.56710433959961,13663,-31.633327939999994,33,13.98,680,0.2931431531906128,-0.7484380006790161,0.0005
0.03834346681833267,0.03,408,13825,30.22437286376953,13724,-31.28795968,33,14.05,684,0.42362838983535767,-1.7783540487289429,0.0005
0.03743641451001167,0.03,410,13885,28.506694793701172,13784,-31.097147030000002,33,14.05,688,0.12892112135887146,-0.037449903786182404,0.0005
0.03697832301259041,0.03,411,13941,29.34503936767578,13840,-31.07119849,33,14.01,692,0.14734894037246704,-0.600345253944397,0.0005
0.03714824095368385,0.03,413,13997,27.958415985107422,13896,-30.935270609999996,33,14.06,696,0.14990907907485962,-0.7791956067085266,0.0005
0.03693398833274841,0.03,415,14060,28.911563873291016,13959,-30.657359720000002,33,14.18,700,1.522629976272583,-0.49582639336586,0.0005
0.03704055771231651,0.04,416,14117,28.02102279663086,14016,-30.57166225,33,14.18,704,0.38891690969467163,0.4832896888256073,0.0005
0.036986567080020905,0.05,418,14170,28.29174041748047,14069,-30.11157056,33,14.2,708,0.2490556836128235,1.0584548711776733,0.0005
0.03717612847685814,0.05,419,14230,27.62112045288086,14129,-29.957532370000003,33,14.23,712,1.2138625383377075,0.9340569972991943,0.0005
0.03773882985115051,0.05,421,14284,28.164785385131836,14183,-29.997187300000004,33,14.18,716,0.3042958974838257,0.1300576776266098,0.0005
0.037947990000247955,0.05,422,14340,28.561843872070312,14239,-29.74285488,33,14.19,720,0.5505721569061279,0.32120847702026367,0.0005
0.0381813608109951,0.05,424,14398,27.365753173828125,14297,-29.745954209999994,33,14.2,724,1.4050085544586182,0.07974672317504883,0.0005
0.03854260593652725,0.05,425,14446,27.816009521484375,14345,-29.999307120000005,33,14.12,728,0.3530413508415222,-0.41115403175354004,0.0005
0.038365744054317474,0.05,426,14510,28.986806869506836,14409,-29.63006702,33,14.28,732,0.3496268391609192,-0.439087837934494,0.0005
0.03840949013829231,0.05,428,14560,27.703033447265625,14459,-29.762527079999998,34,14.23,736,0.792589545249939,-0.1866009384393692,0.0005
0.03859636187553406,0.05,429,14609,29.29796028137207,14508,-29.903624920000002,34,14.09,740,1.5781900882720947,-0.017421558499336243,0.0005
0.03822838142514229,0.05,430,14667,27.771961212158203,14566,-30.06300684,34,14.05,744,0.31122589111328125,-0.23497304320335388,0.0005
0.038856375962495804,0.05,432,14727,26.796600341796875,14626,-29.78904802,34,14.04,748,1.633862018585205,0.5467215776443481,0.0005
0.03926340863108635,0.05,433,14782,27.883800506591797,14681,-29.768582809999998,34,14.03,752,0.37333279848098755,0.34909337759017944,0.0005
0.03894999995827675,0.05,435,14839,27.525232315063477,14738,-29.49704423,34,14.09,756,1.3612465858459473,0.5138661861419678,0.0005
0.03928929939866066,0.05,436,14890,27.205303192138672,14789,-29.613769620000003,34,13.99,760,1.153346061706543,-0.009933248162269592,0.0005
0.03987610712647438,0.05,437,14942,28.528297424316406,14841,-29.732509970000002,34,13.96,764,0.25276803970336914,-1.1522021293640137,0.0005
0.03967616707086563,0.05,439,15004,28.35106658935547,14903,-29.59715749,34,14.06,768,1.1437491178512573,-0.493482768535614,0.0005
0.039601586759090424,0.05,440,15062,29.136375427246094,14961,-29.59932602,34,14.12,772,0.658869206905365,0.019075751304626465,0.0005
0.03952643647789955,0.03,442,15116,28.445362091064453,15015,-30.229704160000004,34,14.08,776,0.47651728987693787,-0.1802409440279007,0.0005
0.03896477073431015,0.03,443,15169,27.710365295410156,15068,-30.089199179999994,34,14.05,780,1.491000771522522,-0.8655028939247131,0.0005
0.03858387842774391,0.02,445,15220,28.482336044311523,15119,-30.664689099999997,34,13.95,784,0.2840729355812073,-0.131940558552742,0.0005
0.038552165031433105,0.02,446,15270,28.041746139526367,15169,-30.812608910000005,34,13.85,788,0.11440709233283997,0.38915935158729553,0.0005
0.03842451050877571,0.02,447,15319,27.63463592529297,15218,-31.069083549999995,34,13.78,792,1.475215196609497,-0.6217621564865112,0.0005
0.038443777710199356,0.02,449,15368,29.767370223999023,15267,-31.325627359999995,34,13.71,796,0.2622453570365906,0.1948324739933014,0.0005
0.038854800164699554,0.02,450,15423,29.191207885742188,15322,-31.623008409999994,34,13.63,800,0.18848393857479095,-0.2565857172012329,0.0005
0.038589850068092346,0.01,451,15474,29.039546966552734,15373,-31.84155058,34,13.57,804,0.16567878425121307,-0.11039932817220688,0.0005
0.0382356196641922,0.01,453,15534,28.784069061279297,15433,-31.822730349999997,34,13.64,808,0.40606608986854553,0.6966673135757446,0.0005
0.03846610710024834,0.01,454,15586,28.374858856201172,15485,-32.05818475,34,13.56,812,0.2518450915813446,-0.11336413025856018,0.0005
0.03836989402770996,0.01,456,15644,29.027542114257812,15543,-31.854496229999995,34,13.6,816,1.346455693244934,0.1437300741672516,0.0005
0.03883883357048035,0.01,457,15698,28.52765655517578,15597,-31.874230159999996,34,13.58,820,0.5810674428939819,-0.29668155312538147,0.0005
0.03858588635921478,0.02,459,15752,28.39609718322754,15651,-31.67600853,34,13.54,824,0.43191808462142944,-0.18040871620178223,0.0005
0.038078662008047104,0.02,460,15805,27.80547332763672,15704,-31.418036949999998,34,13.59,828,1.671463966369629,-0.064335897564888,0.0005
0.03779779374599457,0.02,461,15855,27.826904296875,15754,-31.64360789,34,13.45,832,0.19001677632331848,1.158416986465454,0.0005
0.03741917386651039,0.02,463,15906,27.515663146972656,15805,-31.684261089999996,34,13.46,836,0.339992880821228,2.5126821994781494,0.0005
0.03869500011205673,0.02,464,15955,27.920791625976562,15854,-31.707747939999994,34,13.46,840,0.39312881231307983,-0.05711446702480316,0.0005
0.03890608996152878,0.02,465,16011,27.517196655273438,15910,-31.70799962,34,13.44,844,0.4439151883125305,-0.2855455279350281,0.0005
0.0382770299911499,0.02,467,16064,28.723058700561523,15963,-32.024758649999995,34,13.37,848,1.490224838256836,1.1379740238189697,0.0005
0.038631826639175415,0.03,468,16128,28.203392028808594,16027,-31.710311379999997,34,13.46,852,0.407889723777771,0.7868493795394897,0.0005
0.03873933479189873,0.03,470,16183,26.483726501464844,16082,-31.72422873,34,13.44,856,2.2141215801239014,0.958337664604187,0.0005
0.038684919476509094,0.03,471,16235,28.281082153320312,16134,-31.761584439999996,34,13.45,860,1.3424746990203857,-1.00309419631958,0.0005
0.038617443293333054,0.03,473,16295,28.409151077270508,16194,-31.763576389999997,34,13.53,864,0.33049100637435913,0.8053527474403381,0.0005
0.0386233814060688,0.04,474,16348,28.483705520629883,16247,-31.704815959999998,34,13.44,868,1.5454931259155273,-0.03278082609176636,0.0005
0.03837059065699577,0.04,476,16402,28.150720596313477,16301,-31.805434719999994,34,13.4,872,0.3948899507522583,0.7121509909629822,0.0005
0.038715578615665436,0.04,478,16467,27.030637741088867,16366,-31.523541069999993,34,13.51,876,0.36917364597320557,0.02726452425122261,0.0005
0.03887956961989403,0.04,479,16530,27.210643768310547,16429,-31.38343327,34,13.61,880,0.6636339426040649,0.3812631368637085,0.0005
0.038748081773519516,0.04,481,16583,27.909467697143555,16482,-31.238783320000003,34,13.63,884,0.1527288258075714,-0.08336737751960754,0.0005
0.03840005397796631,0.04,482,16632,27.22239112854004,16531,-31.35768056,34,13.62,888,0.5064079165458679,0.1089741587638855,0.0005
0.03796868771314621,0.04,484,16689,30.23801612854004,16588,-31.077891559999998,34,13.7,892,0.3714996576309204,-0.4657593369483948,0.0005
0.03862946853041649,0.04,485,16745,30.241708755493164,16644,-30.79268921,34,13.77,896,0.36163952946662903,-1.8459794521331787,0.0005
0.03824472799897194,0.04,487,16807,28.268524169921875,16706,-30.52299295,34,13.84,900,0.48429036140441895,0.9885616898536682,0.0005
0.038265641778707504,0.04,488,16867,27.907180786132812,16766,-30.524253560000002,34,13.93,904,0.48566702008247375,0.2759776711463928,0.0005
0.03806767612695694,0.03,490,16922,28.376192092895508,16821,-30.86601914,34,13.88,908,0.28211739659309387,0.6074968576431274,0.0005
0.03838823363184929,0.03,491,16976,28.776376724243164,16875,-30.754642779999998,34,13.9,912,0.17442038655281067,-0.7446606159210205,0.0005
0.03793049603700638,0.03,493,17031,28.447071075439453,16930,-30.910345699999993,34,13.87,916,0.5306171178817749,-0.8670879602432251,0.0005
0.03771832957863808,0.03,494,17090,28.218952178955078,16989,-31.028740059999997,34,13.92,920,0.3938240706920624,0.7837429642677307,0.0005
0.037376925349235535,0.02,496,17153,28.33216667175293,17052,-31.2169497,34,14.01,924,1.4291926622390747,0.3539404273033142,0.0005
0.03773963078856468,0.02,497,17207,27.43865966796875,17106,-31.09361541,34,14.02,928,0.16147872805595398,0.7934327125549316,0.0005
0.03739035129547119,0.02,499,17265,27.617507934570312,17164,-30.82142021,34,14.1,932,0.587430477142334,1.0474514961242676,0.0005
0.03750880807638168,0.02,500,17315,28.970888137817383,17214,-30.70327394,34,14.09,936,0.20508944988250732,-1.0638329982757568,0.0005
0.03672235831618309,0.02,502,17385,27.45107078552246,17284,-30.5290518,34,14.3,940,1.250030279159546,-0.238653302192688,0.0005
0.03671029582619667,0.02,504,17434,27.479080200195312,17333,-30.67477198,34,14.23,944,0.16758942604064941,-0.11668276786804199,0.0005
0.036364421248435974,0.02,505,17493,26.993270874023438,17392,-30.637906549999993,34,14.29,948,0.3366166353225708,-0.643963634967804,0.0005
0.036303531378507614,0.01,507,17552,28.022857666015625,17451,-30.950476780000002,34,14.24,952,0.3979814052581787,0.2632403075695038,0.0005
0.036430731415748596,0.01,508,17611,27.509990692138672,17510,-30.951394410000002,34,14.28,956,0.21250343322753906,0.08429956436157227,0.0005
0.03655959293246269,0.01,510,17674,28.52373504638672,17573,-30.800570580000002,34,14.39,960,0.4523525536060333,-0.5471658706665039,0.0005
0.03654352203011513,0.01,512,17732,27.843107223510742,17631,-30.95361345,34,14.37,964,0.22841227054595947,-0.33242398500442505,0.0005
0.03662410005927086,0.0,513,17789,28.45104217529297,17688,-31.13527452,34,14.41,968,0.1584530770778656,0.12751911580562592,0.0005
0.036488380283117294,0.0,514,17839,28.308237075805664,17738,-31.271986809999998,34,14.37,972,0.2362256497144699,-0.09678539633750916,0.0005
0.0360645055770874,0.0,516,17890,28.286884307861328,17789,-31.57901982,34,14.23,976,0.23658236861228943,0.2852853238582611,0.0005
0.036145154386758804,0.0,517,17947,27.502864837646484,17846,-31.69011686,34,14.17,980,0.23203490674495697,0.044972725212574005,0.0005
0.03583944961428642,0.0,518,18014,28.189098358154297,17913,-31.58842197,34,14.31,984,2.537443161010742,0.8327840566635132,0.0005
0.03623943403363228,0.0,520,18082,29.028564453125,17981,-31.032114919999994,34,14.5,988,3.1525802612304688,1.03281831741333,0.0005
0.03673199936747551,0.0,522,18151,28.436386108398438,18050,-30.757484550000004,34,14.62,992,0.488057941198349,-1.504204511642456,0.0005
0.03695684298872948,0.0,523,18203,28.98448944091797,18102,-30.90979731,34,14.58,996,0.27210181951522827,-0.3217492401599884,0.0005
0.03682560846209526,0.0,525,18265,27.750930786132812,18164,-31.040227239999993,34,14.58,1000,1.4807014465332031,1.017306923866272,0.0005
0.036895886063575745,0.0,526,18316,28.22380828857422,18215,-31.18525991,34,14.49,1004,0.3211953341960907,0.15764108300209045,0.0005
0.03598619997501373,0.0,528,18388,28.026931762695312,18287,-31.10020994,34,14.66,1008,1.3181226253509521,0.5746911764144897,0.0005
0.036266740411520004,0.0,530,18453,28.252851486206055,18352,-30.984091349999993,34,14.77,1012,0.2351081818342209,0.44382840394973755,0.0005
0.036364950239658356,0.0,531,18508,28.251819610595703,18407,-30.96506639,34,14.77,1016,0.26810863614082336,0.20950177311897278,0.0005
0.0363677553832531,0.0,532,18557,28.565448760986328,18456,-31.227462180000003,34,14.67,1020,1.775482177734375,-0.9276577830314636,0.0005
0.03565286472439766,0.0,534,18618,28.186342239379883,18517,-31.18879361,34,14.65,1024,1.6020209789276123,-0.11041773855686188,0.0005
0.036149319261312485,0.01,535,18671,26.881818771362305,18570,-31.255524400000002,34,14.64,1028,0.19868148863315582,0.20456427335739136,0.0005
0.036271486431360245,0.01,536,18719,28.300203323364258,18618,-31.679924619999998,34,14.54,1032,1.093479871749878,0.5052611231803894,0.0005
0.03648419305682182,0.01,538,18786,28.236980438232422,18685,-31.47901166,34,14.71,1036,0.3728686571121216,-1.172375202178955,0.0005
0.0364360474050045,0.01,540,18844,27.133182525634766,18743,-31.622721869999996,34,14.59,1040,0.23577098548412323,0.9706218242645264,0.0005
0.03628700226545334,0.01,542,18908,27.017993927001953,18807,-31.37116037,34,14.74,1044,0.15355700254440308,-0.7613441348075867,0.0005
0.035570211708545685,0.01,543,18976,26.872657775878906,18875,-31.185923029999998,34,14.83,1048,0.1848045140504837,0.3300773501396179,0.0005
0.035443179309368134,0.01,545,19036,28.890762329101562,18935,-31.155933989999994,34,14.84,1052,1.4103680849075317,-0.5857897996902466,0.0005
0.03531094267964363,0.01,546,19090,28.260112762451172,18989,-31.275001079999996,34,14.79,1056,0.3872336149215698,-0.8695636987686157,0.0005
0.03554411977529526,0.01,548,19138,27.867490768432617,19037,-31.432068449999996,34,14.64,1060,0.15293286740779877,-0.7227493524551392,0.0005
0.035325128585100174,0.01,549,19199,27.853410720825195,19098,-31.26533147,34,14.67,1064,1.157914161682129,1.0234551429748535,0.0005
0.034990306943655014,0.01,551,19258,27.10272216796875,19157,-31.284698829999996,34,14.69,1068,0.18886646628379822,0.4330802857875824,0.0005
0.03527829051017761,0.03,552,19320,27.431217193603516,19219,-30.670790490000005,34,14.81,1072,1.1705925464630127,0.17385973036289215,0.0005
0.035707466304302216,0.03,554,19386,28.14810562133789,19285,-30.403462150000006,34,14.96,1076,0.2157941460609436,-0.8890838623046875,0.0005
0.03550344705581665,0.03,555,19439,28.10917091369629,19338,-30.53713624,34,14.92,1080,1.5481103658676147,-0.2010294795036316,0.0005
0.035469792783260345,0.03,557,19496,28.25141143798828,19395,-30.791968119999996,34,14.82,1084,0.26807981729507446,0.7732753157615662,0.0005
0.03556811809539795,0.03,558,19557,27.409229278564453,19456,-30.942394200000003,34,14.75,1088,0.19499167799949646,0.2212703377008438,0.0005
0.03534872084856033,0.03,560,19625,27.542190551757812,19524,-31.075595309999997,35,14.74,1092,0.22377794981002808,1.9314287900924683,0.0005
0.03619908168911934,0.03,562,19680,27.96014404296875,19579,-31.041801690000003,35,14.77,1096,0.34795820713043213,-0.6595163345336914,0.0005
0.03569506108760834,0.05,563,19744,27.200485229492188,19643,-30.520161190000003,35,14.79,1100,0.27670785784721375,0.3619789481163025,0.0005
0.036053165793418884,0.05,565,19802,27.735553741455078,19701,-30.504973160000006,35,14.86,1104,0.2161901295185089,-0.5285282135009766,0.0005
0.035762518644332886,0.05,566,19859,28.118152618408203,19758,-30.635570340000005,35,14.71,1108,0.19565530121326447,0.014286793768405914,0.0005
0.03571048751473427,0.05,567,19920,26.94580078125,19819,-30.59839426,35,14.67,1112,1.0800234079360962,0.2542848587036133,0.0005
0.036053020507097244,0.05,569,19977,27.895008087158203,19876,-30.586484380000005,35,14.69,1116,0.1754683405160904,-0.932766318321228,0.0005
0.035820066928863525,0.06,582,20036,27.84409523010254,19935,-29.870079430000004,34,14.79,1120,1.2819843292236328,0.3253411650657654,0.0005
0.03592203930020332,0.06,584,20103,27.692554473876953,20002,-29.872327939999995,34,14.85,1124,0.32379284501075745,-1.264726161956787,0.0005
0.035685326904058456,0.05,586,20176,27.496320724487305,20075,-29.754886429999996,34,15.05,1128,0.26312583684921265,-0.8261399269104004,0.0005
0.03505904600024223,0.05,587,20232,27.945842742919922,20131,-29.639666530000003,34,15.13,1132,0.11354875564575195,0.40440982580184937,0.0005
0.03472134470939636,0.05,589,20287,28.200023651123047,20186,-29.927569899999998,34,15.01,1136,0.14549842476844788,-0.7978017926216125,0.0005
0.034811053425073624,0.05,590,20347,28.568632125854492,20246,-29.917865929999998,34,15.03,1140,0.40889954566955566,-0.5820266008377075,0.0005
0.03448467701673508,0.05,592,20408,27.867435455322266,20307,-29.96157634,34,15.0,1144,1.3948748111724854,-0.36381760239601135,0.0005
0.03459087759256363,0.05,594,20476,28.0577392578125,20375,-29.97504441,34,15.0,1148,1.4644804000854492,-0.5113672018051147,0.0005
0.034807488322257996,0.05,595,20531,27.36758041381836,20430,-30.04042142,34,14.95,1152,0.22217124700546265,1.0361363887786865,0.0005
0.03536383435130119,0.05,597,20593,28.49371910095215,20492,-29.781502340000003,34,15.03,1156,0.13206583261489868,0.22752931714057922,0.0005
0.03513725474476814,0.05,599,20650,27.459163665771484,20549,-29.548857709999997,34,15.12,1160,2.566277027130127,-1.0958924293518066,0.0005
0.034596238285303116,0.05,601,20716,27.170419692993164,20615,-29.532360109999996,34,15.17,1164,0.36284369230270386,-0.13029898703098297,0.0005
0.03512009605765343,0.05,602,20773,27.37541961669922,20672,-29.504611020000002,34,15.15,1168,0.1851288378238678,-1.039293646812439,0.0005
0.034948866814374924,0.03,604,20835,28.020198822021484,20734,-29.889251299999998,34,15.15,1172,1.3915772438049316,0.1966743767261505,0.0005
0.03486610949039459,0.04,605,20892,27.25169563293457,20791,-29.806557789999996,34,15.06,1176,0.37166744470596313,0.6065420508384705,0.0005
0.03449700400233269,0.05,607,20962,28.20269203186035,20861,-29.277015189999997,34,15.23,1180,0.11637990176677704,0.1668330878019333,0.0005
0.033867765218019485,0.05,609,21022,26.208629608154297,20921,-29.164719870000003,34,15.26,1184,0.2678450345993042,-0.06994873285293579,0.0005
0.03404631093144417,0.06,611,21084,27.184608459472656,20983,-29.040563770000002,34,15.27,1188,0.19649115204811096,-0.08475284278392792,0.0005
0.034415606409311295,0.06,612,21147,27.362449645996094,21046,-29.13900066999999,34,15.22,1192,1.674118995666504,-0.5818405151367188,0.0005
0.03518763929605484,0.06,614,21207,27.374691009521484,21106,-29.013049759999994,34,15.27,1196,0.26343658566474915,-0.6742191314697266,0.0005
0.03541048988699913,0.04,616,21266,28.391530990600586,21165,-29.500898940000003,34,15.22,1200,0.8731828927993774,0.6163402795791626,0.0005
0.035331159830093384,0.04,617,21322,27.31999969482422,21221,-29.384271469999998,34,15.2,1204,0.27246084809303284,0.012788437306880951,0.0005
0.03582329675555229,0.04,619,21387,26.821325302124023,21286,-29.169851159999997,34,15.28,1208,0.27438604831695557,-0.1382136046886444,0.0005
0.03612304851412773,0.05,621,21451,26.473873138427734,21350,-28.94097568,34,15.31,1212,0.31025582551956177,-0.04301068186759949,0.0005
0.035951048135757446,0.06,623,21513,26.904071807861328,21412,-28.58345866,34,15.36,1216,0.30809473991394043,0.10299709439277649,0.0005
0.03604057803750038,0.05,625,21588,27.18595314025879,21487,-28.858474680000004,34,15.52,1220,0.4201169013977051,0.11468353122472763,0.0005
0.03566407039761543,0.05,626,21639,26.591476440429688,21538,-29.020591159999995,34,15.36,1224,1.1793551445007324,0.04026610776782036,0.0005
0.03566332161426544,0.05,628,21694,27.318662643432617,21593,-29.1904844,34,15.18,1228,0.23905092477798462,-0.44405609369277954,0.0005
0.035113636404275894,0.05,630,21759,27.858732223510742,21658,-28.83579751,34,15.27,1232,0.22963745892047882,-0.46822118759155273,0.0005
0.0344618521630764,0.05,632,21821,26.793676376342773,21720,-28.750251889999994,34,15.34,1236,0.18031328916549683,-0.6208004951477051,0.0005
0.034805621951818466,0.05,633,21877,27.449094772338867,21776,-28.761175779999995,34,15.3,1240,0.29114773869514465,-1.3666719198226929,0.0005
0.03427664563059807,0.05,635,21944,27.960918426513672,21843,-28.50278084,34,15.36,1244,2.942455768585205,-1.4154648780822754,0.0005
0.033994194120168686,0.05,637,22005,27.457889556884766,21904,-28.505039130000004,34,15.29,1248,0.27554741501808167,0.647095263004303,0.0005
0.034145668148994446,0.05,638,22055,26.49615478515625,21954,-28.618370269999996,34,15.24,1252,1.5869141817092896,-0.23665830492973328,0.0005
0.03445086255669594,0.06,640,22117,27.119014739990234,22016,-28.590430310000002,34,15.24,1256,2.359189510345459,0.20389384031295776,0.0005
0.03417074307799339,0.06,642,22186,26.155208587646484,22085,-28.4037786,34,15.36,1260,1.0363116264343262,-0.98063063621521,0.0005
0.034116171300411224,0.07,644,22260,27.72042465209961,22159,-27.964009849999997,34,15.44,1264,0.3165349066257477,-0.2588668763637543,0.0005
0.034150611609220505,0.07,646,22314,26.426023483276367,22213,-27.84028444,34,15.41,1268,0.24576857686042786,0.5349138975143433,0.0005
0.034277211874723434,0.07,648,22383,25.981731414794922,22282,-27.661347870000004,34,15.48,1272,0.6000654101371765,0.6483139395713806,0.0005
0.0348593145608902,0.07,649,22447,25.875389099121094,22346,-27.439746930000002,34,15.55,1276,0.21893444657325745,0.238152414560318,0.0005
0.03457378223538399,0.06,651,22504,26.417381286621094,22403,-27.97494938000001,34,15.42,1280,0.8522118926048279,-0.38014060258865356,0.0005
0.03458787500858307,0.06,653,22569,27.06805992126465,22468,-28.08285668,34,15.47,1284,0.31983643770217896,0.3972492218017578,0.0005
0.03487673029303551,0.05,655,22631,26.945785522460938,22530,-28.191196920000003,34,15.47,1288,0.21673567593097687,0.4658548831939697,0.0005
0.03507846221327782,0.06,657,22704,26.749099731445312,22603,-27.796021220000004,34,15.57,1292,0.20081579685211182,0.624710202217102,0.0005
0.034890539944171906,0.06,658,22761,25.48499298095703,22660,-27.806866290000002,34,15.54,1296,0.2810080647468567,-0.009405136108398438,0.0005
0.03518431633710861,0.06,660,22815,26.918752670288086,22714,-28.11216863,34,15.49,1300,0.33707326650619507,-0.1600872278213501,0.0005
0.035335659980773926,0.06,662,22870,26.762008666992188,22769,-27.975737179999996,34,15.48,1304,0.2980147898197174,0.5200278759002686,0.0005
0.03509174659848213,0.06,663,22929,26.49204444885254,22828,-28.011615589999998,34,15.42,1308,1.1623719930648804,0.34785228967666626,0.0005
0.03524431213736534,0.07,665,23003,25.602680206298828,22902,-27.92940966,34,15.52,1312,1.065686583518982,0.3198472261428833,0.0005
0.03508209064602852,0.06,667,23069,26.4508056640625,22968,-28.13531835,34,15.56,1316,0.2197553813457489,0.47245222330093384,0.0005
0.03506552428007126,0.06,669,23141,25.9771671295166,23040,-28.219853739999998,34,15.53,1320,0.18351291120052338,-0.041286401450634,0.0005
0.035406969487667084,0.06,670,23206,25.919727325439453,23105,-27.987259880000007,34,15.67,1324,0.37559229135513306,0.15598487854003906,0.0005
0.035059016197919846,0.06,672,23275,26.57484245300293,23174,-27.87938274,34,15.81,1328,3.2011313438415527,-0.09308208525180817,0.0005
0.03472993150353432,0.07,674,23343,26.26217269897461,23242,-27.78805378,34,15.84,1332,1.9843722581863403,0.7217676639556885,0.0005
0.034789200872182846,0.07,676,23407,26.338329315185547,23306,-27.633000519999996,34,15.86,1336,0.47992509603500366,0.44629091024398804,0.0005
0.03576245903968811,0.07,677,23465,27.453229904174805,23364,-27.59194888,34,15.88,1340,0.22643476724624634,-0.16881254315376282,0.0005
0.03574487194418907,0.07,679,23526,26.17913818359375,23425,-27.809122350000003,34,15.82,1344,1.1811048984527588,-0.38853493332862854,0.0005
0.03577052429318428,0.07,681,23584,26.326169967651367,23483,-28.092279420000004,34,15.79,1348,0.18066123127937317,-0.2978537082672119,0.0005
0.03598275035619736,0.07,683,23647,26.034847259521484,23546,-27.90706776,34,15.92,1352,0.6466754674911499,0.0752122551202774,0.0005
0.03619878739118576,0.07,684,23700,25.836368560791016,23599,-28.01396177,34,15.83,1356,0.3185688853263855,0.6996967792510986,0.0005
0.03624998778104782,0.07,686,23769,26.396987915039062,23668,-28.154524000000002,34,15.83,1360,0.2001941204071045,-1.2356339693069458,0.0005
0.03571462258696556,0.07,688,23829,28.348695755004883,23728,-28.310813989999996,34,15.69,1364,0.2004702389240265,-0.8458427786827087,0.0005
0.03475969284772873,0.07,690,23893,26.96320343017578,23792,-28.389627879999992,34,15.79,1368,0.19433462619781494,-0.5392506718635559,0.0005
0.03501317277550697,0.08,691,23951,25.945585250854492,23850,-28.394387659999996,34,15.68,1372,0.15772250294685364,0.28021734952926636,0.0005
0.035821735858917236,0.07,693,24016,25.973926544189453,23915,-28.775159600000002,34,15.69,1376,0.37214845418930054,0.7912024855613708,0.0005
0.03618486225605011,0.07,695,24074,27.2546329498291,23973,-28.51128732,34,15.7,1380,0.2590024471282959,0.3377740979194641,0.0005
0.03582530468702316,0.07,696,24142,27.37688446044922,24041,-28.116843790000004,34,15.73,1384,0.1314639002084732,0.41475623846054077,0.0005
0.035725999623537064,0.08,698,24212,26.320056915283203,24111,-27.97408232,34,15.81,1388,0.32074013352394104,0.5937261581420898,0.0005
0.0362737700343132,0.07,700,24271,26.889070510864258,24170,-28.385612660000003,34,15.67,1392,0.28559285402297974,0.7390264868736267,0.0005
0.03603579103946686,0.07,701,24332,25.666648864746094,24231,-28.35663666,34,15.71,1396,1.4185245037078857,-0.15362054109573364,0.0005
0.03622047230601311,0.07,703,24391,25.90769386291504,24290,-28.048004300000002,34,15.76,1400,0.22936862707138062,-0.4422580599784851,0.0005
0.03619369864463806,0.07,704,24441,26.634632110595703,24340,-28.304137769999997,34,15.71,1404,0.1534012407064438,0.5682660937309265,0.0005
0.036428678780794144,0.07,706,24504,26.106979370117188,24403,-28.45766396,34,15.75,1408,0.41899001598358154,-0.43302977085113525,0.0005
0.0357922799885273,0.05,708,24564,26.648778915405273,24463,-28.91915947,34,15.61,1412,0.5188279747962952,-0.8106170892715454,0.0005
0.035672370344400406,0.06,709,24616,26.04029083251953,24515,-28.672105250000005,34,15.47,1416,0.23904767632484436,0.6345474720001221,0.0005
0.03593917191028595,0.06,711,24671,27.112205505371094,24570,-28.763605910000003,34,15.3,1420,1.6178462505340576,-0.8783490657806396,0.0005
0.035998471081256866,0.06,712,24736,26.058265686035156,24635,-28.693947469999998,34,15.3,1424,0.13367243111133575,0.05723971128463745,0.0005
0.03597734495997429,0.06,714,24797,26.90752601623535,24696,-28.835468470000002,34,15.22,1428,0.14977452158927917,-0.2508343458175659,0.0005
0.03636233136057854,0.05,716,24851,27.48741912841797,24750,-29.113848389999998,34,15.08,1432,0.1832067370414734,0.3585621118545532,0.0005
0.036515478044748306,0.05,718,24918,25.668638229370117,24817,-29.132587740000005,34,15.11,1436,1.1490111351013184,-0.7369834184646606,0.0005
0.0364251546561718,0.05,720,24981,27.417417526245117,24880,-29.007592250000002,34,15.16,1440,0.10443180799484253,-0.23313526809215546,0.0005
0.03652936592698097,0.05,721,25036,26.849441528320312,24935,-29.15028592,34,15.1,1444,0.407597154378891,-0.029893815517425537,0.0005
0.03634412959218025,0.06,723,25104,26.891956329345703,25003,-28.716794220000008,34,15.2,1448,0.29999324679374695,0.5615795254707336,0.0005
0.037080198526382446,0.06,725,25178,25.292264938354492,25077,-28.684982129999998,34,15.31,1452,0.4499342143535614,0.43072739243507385,0.0005
0.03746505826711655,0.05,726,25227,27.168975830078125,25126,-28.890692940000005,34,15.27,1456,0.2681248188018799,-0.35605958104133606,0.0005
0.03732132539153099,0.06,728,25292,26.167991638183594,25191,-28.750706920000002,34,15.23,1460,0.2660589814186096,-0.7088291645050049,0.0005
0.03694260120391846,0.06,730,25367,25.825103759765625,25266,-28.62952047,34,15.38,1464,0.5531269311904907,0.29272931814193726,0.0005
0.037174299359321594,0.06,732,25420,26.604095458984375,25319,-28.570084750000007,34,15.27,1468,0.20717807114124298,0.6394059658050537,0.0005
0.03779572993516922,0.05,733,25482,25.902938842773438,25381,-28.74676777,34,15.31,1472,0.3483119010925293,-0.2368461787700653,0.0005
0.03721877560019493,0.06,735,25549,25.89824676513672,25448,-28.628696200000004,34,15.33,1476,0.20715992152690887,0.5259592533111572,0.0005
0.03682595118880272,0.07,737,25615,26.042747497558594,25514,-28.337905609999996,34,15.41,1480,0.4988822340965271,-0.1693200170993805,0.0005
0.03646964579820633,0.09,739,25695,26.807226181030273,25594,-28.105854549999993,34,15.53,1484,1.3059723377227783,-0.004031538963317871,0.0005
0.03589590638875961,0.08,741,25756,26.43749237060547,25655,-28.2570905,34,15.44,1488,0.3004673421382904,-0.03830845654010773,0.0005
0.03594750910997391,0.09,743,25825,25.599088668823242,25724,-28.06117972,34,15.54,1492,0.5641146898269653,0.9173463582992554,0.0005
0.036365069448947906,0.09,744,25889,26.9862003326416,25788,-27.92732707,34,15.57,1496,0.5548840165138245,-0.1840597689151764,0.0005
0.036376599222421646,0.09,746,25949,25.96889877319336,25848,-27.909901200000004,34,15.58,1500,1.482147455215454,0.1401049792766571,0.0005
0.036895330995321274,0.09,747,26003,26.907302856445312,25902,-27.78976958,34,15.62,1504,0.16889427602291107,-0.6888236999511719,0.0005
0.03606009855866432,0.11,749,26078,27.88255500793457,25977,-27.16889969,34,15.74,1508,0.20436406135559082,-0.7522070407867432,0.0005
0.036264535039663315,0.13,751,26140,26.035415649414062,26039,-26.81326833,34,15.76,1512,0.28323858976364136,0.32713741064071655,0.0005
0.036648478358983994,0.12,753,26196,25.96149253845215,26095,-27.102212030000004,34,15.8,1516,0.16569018363952637,-0.45879197120666504,0.0005
0.03696724399924278,0.13,754,26255,26.701400756835938,26154,-26.89303096,34,15.84,1520,0.15439946949481964,-0.955257773399353,0.0005
0.03719159588217735,0.13,756,26320,25.63148307800293,26219,-26.921028709999995,34,15.84,1524,0.29603490233421326,0.34673622250556946,0.0005
0.037226539105176926,0.13,757,26381,26.21750259399414,26280,-26.847024580000003,34,15.84,1528,0.5561321377754211,0.7705695629119873,0.0005
0.036923088133335114,0.13,759,26446,26.28243637084961,26345,-26.91134504,34,15.95,1532,0.1870916187763214,-0.6467808485031128,0.0005
0.03707283362746239,0.14,761,26513,26.28879165649414,26412,-26.723786060000002,34,15.95,1536,0.17519217729568481,-0.30229586362838745,0.0005
0.0370311476290226,0.14,762,26561,25.861854553222656,26460,-27.163118390000005,34,15.8,1540,0.27140867710113525,-0.219406858086586,0.0005
0.03677336871623993,0.14,764,26626,25.751256942749023,26525,-26.875637840000003,34,15.9,1544,0.34105661511421204,0.47417160868644714,0.0005
0.037652891129255295,0.14,766,26697,26.21886444091797,26596,-26.943056130000006,34,15.93,1548,0.16490939259529114,-0.6799629330635071,0.0005
0.037310224026441574,0.15,768,26754,26.68384552001953,26653,-26.996567070000005,34,15.76,1552,2.2479019165039062,0.1826321929693222,0.0005
0.037687767297029495,0.16,769,26823,25.864543914794922,26722,-26.550065240000002,34,15.96,1556,0.2627404034137726,0.4235711693763733,0.0005
0.037458501756191254,0.16,771,26893,25.423540115356445,26792,-26.39559801,34,16.01,1560,1.3337044715881348,-0.6380532383918762,0.0005
0.03754328563809395,0.17,773,26949,26.345836639404297,26848,-26.226924519999997,34,15.82,1564,1.4198068380355835,-0.35096627473831177,0.0005
0.038014620542526245,0.17,774,27007,25.86023712158203,26906,-26.249784249999998,34,15.87,1568,3.436605930328369,0.8046807050704956,0.0005
0.03840401768684387,0.17,776,27061,27.21847152709961,26960,-26.206451179999995,34,15.79,1572,0.3258763551712036,-0.04830971360206604,0.0005
0.03816909343004227,0.16,777,27116,26.51410675048828,27015,-26.370762440000004,34,15.67,1576,2.4366798400878906,-0.35669466853141785,0.0005
0.03765976056456566,0.15,779,27180,26.249282836914062,27079,-26.816936459999997,34,15.65,1580,2.233096122741699,-0.14138354361057281,0.0005
0.03766847774386406,0.13,781,27245,26.424312591552734,27144,-27.038978569999998,34,15.5,1584,0.24933430552482605,-1.3023765087127686,0.0005
0.03705191612243652,0.13,782,27293,25.9968318939209,27192,-27.332022570000007,34,15.37,1588,1.396891474723816,-0.2313671112060547,0.0005
0.03675953671336174,0.12,784,27358,26.421993255615234,27257,-27.64201954000001,34,15.33,1592,0.28307947516441345,-0.5477654933929443,0.0005
0.036483053117990494,0.12,786,27407,25.58618927001953,27306,-27.954798139999998,34,15.18,1596,1.7923784255981445,-0.3359385132789612,0.0005
0.036078713834285736,0.12,787,27467,25.970611572265625,27366,-27.972646639999997,34,15.18,1600,0.41633838415145874,0.002882249653339386,0.0005
0.035902053117752075,0.13,789,27522,25.782718658447266,27421,-27.904760999999997,34,15.19,1604,0.17483168840408325,-0.017885074019432068,0.0005
0.03572295978665352,0.12,791,27581,26.21101951599121,27480,-28.18139773,34,15.03,1608,1.1802301406860352,-0.8645647168159485,0.0005
0.03551507368683815,0.1,792,27638,25.82964324951172,27537,-28.38970758,34,14.98,1612,0.29332756996154785,0.6698732376098633,0.0005
0.035258736461400986,0.11,794,27698,26.501056671142578,27597,-28.020603530000002,34,15.02,1616,0.25341296195983887,-0.2527845501899719,0.0005
0.03572485223412514,0.11,795,27751,26.1119441986084,27650,-28.04883031,34,14.96,1620,0.12543779611587524,-0.15368016064167023,0.0005
0.03583788871765137,0.12,797,27805,26.46916389465332,27704,-28.021343460000004,34,14.85,1624,0.2976993918418884,0.8573154807090759,0.0005
0.03606358543038368,0.14,798,27871,26.646072387695312,27770,-27.562460140000006,34,14.9,1628,0.3490349054336548,0.1702936291694641,0.0005
0.036775026470422745,0.14,800,27930,26.437721252441406,27829,-27.474359470000003,34,14.84,1632,0.3451564908027649,-0.6284584403038025,0.0005
0.036155816167593,0.14,801,27989,26.08835792541504,27888,-27.556653750000006,34,14.76,1636,0.11611822247505188,0.22292295098304749,0.0005
0.03578583151102066,0.17,803,28054,25.90736961364746,27953,-26.420752870000005,34,14.93,1640,0.3304343819618225,0.36029160022735596,0.0005
0.03605346754193306,0.18,805,28127,25.946420669555664,28026,-26.096522380000007,34,15.01,1644,0.4633827209472656,-0.05949100852012634,0.0005
0.03625397011637688,0.17,806,28175,26.25067710876465,28074,-26.47173778,34,14.78,1648,2.097147226333618,0.22965498268604279,0.0005
0.03578495234251022,0.16,808,28244,25.746124267578125,28143,-26.404182519999996,34,14.9,1652,0.6769635677337646,0.8834935426712036,0.0005
0.035873688757419586,0.16,810,28321,25.672592163085938,28220,-26.309380210000004,34,14.98,1656,0.2619107961654663,0.5351890325546265,0.0005
0.0363704077899456,0.16,811,28384,25.81017303466797,28283,-26.5828056,34,14.91,1660,0.9083720445632935,0.5336524248123169,0.0005
0.03683428093791008,0.16,813,28445,25.815040588378906,28344,-26.65501001000001,34,14.96,1664,1.1067981719970703,-0.8539993762969971,0.0005
0.036985281854867935,0.17,815,28502,26.094276428222656,28401,-26.28650777,34,14.95,1668,0.4120684564113617,-0.03475674241781235,0.0005
0.03710547089576721,0.18,816,28561,24.71994400024414,28460,-25.968007840000006,34,15.0,1672,2.5069632530212402,0.10272032022476196,0.0005
0.03686611354351044,0.2,818,28636,25.26712417602539,28535,-25.37853906000001,34,15.2,1676,1.9524118900299072,0.9735000729560852,0.0005
0.03663919121026993,0.22,820,28697,26.778934478759766,28596,-24.901019839999993,34,15.17,1680,0.3134673833847046,0.40653344988822937,0.0005
0.03670545667409897,0.23,821,28749,26.699512481689453,28648,-25.120908089999997,34,15.04,1684,0.7977218627929688,-0.165871724486351,0.0005
0.036817766726017,0.24,823,28802,25.40969467163086,28701,-24.91024126,34,15.09,1688,0.5305864214897156,-0.8076927065849304,0.0005
0.03661365807056427,0.25,825,28865,26.415733337402344,28764,-24.645658649999994,34,15.07,1692,0.37536755204200745,0.24628517031669617,0.0005
0.03633227199316025,0.28,827,28938,26.148637771606445,28837,-23.829399849999994,34,15.31,1696,0.15101277828216553,-0.5826148986816406,0.0005
0.03630309924483299,0.28,828,28999,26.118505477905273,28898,-23.912905799999994,34,15.32,1700,1.0832734107971191,-0.8667404651641846,0.0005
0.03566863015294075,0.28,830,29050,26.220741271972656,28949,-23.791873969999997,34,15.28,1704,1.1361373662948608,-0.407102108001709,0.0005
0.035873766988515854,0.28,831,29103,25.928611755371094,29002,-23.943722789999992,34,15.22,1708,0.6104230880737305,0.6791256666183472,0.0005
0.036837417632341385,0.29,833,29166,25.730392456054688,29065,-23.727309539999997,34,15.28,1712,0.9722384810447693,-0.6084628105163574,0.0005
0.03704402223229408,0.29,835,29225,25.236616134643555,29124,-23.67081359,34,15.27,1716,1.7948062419891357,0.17685402929782867,0.0005
0.03705255314707756,0.29,837,29292,25.581832885742188,29191,-23.528668809999996,34,15.41,1720,0.9157661199569702,0.47803449630737305,0.0005
0.03739552944898605,0.3,838,29350,25.496505737304688,29249,-23.316122970000002,34,15.45,1724,0.45322296023368835,0.20374643802642822,0.0005
0.03750716894865036,0.28,840,29408,26.495948791503906,29307,-23.8364439,34,15.37,1728,1.126421332359314,0.9072263240814209,0.0005
0.03844593092799187,0.29,842,29467,26.24298858642578,29366,-23.552724360000003,34,15.37,1732,0.47129982709884644,0.45498520135879517,0.0005
0.03839760646224022,0.28,843,29516,26.228683471679688,29415,-24.013010590000004,34,15.27,1736,0.5594854354858398,0.7989920973777771,0.0005
0.038520924746990204,0.27,845,29582,26.548002243041992,29481,-24.406342839999997,34,15.28,1740,1.6491338014602661,0.2802225649356842,0.0005
0.03810131177306175,0.27,847,29642,25.20917510986328,29541,-24.389754980000003,34,15.15,1744,1.5288689136505127,-0.5201154947280884,0.0005
0.03790835663676262,0.28,848,29701,25.61041831970215,29600,-24.038392400000003,34,15.26,1748,0.3909611105918884,-0.4580252766609192,0.0005
0.038495924323797226,0.28,850,29754,25.76205062866211,29653,-24.148497539999997,34,15.1,1752,0.5703122615814209,0.8685193657875061,0.0005
0.03878428041934967,0.28,851,29809,24.95005989074707,29708,-24.480789510000005,34,14.88,1756,2.23026967048645,-0.12115359306335449,0.0005
0.039558038115501404,0.29,853,29869,25.479690551757812,29768,-24.046832449999997,34,14.85,1760,1.235648274421692,0.672104001045227,0.0005
0.039505839347839355,0.29,855,29939,25.684410095214844,29838,-24.118814420000003,35,14.94,1764,0.2888641357421875,-0.4652087390422821,0.0005
0.0395793579518795,0.29,869,30003,26.156076431274414,29902,-24.16727790000001,34,15.01,1768,3.524672031402588,0.9036462903022766,0.0005
0.03901077061891556,0.28,871,30080,26.285009384155273,29979,-24.273120900000002,34,15.19,1772,0.44187402725219727,-0.6388052105903625,0.0005
0.03875347226858139,0.27,872,30146,25.14596939086914,30045,-24.584362570000003,34,15.1,1776,1.3095470666885376,-0.12404733896255493,0.0005
0.03856194391846657,0.25,874,30203,25.410648345947266,30102,-25.02915964,34,15.06,1780,1.0549880266189575,-0.2941477298736572,0.0005
0.03899006545543671,0.24,875,30251,25.242950439453125,30150,-24.991415959999998,34,15.02,1784,2.139812469482422,0.6707057952880859,0.0005
0.03974318131804466,0.24,876,30320,24.291221618652344,30219,-24.73547708,34,15.18,1788,1.2883445024490356,0.9295046925544739,0.0005
0.03973625600337982,0.25,878,30392,24.563186645507812,30291,-24.37758094,34,15.27,1792,1.3781640529632568,0.6621263027191162,0.0005
0.04009076580405235,0.23,880,30458,25.90641212463379,30357,-24.95669083,34,15.2,1796,1.3849815130233765,-0.02871747314929962,0.0005
0.03894412890076637,0.23,882,30528,24.229141235351562,30427,-24.77834539,34,15.29,1800,1.570824384689331,0.025063946843147278,0.0005
0.03914427384734154,0.23,883,30590,24.613670349121094,30489,-24.643595549999997,34,15.4,1804,1.2681455612182617,0.010267689824104309,0.0005
0.039452970027923584,0.22,885,30658,25.379243850708008,30557,-24.83229163,34,15.55,1808,2.256314277648926,0.22069399058818817,0.0005
0.039897579699754715,0.23,887,30727,26.261280059814453,30626,-24.690202009999997,34,15.61,1812,1.360282301902771,0.08599697053432465,0.0005
0.03980443254113197,0.24,889,30792,24.967161178588867,30691,-24.65669084,34,15.67,1816,1.5251524448394775,-0.2977489233016968,0.0005
0.03938502073287964,0.24,891,30853,25.385337829589844,30752,-24.67708113,34,15.61,1820,1.062509536743164,-0.4939897060394287,0.0005
0.039383865892887115,0.24,892,30915,25.659685134887695,30814,-24.71080012,34,15.65,1824,0.8963000774383545,-1.0901944637298584,0.0005
0.039111703634262085,0.25,894,30978,24.108320236206055,30877,-24.40586222,34,15.7,1828,0.962480366230011,0.6569795608520508,0.0005
0.040015872567892075,0.24,896,31033,24.325349807739258,30932,-24.8692625,34,15.66,1832,0.40887513756752014,-0.5588693618774414,0.0005
0.039316773414611816,0.26,897,31089,24.451797485351562,30988,-24.224791700000004,34,15.73,1836,0.4650707542896271,0.9639211893081665,0.0005
0.03978137671947479,0.26,899,31160,24.61119842529297,31059,-24.257100349999995,34,15.78,1840,0.7670085430145264,0.7908267974853516,0.0005
0.039522912353277206,0.27,901,31230,24.827224731445312,31129,-24.20737616,34,15.88,1844,1.9958640336990356,0.8816686868667603,0.0005
0.03970339521765709,0.26,902,31286,24.56219482421875,31185,-24.52670327,34,15.85,1848,0.9992057085037231,-0.33533352613449097,0.0005
0.040409866720438004,0.27,904,31355,24.755504608154297,31254,-24.20907745,34,16.01,1852,0.7677632570266724,0.8161629438400269,0.0005
0.04057620093226433,0.27,906,31417,24.771591186523438,31316,-24.070164089999995,34,16.08,1856,1.5257505178451538,-0.1717531979084015,0.0005
0.04081582650542259,0.25,907,31467,25.025753021240234,31366,-24.907380739999994,34,15.98,1860,0.48469316959381104,0.7159467935562134,0.0005
0.04111452400684357,0.23,908,31524,24.694780349731445,31423,-25.540752240000003,34,15.85,1864,0.6593244075775146,-0.8968215584754944,0.0005
0.03972627967596054,0.24,910,31589,23.736541748046875,31488,-25.152719499999993,34,15.86,1868,2.863255262374878,-0.009595882147550583,0.0005
0.03971680998802185,0.26,911,31647,23.763124465942383,31546,-24.98659241,34,15.67,1872,2.1111574172973633,0.428483784198761,0.0005
0.04028481990098953,0.25,913,31697,24.515562057495117,31596,-25.50641437,34,15.51,1876,2.0331287384033203,0.1996980756521225,0.0005
0.040653131902217865,0.26,914,31755,25.20404815673828,31654,-25.226712239999998,34,15.52,1880,0.4246733486652374,0.5879236459732056,0.0005
0.0415445975959301,0.27,916,31823,24.873191833496094,31722,-25.024660369999996,34,15.72,1884,0.39030492305755615,0.6795977354049683,0.0005
0.04183559864759445,0.26,917,31881,25.154727935791016,31780,-25.49218865,34,15.61,1888,0.5666160583496094,-1.1075379848480225,0.0005
0.0416610948741436,0.25,919,31938,23.894357681274414,31837,-25.857168149999996,34,15.46,1892,1.2547402381896973,0.35672610998153687,0.0005
0.042456839233636856,0.25,920,32000,25.072486877441406,31899,-25.650175920000002,34,15.42,1896,0.8359231948852539,-0.7660953998565674,0.0005
0.042215846478939056,0.26,921,32066,25.17794418334961,31965,-25.50499956,34,15.38,1900,1.3935866355895996,-0.8384999632835388,0.0005
0.04163350909948349,0.25,923,32119,24.53914451599121,32018,-25.834267040000004,34,15.29,1904,0.21944838762283325,-0.4535021185874939,0.0005
0.04217185452580452,0.25,924,32179,24.508892059326172,32078,-25.771170399999995,34,15.21,1908,1.6663795709609985,-0.026568710803985596,0.0005
0.04211464524269104,0.24,926,32246,24.708084106445312,32145,-25.834852379999997,34,15.19,1912,1.0369184017181396,-0.18203768134117126,0.0005
0.041508033871650696,0.23,927,32306,24.117835998535156,32205,-26.09865142,34,15.14,1916,1.511153221130371,-0.35259050130844116,0.0005
0.04179198667407036,0.24,929,32366,25.81493377685547,32265,-25.776006970000008,34,15.13,1920,1.7535232305526733,-1.1375017166137695,0.0005
0.0401277057826519,0.22,930,32420,24.85890007019043,32319,-26.37772106,34,15.05,1924,0.5552271604537964,1.5177719593048096,0.0005
0.04112663120031357,0.22,932,32474,24.460681915283203,32373,-26.58320974,34,14.96,1928,1.7115974426269531,0.7447546720504761,0.0005
0.04104679450392723,0.23,933,32540,24.566577911376953,32439,-26.12552596,34,15.07,1932,0.5859375596046448,0.4375584125518799,0.0005
0.04160783067345619,0.22,935,32592,23.717456817626953,32491,-26.44705489,34,15.03,1936,0.6913471817970276,-0.40462854504585266,0.0005
0.04171611741185188,0.2,936,32651,24.231555938720703,32550,-26.93740716,34,14.91,1940,2.2307076454162598,0.18071311712265015,0.0005
0.041877444833517075,0.2,938,32718,25.000316619873047,32617,-26.964255279999996,34,14.88,1944,0.6514621376991272,-0.7627871036529541,0.0005
0.04171020910143852,0.21,940,32781,24.97245216369629,32680,-26.54767149,34,14.95,1948,0.5656692385673523,-0.1544785350561142,0.0005
0.04101458191871643,0.2,941,32830,24.645408630371094,32729,-27.09625832,34,14.75,1952,0.42624396085739136,1.0608773231506348,0.0005
0.04257119819521904,0.19,943,32899,25.756175994873047,32798,-27.24148201,34,14.82,1956,0.761805534362793,-0.020503640174865723,0.0005
0.042613960802555084,0.2,944,32962,24.351032257080078,32861,-26.56981117,34,14.95,1960,2.030592918395996,-0.5308065414428711,0.0005
0.04310551658272743,0.21,946,33029,24.671878814697266,32928,-26.09674773,34,15.05,1964,0.5679954290390015,-0.251220166683197,0.0005
0.04332256317138672,0.21,947,33088,24.444168090820312,32987,-26.258077269999998,34,14.99,1968,2.2885489463806152,0.00759163498878479,0.0005
0.04335198923945427,0.2,949,33145,25.357139587402344,33044,-26.418174209999997,34,14.98,1972,1.619093894958496,-0.44018685817718506,0.0005
0.042935069650411606,0.22,951,33224,25.534717559814453,33123,-25.577366409999996,34,15.27,1976,0.845007061958313,1.0086092948913574,0.0005
0.04348117113113403,0.23,953,33293,24.711139678955078,33192,-25.253657490000002,34,15.38,1980,1.0237629413604736,-0.3852790594100952,0.0005
0.04312632232904434,0.23,954,33358,24.146066665649414,33257,-25.26182359,34,15.35,1984,1.7395429611206055,0.02087421715259552,0.0005
0.043246783316135406,0.24,956,33431,24.0751953125,33330,-24.69519654,34,15.5,1988,2.3683595657348633,0.7132004499435425,0.0005
0.04400445893406868,0.25,958,33500,24.793704986572266,33399,-24.362629500000004,34,15.62,1992,1.5127525329589844,-0.969478189945221,0.0005
0.04385283589363098,0.25,959,33560,24.481338500976562,33459,-24.48262056,34,15.6,1996,1.0154463052749634,0.2007620632648468,0.0005
0.044187914580106735,0.26,961,33613,24.17173957824707,33512,-24.368281539999998,34,15.47,2000,1.4261054992675781,0.7439544200897217,0.0005
0.04409266263246536,0.27,963,33678,24.0516357421875,33577,-24.189688429999997,34,15.59,2004,1.5489250421524048,-0.18335141241550446,0.0005
0.04451720416545868,0.27,964,33742,24.242115020751953,33641,-24.3033667,34,15.63,2008,0.7122236490249634,-0.12185920029878616,0.0005
0.04457896575331688,0.29,966,33805,23.948986053466797,33704,-24.031431910000006,34,15.59,2012,0.8835412263870239,-0.2531314790248871,0.0005
0.04486026242375374,0.28,968,33871,24.848526000976562,33770,-24.29091015,34,15.65,2016,0.9512199759483337,-0.2783831059932709,0.0005
0.04575367644429207,0.27,969,33937,24.896377563476562,33836,-24.570092549999995,35,15.71,2020,0.5085647106170654,-0.9899367690086365,0.0005
0.044966209679841995,0.28,970,33993,25.49382781982422,33892,-24.025920819999993,35,15.73,2024,2.1466331481933594,0.8850731253623962,0.0005
0.044843290001153946,0.29,972,34051,24.21260643005371,33950,-23.599437029999994,35,15.77,2028,2.231863498687744,-0.23732995986938477,0.0005
0.04511341452598572,0.28,973,34104,23.179332733154297,34003,-24.024302069999997,35,15.64,2032,1.1363279819488525,0.14449778199195862,0.0005
0.04561007395386696,0.28,975,34174,24.587997436523438,34073,-23.655922869999998,35,15.82,2036,1.6920870542526245,-0.23012720048427582,0.0005
0.0454048253595829,0.28,977,34244,24.30587387084961,34143,-23.55079739,35,15.93,2040,0.7913572192192078,0.11827600747346878,0.0005
0.04513184353709221,0.26,978,34297,23.49074935913086,34196,-24.06704506,35,15.79,2044,1.0054903030395508,0.10817233473062515,0.0005
0.04458077251911163,0.27,979,34365,24.197595596313477,34264,-23.887076409999995,35,15.84,2048,1.8689593076705933,1.0360934734344482,0.0005
0.044446371495723724,0.28,980,34416,25.1630802154541,34315,-23.570962499999997,35,15.86,2052,0.8938145041465759,0.346296489238739,0.0005
0.0440816693007946,0.28,982,34472,23.98862075805664,34371,-23.741698269999993,35,15.73,2056,1.0889017581939697,0.43420320749282837,0.0005
0.04445024952292442,0.27,983,34533,24.52419662475586,34432,-24.0502746,35,15.71,2060,1.186458706855774,0.5298398733139038,0.0005
0.0447164885699749,0.26,985,34597,24.73452377319336,34496,-24.26125606,35,15.68,2064,1.14247727394104,1.0273370742797852,0.0005
0.04560612514615059,0.25,986,34648,23.202999114990234,34547,-24.702931160000002,35,15.6,2068,2.2434210777282715,-0.23213811218738556,0.0005
0.045551598072052,0.24,988,34700,25.390350341796875,34599,-25.05946087,35,15.55,2072,0.8711168766021729,0.483456552028656,0.0005
0.046179719269275665,0.23,989,34754,23.85818099975586,34653,-25.370188629999994,35,15.3,2076,1.849040150642395,-0.3762648403644562,0.0005
0.04520219564437866,0.22,991,34809,23.85089111328125,34708,-25.792103209999997,35,15.16,2080,1.6653454303741455,-0.6937347650527954,0.0005
0.04473349452018738,0.21,992,34874,24.459022521972656,34773,-25.932059179999996,35,15.16,2084,0.7667388916015625,0.8308368921279907,0.0005
0.04629983752965927,0.2,994,34937,24.2176456451416,34836,-26.287879410000002,35,15.06,2088,3.4647676944732666,-0.7405812740325928,0.0005
0.04690764471888542,0.19,995,34993,24.408939361572266,34892,-26.59597563,35,14.93,2092,0.7776322960853577,-0.1721336841583252,0.0005
0.04712521284818649,0.19,997,35070,29.145910263061523,34969,-26.387131169999993,35,15.1,2096,0.9945151805877686,-1.3578786849975586,0.0005
0.04765286669135094,0.17,999,35129,29.791709899902344,35028,-26.73170144,35,15.16,2100,4.5290327072143555,-0.14645317196846008,0.0005
0.04720038175582886,0.16,1001,35189,25.474864959716797,35088,-26.777860469999997,35,15.11,2104,1.2461018562316895,0.4257945120334625,0.0005
0.04598256200551987,0.18,1002,35257,24.914079666137695,35156,-26.09738781,35,15.15,2108,1.0339791774749756,-0.2829807996749878,0.0005
0.045588985085487366,0.16,1004,35330,24.311628341674805,35229,-26.520392159999997,35,15.25,2112,0.8040989637374878,0.05527675524353981,0.0005
0.04613523557782173,0.17,1006,35387,25.622241973876953,35286,-26.299106949999995,35,15.16,2116,0.7670990228652954,0.5785298347473145,0.0005
0.0461675189435482,0.17,1007,35443,22.393388748168945,35342,-26.540712279999994,35,15.06,2120,3.859480857849121,0.09408827126026154,0.0005
0.04599020257592201,0.16,1009,35501,25.546443939208984,35400,-26.910566479999996,35,15.08,2124,0.4532049000263214,0.44795215129852295,0.0005
0.04698304831981659,0.17,1011,35566,24.097713470458984,35465,-26.620882700000003,35,15.15,2128,0.7715739011764526,0.09888797253370285,0.0005
0.046935904771089554,0.19,1012,35621,24.762149810791016,35520,-26.11761143,35,15.17,2132,1.6761794090270996,-0.5408999919891357,0.0005
0.0465482659637928,0.19,1014,35686,24.399852752685547,35585,-26.2193275,35,15.12,2136,1.0035717487335205,0.12289577722549438,0.0005
0.046416111290454865,0.2,1016,35755,23.939769744873047,35654,-25.853805869999995,35,15.11,2140,1.8338210582733154,-0.267754465341568,0.0005
0.04625173658132553,0.21,1017,35819,25.068458557128906,35718,-25.57159221000001,35,15.22,2144,1.3257168531417847,1.2456640005111694,0.0005
0.046855904161930084,0.19,1019,35876,24.231693267822266,35775,-25.9542115,35,15.11,2148,2.7055270671844482,-0.689806342124939,0.0005
0.047195304185152054,0.2,1021,35941,25.137258529663086,35840,-25.517649719999998,35,15.25,2152,2.1037142276763916,-0.40365105867385864,0.0005
0.04674742370843887,0.23,1022,36000,23.783002853393555,35899,-24.687415889999997,35,15.28,2156,0.6243623495101929,-0.0915452241897583,0.0005
0.04701013118028641,0.24,1024,36058,24.652854919433594,35957,-24.59083452,35,15.25,2160,0.7378933429718018,-0.544654130935669,0.0005
0.047282107174396515,0.25,1025,36122,24.413440704345703,36021,-24.39697895,35,15.25,2164,1.1589441299438477,-0.6653779149055481,0.0005
0.04721638932824135,0.24,1027,36185,25.201549530029297,36084,-24.30202844,35,15.37,2168,2.5093798637390137,-0.09455662220716476,0.0005
0.046709612011909485,0.26,1029,36254,23.911617279052734,36153,-23.504381779999996,35,15.54,2172,1.6079182624816895,0.8643905520439148,0.0005
0.04624544829130173,0.26,1031,36322,23.961244583129883,36221,-23.621168890000003,35,15.68,2176,1.703984022140503,-0.406477689743042,0.0005
0.04558855667710304,0.25,1032,36377,24.351524353027344,36276,-23.831574509999996,35,15.68,2180,2.063178062438965,0.2805042862892151,0.0005
0.04587611183524132,0.25,1034,36428,23.851215362548828,36327,-24.22743652,35,15.54,2184,1.8642501831054688,0.7921498417854309,0.0005
0.046147365123033524,0.25,1035,36478,23.926101684570312,36377,-24.43501782,35,15.41,2188,1.8858000040054321,-0.2086554616689682,0.0005
0.04686225205659866,0.24,1037,36545,23.15907096862793,36444,-24.654242850000006,35,15.52,2192,1.3750367164611816,0.40250417590141296,0.0005
0.04638195037841797,0.25,1039,36606,25.324176788330078,36505,-24.521327950000003,35,15.36,2196,1.6063019037246704,0.5894239544868469,0.0005
0.04624399170279503,0.25,1040,36664,23.741195678710938,36563,-24.46097038,35,15.35,2200,3.9432809352874756,-0.12629276514053345,0.0005
0.04671483114361763,0.25,1042,36728,27.072738647460938,36627,-24.505902570000003,35,15.39,2204,1.6476774215698242,1.6197550296783447,0.0005
0.047505803406238556,0.25,1043,36788,24.07431983947754,36687,-24.585368319999997,35,15.31,2208,0.7919814586639404,-0.610812246799469,0.0005
0.04745304211974144,0.25,1045,36841,25.637245178222656,36740,-24.810557720000002,35,15.11,2212,1.7136750221252441,-0.5197938680648804,0.0005
0.047932855784893036,0.26,1046,36912,27.52259063720703,36811,-24.353936979999993,35,15.25,2216,2.4787721633911133,-0.5446445345878601,0.0005
0.04755140468478203,0.25,1048,36986,26.233383178710938,36885,-24.199380049999995,35,15.43,2220,0.566509485244751,0.760739803314209,0.0005
0.04774941876530647,0.25,1050,37039,25.276472091674805,36938,-24.298553750000007,35,15.38,2224,1.0518485307693481,0.1530267745256424,0.0005
0.047757867723703384,0.24,1051,37100,23.85310173034668,36999,-24.617917880000004,35,15.34,2228,0.3544888496398926,0.6791248321533203,0.0005
0.04869327321648598,0.24,1053,37160,22.698596954345703,37059,-24.547339339999997,35,15.39,2232,0.9469436407089233,0.37918829917907715,0.0005
0.049594637006521225,0.23,1054,37214,24.3782958984375,37113,-25.018742630000002,35,15.28,2236,2.9969282150268555,-0.5551698207855225,0.0005
0.049868207424879074,0.24,1056,37268,22.9250545501709,37167,-25.049792429999997,35,15.13,2240,1.1435085535049438,0.6581408977508545,0.0005
0.05014616250991821,0.24,1057,37326,25.18431854248047,37225,-25.115269540000003,35,15.07,2244,2.917043685913086,-1.165770411491394,0.0005
0.049932144582271576,0.25,1059,37383,24.006969451904297,37282,-25.106571140000007,35,15.07,2248,1.5655962228775024,0.24143867194652557,0.0005
0.04933515936136246,0.23,1060,37440,26.46748924255371,37339,-25.801511440000002,35,14.99,2252,1.3690056800842285,-1.3619989156723022,0.0005
0.047942694276571274,0.2,1062,37505,24.150772094726562,37404,-26.280641530000004,35,15.05,2256,1.2444653511047363,0.47233495116233826,0.0005
0.048085711896419525,0.21,1063,37559,24.20842170715332,37458,-26.095791259999995,35,15.01,2260,2.1834030151367188,0.37064021825790405,0.0005
0.04770795628428459,0.22,1064,37614,25.4710693359375,37513,-25.89442147,35,14.92,2264,0.8331291675567627,-0.3937716484069824,0.0005
0.048062052577733994,0.23,1066,37672,24.3212890625,37571,-25.847051850000003,35,14.87,2268,0.7336466908454895,-0.3565331995487213,0.0005
0.04805987700819969,0.21,1067,37726,24.449512481689453,37625,-26.64318747,35,14.72,2272,0.5547062158584595,-0.5928981304168701,0.0005
0.04805478826165199,0.2,1069,37774,24.025007247924805,37673,-27.07198051,35,14.52,2276,1.059401512145996,0.4353991448879242,0.0005
0.048589956015348434,0.2,1070,37834,23.61797332763672,37733,-27.038400120000002,35,14.57,2280,1.5201953649520874,0.9381512999534607,0.0005
0.04899486154317856,0.21,1072,37887,24.307476043701172,37786,-26.7333994,35,14.59,2284,0.9024673104286194,-0.35744500160217285,0.0005
0.04939272254705429,0.22,1073,37950,24.222103118896484,37849,-26.122211220000004,35,14.72,2288,2.1939635276794434,0.5077627301216125,0.0005
0.049458097666502,0.24,1075,38025,23.858154296875,37924,-25.510420090000004,35,14.8,2292,1.4558343887329102,-1.0810637474060059,0.0005
0.04916534200310707,0.22,1077,38086,25.429134368896484,37985,-26.032483150000004,35,14.8,2296,2.8436174392700195,-0.12975284457206726,0.0005
0.04934203624725342,0.22,1078,38140,24.85626983642578,38039,-26.15299883,35,14.76,2300,2.0134525299072266,-0.17945875227451324,0.0005
0.04906423017382622,0.23,1080,38216,23.491151809692383,38115,-25.850396999999997,35,14.88,2304,0.9101383686065674,-1.174912929534912,0.0005
0.049091387540102005,0.21,1082,38274,23.410202026367188,38173,-26.423105109999998,35,14.86,2308,2.4538135528564453,0.41030463576316833,0.0005
0.049948085099458694,0.21,1083,38336,24.35308837890625,38235,-26.27012567,35,14.95,2312,1.4473984241485596,-0.6301253437995911,0.0005
0.049735113978385925,0.19,1086,38411,24.261491775512695,38310,-26.808494649999997,35,14.99,2316,1.4162206649780273,-0.7168505191802979,0.0005
0.049381110817193985,0.21,1087,38477,22.89130973815918,38376,-26.559151530000005,35,14.91,2320,1.9441726207733154,0.3449421226978302,0.0005
0.0493505485355854,0.22,1089,38544,25.925800323486328,38443,-26.074042210000005,35,15.05,2324,0.8614904880523682,-0.10716716945171356,0.0005
0.049629680812358856,0.21,1091,38612,26.154308319091797,38511,-26.23035426,35,15.12,2328,0.47999605536460876,-0.5815575122833252,0.0005
0.048488762229681015,0.2,1093,38671,24.367185592651367,38570,-26.349365899999995,35,15.11,2332,0.3454177677631378,-0.2261686623096466,0.0005
0.04944649711251259,0.2,1094,38725,24.502025604248047,38624,-26.315702929999997,35,15.11,2336,0.98766028881073,0.03562484681606293,0.0005
0.04892345890402794,0.18,1096,38779,25.12091827392578,38678,-26.917562670000002,35,15.11,2340,1.5067977905273438,0.8557944297790527,0.0005
0.04973725974559784,0.18,1098,38836,24.04528045654297,38735,-26.916391670000003,35,15.1,2344,0.7422930002212524,-0.7673916816711426,0.0005
0.04972297325730324,0.18,1099,38896,24.415071487426758,38795,-26.70243862,35,15.13,2348,2.0587711334228516,0.36495792865753174,0.0005
0.049723438918590546,0.2,1101,38959,24.60210418701172,38858,-25.99336417,35,15.19,2352,0.8864710927009583,-0.23405593633651733,0.0005
0.04859782010316849,0.21,1103,39020,24.748336791992188,38919,-25.89887369000001,35,15.15,2356,1.7848680019378662,-0.21581441164016724,0.0005
0.04858110845088959,0.21,1104,39075,23.638168334960938,38974,-25.885905179999995,35,15.16,2360,1.8640564680099487,0.27805638313293457,0.0005
0.048977188766002655,0.22,1106,39135,25.297971725463867,39034,-25.66170701,35,15.21,2364,0.5714722871780396,-0.4270002841949463,0.0005
0.04819045960903168,0.22,1107,39197,22.392181396484375,39096,-25.53181524,35,15.25,2368,1.0389208793640137,0.8795793652534485,0.0005
0.04883355274796486,0.22,1109,39246,24.33917236328125,39145,-25.434354040000002,35,15.2,2372,0.6491995453834534,0.2621185779571533,0.0005
0.04876242205500603,0.23,1111,39314,23.008020401000977,39213,-24.835590040000003,35,15.4,2376,1.0919643640518188,0.02700483798980713,0.0005
0.048554740846157074,0.24,1113,39374,24.477161407470703,39273,-24.529065240000005,35,15.4,2380,0.9666064381599426,-0.07850983738899231,0.0005
0.04847881197929382,0.24,1115,39434,25.049619674682617,39333,-24.250194899999997,35,15.47,2384,1.3679709434509277,-1.1684463024139404,0.0005
0.047386880964040756,0.25,1116,39494,23.629657745361328,39393,-24.325909810000002,35,15.44,2388,0.7736762762069702,0.9613471031188965,0.0005
0.04801023006439209,0.24,1118,39550,24.205162048339844,39449,-24.72272877,35,15.25,2392,1.4009650945663452,-0.15248015522956848,0.0005
0.049068041145801544,0.24,1119,39606,23.000347137451172,39505,-24.849219259999998,35,15.2,2396,2.039513111114502,-0.267802894115448,0.0005
0.04903241619467735,0.25,1121,39670,23.746368408203125,39569,-24.48762155,35,15.3,2400,1.6612882614135742,1.2939202785491943,0.0005
0.04862464219331741,0.26,1123,39725,22.645809173583984,39624,-24.45748669,35,15.09,2404,1.1913461685180664,-1.10639488697052,0.0005
0.04802006110548973,0.28,1124,39788,25.204429626464844,39687,-23.91356119,35,15.14,2408,1.5738518238067627,-0.43653735518455505,0.0005
0.04816995561122894,0.29,1126,39846,23.840187072753906,39745,-23.610784640000002,35,15.1,2412,1.3292967081069946,-0.2072325348854065,0.0005
0.04812329262495041,0.32,1128,39905,22.883869171142578,39804,-22.9843064,35,14.94,2416,1.8264672756195068,0.29653486609458923,0.0005
0.04871772974729538,0.31,1129,39962,23.90589141845703,39861,-23.283772849999995,35,14.85,2420,2.3531970977783203,0.001856192946434021,0.0005
0.04802573099732399,0.32,1144,40021,24.502593994140625,39920,-23.077618899999997,34,14.77,2424,2.4127004146575928,0.3265819549560547,0.0005
0.047820355743169785,0.31,1145,40077,23.64156723022461,39976,-23.515962279999993,34,14.65,2428,1.7045528888702393,0.6202136874198914,0.0005
0.04808751121163368,0.31,1147,40138,23.611236572265625,40037,-23.660614539999997,34,14.67,2432,1.0535986423492432,-0.36900532245635986,0.0005
0.04757491126656532,0.33,1149,40206,24.80682945251465,40105,-22.935437229999998,34,14.81,2436,1.096247673034668,0.03090054541826248,0.0005
0.04787629842758179,0.35,1150,40263,23.313385009765625,40162,-22.20962858,34,14.84,2440,1.478163480758667,-0.341655969619751,0.0005
0.046793218702077866,0.34,1152,40323,22.663131713867188,40222,-22.401705630000002,34,14.87,2444,1.2660272121429443,-0.6024720668792725,0.0005
0.046618834137916565,0.35,1154,40386,23.205358505249023,40285,-22.378238510000003,34,14.9,2448,1.5620604753494263,-0.38620680570602417,0.0005
0.0463193915784359,0.35,1155,40444,24.106609344482422,40343,-22.49490722,34,14.85,2452,1.05712890625,-0.3464740216732025,0.0005
0.04595964401960373,0.35,1157,40509,22.0325927734375,40408,-22.663965409999996,34,14.89,2456,0.9907879829406738,-0.09090612828731537,0.0005
0.04585552215576172,0.34,1159,40577,25.84961700439453,40476,-22.73860843,34,15.02,2460,1.3917661905288696,0.3819082975387573,0.0005
0.046744879335165024,0.33,1161,40643,21.911184310913086,40542,-22.963761699999996,35,15.08,2464,2.218118190765381,0.9511929154396057,0.0005
0.04700968414545059,0.33,1163,40712,24.931663513183594,40611,-23.000541690000006,35,15.15,2468,2.179194450378418,0.24054229259490967,0.0005
0.047346316277980804,0.35,1165,40781,22.207509994506836,40680,-22.314051569999997,35,15.35,2472,1.2951242923736572,-0.3423461616039276,0.0005
0.046891599893569946,0.36,1166,40847,24.412214279174805,40746,-22.20498673,35,15.33,2476,1.8019442558288574,0.7627261877059937,0.0005
0.047392427921295166,0.37,1168,40904,20.826858520507812,40803,-22.0268043,35,15.3,2480,3.581963062286377,-0.010339111089706421,0.0005
0.04762645810842514,0.36,1169,40961,21.17377471923828,40860,-22.484158420000004,35,15.27,2484,1.1316649913787842,0.004874683916568756,0.0005
0.046375349164009094,0.37,1171,41028,22.658512115478516,40927,-22.03960638,35,15.34,2488,1.7195396423339844,0.41646087169647217,0.0005
0.04790499433875084,0.38,1173,41093,24.24203872680664,40992,-21.88080947,35,15.43,2492,2.0452053546905518,-0.6448587775230408,0.0005
0.047023676335811615,0.39,1175,41160,22.93343734741211,41059,-21.584746889999998,35,15.54,2496,1.5278633832931519,0.21150967478752136,0.0005
0.047488920390605927,0.39,1177,41227,22.840457916259766,41126,-21.759649059999997,35,15.57,2500,0.8964112997055054,-0.2714780569076538,0.0005
0.04719437286257744,0.39,1179,41288,22.98944091796875,41187,-21.81113109,35,15.63,2504,3.762031078338623,0.02488909661769867,0.0005
0.04739753529429436,0.39,1180,41351,24.940345764160156,41250,-21.97757696,35,15.63,2508,1.0560188293457031,0.1424739807844162,0.0005
0.046357497572898865,0.38,1182,41422,22.47620391845703,41321,-22.30718784,35,15.76,2512,1.716219186782837,-0.0408904105424881,0.0005
0.0465928353369236,0.37,1184,41483,21.714202880859375,41382,-22.394975750000004,35,15.78,2516,1.2673420906066895,0.2769336700439453,0.0005
0.04724325239658356,0.36,1186,41532,23.903377532958984,41431,-22.85260424,35,15.7,2520,0.7517951726913452,0.30570924282073975,0.0005
0.04794924706220627,0.35,1187,41590,22.507919311523438,41489,-23.029619759999996,35,15.69,2524,0.6661593914031982,0.03137145936489105,0.0005
0.047615114599466324,0.36,1189,41649,23.569461822509766,41548,-22.576289329999994,35,15.72,2528,1.8518680334091187,0.6569324731826782,0.0005
0.04760267585515976,0.35,1190,41708,22.58709716796875,41607,-22.87427694,35,15.7,2532,0.6554746627807617,-0.8469103574752808,0.0005
0.04693156108260155,0.34,1192,41772,24.09320831298828,41671,-23.226390530000003,35,15.66,2536,0.8600116968154907,0.3488031029701233,0.0005
0.04615341126918793,0.34,1194,41840,22.655323028564453,41739,-23.44486394,35,15.77,2540,0.8115023970603943,-0.5044702887535095,0.0005
0.04643461853265762,0.34,1196,41902,22.281949996948242,41801,-23.593065040000003,35,15.79,2544,0.7451267242431641,-0.15670347213745117,0.0005
0.04621510207653046,0.32,1198,41963,24.689889907836914,41862,-23.81224233,35,15.77,2548,2.132490873336792,0.31564831733703613,0.0005
0.04554647207260132,0.31,1199,42029,22.856725692749023,41928,-24.04384313,35,15.85,2552,1.2739136219024658,0.3341945707798004,0.0005
0.04569822922348976,0.32,1201,42090,24.17136001586914,41989,-23.67197894,35,15.81,2556,1.4895877838134766,0.385403037071228,0.0005
0.0459987036883831,0.33,1203,42156,23.16599464416504,42055,-23.6488546,35,15.79,2560,1.5842175483703613,0.5694074630737305,0.0005
0.04578293114900589,0.32,1204,42220,24.094881057739258,42119,-24.094016590000003,35,15.77,2564,0.9493029713630676,-0.29859474301338196,0.0005
0.04626328870654106,0.33,1206,42288,22.028976440429688,42187,-23.909967149999996,35,15.76,2568,1.3589286804199219,0.4775649905204773,0.0005
0.046799186617136,0.32,1208,42348,24.620086669921875,42247,-24.454598000000004,35,15.67,2572,0.6140567064285278,-0.43553033471107483,0.0005
0.046848688274621964,0.32,1210,42412,22.82805633544922,42311,-24.382079430000005,35,15.65,2576,1.4451112747192383,0.666490375995636,0.0005
0.047094956040382385,0.31,1211,42473,22.636959075927734,42372,-24.66312202,35,15.69,2580,1.4170360565185547,0.3477836847305298,0.0005
0.04711553081870079,0.33,1213,42537,23.770692825317383,42436,-24.00012892,35,15.76,2584,0.8815361261367798,-0.19604085385799408,0.0005
0.04815637320280075,0.31,1215,42591,22.96855926513672,42490,-24.778593259999997,35,15.63,2588,0.9847132563591003,-0.3411330580711365,0.0005
0.04736584797501564,0.3,1216,42648,23.15049934387207,42547,-24.94715152,35,15.55,2592,2.106550693511963,-0.08690908551216125,0.0005
0.04651512950658798,0.3,1219,42728,23.358203887939453,42627,-24.69710813,35,15.68,2596,1.0974136590957642,0.6233963966369629,0.0005
0.046264681965112686,0.31,1221,42794,22.89402198791504,42693,-24.28290829,35,15.67,2600,2.648212432861328,0.7350330948829651,0.0005
0.04760028049349785,0.3,1223,42856,23.52544403076172,42755,-24.281284420000002,35,15.68,2604,2.2675116062164307,-0.1370014250278473,0.0005
0.04742716625332832,0.28,1224,42910,21.843351364135742,42809,-24.865330949999997,35,15.59,2608,2.684189558029175,-0.22565913200378418,0.0005
0.04770781844854355,0.28,1226,42972,23.593219757080078,42871,-24.82334182,35,15.5,2612,2.3670594692230225,1.0218205451965332,0.0005
0.048359550535678864,0.27,1228,43040,22.3195858001709,42939,-24.99900519,35,15.57,2616,1.218201994895935,0.10998295247554779,0.0005
0.04825843498110771,0.27,1229,43101,21.90911865234375,43000,-24.77679525,35,15.69,2620,0.8707000613212585,0.18153788149356842,0.0005
0.048859722912311554,0.29,1231,43167,22.779909133911133,43066,-24.449434150000002,35,15.77,2624,2.3443832397460938,0.2216203510761261,0.0005
0.048810966312885284,0.29,1233,43233,22.583473205566406,43132,-24.48323245,35,15.84,2628,0.531765878200531,0.23173147439956665,0.0005
0.04855375364422798,0.3,1234,43292,22.590341567993164,43191,-24.165357310000005,35,15.84,2632,2.1575279235839844,-0.18552178144454956,0.0005
0.04879063367843628,0.31,1236,43356,22.293750762939453,43255,-23.860617169999998,35,15.84,2636,1.797842264175415,0.24015040695667267,0.0005
0.048064228147268295,0.3,1237,43410,23.568912506103516,43309,-23.96318459,35,15.7,2640,1.4852739572525024,-0.5298237800598145,0.0005
0.048574723303318024,0.32,1239,43476,22.702999114990234,43375,-23.19890592,35,15.74,2644,1.8587604761123657,0.5626721978187561,0.0005
0.0491098091006279,0.33,1241,43535,23.178485870361328,43434,-22.98498477,35,15.72,2648,1.437516689300537,-0.6365498304367065,0.0005
0.04875775799155235,0.33,1242,43600,21.61193084716797,43499,-22.792591010000006,35,15.71,2652,1.9995919466018677,1.1377438306808472,0.0005
0.04918309301137924,0.31,1244,43670,23.134803771972656,43569,-23.17808067,35,15.8,2656,1.953048586845398,0.7242711782455444,0.0005
0.05089450255036354,0.3,1246,43729,22.370431900024414,43628,-23.312286869999998,35,15.73,2660,0.6450749039649963,-0.19247455894947052,0.0005
0.05013095214962959,0.3,1248,43789,22.50257110595703,43688,-23.338706629999997,35,15.69,2664,2.6780261993408203,-0.5597250461578369,0.0005
0.05011144280433655,0.29,1249,43847,24.099506378173828,43746,-23.480231030000006,35,15.59,2668,0.9977023005485535,0.11732817441225052,0.0005
0.05035096034407616,0.28,1251,43905,25.63562774658203,43804,-23.674674730000003,35,15.57,2672,2.4865598678588867,-0.040691643953323364,0.0005
0.050412677228450775,0.27,1253,43965,22.287235260009766,43864,-23.96656406,35,15.53,2676,1.415677785873413,0.10586755722761154,0.0005
0.05033506825566292,0.27,1255,44034,22.15282440185547,43933,-24.07080805,35,15.61,2680,2.2938451766967773,-0.30929017066955566,0.0005
0.049779850989580154,0.26,1256,44092,24.511581420898438,43991,-24.53867014,35,15.55,2684,1.0834635496139526,-0.5828032493591309,0.0005
0.04877061769366264,0.26,1258,44157,22.347431182861328,44056,-24.418367220000004,35,15.66,2688,2.552433967590332,0.2319612056016922,0.0005
0.04874522611498833,0.26,1260,44217,22.596330642700195,44116,-24.526225519999997,35,15.69,2692,2.6264591217041016,-0.7161046266555786,0.0005
0.048636212944984436,0.26,1261,44284,22.243728637695312,44183,-24.71408021,35,15.56,2696,1.2490246295928955,0.4477679133415222,0.0005
0.0492711067199707,0.25,1263,44345,21.792993545532227,44244,-24.945447529999996,35,15.51,2700,2.134812831878662,0.6037681698799133,0.0005
0.05043865740299225,0.25,1265,44407,22.793895721435547,44306,-24.951908279999998,35,15.51,2704,1.1837046146392822,-0.20661407709121704,0.0005
0.04987127706408501,0.26,1266,44474,24.01289939880371,44373,-24.282479159999998,35,15.64,2708,0.7949118614196777,0.8209191560745239,0.0005
0.05020253732800484,0.25,1268,44524,23.18244743347168,44423,-24.63881657,35,15.52,2712,1.0427939891815186,0.561994194984436,0.0005
0.050222475081682205,0.27,1270,44591,23.441017150878906,44490,-24.22702378,35,15.51,2716,1.2098259925842285,0.24673524498939514,0.0005
0.05019741505384445,0.28,1271,44658,21.50710105895996,44557,-24.02467203,35,15.57,2720,0.8074712753295898,-0.5845898985862732,0.0005
0.04963207244873047,0.25,1273,44720,22.440580368041992,44619,-24.649771259999998,35,15.53,2724,1.866986870765686,0.21283592283725739,0.0005
0.05167379230260849,0.24,1275,44784,23.348445892333984,44683,-24.87332461,35,15.51,2728,1.2402982711791992,0.6855364441871643,0.0005
0.051993705332279205,0.25,1277,44840,22.702014923095703,44739,-24.693758270000004,35,15.48,2732,1.0711472034454346,-0.20459477603435516,0.0005
0.05150540545582771,0.25,1278,44903,22.94085121154785,44802,-24.739319799999997,35,15.47,2736,0.9270972013473511,0.21656081080436707,0.0005
0.05111058056354523,0.25,1280,44964,21.932022094726562,44863,-24.77145142,35,15.54,2740,2.3370566368103027,0.043682605028152466,0.0005
0.04992694407701492,0.24,1282,45019,23.934417724609375,44918,-25.300138890000003,35,15.43,2744,1.7965130805969238,-0.5895816087722778,0.0005
0.0501977764070034,0.23,1283,45077,23.394222259521484,44976,-25.635577329999997,35,15.42,2748,2.358309268951416,-0.10470561683177948,0.0005
0.05036089941859245,0.24,1285,45135,22.08803939819336,45034,-25.46977476,35,15.35,2752,2.177084445953369,-0.6675752401351929,0.0005
0.051688194274902344,0.25,1287,45198,23.654987335205078,45097,-25.451933649999997,35,15.28,2756,1.134701132774353,-0.4843594431877136,0.0005
0.0511024072766304,0.25,1289,45273,23.303226470947266,45172,-25.225768429999995,35,15.44,2760,0.5886136293411255,0.23860476911067963,0.0005
0.05047489330172539,0.25,1290,45331,22.36495590209961,45230,-24.919108119999997,35,15.42,2764,1.0963547229766846,0.4408169984817505,0.0005
0.05230477452278137,0.27,1292,45397,24.07871437072754,45296,-24.586561630000002,35,15.5,2768,0.7975890040397644,0.8621748089790344,0.0005
0.05202928185462952,0.27,1294,45454,22.86370086669922,45353,-24.61529318,35,15.49,2772,1.307870864868164,-0.022878214716911316,0.0005
0.05087808519601822,0.28,1295,45515,23.921146392822266,45414,-24.30275261,35,15.5,2776,2.4903385639190674,0.18886211514472961,0.0005
0.05024036392569542,0.28,1297,45582,23.64742660522461,45481,-24.203256869999997,35,15.48,2780,1.1766839027404785,-0.600948691368103,0.0005
0.0500970222055912,0.28,1299,45648,24.260318756103516,45547,-23.80073257,35,15.56,2784,2.103475570678711,-0.04459446668624878,0.0005
0.04939333349466324,0.28,1301,45728,24.13578987121582,45627,-23.818819100000006,35,15.71,2788,1.838810920715332,-0.05571650713682175,0.0005
0.048459164798259735,0.3,1303,45794,22.07884407043457,45693,-23.23515018,35,15.77,2792,1.3976671695709229,-0.17163696885108948,0.0005
0.04841464385390282,0.3,1305,45851,21.679227828979492,45750,-23.273791929999998,35,15.67,2796,1.9972575902938843,0.34346911311149597,0.0005
0.04826143756508827,0.3,1307,45912,21.833187103271484,45811,-23.48367015,35,15.67,2800,2.000413417816162,0.5730164051055908,0.0005
0.04822181537747383,0.31,1308,45968,22.591190338134766,45867,-23.442855009999995,35,15.61,2804,1.1532809734344482,0.4296136498451233,0.0005
0.048542432487010956,0.32,1310,46029,21.365514755249023,45928,-23.327314870000006,35,15.55,2808,1.1978092193603516,-0.3097357749938965,0.0005
0.048888176679611206,0.32,1311,46086,22.859291076660156,45985,-23.215872200000003,35,15.62,2812,2.1008574962615967,0.10987558960914612,0.0005
0.04911278560757637,0.3,1313,46148,22.828758239746094,46047,-23.620177979999998,35,15.57,2816,1.4022881984710693,-0.3459498882293701,0.0005
0.05001894757151604,0.3,1314,46207,21.728168487548828,46106,-23.468063049999998,35,15.49,2820,1.1653430461883545,0.012175917625427246,0.0005
0.04961187765002251,0.31,1316,46266,23.387508392333984,46165,-23.175051289999995,35,15.46,2824,1.3057812452316284,-0.13042396306991577,0.0005
0.050008226186037064,0.32,1318,46337,23.146867752075195,46236,-23.122972680000004,35,15.53,2828,1.9626691341400146,0.31184494495391846,0.0005
0.049494244158267975,0.32,1320,46401,22.233226776123047,46300,-22.986670129999997,35,15.61,2832,1.9857884645462036,-0.13802234828472137,0.0005
0.05021556466817856,0.3,1321,46460,21.210960388183594,46359,-23.481007109999997,35,15.57,2836,0.3431452810764313,0.20114845037460327,0.0005
0.050313979387283325,0.31,1323,46531,23.806671142578125,46430,-23.005205440000005,35,15.67,2840,3.9345130920410156,-0.3717750310897827,0.0005
0.05142847076058388,0.31,1325,46593,23.291831970214844,46492,-22.763565820000004,35,15.74,2844,1.2572343349456787,-0.012012690305709839,0.0005
0.05123923346400261,0.34,1327,46657,22.065044403076172,46556,-22.10986622,35,15.8,2848,0.5876873731613159,-0.09840074181556702,0.0005
0.05117706209421158,0.33,1329,46710,23.341590881347656,46609,-22.554028730000006,35,15.75,2852,2.0119359493255615,-0.05435866117477417,0.0005
0.051108717918395996,0.35,1331,46787,22.133819580078125,46686,-22.014814670000007,35,15.89,2856,2.270509719848633,-0.16031983494758606,0.0005
0.05082755535840988,0.34,1332,46843,21.34981346130371,46742,-22.44387123,35,15.7,2860,1.032834768295288,-0.5558434128761292,0.0005
0.05014768987894058,0.35,1334,46912,21.787473678588867,46811,-22.281871660000007,35,15.81,2864,1.1851892471313477,-0.0318572074174881,0.0005
0.04976095259189606,0.34,1336,46970,21.491291046142578,46869,-22.432956290000003,35,15.73,2868,1.3898746967315674,1.1026582717895508,0.0005
0.05043090507388115,0.35,1337,47031,24.178178787231445,46930,-22.066287720000002,35,15.77,2872,0.9243559241294861,0.384928435087204,0.0005
0.051545873284339905,0.34,1339,47084,24.14124870300293,46983,-22.542880640000003,35,15.69,2876,1.8794291019439697,0.4526447653770447,0.0005
0.05102131515741348,0.34,1340,47154,21.877456665039062,47053,-22.377730060000005,35,15.72,2880,1.409116506576538,0.12207312136888504,0.0005
0.05073536932468414,0.34,1342,47231,21.447498321533203,47130,-22.613132229999998,35,15.83,2884,3.2568511962890625,0.6594829559326172,0.0005
0.05080284923315048,0.35,1344,47310,21.898283004760742,47209,-22.343443429999997,35,15.82,2888,1.4088609218597412,-0.6492706537246704,0.0005
0.05126332864165306,0.32,1345,47364,24.224632263183594,47263,-23.125656539999994,35,15.7,2892,1.2001844644546509,0.24416117370128632,0.0005
0.05237613990902901,0.33,1347,47430,23.477203369140625,47329,-22.72554865,35,15.79,2896,2.556586742401123,0.19862353801727295,0.0005
0.05231468006968498,0.35,1348,47496,21.71459197998047,47395,-22.19924013,35,15.84,2900,2.21480655670166,-0.49862906336784363,0.0005
0.051086731255054474,0.35,1350,47557,21.742019653320312,47456,-22.0582665,35,15.89,2904,2.0799319744110107,0.7943359613418579,0.0005
0.051477108150720596,0.34,1351,47610,24.020374298095703,47509,-22.42426911,35,15.81,2908,3.139267683029175,-0.6725445985794067,0.0005
0.05103754624724388,0.35,1353,47668,23.455303192138672,47567,-22.34385889,35,15.82,2912,1.6736531257629395,-0.4703088402748108,0.0005
0.050953540951013565,0.34,1354,47729,22.49781036376953,47628,-22.8873189,35,15.81,2916,1.1265335083007812,0.05536148324608803,0.0005
0.050472475588321686,0.35,1356,47794,21.79244613647461,47693,-22.846688130000004,35,15.87,2920,1.6371681690216064,0.7355815172195435,0.0005
0.051011402159929276,0.37,1357,47859,21.66632843017578,47758,-22.51842171,35,15.93,2924,1.0693691968917847,-0.08828863501548767,0.0005
0.0509631410241127,0.36,1359,47922,22.263608932495117,47821,-22.356792,35,15.85,2928,0.9948709011077881,0.09029451012611389,0.0005
0.050849150866270065,0.36,1361,47992,21.637876510620117,47891,-22.40791231,35,15.91,2932,3.667835235595703,-0.25557270646095276,0.0005
0.0503256618976593,0.38,1362,48062,24.9762020111084,47961,-22.050974150000002,35,16.02,2936,2.097975254058838,-0.24168521165847778,0.0005
0.05150816589593887,0.37,1364,48112,21.663471221923828,48011,-22.394817020000005,35,15.81,2940,1.3352839946746826,-0.14451006054878235,0.0005
0.0517425462603569,0.38,1365,48176,22.6756591796875,48075,-22.365410589999996,35,15.83,2944,1.6405339241027832,-0.04114557057619095,0.0005
0.05108955502510071,0.36,1366,48228,23.15216064453125,48127,-22.966104189999996,35,15.71,2948,0.7833322882652283,0.221807599067688,0.0005
0.050047051161527634,0.36,1367,48292,22.091510772705078,48191,-22.875169439999993,35,15.82,2952,0.900879979133606,0.017577648162841797,0.0005
0.050815291702747345,0.33,1369,48351,23.14738655090332,48250,-23.45183792,35,15.64,2956,1.629185676574707,-0.15140876173973083,0.0005
0.05107501149177551,0.36,1370,48416,21.78000831604004,48315,-22.797517499999998,35,15.73,2960,0.711188793182373,-0.35712337493896484,0.0005
0.05175231769680977,0.36,1371,48474,23.181621551513672,48373,-22.878908950000003,35,15.62,2964,0.5826624631881714,0.6214533448219299,0.0005
0.051814284175634384,0.36,1373,48546,23.4022274017334,48445,-22.861567880000003,35,15.76,2968,0.7139489650726318,-0.1242188811302185,0.0005
0.05239949747920036,0.36,1374,48602,22.0352840423584,48501,-22.898625329999994,35,15.71,2972,2.2009105682373047,-0.16455961763858795,0.0005
0.05226365104317665,0.38,1376,48665,23.654315948486328,48564,-22.241552910000006,35,15.81,2976,1.3989347219467163,-0.4072396457195282,0.0005
0.052355095744132996,0.38,1378,48721,21.578521728515625,48620,-22.5391695,35,15.67,2980,1.7850534915924072,0.007988512516021729,0.0005
0.05277957022190094,0.38,1379,48785,21.294139862060547,48684,-22.399058800000002,35,15.54,2984,2.034362316131592,-0.29268789291381836,0.0005
0.05257152020931244,0.36,1381,48850,21.99834442138672,48749,-22.97005563,35,15.4,2988,1.6384365558624268,0.16716669499874115,0.0005
0.0527816079556942,0.37,1383,48926,21.845184326171875,48825,-22.521833079999997,35,15.62,2992,1.5030062198638916,-0.3247143626213074,0.0005
0.05324589088559151,0.37,1385,48984,22.635513305664062,48883,-22.729088199999996,35,15.54,2996,1.4396302700042725,-0.6016497611999512,0.0005
0.053381986916065216,0.35,1386,49058,22.97487449645996,48957,-23.05958104,35,15.62,3000,1.2381565570831299,-0.2615657448768616,0.0005
0.05129546672105789,0.34,1388,49126,21.57038688659668,49025,-23.523936,35,15.69,3004,1.3276900053024292,-0.7265750169754028,0.0005
0.05135304108262062,0.35,1390,49183,23.49498748779297,49082,-23.30876423,35,15.73,3008,1.2158889770507812,-0.14201810956001282,0.0005
0.0509394034743309,0.36,1391,49251,21.882280349731445,49150,-22.752334330000004,35,15.83,3012,0.7420978546142578,0.4322979748249054,0.0005
0.051423367112874985,0.38,1393,49315,20.909250259399414,49214,-22.11315439,35,15.86,3016,2.5905675888061523,0.2356988936662674,0.0005
0.05031333118677139,0.38,1395,49383,22.747116088867188,49282,-22.057270490000004,35,15.89,3020,0.5980390310287476,-0.08617991209030151,0.0005
0.0507955439388752,0.38,1396,49449,21.124277114868164,49348,-21.925897570000004,35,15.9,3024,0.8063069581985474,-0.5975165367126465,0.0005
0.04956277832388878,0.39,1398,49516,23.643842697143555,49415,-22.033354069999994,35,15.94,3028,0.8019270896911621,-0.00837000086903572,0.0005
0.050186142325401306,0.39,1400,49582,23.226951599121094,49481,-21.96338645,35,15.9,3032,1.8606785535812378,0.2200874388217926,0.0005
0.051400743424892426,0.39,1402,49655,21.67691421508789,49554,-21.936748079999997,35,15.93,3036,0.8450733423233032,0.04447641968727112,0.0005
0.05163288116455078,0.38,1404,49729,23.817373275756836,49628,-22.25756408,35,16.17,3040,2.125084638595581,-0.048724763095378876,0.0005
0.05043018236756325,0.37,1406,49807,23.81591033935547,49706,-22.287776299999997,35,16.31,3044,1.2300779819488525,-0.1323927640914917,0.0005
0.0491488054394722,0.37,1408,49870,22.829208374023438,49769,-22.298111329999998,35,16.42,3048,1.6035428047180176,0.5287139415740967,0.0005
0.04902660846710205,0.38,1410,49941,20.950382232666016,49840,-21.97432883,35,16.49,3052,1.7102822065353394,-0.14735431969165802,0.0005
0.049534428864717484,0.39,1425,50009,21.471046447753906,49908,-21.842387759999998,35,16.58,3056,0.8748327493667603,0.1482790857553482,0.0005
0.04921037703752518,0.39,1426,50074,20.109657287597656,49973,-21.83007822,35,16.58,3060,2.334625482559204,1.1006447076797485,0.0005
0.049296896904706955,0.39,1428,50138,19.440105438232422,50037,-21.58688622,35,16.64,3064,1.4072983264923096,0.16069325804710388,0.0005
0.04949846863746643,0.4,1430,50221,21.192853927612305,50120,-21.408493160000003,35,16.75,3068,2.0521559715270996,0.6546132564544678,0.0005
0.04975960776209831,0.42,1432,50279,22.317873001098633,50178,-20.893620659999996,35,16.77,3072,1.0314059257507324,-0.7492729425430298,0.0005
0.050020743161439896,0.41,1434,50340,23.935829162597656,50239,-21.068594239999992,35,16.75,3076,2.0621960163116455,-0.4841515123844147,0.0005
0.049967050552368164,0.41,1435,50408,21.623275756835938,50307,-21.022723140000004,35,16.87,3080,3.230893611907959,-0.4079529643058777,0.0005
0.051585350185632706,0.41,1437,50476,20.580551147460938,50375,-21.29644932,35,16.91,3084,0.6267297267913818,1.0375308990478516,0.0005
0.05297510325908661,0.42,1439,50536,23.050357818603516,50435,-21.12884285,35,16.86,3088,1.016271710395813,-0.0013838708400726318,0.0005
0.05330121889710426,0.44,1441,50602,21.19675064086914,50501,-20.784384739999997,35,16.76,3092,2.7228991985321045,-0.33496302366256714,0.0005
0.05376410856842995,0.42,1442,50662,22.055078506469727,50561,-21.107859859999998,35,16.78,3096,2.1955292224884033,-0.029687918722629547,0.0005
0.05361087992787361,0.42,1445,50736,20.047889709472656,50635,-21.387145309999998,35,16.78,3100,1.3720147609710693,1.1297633647918701,0.0005
0.054331112653017044,0.43,1447,50807,21.575448989868164,50706,-20.81963636,35,16.81,3104,1.668522834777832,0.5804727673530579,0.0005
0.05476192757487297,0.43,1448,50865,22.51845932006836,50764,-20.819344379999997,35,16.82,3108,1.893796443939209,-0.45958447456359863,0.0005
0.05447419360280037,0.42,1450,50930,21.135513305664062,50829,-21.17790149,35,16.79,3112,2.452967882156372,-0.3513314425945282,0.0005
0.05413162335753441,0.41,1452,50993,22.51773452758789,50892,-21.567621440000003,35,16.78,3116,0.697251558303833,-0.11809834837913513,0.0005
0.05439506471157074,0.41,1454,51071,22.283987045288086,50970,-21.395232570000008,35,16.88,3120,1.8436115980148315,0.3661276698112488,0.0005
0.05526251718401909,0.39,1455,51130,21.519878387451172,51029,-21.98678899,35,16.81,3124,0.5910279750823975,-0.13660207390785217,0.0005
0.055300042033195496,0.4,1457,51198,23.958160400390625,51097,-21.563462619999996,35,16.82,3128,2.483987808227539,0.29965490102767944,0.0005
0.055245641618967056,0.39,1459,51256,22.526290893554688,51155,-21.903041580000004,35,16.74,3132,1.2148308753967285,-0.20047977566719055,0.0005
0.05546098202466965,0.38,1461,51327,22.5214786529541,51226,-22.00557217,35,16.72,3136,1.261366367340088,0.15957418084144592,0.0005
0.056650061160326004,0.38,1463,51391,24.046140670776367,51290,-22.125925830000007,35,16.62,3140,3.188088893890381,-0.05817493051290512,0.0005
0.05622658506035805,0.37,1464,51453,22.180023193359375,51352,-22.620813569999996,35,16.46,3144,2.417787551879883,-0.9050886034965515,0.0005
0.05637777969241142,0.38,1466,51516,21.81155776977539,51415,-22.30979769,35,16.46,3148,1.095387578010559,0.48420655727386475,0.0005
0.05544672906398773,0.38,1468,51581,20.698577880859375,51480,-22.36182355,35,16.4,3152,2.0221996307373047,-0.08493619412183762,0.0005
0.05568397045135498,0.4,1470,51655,20.384483337402344,51554,-21.812578929999994,35,16.46,3156,1.2259615659713745,-0.3208116888999939,0.0005
0.05609215795993805,0.37,1471,51709,26.24642562866211,51608,-22.465362659999997,35,16.35,3160,1.827100157737732,0.017681941390037537,0.0005
0.05564045533537865,0.37,1473,51775,21.572071075439453,51674,-22.443615499999996,35,16.37,3164,2.2618818283081055,-0.39664047956466675,0.0005
0.05559953674674034,0.35,1474,51838,21.939044952392578,51737,-22.821507240000003,35,16.17,3168,2.5823159217834473,0.6649768352508545,0.0005
0.055043239146471024,0.35,1476,51910,22.410085678100586,51809,-22.749289900000004,35,16.31,3172,1.5290727615356445,0.6171140670776367,0.0005
0.05575024336576462,0.34,1478,51970,19.98468017578125,51869,-22.9540996,35,16.3,3176,0.9382581114768982,0.4833950698375702,0.0005
0.05635013431310654,0.34,1479,52027,21.611553192138672,51926,-22.888094029999994,35,16.19,3180,1.8078293800354004,1.3116896152496338,0.0005
0.05678758770227432,0.35,1481,52096,20.714963912963867,51995,-22.497136839999992,35,16.2,3184,1.596448540687561,-0.673825740814209,0.0005
0.05647293105721474,0.34,1482,52146,22.022640228271484,52045,-22.664627280000005,35,16.1,3188,1.5072218179702759,-0.3022153079509735,0.0005
0.055720917880535126,0.33,1484,52228,21.581127166748047,52127,-22.94622882,35,16.26,3192,2.3700480461120605,0.5355902314186096,0.0005
0.05588759109377861,0.34,1485,52290,22.226633071899414,52189,-22.848965780000007,35,16.28,3196,1.510730266571045,-0.16430829465389252,0.0005
0.05535764619708061,0.35,1487,52356,21.30218505859375,52255,-22.5474187,35,16.2,3200,0.8635656833648682,-0.11809271574020386,0.0005
0.05531933158636093,0.35,1489,52430,21.237516403198242,52329,-22.722278640000003,35,16.23,3204,0.7726770043373108,-0.6339982151985168,0.0005
0.05524295195937157,0.34,1490,52490,20.650426864624023,52389,-22.8929695,35,16.25,3208,2.54085636138916,0.6773452758789062,0.0005
0.05493775010108948,0.35,1492,52558,21.99980926513672,52457,-22.75585418,35,16.28,3212,0.7217111587524414,-0.661432683467865,0.0005
0.05458429455757141,0.35,1494,52641,24.024282455444336,52540,-22.749757239999997,35,16.48,3216,3.3937876224517822,-0.5171651244163513,0.0005
0.0556575208902359,0.35,1496,52709,20.26978302001953,52608,-22.91153413,35,16.38,3220,1.253983497619629,-1.0854586362838745,0.0005
0.05547952279448509,0.35,1498,52773,22.204421997070312,52672,-22.962179410000005,35,16.43,3224,2.9852447509765625,-0.02666858583688736,0.0005
0.05644852668046951,0.35,1499,52842,20.966100692749023,52741,-23.072964709999997,35,16.44,3228,0.7348139882087708,-0.6015971899032593,0.0005
0.054942961782217026,0.38,1501,52904,20.95392608642578,52803,-22.24723158,35,16.48,3232,1.5697929859161377,0.35827648639678955,0.0005
0.0545802116394043,0.38,1503,52968,21.948596954345703,52867,-22.402963449999998,35,16.41,3236,0.48110702633857727,-0.27858078479766846,0.0005
0.05300883948802948,0.4,1504,53023,22.416954040527344,52922,-21.867350160000004,35,16.32,3240,1.5108017921447754,-0.3196312487125397,0.0005
0.05229993537068367,0.41,1505,53084,21.830322265625,52983,-21.43964357,35,16.31,3244,1.8072370290756226,0.4984280467033386,0.0005
0.05191193148493767,0.42,1507,53145,20.902420043945312,53044,-21.097943660000002,35,16.29,3248,1.1359891891479492,0.049773018807172775,0.0005
0.05164191871881485,0.4,1508,53209,20.666906356811523,53108,-21.727927260000005,35,16.28,3252,1.5011988878250122,0.03342219069600105,0.0005
0.05226500704884529,0.39,1510,53280,21.758060455322266,53179,-22.131736810000003,35,16.25,3256,1.74531888961792,0.1465742588043213,0.0005
0.05210389941930771,0.4,1511,53338,22.312557220458984,53237,-22.05890329,35,16.29,3260,1.6509528160095215,0.09038244932889938,0.0005
0.051936615258455276,0.4,1513,53412,20.559764862060547,53311,-22.277512189999996,35,16.37,3264,0.970916211605072,0.48628491163253784,0.0005
0.051086485385894775,0.4,1515,53489,22.518217086791992,53388,-22.492940060000002,35,16.51,3268,2.2791075706481934,-0.808133602142334,0.0005
0.05104619637131691,0.39,1516,53550,21.093624114990234,53449,-22.942924370000004,35,16.4,3272,1.4348869323730469,0.4315386414527893,0.0005
0.05142466723918915,0.4,1518,53619,21.09732437133789,53518,-22.817124520000004,35,16.49,3276,1.4085705280303955,0.08138687908649445,0.0005
0.05205141752958298,0.41,1520,53682,20.229934692382812,53581,-22.553494510000004,35,16.55,3280,0.5706208944320679,-0.19677293300628662,0.0005
0.053094763308763504,0.42,1522,53762,22.388980865478516,53661,-22.364408039999997,35,16.66,3284,1.786926031112671,-0.048287004232406616,0.0005
0.05377447232604027,0.43,1523,53827,23.194345474243164,53726,-22.149577789999995,35,16.81,3288,1.9655230045318604,-0.47476306557655334,0.0005
0.053753335028886795,0.42,1525,53897,20.47737693786621,53796,-22.255244730000005,35,16.69,3292,2.7400472164154053,-0.18292221426963806,0.0005
0.05303753539919853,0.42,1527,53958,23.152870178222656,53857,-22.243994710000006,35,16.68,3296,2.2414932250976562,0.058835551142692566,0.0005
0.053449422121047974,0.4,1528,54033,20.79724884033203,53932,-22.534661219999993,35,16.77,3300,2.2167704105377197,-0.17866794764995575,0.0005
0.05439361557364464,0.39,1530,54103,22.383371353149414,54002,-22.85405973,35,16.73,3304,1.1868860721588135,-0.6322453022003174,0.0005
0.05331819877028465,0.41,1532,54174,20.77127456665039,54073,-22.334778119999992,35,16.84,3308,0.6173610687255859,0.36931365728378296,0.0005
0.053177233785390854,0.41,1534,54241,20.06829833984375,54140,-22.24286923,35,16.83,3312,1.9841259717941284,0.30875349044799805,0.0005
0.052839212119579315,0.42,1536,54301,21.748748779296875,54200,-22.018364749999996,35,16.6,3316,2.268705129623413,1.0772709846496582,0.0005
0.05264507234096527,0.41,1537,54356,19.969097137451172,54255,-22.250765190000006,35,16.47,3320,1.584614634513855,0.00319121778011322,0.0005
0.05245018005371094,0.43,1539,54420,21.012287139892578,54319,-21.73269424,35,16.47,3324,2.6690785884857178,-0.38722944259643555,0.0005
0.05218935385346413,0.43,1540,54490,20.724929809570312,54389,-21.751328590000007,35,16.48,3328,1.393847942352295,0.2859746813774109,0.0005
0.0529511533677578,0.4,1542,54551,21.489334106445312,54450,-22.590209099999996,35,16.47,3332,1.3460865020751953,-0.1274072527885437,0.0005
0.052800826728343964,0.4,1544,54622,22.755048751831055,54521,-22.435463,35,16.54,3336,0.9172013401985168,0.42452913522720337,0.0005
0.0532195083796978,0.41,1545,54682,21.01119613647461,54581,-22.106347239999995,35,16.59,3340,1.0482120513916016,0.09503243863582611,0.0005
0.05293085426092148,0.4,1547,54742,21.46782684326172,54641,-22.46778835,35,16.58,3344,1.9863824844360352,-0.18821176886558533,0.0005
0.05230635777115822,0.37,1549,54803,21.422382354736328,54702,-23.154533789999995,35,16.58,3348,1.4887458086013794,-0.12302662432193756,0.0005
0.0516112819314003,0.38,1550,54875,23.852676391601562,54774,-22.664724759999995,35,16.66,3352,2.0341498851776123,0.8649666905403137,0.0005
0.05395488068461418,0.37,1552,54948,20.912403106689453,54847,-22.94677692,35,16.68,3356,0.8415849208831787,0.232528954744339,0.0005
0.05379651486873627,0.37,1555,55027,21.99618148803711,54926,-22.83223211,35,16.89,3360,1.3749806880950928,-0.7444348335266113,0.0005
0.052589233964681625,0.36,1557,55097,20.68395233154297,54996,-22.971129140000002,35,16.85,3364,0.7713493704795837,-0.2655467391014099,0.0005
0.0520898662507534,0.37,1559,55183,19.7147159576416,55082,-22.566303650000005,35,16.94,3368,1.9504666328430176,-0.08050715923309326,0.0005
0.05100652575492859,0.37,1561,55248,20.733552932739258,55147,-22.37630926,35,16.98,3372,1.2516764402389526,-0.8916537761688232,0.0005
0.05012661591172218,0.38,1564,55324,20.495861053466797,55223,-22.06917899,35,17.05,3376,4.24785041809082,0.4383918046951294,0.0005
0.05110964551568031,0.39,1566,55399,20.040124893188477,55298,-21.73513106,35,17.17,3380,1.1616610288619995,-0.05063535273075104,0.0005
0.05142825096845627,0.39,1568,55469,20.63431167602539,55368,-21.609266119999997,35,17.07,3384,0.8198972344398499,-1.157069444656372,0.0005
0.052433501929044724,0.41,1570,55548,20.786930084228516,55447,-20.92736874,35,17.21,3388,1.9972981214523315,0.1367526352405548,0.0005
0.05302446335554123,0.42,1572,55623,22.030595779418945,55522,-20.75306016,35,17.26,3392,1.1044679880142212,0.04457809031009674,0.0005
0.05338599905371666,0.43,1574,55705,20.080280303955078,55604,-20.45186796,35,17.47,3396,0.8683527708053589,0.43721920251846313,0.0005
0.05402149260044098,0.44,1576,55766,22.113370895385742,55665,-20.3175104,35,17.33,3400,0.829179048538208,-0.6692440509796143,0.0005
0.05341421067714691,0.45,1577,55823,20.566997528076172,55722,-20.05966493,35,17.2,3404,1.398453712463379,0.007904797792434692,0.0005
0.053905658423900604,0.45,1579,55890,19.528732299804688,55789,-20.009091639999998,35,17.16,3408,1.2247799634933472,0.04685695469379425,0.0005
0.053061604499816895,0.44,1581,55962,20.515766143798828,55861,-20.20438064,35,17.21,3412,1.5959758758544922,0.4548289179801941,0.0005
0.05298270657658577,0.43,1583,56026,22.027484893798828,55925,-20.455569089999997,35,17.25,3416,1.4120149612426758,-0.04410599172115326,0.0005
0.05308378487825394,0.44,1584,56087,19.886688232421875,55986,-20.15023762,35,17.31,3420,1.2272069454193115,0.11236822605133057,0.0005
0.05276200920343399,0.41,1586,56153,18.776653289794922,56052,-20.78185693,35,17.33,3424,1.9395639896392822,-0.43549978733062744,0.0005
0.05228662118315697,0.4,1589,56235,21.557483673095703,56134,-20.85693901,35,17.45,3428,1.5330559015274048,-0.4490954279899597,0.0005
0.05288374051451683,0.41,1591,56298,20.54645538330078,56197,-20.518846579999998,35,17.47,3432,2.9952290058135986,-0.2969247102737427,0.0005
0.053415291011333466,0.43,1592,56362,21.343154907226562,56261,-19.982350609999997,35,17.4,3436,1.7382142543792725,0.4900491237640381,0.0005
0.053138308227062225,0.42,1594,56436,21.769351959228516,56335,-20.18437423,35,17.54,3440,1.8476059436798096,0.0691077709197998,0.0005
0.05333898961544037,0.43,1596,56497,19.661792755126953,56396,-19.9438073,35,17.55,3444,1.0189777612686157,-0.6152594089508057,0.0005
0.05342208221554756,0.46,1598,56567,19.90521240234375,56466,-19.15505376,35,17.64,3448,0.5774428844451904,-0.0616733580827713,0.0005
0.053104646503925323,0.47,1600,56632,21.363140106201172,56531,-18.90778118,35,17.57,3452,1.1990679502487183,0.01650746911764145,0.0005
0.0532502606511116,0.47,1602,56704,21.161739349365234,56603,-18.827596019999998,35,17.56,3456,3.2892308235168457,0.6242446899414062,0.0005
0.0522877536714077,0.48,1604,56766,21.772024154663086,56665,-18.499434469999997,35,17.39,3460,0.7725458741188049,-0.3636336326599121,0.0005
0.05156312882900238,0.5,1605,56835,20.795738220214844,56734,-18.139374869999997,35,17.38,3464,0.8570205569267273,0.12234115600585938,0.0005
0.05082531273365021,0.5,1607,56900,21.49261474609375,56799,-18.1989115,35,17.17,3468,1.261777400970459,-0.15599027276039124,0.0005
0.05133502557873726,0.52,1609,56965,22.822816848754883,56864,-17.70707797,35,17.17,3472,0.6285361051559448,0.12550735473632812,0.0005
0.051176562905311584,0.51,1611,57038,20.59134292602539,56937,-18.00414131,35,17.14,3476,1.5619275569915771,-0.8476400375366211,0.0005
0.05027691274881363,0.49,1613,57107,20.743988037109375,57006,-18.50292664,35,17.08,3480,1.1328245401382446,0.40578076243400574,0.0005
0.05047930032014847,0.49,1615,57181,21.480587005615234,57080,-18.6302045,35,17.12,3484,0.6773546934127808,-0.9765803813934326,0.0005
0.05002202093601227,0.49,1617,57240,20.13863182067871,57139,-18.54868633,35,16.92,3488,1.2862119674682617,-0.0036483481526374817,0.0005
0.05086098611354828,0.49,1619,57314,21.548410415649414,57213,-18.5227471,35,16.91,3492,1.3683836460113525,0.5756742358207703,0.0005
0.051282163709402084,0.48,1621,57372,18.669391632080078,57271,-18.92134768,35,16.67,3496,1.5545177459716797,-0.4222855269908905,0.0005
0.04980196803808212,0.49,1623,57431,21.042530059814453,57330,-18.73095168,35,16.65,3500,1.576699137687683,0.4116714596748352,0.0005
0.05025233328342438,0.49,1624,57487,21.409088134765625,57386,-18.74405859,35,16.64,3504,2.2436861991882324,0.233234703540802,0.0005
0.04963699355721474,0.48,1626,57562,21.48341941833496,57461,-19.08008836,35,16.72,3508,1.0342937707901,-0.03821687400341034,0.0005
0.04914477467536926,0.47,1628,57632,20.89415740966797,57531,-19.199830150000004,35,16.7,3512,2.865072727203369,-0.1686825305223465,0.0005
0.04889659211039543,0.48,1631,57710,20.15888786315918,57609,-18.728076650000002,35,16.84,3516,0.9289690256118774,-0.5497790575027466,0.0005
0.049771688878536224,0.47,1632,57774,20.23467254638672,57673,-18.954456930000003,35,16.87,3520,3.0366642475128174,0.6607711911201477,0.0005
0.05024421215057373,0.51,1634,57853,18.738826751708984,57752,-18.056820109999997,35,17.0,3524,1.2772445678710938,0.1454603374004364,0.0005
0.05039522796869278,0.54,1636,57928,19.634607315063477,57827,-17.509223409999997,35,16.93,3528,1.280993938446045,0.32411620020866394,0.0005
0.04990163818001747,0.55,1638,57996,20.222530364990234,57895,-17.38866702,35,16.98,3532,0.984038233757019,-0.5253673195838928,0.0005
0.05024416372179985,0.53,1640,58066,20.25696563720703,57965,-17.735171619999996,35,17.04,3536,1.9828404188156128,-0.6118387579917908,0.0005
0.04953423887491226,0.52,1642,58139,18.79393768310547,58038,-18.0905002,35,17.03,3540,1.4985735416412354,-0.06447236239910126,0.0005
0.04921935126185417,0.55,1644,58217,19.55715560913086,58116,-17.31558885,35,17.2,3544,1.6516578197479248,-0.16296006739139557,0.0005
0.04878843203186989,0.54,1646,58285,20.492935180664062,58184,-17.8198892,35,17.18,3548,3.109220027923584,-1.147621512413025,0.0005
0.04838009923696518,0.53,1648,58345,20.216089248657227,58244,-18.286979700000003,35,17.13,3552,0.9695988297462463,0.8178024888038635,0.0005
0.04836232587695122,0.54,1649,58404,19.49705696105957,58303,-18.10339164,35,17.0,3556,2.46311092376709,-0.19530774652957916,0.0005
0.04973101615905762,0.53,1651,58490,21.92210578918457,58389,-18.45444728,35,17.24,3560,2.4711132049560547,0.3800947666168213,0.0005
0.051077958196401596,0.51,1653,58559,20.679176330566406,58458,-18.96252167,35,17.24,3564,3.322360038757324,0.3530377447605133,0.0005
0.05369642376899719,0.52,1655,58629,21.308053970336914,58528,-18.758660310000003,35,17.29,3568,1.3700180053710938,-0.3046409785747528,0.0005
0.05390675365924835,0.51,1657,58698,21.595401763916016,58597,-18.976385790000002,35,17.33,3572,3.2826530933380127,-0.5042802691459656,0.0005
0.05364275723695755,0.5,1658,58765,20.277408599853516,58664,-19.2961372,35,17.27,3576,1.2550835609436035,-0.1363874077796936,0.0005
0.05342124029994011,0.51,1660,58829,19.337379455566406,58728,-18.92030319,35,17.22,3580,1.5246185064315796,0.8127321600914001,0.0005
0.05326494947075844,0.5,1662,58895,19.680397033691406,58794,-19.254015399999997,35,17.14,3584,0.6295939683914185,-0.030572600662708282,0.0005
0.05235961079597473,0.5,1663,58956,18.404537200927734,58855,-19.374588369999998,35,17.16,3588,2.520264148712158,-0.09626179933547974,0.0005
0.05208012834191322,0.49,1665,59044,18.07086944580078,58943,-19.50522639,35,17.3,3592,1.600856065750122,0.0022217221558094025,0.0005
0.05078602582216263,0.5,1667,59119,21.311019897460938,59018,-19.102798379999996,35,17.47,3596,0.940018355846405,0.08001609146595001,0.0005
0.050996799021959305,0.51,1670,59205,21.26824188232422,59104,-18.87737568,35,17.74,3600,1.308523178100586,-0.4707946479320526,0.0005
0.050616782158613205,0.52,1672,59270,20.529998779296875,59169,-18.46945019,35,17.83,3604,1.4574732780456543,-0.6115847826004028,0.0005
0.05063708499073982,0.5,1674,59341,26.197479248046875,59240,-18.9962237,35,17.79,3608,3.412473678588867,0.5784815549850464,0.0005
0.05261198803782463,0.5,1675,59400,19.39788246154785,59299,-19.274294939999997,35,17.68,3612,2.279400587081909,0.5875533819198608,0.0005
0.05473002791404724,0.5,1677,59468,18.616060256958008,59367,-19.290637259999997,35,17.58,3616,2.65432071685791,0.0656290203332901,0.0005
0.054720982909202576,0.5,1679,59529,23.994110107421875,59428,-19.485366180000003,35,17.55,3620,2.682567596435547,-1.0877621173858643,0.0005
0.05595487728714943,0.47,1681,59587,22.124771118164062,59486,-20.1027486,35,17.34,3624,2.188922166824341,1.0038487911224365,0.0005
0.05808631330728531,0.44,1683,59670,22.74622344970703,59569,-20.94555789,35,17.42,3628,1.56052565574646,0.5855298042297363,0.0005
0.05862325057387352,0.44,1685,59744,19.712303161621094,59643,-20.87121076,35,17.48,3632,2.8899948596954346,0.19866642355918884,0.0005
0.05854755640029907,0.44,1687,59817,20.461746215820312,59716,-21.099325450000002,35,17.51,3636,1.1358647346496582,-0.5997965335845947,0.0005
0.05814012885093689,0.45,1689,59896,21.914533615112305,59795,-20.77317559,35,17.57,3640,2.018085479736328,-0.09186054021120071,0.0005
0.05814792960882187,0.44,1691,59958,19.982757568359375,59857,-20.967185880000002,35,17.41,3644,2.1105732917785645,-0.6968889236450195,0.0005
0.05840373411774635,0.45,1706,60027,22.18189239501953,59926,-20.609817339999996,35,17.42,3648,1.7285069227218628,0.09887026250362396,0.0005
0.05880216136574745,0.47,1708,60098,18.988656997680664,59997,-19.871671180000003,35,17.53,3652,3.6343441009521484,0.35394901037216187,0.0005
0.0591898076236248,0.45,1711,60175,20.94965362548828,60074,-20.04741796,35,17.71,3656,2.681215286254883,-0.1786750704050064,0.0005
0.058774691075086594,0.45,1713,60254,19.97637939453125,60153,-19.800041369999995,35,17.64,3660,3.374358654022217,-0.10681092739105225,0.0005
0.058534882962703705,0.46,1715,60312,22.68428611755371,60211,-19.576517669999998,35,17.53,3664,1.1449018716812134,-0.4361807703971863,0.0005
0.058384548872709274,0.46,1717,60389,20.117652893066406,60288,-19.642184539999995,35,17.6,3668,2.1518173217773438,-0.4983627200126648,0.0005
0.05746569484472275,0.46,1719,60457,20.429733276367188,60356,-19.790149949999996,35,17.59,3672,1.2880513668060303,-0.9302631616592407,0.0005
0.05627315491437912,0.47,1720,60524,19.801998138427734,60423,-19.62788708,35,17.59,3676,1.9673463106155396,0.07341906428337097,0.0005
0.05575897917151451,0.46,1722,60587,19.756053924560547,60486,-20.07278957,35,17.58,3680,1.971716284751892,0.3726676106452942,0.0005
0.055560823529958725,0.45,1724,60656,21.710430145263672,60555,-20.189184750000003,35,17.61,3684,2.0410361289978027,0.5291520953178406,0.0005
0.05575212091207504,0.45,1726,60731,19.063674926757812,60630,-20.127480090000002,35,17.75,3688,2.7381367683410645,0.37559184432029724,0.0005
0.055408112704753876,0.45,1728,60807,20.712024688720703,60706,-20.10961067,35,17.63,3692,0.7977441549301147,0.02674606442451477,0.0005
0.0560893639922142,0.45,1730,60878,19.57365608215332,60777,-20.11672948,35,17.59,3696,1.7361741065979004,-0.25128990411758423,0.0005
0.0561155267059803,0.42,1732,60933,20.708911895751953,60832,-20.97992491,35,17.28,3700,1.2032132148742676,0.8279484510421753,0.0005
0.05592397600412369,0.41,1734,61009,18.51207160949707,60908,-21.254684539999992,35,17.39,3704,1.2754064798355103,-0.47244545817375183,0.0005
0.05530091002583504,0.43,1736,61083,20.469818115234375,60982,-20.589644329999995,35,17.42,3708,1.925072193145752,-0.7950549125671387,0.0005
0.0546332485973835,0.45,1738,61149,18.93132972717285,61048,-19.95167597,35,17.49,3712,2.814042091369629,0.791869580745697,0.0005
0.05447617918252945,0.44,1740,61219,19.147708892822266,61118,-20.31492196,35,17.51,3716,1.4019335508346558,-0.46879059076309204,0.0005
0.05270623415708542,0.44,1742,61293,19.156124114990234,61192,-20.23596329,35,17.64,3720,1.3715964555740356,0.3197880983352661,0.0005
0.05263800546526909,0.46,1744,61354,18.42268180847168,61253,-19.828254029999997,35,17.67,3724,1.3735439777374268,0.49371257424354553,0.0005
0.05236530676484108,0.48,1746,61428,20.421255111694336,61327,-19.144998900000004,35,17.58,3728,2.1331233978271484,0.6873451471328735,0.0005
0.053225379437208176,0.47,1748,61506,19.64072036743164,61405,-19.42559999,35,17.62,3732,2.2524356842041016,0.23993611335754395,0.0005
0.053119804710149765,0.48,1750,61572,18.18754005432129,61471,-19.160749910000003,35,17.55,3736,0.8180277943611145,-0.3127996623516083,0.0005
0.05276942998170853,0.47,1752,61635,18.652099609375,61534,-19.433877249999995,35,17.39,3740,1.1522715091705322,0.3031603693962097,0.0005
0.052674077451229095,0.46,1753,61700,19.30769157409668,61599,-19.78837631,35,17.42,3744,0.9944126605987549,-0.6941220760345459,0.0005
0.0520758219063282,0.46,1755,61766,20.199094772338867,61665,-19.7700586,35,17.39,3748,0.8832575082778931,0.1797722727060318,0.0005
0.05154355987906456,0.44,1757,61832,19.971023559570312,61731,-20.21175919,35,17.34,3752,1.2671780586242676,-0.10714562237262726,0.0005
0.051998648792505264,0.47,1759,61898,18.453296661376953,61797,-19.75254841,35,17.23,3756,0.6903520822525024,0.17405575513839722,0.0005
0.052281301468610764,0.47,1761,61969,19.26312828063965,61868,-19.889678569999997,35,17.15,3760,3.135277032852173,-0.05492940545082092,0.0005
0.0525052584707737,0.47,1763,62041,21.22771453857422,61940,-19.63646416,35,17.29,3764,2.9378867149353027,0.21466179192066193,0.0005
0.053374022245407104,0.46,1764,62110,19.301755905151367,62009,-19.74378766,35,17.21,3768,2.4804582595825195,0.18391019105911255,0.0005
0.05530166253447533,0.45,1766,62169,21.21589469909668,62068,-20.00928503,35,17.12,3772,1.053894281387329,-0.5369239449501038,0.0005
0.05515734478831291,0.46,1768,62231,19.068859100341797,62130,-19.60922197,35,17.07,3776,0.8019760847091675,0.1203809380531311,0.0005
0.05566706135869026,0.47,1769,62291,20.515308380126953,62190,-19.42428324,35,17.04,3780,1.3995897769927979,0.3688654899597168,0.0005
0.056019946932792664,0.49,1771,62363,18.59465789794922,62262,-18.845325869999996,35,17.07,3784,1.1330078840255737,0.05910521373152733,0.0005
0.055720001459121704,0.49,1773,62423,20.65170669555664,62322,-18.90372666,35,16.92,3788,1.4533472061157227,0.3723209500312805,0.0005
0.05409887433052063,0.51,1775,62503,18.992115020751953,62402,-18.53371738,35,16.96,3792,0.8492753505706787,0.110872782766819,0.0005
0.05420464277267456,0.51,1777,62568,18.469276428222656,62467,-18.564788019999998,35,16.9,3796,1.703495979309082,0.06211468577384949,0.0005
0.05378201976418495,0.52,1779,62633,18.914426803588867,62532,-18.193670909999998,35,17.0,3800,1.0630232095718384,-0.1310807168483734,0.0005
0.05276881530880928,0.53,1781,62704,18.455610275268555,62603,-17.897037960000002,35,16.95,3804,1.8405840396881104,0.12100279331207275,0.0005
0.05273069068789482,0.51,1783,62784,20.580345153808594,62683,-18.39803956,35,17.01,3808,0.9276299476623535,0.15529865026474,0.0005
0.05286984518170357,0.52,1785,62853,19.63889503479004,62752,-18.25093507,35,17.04,3812,1.037628173828125,-0.1711346060037613,0.0005
0.052616287022829056,0.53,1787,62922,18.22305679321289,62821,-17.981102260000004,35,17.03,3816,0.9068434238433838,-0.4611228108406067,0.0005
0.05209880694746971,0.55,1789,63003,18.478004455566406,62902,-17.5231717,35,17.1,3820,1.9112601280212402,0.46336275339126587,0.0005
0.05255383625626564,0.54,1791,63071,21.090442657470703,62970,-17.77987065,35,17.17,3824,0.6786810159683228,-1.1220201253890991,0.0005
0.052525594830513,0.52,1793,63138,20.712921142578125,63037,-18.21799803,35,17.1,3828,3.5493063926696777,0.5310912132263184,0.0005
0.05251244455575943,0.51,1795,63224,25.47724723815918,63123,-18.43283196,35,17.18,3832,1.6419458389282227,0.3058684468269348,0.0005
0.05408965423703194,0.51,1797,63287,21.856929779052734,63186,-18.576434940000002,35,17.15,3836,1.6933411359786987,0.8976820707321167,0.0005
0.055950142443180084,0.53,1799,63354,20.09211540222168,63253,-18.115989850000002,35,17.19,3840,0.8256019353866577,-0.6591353416442871,0.0005
0.05550778657197952,0.54,1801,63420,19.50318717956543,63319,-17.811285169999998,35,17.2,3844,3.1209568977355957,-0.224275141954422,0.0005
0.05566718056797981,0.54,1803,63494,22.634735107421875,63393,-17.766067709999998,35,17.28,3848,0.8035990595817566,0.3910772204399109,0.0005
0.054624043405056,0.54,1804,63563,18.55078887939453,63462,-17.969917479999996,35,17.31,3852,1.1436270475387573,0.058357253670692444,0.0005
0.05376151204109192,0.53,1806,63627,20.11205291748047,63526,-18.099225150000002,35,17.29,3856,1.4909460544586182,-0.1422826051712036,0.0005
0.05304020270705223,0.53,1808,63711,18.78506851196289,63610,-18.209403969999997,35,17.42,3860,1.5439866781234741,-0.47992467880249023,0.0005
0.051775816828012466,0.54,1810,63781,20.650588989257812,63680,-18.17313829,35,17.4,3864,0.9871667623519897,-0.8842173218727112,0.0005
0.050739314407110214,0.53,1812,63849,19.235015869140625,63748,-18.418841849999996,35,17.39,3868,1.1404626369476318,-0.03698965907096863,0.0005
0.05054735392332077,0.54,1814,63921,18.6750431060791,63820,-18.115595300000003,35,17.52,3872,0.5762398838996887,-0.3213833272457123,0.0005
0.04997367411851883,0.53,1816,63991,17.74155616760254,63890,-18.35052546,35,17.6,3876,2.155318260192871,0.30564725399017334,0.0005
0.04919884726405144,0.54,1817,64063,17.118772506713867,63962,-18.13356719,35,17.72,3880,1.0662649869918823,-0.902092456817627,0.0005
0.048873092979192734,0.54,1819,64133,19.39409637451172,64032,-18.12621494,35,17.7,3884,1.7891762256622314,-0.009351812303066254,0.0005
0.0499054379761219,0.54,1821,64204,18.989093780517578,64103,-18.21671552,35,17.81,3888,0.8111556172370911,0.4708171486854553,0.0005
0.050175487995147705,0.54,1823,64274,19.65936279296875,64173,-18.304019689999997,35,17.71,3892,1.083614706993103,-0.2579020857810974,0.0005
0.050623517483472824,0.53,1824,64340,18.06074333190918,64239,-18.55378133,35,17.72,3896,1.4138386249542236,-0.007145583629608154,0.0005
0.05062664672732353,0.54,1826,64407,20.15979766845703,64306,-18.33029995,35,17.74,3900,3.329716682434082,0.21717359125614166,0.0005
0.05164918303489685,0.53,1828,64487,19.345073699951172,64386,-18.56712169,35,17.83,3904,4.112676620483398,-0.44450610876083374,0.0005
0.05253715068101883,0.53,1830,64550,19.598817825317383,64449,-18.51826403,35,17.66,3908,1.1266900300979614,-0.4813082814216614,0.0005
0.05197928845882416,0.52,1832,64633,18.40249252319336,64532,-18.611836300000004,35,17.8,3912,1.292574405670166,-0.14376960694789886,0.0005
0.05201442539691925,0.53,1834,64705,19.64525604248047,64604,-18.4474673,35,17.83,3916,1.5345616340637207,0.040597476065158844,0.0005
0.05205593258142471,0.51,1836,64774,19.080970764160156,64673,-18.92295705,35,17.71,3920,1.1561647653579712,-0.09960572421550751,0.0005
0.05056166276335716,0.53,1838,64844,19.703208923339844,64743,-18.40317422,35,17.73,3924,1.4511232376098633,-0.3593485951423645,0.0005
0.050422392785549164,0.56,1840,64910,17.995500564575195,64809,-17.720802940000002,35,17.72,3928,0.921981930732727,-0.43011024594306946,0.0005
0.050606150180101395,0.56,1842,64981,18.551443099975586,64880,-17.69190066,35,17.57,3932,1.1099250316619873,0.7969744205474854,0.0005
0.05006984621286392,0.56,1843,65049,18.632701873779297,64948,-17.60054598,35,17.62,3936,0.8062068223953247,-0.9049700498580933,0.0005
0.04915078356862068,0.56,1845,65117,18.201522827148438,65016,-17.594411339999997,35,17.63,3940,0.6450890898704529,0.22063979506492615,0.0005
0.05026547610759735,0.55,1847,65184,21.770248413085938,65083,-17.57657942,35,17.64,3944,3.5655674934387207,-0.12033866345882416,0.0005
0.05023219808936119,0.55,1849,65249,16.788715362548828,65148,-17.543529579999998,35,17.55,3948,1.3730072975158691,0.5816609263420105,0.0005
0.050401825457811356,0.56,1850,65316,19.320575714111328,65215,-17.359628589999996,35,17.53,3952,2.3048667907714844,-0.01498463749885559,0.0005
0.04938790574669838,0.56,1852,65382,19.736114501953125,65281,-17.34790133,35,17.55,3956,0.6121529340744019,-0.6354713439941406,0.0005
0.04908950254321098,0.57,1854,65454,19.47684097290039,65353,-16.90047986,35,17.43,3960,1.4723466634750366,0.5369707345962524,0.0005
0.048167213797569275,0.57,1855,65521,19.742992401123047,65420,-16.834286180000003,35,17.4,3964,0.5817704796791077,0.15108376741409302,0.0005
0.04849686846137047,0.58,1857,65591,18.904315948486328,65490,-16.469276710000003,35,17.42,3968,3.331831216812134,0.2341337949037552,0.0005
0.04981674253940582,0.56,1859,65675,18.632980346679688,65574,-16.82054019,35,17.54,3972,1.814382791519165,-0.9388879537582397,0.0005
0.05046329274773598,0.55,1861,65736,19.187789916992188,65635,-17.11820363,35,17.45,3976,1.2525608539581299,0.07485166192054749,0.0005
0.05094768851995468,0.54,1863,65804,16.99461555480957,65703,-17.264428969999997,35,17.41,3980,1.0494136810302734,0.48866137862205505,0.0005
0.05208636075258255,0.53,1865,65887,18.742237091064453,65786,-17.70421772,35,17.54,3984,1.399070382118225,-0.5245429277420044,0.0005
0.05254757031798363,0.52,1867,65955,17.382640838623047,65854,-17.837621740000003,35,17.51,3988,0.9433282613754272,0.027780815958976746,0.0005
0.05274641141295433,0.5,1869,66022,20.31424903869629,65921,-18.137428250000003,35,17.48,3992,1.258776307106018,0.2005067765712738,0.0005
0.052544329315423965,0.5,1871,66097,19.45357894897461,65996,-17.883279639999998,35,17.57,3996,1.3837677240371704,0.44511064887046814,0.0005
0.05224340781569481,0.51,1873,66168,17.175647735595703,66067,-17.4229272,35,17.61,4000,0.7738133072853088,-0.4851667582988739,0.0005
0.05049886927008629,0.51,1875,66257,18.188858032226562,66156,-17.465278969999996,35,17.7,4004,1.6091110706329346,0.12687867879867554,0.0005
0.04974115267395973,0.54,1877,66337,17.474960327148438,66236,-16.98051358,35,17.87,4008,1.45706307888031,0.21877345442771912,0.0005
0.04905977100133896,0.54,1879,66409,19.77109146118164,66308,-17.12636036,35,17.76,4012,1.292467713356018,0.23845568299293518,0.0005
0.04883639141917229,0.54,1880,66478,16.405807495117188,66377,-17.10994349,35,17.73,4016,1.8226773738861084,0.3591535687446594,0.0005
0.04930545389652252,0.54,1882,66549,19.462825775146484,66448,-17.217642629999997,35,17.75,4020,2.4210000038146973,-0.11191785335540771,0.0005
0.0499572716653347,0.52,1884,66624,19.46906852722168,66523,-17.742862099999996,35,17.8,4024,0.5826337933540344,0.2985531687736511,0.0005
0.049668826162815094,0.5,1886,66695,17.176172256469727,66594,-18.271565109999997,35,17.85,4028,1.4901354312896729,-0.3547530472278595,0.0005
0.04970195144414902,0.51,1888,66770,18.080284118652344,66669,-18.04738168,35,17.89,4032,0.7127447724342346,-0.0018019676208496094,0.0005
0.04961054399609566,0.52,1889,66832,17.29297637939453,66731,-17.82233406,35,17.83,4036,1.1524395942687988,0.9098150730133057,0.0005
0.049543723464012146,0.52,1891,66903,19.400402069091797,66802,-17.72904436,35,17.86,4040,0.9212435483932495,-0.18004857003688812,0.0005
0.04896346107125282,0.52,1893,66984,18.164209365844727,66883,-18.019676020000002,35,18.0,4044,1.1625778675079346,-0.6810483932495117,0.0005
0.04860980436205864,0.53,1895,67058,17.733137130737305,66957,-17.829667649999998,35,18.09,4048,0.8244068622589111,-0.2610635459423065,0.0005
0.04839731380343437,0.53,1897,67128,18.601709365844727,67027,-17.729916490000004,35,18.12,4052,1.064988374710083,-1.1670252084732056,0.0005
0.04765702411532402,0.52,1899,67209,17.197725296020508,67108,-18.08472951,35,18.27,4056,2.472416400909424,-0.08409686386585236,0.0005
0.04744022339582443,0.53,1901,67273,20.59833526611328,67172,-18.006703299999998,35,18.19,4060,2.3896231651306152,0.07082410156726837,0.0005
0.04864238202571869,0.52,1903,67354,18.540891647338867,67253,-18.459924609999998,35,18.33,4064,2.1222119331359863,0.11238493025302887,0.0005
0.04770996794104576,0.53,1906,67451,18.684829711914062,67350,-18.50942475,35,18.6,4068,2.1178269386291504,1.925088882446289,0.0005
0.04959762841463089,0.54,1908,67534,18.15747833251953,67433,-18.288674249999996,35,18.59,4072,1.8458231687545776,0.2762022316455841,0.0005
0.049501679837703705,0.55,1910,67604,20.15103530883789,67503,-17.850704089999997,35,18.68,4076,0.561253547668457,-0.31690359115600586,0.0005
0.050046514719724655,0.55,1912,67689,19.204483032226562,67588,-17.96104665,35,18.85,4080,1.091266393661499,0.22939713299274445,0.0005
0.05090374872088432,0.56,1914,67769,18.723556518554688,67668,-17.591298629999997,35,18.82,4084,0.49490344524383545,-0.23220758140087128,0.0005
0.0500732958316803,0.56,1916,67830,18.057085037231445,67729,-17.69352384,35,18.75,4088,2.2854409217834473,-0.8385893106460571,0.0005
0.04991499334573746,0.56,1918,67911,18.112478256225586,67810,-17.938987469999997,35,18.89,4092,0.9117798805236816,0.40624716877937317,0.0005
0.04959525167942047,0.55,1920,67985,17.492328643798828,67884,-18.43539637,35,18.88,4096,0.7728641033172607,0.3332628905773163,0.0005
0.048719584941864014,0.54,1922,68047,17.129270553588867,67946,-18.57700413,35,18.79,4100,0.9534872770309448,0.26418352127075195,0.0005
0.04867090657353401,0.53,1923,68109,16.816898345947266,68008,-18.90110377,35,18.52,4104,0.9761101007461548,-0.09147840738296509,0.0005
0.04892607033252716,0.51,1925,68191,19.490324020385742,68090,-19.256013569999997,35,18.54,4108,1.2961636781692505,-0.3878985643386841,0.0005
0.04840310290455818,0.5,1927,68264,16.7082462310791,68163,-19.33794195,35,18.55,4112,1.0259910821914673,0.5789924263954163,0.0005
0.049256425350904465,0.47,1929,68341,18.945573806762695,68240,-19.97688668,35,18.63,4116,1.3217527866363525,-0.025383397936820984,0.0005
0.04858500882983208,0.47,1931,68408,22.456533432006836,68307,-19.87767534,35,18.59,4120,1.808654546737671,0.40332773327827454,0.0005
0.04973873123526573,0.48,1933,68474,18.247745513916016,68373,-19.660136640000005,35,18.5,4124,1.1705989837646484,-0.9286844730377197,0.0005
0.048910338431596756,0.47,1934,68543,17.565998077392578,68442,-19.89455602,35,18.48,4128,2.227001428604126,0.23839278519153595,0.0005
0.04916670545935631,0.48,1936,68622,17.761394500732422,68521,-19.68797934,35,18.52,4132,1.0039002895355225,-0.6427929401397705,0.0005
0.049367256462574005,0.47,1938,68687,19.062156677246094,68586,-19.75385053,35,18.55,4136,1.0187687873840332,-0.7697429656982422,0.0005
0.04858243465423584,0.48,1940,68754,17.677597045898438,68653,-19.52754985,35,18.51,4140,1.3591879606246948,0.16342350840568542,0.0005
0.048129890114068985,0.49,1942,68822,18.220481872558594,68721,-19.24408012,35,18.38,4144,1.3643975257873535,0.6892398595809937,0.0005
0.047440823167562485,0.47,1943,68895,19.024459838867188,68794,-19.72298508,35,18.37,4148,0.6634882688522339,-0.39728668332099915,0.0005
0.04793360084295273,0.46,1945,68965,19.492013931274414,68864,-19.916332750000002,35,18.37,4152,1.3688400983810425,0.3644459545612335,0.0005
0.04834664613008499,0.46,1947,69044,18.99590492248535,68943,-19.861930200000003,35,18.35,4156,1.4201531410217285,0.0940755307674408,0.0005
0.04922053962945938,0.44,1948,69107,19.016294479370117,69006,-20.36461814,35,18.34,4160,1.5816724300384521,-0.03882424533367157,0.0005
0.04848885536193848,0.45,1950,69174,17.204864501953125,69073,-19.99839938,35,18.2,4164,1.5310430526733398,0.11362859606742859,0.0005
0.048363953828811646,0.43,1952,69246,17.845130920410156,69145,-20.51355019,35,17.95,4168,1.1093149185180664,0.5005916357040405,0.0005
0.0482010655105114,0.43,1954,69315,20.088836669921875,69214,-20.69872776,35,17.81,4172,2.2525062561035156,-0.38366860151290894,0.0005
0.048225078731775284,0.42,1956,69384,17.32919692993164,69283,-21.298609510000002,35,17.8,4176,2.587310314178467,0.7967773079872131,0.0005
0.04802480340003967,0.43,1957,69454,17.90589141845703,69353,-20.986499749999997,35,17.65,4180,0.3021552860736847,-0.48997968435287476,0.0005
0.04815021529793739,0.42,1960,69544,18.102985382080078,69443,-21.300750209999997,35,17.75,4184,0.6724853515625,0.4775826036930084,0.0005
0.048505254089832306,0.43,1962,69625,18.674863815307617,69524,-21.048939370000003,35,17.95,4188,0.4963836073875427,-0.8756791949272156,0.0005
0.04836230352520943,0.44,1963,69695,16.753557205200195,69594,-20.68808133,35,17.84,4192,2.1473984718322754,-0.08371594548225403,0.0005
0.048511356115341187,0.44,1965,69769,21.146835327148438,69668,-20.67691024,35,17.84,4196,1.5805920362472534,0.3612838685512543,0.0005
0.049752797931432724,0.43,1967,69841,18.482959747314453,69740,-21.07085822,35,17.94,4200,1.2652101516723633,-0.18290425837039948,0.0005
0.04960906133055687,0.44,1968,69900,17.55928611755371,69799,-20.64508089,35,17.91,4204,1.9245808124542236,-0.20562922954559326,0.0005
0.04853909835219383,0.45,1970,69967,18.06972312927246,69866,-20.23417437,35,17.76,4208,0.8975008726119995,0.2921800911426544,0.0005
0.04783669114112854,0.46,1986,70036,18.483259201049805,69935,-20.16393981,35,17.72,4212,1.1471548080444336,0.32521238923072815,0.0005
0.04723014682531357,0.48,1988,70113,16.668155670166016,70012,-19.850484220000002,35,17.72,4216,0.8762500882148743,0.11643829941749573,0.0005
0.04692905768752098,0.49,1990,70188,18.94731903076172,70087,-19.546949199999997,35,17.8,4220,2.9043400287628174,0.17260149121284485,0.0005
0.0466020330786705,0.49,1992,70270,18.143043518066406,70169,-19.552769429999998,35,17.96,4224,1.5504446029663086,0.21361160278320312,0.0005
0.04563074931502342,0.5,1994,70337,18.10614585876465,70236,-19.27350014,35,17.94,4228,0.6618058681488037,-0.15034061670303345,0.0005
0.046221330761909485,0.5,1995,70397,17.387466430664062,70296,-19.26586118,35,17.75,4232,1.5435091257095337,-0.20172908902168274,0.0005
0.0454380065202713,0.51,1998,70486,17.70977020263672,70385,-19.361286820000004,35,17.99,4236,0.8213285803794861,0.5129249095916748,0.0005
0.045674484223127365,0.49,1999,70553,19.23940086364746,70452,-19.80769769,35,17.99,4240,1.8385074138641357,0.21070659160614014,0.0005
0.046624805778265,0.49,2001,70624,19.219329833984375,70523,-19.674223440000002,35,18.02,4244,1.6621947288513184,-0.1720426380634308,0.0005
0.04635463282465935,0.51,2003,70688,18.207263946533203,70587,-19.110885890000002,35,17.93,4248,1.9161485433578491,-0.33459749817848206,0.0005
0.046917397528886795,0.52,2005,70752,17.73846435546875,70651,-18.9680305,35,17.87,4252,0.6114307045936584,0.9676831960678101,0.0005
0.047618795186281204,0.53,2007,70820,18.018062591552734,70719,-18.539281799999998,35,17.76,4256,0.5333845615386963,0.01869805157184601,0.0005
0.045742616057395935,0.54,2009,70890,26.338714599609375,70789,-18.159227029999997,35,17.83,4260,2.1210577487945557,-0.7900505065917969,0.0005
0.04742036759853363,0.52,2011,70959,17.67454719543457,70858,-18.54814429,35,17.85,4264,3.160034418106079,1.5559567213058472,0.0005
0.04990563914179802,0.52,2013,71031,17.608257293701172,70930,-18.51363929,35,17.85,4268,1.631347894668579,0.3556032180786133,0.0005
0.0500505194067955,0.51,2014,71093,17.612842559814453,70992,-18.57810815,35,17.78,4272,0.7588185667991638,-0.18443208932876587,0.0005
0.0496247373521328,0.52,2016,71164,18.456459045410156,71063,-18.29204222,35,17.8,4276,1.083676815032959,0.04224659502506256,0.0005
0.049438294023275375,0.5,2018,71245,18.335628509521484,71144,-18.59986684,35,17.91,4280,0.8489727973937988,-0.32245874404907227,0.0005
0.04825497418642044,0.5,2020,71314,17.532886505126953,71213,-18.594511819999997,35,17.7,4284,0.8035067319869995,-0.2204941362142563,0.0005
0.047843195497989655,0.49,2022,71388,17.04934310913086,71287,-18.59877736,35,17.63,4288,0.9247958660125732,0.24123138189315796,0.0005
0.04708826169371605,0.48,2024,71459,18.44391441345215,71358,-18.912461880000002,35,17.64,4292,1.8873119354248047,0.18972477316856384,0.0005
0.046727921813726425,0.5,2026,71528,17.074947357177734,71427,-18.51865631,35,17.59,4296,2.1007862091064453,0.362293541431427,0.0005
0.04672079160809517,0.51,2028,71595,18.03778839111328,71494,-18.36770235,35,17.54,4300,0.6706324815750122,-0.015362679958343506,0.0005
0.047462623566389084,0.52,2029,71660,18.333511352539062,71559,-18.244087609999998,35,17.6,4304,1.1088908910751343,0.006014622747898102,0.0005
0.047341689467430115,0.51,2031,71724,18.871379852294922,71623,-18.60103038,35,17.57,4308,1.3093540668487549,0.1167013868689537,0.0005
0.04641904681921005,0.51,2033,71795,17.260208129882812,71694,-18.5589562,35,17.59,4312,0.7520835399627686,-0.14556846022605896,0.0005
0.04604519531130791,0.52,2035,71865,17.650081634521484,71764,-18.217691019999997,35,17.52,4316,1.0066657066345215,0.3774304986000061,0.0005
0.046346500515937805,0.54,2037,71935,17.312496185302734,71834,-17.67062267,35,17.47,4320,0.6486600041389465,0.9927724003791809,0.0005
0.045975811779499054,0.53,2039,72015,17.59009552001953,71914,-18.026490279999997,35,17.45,4324,1.3639202117919922,-0.4414590299129486,0.0005
0.04594780132174492,0.53,2042,72097,18.59537124633789,71996,-18.067279980000002,35,17.6,4328,3.514848470687866,0.28155362606048584,0.0005
0.04689004644751549,0.54,2044,72172,18.391170501708984,72071,-17.8291005,35,17.75,4332,2.334531784057617,0.6822078824043274,0.0005
0.04687362536787987,0.55,2046,72246,19.281307220458984,72145,-17.40963992,35,17.6,4336,0.6718775629997253,-0.18827514350414276,0.0005
0.04588722810149193,0.55,2048,72332,16.38739776611328,72231,-17.38816095,35,17.79,4340,1.863743543624878,0.52215975522995,0.0005
0.045816194266080856,0.55,2049,72398,17.79256248474121,72297,-17.346877850000002,35,17.74,4344,1.3094518184661865,-0.0534013956785202,0.0005
0.04668252542614937,0.54,2051,72462,16.22662925720215,72361,-17.521645730000003,35,17.74,4348,1.0284098386764526,-0.055262841284275055,0.0005
0.04633641242980957,0.54,2053,72526,17.05527114868164,72425,-17.38898457,35,17.74,4352,1.5572454929351807,0.27128225564956665,0.0005
0.04651419818401337,0.54,2055,72596,18.420570373535156,72495,-17.7042515,35,17.76,4356,1.2378681898117065,-0.9637045860290527,0.0005
0.045148130506277084,0.55,2056,72664,16.601457595825195,72563,-17.63900465,35,17.74,4360,1.784649133682251,-0.22390466928482056,0.0005
0.04620625823736191,0.58,2058,72739,18.63750457763672,72638,-16.966920830000003,35,17.8,4364,0.9120633602142334,0.14155296981334686,0.0005
0.04685497656464577,0.59,2061,72817,18.237211227416992,72716,-16.523894809999998,35,17.86,4368,2.3684606552124023,0.26889216899871826,0.0005
0.045993924140930176,0.58,2062,72888,16.741043090820312,72787,-16.80264913,35,17.95,4372,1.5473963022232056,-0.1704663336277008,0.0005
0.045499421656131744,0.58,2064,72953,20.08693504333496,72852,-16.58818718,35,17.89,4376,0.9867931604385376,-0.13793504238128662,0.0005
0.04599141329526901,0.6,2066,73023,17.561687469482422,72922,-16.156561970000002,35,17.78,4380,1.7323410511016846,-0.23373395204544067,0.0005
0.04565560445189476,0.61,2067,73087,17.92011833190918,72986,-15.869240940000003,35,17.73,4384,1.4903813600540161,-0.010790914297103882,0.0005
0.04589337855577469,0.6,2069,73164,19.026185989379883,73063,-16.225474930000004,35,17.76,4388,1.2746021747589111,-0.22078806161880493,0.0005
0.04616646468639374,0.6,2071,73251,17.58074951171875,73150,-16.115553050000003,35,17.92,4392,3.741631269454956,0.31521281599998474,0.0005
0.04647592082619667,0.59,2073,73338,17.610279083251953,73237,-16.252897469999997,35,18.1,4396,1.4027931690216064,-0.5616068840026855,0.0005
0.046133264899253845,0.57,2075,73411,17.478721618652344,73310,-16.4972173,35,18.16,4400,3.080822706222534,0.15742190182209015,0.0005
0.04784094914793968,0.56,2077,73489,19.985593795776367,73388,-16.633231639999998,35,18.29,4404,2.5642197132110596,0.4429034888744354,0.0005
0.04811699688434601,0.57,2079,73568,18.571170806884766,73467,-16.343770199999998,35,18.44,4408,0.6828888654708862,-0.6527155637741089,0.0005
0.04690109193325043,0.57,2082,73638,17.314556121826172,73537,-16.514773599999998,35,18.43,4412,0.674138069152832,0.17968100309371948,0.0005
0.04564166069030762,0.56,2084,73711,18.460163116455078,73610,-16.592374099999997,35,18.46,4416,1.2121946811676025,-0.9849822521209717,0.0005
0.0452156588435173,0.55,2086,73774,16.984935760498047,73673,-16.87909684,35,18.39,4420,1.881813883781433,0.4489213824272156,0.0005
0.044651586562395096,0.54,2087,73840,17.056299209594727,73739,-16.82734397,35,18.25,4424,0.5016294717788696,-0.26585888862609863,0.0005
0.044483356177806854,0.54,2090,73917,18.59634780883789,73816,-16.92732858,35,18.2,4428,1.0055394172668457,-0.0884077325463295,0.0005
0.04458705335855484,0.52,2092,74000,19.081661224365234,73899,-17.41958349,35,18.28,4432,1.6424139738082886,-0.7348282337188721,0.0005
0.044777289032936096,0.49,2094,74070,17.062088012695312,73969,-18.1273914,35,18.24,4436,1.482943058013916,0.5369372367858887,0.0005
0.04578036814928055,0.49,2095,74133,18.14029312133789,74032,-18.30971551,35,18.01,4440,2.068258762359619,0.33366858959198,0.0005
0.046319544315338135,0.49,2097,74202,16.426177978515625,74101,-18.51291494,35,18.04,4444,1.8170201778411865,-0.16440030932426453,0.0005
0.0454900823533535,0.49,2099,74277,17.10187530517578,74176,-18.76203515,35,18.15,4448,1.8803784847259521,0.04054276645183563,0.0005
0.045859623700380325,0.49,2101,74354,17.380151748657227,74253,-18.85949551,35,18.28,4452,1.18815279006958,-0.12816780805587769,0.0005
0.04621464014053345,0.49,2103,74419,17.0924072265625,74318,-18.80462827,35,18.23,4456,0.9911420941352844,-0.05535377562046051,0.0005
0.04529900476336479,0.5,2105,74494,16.665531158447266,74393,-18.51515268,35,18.3,4460,1.291344404220581,0.1443069875240326,0.0005
0.04399779438972473,0.49,2107,74578,15.9197359085083,74477,-18.85679078,35,18.39,4464,1.7641068696975708,0.001973956823348999,0.0005
0.043269187211990356,0.5,2109,74642,16.23162841796875,74541,-18.657887420000005,35,18.25,4468,1.2715293169021606,-0.27252519130706787,0.0005
0.042370039969682693,0.51,2111,74713,17.365272521972656,74612,-18.521212349999995,35,18.25,4472,0.7353612184524536,-0.4374183416366577,0.0005
0.041990697383880615,0.52,2113,74801,16.173564910888672,74700,-18.497525800000002,35,18.48,4476,2.8052279949188232,-0.1729736328125,0.0005
0.04159564524888992,0.52,2115,74867,17.48754119873047,74766,-18.64043819,35,18.44,4480,1.1505823135375977,0.13140663504600525,0.0005
0.041953083127737045,0.51,2117,74928,18.08364486694336,74827,-18.7231295,35,18.41,4484,0.7833713293075562,-0.683967649936676,0.0005
0.041557006537914276,0.52,2118,74992,18.56401252746582,74891,-18.60909792,35,18.28,4488,2.9106616973876953,-0.14330115914344788,0.0005
0.03961461782455444,0.53,2120,75066,18.054397583007812,74965,-18.2973651,35,18.15,4492,2.063473701477051,-0.8906760811805725,0.0005
0.03941182792186737,0.54,2122,75132,17.212154388427734,75031,-17.98677964,35,17.94,4496,0.7022069096565247,-0.189378023147583,0.0005
0.04050316661596298,0.56,2124,75205,17.457759857177734,75104,-17.576707910000003,35,17.94,4500,2.0984089374542236,0.024093061685562134,0.0005
0.04044739156961441,0.57,2126,75282,16.264957427978516,75181,-17.55878686,35,17.93,4504,1.1750214099884033,-0.12310957908630371,0.0005
0.04035686329007149,0.57,2128,75353,16.063373565673828,75252,-17.655638080000003,35,17.85,4508,1.1114327907562256,-0.22610574960708618,0.0005
0.0403297021985054,0.57,2130,75415,17.022842407226562,75314,-17.54123114,35,17.77,4512,2.369237184524536,0.6558894515037537,0.0005
0.039710815995931625,0.55,2132,75492,17.366069793701172,75391,-18.045495330000005,35,17.81,4516,2.242673397064209,0.015599727630615234,0.0005
0.0401899516582489,0.54,2134,75558,14.240629196166992,75457,-18.08734932,35,17.84,4520,4.126087665557861,0.24443258345127106,0.0005
0.04052690044045448,0.54,2136,75623,19.359169006347656,75522,-18.09840438,35,17.83,4524,1.965649962425232,0.08006037771701813,0.0005
0.041770096868276596,0.53,2138,75693,16.050457000732422,75592,-18.21681118,35,17.76,4528,1.879464030265808,0.7870230078697205,0.0005
0.04280940815806389,0.53,2140,75766,16.243961334228516,75665,-18.31281161,35,17.66,4532,1.448823094367981,0.8617645502090454,0.0005
0.04382089525461197,0.52,2142,75831,18.45136070251465,75730,-18.534315420000002,35,17.61,4536,1.8599908351898193,-0.6301007270812988,0.0005
0.04464727267622948,0.51,2144,75900,17.08587646484375,75799,-18.40899432,35,17.67,4540,1.64078688621521,0.6501534581184387,0.0005
0.044689349830150604,0.48,2146,75970,17.311969757080078,75869,-18.99491234,35,17.68,4544,1.0203204154968262,0.07356666028499603,0.0005
0.04541798308491707,0.45,2148,76042,18.52544403076172,75941,-19.40051184,35,17.65,4548,1.7038096189498901,-0.7451430559158325,0.0005
0.044917162507772446,0.45,2150,76106,17.251928329467773,76005,-19.417118979999998,35,17.52,4552,0.7519065141677856,-0.38365304470062256,0.0005
0.04448162019252777,0.45,2151,76169,18.80063247680664,76068,-19.43055157,35,17.5,4556,1.3380340337753296,-0.6124835014343262,0.0005
0.04339977726340294,0.43,2153,76238,17.788537979125977,76137,-19.864367790000003,35,17.44,4560,1.0802234411239624,0.3190479576587677,0.0005
0.042476098984479904,0.41,2156,76331,16.012908935546875,76230,-20.24337521,35,17.53,4564,0.8592796325683594,-0.20638665556907654,0.0005
0.04188653826713562,0.41,2158,76408,16.840097427368164,76307,-20.2120233,35,17.66,4568,1.4221715927124023,-0.18330669403076172,0.0005
0.04200935363769531,0.4,2160,76490,18.81299591064453,76389,-20.286497219999998,35,17.77,4572,1.2347426414489746,0.06988108158111572,0.0005
0.04316267743706703,0.38,2162,76556,17.192657470703125,76455,-20.61753044,35,17.55,4576,0.7725464105606079,-0.023661717772483826,0.0005
0.04362034052610397,0.37,2165,76634,15.496928215026855,76533,-20.96552878,35,17.67,4580,0.9306025505065918,0.6293267607688904,0.0005
0.04286981001496315,0.39,2167,76726,17.957822799682617,76625,-20.77087978,35,17.98,4584,1.6465880870819092,-0.431985080242157,0.0005
0.042770691215991974,0.4,2169,76789,17.942829132080078,76688,-20.437221740000002,35,17.97,4588,0.7830212116241455,-0.6363052725791931,0.0005
0.0428752601146698,0.41,2171,76867,16.812747955322266,76766,-20.39696413,35,18.01,4592,1.7138417959213257,0.33364376425743103,0.0005
0.043442800641059875,0.39,2173,76942,17.666194915771484,76841,-20.91907029,35,18.1,4596,1.6583468914031982,-0.35408538579940796,0.0005
0.04345228150486946,0.4,2176,77036,16.15802001953125,76935,-20.898811100000003,35,18.31,4600,0.9875501990318298,0.19292756915092468,0.0005
0.043927151709795,0.39,2178,77107,17.077674865722656,77006,-20.900637549999995,35,18.25,4604,2.540729284286499,0.5234524607658386,0.0005
0.045126497745513916,0.39,2180,77178,18.255985260009766,77077,-20.914657050000002,35,18.25,4608,0.8125896453857422,0.7286421060562134,0.0005
0.045521870255470276,0.38,2182,77258,17.778369903564453,77157,-21.083250059999997,35,18.43,4612,2.1422817707061768,1.3262356519699097,0.0005
0.04672286659479141,0.39,2184,77330,18.61114501953125,77229,-21.03899564,35,18.38,4616,0.6741911768913269,-0.32475247979164124,0.0005
0.046129897236824036,0.37,2186,77409,16.474262237548828,77308,-21.838303300000003,35,18.51,4620,1.1268906593322754,0.49102529883384705,0.0005
0.04628393426537514,0.37,2188,77485,18.526527404785156,77384,-21.851604509999998,35,18.62,4624,1.6060924530029297,-0.29179835319519043,0.0005
0.0454954169690609,0.37,2190,77550,17.561687469482422,77449,-22.06646679,35,18.57,4628,1.870720624923706,0.07813916355371475,0.0005
0.045845936983823776,0.36,2192,77618,16.345487594604492,77517,-22.024496730000006,35,18.52,4632,2.3705029487609863,0.23748913407325745,0.0005
0.045030783861875534,0.4,2194,77702,18.0509033203125,77601,-21.15191924,35,18.71,4636,0.554637610912323,-0.1314421147108078,0.0005
0.04498784616589546,0.41,2196,77771,17.707569122314453,77670,-21.293223570000006,35,18.71,4640,3.194769859313965,-0.29795894026756287,0.0005
0.04539645090699196,0.43,2198,77845,17.58304214477539,77744,-20.902881559999997,35,18.75,4644,1.697110891342163,-0.1033019870519638,0.0005
0.04694756492972374,0.46,2201,77931,18.350357055664062,77830,-20.467256210000002,35,18.89,4648,2.22747540473938,-0.3463420867919922,0.0005
0.046304553747177124,0.46,2203,78004,17.950054168701172,77903,-20.38161969,35,18.98,4652,1.5265734195709229,-0.10323157906532288,0.0005
0.046003300696611404,0.46,2205,78083,17.94345474243164,77982,-20.514214229999997,35,19.14,4656,1.7812299728393555,0.49631547927856445,0.0005
0.046098146587610245,0.46,2207,78161,17.76076889038086,78060,-20.40527334,35,19.23,4660,0.597508430480957,-0.7539328932762146,0.0005
0.04459774121642113,0.47,2209,78236,15.236230850219727,78135,-20.30755917,35,19.05,4664,1.1688649654388428,0.2857145667076111,0.0005
0.04537300020456314,0.47,2211,78320,18.075027465820312,78219,-20.352132870000002,35,19.12,4668,0.5600047707557678,-0.8178077936172485,0.0005
0.044900085777044296,0.49,2213,78386,17.692428588867188,78285,-19.890227149999998,35,18.96,4672,0.736595630645752,-0.5896376967430115,0.0005
0.043503280729055405,0.49,2214,78453,16.827659606933594,78352,-19.99409859,35,18.97,4676,1.6564524173736572,0.08672904968261719,0.0005
0.04388885572552681,0.48,2217,78533,17.01564598083496,78432,-20.08550215,35,18.99,4680,2.3026747703552246,0.37945982813835144,0.0005
0.04397820308804512,0.45,2219,78615,18.149738311767578,78514,-20.60333472,35,18.89,4684,2.7807915210723877,-0.3644729256629944,0.0005
0.04464191943407059,0.43,2221,78707,15.877114295959473,78606,-21.10867339,35,19.18,4688,1.6005332469940186,0.7181421518325806,0.0005
0.045616380870342255,0.44,2223,78775,16.649747848510742,78674,-20.744269480000003,35,19.08,4692,0.952565610408783,0.5781230926513672,0.0005
0.046666212379932404,0.45,2226,78866,17.88968276977539,78765,-20.561364509999997,35,19.24,4696,1.6661887168884277,-0.7058262825012207,0.0005
0.04500903561711311,0.43,2228,78946,17.906993865966797,78845,-21.024896259999995,35,19.1,4700,1.5966737270355225,0.8434142470359802,0.0005
0.045271892100572586,0.44,2230,79021,16.379287719726562,78920,-20.86163359,35,19.14,4704,1.8228942155838013,-0.1599120795726776,0.0005
0.044583726674318314,0.44,2232,79095,16.634544372558594,78994,-20.856337559999997,35,19.17,4708,1.3390231132507324,-0.4151223301887512,0.0005
0.044972993433475494,0.47,2234,79184,17.32795524597168,79083,-20.255358119999997,35,19.26,4712,1.187708854675293,0.25066816806793213,0.0005
0.04461607336997986,0.48,2236,79262,15.674089431762695,79161,-19.79243752,35,19.32,4716,2.1440751552581787,-0.09839864075183868,0.0005
0.04471801966428757,0.5,2239,79347,21.199798583984375,79246,-19.074330160000002,35,19.38,4720,2.622757911682129,-0.7808592915534973,0.0005
0.044001709669828415,0.51,2241,79426,16.99039077758789,79325,-18.9181432,35,19.41,4724,2.2377681732177734,0.2713865637779236,0.0005
0.04658922553062439,0.52,2243,79490,17.79117202758789,79389,-18.39460195,35,19.4,4728,1.0258724689483643,0.6678810119628906,0.0005
0.047643210738897324,0.53,2245,79564,17.843608856201172,79463,-18.16914499,35,19.46,4732,0.5062606334686279,-0.3710002601146698,0.0005
0.04783586040139198,0.52,2246,79633,17.65522575378418,79532,-18.29034658,35,19.31,4736,1.62381911277771,-0.5880727767944336,0.0005
0.047632500529289246,0.51,2248,79698,16.80160140991211,79597,-18.30543217,35,19.27,4740,1.8347203731536865,0.8255809545516968,0.0005
0.04581085219979286,0.51,2250,79775,17.7342529296875,79674,-18.21489585,35,19.3,4744,1.164987564086914,-0.14788806438446045,0.0005
0.046025604009628296,0.49,2252,79841,16.12752914428711,79740,-18.492305979999998,35,19.1,4748,1.3036282062530518,0.28627899289131165,0.0005
0.04648574814200401,0.49,2253,79903,16.412797927856445,79802,-18.47122238,35,18.99,4752,0.742364764213562,-0.3899252712726593,0.0005
0.046431928873062134,0.49,2255,79976,17.574100494384766,79875,-18.29469624,35,18.93,4756,1.8090004920959473,-0.14546537399291992,0.0005
0.047034405171871185,0.48,2271,80044,18.366920471191406,79943,-18.67473226,35,18.83,4760,0.6271987557411194,0.29651784896850586,0.0005
0.04754449054598808,0.49,2274,80127,16.769922256469727,80026,-18.25556271,35,18.91,4764,3.425812244415283,-0.09610868990421295,0.0005
0.04814177006483078,0.5,2276,80216,16.047731399536133,80115,-18.09569804,35,18.96,4768,1.6272128820419312,0.34653303027153015,0.0005
0.047571782022714615,0.51,2278,80294,17.928882598876953,80193,-18.03889156,35,19.08,4772,2.129260301589966,0.042563118040561676,0.0005
0.04845871403813362,0.53,2280,80365,16.316539764404297,80264,-17.484422110000004,35,19.12,4776,1.7878921031951904,0.5452255606651306,0.0005
0.0475689135491848,0.54,2282,80442,17.070556640625,80341,-17.220355379999997,35,19.09,4780,1.7007149457931519,-0.6808586120605469,0.0005
0.04753028601408005,0.54,2284,80513,17.348344802856445,80412,-17.35328208,35,18.98,4784,2.5595340728759766,0.6219640970230103,0.0005
0.04764961823821068,0.55,2286,80586,17.41162109375,80485,-16.96303953,35,18.79,4788,2.8107407093048096,-0.5894460082054138,0.0005
0.04655259847640991,0.54,2288,80660,17.188514709472656,80559,-17.28334938,35,18.85,4792,1.5137683153152466,-0.4866076707839966,0.0005
0.04635154828429222,0.55,2290,80742,16.100379943847656,80641,-16.920708689999998,35,18.76,4796,1.192834496498108,-1.0171284675598145,0.0005
0.04483741894364357,0.56,2292,80828,15.973666191101074,80727,-16.706713009999998,35,18.82,4800,0.4992145299911499,-0.4411829113960266,0.0005
0.04517335817217827,0.57,2295,80919,15.88221263885498,80818,-16.631201060000002,35,18.98,4804,1.5421231985092163,1.6083614826202393,0.0005
0.045821547508239746,0.58,2297,80990,18.530364990234375,80889,-16.320122389999998,35,18.95,4808,1.3532299995422363,-0.8661550283432007,0.0005
0.04447522386908531,0.58,2299,81062,16.813079833984375,80961,-16.18541456,35,18.78,4812,1.233985424041748,-0.32969987392425537,0.0005
0.04590455815196037,0.59,2300,81138,19.668933868408203,81037,-16.0447581,35,18.76,4816,1.833726167678833,0.33015671372413635,0.0005
0.046710554510354996,0.58,2302,81211,19.606733322143555,81110,-16.42008899,35,18.64,4820,1.7449973821640015,-0.8785771727561951,0.0005
0.04511930048465729,0.59,2304,81282,16.673770904541016,81181,-16.253502850000004,35,18.56,4824,2.243549108505249,0.0965871512889862,0.0005
0.04478078708052635,0.59,2306,81363,16.01641082763672,81262,-16.370023520000004,35,18.73,4828,0.7861416339874268,-0.5070245265960693,0.0005
0.044673629105091095,0.59,2308,81440,16.670902252197266,81339,-16.524069580000003,35,18.76,4832,0.5748432874679565,0.1002693697810173,0.0005
0.04410815238952637,0.59,2310,81510,15.771470069885254,81409,-16.475469670000003,35,18.77,4836,1.7677223682403564,-0.2599796950817108,0.0005
0.0440804623067379,0.61,2313,81593,19.030563354492188,81492,-16.073077079999997,35,18.95,4840,0.6460424661636353,-0.2456110715866089,0.0005
0.04253474622964859,0.61,2315,81683,16.19829559326172,81582,-16.096870280000005,35,19.08,4844,0.584631085395813,0.7229848504066467,0.0005
0.04174701124429703,0.62,2317,81758,16.529808044433594,81657,-16.023347179999995,35,19.17,4848,1.0375280380249023,-0.03358244150876999,0.0005
0.04227963462471962,0.61,2319,81827,18.158266067504883,81726,-16.29068279,35,19.24,4852,1.2573050260543823,0.30138853192329407,0.0005
0.04287407174706459,0.62,2321,81903,19.569833755493164,81802,-16.02925707,35,19.27,4856,1.8676701784133911,-0.4703293442726135,0.0005
0.043827395886182785,0.63,2323,81993,15.736665725708008,81892,-15.71341142,35,19.49,4860,0.9315488338470459,0.44611287117004395,0.0005
0.04551156237721443,0.61,2326,82082,17.490617752075195,81981,-16.196370459999997,35,19.55,4864,1.868499994277954,-0.13743194937705994,0.0005
0.046419840306043625,0.59,2327,82144,16.936283111572266,82043,-16.52754953,35,19.28,4868,2.6371586322784424,-0.11599692702293396,0.0005
0.0462116114795208,0.59,2329,82220,15.678850173950195,82119,-16.375664210000004,35,19.26,4872,3.6976120471954346,0.04262675344944,0.0005
0.046384021639823914,0.58,2331,82287,17.65779685974121,82186,-16.494321309999997,35,19.22,4876,2.129049301147461,-0.1776280552148819,0.0005
0.045815359801054,0.56,2333,82360,17.501516342163086,82259,-16.94650389,35,19.18,4880,1.1846321821212769,-0.017704695463180542,0.0005
0.04590778052806854,0.56,2335,82429,15.948089599609375,82328,-16.98516329,35,19.16,4884,1.791689395904541,-0.13600295782089233,0.0005
0.04564313217997551,0.58,2337,82497,17.52444839477539,82396,-16.61351397,35,19.11,4888,1.932098388671875,-0.18027129769325256,0.0005
0.04457313194870949,0.56,2339,82564,17.709278106689453,82463,-17.02324689,35,19.04,4892,1.1182646751403809,-0.2993703782558441,0.0005
0.04456459730863571,0.55,2340,82634,18.89647102355957,82533,-17.06833219,35,18.92,4896,1.296844720840454,-0.7295756340026855,0.0005
0.043516166508197784,0.56,2343,82717,18.19666290283203,82616,-16.820373030000003,35,18.89,4900,2.05564284324646,-0.7798851728439331,0.0005
0.042139120399951935,0.54,2345,82792,17.069902420043945,82691,-17.299142940000003,35,18.73,4904,1.0943068265914917,0.43448472023010254,0.0005
0.042357705533504486,0.54,2346,82857,15.679965019226074,82756,-17.37634781,35,18.67,4908,2.7536730766296387,-0.3156086802482605,0.0005
0.04231526330113411,0.52,2348,82934,17.463653564453125,82833,-17.76833597,35,18.72,4912,1.1842398643493652,-0.6422708034515381,0.0005
0.0419829823076725,0.52,2350,83008,15.85968017578125,82907,-17.85322768,35,18.7,4916,0.9043611884117126,0.5015831589698792,0.0005
0.04269171506166458,0.54,2352,83082,17.97226333618164,82981,-17.37107825,35,18.71,4920,1.4397250413894653,0.7302064895629883,0.0005
0.04339044168591499,0.54,2354,83167,15.438420295715332,83066,-17.40443047,35,18.85,4924,1.907444953918457,0.343977689743042,0.0005
0.04359057545661926,0.56,2356,83247,17.97120475769043,83146,-16.95264646,35,18.84,4928,1.5614748001098633,-0.17160257697105408,0.0005
0.04330013319849968,0.54,2357,83326,16.971946716308594,83225,-17.29775737,35,18.86,4932,2.875720977783203,0.3178258538246155,0.0005
0.0433586947619915,0.52,2359,83403,15.205255508422852,83302,-17.9582657,35,18.93,4936,1.2429277896881104,-0.25473371148109436,0.0005
0.04387255758047104,0.52,2362,83483,16.488136291503906,83382,-17.995806889999997,35,18.9,4940,0.888067901134491,0.46109992265701294,0.0005
0.043268803507089615,0.52,2363,83554,16.606979370117188,83453,-17.974436080000004,35,18.71,4944,0.5090343952178955,0.1689728945493698,0.0005
0.04452398791909218,0.53,2365,83632,17.983888626098633,83531,-17.768988999999998,35,18.74,4948,1.4174461364746094,0.12775060534477234,0.0005
0.04468517377972603,0.55,2367,83722,16.741182327270508,83621,-17.452468680000003,35,18.95,4952,2.6452364921569824,-0.33050891757011414,0.0005
0.04537247121334076,0.54,2369,83795,17.87574005126953,83694,-17.715503319999996,35,18.92,4956,1.5944972038269043,-0.8192029595375061,0.0005
0.04543687030673027,0.55,2371,83867,17.818647384643555,83766,-17.46467515,35,18.74,4960,0.9551828503608704,-0.8702391386032104,0.0005
0.0441737025976181,0.55,2373,83941,16.570030212402344,83840,-17.41063695,35,18.59,4964,2.317826271057129,0.059672363102436066,0.0005
0.04435582831501961,0.57,2374,84003,17.54587173461914,83902,-16.924539750000005,35,18.59,4968,0.8475023508071899,-0.6320918798446655,0.0005
0.04476473107933998,0.57,2376,84073,15.627376556396484,83972,-17.01203179,35,18.53,4972,0.7875875234603882,0.5961989164352417,0.0005
0.045311350375413895,0.57,2377,84142,16.375272750854492,84041,-17.02372309,35,18.55,4976,1.3127200603485107,0.786306619644165,0.0005
0.045632846653461456,0.61,2379,84217,15.770519256591797,84116,-16.08954144,35,18.57,4980,0.5395044088363647,-0.9159106612205505,0.0005
0.044624362140893936,0.64,2381,84298,16.44589614868164,84197,-15.3117073,35,18.69,4984,0.5311721563339233,-0.4668377637863159,0.0005
0.04406973347067833,0.63,2383,84380,17.166519165039062,84279,-15.59995193,35,18.83,4988,1.081059455871582,-0.4208183288574219,0.0005
0.043022915720939636,0.64,2385,84473,19.573291778564453,84372,-15.470285590000001,35,19.09,4992,6.447082042694092,0.4280891418457031,0.0005
0.04605872184038162,0.66,2387,84550,17.076282501220703,84449,-15.29556116,35,19.16,4996,1.25685453414917,0.12985162436962128,0.0005
0.04660895839333534,0.67,2389,84633,16.76889991760254,84532,-15.014817440000002,35,19.16,5000,1.8378266096115112,0.4194484353065491,0.0005
0.0467475987970829,0.66,2391,84710,16.25859832763672,84609,-15.210654589999997,35,19.18,5004,0.5583318471908569,-0.20063385367393494,0.0005
0.046706102788448334,0.64,2393,84785,15.170084953308105,84684,-15.731793999999997,35,19.28,5008,0.8502104878425598,-0.45449531078338623,0.0005
0.04555074870586395,0.64,2395,84860,17.137439727783203,84759,-15.769511690000002,35,19.26,5012,0.8573312163352966,-0.7045252323150635,0.0005
0.04404846951365471,0.63,2397,84936,16.554691314697266,84835,-15.84756108,35,19.28,5016,0.8282730579376221,-0.5038061141967773,0.0005
0.04452309384942055,0.62,2399,85010,16.33845329284668,84909,-15.997561269999999,35,19.28,5020,1.0532585382461548,-0.049912989139556885,0.0005
0.044067852199077606,0.6,2400,85088,16.758235931396484,84987,-16.32891988,35,19.21,5024,1.6042048931121826,-0.9303098320960999,0.0005
0.04422380030155182,0.58,2402,85158,17.617773056030273,85057,-16.835066330000004,35,19.11,5028,0.9246773719787598,0.6739686727523804,0.0005
0.044903747737407684,0.61,2404,85223,16.70601463317871,85122,-16.2119312,35,18.97,5032,1.862962245941162,0.7415180206298828,0.0005
0.04496633633971214,0.63,2406,85298,16.132179260253906,85197,-15.705499179999999,35,18.95,5036,2.8716044425964355,-0.17391914129257202,0.0005
0.04498879984021187,0.62,2408,85369,15.66295337677002,85268,-15.949894930000001,35,18.86,5040,1.5043224096298218,0.22434565424919128,0.0005
0.04408225789666176,0.64,2410,85451,16.029924392700195,85350,-15.562792899999998,35,18.97,5044,0.5182809233665466,0.23762403428554535,0.0005
0.04534847289323807,0.64,2412,85534,15.825825691223145,85433,-15.507933459999999,35,19.02,5048,2.405818223953247,0.019448257982730865,0.0005
0.044433243572711945,0.64,2414,85622,15.932239532470703,85521,-15.3577735,35,19.0,5052,1.3186933994293213,-0.3630775213241577,0.0005
0.04418538510799408,0.63,2416,85715,16.45657730102539,85614,-15.559713120000001,35,19.2,5056,2.710019588470459,0.30105653405189514,0.0005
0.04483214020729065,0.62,2418,85793,18.647300720214844,85692,-15.743152870000001,35,19.26,5060,2.622544288635254,1.1516203880310059,0.0005
0.04557809233665466,0.64,2420,85863,18.154340744018555,85762,-15.24381463,35,19.22,5064,1.5311123132705688,0.6328754425048828,0.0005
0.04602985829114914,0.62,2422,85940,16.809602737426758,85839,-15.83859836,35,19.37,5068,1.4332270622253418,0.23658505082130432,0.0005
0.046764153987169266,0.62,2424,86018,16.171977996826172,85917,-15.768737379999997,35,19.45,5072,0.9077792167663574,-0.2742912173271179,0.0005
0.04534904658794403,0.6,2427,86108,15.002723693847656,86007,-16.24421569,35,19.66,5076,0.841579794883728,0.2302626520395279,0.0005
0.04475263133645058,0.6,2429,86180,16.62692642211914,86079,-16.236767559999997,35,19.63,5080,1.3134721517562866,0.012499898672103882,0.0005
0.04441766440868378,0.6,2430,86248,16.124683380126953,86147,-16.17754516,35,19.5,5084,1.3334771394729614,-0.5719366073608398,0.0005
0.04341103509068489,0.6,2433,86345,16.040578842163086,86244,-16.25678013,35,19.65,5088,0.6094841361045837,-0.32788997888565063,0.0005
0.043881576508283615,0.59,2435,86424,17.58317756652832,86323,-16.31846992,35,19.51,5092,1.2080059051513672,-0.4966377019882202,0.0005
0.042771466076374054,0.58,2437,86495,16.04521942138672,86394,-16.557230909999998,35,19.45,5096,2.3211331367492676,0.48567551374435425,0.0005
0.043022580444812775,0.56,2439,86572,19.403905868530273,86471,-16.930961349999997,35,19.39,5100,1.4396746158599854,-0.3098808526992798,0.0005
0.04451800137758255,0.59,2441,86640,15.90811538696289,86539,-16.14082952,35,19.3,5104,1.3169381618499756,0.02226892113685608,0.0005
0.04381237179040909,0.61,2444,86725,16.081504821777344,86624,-15.72681222,35,19.4,5108,1.2169419527053833,-0.7526110410690308,0.0005
0.04329730570316315,0.61,2446,86813,15.650848388671875,86712,-15.831826849999995,35,19.53,5112,0.8313876986503601,0.6347801685333252,0.0005
0.0442027822136879,0.62,2448,86893,15.52191162109375,86792,-15.812268649999998,35,19.57,5116,0.32410091161727905,-0.32209062576293945,0.0005
0.044463977217674255,0.63,2450,86958,16.32177734375,86857,-15.487621800000001,35,19.48,5120,0.7211251258850098,0.06780919432640076,0.0005
0.0440194308757782,0.66,2452,87036,15.949602127075195,86935,-14.826380810000003,35,19.48,5124,2.326049327850342,0.772333562374115,0.0005
0.044544149190187454,0.66,2455,87116,16.308204650878906,87015,-14.795051500000001,35,19.58,5128,3.0333995819091797,-0.22250279784202576,0.0005
0.0435713529586792,0.66,2457,87194,16.778472900390625,87093,-14.747923640000002,35,19.71,5132,1.9268313646316528,0.2596808671951294,0.0005
0.04288298636674881,0.65,2459,87272,16.578968048095703,87171,-15.068861750000003,35,19.74,5136,1.5610575675964355,-0.259735107421875,0.0005
0.04239151254296303,0.65,2461,87335,15.756523132324219,87234,-15.027513829999998,35,19.66,5140,1.3437232971191406,-0.10786469280719757,0.0005
0.04348431155085564,0.62,2463,87418,16.444534301757812,87317,-15.841912419999998,35,19.67,5144,0.9159278869628906,0.09347954392433167,0.0005
0.04384741932153702,0.62,2466,87522,15.814732551574707,87421,-15.980209330000001,35,19.88,5148,1.370047926902771,-1.131042718887329,0.0005
0.04303367808461189,0.61,2468,87609,15.057559967041016,87508,-16.293460800000002,35,19.87,5152,1.5452525615692139,0.46259504556655884,0.0005
0.043052539229393005,0.62,2471,87702,15.705644607543945,87601,-16.07798373,35,19.87,5156,0.6236628890037537,0.17177745699882507,0.0005
0.04257528856396675,0.62,2474,87790,16.464977264404297,87689,-16.275908700000002,35,19.97,5160,1.9632928371429443,0.2541120648384094,0.0005
0.04294589161872864,0.62,2476,87868,16.499223709106445,87767,-16.295053470000003,35,20.05,5164,0.717293381690979,-0.015244990587234497,0.0005
0.044372811913490295,0.63,2478,87954,18.484716415405273,87853,-16.10135264,35,20.14,5168,2.704261302947998,0.08729676902294159,0.0005
0.044574204832315445,0.62,2480,88021,16.69583511352539,87920,-16.29191029,35,20.03,5172,1.9661078453063965,-0.2889646291732788,0.0005
0.04409952834248543,0.64,2482,88107,16.761823654174805,88006,-15.952112030000002,35,19.99,5176,0.8617459535598755,-0.541933000087738,0.0005
0.04405659809708595,0.62,2485,88201,17.135894775390625,88100,-16.593061410000004,35,20.21,5180,3.3037350177764893,0.20939411222934723,0.0005
0.0455387718975544,0.6,2487,88285,15.368463516235352,88184,-17.037317130000005,35,20.37,5184,1.468788981437683,-0.6047040224075317,0.0005
0.04528038948774338,0.6,2489,88367,16.37445068359375,88266,-16.99633155,35,20.22,5188,0.7498937845230103,-0.26619359850883484,0.0005
0.04440492391586304,0.6,2491,88444,16.050947189331055,88343,-17.219428890000003,35,20.2,5192,2.457010269165039,0.1385072022676468,0.0005
0.045249130576848984,0.59,2494,88559,14.974468231201172,88458,-17.4474129,35,20.64,5196,1.732830286026001,0.4776524305343628,0.0005
0.04595042020082474,0.6,2495,88631,16.356727600097656,88530,-17.29482117,35,20.59,5200,0.5556995868682861,0.4334104061126709,0.0005
0.04563567042350769,0.59,2498,88709,15.891149520874023,88608,-17.553650010000002,35,20.69,5204,0.6098229885101318,-0.16933172941207886,0.0005
0.045547232031822205,0.6,2500,88776,16.62960433959961,88675,-17.19727093,35,20.51,5208,2.7031469345092773,0.1774209439754486,0.0005
0.04480265825986862,0.62,2502,88856,16.002199172973633,88755,-16.68428455,35,20.43,5212,1.9788892269134521,-0.3933734893798828,0.0005
0.044238705188035965,0.63,2504,88924,15.813621520996094,88823,-16.31223294,35,20.31,5216,0.6494786739349365,-0.21824981272220612,0.0005
0.0444825105369091,0.62,2506,89000,16.689868927001953,88899,-16.55260818,35,20.42,5220,2.652548313140869,0.887708306312561,0.0005
0.044751010835170746,0.61,2508,89081,14.512044906616211,88980,-16.76940688,35,20.45,5224,2.1738080978393555,0.3840427100658417,0.0005
0.04400651529431343,0.61,2510,89161,18.519641876220703,89060,-16.72501452,35,20.45,5228,2.002397060394287,-0.7285744547843933,0.0005
0.04432079568505287,0.6,2513,89243,14.975159645080566,89142,-17.0450857,35,20.49,5232,1.6372705698013306,0.20282688736915588,0.0005
0.04555119201540947,0.58,2515,89319,15.373274803161621,89218,-17.443529620000003,35,20.47,5236,0.704849362373352,0.25422143936157227,0.0005
0.04503525793552399,0.59,2517,89399,17.837322235107422,89298,-17.29276364,35,20.64,5240,0.6051207780838013,-0.578748345375061,0.0005
0.04479994624853134,0.6,2520,89493,13.405106544494629,89392,-16.99388609,35,20.75,5244,0.8677367568016052,0.08907414972782135,0.0005
0.04492262750864029,0.6,2521,89560,17.78159523010254,89459,-16.69306887,35,20.38,5248,1.1941580772399902,0.0796714797616005,0.0005
0.0449027493596077,0.62,2523,89633,18.201290130615234,89532,-16.13192297,35,20.24,5252,2.151851177215576,-0.5593987703323364,0.0005
0.04596158489584923,0.63,2526,89724,16.096302032470703,89623,-15.947903890000003,35,20.22,5256,1.8469364643096924,-0.036249808967113495,0.0005
0.04713308811187744,0.63,2529,89825,15.53882122039795,89724,-15.859152259999998,35,20.35,5260,0.5878521800041199,0.2646499276161194,0.0005
0.04516135901212692,0.64,2531,89908,15.450333595275879,89807,-15.72790956,35,20.4,5264,0.49489015340805054,-1.2529832124710083,0.0005
0.04320390895009041,0.64,2549,90012,17.76940155029297,89911,-15.750253820000001,35,20.58,5268,1.0262188911437988,-0.8362755179405212,0.0005
0.043971359729766846,0.62,2551,90100,17.285423278808594,89999,-16.442167449999996,35,20.79,5272,1.3249032497406006,-0.5536553263664246,0.0005
0.04341866448521614,0.64,2553,90176,14.850547790527344,90075,-15.90632455,35,20.69,5276,2.0748250484466553,-0.12436014413833618,0.0005
0.04416573420166969,0.65,2556,90263,15.919588088989258,90162,-15.503428190000001,35,20.62,5280,0.8603827953338623,-0.12368526309728622,0.0005
0.04476963356137276,0.66,2558,90346,15.779533386230469,90245,-15.43754031,35,20.61,5284,1.8918089866638184,0.13436442613601685,0.0005
0.04511114954948425,0.65,2560,90428,18.373794555664062,90327,-15.66065993,35,20.61,5288,1.4980213642120361,-0.03930613398551941,0.0005
0.04399779438972473,0.67,2562,90513,17.24503517150879,90412,-15.097731139999999,35,20.69,5292,0.2545534372329712,-0.5313328504562378,0.0005
0.043702755123376846,0.67,2564,90602,14.275398254394531,90501,-15.112115229999999,35,20.43,5296,1.5566041469573975,0.21733513474464417,0.0005
0.04325788840651512,0.67,2566,90666,15.089470863342285,90565,-14.926977259999996,35,20.35,5300,1.257694959640503,-0.5384422540664673,0.0005
0.04135814681649208,0.68,2568,90752,16.74121856689453,90651,-14.77273302,35,20.43,5304,1.0150240659713745,-0.5763707160949707,0.0005
0.0403992123901844,0.67,2571,90837,15.695805549621582,90736,-15.018815850000003,35,20.61,5308,1.1394871473312378,-0.11520810425281525,0.0005
0.03996649384498596,0.66,2573,90917,14.934833526611328,90816,-15.196071089999998,35,20.61,5312,1.3771440982818604,-0.36415010690689087,0.0005
0.04024096205830574,0.65,2574,90991,15.890144348144531,90890,-15.518334559999998,35,20.67,5316,1.6308764219284058,-0.3774951100349426,0.0005
0.04011738672852516,0.65,2576,91061,14.767044067382812,90960,-15.457625759999999,35,20.61,5320,1.3768501281738281,0.35583633184432983,0.0005
0.04049888998270035,0.64,2578,91135,14.770461082458496,91034,-15.744621700000003,35,20.54,5324,1.5122148990631104,-0.17422984540462494,0.0005
0.04176369681954384,0.65,2581,91233,14.736427307128906,91132,-15.57586312,35,20.72,5328,1.550670862197876,0.8558378219604492,0.0005
0.04195740446448326,0.65,2583,91309,15.048624992370605,91208,-15.473631870000004,35,20.66,5332,1.091159701347351,0.2112521529197693,0.0005
0.04202407971024513,0.69,2585,91372,16.01117515563965,91271,-14.415475070000003,35,20.53,5336,0.7132560014724731,0.5883530974388123,0.0005
0.0425490066409111,0.69,2587,91451,15.513265609741211,91350,-14.425507929999998,35,20.52,5340,1.3478562831878662,0.4891693592071533,0.0005
0.04426088184118271,0.7,2589,91534,17.02829360961914,91433,-14.084911620000003,35,20.41,5344,1.8531280755996704,-0.3638741970062256,0.0005
0.043079547584056854,0.71,2592,91632,15.260282516479492,91531,-14.06756766,35,20.72,5348,2.0835182666778564,-0.7260804176330566,0.0005
0.04197682440280914,0.7,2594,91700,16.902450561523438,91599,-14.382863539999999,35,20.67,5352,0.5620622634887695,-0.724852442741394,0.0005
0.041320547461509705,0.69,2596,91774,15.063545227050781,91673,-14.42253096,35,20.5,5356,0.8337773084640503,0.20932041108608246,0.0005
0.04145818203687668,0.69,2598,91850,16.933143615722656,91749,-14.34367091,35,20.25,5360,2.134035110473633,-0.9712544679641724,0.0005
0.0404936745762825,0.68,2600,91916,15.884967803955078,91815,-14.55227734,35,20.08,5364,1.0168273448944092,0.6238275170326233,0.0005
0.04064594954252243,0.68,2602,91982,15.582036972045898,91881,-14.396618779999997,35,19.7,5368,1.7020978927612305,0.07278847694396973,0.0005
0.041570574045181274,0.72,2604,92061,16.474140167236328,91960,-13.33704212,35,19.61,5372,1.8172016143798828,-0.08096040785312653,0.0005
0.0419677272439003,0.7,2606,92127,15.01866340637207,92026,-13.7378195,35,19.51,5376,1.4754650592803955,0.33682525157928467,0.0005
0.041411083191633224,0.7,2608,92212,15.652681350708008,92111,-13.741206889999999,35,19.49,5380,0.7049074172973633,0.20649155974388123,0.0005
0.04169841855764389,0.7,2610,92308,16.35342788696289,92207,-13.64651225,35,19.62,5384,0.626516580581665,0.6955097913742065,0.0005
0.04277556762099266,0.7,2613,92401,14.472469329833984,92300,-13.661847819999998,35,19.73,5388,0.7852959632873535,-0.22604039311408997,0.0005
0.04221555218100548,0.71,2615,92486,14.614461898803711,92385,-13.420280209999996,35,19.73,5392,1.2005596160888672,0.046874433755874634,0.0005
0.04156973212957382,0.74,2617,92564,14.803104400634766,92463,-12.658543700000003,35,19.62,5396,1.540124535560608,0.21140071749687195,0.0005
0.041279733180999756,0.75,2619,92639,14.935101509094238,92538,-12.54492037,35,19.73,5400,2.21103572845459,0.020620621740818024,0.0005
0.04037603363394737,0.74,2622,92738,15.430638313293457,92637,-12.80072024,35,19.86,5404,0.7810196876525879,0.5862436294555664,0.0005
0.04063849896192551,0.74,2624,92827,16.362613677978516,92726,-12.815014699999999,35,19.9,5408,1.7825143337249756,-0.834494948387146,0.0005
0.043525297194719315,0.73,2626,92922,16.05377960205078,92821,-13.08991469,35,20.05,5412,2.742750883102417,0.8154686689376831,0.0005
0.045154403895139694,0.72,2628,92997,15.444791793823242,92896,-13.277463180000002,35,20.06,5416,1.4849060773849487,0.666380763053894,0.0005
0.04537626728415489,0.73,2630,93062,15.452106475830078,92961,-13.243232240000003,35,20.01,5420,1.0955958366394043,-0.5390853881835938,0.0005
0.04516592621803284,0.73,2632,93151,16.20766258239746,93050,-13.209677220000001,35,20.16,5424,1.3303776979446411,-0.27392375469207764,0.0005
0.04444683715701103,0.73,2634,93226,14.73041820526123,93125,-13.07952923,35,19.93,5428,1.052281141281128,0.2061120867729187,0.0005
0.04296128451824188,0.73,2637,93315,14.927446365356445,93214,-13.236223480000001,35,20.06,5432,1.863485336303711,0.18810011446475983,0.0005
0.04239204525947571,0.73,2639,93405,15.41795539855957,93304,-13.362996320000002,35,20.33,5436,2.2673306465148926,-0.5941482782363892,0.0005
0.040612734854221344,0.73,2642,93496,15.99575138092041,93395,-13.31619915,35,20.45,5440,3.0438876152038574,0.5149016380310059,0.0005
0.040086157619953156,0.73,2644,93571,16.305866241455078,93470,-13.398767090000003,35,20.37,5444,2.7082009315490723,0.4166509807109833,0.0005
0.04016635939478874,0.7,2646,93637,16.997041702270508,93536,-14.102318899999998,35,20.05,5448,2.1974587440490723,0.289583295583725,0.0005
0.040458228439092636,0.7,2648,93721,15.317827224731445,93620,-14.15695532,35,20.21,5452,2.7031760215759277,0.2722635269165039,0.0005
0.0404713898897171,0.72,2650,93798,14.86487102508545,93697,-13.79517175,35,20.24,5456,2.2777271270751953,0.35748395323753357,0.0005
0.04135483503341675,0.74,2652,93886,15.169068336486816,93785,-13.505798380000003,35,20.36,5460,1.1735174655914307,-0.03873187303543091,0.0005
0.04168274253606796,0.74,2654,93965,14.764358520507812,93864,-13.433921910000004,35,20.49,5464,2.558779716491699,-0.11870357394218445,0.0005
0.04187007620930672,0.74,2657,94060,16.72918701171875,93959,-13.52455784,35,20.78,5468,1.7312488555908203,0.667656660079956,0.0005
0.04302139952778816,0.73,2658,94127,14.400215148925781,94026,-13.72054724,35,20.66,5472,0.9811892509460449,-0.444041907787323,0.0005
0.042617179453372955,0.74,2661,94231,14.479331016540527,94130,-13.604084319999997,35,21.04,5476,0.8607540726661682,-0.1993516981601715,0.0005
0.042034342885017395,0.74,2663,94312,15.857175827026367,94211,-13.60222899,35,21.0,5480,1.0843453407287598,-0.0983622819185257,0.0005
0.0424300841987133,0.75,2665,94388,16.36386489868164,94287,-13.339811899999997,35,20.8,5484,2.260247230529785,0.11773211508989334,0.0005
0.042555976659059525,0.75,2667,94464,15.188356399536133,94363,-13.215073969999999,35,20.63,5488,2.1436045169830322,-0.06935518980026245,0.0005
0.041698336601257324,0.75,2669,94548,14.926481246948242,94447,-13.21022822,35,20.62,5492,0.5878589153289795,-1.129615068435669,0.0005
0.041871413588523865,0.74,2671,94621,14.380836486816406,94520,-13.35859375,35,20.57,5496,2.7291903495788574,-0.43174201250076294,0.0005
0.04204491525888443,0.72,2673,94706,13.770756721496582,94605,-13.846324090000001,35,20.67,5500,1.6428616046905518,0.4414326548576355,0.0005
0.04290017858147621,0.73,2675,94772,13.925968170166016,94671,-13.482490480000001,35,20.34,5504,1.5167497396469116,-0.20228664577007294,0.0005
0.042869340628385544,0.74,2678,94866,15.269550323486328,94765,-13.354417419999999,35,20.39,5508,1.318484902381897,0.18146151304244995,0.0005
0.04235103353857994,0.74,2680,94949,14.30770492553711,94848,-13.29978801,35,20.27,5512,2.470508098602295,-0.41651028394699097,0.0005
0.04255713149905205,0.76,2682,95030,15.639585494995117,94929,-12.853456679999999,35,20.33,5516,3.678278923034668,0.1334325671195984,0.0005
0.04346169903874397,0.77,2684,95109,15.090902328491211,95008,-12.632988439999998,35,20.47,5520,0.7994180917739868,-0.2249954342842102,0.0005
0.042829424142837524,0.79,2686,95186,13.885480880737305,95085,-12.161558419999999,35,20.35,5524,1.3258049488067627,0.37124067544937134,0.0005
0.04262795299291611,0.8,2689,95285,14.354706764221191,95184,-12.110250290000002,35,20.59,5528,1.6525158882141113,0.12709827721118927,0.0005
0.043368350714445114,0.8,2691,95374,12.167928695678711,95273,-12.122953,35,20.59,5532,1.120070219039917,-0.058748722076416016,0.0005
0.04284799471497536,0.79,2693,95440,14.3887939453125,95339,-12.19153765,35,20.35,5536,1.336029052734375,-0.7814457416534424,0.0005
0.04242336004972458,0.8,2695,95524,15.196138381958008,95423,-11.977164989999997,35,20.28,5540,2.7218997478485107,0.026047252118587494,0.0005
0.04316950961947441,0.8,2697,95597,12.792182922363281,95496,-11.85619444,35,20.26,5544,1.8164304494857788,0.8399089574813843,0.0005
0.043987203389406204,0.82,2699,95681,14.682044982910156,95580,-11.337557079999996,35,20.44,5548,2.128028154373169,0.1472981870174408,0.0005
0.04357365891337395,0.83,2702,95770,14.082159042358398,95669,-11.072439559999998,35,20.49,5552,0.6460572481155396,0.4942234754562378,0.0005
0.043889161199331284,0.83,2704,95847,13.954228401184082,95746,-11.074863970000001,35,20.49,5556,0.6671403646469116,0.7088509798049927,0.0005
0.04455573856830597,0.82,2706,95937,14.324097633361816,95836,-11.26386521,35,20.51,5560,1.0055233240127563,0.10827308893203735,0.0005
0.04448702931404114,0.82,2708,96004,13.440502166748047,95903,-11.20593993,35,20.39,5564,0.8787833452224731,0.2986409366130829,0.0005
0.044616296887397766,0.83,2710,96093,13.99677848815918,95992,-11.00968673,35,20.33,5568,0.7583670616149902,-0.6718516945838928,0.0005
0.04479452222585678,0.83,2713,96190,13.860457420349121,96089,-11.094431599999998,35,20.63,5572,0.46272405982017517,-0.5466353297233582,0.0005
0.04355524107813835,0.84,2715,96282,15.775474548339844,96181,-10.88829663,35,20.51,5576,1.3269418478012085,-0.5623687505722046,0.0005
0.04384098947048187,0.84,2718,96363,13.332496643066406,96262,-10.851966949999998,35,20.51,5580,0.7041254043579102,0.5203864574432373,0.0005
0.044545721262693405,0.83,2720,96455,14.313076972961426,96354,-11.16592547,35,20.67,5584,0.9580122232437134,-0.30688875913619995,0.0005
0.04379008337855339,0.84,2723,96542,13.693948745727539,96441,-11.04776791,35,20.78,5588,2.0468356609344482,-0.15050385892391205,0.0005
0.04353182390332222,0.84,2725,96623,13.128427505493164,96522,-11.041789269999997,35,20.75,5592,1.3144088983535767,0.4497247040271759,0.0005
0.04473980888724327,0.85,2727,96708,12.967620849609375,96607,-10.948265489999999,35,20.87,5596,0.928248941898346,0.24114607274532318,0.0005
0.04495673254132271,0.86,2729,96784,13.534051895141602,96683,-10.716780589999999,35,20.78,5600,1.3170981407165527,0.07114797830581665,0.0005
0.04586902633309364,0.86,2731,96855,13.350801467895508,96754,-10.73161897,35,20.83,5604,1.3220469951629639,-0.0807967558503151,0.0005
0.04438217729330063,0.85,2733,96930,12.582426071166992,96829,-10.928652669999998,35,20.64,5608,0.4731476902961731,-0.39372125267982483,0.0005
0.04326369985938072,0.86,2735,97010,14.626450538635254,96909,-10.7323937,35,20.61,5612,1.0893621444702148,0.1838495284318924,0.0005
0.04365009069442749,0.86,2737,97081,17.312145233154297,96980,-10.677533660000002,35,20.51,5616,1.917655110359192,-0.6236369609832764,0.0005
0.04376761242747307,0.84,2740,97173,16.534765243530273,97072,-11.085816559999998,35,20.64,5620,2.2362494468688965,0.02559281885623932,0.0005
0.04438276216387749,0.82,2742,97265,15.130998611450195,97164,-11.527289660000001,35,20.79,5624,2.629837989807129,0.5458632707595825,0.0005
0.04530222341418266,0.81,2745,97360,13.788896560668945,97259,-11.763154339999998,35,20.75,5628,2.883932590484619,-0.3969464898109436,0.0005
0.04560883343219757,0.82,2747,97440,15.407304763793945,97339,-11.447591819999998,35,20.66,5632,0.776344895362854,-0.23552516102790833,0.0005
0.04627629742026329,0.83,2749,97524,14.154224395751953,97423,-11.366790080000001,35,20.84,5636,1.100048542022705,-0.04235631227493286,0.0005
0.047218360006809235,0.82,2752,97618,15.106125831604004,97517,-11.5777386,35,20.94,5640,3.2281570434570312,0.4078095555305481,0.0005
0.04563343524932861,0.83,2754,97694,12.792440414428711,97593,-11.40276564,35,20.97,5644,1.1932822465896606,-1.1357996463775635,0.0005
0.0446767695248127,0.84,2756,97779,13.334692001342773,97678,-11.176320480000001,35,20.98,5648,1.2696690559387207,-0.47836732864379883,0.0005
0.0437726229429245,0.84,2758,97863,14.693170547485352,97762,-11.126901199999997,35,20.93,5652,1.847882866859436,-0.4676942229270935,0.0005
0.04278979450464249,0.84,2760,97932,14.319642066955566,97831,-11.104798960000004,35,20.85,5656,1.8064532279968262,0.07630480825901031,0.0005
0.04258549213409424,0.82,2762,98025,13.981571197509766,97924,-11.421361719999998,35,20.88,5660,2.7656350135803223,0.1571125090122223,0.0005
0.042988065630197525,0.81,2764,98100,12.506070137023926,97999,-11.636336539999997,35,20.96,5664,1.6206785440444946,0.6401635408401489,0.0005
0.043227918446063995,0.8,2766,98175,14.95147705078125,98074,-11.744587760000002,35,20.82,5668,1.119015097618103,0.3071635067462921,0.0005
0.04322834312915802,0.81,2768,98259,13.558408737182617,98158,-11.504329270000001,35,20.69,5672,2.3609771728515625,-0.32439184188842773,0.0005
0.04273756220936775,0.8,2771,98356,13.759024620056152,98255,-11.65448118,35,20.74,5676,1.1142154932022095,-0.45251908898353577,0.0005
0.042040497064590454,0.81,2773,98431,12.913820266723633,98330,-11.461342,35,20.68,5680,2.170173168182373,-0.6306169033050537,0.0005
0.04173880070447922,0.81,2775,98518,13.548638343811035,98417,-11.407476489999999,35,20.63,5684,3.567990303039551,-0.06840629875659943,0.0005
0.04183436930179596,0.79,2778,98611,14.80700397491455,98510,-11.763578209999999,35,20.69,5688,1.988082766532898,0.7690090537071228,0.0005
0.042652055621147156,0.78,2780,98715,12.017801284790039,98614,-12.03938716,35,20.92,5692,0.9616535305976868,-0.7805227041244507,0.0005
0.04269230738282204,0.78,2782,98791,12.246394157409668,98690,-11.984257499999998,35,20.83,5696,1.7287665605545044,0.20503172278404236,0.0005
0.0432278998196125,0.79,2785,98880,13.678009033203125,98779,-11.83083139,35,20.96,5700,1.718324899673462,-0.15506786108016968,0.0005
0.04428144916892052,0.78,2787,98960,13.750247955322266,98859,-12.069686609999998,35,21.05,5704,1.7925972938537598,-0.7218995690345764,0.0005
0.04316894710063934,0.79,2789,99043,12.848180770874023,98942,-11.807762789999996,35,21.13,5708,0.7520302534103394,1.0543060302734375,0.0005
0.04521365836262703,0.79,2791,99124,13.274354934692383,99023,-11.817250209999997,35,21.14,5712,0.7678802013397217,0.24363568425178528,0.0005
0.04546297341585159,0.79,2793,99189,15.758752822875977,99088,-11.769370369999999,35,21.08,5716,1.5254878997802734,-0.13294196128845215,0.0005
0.04524912312626839,0.81,2795,99278,13.923904418945312,99177,-11.418653410000001,35,21.05,5720,1.7851431369781494,-0.0949707105755806,0.0005
0.045405205339193344,0.83,2798,99376,14.197164535522461,99275,-11.09291236,35,21.11,5724,1.3875949382781982,-0.17541489005088806,0.0005
0.04642515257000923,0.82,2800,99466,14.203533172607422,99365,-11.16153751,35,21.06,5728,2.8708865642547607,-0.05456892400979996,0.0005
0.04555787518620491,0.82,2802,99553,11.41477108001709,99452,-11.14435966,35,21.13,5732,0.8655234575271606,-0.20951642096042633,0.0005
0.04512721672654152,0.82,2805,99642,13.335014343261719,99541,-11.160407550000002,35,21.18,5736,1.6070111989974976,0.1798820197582245,0.0005
0.04427773505449295,0.82,2807,99732,12.879100799560547,99631,-11.168476099999998,35,21.14,5740,2.3444020748138428,0.08586858212947845,0.0005
0.04348379373550415,0.8,2809,99799,12.668004989624023,99698,-11.48465274,35,21.05,5744,1.5926282405853271,-1.562966227531433,0.0005
0.04226250201463699,0.8,2810,99867,13.029443740844727,99766,-11.408898820000001,35,20.88,5748,2.1145119667053223,0.048348210752010345,0.0005
0.04205350950360298,0.8,2813,99972,12.26070785522461,99871,-11.5251761,35,21.09,5752,2.4974350929260254,0.8063226938247681,0.0005
0.041874099522829056,0.79,2832,100085,13.756731986999512,99984,-11.868541400000002,35,21.53,5756,1.8466678857803345,0.23865729570388794,0.0005
0.04172256216406822,0.8,2834,100168,13.171695709228516,100067,-11.687214600000003,35,21.43,5760,1.8376506567001343,-0.8962475061416626,0.0005
0.041164565831422806,0.81,2836,100260,12.335530281066895,100159,-11.64199547,35,21.6,5764,0.9606199860572815,-0.05673476308584213,0.0005
0.040744323283433914,0.79,2838,100340,11.857839584350586,100239,-12.097953419999996,35,21.65,5768,1.0177314281463623,0.17832809686660767,0.0005
0.04074248671531677,0.79,2840,100427,12.888982772827148,100326,-12.07603158,35,21.68,5772,1.365126132965088,-0.19814617931842804,0.0005
0.04021603241562843,0.79,2843,100517,13.167999267578125,100416,-12.047997380000002,35,21.61,5776,2.1595168113708496,-0.12681220471858978,0.0005
0.039560552686452866,0.78,2845,100598,11.946399688720703,100497,-12.271996679999999,35,21.67,5780,2.638925552368164,-0.16914835572242737,0.0005
0.040471676737070084,0.78,2847,100694,17.170494079589844,100593,-12.372867629999998,35,21.76,5784,1.6936492919921875,-0.125072181224823,0.0005
0.0401439443230629,0.79,2850,100789,11.820348739624023,100688,-12.21011836,35,21.78,5788,2.0291800498962402,0.2624807059764862,0.0005
0.04123746603727341,0.78,2852,100868,13.101858139038086,100767,-12.24530006,35,21.53,5792,1.715932846069336,0.0461919903755188,0.0005
0.042908914387226105,0.76,2854,100955,14.09625244140625,100854,-12.777072940000004,35,21.64,5796,1.3353118896484375,0.6470061540603638,0.0005
0.04316605255007744,0.74,2857,101063,11.62083625793457,100962,-13.270696840000003,35,21.83,5800,2.1662368774414062,0.6099324822425842,0.0005
0.044152550399303436,0.74,2859,101130,12.109634399414062,101029,-13.20973666,35,21.7,5804,0.7228906154632568,-0.5533244609832764,0.0005
0.04450908303260803,0.72,2861,101219,13.035806655883789,101118,-13.58190739,35,21.76,5808,1.4461208581924438,0.6486650705337524,0.0005
0.044428229331970215,0.72,2863,101294,15.828710556030273,101193,-13.62245982,35,21.7,5812,1.3223799467086792,-0.5470823645591736,0.0005
0.042471472173929214,0.7,2866,101388,12.87050724029541,101287,-14.11971669,35,21.99,5816,0.9428412914276123,-0.2588018774986267,0.0005
0.0415128618478775,0.69,2868,101459,15.003650665283203,101358,-14.177636779999998,35,21.81,5820,1.4746527671813965,-0.4443836510181427,0.0005
0.03989318758249283,0.67,2870,101552,12.900548934936523,101451,-14.504012889999998,35,21.76,5824,1.082750678062439,-0.2505965232849121,0.0005
0.039989642798900604,0.68,2873,101637,13.77448558807373,101536,-14.315030999999998,35,21.71,5828,1.3275611400604248,0.2639024257659912,0.0005
0.04032298922538757,0.69,2875,101712,12.539384841918945,101611,-14.07507428,35,21.59,5832,2.2515625953674316,1.0956671237945557,0.0005
0.041338685899972916,0.67,2877,101803,11.917699813842773,101702,-14.476913669999997,35,21.61,5836,0.721786618232727,-0.16249927878379822,0.0005
0.04140886291861534,0.68,2879,101875,12.270678520202637,101774,-14.194880079999997,35,21.43,5840,1.5067962408065796,0.1926855742931366,0.0005
0.04190051555633545,0.69,2882,101954,12.824931144714355,101853,-14.075135929999998,35,21.55,5844,2.4929544925689697,0.3015536963939667,0.0005
0.042796894907951355,0.68,2884,102018,13.142789840698242,101917,-14.193757540000002,35,21.51,5848,1.5221381187438965,0.41886258125305176,0.0005
0.0435309000313282,0.66,2886,102105,11.839746475219727,102004,-14.433985369999998,35,21.33,5852,1.530318021774292,0.04634051024913788,0.0005
0.044062502682209015,0.66,2888,102178,13.215704917907715,102077,-14.277944049999999,35,20.93,5856,0.8008131980895996,0.18052791059017181,0.0005
0.04305588826537132,0.66,2891,102270,12.14226245880127,102169,-14.407353480000001,35,21.02,5860,1.7590135335922241,-0.38420534133911133,0.0005
0.04265117272734642,0.65,2893,102356,16.091732025146484,102255,-14.56680016,35,20.96,5864,4.359955310821533,0.2470705509185791,0.0005
0.04214845597743988,0.67,2896,102466,14.21590805053711,102365,-14.227223870000003,35,21.26,5868,0.7328888177871704,0.2940410077571869,0.0005
0.04205853119492531,0.67,2899,102561,12.784626007080078,102460,-14.287204969999998,35,21.34,5872,2.700591564178467,-0.46075931191444397,0.0005
0.041961465030908585,0.68,2902,102651,12.85838508605957,102550,-14.156257579999997,35,21.34,5876,0.6381929516792297,-0.26901206374168396,0.0005
0.04217136278748512,0.68,2904,102738,11.871207237243652,102637,-14.195423209999996,35,21.4,5880,0.8689097762107849,-0.11838619410991669,0.0005
0.04225296154618263,0.68,2906,102821,12.624595642089844,102720,-14.041360009999996,35,21.27,5884,2.0644359588623047,-0.4524226784706116,0.0005
0.04184584319591522,0.7,2908,102900,12.907196044921875,102799,-13.58196504,35,21.11,5888,0.6816428303718567,0.33438193798065186,0.0005
0.04099930077791214,0.72,2910,102983,10.762670516967773,102882,-13.240515800000002,35,21.15,5892,1.2159907817840576,-0.8271449208259583,0.0005
0.039718616753816605,0.73,2913,103059,13.047930717468262,102958,-12.876832679999998,35,21.04,5896,1.880944848060608,-0.40198731422424316,0.0005
0.04004021733999252,0.75,2915,103148,11.34341049194336,103047,-12.377583120000002,35,20.85,5900,2.1560819149017334,-0.047649189829826355,0.0005
0.04082612320780754,0.75,2917,103242,12.28916072845459,103141,-12.47922857,35,21.12,5904,2.0193092823028564,0.005723265931010246,0.0005
0.04121027886867523,0.74,2920,103329,12.80561637878418,103228,-12.776529889999999,35,21.1,5908,1.2108145952224731,0.16982485353946686,0.0005
0.04047326371073723,0.75,2922,103423,12.034126281738281,103322,-12.619500019999998,35,21.29,5912,0.9812264442443848,0.11842143535614014,0.0005
0.041074566543102264,0.77,2925,103520,12.492255210876465,103419,-12.292123270000001,35,21.32,5916,1.0956120491027832,-0.21853996813297272,0.0005
0.04049907252192497,0.78,2927,103585,12.577740669250488,103484,-12.08733208,35,21.26,5920,1.0391260385513306,-0.026207100600004196,0.0005
0.04111018404364586,0.79,2929,103665,11.262203216552734,103564,-11.877305770000003,35,21.13,5924,3.8905153274536133,-0.28179529309272766,0.0005
0.04105113074183464,0.8,2931,103742,11.906026840209961,103641,-11.676101050000002,35,21.05,5928,2.2170820236206055,0.18603059649467468,0.0005
0.04107392206788063,0.78,2933,103825,12.167762756347656,103724,-12.08455201,35,21.13,5932,1.2134039402008057,-0.29440224170684814,0.0005
0.040233783423900604,0.77,2936,103920,12.375870704650879,103819,-12.344915,35,21.17,5936,1.042919635772705,0.44211214780807495,0.0005
0.04049716144800186,0.74,2938,104000,11.03108024597168,103899,-12.942581359999998,35,21.25,5940,1.6567041873931885,-0.030123315751552582,0.0005
0.04159024357795715,0.74,2940,104092,12.67959213256836,103991,-12.990146009999997,35,21.38,5944,1.5574570894241333,0.62342369556427,0.0005
0.0417928621172905,0.74,2942,104163,11.580277442932129,104062,-13.015854849999998,35,21.45,5948,1.187018871307373,-0.10551664233207703,0.0005
0.0416075773537159,0.74,2945,104262,11.742805480957031,104161,-13.08173958,35,21.57,5952,1.4345054626464844,-0.7154946327209473,0.0005
0.041577234864234924,0.75,2947,104338,12.245448112487793,104237,-12.91456527,35,21.6,5956,1.3953086137771606,0.4153423309326172,0.0005
0.04244954511523247,0.76,2950,104426,12.666152000427246,104325,-12.620092580000003,35,21.56,5960,1.681213140487671,0.3745464086532593,0.0005
0.04350138083100319,0.77,2952,104519,13.144701957702637,104418,-12.471842950000003,35,21.63,5964,1.4146883487701416,-0.41268348693847656,0.0005
0.04376674443483353,0.76,2954,104608,11.305986404418945,104507,-12.566674289999998,35,21.42,5968,1.7305240631103516,-0.2364671528339386,0.0005
0.044892456382513046,0.75,2957,104710,12.229337692260742,104609,-12.75612091,35,21.49,5972,2.858074188232422,0.3410181701183319,0.0005
0.04596370831131935,0.73,2959,104798,13.476704597473145,104697,-13.068215599999998,35,21.47,5976,3.8181304931640625,-0.8172340989112854,0.0005
0.046510059386491776,0.72,2961,104891,12.79146957397461,104790,-13.23672157,35,21.53,5980,0.6123116612434387,0.07973293215036392,0.0005
0.044654469937086105,0.73,2963,104975,14.65329647064209,104874,-13.079707899999999,35,21.54,5984,2.729231595993042,0.22344185411930084,0.0005
0.04504656419157982,0.72,2965,105051,14.571115493774414,104950,-13.24326713,35,21.51,5988,3.9986093044281006,-0.3593043088912964,0.0005
0.044385164976119995,0.72,2967,105133,12.200279235839844,105032,-13.275644250000001,35,21.5,5992,1.7283439636230469,0.23595115542411804,0.0005
0.04397029057145119,0.73,2969,105207,12.374471664428711,105106,-13.102856419999998,35,21.48,5996,0.7238360643386841,0.3617579936981201,0.0005
0.04452066123485565,0.72,2971,105287,12.550301551818848,105186,-13.22624507,35,21.39,6000,1.144142985343933,0.6255460977554321,0.0005
0.04587893560528755,0.73,2974,105373,12.79916763305664,105272,-13.043674639999999,35,21.31,6004,1.3930119276046753,0.2674960494041443,0.0005
0.04692065343260765,0.75,2976,105458,12.845078468322754,105357,-12.598386309999999,35,21.29,6008,1.324202299118042,0.7339239120483398,0.0005
0.0480680949985981,0.75,2978,105533,12.416912078857422,105432,-12.492963579999998,35,21.1,6012,1.088265299797058,-0.24177765846252441,0.0005
0.049724217504262924,0.75,2981,105636,13.10810661315918,105535,-12.537144820000002,35,21.16,6016,0.9640529155731201,-0.02519965171813965,0.0005
0.050155237317085266,0.74,2983,105713,12.770583152770996,105612,-12.77556319,35,21.28,6020,1.5653140544891357,-0.8976248502731323,0.0005
0.049172740429639816,0.74,2985,105799,12.455920219421387,105698,-12.77008304,35,21.34,6024,0.5493544936180115,-0.39910852909088135,0.0005
0.0489436499774456,0.74,2987,105884,12.693046569824219,105783,-12.79476581,35,21.42,6028,1.0650087594985962,0.0004066973924636841,0.0005
0.04869576916098595,0.76,2990,105968,11.649566650390625,105867,-12.444202349999996,35,21.43,6032,1.2424671649932861,-0.4391666650772095,0.0005
0.047481708228588104,0.77,2993,106090,13.579828262329102,105989,-12.298751289999998,35,21.7,6036,0.8771572709083557,-0.42702892422676086,0.0005
0.04730169102549553,0.79,2995,106166,11.268411636352539,106065,-11.950618409999997,35,21.66,6040,1.632617473602295,0.4395732283592224,0.0005
0.04712801054120064,0.8,2997,106239,11.856549263000488,106138,-11.702623289999998,35,21.47,6044,2.137608051300049,-0.3340523838996887,0.0005
0.0454116053879261,0.8,3000,106316,12.693231582641602,106215,-11.794705780000005,35,21.53,6048,1.3675676584243774,0.6039344668388367,0.0005
0.04471098631620407,0.8,3002,106401,11.44719123840332,106300,-11.722178229999999,35,21.39,6052,1.2276092767715454,0.1487942785024643,0.0005
0.04472973942756653,0.79,3004,106484,11.662381172180176,106383,-11.931985580000003,35,21.46,6056,1.4718077182769775,1.0561985969543457,0.0005
0.04500577226281166,0.79,3006,106569,14.140299797058105,106468,-11.875735429999999,35,21.43,6060,1.2758584022521973,0.014889560639858246,0.0005
0.04582487791776657,0.8,3009,106659,13.652944564819336,106558,-11.647292030000001,35,21.4,6064,1.494951844215393,0.8141378164291382,0.0005
0.04666972905397415,0.8,3011,106733,14.209090232849121,106632,-11.601332980000002,35,21.25,6068,1.6855988502502441,0.42525631189346313,0.0005
0.04924287647008896,0.8,3014,106825,15.68077278137207,106724,-11.58704283,35,21.15,6072,1.880896806716919,-0.40310198068618774,0.0005
0.04791158437728882,0.79,3017,106935,11.89503288269043,106834,-11.94815033,35,21.37,6076,2.095602035522461,0.48803478479385376,0.0005
0.0486268550157547,0.8,3019,107025,14.997987747192383,106924,-11.762418099999996,35,21.34,6080,1.2859506607055664,0.29270055890083313,0.0005
0.05146115645766258,0.79,3022,107132,12.2838716506958,107031,-12.037963069999998,35,21.57,6084,1.5180367231369019,-0.03799247741699219,0.0005
0.05129033327102661,0.78,3025,107219,12.13923454284668,107118,-12.28226823,35,21.68,6088,2.436971664428711,-1.1387598514556885,0.0005
0.04948882758617401,0.77,3028,107325,12.053712844848633,107224,-12.541718379999999,35,21.92,6092,1.442802906036377,-0.15450221300125122,0.0005
0.04813111945986748,0.77,3030,107415,11.549839973449707,107314,-12.613181129999997,35,22.08,6096,0.7847429513931274,-0.5347391366958618,0.0005
0.047748908400535583,0.76,3032,107483,12.8333101272583,107382,-12.681923029999997,35,21.96,6100,2.030984401702881,-0.5490748882293701,0.0005
0.04806417226791382,0.75,3034,107567,12.42369556427002,107466,-12.828024809999999,35,21.94,6104,2.328273296356201,-0.21407362818717957,0.0005
0.04811109974980354,0.75,3036,107638,11.554490089416504,107537,-12.72426264,35,21.8,6108,0.45069023966789246,-0.347311794757843,0.0005
0.04760405048727989,0.74,3039,107740,12.536651611328125,107639,-13.029853709999996,35,22.07,6112,2.4753618240356445,0.05369707942008972,0.0005
0.04749225825071335,0.74,3041,107831,12.435151100158691,107730,-12.975683759999999,35,21.95,6116,2.2953436374664307,-0.09852927923202515,0.0005
0.047166142612695694,0.74,3043,107897,12.07558536529541,107796,-12.913892230000002,35,21.84,6120,2.1833994388580322,0.020750924944877625,0.0005
0.04738962650299072,0.72,3045,107980,11.566417694091797,107879,-13.29370395,35,21.81,6124,1.9328190088272095,0.06518052518367767,0.0005
0.04692170396447182,0.72,3048,108087,11.96481990814209,107986,-13.40702942,35,22.03,6128,3.006671190261841,-0.1139422059059143,0.0005
0.04646814987063408,0.71,3051,108174,12.59345531463623,108073,-13.64443389,35,22.06,6132,0.8829444646835327,0.35081082582473755,0.0005
0.04649471864104271,0.73,3053,108247,12.934860229492188,108146,-13.052272060000002,35,21.57,6136,2.189065933227539,0.48354533314704895,0.0005
0.04669266194105148,0.74,3055,108320,13.383820533752441,108219,-12.805242280000002,35,21.54,6140,0.8749839663505554,-0.2257736772298813,0.0005
0.046351440250873566,0.72,3057,108415,12.650142669677734,108314,-13.26864896,35,21.76,6144,1.8224042654037476,0.38154539465904236,0.0005
0.04666920378804207,0.72,3060,108513,12.748032569885254,108412,-13.342870949999998,35,21.97,6148,0.8742523193359375,-0.12377776205539703,0.0005
0.04615877941250801,0.73,3063,108614,11.876079559326172,108513,-13.266179560000001,35,22.13,6152,1.6643701791763306,-1.0984408855438232,0.0005
0.044627200812101364,0.74,3066,108722,12.56570816040039,108621,-13.19387165,35,22.38,6156,2.3129334449768066,0.5739457011222839,0.0005
0.045417409390211105,0.75,3068,108823,13.24345588684082,108722,-13.126121820000002,35,22.54,6160,1.2426830530166626,0.1860637664794922,0.0005
0.04483053460717201,0.75,3070,108893,12.12578296661377,108792,-13.03616846,35,22.34,6164,1.4377521276474,-0.004333853721618652,0.0005
0.04469217360019684,0.76,3072,108969,12.431656837463379,108868,-12.843762909999999,35,22.36,6168,3.1223535537719727,-0.31184184551239014,0.0005
0.04428473487496376,0.77,3075,109067,12.640398025512695,108966,-12.669858149999998,35,22.42,6172,2.1724977493286133,-0.08813437074422836,0.0005
0.04386630281805992,0.8,3077,109136,11.0642728805542,109035,-11.880112120000001,35,22.01,6176,0.971611738204956,0.41717952489852905,0.0005
0.043950971215963364,0.8,3080,109219,12.100614547729492,109118,-11.84318511,35,21.94,6180,1.6320548057556152,0.27981626987457275,0.0005
0.044223178178071976,0.81,3082,109303,12.534168243408203,109202,-11.594726829999999,35,21.71,6184,2.3967366218566895,-0.19677899777889252,0.0005
0.044362299144268036,0.82,3085,109389,11.58031177520752,109288,-11.375077249999999,35,21.7,6188,1.6974852085113525,0.7518215775489807,0.0005
0.04406891390681267,0.83,3087,109485,12.464733123779297,109384,-11.175047919999999,35,21.6,6192,2.0339338779449463,0.49621880054473877,0.0005
0.04538426548242569,0.8,3089,109567,12.544794082641602,109466,-11.670310889999996,35,21.52,6196,3.2974400520324707,0.2881208658218384,0.0005
0.04912164807319641,0.81,3093,109680,13.810249328613281,109579,-11.745540360000001,35,21.97,6200,1.9700901508331299,-0.010694846510887146,0.0005
0.04990772157907486,0.81,3094,109752,15.701833724975586,109651,-11.683368740000002,35,21.85,6204,1.4641090631484985,0.7112439870834351,0.0005
0.05047222226858139,0.82,3096,109822,13.61746883392334,109721,-11.4991518,35,21.84,6208,1.8186577558517456,-0.022513657808303833,0.0005
0.0498259961605072,0.82,3098,109903,12.97629451751709,109802,-11.413938660000001,35,21.63,6212,1.0729775428771973,0.3363121747970581,0.0005
0.05020591616630554,0.81,3101,109996,12.617215156555176,109895,-11.659975960000002,35,21.65,6216,0.6248326301574707,-1.4661118984222412,0.0005
0.04866233095526695,0.81,3121,110088,11.94085693359375,109987,-11.79095233,35,21.91,6220,0.9408449530601501,-0.38283833861351013,0.0005
0.04766978695988655,0.84,3123,110166,12.093148231506348,110065,-11.218863670000001,35,21.86,6224,2.0385916233062744,-0.6679586172103882,0.0005
0.04628598690032959,0.84,3126,110269,12.222284317016602,110168,-11.172696540000002,35,21.82,6228,1.2244224548339844,-0.07573836296796799,0.0005
0.04569021984934807,0.85,3128,110351,13.984641075134277,110250,-10.958345570000004,35,21.77,6232,1.3345344066619873,-0.290757954120636,0.0005
0.04611213132739067,0.84,3130,110424,11.39362907409668,110323,-11.13181108,35,21.77,6236,1.9260083436965942,0.7190592288970947,0.0005
0.045589905232191086,0.83,3133,110514,11.986124992370605,110413,-11.37685423,35,21.94,6240,1.9332926273345947,-0.11433298885822296,0.0005
0.04507365822792053,0.84,3135,110580,13.681742668151855,110479,-11.032483150000001,35,21.65,6244,2.5161938667297363,-0.0756506398320198,0.0005
0.04419899731874466,0.85,3137,110661,13.313407897949219,110560,-10.782383490000003,35,21.48,6248,2.4941272735595703,-0.4079591929912567,0.0005
0.045372460037469864,0.86,3139,110762,12.056134223937988,110661,-10.550298580000002,35,21.48,6252,2.3070523738861084,0.37308916449546814,0.0005
0.044928401708602905,0.83,3142,110878,12.836514472961426,110777,-11.131766010000002,35,21.56,6256,1.198400616645813,0.5207513570785522,0.0005
0.04587920010089874,0.82,3144,110973,12.185453414916992,110872,-11.309391499999998,35,21.5,6260,2.046771764755249,0.015928037464618683,0.0005
0.04592932388186455,0.82,3146,111038,11.853694915771484,110937,-11.2610249,35,21.45,6264,1.1656605005264282,-0.49235305190086365,0.0005
0.04658198356628418,0.82,3148,111136,12.32000732421875,111035,-11.364742969999998,35,21.67,6268,0.6214430928230286,0.03788444399833679,0.0005
0.04689015820622444,0.82,3150,111219,13.199882507324219,111118,-11.29567207,35,21.52,6272,1.016221284866333,0.14471223950386047,0.0005
0.047043576836586,0.81,3153,111299,13.054929733276367,111198,-11.533085520000002,35,21.63,6276,0.8243364691734314,0.45360076427459717,0.0005
0.047604601830244064,0.82,3155,111377,12.298429489135742,111276,-11.36230813,35,21.58,6280,0.5051941871643066,0.23393240571022034,0.0005
0.04736896604299545,0.82,3157,111464,11.675127029418945,111363,-11.344404449999999,35,21.61,6284,1.5525376796722412,-0.0615362823009491,0.0005
0.04646672308444977,0.83,3159,111550,13.146478652954102,111449,-11.206208310000001,35,21.61,6288,1.3358783721923828,-0.2626449465751648,0.0005
0.04567810893058777,0.82,3162,111642,11.27736759185791,111541,-11.357410050000004,35,21.57,6292,2.3310821056365967,-0.7853355407714844,0.0005
0.044866498559713364,0.84,3164,111728,12.09626293182373,111627,-11.069761750000003,35,21.61,6296,0.8956520557403564,0.5029789805412292,0.0005
0.04579833522439003,0.84,3166,111809,12.382159233093262,111708,-10.92216942,35,21.29,6300,0.4518957734107971,-0.030934102833271027,0.0005
0.0443873330950737,0.85,3168,111900,11.544340133666992,111799,-10.847149340000003,35,21.48,6304,0.7874587774276733,-0.8830056190490723,0.0005
0.04322466999292374,0.84,3171,111989,11.398306846618652,111888,-11.160605310000001,35,21.67,6308,2.5128207206726074,0.36702072620391846,0.0005
0.04378468543291092,0.83,3173,112073,11.670485496520996,111972,-11.306996730000002,35,21.7,6312,0.9260833859443665,-0.060576699674129486,0.0005
0.04354508966207504,0.84,3175,112144,10.172595977783203,112043,-10.949404470000001,35,21.48,6316,1.3454588651657104,0.12495109438896179,0.0005
0.042993590235710144,0.85,3177,112218,13.04127311706543,112117,-10.717344950000001,35,21.3,6320,1.0185809135437012,0.27842509746551514,0.0005
0.04377097263932228,0.83,3179,112297,10.965563774108887,112196,-11.103126980000003,35,21.31,6324,1.0641162395477295,0.2119445949792862,0.0005
0.0436185784637928,0.83,3181,112376,11.824396133422852,112275,-11.016147340000002,35,21.07,6328,1.7429614067077637,-0.016168668866157532,0.0005
0.04447609558701515,0.82,3183,112469,15.252314567565918,112368,-11.190984980000001,35,21.18,6332,2.266667366027832,0.037230536341667175,0.0005
0.04622006416320801,0.81,3185,112562,11.858474731445312,112461,-11.43372699,35,21.38,6336,1.0945265293121338,-0.2793012857437134,0.0005
0.045980293303728104,0.82,3187,112643,13.312393188476562,112542,-11.271782480000004,35,21.29,6340,1.2638808488845825,-0.7603736519813538,0.0005
0.04603378847241402,0.81,3189,112709,12.529199600219727,112608,-11.435340810000003,35,21.29,6344,1.3788179159164429,0.35979992151260376,0.0005
0.04556300863623619,0.8,3191,112796,11.592649459838867,112695,-11.6587903,35,21.35,6348,1.5306169986724854,-0.41626590490341187,0.0005
0.044666990637779236,0.8,3194,112888,11.166057586669922,112787,-11.635558620000001,35,21.26,6352,2.5369930267333984,0.12166088819503784,0.0005
0.04492158815264702,0.82,3196,112990,12.313425064086914,112889,-11.26348069,35,21.12,6356,1.6034488677978516,0.2794441282749176,0.0005
0.04370327293872833,0.83,3199,113074,12.205793380737305,112973,-11.010279639999998,35,21.01,6360,0.8872994184494019,-0.5862494707107544,0.0005
0.04315229505300522,0.82,3201,113190,12.300500869750977,113089,-11.39863307,35,21.52,6364,0.5330822467803955,0.05759413540363312,0.0005
0.043037477880716324,0.83,3203,113268,11.418471336364746,113167,-11.15131397,35,21.32,6368,0.9433181285858154,0.4663220942020416,0.0005
0.04291072487831116,0.83,3205,113338,10.311683654785156,113237,-11.0875141,35,21.19,6372,1.8613700866699219,-0.6069731116294861,0.0005
0.04221126809716225,0.83,3207,113429,12.091710090637207,113328,-11.143801700000001,35,21.3,6376,1.8402512073516846,-0.7045094966888428,0.0005
0.04208909720182419,0.82,3209,113515,12.33969783782959,113414,-11.34014358,35,21.38,6380,1.7400403022766113,-0.13679832220077515,0.0005
0.04093514755368233,0.82,3211,113586,11.011979103088379,113485,-11.26708474,35,21.22,6384,1.3202576637268066,0.034125953912734985,0.0005
0.04006386920809746,0.82,3213,113672,12.172905921936035,113571,-11.235947229999999,35,21.22,6388,1.7446337938308716,-0.20799405872821808,0.0005
0.04046754166483879,0.82,3215,113766,12.050346374511719,113665,-11.250085939999996,35,21.24,6392,1.7894270420074463,0.6692869663238525,0.0005
0.0407228022813797,0.83,3217,113852,13.744577407836914,113751,-11.055967089999998,35,21.24,6396,1.1945730447769165,-0.038856491446495056,0.0005
0.040974684059619904,0.83,3219,113916,11.098691940307617,113815,-10.95447396,35,21.07,6400,2.987975835800171,0.3124455511569977,0.0005
0.04170209914445877,0.82,3221,114005,10.838951110839844,113904,-11.138720590000002,35,21.05,6404,1.5397696495056152,0.09597551822662354,0.0005
0.04149651154875755,0.83,3223,114081,11.626543045043945,113980,-10.872240609999999,35,20.92,6408,2.317774772644043,0.1848987340927124,0.0005
0.04122227802872658,0.85,3225,114158,12.899106979370117,114057,-10.539998659999997,35,20.85,6412,1.842336893081665,-0.5816618204116821,0.0005
0.041004326194524765,0.85,3227,114248,12.278360366821289,114147,-10.63942456,35,21.04,6416,1.8159903287887573,0.659306526184082,0.0005
0.04067537188529968,0.84,3230,114348,12.265012741088867,114247,-10.896137010000002,35,21.3,6420,1.3446781635284424,-0.7215702533721924,0.0005
0.04030315950512886,0.86,3232,114429,11.873302459716797,114328,-10.513445639999997,35,21.32,6424,0.3655136227607727,0.5124883651733398,0.0005
0.040294598788022995,0.84,3233,114514,11.549148559570312,114413,-10.937895260000003,35,21.38,6428,1.8732651472091675,0.42258787155151367,0.0005
0.04102016240358353,0.85,3236,114609,11.291764259338379,114508,-10.769271579999998,35,21.4,6432,2.399608612060547,0.08994166553020477,0.0005
0.042477939277887344,0.86,3238,114679,11.022859573364258,114578,-10.52666772,35,21.17,6436,0.95477294921875,-0.16912764310836792,0.0005
0.04210541769862175,0.86,3240,114749,12.237710952758789,114648,-10.433067540000001,35,21.06,6440,1.0010379552841187,-0.19646674394607544,0.0005
0.04117608070373535,0.88,3242,114827,10.571399688720703,114726,-10.185786290000001,35,21.18,6444,1.323638677597046,-0.47284698486328125,0.0005
0.04135148227214813,0.89,3244,114903,11.832071304321289,114802,-9.95313614,35,21.07,6448,1.8147672414779663,0.18898236751556396,0.0005
0.041499730199575424,0.88,3245,114972,11.498353004455566,114871,-10.01852156,35,20.84,6452,0.8277711272239685,0.1005963385105133,0.0005
0.042057666927576065,0.89,3248,115054,11.819063186645508,114953,-9.71455586,35,20.64,6456,0.8073439598083496,-0.18728475272655487,0.0005
0.04221552237868309,0.88,3250,115135,10.881364822387695,115034,-9.880079580000002,35,20.61,6460,2.7729997634887695,-0.5718475580215454,0.0005
0.04099233075976372,0.89,3251,115205,10.52907943725586,115104,-9.531555619999999,35,20.15,6464,0.7004210948944092,-1.1114041805267334,0.0005
0.040679823607206345,0.89,3254,115288,11.260009765625,115187,-9.545345759999998,35,20.2,6468,2.2407021522521973,-0.08884420990943909,0.0005
0.04146500304341316,0.89,3256,115371,11.157391548156738,115270,-9.61123377,35,20.33,6472,1.8385543823242188,0.03933647274971008,0.0005
0.04107367992401123,0.9,3257,115440,11.884160041809082,115339,-9.31414637,35,20.11,6476,1.7432236671447754,-0.04978364706039429,0.0005
0.042005740106105804,0.9,3259,115520,11.58995532989502,115419,-9.30177462,35,20.05,6480,1.5867395401000977,0.14846287667751312,0.0005
0.04178455099463463,0.9,3261,115609,11.463455200195312,115508,-9.40680442,35,20.23,6484,2.0568275451660156,0.5897645950317383,0.0005
0.04196156561374664,0.9,3263,115678,11.071588516235352,115577,-9.330892379999998,35,20.06,6488,1.1114517450332642,-0.43469104170799255,0.0005
0.04050900787115097,0.9,3265,115769,9.883460998535156,115668,-9.32249419,35,20.03,6492,1.0407626628875732,-0.2088189274072647,0.0005
0.03963569551706314,0.9,3267,115845,10.839367866516113,115744,-9.24390941,35,19.93,6496,1.5829675197601318,0.13060657680034637,0.0005
0.04062432795763016,0.91,3269,115923,13.58165168762207,115822,-9.167224639999999,35,20.07,6500,1.5631515979766846,0.11834713816642761,0.0005
0.04344293475151062,0.92,3271,116002,10.939139366149902,115901,-8.92499187,35,19.97,6504,1.1706831455230713,0.630256175994873,0.0005
0.04389221593737602,0.92,3274,116089,13.891181945800781,115988,-8.949774,35,20.08,6508,2.080386161804199,0.010809484869241714,0.0005
0.044451478868722916,0.91,3276,116179,10.9319429397583,116078,-9.179618269999999,35,20.21,6512,2.7953884601593018,-0.47904539108276367,0.0005
0.04419310763478279,0.91,3277,116247,11.395675659179688,116146,-9.072899660000001,35,19.99,6516,1.7194225788116455,-0.40714898705482483,0.0005
0.04401601105928421,0.92,3279,116318,11.285869598388672,116217,-8.780722280000003,35,19.7,6520,2.0494048595428467,-0.08460399508476257,0.0005
0.04362960532307625,0.92,3281,116400,11.422496795654297,116299,-8.7848333,35,19.71,6524,0.7275799512863159,-0.2738807201385498,0.0005
0.041964948177337646,0.93,3284,116491,11.063480377197266,116390,-8.58021579,35,19.77,6528,1.5740113258361816,-0.3574656546115875,0.0005
0.040909137576818466,0.92,3286,116562,11.434959411621094,116461,-8.663678650000001,35,19.53,6532,2.6789355278015137,-0.1375151425600052,0.0005
0.04079512134194374,0.93,3288,116640,10.696101188659668,116539,-8.498365299999998,35,19.61,6536,0.5952203273773193,0.29995954036712646,0.0005
0.0409415028989315,0.93,3290,116716,10.640800476074219,116615,-8.549272120000001,35,19.67,6540,3.6341631412506104,-0.051162004470825195,0.0005
0.040467750281095505,0.92,3292,116796,10.731575012207031,116695,-8.728855209999999,35,19.69,6544,1.3553403615951538,-0.03410762548446655,0.0005
0.04044145718216896,0.92,3293,116859,10.404891014099121,116758,-8.63627677,35,19.56,6548,0.9096858501434326,-0.5645914673805237,0.0005
0.03956169635057449,0.93,3296,116952,10.064435005187988,116851,-8.60988422,35,19.8,6552,0.7714508175849915,-0.4196799695491791,0.0005
0.039040707051754,0.93,3298,117029,10.129105567932129,116928,-8.568421249999998,35,19.75,6556,2.442457437515259,-0.07902753353118896,0.0005
0.03997029364109039,0.94,3300,117134,11.520204544067383,117033,-8.51362271,35,19.99,6560,1.5385020971298218,0.3091610372066498,0.0005
0.04003569111227989,0.92,3302,117214,10.741029739379883,117113,-8.982351450000001,35,20.09,6564,2.6902546882629395,-0.07809305191040039,0.0005
0.03962448984384537,0.92,3305,117292,11.785786628723145,117191,-8.971538830000002,35,20.04,6568,1.0850390195846558,0.1018991768360138,0.0005
0.04066383093595505,0.92,3307,117378,10.743992805480957,117277,-9.005800670000001,35,20.07,6572,0.6140027046203613,0.452856183052063,0.0005
0.04070665314793587,0.92,3309,117469,11.036212921142578,117368,-9.121327159999998,35,20.29,6576,1.8058604001998901,-0.39624208211898804,0.0005
0.04082706943154335,0.93,3313,117576,10.34081745147705,117475,-9.06996563,35,20.56,6580,1.5125452280044556,1.1463896036148071,0.0005
0.04209829866886139,0.93,3315,117666,11.752116203308105,117565,-9.073999919999999,35,20.57,6584,1.0578500032424927,0.5585892200469971,0.0005
0.04230298474431038,0.93,3317,117726,11.387392044067383,117625,-9.02363824,35,20.48,6588,1.3442684412002563,-0.14085513353347778,0.0005
0.04168596491217613,0.94,3319,117807,10.869281768798828,117706,-8.79790437,35,20.38,6592,0.8526233434677124,0.6017851829528809,0.0005
0.04245384410023689,0.93,3321,117894,11.403913497924805,117793,-9.070967110000002,35,20.49,6596,1.3450322151184082,0.25949740409851074,0.0005
0.04236903786659241,0.92,3324,117981,11.156328201293945,117880,-9.26353564,35,20.58,6600,1.1230525970458984,0.25204482674598694,0.0005
0.04278067871928215,0.92,3326,118052,10.421789169311523,117951,-9.21080583,35,20.5,6604,1.8539886474609375,-0.3394838273525238,0.0005
0.04251144081354141,0.91,3328,118128,12.539597511291504,118027,-9.306521980000001,35,20.39,6608,2.8521175384521484,0.9158753752708435,0.0005
0.0433853343129158,0.92,3329,118190,10.829620361328125,118089,-8.97724456,35,20.11,6612,1.4808690547943115,-0.3276638388633728,0.0005
0.043941207230091095,0.92,3332,118281,11.631296157836914,118180,-9.09177433,35,20.34,6616,1.0933663845062256,-0.06740398705005646,0.0005
0.04536342993378639,0.91,3334,118359,11.655527114868164,118258,-9.27977523,35,20.41,6620,1.3745845556259155,-0.471029132604599,0.0005
0.044705506414175034,0.9,3336,118431,11.490104675292969,118330,-9.403340179999999,35,20.31,6624,1.4150385856628418,-0.4037759602069855,0.0005
0.04387613385915756,0.91,3338,118510,11.58852767944336,118409,-9.17961937,35,20.19,6628,2.108966827392578,-0.09150658547878265,0.0005
0.043232887983322144,0.92,3341,118601,10.946706771850586,118500,-9.08353986,35,20.39,6632,0.8846828937530518,-0.6917375326156616,0.0005
0.04312356933951378,0.92,3343,118673,11.713470458984375,118572,-9.100098630000002,35,20.33,6636,2.2031166553497314,-0.025613069534301758,0.0005
0.042936623096466064,0.92,3345,118760,11.31056022644043,118659,-9.15464297,35,20.44,6640,0.8072737455368042,-0.06264647841453552,0.0005
0.042181890457868576,0.93,3347,118833,11.854804039001465,118732,-8.92944199,35,20.37,6644,3.8529582023620605,0.4533655345439911,0.0005
0.04239815101027489,0.93,3350,118925,11.026638984680176,118824,-9.08665335,35,20.66,6648,2.5676164627075195,-0.5256936550140381,0.0005
0.04163099825382233,0.93,3352,118994,10.907733917236328,118893,-8.96030608,35,20.42,6652,1.5137438774108887,0.14902061223983765,0.0005
0.042032498866319656,0.93,3354,119086,10.68271541595459,118985,-9.060510700000002,35,20.57,6656,1.3060004711151123,0.250475138425827,0.0005
0.041620150208473206,0.93,3357,119172,11.42811393737793,119071,-8.957815250000001,35,20.38,6660,0.9194574952125549,0.023795977234840393,0.0005
0.040360625833272934,0.94,3359,119262,10.87213134765625,119161,-8.77155432,35,20.48,6664,0.924838125705719,-0.14469268918037415,0.0005
0.03961300104856491,0.93,3361,119328,10.776710510253906,119227,-8.840476480000001,35,20.36,6668,1.4946190118789673,-0.28105461597442627,0.0005
0.0390918105840683,0.92,3364,119419,11.744756698608398,119318,-9.029292009999999,35,20.41,6672,1.7897326946258545,-0.13051335513591766,0.0005
0.03949134796857834,0.92,3366,119512,11.000151634216309,119411,-9.03834929,35,20.43,6676,2.4791932106018066,0.23132368922233582,0.0005
0.040178991854190826,0.91,3369,119616,12.525968551635742,119515,-9.195295620000001,35,20.4,6680,2.3160862922668457,0.34801527857780457,0.0005
0.041035767644643784,0.91,3372,119711,12.085010528564453,119610,-9.207708629999999,35,20.45,6684,1.6732547283172607,-0.34310251474380493,0.0005
0.04015195742249489,0.9,3375,119788,10.514692306518555,119687,-9.436120599999999,35,20.62,6688,1.503143310546875,0.6119399070739746,0.0005
0.04074550047516823,0.9,3376,119849,9.821870803833008,119748,-9.325292769999999,35,20.42,6692,1.3118271827697754,-0.47014349699020386,0.0005
0.04032568261027336,0.91,3378,119918,10.819450378417969,119817,-9.03223301,35,20.24,6696,1.970497727394104,-0.1459459662437439,0.0005
0.03985240310430527,0.92,3380,119999,11.344278335571289,119898,-8.847524320000002,35,20.18,6700,1.503157377243042,-0.24051260948181152,0.0005
0.039017461240291595,0.92,3399,120068,9.528657913208008,119967,-8.84097811,35,20.16,6704,2.442382335662842,-0.5060568451881409,0.0005
0.03912274166941643,0.93,3401,120140,9.91623592376709,120039,-8.67945157,35,20.12,6708,0.507004976272583,-0.28803616762161255,0.0005
0.039273735135793686,0.93,3403,120220,11.24492073059082,120119,-8.787465050000002,35,20.3,6712,1.9952552318572998,-0.02064073085784912,0.0005
0.03951963409781456,0.93,3405,120300,10.437835693359375,120199,-8.73094698,35,20.19,6716,0.6931023001670837,-0.46910786628723145,0.0005
0.03950728103518486,0.94,3408,120394,11.229787826538086,120293,-8.65744453,35,20.35,6720,0.9392319321632385,-0.15229451656341553,0.0005
0.03900221735239029,0.95,3410,120480,10.508145332336426,120379,-8.54249414,35,20.49,6724,0.8501342535018921,0.37470853328704834,0.0005
0.03829771280288696,0.95,3412,120560,10.009820938110352,120459,-8.545190380000001,35,20.5,6728,1.5806370973587036,0.6870642900466919,0.0005
0.037265338003635406,0.94,3414,120632,10.40737533569336,120531,-8.64758284,35,20.31,6732,1.581742763519287,-0.07734501361846924,0.0005
0.03805489093065262,0.94,3416,120713,10.320955276489258,120612,-8.66885185,35,20.4,6736,2.8483500480651855,-0.4419075548648834,0.0005
0.03862272948026657,0.94,3418,120785,11.341959953308105,120684,-8.57014146,35,20.25,6740,3.04476261138916,-0.5829764604568481,0.0005
0.037043508142232895,0.94,3420,120861,11.179037094116211,120760,-8.58376343,35,20.28,6744,1.318312406539917,0.2717456519603729,0.0005
0.038868486881256104,0.94,3423,120950,11.555736541748047,120849,-8.55370278,35,20.25,6748,2.692577362060547,0.19259321689605713,0.0005
0.039766136556863785,0.94,3425,121030,10.379873275756836,120929,-8.608516019999998,35,20.36,6752,0.7375422120094299,-0.5270483493804932,0.0005
0.0407201424241066,0.94,3427,121117,8.723037719726562,121016,-8.59206881,35,20.31,6756,1.0711679458618164,-0.42048755288124084,0.0005
0.04067927971482277,0.94,3429,121185,10.167518615722656,121084,-8.516197790000001,35,20.13,6760,2.351087808609009,-0.7016462087631226,0.0005
0.040856365114450455,0.95,3431,121261,9.854012489318848,121160,-8.25249267,35,19.99,6764,1.0004488229751587,-0.8518185615539551,0.0005
0.04044107347726822,0.95,3433,121344,10.765666961669922,121243,-8.399866270000002,35,20.16,6768,2.2996532917022705,-0.37405237555503845,0.0005
0.03970948979258537,0.96,3435,121413,11.225051879882812,121312,-8.10909921,35,19.94,6772,1.0619497299194336,0.2868098020553589,0.0005
0.03973456844687462,0.96,3437,121487,11.623580932617188,121386,-8.02786336,35,19.75,6776,1.3736605644226074,0.5876637697219849,0.0005
0.03988651931285858,0.97,3439,121563,11.308748245239258,121462,-7.729637779999998,35,19.47,6780,1.7725703716278076,0.41506829857826233,0.0005
0.04132213443517685,0.96,3441,121639,10.762388229370117,121538,-7.84799241,35,19.28,6784,1.9148937463760376,-1.4182989597320557,0.0005
0.04174270108342171,0.95,3444,121722,11.627409934997559,121621,-8.13481715,35,19.34,6788,2.1995928287506104,0.7293245196342468,0.0005
0.04235261678695679,0.94,3446,121809,12.557182312011719,121708,-8.43134691,35,19.6,6792,1.2644462585449219,0.4084444046020508,0.0005
0.04298262670636177,0.94,3448,121892,11.000591278076172,121791,-8.495508780000002,35,19.74,6796,1.7235329151153564,-0.25417885184288025,0.0005
0.04261309653520584,0.94,3450,121967,11.85020637512207,121866,-8.47858107,35,19.68,6800,1.7084558010101318,0.2015884965658188,0.0005
0.042451053857803345,0.94,3452,122052,10.325643539428711,121951,-8.551612,35,19.84,6804,1.114534854888916,-0.15062326192855835,0.0005
0.04175129160284996,0.93,3454,122125,10.89716625213623,122024,-8.71821259,35,19.85,6808,2.09230375289917,-0.3482216000556946,0.0005
0.042414531111717224,0.92,3457,122222,10.102134704589844,122121,-8.96457164,35,20.02,6812,1.6968410015106201,0.38403570652008057,0.0005
0.042206134647130966,0.91,3460,122322,11.800228118896484,122221,-9.22542387,35,20.22,6816,0.9210798740386963,1.127888560295105,0.0005
0.04231088608503342,0.91,3462,122404,11.299665451049805,122303,-9.17000608,35,20.1,6820,1.0852200984954834,-0.35549652576446533,0.0005
0.0418454073369503,0.9,3464,122485,10.608914375305176,122384,-9.327029500000002,35,20.05,6824,1.7619398832321167,0.2089209258556366,0.0005
0.04193435236811638,0.9,3467,122575,10.673070907592773,122474,-9.38214034,35,20.15,6828,1.18962562084198,-0.19426816701889038,0.0005
0.04204047471284866,0.91,3469,122646,10.475234985351562,122545,-9.19647496,35,20.14,6832,2.0753774642944336,0.21718299388885498,0.0005
0.041580572724342346,0.91,3471,122730,9.824581146240234,122629,-9.20608605,35,20.17,6836,0.9606702923774719,-0.728142261505127,0.0005
0.04014407843351364,0.9,3473,122821,10.389528274536133,122720,-9.46312779,35,20.36,6840,0.3681564927101135,0.08342257887125015,0.0005
0.039139941334724426,0.9,3476,122903,9.708212852478027,122802,-9.504336720000001,35,20.42,6844,2.1363205909729004,-0.14461909234523773,0.0005
0.0392133966088295,0.9,3477,122963,10.903615951538086,122862,-9.369841460000002,35,20.13,6848,0.4142696261405945,0.2393321543931961,0.0005
0.039548493921756744,0.9,3479,123025,9.632558822631836,122924,-9.2678647,35,19.95,6852,1.6482715606689453,-0.06758677959442139,0.0005
0.03955250233411789,0.9,3481,123102,11.163509368896484,123001,-9.21399554,35,19.85,6856,0.889626681804657,0.20354455709457397,0.0005
0.03916830196976662,0.89,3483,123182,9.971949577331543,123081,-9.43375013,35,19.97,6860,1.5471059083938599,-0.1055755466222763,0.0005
0.0391644649207592,0.89,3485,123263,9.577056884765625,123162,-9.47969325,35,20.02,6864,1.5121318101882935,-0.21981410682201385,0.0005
0.03831697627902031,0.9,3487,123334,10.450048446655273,123233,-9.21153638,35,19.9,6868,1.0379009246826172,0.14084413647651672,0.0005
0.03845837712287903,0.9,3489,123413,9.522786140441895,123312,-9.269005049999999,35,20.0,6872,1.486441969871521,-0.020499706268310547,0.0005
0.039772387593984604,0.9,3491,123497,11.31364917755127,123396,-9.32144556,35,20.1,6876,2.2953453063964844,1.3807659149169922,0.0005
0.041311632841825485,0.89,3493,123576,9.819661140441895,123475,-9.49587199,35,20.13,6880,1.042069673538208,-0.12894307076931,0.0005
0.04176535829901695,0.9,3495,123644,9.853919982910156,123543,-9.24676312,35,20.05,6884,0.693763256072998,-0.11104357242584229,0.0005
0.04155757278203964,0.92,3497,123718,10.41264533996582,123617,-8.795892039999998,35,19.96,6888,0.4172981083393097,-0.18632563948631287,0.0005
0.04088800027966499,0.92,3500,123811,10.371084213256836,123710,-8.84407861,35,20.02,6892,0.3552824854850769,-0.17395643889904022,0.0005
0.040101271122694016,0.92,3501,123876,10.043717384338379,123775,-8.737924059999997,35,19.84,6896,2.1860122680664062,-0.023143481463193893,0.0005
0.04015815258026123,0.92,3504,123960,10.21699047088623,123859,-8.762988949999999,35,19.93,6900,0.5645468831062317,0.35048407316207886,0.0005
0.040902845561504364,0.92,3506,124051,9.496874809265137,123950,-8.80598364,35,19.99,6904,1.4199883937835693,-0.02810661494731903,0.0005
0.041878052055835724,0.92,3508,124131,10.404953002929688,124030,-8.81968433,35,20.06,6908,1.160904049873352,-0.07411865890026093,0.0005
0.04164852201938629,0.93,3511,124211,10.846948623657227,124110,-8.5693742,35,19.89,6912,1.2249791622161865,-0.13795924186706543,0.0005
0.04151856154203415,0.94,3512,124272,10.520864486694336,124171,-8.20258532,35,19.5,6916,2.718123435974121,0.2288404107093811,0.0005
0.04121638834476471,0.93,3514,124346,10.643036842346191,124245,-8.317618889999999,35,19.42,6920,0.813298761844635,-0.6277195811271667,0.0005
0.040869683027267456,0.94,3516,124419,11.165279388427734,124318,-8.09973995,35,19.34,6924,1.0353879928588867,-0.10021737217903137,0.0005
0.03984013944864273,0.93,3519,124516,11.160306930541992,124415,-8.32754747,35,19.41,6928,0.7024324536323547,-0.10864430665969849,0.0005
0.04009046033024788,0.93,3522,124604,10.830175399780273,124503,-8.42891055,35,19.58,6932,1.0890693664550781,-0.42925459146499634,0.0005
0.04061204567551613,0.93,3524,124674,10.616294860839844,124573,-8.36471364,35,19.44,6936,0.6565066576004028,0.21154899895191193,0.0005
0.04053144156932831,0.93,3526,124761,9.641375541687012,124660,-8.382899530000001,35,19.4,6940,1.301924467086792,-0.3141952157020569,0.0005
0.03937862440943718,0.93,3529,124848,9.17059326171875,124747,-8.395865319999999,35,19.45,6944,1.1150712966918945,0.006395548582077026,0.0005
0.03928273543715477,0.92,3531,124916,8.77216625213623,124815,-8.602015260000002,35,19.53,6948,1.3608636856079102,0.14974603056907654,0.0005
0.03880926966667175,0.92,3533,125004,10.546692848205566,124903,-8.75625997,35,19.79,6952,1.4983267784118652,0.08147751539945602,0.0005
0.03937505558133125,0.92,3535,125082,9.172657012939453,124981,-8.75751436,35,19.8,6956,1.1253294944763184,0.026364564895629883,0.0005
0.038978707045316696,0.93,3537,125159,11.587430953979492,125058,-8.589280809999998,35,19.77,6960,1.2494255304336548,-0.22985917329788208,0.0005
0.03980060666799545,0.93,3539,125224,10.943323135375977,125123,-8.484333509999999,35,19.61,6964,0.6903945207595825,-0.5474985241889954,0.0005
0.04032694920897484,0.93,3541,125286,10.588525772094727,125185,-8.43596829,35,19.52,6968,1.46055006980896,0.07584020495414734,0.0005
0.03954114764928818,0.93,3543,125371,9.177755355834961,125270,-8.48175298,35,19.58,6972,0.7268570065498352,-0.2897438406944275,0.0005
0.03860147297382355,0.93,3545,125446,9.874774932861328,125345,-8.43369381,35,19.49,6976,0.8881656527519226,0.04269516468048096,0.0005
0.03838835284113884,0.94,3547,125515,9.696449279785156,125414,-8.211939039999999,35,19.39,6980,1.878950834274292,-0.12831048667430878,0.0005
0.03856504708528519,0.93,3550,125604,11.139253616333008,125503,-8.497785219999999,35,19.6,6984,1.433408498764038,0.6341012716293335,0.0005
0.03851749375462532,0.91,3552,125681,9.546734809875488,125580,-8.838528720000001,35,19.63,6988,1.1851145029067993,-0.1366005688905716,0.0005
0.03876486420631409,0.89,3554,125770,9.384342193603516,125669,-9.14022497,35,19.59,6992,0.7100294828414917,-0.5666060447692871,0.0005
0.03840038180351257,0.88,3557,125862,10.408930778503418,125761,-9.480160900000001,35,19.86,6996,0.7439332008361816,0.324601948261261,0.0005
0.03845977783203125,0.88,3559,125943,9.722450256347656,125842,-9.46835886,35,19.83,7000,3.084165096282959,0.000856250524520874,0.0005
0.03836891055107117,0.88,3561,126022,9.359503746032715,125921,-9.40749313,35,19.71,7004,2.603815793991089,-0.03555113077163696,0.0005
0.03760664537549019,0.89,3563,126090,10.403451919555664,125989,-9.21906521,35,19.59,7008,0.8853811621665955,-0.14304055273532867,0.0005
0.03712105378508568,0.89,3564,126155,10.93730354309082,126054,-9.12756072,35,19.44,7012,1.1476542949676514,1.2430839538574219,0.0005
0.03838438168168068,0.89,3566,126229,10.548097610473633,126128,-9.18908007,35,19.57,7016,2.340153217315674,1.073336124420166,0.0005
0.039626576006412506,0.89,3568,126307,10.184934616088867,126206,-9.25115515,35,19.61,7020,1.1940499544143677,-0.178364098072052,0.0005
0.039389293640851974,0.89,3570,126397,9.79133129119873,126296,-9.384341560000001,35,19.78,7024,2.012834072113037,0.586097002029419,0.0005
0.0398917980492115,0.9,3573,126496,11.329456329345703,126395,-9.209590579999999,35,19.8,7028,1.578300952911377,0.5442976951599121,0.0005
0.03962917625904083,0.9,3575,126583,9.609346389770508,126482,-9.20972989,35,19.79,7032,1.0867137908935547,0.04986617714166641,0.0005
0.039197590202093124,0.9,3577,126664,10.46207046508789,126563,-9.29616139,35,19.9,7036,1.307692527770996,-0.15370340645313263,0.0005
0.0386839397251606,0.91,3580,126753,9.828049659729004,126652,-9.12884155,35,19.92,7040,2.8640310764312744,0.4358665347099304,0.0005
0.0381493978202343,0.91,3582,126836,11.037164688110352,126735,-9.115528159999998,35,19.88,7044,0.884270429611206,-0.18474474549293518,0.0005
0.038280487060546875,0.92,3584,126920,10.069364547729492,126819,-9.02906464,35,20.04,7048,0.9243860840797424,-0.44748032093048096,0.0005
0.037942398339509964,0.92,3586,127007,8.850387573242188,126906,-9.02792241,35,20.03,7052,2.1923258304595947,-0.04734836518764496,0.0005
0.037758998572826385,0.91,3588,127086,9.781867980957031,126985,-9.20170336,35,20.04,7056,0.7917482852935791,-0.2684333026409149,0.0005
0.039388373494148254,0.91,3589,127154,9.578629493713379,127053,-9.15291602,35,19.95,7060,1.9451828002929688,0.08956211805343628,0.0005
0.0399087592959404,0.91,3591,127240,9.626504898071289,127139,-9.2640966,35,20.16,7064,2.004741907119751,-0.36083924770355225,0.0005
0.039397358894348145,0.9,3594,127335,9.77944564819336,127234,-9.607451469999999,35,20.49,7068,0.36625152826309204,-0.0672188326716423,0.0005
0.039442386478185654,0.9,3596,127416,9.62523365020752,127315,-9.565043260000003,35,20.45,7072,2.212161064147949,-0.10704267770051956,0.0005
0.03908975049853325,0.89,3597,127484,9.032758712768555,127383,-9.9040016,35,20.38,7076,1.5411796569824219,0.41950616240501404,0.0005
0.0391412116587162,0.89,3599,127559,9.96306037902832,127458,-9.923013540000001,35,20.44,7080,1.4262747764587402,-0.07451219856739044,0.0005
0.038177020847797394,0.9,3601,127636,10.692848205566406,127535,-9.691220620000001,35,20.32,7084,0.7514484524726868,-0.6709040403366089,0.0005
0.03763338923454285,0.92,3603,127710,9.470081329345703,127609,-9.37989257,35,20.29,7088,0.9620925188064575,-0.09611320495605469,0.0005
0.038064274936914444,0.95,3604,127785,10.14400863647461,127684,-8.833329130000001,35,20.15,7092,1.5159125328063965,0.04272624850273132,0.0005
0.038394007831811905,0.96,3606,127875,8.408426284790039,127774,-8.65093313,35,20.13,7096,0.9549293518066406,-0.34131646156311035,0.0005
0.03763893246650696,0.96,3608,127963,10.12191390991211,127862,-8.700689030000001,35,20.2,7100,1.9356670379638672,-0.09172841906547546,0.0005
0.03811001405119896,0.95,3610,128042,9.686941146850586,127941,-8.87921299,35,20.2,7104,1.053739070892334,-0.40068840980529785,0.0005
0.040025968104600906,0.94,3612,128128,10.6629638671875,128027,-9.127150089999999,35,20.38,7108,0.9717466235160828,0.9747479557991028,0.0005
0.04127107188105583,0.93,3614,128204,10.621529579162598,128103,-9.369164439999999,35,20.49,7112,1.298346996307373,-0.2653697431087494,0.0005
0.041342925280332565,0.93,3615,128273,9.560657501220703,128172,-9.35673802,35,20.44,7116,2.1857588291168213,0.7863796949386597,0.0005
0.041661858558654785,0.94,3617,128345,9.78582763671875,128244,-9.12229778,35,20.38,7120,2.6966288089752197,-0.07068833708763123,0.0005
0.04208746179938316,0.93,3619,128427,10.319530487060547,128326,-9.26987083,35,20.3,7124,2.0129125118255615,0.2987629175186157,0.0005
0.042387448251247406,0.93,3621,128490,9.874994277954102,128389,-9.059465730000001,35,19.94,7128,1.2405352592468262,0.5146808624267578,0.0005
0.042671963572502136,0.93,3622,128557,11.046010971069336,128456,-8.94773043,35,19.74,7132,3.9165031909942627,0.036276139318943024,0.0005
0.04306146502494812,0.93,3624,128639,9.355304718017578,128538,-8.92164729,35,19.75,7136,1.4880058765411377,0.20916259288787842,0.0005
0.044091738760471344,0.91,3627,128731,10.370973587036133,128630,-9.28702307,35,19.78,7140,0.7920898199081421,-0.3566311001777649,0.0005
0.04315229505300522,0.91,3628,128799,9.870512008666992,128698,-9.22318948,35,19.63,7144,3.46500301361084,0.2592589259147644,0.0005
0.042755376547575,0.91,3630,128876,9.381784439086914,128775,-9.208623679999999,35,19.56,7148,3.4261250495910645,-0.4363034963607788,0.0005
0.041552867740392685,0.91,3632,128957,9.818809509277344,128856,-9.16653963,35,19.5,7152,0.6251130700111389,-0.3353709280490875,0.0005
0.04144016280770302,0.92,3634,129025,10.8485689163208,128924,-8.94138027,35,19.39,7156,0.8102327585220337,-0.4066503345966339,0.0005
0.041330065578222275,0.92,3636,129118,10.09578800201416,129017,-9.06209497,35,19.64,7160,0.5594500303268433,-0.9240649938583374,0.0005
0.04026151821017265,0.92,3639,129206,10.201972961425781,129105,-9.09949174,35,19.66,7164,0.9668253660202026,0.3448730707168579,0.0005
0.03958144038915634,0.93,3641,129296,9.266283988952637,129195,-8.9156345,35,19.61,7168,1.3916947841644287,0.2645072937011719,0.0005
0.03894621133804321,0.93,3643,129363,9.947665214538574,129262,-8.852043709999998,35,19.47,7172,1.3090746402740479,-0.16112110018730164,0.0005
0.03899066895246506,0.94,3644,129424,9.815699577331543,129323,-8.42056604,35,19.4,7176,0.6040937900543213,-0.6749145984649658,0.0005
0.03933655843138695,0.94,3646,129515,8.828810691833496,129414,-8.51634059,35,19.56,7180,1.30949068069458,-1.001058578491211,0.0005
0.038273733109235764,0.94,3648,129598,9.130828857421875,129497,-8.56045981,35,19.62,7184,1.21842622756958,-0.4823126196861267,0.0005
0.03825487568974495,0.94,3650,129666,9.223535537719727,129565,-8.514086740000002,35,19.56,7188,1.7254703044891357,-0.21002697944641113,0.0005
0.037861838936805725,0.94,3652,129744,10.084142684936523,129643,-8.51554357,35,19.59,7192,1.1166008710861206,0.2070336639881134,0.0005
0.037238337099552155,0.94,3654,129835,10.502870559692383,129734,-8.541183740000001,35,19.6,7196,2.9013543128967285,0.49344968795776367,0.0005
0.03851370885968208,0.94,3657,129936,8.471399307250977,129835,-8.60013077,35,19.73,7200,1.2445489168167114,-0.06891116499900818,0.0005
0.03896031901240349,0.95,3676,130021,12.984735488891602,129920,-8.465097530000001,35,19.79,7204,4.062780857086182,1.2984181642532349,0.0005
0.04170338809490204,0.96,3679,130132,10.471364974975586,130031,-8.4377442,35,20.04,7208,1.6351292133331299,0.44218650460243225,0.0005
0.044130589812994,0.96,3682,130221,10.620758056640625,130120,-8.56312621,35,20.17,7212,0.9579670429229736,0.5138877630233765,0.0005
0.044213976711034775,0.96,3684,130301,10.809032440185547,130200,-8.623978800000001,35,20.28,7216,0.9892911911010742,1.6825826168060303,0.0005
0.04513709619641304,0.96,3686,130378,10.413524627685547,130277,-8.66539886,35,20.33,7220,1.9019972085952759,-0.06376488506793976,0.0005
0.04522880166769028,0.97,3688,130453,10.642755508422852,130352,-8.41948731,35,20.26,7224,0.8128050565719604,0.46278145909309387,0.0005
0.04489801079034805,0.97,3690,130547,9.386005401611328,130446,-8.585852690000001,35,20.57,7228,1.0818719863891602,-0.2254764884710312,0.0005
0.04474596306681633,0.97,3693,130627,9.721878051757812,130526,-8.64804995,35,20.7,7232,1.7237114906311035,0.531673789024353,0.0005
0.04500574246048927,0.97,3694,130700,10.51049518585205,130599,-8.59378307,35,20.61,7236,1.091944932937622,0.2565392851829529,0.0005
0.04555515572428703,0.99,3696,130772,10.491655349731445,130671,-8.121032820000002,35,20.41,7240,2.1350769996643066,-0.11207909882068634,0.0005
0.04559505730867386,0.99,3698,130854,9.452693939208984,130753,-8.18435824,35,20.55,7244,0.8075660467147827,0.11527630686759949,0.0005
0.04493478685617447,0.99,3700,130941,9.956705093383789,130840,-8.20717395,35,20.65,7248,1.0372343063354492,-0.4133911728858948,0.0005
0.044588617980480194,0.99,3702,131018,9.180788040161133,130917,-8.16376231,35,20.61,7252,1.0706326961517334,-0.3585575222969055,0.0005
0.04399571940302849,0.99,3704,131087,10.483333587646484,130986,-8.163585159999998,35,20.62,7256,2.237053394317627,-0.26385265588760376,0.0005
0.0439637191593647,0.99,3707,131188,11.023028373718262,131087,-8.191938729999999,35,20.7,7260,2.5019378662109375,0.2500706613063812,0.0005
0.04450538009405136,0.99,3709,131266,9.96603012084961,131165,-8.135608549999999,35,20.6,7264,1.5295088291168213,0.39376455545425415,0.0005
0.04375726357102394,0.99,3710,131332,9.32686996459961,131231,-7.98586857,35,20.36,7268,2.061270236968994,-1.2882182598114014,0.0005
0.04222914204001427,0.99,3713,131437,9.428550720214844,131336,-8.16766747,35,20.74,7272,0.760769248008728,-1.3339853286743164,0.0005
0.04183577746152878,0.99,3715,131522,8.896979331970215,131421,-8.28279584,35,20.98,7276,0.9050768613815308,-0.5374993085861206,0.0005
0.04151877760887146,0.99,3717,131593,9.919875144958496,131492,-8.174029899999999,35,20.78,7280,1.0960839986801147,0.025087986141443253,0.0005
0.040498241782188416,0.99,3719,131667,9.008861541748047,131566,-8.09501225,35,20.69,7284,1.3444734811782837,-0.18429866433143616,0.0005
0.03988797590136528,0.99,3722,131766,8.760550498962402,131665,-8.26505493,35,21.0,7288,0.574084997177124,-0.5023642778396606,0.0005
0.039197973906993866,0.99,3724,131858,9.098816871643066,131757,-8.32797999,35,21.14,7292,1.1007702350616455,-0.7800413370132446,0.0005
0.03821089491248131,0.99,3726,131940,8.795419692993164,131839,-8.2460074,35,21.05,7296,2.2532734870910645,0.35022175312042236,0.0005
0.038301512598991394,0.99,3728,132023,9.838403701782227,131922,-8.150200839999998,35,20.87,7300,1.2675533294677734,-0.06802520155906677,0.0005
0.038519587367773056,0.99,3730,132117,10.081428527832031,132016,-8.178326810000002,35,20.96,7304,2.240985870361328,-0.13489654660224915,0.0005
0.03822016343474388,0.99,3733,132216,10.25472640991211,132115,-8.123897710000001,35,20.84,7308,1.5102676153182983,0.6752059459686279,0.0005
0.03790589049458504,0.99,3735,132302,9.884784698486328,132201,-8.064970899999999,35,20.81,7312,1.0642467737197876,0.586313009262085,0.0005
0.03831863030791283,0.99,3737,132374,9.779019355773926,132273,-8.01116368,35,20.73,7316,1.1174073219299316,0.26807522773742676,0.0005
0.0386849008500576,0.99,3738,132444,9.18280029296875,132343,-7.964080739999999,35,20.66,7320,1.60117769241333,0.12474225461483002,0.0005
0.0393165685236454,0.99,3740,132515,9.076120376586914,132414,-7.9229141499999995,35,20.62,7324,2.133934497833252,0.6306522488594055,0.0005
0.03981247916817665,0.99,3742,132598,10.001487731933594,132497,-7.8959985900000005,35,20.51,7328,1.3456332683563232,-0.4614487290382385,0.0005
0.03954962641000748,0.99,3745,132671,9.869200706481934,132570,-7.851642020000001,35,20.44,7332,2.118581771850586,0.1265830397605896,0.0005
0.03936677798628807,0.99,3746,132741,9.739875793457031,132640,-7.84755114,35,20.41,7336,0.8126108646392822,-0.23223522305488586,0.0005
0.03918014466762543,0.99,3749,132821,9.750893592834473,132720,-7.89671654,35,20.49,7340,2.1384987831115723,-0.30599987506866455,0.0005
0.0395355187356472,0.99,3751,132885,9.948129653930664,132784,-7.789615440000002,35,20.31,7344,0.9966440200805664,1.198279857635498,0.0005
0.039866507053375244,0.98,3753,132962,10.264497756958008,132861,-7.965660740000001,35,20.21,7348,2.0571508407592773,-0.4804575741291046,0.0005
0.03870398923754692,0.98,3755,133036,8.486169815063477,132935,-7.9589873,35,20.18,7352,1.0857771635055542,0.3005872070789337,0.0005
0.038328543305397034,0.98,3757,133113,9.263635635375977,133012,-8.0131417,35,20.26,7356,0.7228499054908752,0.33940327167510986,0.0005
0.03858725726604462,0.98,3759,133186,12.536410331726074,133085,-7.8768815299999995,35,19.98,7360,1.6255539655685425,-0.42993971705436707,0.0005
0.038639914244413376,0.96,3762,133287,11.297687530517578,133186,-8.322926529999998,35,20.21,7364,2.8907361030578613,0.6973329186439514,0.0005
0.0397835373878479,0.96,3764,133369,9.259283065795898,133268,-8.42035661,35,20.37,7368,3.475132465362549,-0.05210152268409729,0.0005
0.04028985649347305,0.96,3767,133463,8.845399856567383,133362,-8.36283772,35,20.26,7372,2.0400795936584473,-0.3719378113746643,0.0005
0.04049006476998329,0.96,3769,133544,10.301945686340332,133443,-8.35967785,35,20.22,7376,0.6503247618675232,-0.45965665578842163,0.0005
0.04006623849272728,0.96,3771,133624,9.136178970336914,133523,-8.405758429999999,35,20.31,7380,2.898822546005249,-0.08117552101612091,0.0005
0.03927980363368988,0.96,3773,133700,8.762638092041016,133599,-8.44185646,35,20.33,7384,0.5856852531433105,-1.2717859745025635,0.0005
0.0383496917784214,0.96,3775,133783,9.05477523803711,133682,-8.376613670000001,35,20.17,7388,1.858628749847412,0.6457724571228027,0.0005
0.037516746670007706,0.96,3777,133851,9.244369506835938,133750,-8.263759700000001,35,19.93,7392,0.37882041931152344,-0.2183903604745865,0.0005
0.03716697171330452,0.96,3779,133935,8.827316284179688,133834,-8.27264243,35,19.95,7396,0.7581356763839722,0.043495893478393555,0.0005
0.03754076361656189,0.96,3781,134017,10.28067684173584,133916,-8.2630207,35,19.94,7400,1.5636467933654785,0.4731903076171875,0.0005
0.0379767008125782,0.95,3783,134088,9.037781715393066,133987,-8.35274916,35,19.71,7404,1.6072221994400024,0.20981758832931519,0.0005
0.038827408105134964,0.95,3786,134177,8.561646461486816,134076,-8.30048212,35,19.61,7408,2.4912171363830566,0.1365777999162674,0.0005
0.039249762892723083,0.96,3788,134263,9.26724910736084,134162,-8.132823570000001,35,19.61,7412,1.0572396516799927,-0.3714712858200073,0.0005
0.03907851129770279,0.96,3791,134351,9.722746849060059,134250,-8.20181508,35,19.77,7416,1.4993259906768799,-0.32883089780807495,0.0005
0.0384892001748085,0.95,3793,134440,9.436488151550293,134339,-8.48569142,35,19.96,7420,1.3736162185668945,-0.030080005526542664,0.0005
0.03805609047412872,0.95,3796,134532,8.465171813964844,134431,-8.60524421,35,20.17,7424,0.3587888479232788,0.07264769077301025,0.0005
0.03856407105922699,0.95,3798,134614,9.929670333862305,134513,-8.57955835,35,20.16,7428,2.437035083770752,0.12636661529541016,0.0005
0.03911592811346054,0.95,3800,134685,8.398248672485352,134584,-8.57245397,35,20.14,7432,0.6577371954917908,-0.7407057285308838,0.0005
0.03853575140237808,0.95,3802,134771,10.096759796142578,134670,-8.64277148,35,20.3,7436,0.5237924456596375,0.5695668458938599,0.0005
0.04006338492035866,0.95,3804,134857,8.641470909118652,134756,-8.69112849,35,20.36,7440,0.7868943214416504,0.7122582197189331,0.0005
0.04107700660824776,0.95,3807,134939,10.295858383178711,134838,-8.79908864,35,20.54,7444,0.815488874912262,-0.5270074009895325,0.0005
0.03993608430027962,0.96,3809,135022,9.184537887573242,134921,-8.61073865,35,20.6,7448,2.2180867195129395,0.1855633407831192,0.0005
0.038485538214445114,0.96,3811,135106,9.455251693725586,135005,-8.66502201,35,20.7,7452,2.0044212341308594,-0.31569698452949524,0.0005
0.03814975172281265,0.96,3813,135182,9.453058242797852,135081,-8.659887959999999,35,20.69,7456,1.487126350402832,0.2308417707681656,0.0005
0.03777849301695824,0.96,3815,135250,8.836469650268555,135149,-8.646860429999998,35,20.64,7460,1.5574826002120972,-0.17622044682502747,0.0005
0.03819417208433151,0.98,3816,135318,8.956742286682129,135217,-8.14627843,35,20.31,7464,2.1611557006835938,-0.1707817018032074,0.0005
0.038472868502140045,0.98,3819,135401,9.711603164672852,135300,-8.14699525,35,20.32,7468,0.8263856768608093,0.7615307569503784,0.0005
0.03953416272997856,0.98,3821,135481,9.101158142089844,135380,-8.08242714,35,20.18,7472,3.0851330757141113,-0.10330851376056671,0.0005
0.03874465823173523,0.98,3823,135561,8.564714431762695,135460,-8.07906552,35,20.17,7476,2.2568044662475586,0.15494918823242188,0.0005
0.03919409587979317,0.98,3825,135639,9.057310104370117,135538,-8.078114289999998,35,20.15,7480,1.8759297132492065,-0.0013148263096809387,0.0005
0.03836049512028694,0.98,3827,135710,10.697212219238281,135609,-8.03006379,35,20.1,7484,1.2299528121948242,0.1276649832725525,0.0005
0.038802970200777054,0.98,3829,135781,8.849183082580566,135680,-7.932475489999999,35,19.98,7488,2.5291500091552734,-0.5825232267379761,0.0005
0.03857620805501938,0.98,3831,135869,8.47433853149414,135768,-8.036952,35,20.18,7492,0.955040454864502,-0.03185713291168213,0.0005
0.03809178248047829,0.98,3833,135946,8.505964279174805,135845,-8.016737310000002,35,20.11,7496,1.0060858726501465,-0.17507889866828918,0.0005
0.03815785422921181,0.98,3836,136022,9.724272727966309,135921,-7.974290930000002,35,20.05,7500,2.1335556507110596,0.15670032799243927,0.0005
0.038034431636333466,0.99,3838,136101,8.09341812133789,136000,-7.816857650000002,35,20.13,7504,2.4287233352661133,0.3842732310295105,0.0005
0.03855232894420624,0.99,3840,136173,8.876035690307617,136072,-7.712257750000001,35,19.96,7508,1.6788709163665771,0.46701037883758545,0.0005
0.03847552835941315,0.99,3842,136260,8.045938491821289,136159,-7.71813274,35,19.97,7512,0.6898698806762695,0.576863169670105,0.0005
0.03854956477880478,0.99,3845,136369,9.017061233520508,136268,-7.83950682,35,20.18,7516,0.829921305179596,1.1501092910766602,0.0005
0.03926456719636917,1.0,3848,136454,9.955063819885254,136353,-7.65722103,35,20.14,7520,2.182119369506836,-0.5039807558059692,0.0005
0.03799782693386078,1.0,3850,136525,9.741950988769531,136424,-7.53677318,35,19.93,7524,1.1053380966186523,-0.26027265191078186,0.0005
0.03751557692885399,0.99,3852,136620,9.302814483642578,136519,-7.797671930000002,35,20.06,7528,1.2858240604400635,-0.6260135769844055,0.0005
0.036689840257167816,0.99,3855,136716,8.778314590454102,136615,-7.95949246,35,20.31,7532,1.2881237268447876,-0.8509234189987183,0.0005
0.03629454970359802,0.99,3857,136798,9.691400527954102,136697,-7.94665886,35,20.27,7536,3.5501186847686768,0.4020863175392151,0.0005
0.03627443686127663,0.99,3860,136892,8.567130088806152,136791,-7.96371669,35,20.35,7540,1.1297276020050049,0.41078388690948486,0.0005
0.03652820736169815,0.99,3863,136997,9.610452651977539,136896,-8.077392589999999,35,20.58,7544,1.770862340927124,-0.7403830289840698,0.0005
0.03654490038752556,0.99,3865,137097,9.224068641662598,136996,-8.15042739,35,20.75,7548,2.22568941116333,0.26527509093284607,0.0005
0.03732490539550781,0.99,3868,137172,9.878180503845215,137071,-8.09473699,35,20.66,7552,1.780538558959961,0.19881358742713928,0.0005
0.03907445818185806,0.99,3870,137257,10.50228500366211,137156,-8.1455309,35,20.75,7556,1.0356099605560303,0.9018734693527222,0.0005
0.03938470035791397,0.98,3873,137350,8.08508586883545,137249,-8.51857637,35,21.0,7560,0.9738913774490356,-0.3299144506454468,0.0005
0.038036178797483444,0.98,3876,137448,9.173690795898438,137347,-8.69115795,35,21.3,7564,1.6135841608047485,-0.06061562895774841,0.0005
0.0378882959485054,0.98,3877,137522,9.621466636657715,137421,-8.643362,35,21.21,7568,2.2020304203033447,-0.3224313259124756,0.0005
0.038224589079618454,0.98,3880,137600,9.577903747558594,137499,-8.6436258,35,21.19,7572,1.250927209854126,0.5417966842651367,0.0005
0.03810117393732071,0.98,3881,137671,9.635074615478516,137570,-8.59091398,35,21.1,7576,0.6277309656143188,0.835185170173645,0.0005
0.0382719449698925,0.98,3884,137764,9.341163635253906,137663,-8.661726999999999,35,21.25,7580,0.6610949039459229,-0.4098728597164154,0.0005
0.038871102035045624,0.98,3886,137849,9.147430419921875,137748,-8.755112359999998,35,21.39,7584,1.6149351596832275,0.7961076498031616,0.0005
0.03995461389422417,0.98,3888,137936,8.7667818069458,137835,-8.86044162,35,21.55,7588,0.8889527320861816,0.409988671541214,0.0005
0.039915382862091064,0.98,3890,138009,8.689723014831543,137908,-8.76677244,35,21.4,7592,2.061866283416748,0.23854020237922668,0.0005
0.03968779370188713,0.98,3891,138077,8.28691291809082,137976,-8.71330623,35,21.31,7596,0.9609057903289795,-0.5095445513725281,0.0005
0.03874194249510765,0.98,3893,138159,9.280698776245117,138058,-8.75938431,35,21.37,7600,2.725776195526123,-0.02024701237678528,0.0005
0.038670070469379425,0.98,3895,138223,8.347759246826172,138122,-8.663774689999999,35,21.22,7604,0.46397265791893005,-0.574788510799408,0.0005
0.03748970106244087,0.98,3897,138302,10.64909553527832,138201,-8.716572750000001,35,21.29,7608,1.6324410438537598,0.5894535779953003,0.0005
0.0379890501499176,0.98,3900,138406,7.80089807510376,138305,-8.780848030000001,35,21.46,7612,2.393744468688965,-0.004497028887271881,0.0005
0.03788958117365837,0.98,3902,138480,8.261995315551758,138379,-8.59648639,35,21.11,7616,2.3325905799865723,0.506575345993042,0.0005
0.038000281900167465,0.98,3904,138576,8.198715209960938,138475,-8.627575150000002,35,21.22,7620,1.7039434909820557,0.16469639539718628,0.0005
0.03835821896791458,0.98,3906,138652,7.9614057540893555,138551,-8.67712534,35,21.27,7624,0.7863418459892273,-0.6202174425125122,0.0005
0.038081713020801544,0.99,3908,138722,8.89395523071289,138621,-8.348386280000001,35,21.02,7628,2.5297298431396484,0.6138916015625,0.0005
0.03763105720281601,0.99,3910,138805,9.774760246276855,138704,-8.24773506,35,20.89,7632,0.8697023391723633,-0.3514275550842285,0.0005
0.03677864000201225,0.99,3912,138906,9.287126541137695,138805,-8.35441506,35,21.08,7636,0.9566891193389893,0.4716738760471344,0.0005
0.037013422697782516,0.99,3914,138982,8.754278182983398,138881,-8.28199871,35,20.9,7640,1.0012632608413696,0.3749026656150818,0.0005
0.037695206701755524,0.99,3917,139065,9.116413116455078,138964,-8.17095667,35,20.68,7644,1.8507657051086426,-0.14568106830120087,0.0005
0.03831595927476883,0.99,3919,139153,8.561742782592773,139052,-8.16846151,35,20.56,7648,1.773880124092102,-0.5165393948554993,0.0005
0.038968831300735474,0.99,3921,139238,9.07591438293457,139137,-8.26149195,35,20.66,7652,1.7339965105056763,0.1033480316400528,0.0005
0.03953997790813446,0.99,3923,139306,8.48859691619873,139205,-8.161847110000002,35,20.49,7656,0.9029768705368042,0.3100326657295227,0.0005
0.03900766745209694,1.0,3925,139372,8.142505645751953,139271,-7.751946200000001,35,20.22,7660,0.6644275188446045,-0.25214430689811707,0.0005
0.03850474953651428,1.0,3927,139444,9.230950355529785,139343,-7.587923639999999,35,19.96,7664,2.2847325801849365,-0.14505884051322937,0.0005
0.0382036454975605,1.0,3929,139524,8.377164840698242,139423,-7.6301994,35,20.02,7668,0.5517044067382812,-0.6479431390762329,0.0005
0.0384361669421196,1.0,3932,139623,7.407802581787109,139522,-7.740658210000001,35,20.23,7672,0.6507805585861206,0.28643783926963806,0.0005
0.03749042749404907,1.0,3934,139696,8.64185619354248,139595,-7.7431301900000005,35,20.25,7676,0.7505000233650208,-0.6656272411346436,0.0005
0.03701106458902359,1.0,3936,139788,8.299707412719727,139687,-7.740410290000001,35,20.24,7680,1.1839115619659424,0.15876658260822296,0.0005
0.03732427954673767,1.0,3938,139869,8.800159454345703,139768,-7.736326689999999,35,20.2,7684,0.7768737077713013,-0.7381674647331238,0.0005
0.03645627573132515,0.99,3941,139957,8.951608657836914,139856,-7.930547540000001,35,20.21,7688,0.6950558423995972,-0.38476163148880005,0.0005
0.03616630285978317,0.99,3960,140049,8.853910446166992,139948,-8.039934439999998,35,20.4,7692,1.0676685571670532,0.357322096824646,0.0005
0.03606092184782028,0.99,3962,140130,8.820708274841309,140029,-8.10725061,35,20.53,7696,2.1790525913238525,0.024193882942199707,0.0005
0.03611946851015091,0.99,3965,140217,8.66700553894043,140116,-8.14576547,35,20.58,7700,2.0661580562591553,-0.4488324522972107,0.0005
0.03704597428441048,0.99,3967,140318,11.444901466369629,140217,-8.362340329999999,35,20.95,7704,0.5644381046295166,-0.38588228821754456,0.0005
0.03776053711771965,0.99,3969,140386,8.696720123291016,140285,-8.30088472,35,20.84,7708,0.697382926940918,-0.43946588039398193,0.0005
0.03903365880250931,0.99,3971,140456,8.061731338500977,140355,-8.127820320000001,35,20.5,7712,0.8061374425888062,-0.2280033528804779,0.0005
0.03985802084207535,0.99,3973,140535,9.449702262878418,140434,-8.169578739999999,35,20.55,7716,1.3060743808746338,0.5320868492126465,0.0005
0.04010200873017311,0.98,3976,140610,9.139192581176758,140509,-8.234547869999998,35,20.34,7720,1.5801329612731934,-0.7682706117630005,0.0005
0.040517594665288925,0.97,3978,140694,11.142044067382812,140593,-8.439749899999999,35,20.42,7724,2.7868266105651855,1.1683673858642578,0.0005
0.04148004576563835,0.97,3981,140778,8.796106338500977,140677,-8.50692678,35,20.56,7728,1.0488471984863281,0.470558762550354,0.0005
0.04195697605609894,0.97,3983,140868,8.90203857421875,140767,-8.55739503,35,20.63,7732,0.8903385400772095,-0.5646291375160217,0.0005
0.040504779666662216,0.97,3985,140950,8.61739730834961,140849,-8.451935579999999,35,20.44,7736,2.924487352371216,-0.7369869947433472,0.0005
0.03969357907772064,0.97,3987,141024,7.910709381103516,140923,-8.41471481,35,20.42,7740,1.0777572393417358,-0.6602196097373962,0.0005
0.03928887099027634,0.97,3990,141112,8.832098007202148,141011,-8.45650385,35,20.47,7744,2.4224352836608887,0.0728548914194107,0.0005
0.03991888836026192,0.97,3992,141201,10.299070358276367,141100,-8.42813322,35,20.48,7748,4.895078659057617,0.25650012493133545,0.0005
0.039665017277002335,0.97,3994,141283,9.025615692138672,141182,-8.38964219,35,20.45,7752,0.9834539890289307,-1.1948094367980957,0.0005
0.038388535380363464,0.97,3996,141354,8.737098693847656,141253,-8.39642938,35,20.48,7756,1.0631401538848877,-0.3728848695755005,0.0005
0.037337202578783035,0.97,3998,141437,9.241769790649414,141336,-8.50329167,35,20.65,7760,1.2115719318389893,-0.40162885189056396,0.0005
0.037177544087171555,0.97,4001,141514,8.784650802612305,141413,-8.54800909,35,20.7,7764,1.421313762664795,0.4067762494087219,0.0005
0.03722570464015007,0.97,4002,141577,9.151556968688965,141476,-8.4441728,35,20.53,7768,0.9569839239120483,-0.3395015001296997,0.0005
0.037645746022462845,0.96,4004,141654,8.340341567993164,141553,-8.468483630000001,35,20.31,7772,0.41749441623687744,-0.060132816433906555,0.0005
0.03778555616736412,0.96,4006,141727,8.400279998779297,141626,-8.469229030000001,35,20.31,7776,0.6099239587783813,-0.3823096454143524,0.0005
0.03790327534079552,0.96,4009,141808,8.593145370483398,141707,-8.41017901,35,20.2,7780,0.46325236558914185,0.544590950012207,0.0005
0.037739042192697525,0.96,4011,141897,8.483047485351562,141796,-8.429328790000001,35,20.28,7784,1.6260640621185303,-0.07583057135343552,0.0005
0.03799961507320404,0.97,4013,141988,8.272150993347168,141887,-8.24929906,35,20.31,7788,1.193256139755249,-0.35503000020980835,0.0005
0.0380668044090271,0.97,4015,142069,9.158363342285156,141968,-8.195242190000002,35,20.2,7792,1.6040143966674805,0.2822238802909851,0.0005
0.038227058947086334,0.97,4017,142149,12.058074951171875,142048,-8.190954379999999,35,20.19,7796,3.9842886924743652,0.7340732216835022,0.0005
0.0403989814221859,0.97,4019,142230,8.424707412719727,142129,-8.150828180000001,35,20.13,7800,1.1321254968643188,-0.08968041837215424,0.0005
0.040500182658433914,0.96,4021,142320,8.755441665649414,142219,-8.23724176,35,20.02,7804,1.7936214208602905,-0.5409860610961914,0.0005
0.04073597863316536,0.96,4023,142406,10.05844497680664,142305,-8.33837583,35,20.2,7808,0.645696759223938,0.26292282342910767,0.0005
0.03977658599615097,0.95,4025,142485,8.878507614135742,142384,-8.60650639,35,20.29,7812,0.4791845679283142,-0.3470401465892792,0.0005
0.038368817418813705,0.95,4027,142568,8.897756576538086,142467,-8.61438053,35,20.33,7816,2.0511789321899414,-0.24763596057891846,0.0005
0.03762498125433922,0.96,4029,142650,8.117347717285156,142549,-8.48307656,35,20.4,7820,0.6689682006835938,-0.19007059931755066,0.0005
0.03762609511613846,0.96,4031,142736,9.157880783081055,142635,-8.50139301,35,20.42,7824,0.7818764448165894,0.27999189496040344,0.0005
0.03806409239768982,0.96,4033,142832,9.768891334533691,142731,-8.568530489999999,35,20.54,7828,0.8374125957489014,-0.1965610384941101,0.0005
0.03865838423371315,0.96,4035,142907,8.554006576538086,142806,-8.47266097,35,20.39,7832,1.2574067115783691,0.7054522633552551,0.0005
0.03827274963259697,0.96,4037,142978,10.133832931518555,142877,-8.41629525,35,20.28,7836,0.90183424949646,-0.5466080904006958,0.0005
0.03702757880091667,0.96,4039,143055,8.38254451751709,142954,-8.42700099,35,20.31,7840,1.0665111541748047,-0.8144354224205017,0.0005
0.035210128873586655,0.96,4042,143157,8.37230110168457,143056,-8.501412389999999,35,20.45,7844,1.806926965713501,0.2909906804561615,0.0005
0.035663068294525146,0.96,4043,143230,8.511911392211914,143129,-8.40556916,35,20.29,7848,1.1188260316848755,0.5090586543083191,0.0005
0.03588131070137024,0.96,4045,143300,9.0378999710083,143199,-8.347321209999999,35,20.17,7852,2.1922767162323,0.34263816475868225,0.0005
0.036070164293050766,0.96,4047,143383,8.92024040222168,143282,-8.400666229999999,35,20.29,7856,0.5241875648498535,-0.3444709777832031,0.0005
0.035867609083652496,0.95,4049,143457,7.907336235046387,143356,-8.502833979999998,35,20.2,7860,1.4306645393371582,0.03851098567247391,0.0005
0.03613341227173805,0.95,4052,143550,8.766680717468262,143449,-8.57312691,35,20.36,7864,0.900253415107727,0.18897457420825958,0.0005
0.03564154729247093,0.93,4054,143653,7.189261436462402,143552,-9.098901799999998,35,20.76,7868,0.5633648633956909,-0.19110223650932312,0.0005
0.03605632111430168,0.94,4056,143728,10.975103378295898,143627,-8.951259539999999,35,20.74,7872,1.70027756690979,1.3437998294830322,0.0005
0.0380011610686779,0.92,4058,143819,11.327356338500977,143718,-9.34958421,35,20.92,7876,2.363748073577881,0.7118431329727173,0.0005
0.0407278910279274,0.92,4060,143897,9.66014289855957,143796,-9.33956817,35,20.89,7880,1.828942060470581,0.31142258644104004,0.0005
0.04196496680378914,0.92,4062,143980,9.3140869140625,143879,-9.32209607,35,20.83,7884,1.3403315544128418,0.7328493595123291,0.0005
0.042446162551641464,0.92,4064,144057,7.970267295837402,143956,-9.255832070000002,35,20.69,7888,1.645986795425415,-0.7826929092407227,0.0005
0.041744790971279144,0.91,4066,144133,8.951271057128906,144032,-9.37562302,35,20.64,7892,1.1679039001464844,-0.20730692148208618,0.0005
0.040519412606954575,0.91,4068,144219,8.146261215209961,144118,-9.38868903,35,20.7,7896,2.298459768295288,-0.8256314992904663,0.0005
0.04017390310764313,0.91,4070,144285,8.95760440826416,144184,-9.32052534,35,20.55,7900,0.880415678024292,-0.2880779206752777,0.0005
0.039510540664196014,0.92,4072,144360,9.038227081298828,144259,-9.07378319,35,20.4,7904,1.0756819248199463,-0.46310505270957947,0.0005
0.03974981606006622,0.92,4074,144438,8.382102966308594,144337,-9.02339601,35,20.32,7908,0.9916180372238159,0.3000074326992035,0.0005
0.040164846926927567,0.93,4076,144518,9.814362525939941,144417,-8.81332994,35,20.33,7912,0.9963498115539551,-0.46031948924064636,0.0005
0.040298350155353546,0.93,4078,144599,10.252140045166016,144498,-8.81028892,35,20.31,7916,1.010636329650879,0.11368116736412048,0.0005
0.039902813732624054,0.93,4080,144685,9.270073890686035,144584,-8.844630109999999,35,20.35,7920,1.9549086093902588,0.7559719681739807,0.0005
0.0401296503841877,0.94,4082,144755,8.605098724365234,144654,-8.57277244,35,20.19,7924,1.8590457439422607,-0.2234434336423874,0.0005
0.03946375101804733,0.93,4085,144842,10.678765296936035,144741,-8.68955199,35,20.1,7928,2.5783209800720215,0.5413267612457275,0.0005
0.03990509733557701,0.93,4087,144921,8.461433410644531,144820,-8.72009712,35,20.14,7932,1.382225513458252,-0.9014449119567871,0.0005
0.039664290845394135,0.93,4089,145004,7.991979598999023,144903,-8.78832531,35,20.26,7936,2.628345489501953,-0.09604630619287491,0.0005
0.039120275527238846,0.93,4091,145087,9.0084228515625,144986,-8.833213299999999,35,20.32,7940,0.8098069429397583,0.49477073550224304,0.0005
0.03891617804765701,0.93,4094,145176,9.83545207977295,145075,-8.76155898,35,20.19,7944,0.45606309175491333,0.31813138723373413,0.0005
0.03813278302550316,0.93,4095,145249,9.75381851196289,145148,-8.78857595,35,20.19,7948,0.9827696084976196,-0.4832252860069275,0.0005
0.03842618688941002,0.93,4098,145338,8.40713882446289,145237,-8.893658369999999,35,20.38,7952,0.7447226047515869,-0.8707919716835022,0.0005
0.038284458220005035,0.93,4100,145420,7.734699249267578,145319,-8.90064802,35,20.37,7956,0.9973170757293701,0.1251218467950821,0.0005
0.0387929230928421,0.94,4103,145510,9.096626281738281,145409,-8.845910820000002,35,20.53,7960,0.46490031480789185,0.25872910022735596,0.0005
0.03864597901701927,0.94,4105,145587,8.47253704071045,145486,-8.777885970000002,35,20.37,7964,1.01389479637146,-0.5539532899856567,0.0005
0.038703758269548416,0.95,4106,145649,8.64449691772461,145548,-8.45699898,35,19.96,7968,1.9447557926177979,-0.5970290899276733,0.0005
0.03886321187019348,0.95,4108,145721,9.222444534301758,145620,-8.424352329999998,35,19.93,7972,1.5212979316711426,-0.15319544076919556,0.0005
0.03926263377070427,0.97,4110,145802,9.527713775634766,145701,-8.07783864,35,19.83,7976,1.0568548440933228,0.1484503448009491,0.0005
0.039496712386608124,0.97,4112,145876,7.988096714019775,145775,-8.045406260000002,35,19.79,7980,0.7778362035751343,0.22805091738700867,0.0005
0.039778608828783035,0.97,4114,145949,8.81952953338623,145848,-7.9608412999999985,35,19.69,7984,1.8015570640563965,0.3498685359954834,0.0005
0.03956374153494835,0.97,4117,146043,8.404422760009766,145942,-8.03785361,35,19.86,7988,1.2879222631454468,-0.625613272190094,0.0005
0.03915603458881378,0.97,4119,146114,9.109172821044922,146013,-8.05285982,35,19.81,7992,1.5727226734161377,-0.131659597158432,0.0005
0.0386507511138916,0.97,4121,146202,8.912080764770508,146101,-8.09879206,35,19.83,7996,0.5972283482551575,-0.39783504605293274,0.0005
0.03865586593747139,0.96,4123,146300,8.998861312866211,146199,-8.469616810000002,35,20.15,8000,1.8443188667297363,-0.2943696975708008,0.0005
0.03975411877036095,0.96,4125,146369,9.47071361541748,146268,-8.45513073,35,20.09,8004,2.128793239593506,0.09652305394411087,0.0005
0.03979498893022537,0.96,4128,146449,8.147439956665039,146348,-8.46455489,35,20.11,8008,2.1650238037109375,0.7203350067138672,0.0005
0.04045046493411064,0.96,4130,146531,8.848812103271484,146430,-8.49978352,35,20.13,8012,0.9422544240951538,-0.5170733332633972,0.0005
0.04057434946298599,0.96,4132,146611,7.147195816040039,146510,-8.501665999999998,35,20.12,8016,1.6954323053359985,0.35930466651916504,0.0005
0.040400926023721695,0.96,4134,146691,11.101980209350586,146590,-8.45702229,35,20.06,8020,2.4112398624420166,0.5186095833778381,0.0005
0.04103300720453262,0.96,4136,146777,9.678422927856445,146676,-8.53059783,35,20.22,8024,1.6639552116394043,0.8563857674598694,0.0005
0.04186632111668587,0.95,4139,146863,8.649048805236816,146762,-8.750353010000001,35,20.21,8028,0.7357128262519836,0.11378435045480728,0.0005
0.04138598218560219,0.95,4141,146940,9.022862434387207,146839,-8.75047231,35,20.19,8032,1.7695200443267822,-0.7375922799110413,0.0005
0.040851108729839325,0.95,4143,147025,10.676900863647461,146924,-8.771254279999999,35,20.21,8036,2.0922703742980957,0.16892080008983612,0.0005
0.040567025542259216,0.95,4145,147099,9.433473587036133,146998,-8.716559759999999,35,20.12,8040,2.1294476985931396,0.32969772815704346,0.0005
0.041047677397727966,0.94,4147,147187,9.72065544128418,147086,-8.88774285,35,20.11,8044,2.0455808639526367,0.8858804702758789,0.0005
0.040556300431489944,0.94,4149,147256,9.6990966796875,147155,-8.85268439,35,20.07,8048,1.2499678134918213,-0.13916118443012238,0.0005
0.04067886620759964,0.94,4152,147347,8.259075164794922,147246,-8.860587670000001,35,20.09,8052,1.3561397790908813,0.5054285526275635,0.0005
0.04044688865542412,0.94,4154,147417,11.212944030761719,147316,-8.76441452,35,19.97,8056,0.9924691319465637,0.6513248682022095,0.0005
0.04288075864315033,0.94,4156,147497,13.729691505432129,147396,-8.7037888,35,19.87,8060,1.0914326906204224,0.25208184123039246,0.0005
0.0431973822414875,0.93,4158,147579,12.032329559326172,147478,-9.14466678,35,19.92,8064,2.3495607376098633,0.21142950654029846,0.0005
0.04400821775197983,0.93,4160,147654,10.433097839355469,147553,-9.42491016,35,20.05,8068,1.106263518333435,0.2463490515947342,0.0005
0.04344269633293152,0.93,4162,147735,10.486384391784668,147634,-9.47719616,35,20.14,8072,0.9994479417800903,-0.48366057872772217,0.0005
0.04319574311375618,0.92,4164,147810,10.159980773925781,147709,-9.629493909999999,35,20.08,8076,1.3912652730941772,-0.004127331078052521,0.0005
0.04288316145539284,0.92,4166,147892,9.120262145996094,147791,-9.67229053,35,20.16,8080,1.9091356992721558,-0.5919409990310669,0.0005
0.041403789073228836,0.92,4167,147956,9.173202514648438,147855,-9.62011457,35,20.07,8084,0.635201632976532,0.008625365793704987,0.0005
0.040951091796159744,0.92,4169,148037,8.435521125793457,147936,-9.54512323,35,19.94,8088,2.248584747314453,0.5044362545013428,0.0005
0.04102703183889389,0.93,4172,148126,8.55140495300293,148025,-9.45258209,35,20.12,8092,2.7242956161499023,0.4264602065086365,0.0005
0.04160819202661514,0.93,4174,148204,9.594074249267578,148103,-9.386281429999999,35,20.02,8096,1.998447299003601,0.4867309331893921,0.0005
0.04166989400982857,0.93,4176,148300,9.963842391967773,148199,-9.35065468,35,20.0,8100,0.9528976678848267,0.30890920758247375,0.0005
0.04146207869052887,0.93,4178,148362,8.764594078063965,148261,-9.30150665,35,19.93,8104,1.596178650856018,0.13850538432598114,0.0005
0.041517313569784164,0.93,4180,148437,9.401470184326172,148336,-9.28666132,35,19.88,8108,1.5503886938095093,-0.03653109818696976,0.0005
0.04014832153916359,0.93,4182,148525,8.529305458068848,148424,-9.300437689999999,35,19.94,8112,1.1224853992462158,0.23803284764289856,0.0005
0.03997096046805382,0.93,4184,148588,9.47358512878418,148487,-9.19153397,35,19.77,8116,1.5413728952407837,-0.6091809272766113,0.0005
0.039713144302368164,0.93,4186,148667,8.793732643127441,148566,-9.191163210000001,35,19.76,8120,1.5312436819076538,-0.49792158603668213,0.0005
0.03880174085497856,0.93,4188,148730,8.353370666503906,148629,-9.068124439999998,35,19.53,8124,2.0258522033691406,-0.5459641218185425,0.0005
0.03893546760082245,0.95,4189,148803,9.49365234375,148702,-8.60562437,35,19.4,8128,1.098961353302002,-0.20953047275543213,0.0005
0.03916443884372711,0.95,4191,148880,7.711285591125488,148779,-8.60580183,35,19.4,8132,0.7123440504074097,-0.11036050319671631,0.0005
0.039099689573049545,0.95,4194,148984,8.914222717285156,148883,-8.6925902,35,19.59,8136,0.7106085419654846,-0.11300330609083176,0.0005
0.038610633462667465,0.95,4196,149055,7.892193794250488,148954,-8.68649772,35,19.56,8140,0.5739856362342834,0.06968571245670319,0.0005
0.038793422281742096,0.96,4198,149127,8.47886848449707,149026,-8.410099979999998,35,19.4,8144,1.9186131954193115,-0.22848345339298248,0.0005
0.03797126188874245,0.96,4200,149206,8.776330947875977,149105,-8.4649668,35,19.5,8148,1.1485817432403564,-0.03294728696346283,0.0005
0.037060804665088654,0.96,4202,149286,8.811809539794922,149185,-8.40229657,35,19.39,8152,0.6986181139945984,0.14437800645828247,0.0005
0.03664121776819229,0.96,4203,149360,7.501247406005859,149259,-8.471669839999999,35,19.43,8156,0.7045834064483643,-0.3351946175098419,0.0005
0.03694519028067589,0.96,4206,149447,7.9355788230896,149346,-8.52426752,35,19.5,8160,1.3998515605926514,0.49241361021995544,0.0005
0.03703668341040611,0.97,4207,149528,7.737456321716309,149427,-8.094965160000001,35,19.49,8164,0.7884771823883057,-0.5337845087051392,0.0005
0.03645840287208557,0.98,4209,149608,9.299734115600586,149507,-7.71467351,35,19.54,8168,1.1276962757110596,0.5722877383232117,0.0005
0.037069059908390045,0.98,4212,149697,7.969199180603027,149596,-7.760691209999999,35,19.62,8172,1.8881570100784302,-0.4381326138973236,0.0005
0.037742022424936295,0.99,4214,149785,8.711451530456543,149684,-7.65206989,35,19.75,8176,1.9460206031799316,0.0033461153507232666,0.0005
0.038056109100580215,0.99,4216,149872,8.66330337524414,149771,-7.6938859100000005,35,19.8,8180,1.0743701457977295,-0.015513122081756592,0.0005
0.03814585879445076,0.99,4218,149955,9.013712882995605,149854,-7.802945389999999,35,19.99,8184,0.7517907619476318,-0.6561035513877869,0.0005
0.03743454068899155,0.99,4236,150027,8.300498008728027,149926,-7.75240541,35,19.9,8188,1.058510184288025,-0.40935179591178894,0.0005
0.036620475351810455,0.99,4238,150105,8.13788890838623,150004,-7.695644530000001,35,19.79,8192,1.4760701656341553,-0.1781577467918396,0.0005
0.03620140627026558,0.99,4241,150209,9.641210556030273,150108,-7.82251288,35,20.05,8196,1.337311863899231,-0.33704036474227905,0.0005
0.03512011095881462,1.0,4243,150291,10.224420547485352,150190,-7.55491228,35,19.91,8200,1.6114273071289062,0.05374833941459656,0.0005
0.03628860414028168,1.0,4245,150358,11.305638313293457,150257,-7.564642349999999,35,19.96,8204,3.765761613845825,1.4654120206832886,0.0005
0.03700201213359833,1.0,4248,150448,7.5352044105529785,150347,-7.641032919999998,35,20.11,8208,1.1912225484848022,0.6632802486419678,0.0005
0.03826877102255821,1.0,4249,150519,8.529439926147461,150418,-7.541007360000001,35,19.94,8212,0.6733676195144653,0.5643872618675232,0.0005
0.038634710013866425,1.0,4251,150591,11.208578109741211,150490,-7.5985639800000015,35,20.03,8216,1.7219809293746948,2.1191258430480957,0.0005
0.039560895413160324,1.0,4254,150678,8.741073608398438,150577,-7.642396260000001,35,20.11,8220,1.1394717693328857,-0.2142362743616104,0.0005
0.039405982941389084,1.0,4256,150757,7.947194576263428,150656,-7.74621942,35,20.27,8224,0.6448131799697876,0.04240447282791138,0.0005
0.03894103318452835,1.0,4258,150829,8.487698554992676,150728,-7.741145389999998,35,20.26,8228,1.072148323059082,-0.04461757838726044,0.0005
0.038501329720020294,1.0,4260,150893,7.79879093170166,150792,-7.649841619999998,35,20.13,8232,0.5461505055427551,-0.1319127082824707,0.0005
0.03798281028866768,1.0,4262,150980,8.846841812133789,150879,-7.571905019999999,35,19.96,8236,0.8457154035568237,-0.09417444467544556,0.0005
0.037380628287792206,1.0,4264,151044,8.250807762145996,150943,-7.525567990000001,35,19.89,8240,1.489161729812622,-0.5308817625045776,0.0005
0.035929806530475616,1.0,4266,151128,8.47532844543457,151027,-7.58963482,35,20.01,8244,0.6310666799545288,-0.20995470881462097,0.0005
0.03541276976466179,0.99,4269,151207,7.560426235198975,151106,-7.7979013199999985,35,20.01,8248,1.7607693672180176,-0.8902314901351929,0.0005
0.03577542304992676,0.99,4272,151306,8.004555702209473,151205,-7.8989666299999985,35,20.2,8252,1.2154724597930908,0.44244199991226196,0.0005
0.03637618198990822,0.99,4274,151401,8.283088684082031,151300,-8.018325540000001,35,20.41,8256,2.429502487182617,-0.029884308576583862,0.0005
0.03626156970858574,0.99,4276,151465,9.029380798339844,151364,-7.87247305,35,20.18,8260,0.6348806619644165,0.2240689992904663,0.0005
0.036341506987810135,0.99,4278,151537,8.872427940368652,151436,-7.817303159999999,35,20.09,8264,1.0704684257507324,0.20290113985538483,0.0005
0.03681007772684097,0.99,4281,151623,8.475282669067383,151522,-7.8622985,35,20.15,8268,0.9489749073982239,-0.2940836250782013,0.0005
0.03673306107521057,0.99,4283,151702,9.058091163635254,151601,-7.806402810000001,35,20.05,8272,0.5638222098350525,0.3466193675994873,0.0005
0.0370447002351284,0.99,4285,151780,7.884644508361816,151679,-7.75779599,35,19.95,8276,0.6089915037155151,-0.7923507690429688,0.0005
0.037105534225702286,0.99,4287,151867,8.360332489013672,151766,-7.78816954,35,19.95,8280,0.7679808735847473,0.3180261254310608,0.0005
0.03756466135382652,0.99,4289,151929,9.042306900024414,151828,-7.675472470000001,35,19.74,8284,0.7198300361633301,-0.512994647026062,0.0005
0.0382068045437336,0.99,4291,152010,8.26386833190918,151909,-7.7339954,35,19.83,8288,0.7789978981018066,-0.8925603032112122,0.0005
0.03758314251899719,0.99,4294,152106,7.812264919281006,152005,-7.80885274,35,20.01,8292,0.9105961322784424,-0.3056688606739044,0.0005
0.03774570673704147,0.99,4296,152183,7.67189884185791,152082,-7.68062675,35,19.74,8296,0.37996143102645874,-0.5360933542251587,0.0005
0.03763602674007416,0.99,4299,152271,8.419029235839844,152170,-7.72938642,35,19.8,8300,2.6774725914001465,0.1191452294588089,0.0005
0.03794410079717636,0.99,4301,152351,8.480533599853516,152250,-7.818138810000001,35,19.93,8304,1.2920429706573486,0.051302969455718994,0.0005
0.038801684975624084,0.99,4303,152434,8.483438491821289,152333,-7.790897950000002,35,19.86,8308,0.5692332983016968,0.3386092782020569,0.0005
0.03909192979335785,0.99,4306,152514,8.479941368103027,152413,-7.836639560000001,35,19.95,8312,2.183532238006592,-0.20892369747161865,0.0005
0.03899706155061722,0.99,4307,152585,8.155826568603516,152484,-7.83601091,35,19.94,8316,1.4444993734359741,0.9606032371520996,0.0005
0.03958971053361893,0.99,4309,152665,8.979118347167969,152564,-7.79501391,35,19.87,8320,0.849861204624176,-0.5738614797592163,0.0005
0.03928188979625702,0.99,4312,152745,9.366161346435547,152644,-7.792670859999999,35,19.88,8324,1.860962152481079,0.2260686755180359,0.0005
0.03834197670221329,0.99,4314,152844,8.168905258178711,152743,-7.95708394,35,20.15,8328,0.8478412628173828,-0.1274925172328949,0.0005
0.0379190593957901,0.98,4316,152918,8.600461959838867,152817,-8.21497581,35,20.25,8332,0.7112985253334045,-0.22372233867645264,0.0005
0.03747175633907318,0.98,4318,152998,8.131423950195312,152897,-8.165927009999999,35,20.18,8336,1.978192687034607,-0.013678401708602905,0.0005
0.03737015277147293,0.98,4321,153086,8.328556060791016,152985,-8.31909952,35,20.42,8340,1.2054346799850464,-0.5121530294418335,0.0005
0.03766078129410744,0.98,4324,153184,8.109315872192383,153083,-8.41208037,35,20.56,8344,0.5412263870239258,0.15131738781929016,0.0005
0.03734174370765686,0.99,4327,153283,8.936746597290039,153182,-8.311891899999999,35,20.76,8348,0.7154818773269653,-0.4323434829711914,0.0005
0.036765411496162415,0.99,4329,153360,7.846478462219238,153259,-8.20286235,35,20.54,8352,0.9914712309837341,-0.018075525760650635,0.0005
0.03662002086639404,0.99,4331,153439,7.468708515167236,153338,-8.09936318,35,20.38,8356,1.1712226867675781,-0.01024007797241211,0.0005
0.03637053817510605,0.99,4333,153539,7.115522384643555,153438,-8.30384783,35,20.74,8360,2.512892484664917,0.7798324823379517,0.0005
0.03598865494132042,0.99,4335,153623,8.092798233032227,153522,-8.39404219,35,20.86,8364,1.4850387573242188,-0.1352495700120926,0.0005
0.03670646995306015,0.98,4338,153717,9.110715866088867,153616,-8.57749291,35,20.94,8368,0.3827430307865143,0.5637964606285095,0.0005
0.03667888045310974,0.98,4340,153790,8.793734550476074,153689,-8.52887952,35,20.88,8372,2.94002366065979,-0.6366807222366333,0.0005
0.0354287251830101,0.98,4342,153872,7.367561340332031,153771,-8.53420559,35,20.92,8376,0.7555184960365295,-0.19372272491455078,0.0005
0.035326797515153885,0.98,4344,153950,8.112353324890137,153849,-8.45629507,35,20.83,8380,0.9730409383773804,-0.3940947353839874,0.0005
0.03499424830079079,0.98,4346,154039,7.354987144470215,153938,-8.61350448,35,21.1,8384,0.8795517683029175,0.023260101675987244,0.0005
0.03452762961387634,0.98,4348,154116,7.927563190460205,154015,-8.564357700000002,35,21.06,8388,0.9364145994186401,0.4542497396469116,0.0005
0.034570422023534775,0.98,4350,154197,12.585262298583984,154096,-8.499307370000002,35,20.91,8392,3.457289218902588,1.3219096660614014,0.0005
0.03591364622116089,0.97,4352,154286,8.221176147460938,154185,-8.732460640000001,35,21.03,8396,0.4757544696331024,0.041008204221725464,0.0005
0.03736613690853119,0.97,4355,154373,8.37572956085205,154272,-8.72405169,35,21.02,8400,0.6856982707977295,-0.26943325996398926,0.0005
0.03738315775990486,0.97,4357,154450,9.217966079711914,154349,-8.72390929,35,20.99,8404,0.7423728704452515,-0.05671950429677963,0.0005
0.03716886788606644,0.97,4358,154523,7.83460807800293,154422,-8.63614969,35,20.89,8408,1.539064645767212,-0.13409772515296936,0.0005
0.036412399262189865,0.97,4361,154610,7.975656986236572,154509,-8.685417260000001,35,20.96,8412,0.8170379400253296,0.10670092701911926,0.0005
0.03592364862561226,0.97,4363,154692,8.431544303894043,154591,-8.73733142,35,21.07,8416,1.2409149408340454,0.24423374235630035,0.0005
0.03518880531191826,0.97,4365,154766,8.450267791748047,154665,-8.692546620000002,35,21.01,8420,1.0427926778793335,0.009860754013061523,0.0005
0.034761641174554825,0.97,4368,154852,7.255850791931152,154751,-8.734959000000002,35,21.07,8424,1.4988205432891846,-0.7413151264190674,0.0005
0.0344429686665535,0.97,4371,154946,8.765015602111816,154845,-8.71935539,35,21.02,8428,0.5445886254310608,0.18500936031341553,0.0005
0.03477761521935463,0.97,4373,155019,8.060283660888672,154918,-8.678905730000002,35,21.01,8432,1.5160281658172607,-0.11796675622463226,0.0005
0.03486170247197151,0.97,4375,155110,8.06707763671875,155009,-8.737672640000001,35,21.12,8436,0.43024957180023193,0.07804355025291443,0.0005
0.03464719280600548,0.97,4377,155195,8.652681350708008,155094,-8.7227053,35,21.09,8440,0.9559659957885742,0.5169633626937866,0.0005
0.03504858538508415,0.97,4380,155273,8.408214569091797,155172,-8.6178643,35,20.89,8444,1.150990605354309,0.26700133085250854,0.0005
0.03429139405488968,0.97,4382,155359,7.1738505363464355,155258,-8.52902346,35,20.76,8448,0.5219900012016296,-0.15682363510131836,0.0005
0.03412141650915146,0.97,4384,155442,9.014802932739258,155341,-8.54819642,35,20.82,8452,1.9991275072097778,0.862164318561554,0.0005
0.034904275089502335,0.97,4387,155522,7.554616928100586,155421,-8.54976967,35,20.83,8456,0.6251784563064575,-0.4629006087779999,0.0005
0.036050088703632355,0.97,4389,155613,7.505221366882324,155512,-8.497916429999998,35,20.74,8460,0.722701907157898,0.4277133345603943,0.0005
0.0365622341632843,0.97,4391,155677,8.4481201171875,155576,-8.35704755,35,20.54,8464,0.5928179025650024,0.7591834664344788,0.0005
0.03727959096431732,0.98,4393,155764,8.755731582641602,155663,-8.17702579,35,20.47,8468,1.0006749629974365,0.8936550617218018,0.0005
0.037795647978782654,0.97,4396,155851,8.798398971557617,155750,-8.42455525,35,20.61,8472,2.2026374340057373,-0.03865766525268555,0.0005
0.036914125084877014,0.97,4398,155931,8.017509460449219,155830,-8.421786680000002,35,20.59,8476,1.6510193347930908,-0.2396717071533203,0.0005
0.036604318767786026,0.96,4401,156012,7.945975303649902,155911,-8.58399001,35,20.62,8480,0.9800097942352295,-0.31985950469970703,0.0005
0.036084942519664764,0.96,4403,156098,7.703059196472168,155997,-8.57525074,35,20.59,8484,3.4126739501953125,0.40004950761795044,0.0005
0.035857535898685455,0.95,4406,156194,8.838682174682617,156093,-8.84763562,35,20.78,8488,1.7522027492523193,0.158564031124115,0.0005
0.036807674914598465,0.95,4408,156270,9.107048034667969,156169,-8.836929579999998,35,20.73,8492,1.035130500793457,0.9062017202377319,0.0005
0.03694520890712738,0.96,4410,156355,8.663818359375,156254,-8.65381508,35,20.69,8496,0.8919782638549805,-0.11281952261924744,0.0005
0.03726858273148537,0.96,4412,156427,8.190682411193848,156326,-8.55654445,35,20.54,8500,0.8140387535095215,-0.29793310165405273,0.0005
0.03722386807203293,0.96,4414,156506,8.096967697143555,156405,-8.56168027,35,20.56,8504,1.7958329916000366,0.18359898030757904,0.0005
0.037217043340206146,0.96,4416,156570,8.762126922607422,156469,-8.512947270000002,35,20.47,8508,1.4204649925231934,0.11711790412664413,0.0005
0.037213388830423355,0.96,4418,156651,8.650247573852539,156550,-8.47115405,35,20.41,8512,0.5987223982810974,0.2518727779388428,0.0005
0.0372806191444397,0.96,4420,156722,8.444963455200195,156621,-8.417333789999999,35,20.3,8516,0.8186100125312805,-0.1441553831100464,0.0005
0.0364827923476696,0.96,4423,156804,8.266397476196289,156703,-8.46380395,35,20.38,8520,0.4158821105957031,-0.31319350004196167,0.0005
0.0368465892970562,0.96,4425,156875,7.697839736938477,156774,-8.369480639999999,35,20.23,8524,0.4731157124042511,-0.2716110944747925,0.0005
0.036673396825790405,0.96,4427,156952,7.609919548034668,156851,-8.26998507,35,20.06,8528,1.4845855236053467,0.3269421458244324,0.0005
0.03610857576131821,0.97,4429,157028,8.382814407348633,156927,-8.141808269999999,35,20.09,8532,0.6666145920753479,-0.29281896352767944,0.0005
0.03652345389127731,0.97,4431,157089,10.038921356201172,156988,-7.9780310199999995,35,19.79,8536,2.551046133041382,0.039336204528808594,0.0005
0.03972906619310379,0.97,4433,157169,8.790806770324707,157068,-7.967214629999998,35,19.74,8540,1.2767287492752075,2.1072726249694824,0.0005
0.04226585850119591,0.96,4436,157255,8.983474731445312,157154,-8.146530649999999,35,19.82,8544,1.5716421604156494,0.5984723567962646,0.0005
0.042648427188396454,0.96,4438,157335,7.916303634643555,157234,-8.12366104,35,19.76,8548,0.3169148564338684,-0.21634060144424438,0.0005
0.041951652616262436,0.96,4440,157410,7.950340747833252,157309,-8.06958482,35,19.68,8552,3.237788200378418,-0.21564215421676636,0.0005
0.04165526479482651,0.96,4442,157491,7.920940399169922,157390,-8.07232533,35,19.69,8556,0.7131645083427429,-0.2812296450138092,0.0005
0.041293758898973465,0.96,4444,157572,7.896539688110352,157471,-8.01309728,35,19.59,8560,1.172206163406372,0.2427409589290619,0.0005
0.041396208107471466,0.96,4446,157650,7.555546760559082,157549,-8.10772194,35,19.73,8564,0.5515493154525757,0.13817119598388672,0.0005
0.04063813015818596,0.96,4448,157736,8.082897186279297,157635,-8.10588155,35,19.72,8568,1.4187312126159668,-0.17760197818279266,0.0005
0.04025052860379219,0.97,4451,157835,7.791141510009766,157734,-8.02479895,35,19.84,8572,1.1251343488693237,0.7504841685295105,0.0005
0.039547115564346313,0.97,4454,157928,7.890280723571777,157827,-8.1137077,35,19.97,8576,0.4058023691177368,-0.6169503331184387,0.0005
0.039022233337163925,0.98,4456,158009,7.4907121658325195,157908,-7.955943790000001,35,19.97,8580,0.9360305070877075,-0.26420915126800537,0.0005
0.038998376578092575,0.98,4458,158090,7.519384384155273,157989,-7.91183311,35,19.92,8584,2.394989013671875,-0.13164277374744415,0.0005
0.03878474980592728,0.99,4461,158173,7.341249465942383,158072,-7.714724899999998,35,19.79,8588,0.5342052578926086,-0.1219276413321495,0.0005
0.03884781897068024,0.99,4463,158241,7.411979675292969,158140,-7.6595001,35,19.71,8592,1.5410125255584717,0.05020299553871155,0.0005
0.03827982023358345,0.99,4465,158318,7.838972091674805,158217,-7.611182640000001,35,19.63,8596,0.8356582522392273,-0.011859804391860962,0.0005
0.03789743781089783,0.99,4467,158384,7.925326347351074,158283,-7.59886704,35,19.57,8600,0.895491361618042,-0.4212934672832489,0.0005
0.0377875380218029,0.99,4469,158469,8.297744750976562,158368,-7.61271158,35,19.63,8604,0.2995496988296509,-0.2819286584854126,0.0005
0.03819494694471359,0.99,4471,158550,7.261806488037109,158449,-7.719556980000001,35,19.8,8608,1.986961841583252,0.34170448780059814,0.0005
0.03740042448043823,0.99,4474,158642,8.485636711120605,158541,-7.77091802,35,19.91,8612,1.1432983875274658,0.43839898705482483,0.0005
0.037575166672468185,0.99,4476,158712,8.25503158569336,158611,-7.765084410000001,35,19.9,8616,1.2369602918624878,-0.43507495522499084,0.0005
0.03857114166021347,0.98,4478,158804,8.340351104736328,158703,-7.9946059400000005,35,20.0,8620,1.2104237079620361,0.36152517795562744,0.0005
0.037995845079422,0.98,4481,158893,7.876964092254639,158792,-8.104310420000001,35,20.18,8624,0.6605756282806396,-0.08277516067028046,0.0005
0.036514103412628174,0.98,4484,158993,6.701136112213135,158892,-8.219433650000001,35,20.41,8628,0.5155782699584961,-0.3497793674468994,0.0005
0.035416942089796066,0.98,4485,159061,7.195090293884277,158960,-8.16988639,35,20.33,8632,0.7538518905639648,-0.6431474685668945,0.0005
0.034924592822790146,0.98,4488,159139,7.799013614654541,159038,-8.269906400000002,35,20.5,8636,0.6282098889350891,0.4920802116394043,0.0005
0.034938253462314606,0.98,4490,159214,8.10114860534668,159113,-8.19561906,35,20.45,8640,0.6229649186134338,0.16090968251228333,0.0005
0.03492456302046776,0.99,4492,159289,8.161514282226562,159188,-8.00484723,35,20.34,8644,0.5488812327384949,-0.17922234535217285,0.0005
0.034823864698410034,0.99,4494,159363,7.7422285079956055,159262,-7.99149398,35,20.28,8648,1.1686630249023438,-0.097775399684906,0.0005
0.034949351102113724,0.99,4496,159435,8.181890487670898,159334,-7.984844020000001,35,20.25,8652,1.4592106342315674,0.13353288173675537,0.0005
0.0353458970785141,0.98,4498,159512,7.821037292480469,159411,-8.12221962,35,20.21,8656,0.7333474159240723,-0.2075655311346054,0.0005
0.03474622219800949,0.97,4500,159587,7.328187465667725,159486,-8.258039290000001,35,20.15,8660,0.8591053485870361,-0.7277946472167969,0.0005
0.034555185586214066,0.97,4502,159669,8.781593322753906,159568,-8.26968085,35,20.19,8664,1.0030196905136108,1.3124325275421143,0.0005
0.0348697230219841,0.96,4505,159758,8.149943351745605,159657,-8.454054150000001,35,20.22,8668,0.5818833112716675,0.306409627199173,0.0005
0.03462749719619751,0.96,4507,159836,7.5589799880981445,159735,-8.33837284,35,20.01,8672,0.5445306301116943,-0.09701961278915405,0.0005
0.03488876670598984,0.96,4509,159899,8.578792572021484,159798,-8.14225214,35,19.71,8676,1.5393458604812622,2.0845377445220947,0.0005
0.03611612692475319,0.96,4511,159971,8.103482246398926,159870,-8.08949272,35,19.62,8680,0.6624165773391724,-0.1477569192647934,0.0005
0.03561388701200485,0.95,4537,160064,7.456345558166504,159963,-8.3344876,35,19.74,8684,1.7813916206359863,0.3462773859500885,0.0005
0.03543922305107117,0.95,4539,160138,7.5910234451293945,160037,-8.255436999999999,35,19.65,8688,0.4773920774459839,-0.20528003573417664,0.0005
0.03533019497990608,0.95,4541,160220,7.533804416656494,160119,-8.320318389999999,35,19.79,8692,1.5798044204711914,-0.9772214293479919,0.0005
0.03560888022184372,0.95,4544,160309,7.32938289642334,160208,-8.37984542,35,19.91,8696,0.8488185405731201,0.20406991243362427,0.0005
0.03510461747646332,0.95,4546,160393,6.910637378692627,160292,-8.4862805,35,20.09,8700,1.6763455867767334,-0.10193070769309998,0.0005
0.0356086827814579,0.95,4547,160456,7.772282600402832,160355,-8.37108153,35,19.87,8704,0.8310373425483704,-0.1111690104007721,0.0005
0.03681861236691475,0.95,4549,160528,8.900775909423828,160427,-8.319018400000001,35,19.78,8708,1.3202117681503296,0.6129156947135925,0.0005
0.037308141589164734,0.95,4552,160618,7.875430107116699,160517,-8.31627324,35,19.76,8712,0.7496263980865479,0.17946729063987732,0.0005
0.037377435714006424,0.95,4553,160682,8.780210494995117,160581,-8.26890446,35,19.7,8716,0.9613587260246277,0.13447865843772888,0.0005
0.03716318681836128,0.96,4555,160761,7.989227294921875,160660,-8.027074429999999,35,19.57,8720,0.4423796832561493,0.7707028388977051,0.0005
0.03739563003182411,0.96,4557,160831,8.62298583984375,160730,-7.912684569999999,35,19.38,8724,1.5912526845932007,0.29034507274627686,0.0005
0.03742656856775284,0.96,4559,160899,7.491875648498535,160798,-7.743624229999999,35,19.06,8728,0.9681594371795654,-0.26359376311302185,0.0005
0.036945126950740814,0.95,4561,160987,7.091803550720215,160886,-8.04056757,35,19.26,8732,0.37194475531578064,-0.8228104114532471,0.0005
0.036115169525146484,0.95,4563,161067,8.1470947265625,160966,-8.04953044,35,19.28,8736,0.2617943286895752,-1.0770124197006226,0.0005
0.035125795751810074,0.95,4565,161146,8.151008605957031,161045,-8.091630729999999,35,19.32,8740,1.7012393474578857,0.07549560070037842,0.0005
0.03498521074652672,0.95,4567,161214,8.064482688903809,161113,-8.04503175,35,19.25,8744,0.7601653933525085,-0.22339877486228943,0.0005
0.03407438471913338,0.95,4570,161302,8.434316635131836,161201,-8.1164283,35,19.39,8748,0.4247044026851654,-0.1295011341571808,0.0005
0.033595409244298935,0.95,4572,161382,7.914251327514648,161281,-8.170875670000001,35,19.47,8752,0.4722418189048767,-0.5676547884941101,0.0005
0.03388236090540886,0.94,4575,161473,7.955269813537598,161372,-8.43157781,35,19.61,8756,0.9081578254699707,0.4366767406463623,0.0005
0.033690329641103745,0.95,4577,161551,8.196367263793945,161450,-8.29029331,35,19.64,8760,0.4022991359233856,0.188585564494133,0.0005
0.03397943824529648,0.95,4578,161626,7.965790748596191,161525,-8.26763805,35,19.57,8764,2.348787784576416,1.3484559059143066,0.0005
0.034255217760801315,0.96,4580,161703,7.646185398101807,161602,-8.025762729999999,35,19.45,8768,1.0096064805984497,0.2583734393119812,0.0005
0.033724937587976456,0.96,4582,161772,7.638168811798096,161671,-7.970837359999998,35,19.36,8772,1.670353651046753,0.6957941055297852,0.0005
0.033843010663986206,0.96,4583,161836,7.295936584472656,161735,-7.97288596,35,19.37,8776,1.5305778980255127,-0.12752582132816315,0.0005
0.03351292014122009,0.96,4585,161913,7.113000869750977,161812,-8.016795669999999,35,19.42,8780,0.8047873973846436,0.0005908608436584473,0.0005
0.033873312175273895,0.97,4587,161995,7.841465473175049,161894,-7.77291037,35,19.31,8784,0.6390741467475891,0.3086376190185547,0.0005
0.03431890532374382,0.97,4589,162075,7.947919845581055,161974,-7.816847019999999,35,19.37,8788,0.585313081741333,-0.5415638089179993,0.0005
0.03431853652000427,0.97,4590,162136,7.302773952484131,162035,-7.705600570000001,35,19.16,8792,1.8725850582122803,0.4437538981437683,0.0005
0.034626737236976624,0.97,4593,162223,7.199409484863281,162122,-7.7067064200000015,35,19.14,8796,1.5383930206298828,0.06328052282333374,0.0005
0.03447077050805092,0.97,4595,162303,8.462114334106445,162202,-7.66594945,35,19.1,8800,0.628588080406189,-0.5378173589706421,0.0005
0.0349644273519516,0.97,4597,162379,8.069486618041992,162278,-7.7561408599999995,35,19.23,8804,1.042441725730896,-0.6264023780822754,0.0005
0.035606034100055695,0.97,4599,162469,8.265469551086426,162368,-7.85732751,35,19.41,8808,1.5666733980178833,0.4262160062789917,0.0005
0.0360783189535141,0.97,4601,162551,7.1229658126831055,162450,-7.81243474,35,19.33,8812,0.6241894960403442,-0.5996479988098145,0.0005
0.03540800139307976,0.97,4603,162631,7.86212158203125,162530,-7.918811309999999,35,19.49,8816,0.7208361625671387,-0.4871166944503784,0.0005
0.03525733947753906,0.97,4605,162709,7.529104232788086,162608,-7.920529170000001,35,19.48,8820,1.0987406969070435,0.13042181730270386,0.0005
0.03541607782244682,0.97,4607,162770,7.612013816833496,162669,-7.877278180000001,35,19.39,8824,1.9231557846069336,-0.4791415333747864,0.0005
0.03523794189095497,0.97,4609,162863,7.055789947509766,162762,-7.995302210000001,35,19.64,8828,0.5513961315155029,-0.4371277093887329,0.0005
0.03483446687459946,0.98,4611,162939,7.257184028625488,162838,-7.7484684900000005,35,19.52,8832,1.0353729724884033,-0.29374247789382935,0.0005
0.034879084676504135,0.98,4613,163013,12.105796813964844,162912,-7.6984727699999995,35,19.46,8836,2.894788980484009,0.9769048094749451,0.0005
0.03812406584620476,0.97,4615,163087,9.588491439819336,162986,-7.819688279999998,35,19.41,8840,2.7769522666931152,0.11002856492996216,0.0005
0.03765445202589035,0.97,4617,163168,9.473186492919922,163067,-7.87712753,35,19.54,8844,0.887285590171814,-0.1370910406112671,0.0005
0.037358056753873825,0.97,4619,163236,8.499197959899902,163135,-7.762902580000001,35,19.34,8848,0.6660804152488708,0.32658642530441284,0.0005
0.03806231543421745,0.96,4621,163322,8.31155776977539,163221,-7.980916949999999,35,19.4,8852,1.686119556427002,-0.26917415857315063,0.0005
0.03758818656206131,0.98,4623,163403,7.625481605529785,163302,-7.584606089999999,35,19.3,8856,1.3488044738769531,-0.7024918794631958,0.0005
0.03634858503937721,0.98,4625,163473,8.606945991516113,163372,-7.53818255,35,19.22,8860,1.4638484716415405,-0.25543925166130066,0.0005
0.03588201105594635,0.98,4627,163556,8.345954895019531,163455,-7.56046037,35,19.3,8864,1.9833083152770996,-0.6247111558914185,0.0005
0.03560865297913551,0.98,4629,163636,8.009318351745605,163535,-7.570679739999999,35,19.33,8868,1.2507426738739014,-0.05406884849071503,0.0005
0.03598099201917648,0.98,4631,163714,7.582976818084717,163613,-7.622549040000001,35,19.42,8872,1.8137574195861816,0.7114146947860718,0.0005
0.03588075563311577,0.98,4632,163783,8.896600723266602,163682,-7.666681499999999,35,19.47,8876,0.806395947933197,0.22681164741516113,0.0005
0.035316985100507736,0.98,4634,163855,7.663981914520264,163754,-7.624064340000001,35,19.42,8880,1.3158636093139648,0.05201035737991333,0.0005
0.03440240025520325,0.98,4636,163926,8.832788467407227,163825,-7.570634129999999,35,19.31,8884,2.056262493133545,0.3948928713798523,0.0005
0.03404439985752106,0.98,4638,164019,8.395170211791992,163918,-7.659627810000001,35,19.44,8888,1.6748994588851929,1.0164411067962646,0.0005
0.034386731684207916,0.98,4640,164081,7.310626029968262,163980,-7.66336506,35,19.45,8892,3.342146873474121,-0.20910859107971191,0.0005
0.033853210508823395,0.98,4642,164166,7.531937122344971,164065,-7.65256472,35,19.43,8896,0.7585702538490295,-0.6643346548080444,0.0005
0.033832844346761703,0.98,4644,164236,8.394935607910156,164135,-7.599269549999999,35,19.33,8900,0.7775171995162964,-0.1612282395362854,0.0005
0.03385581821203232,0.98,4646,164319,7.03316593170166,164218,-7.64865427,35,19.4,8904,1.2404793500900269,-0.017123878002166748,0.0005
0.03426196426153183,0.98,4648,164396,7.773468494415283,164295,-7.586182990000001,35,19.27,8908,0.6486003398895264,0.7304853200912476,0.0005
0.03461435064673424,0.98,4651,164477,7.69384765625,164376,-7.57929433,35,19.26,8912,1.232048749923706,-0.2628941833972931,0.0005
0.034385617822408676,0.98,4652,164545,7.708789348602295,164444,-7.5176887599999995,35,19.14,8916,1.1934418678283691,-0.043349042534828186,0.0005
0.03407029062509537,0.98,4655,164632,8.137941360473633,164531,-7.5752353900000005,35,19.23,8920,0.8033466935157776,0.5550441741943359,0.0005
0.0335184782743454,0.98,4657,164725,7.06005859375,164624,-7.77564352,35,19.55,8924,1.6831415891647339,-0.47042402625083923,0.0005
0.034355878829956055,0.98,4659,164812,13.522687911987305,164711,-7.76604556,35,19.49,8928,2.0636332035064697,0.9084029197692871,0.0005
0.03785834461450577,0.98,4662,164889,9.174860000610352,164788,-7.767312339999998,35,19.5,8932,2.17708683013916,1.1500418186187744,0.0005
0.0390014722943306,0.98,4663,164960,8.398187637329102,164859,-7.763958849999999,35,19.47,8936,1.0329866409301758,0.5047814846038818,0.0005
0.039445068687200546,0.99,4665,165025,7.397721290588379,164924,-7.548017059999999,35,19.38,8940,1.7109060287475586,-0.7392336130142212,0.0005
0.03864387795329094,0.99,4667,165114,7.757096767425537,165013,-7.60831104,35,19.46,8944,1.2595586776733398,-0.3821232318878174,0.0005
0.03781592845916748,0.99,4669,165184,7.105337619781494,165083,-7.61506534,35,19.48,8948,0.6358048915863037,0.4176928400993347,0.0005
0.03722226247191429,1.0,4672,165281,6.989906311035156,165180,-7.504688099999999,35,19.59,8952,0.7871978282928467,-0.3605874180793762,0.0005
0.03677712380886078,1.0,4674,165357,6.9733662605285645,165256,-7.49241257,35,19.54,8956,2.355970859527588,-0.0923103392124176,0.0005
0.03726284205913544,0.99,4676,165441,8.792707443237305,165340,-7.7274536000000005,35,19.68,8960,0.5949295163154602,-0.344569593667984,0.0005
0.03653082251548767,0.99,4679,165517,8.811483383178711,165416,-7.711160379999999,35,19.61,8964,0.6450732946395874,0.7104132175445557,0.0005
0.03667588159441948,0.99,4681,165596,7.477591514587402,165495,-7.70616205,35,19.6,8968,0.5317511558532715,0.27064841985702515,0.0005
0.03695168346166611,0.99,4683,165675,7.413863182067871,165574,-7.70948598,35,19.61,8972,0.622384786605835,-0.13816861808300018,0.0005
0.03647719323635101,0.99,4685,165746,8.232198715209961,165645,-7.713587110000002,35,19.63,8976,0.6364696025848389,0.04426504671573639,0.0005
0.03615955263376236,0.99,4687,165815,7.447968482971191,165714,-7.706127370000001,35,19.6,8980,1.3822195529937744,0.5419079065322876,0.0005
0.035676028579473495,0.99,4689,165907,8.031292915344238,165806,-7.847099429999999,35,19.81,8984,1.2406551837921143,-0.05100556090474129,0.0005
0.035687725991010666,0.99,4691,165981,7.962934970855713,165880,-7.7190666199999995,35,19.62,8988,0.8223825097084045,-0.1706634759902954,0.0005
0.035836052149534225,0.99,4692,166050,7.503324031829834,165949,-7.76601621,35,19.69,8992,0.5211663246154785,-0.023063361644744873,0.0005
0.035940416157245636,0.99,4694,166129,8.00333309173584,166028,-7.723279919999999,35,19.63,8996,1.910787582397461,0.7181016802787781,0.0005
0.03837164118885994,0.98,4697,166218,10.55755615234375,166117,-8.00422438,35,19.82,9000,2.4517641067504883,0.631458044052124,0.0005
0.039366573095321655,0.98,4699,166301,7.887020587921143,166200,-8.0027118,35,19.82,9004,0.7399863004684448,-0.44083335995674133,0.0005
0.03898288682103157,0.98,4701,166382,8.183889389038086,166281,-8.015266480000001,35,19.86,9008,0.3619959354400635,-0.4934031367301941,0.0005
0.03853136673569679,0.98,4703,166451,7.41328239440918,166350,-7.95761822,35,19.74,9012,1.0485457181930542,0.42627519369125366,0.0005
0.03827758505940437,0.98,4705,166527,7.310771942138672,166426,-8.003530549999999,35,19.82,9016,0.5187042951583862,-0.6989734172821045,0.0005
0.03770466521382332,0.98,4707,166606,8.670341491699219,166505,-7.947280469999999,35,19.74,9020,0.964896559715271,0.2747476100921631,0.0005
0.03716593608260155,0.98,4709,166675,7.060137748718262,166574,-7.791295199999999,35,19.5,9024,0.3916579782962799,-0.6096285581588745,0.0005
0.03632853552699089,0.98,4711,166753,8.17586612701416,166652,-7.736516839999999,35,19.41,9028,0.5469194650650024,-0.1505192518234253,0.0005
0.03553875535726547,0.98,4714,166841,7.55412483215332,166740,-7.78470584,35,19.52,9032,0.25489550828933716,-0.7712100148200989,0.0005
0.03652988746762276,0.97,4716,166924,9.313199043273926,166823,-8.014650940000001,35,19.64,9036,1.291083574295044,-0.8211334943771362,0.0005
0.036549411714076996,0.97,4718,166997,7.611330509185791,166896,-8.06624777,35,19.72,9040,1.2797383069992065,0.24743852019309998,0.0005
0.03672065958380699,0.97,4720,167066,7.39766788482666,166965,-7.950200940000001,35,19.52,9044,0.6236314177513123,0.43468350172042847,0.0005
0.03600355237722397,0.97,4722,167149,7.71514368057251,167048,-8.04185369,35,19.65,9048,0.39439576864242554,-0.7358273267745972,0.0005
0.0357719250023365,0.97,4724,167226,8.57366943359375,167125,-7.923108209999998,35,19.45,9052,2.7935895919799805,-0.13524964451789856,0.0005
0.03534580394625664,0.97,4726,167303,7.394673824310303,167202,-7.925048449999999,35,19.46,9056,0.5516563653945923,-0.5079632997512817,0.0005
0.034825779497623444,0.97,4728,167393,8.229191780090332,167292,-8.002308679999999,35,19.52,9060,0.7301074862480164,-0.24845823645591736,0.0005
0.035286419093608856,0.96,4730,167468,8.320581436157227,167367,-8.131681219999999,35,19.51,9064,1.2534369230270386,0.6064330339431763,0.0005
0.035941656678915024,0.96,4732,167539,8.197031021118164,167438,-8.0847315,35,19.43,9068,0.9083105325698853,0.35971423983573914,0.0005
0.036195218563079834,0.96,4734,167619,6.6125946044921875,167518,-8.08692291,35,19.44,9072,0.6731176376342773,-0.25339144468307495,0.0005
0.035397425293922424,0.96,4736,167693,6.763952255249023,167592,-8.128145439999999,35,19.47,9076,0.8584800958633423,-0.7341833114624023,0.0005
0.03519098460674286,0.96,4738,167763,7.509973049163818,167662,-8.134903609999999,35,19.48,9080,0.4719640016555786,-0.3519195318222046,0.0005
0.034621115773916245,0.96,4741,167856,7.820209503173828,167755,-8.13866743,35,19.49,9084,0.5478146076202393,-0.18632209300994873,0.0005
0.03467271104454994,0.96,4743,167939,8.170841217041016,167838,-8.21944521,35,19.58,9088,1.4068074226379395,-0.15750493109226227,0.0005
0.03403370454907417,0.96,4746,168023,7.0212531089782715,167922,-8.317972959999999,35,19.73,9092,0.48990124464035034,-0.5630016326904297,0.0005
0.03436241298913956,0.96,4748,168103,7.605551719665527,168002,-8.318199209999998,35,19.74,9096,1.9421316385269165,0.4554164409637451,0.0005
0.03468765318393707,0.97,4750,168185,7.681275844573975,168084,-8.122315549999998,35,19.67,9100,1.165815830230713,-0.34159398078918457,0.0005
0.03454074636101723,0.97,4752,168263,7.302895545959473,168162,-8.08013872,35,19.62,9104,1.3105835914611816,0.5218659043312073,0.0005
0.03450872004032135,0.97,4754,168332,8.09695816040039,168231,-8.02180618,35,19.5,9108,1.823080062866211,0.5477265119552612,0.0005
0.035232651978731155,0.97,4756,168395,7.273591041564941,168294,-7.97540411,35,19.44,9112,1.0642993450164795,0.7232221961021423,0.0005
0.03526913374662399,0.97,4758,168463,6.639263153076172,168362,-7.9272578099999995,35,19.36,9116,0.46958720684051514,-0.5054407119750977,0.0005
0.034433599561452866,0.97,4760,168547,6.965158462524414,168446,-7.9711766799999975,35,19.41,9120,0.5062642693519592,-0.46353045105934143,0.0005
0.033689092844724655,0.97,4762,168627,8.663888931274414,168526,-8.025613920000001,35,19.52,9124,0.4629112184047699,0.9567078351974487,0.0005
0.03404436632990837,0.97,4765,168720,6.425329208374023,168619,-8.12337683,35,19.67,9128,1.3821865320205688,-0.3264477849006653,0.0005
0.032881464809179306,0.97,4767,168807,7.36433744430542,168706,-8.12604943,35,19.66,9132,0.637173056602478,0.20832955837249756,0.0005
0.033352289348840714,0.98,4769,168875,6.9366655349731445,168774,-7.887550329999999,35,19.51,9136,0.41198498010635376,0.11677607893943787,0.0005
0.03368285298347473,0.98,4772,168953,7.323057651519775,168852,-7.92536405,35,19.56,9140,0.7810879349708557,0.15038228034973145,0.0005
0.034484826028347015,0.97,4774,169035,6.8090901374816895,168934,-8.15216093,35,19.69,9144,1.0945857763290405,-0.3451550602912903,0.0005
0.034039098769426346,0.97,4776,169111,7.225637912750244,169010,-8.10658686,35,19.62,9148,1.333850383758545,-0.42173922061920166,0.0005
0.034019585698843,0.97,4778,169190,8.024053573608398,169089,-8.10891981,35,19.64,9152,3.1090242862701416,0.3728654980659485,0.0005
0.03643038868904114,0.97,4780,169260,10.572694778442383,169159,-8.05706637,35,19.57,9156,2.5448100566864014,1.9828498363494873,0.0005
0.03953121230006218,0.97,4782,169335,9.344881057739258,169234,-7.916105590000001,35,19.42,9160,2.032132625579834,1.7802650928497314,0.0005
0.041913632303476334,0.97,4784,169418,9.213495254516602,169317,-7.97286478,35,19.5,9164,2.8981974124908447,0.8462164402008057,0.0005
0.042844418436288834,0.97,4786,169500,9.195501327514648,169399,-8.06006651,35,19.61,9168,1.376676321029663,-0.18188226222991943,0.0005
0.04255107790231705,0.97,4788,169571,8.377420425415039,169470,-8.00996273,35,19.52,9172,3.7555222511291504,-0.9419467449188232,0.0005
0.04220999777317047,0.97,4791,169654,8.238588333129883,169553,-8.05878407,35,19.61,9176,2.2052931785583496,0.36041009426116943,0.0005
0.04208790138363838,0.97,4793,169723,7.660054683685303,169622,-8.053543229999999,35,19.6,9180,2.1483161449432373,-0.41281822323799133,0.0005
0.04189542680978775,0.96,4795,169804,8.02876091003418,169703,-8.13547192,35,19.48,9184,1.0196473598480225,-0.3051601052284241,0.0005
0.04123177006840706,0.96,4797,169874,8.195615768432617,169773,-8.04063408,35,19.35,9188,1.406915545463562,-0.4297337234020233,0.0005
0.040303777903318405,0.96,4799,169942,7.673664569854736,169841,-7.939434890000001,35,19.19,9192,1.0179758071899414,-0.710472583770752,0.0005
0.039355434477329254,0.96,4834,170019,7.1637678146362305,169918,-7.931101180000001,35,19.16,9196,0.32446908950805664,-0.12128536403179169,0.0005
0.03879992663860321,0.96,4836,170106,7.532383918762207,170005,-7.94745986,35,19.21,9200,1.2443397045135498,0.21049509942531586,0.0005
0.03816312551498413,0.96,4838,170183,7.86238956451416,170082,-7.947729079999999,35,19.2,9204,0.5474802255630493,-0.5686663389205933,0.0005
0.03752746805548668,0.96,4841,170256,7.598464012145996,170155,-7.95013324,35,19.24,9208,0.784741997718811,0.13136179745197296,0.0005
0.036857713013887405,0.96,4843,170336,7.626977920532227,170235,-8.053043200000001,35,19.41,9212,0.369365394115448,-0.5270082354545593,0.0005
0.036971792578697205,0.96,4845,170405,8.337236404418945,170304,-8.05273501,35,19.42,9216,0.6129283308982849,0.2146964967250824,0.0005
0.03756512701511383,0.96,4847,170489,6.789022445678711,170388,-8.052508790000001,35,19.42,9220,0.7266809940338135,-0.19666984677314758,0.0005
0.03769160434603691,0.96,4849,170571,7.716407775878906,170470,-8.087822,35,19.44,9224,0.6326408982276917,6.055086851119995e-05,0.0005
0.03765583038330078,0.96,4852,170646,7.233207702636719,170545,-7.978476249999997,35,19.26,9228,2.92756986618042,0.10121069848537445,0.0005
0.03732014074921608,0.96,4854,170730,7.211056709289551,170629,-7.9725142799999995,35,19.23,9232,1.047411322593689,0.3494783341884613,0.0005
0.03694149851799011,0.96,4857,170817,7.760488033294678,170716,-8.08083001,35,19.42,9236,1.0555915832519531,0.5278390049934387,0.0005
0.03674605116248131,0.96,4859,170902,6.812891960144043,170801,-8.130184960000001,35,19.49,9240,2.3574795722961426,-0.06749989092350006,0.0005
0.03654904663562775,0.97,4861,170990,6.143104553222656,170889,-8.006809400000002,35,19.55,9244,2.7326722145080566,0.17669281363487244,0.0005
0.03649168461561203,0.97,4864,171070,7.2252197265625,170969,-8.01567853,35,19.59,9248,2.678187608718872,0.36027586460113525,0.0005
0.03624564781785011,0.97,4866,171139,7.240975379943848,171038,-7.96307695,35,19.49,9252,0.9356371164321899,0.14786088466644287,0.0005
0.036033745855093,0.97,4868,171213,7.960887432098389,171112,-8.00354893,35,19.53,9256,0.3517681658267975,-0.26159995794296265,0.0005
0.03570827469229698,0.98,4870,171289,8.552982330322266,171188,-7.87304453,35,19.54,9260,0.9569016098976135,0.6488041281700134,0.0005
0.03594442456960678,0.99,4872,171370,7.169262886047363,171269,-7.730218079999999,35,19.52,9264,1.3347597122192383,-0.3920302987098694,0.0005
0.03560549020767212,0.99,4875,171453,7.989714622497559,171352,-7.733529920000002,35,19.53,9268,1.0625691413879395,-0.4394531846046448,0.0005
0.03432784229516983,0.99,4877,171532,6.905898094177246,171431,-7.784756679999999,35,19.61,9272,1.322112798690796,-0.6034311056137085,0.0005
0.03337281942367554,0.99,4879,171608,7.125275135040283,171507,-7.737554599999999,35,19.54,9276,1.2062207460403442,-0.9908876419067383,0.0005
0.03278616443276405,0.99,4881,171692,7.494940757751465,171591,-7.831751479999999,35,19.69,9280,1.0178120136260986,0.3231821358203888,0.0005
0.033055175095796585,0.99,4883,171786,8.457428932189941,171685,-7.913320040000002,35,19.82,9284,0.8704937696456909,0.2482268214225769,0.0005
0.0333276130259037,0.99,4885,171863,7.408222198486328,171762,-7.959320719999998,35,19.89,9288,0.9336714148521423,0.26877066493034363,0.0005
0.032660312950611115,0.99,4887,171937,6.534238815307617,171836,-8.00165573,35,19.95,9292,0.9084081053733826,-0.13403990864753723,0.0005
0.03325192630290985,0.99,4889,172007,6.557928085327148,171906,-7.956511599999999,35,19.88,9296,0.8472208976745605,-0.5675482749938965,0.0005
0.03328096121549606,0.99,4891,172092,7.171534538269043,171991,-7.94628858,35,19.86,9300,0.5316770076751709,-0.8475015163421631,0.0005
0.032189514487981796,0.99,4894,172178,7.665501117706299,172077,-7.99395779,35,19.95,9304,0.8893572092056274,-0.6330423355102539,0.0005
0.03267500922083855,0.99,4896,172250,7.6740031242370605,172149,-7.99834131,35,19.94,9308,2.6960034370422363,0.5416703224182129,0.0005
0.03320971131324768,0.99,4897,172313,6.606297016143799,172212,-7.900165709999999,35,19.77,9312,1.0850536823272705,-0.056981027126312256,0.0005
0.0334509052336216,0.99,4900,172402,7.229966640472412,172301,-8.041876720000001,35,19.97,9316,0.7559441328048706,0.12354086339473724,0.0005
0.034089345484972,0.99,4902,172485,6.760434150695801,172384,-8.03939725,35,19.96,9320,0.5400823950767517,-0.5916137099266052,0.0005
0.0342697910964489,0.99,4904,172566,7.4528985023498535,172465,-8.00619571,35,19.95,9324,1.1453678607940674,0.2202695906162262,0.0005
0.03411741554737091,0.99,4906,172637,7.186812400817871,172536,-7.9694137000000005,35,19.91,9328,1.1664456129074097,-0.3680002987384796,0.0005
0.03318122774362564,0.99,4908,172722,7.530389308929443,172621,-7.97700201,35,19.92,9332,1.0396664142608643,-0.29648733139038086,0.0005
0.032316453754901886,0.99,4910,172798,7.6369123458862305,172697,-7.921201969999999,35,19.81,9336,0.35221439599990845,0.44049856066703796,0.0005
0.03261786326766014,0.99,4912,172872,6.822998523712158,172771,-7.86680079,35,19.7,9340,1.0791621208190918,0.3685681223869324,0.0005
0.03288308158516884,0.99,4914,172944,7.807017803192139,172843,-7.77229507,35,19.54,9344,0.36571240425109863,-0.5104374885559082,0.0005
0.033307354897260666,0.99,4916,173012,7.677117347717285,172911,-7.7111068,35,19.42,9348,0.5962604284286499,0.6904142498970032,0.0005
0.03356857970356941,0.99,4917,173073,7.169198036193848,172972,-7.66021332,35,19.34,9352,1.1177482604980469,-0.46961525082588196,0.0005
0.03407429903745651,0.99,4920,173152,7.939000129699707,173051,-7.67925663,35,19.39,9356,0.6338933110237122,0.19731467962265015,0.0005
0.03415258228778839,0.99,4922,173228,6.774424076080322,173127,-7.685504549999999,35,19.39,9360,0.45882415771484375,-0.6689610481262207,0.0005
0.03389248251914978,0.99,4924,173307,6.585180282592773,173206,-7.652978460000001,35,19.37,9364,0.8187315464019775,-0.18199220299720764,0.0005
0.03424908220767975,0.99,4926,173384,7.392125129699707,173283,-7.60982555,35,19.31,9368,0.7916907072067261,0.2628994286060333,0.0005
0.03392487019300461,0.99,4928,173469,6.45058536529541,173368,-7.648541239999999,35,19.37,9372,1.3836420774459839,-0.637580394744873,0.0005
0.033534519374370575,0.99,4930,173546,7.476841926574707,173445,-7.64874672,35,19.38,9376,1.18863844871521,-1.2944080829620361,0.0005
0.032737117260694504,0.99,4933,173628,7.229644775390625,173527,-7.647193239999999,35,19.36,9380,0.24306555092334747,-0.6399268507957458,0.0005
0.03221592679619789,1.0,4935,173706,6.5669379234313965,173605,-7.388024859999999,35,19.2,9384,1.0646893978118896,-0.23647096753120422,0.0005
0.03200571984052658,1.0,4937,173790,6.154543876647949,173689,-7.434396890000001,35,19.27,9388,0.4366459548473358,-0.23847681283950806,0.0005
0.031523898243904114,1.0,4939,173873,7.163602352142334,173772,-7.490629360000002,35,19.36,9392,1.2824280261993408,-0.5338918566703796,0.0005
0.03189823031425476,1.0,4941,173942,6.828990459442139,173841,-7.48248871,35,19.35,9396,1.200082540512085,-0.3287006616592407,0.0005
0.03180678188800812,1.0,4943,174003,7.110724449157715,173902,-7.338110779999999,35,19.11,9400,0.6362427473068237,0.05658354610204697,0.0005
0.032203201204538345,1.0,4945,174072,7.646539688110352,173971,-7.2388904300000005,35,18.94,9404,0.5410982370376587,-0.7851154208183289,0.0005
0.03194513916969299,1.0,4947,174141,7.421932220458984,174040,-7.22900779,35,18.91,9408,0.8186299800872803,-0.011720463633537292,0.0005
0.03220396861433983,1.0,4949,174218,7.359031677246094,174117,-7.3174095999999995,35,19.05,9412,0.9783636927604675,-0.3061947226524353,0.0005
0.03176654130220413,1.0,4951,174288,7.140620231628418,174187,-7.17916834,35,18.86,9416,1.0254706144332886,-0.01909448206424713,0.0005
0.031451448798179626,1.0,4954,174369,7.233687400817871,174268,-7.150294680000002,35,18.84,9420,0.9521167278289795,-0.04466833174228668,0.0005
0.0313042514026165,1.0,4956,174446,7.617032051086426,174345,-7.14518552,35,18.8,9424,0.3862539231777191,-0.49582141637802124,0.0005
0.031855396926403046,0.99,4958,174529,7.3040313720703125,174428,-7.4399026,35,18.92,9428,1.2396504878997803,1.075735092163086,0.0005
0.03249982371926308,0.99,4960,174622,7.6943793296813965,174521,-7.484148770000001,35,19.0,9432,1.4148871898651123,0.3831771910190582,0.0005
0.032879337668418884,0.99,4962,174697,7.145812034606934,174596,-7.478782240000002,35,18.99,9436,0.7807384729385376,0.42558419704437256,0.0005
0.03332389146089554,0.99,4964,174777,7.2395148277282715,174676,-7.493269580000001,35,19.05,9440,1.0370934009552002,0.11533411592245102,0.0005
0.03331742808222771,0.99,4967,174868,6.893759727478027,174767,-7.609280700000002,35,19.24,9444,1.095266580581665,-0.08750903606414795,0.0005
0.03354966267943382,0.99,4969,174951,7.64741325378418,174850,-7.702180270000001,35,19.39,9448,0.5441061854362488,0.605954647064209,0.0005
0.03343616798520088,0.99,4971,175035,6.537199974060059,174934,-7.848400380000002,35,19.62,9452,1.0972455739974976,0.09096583724021912,0.0005
0.03334684297442436,0.99,4973,175103,9.651154518127441,175002,-7.786027980000001,35,19.51,9456,0.798810601234436,0.9570193290710449,0.0005
0.03433255851268768,0.99,4975,175184,8.326667785644531,175083,-7.80049677,35,19.56,9460,1.1631829738616943,-0.8893297910690308,0.0005
0.03384719043970108,0.99,4977,175260,8.19351863861084,175159,-7.791078659999999,35,19.53,9464,1.0348024368286133,0.34474924206733704,0.0005
0.033464521169662476,0.99,4979,175329,7.364382743835449,175228,-7.739100969999999,35,19.45,9468,1.0014700889587402,-0.1617155224084854,0.0005
0.033417828381061554,0.99,4981,175398,7.275177955627441,175297,-7.643832080000001,35,19.29,9472,2.225735664367676,-0.17144256830215454,0.0005
0.0331023633480072,0.98,4983,175484,7.8104248046875,175383,-7.87695619,35,19.38,9476,1.8193886280059814,1.1040805578231812,0.0005
0.033036913722753525,0.98,4985,175554,7.336852073669434,175453,-7.78501683,35,19.26,9480,0.3315466642379761,-0.6622413396835327,0.0005
0.03244668245315552,0.98,4987,175621,6.536080360412598,175520,-7.724226700000002,35,19.15,9484,0.5500681400299072,-0.7133811712265015,0.0005
0.03213505446910858,0.98,4989,175702,6.7466020584106445,175601,-7.71838396,35,19.12,9488,0.8924064636230469,0.3457944989204407,0.0005
0.03219703584909439,0.98,4991,175772,7.222160339355469,175671,-7.623610080000002,35,18.99,9492,1.9099078178405762,-0.20528921484947205,0.0005
0.03232329711318016,0.98,4993,175851,6.788884162902832,175750,-7.685045010000001,35,19.09,9496,1.206944465637207,-0.10728656500577927,0.0005
0.032893117517232895,0.98,4995,175928,7.889691352844238,175827,-7.786648980000001,35,19.25,9500,0.2227565348148346,0.6939231157302856,0.0005
0.03376343101263046,0.97,4997,176012,7.3739495277404785,175911,-8.044715510000001,35,19.4,9504,0.740982174873352,0.250937819480896,0.0005
0.033242516219615936,0.97,4999,176091,7.667059898376465,175990,-8.09793657,35,19.5,9508,0.6947225332260132,0.35744592547416687,0.0005
0.03306994214653969,0.97,5002,176169,7.176469802856445,176068,-8.101758789999998,35,19.51,9512,0.5227707028388977,0.25413256883621216,0.0005
0.03281840682029724,0.97,5004,176250,7.955810546875,176149,-8.1622302,35,19.62,9516,1.048588514328003,0.5350510478019714,0.0005
0.03318691626191139,0.97,5005,176313,7.088439464569092,176212,-8.051588040000002,35,19.44,9520,1.028838038444519,-0.07178455591201782,0.0005
0.03342379629611969,0.97,5007,176386,8.143229484558105,176285,-8.010609980000002,35,19.4,9524,1.4404056072235107,0.9887150526046753,0.0005
0.03446808084845543,0.98,5009,176461,7.575468063354492,176360,-7.7535520600000005,35,19.32,9528,0.8993296027183533,-0.6760531663894653,0.0005
0.034174997359514236,0.98,5011,176539,7.384510040283203,176438,-7.662529360000001,35,19.17,9532,0.32180342078208923,0.4280906915664673,0.0005
0.0333695262670517,0.98,5013,176608,6.248615264892578,176507,-7.619631780000001,35,19.11,9536,0.6747833490371704,-0.15278543531894684,0.0005
0.03243335336446762,0.98,5015,176696,7.42526912689209,176595,-7.67637908,35,19.19,9540,0.4989514648914337,0.18708714842796326,0.0005
0.03219269961118698,0.98,5017,176782,7.414934158325195,176681,-7.651656629999999,35,19.14,9544,2.4126691818237305,0.011280804872512817,0.0005
0.03311995789408684,0.98,5019,176860,7.462698936462402,176759,-7.611079620000002,35,19.09,9548,1.593442440032959,0.9098910093307495,0.0005
0.03304055333137512,0.98,5021,176937,6.2051849365234375,176836,-7.56297624,35,19.02,9552,0.4187866449356079,-0.3384793996810913,0.0005
0.03319689631462097,0.98,5023,177016,7.4251508712768555,176915,-7.62026543,35,19.13,9556,0.7603057622909546,-0.027948617935180664,0.0005
0.033163268119096756,0.98,5025,177106,7.469574451446533,177005,-7.699007409999999,35,19.22,9560,1.4624439477920532,0.3783125877380371,0.0005
0.033420681953430176,0.98,5026,177166,7.745835304260254,177065,-7.601919939999999,35,19.06,9564,0.6478698253631592,-0.06253430247306824,0.0005
0.034207120537757874,0.98,5028,177236,7.430253028869629,177135,-7.603210019999998,35,19.07,9568,1.280982255935669,0.6059106588363647,0.0005
0.03441740572452545,0.98,5030,177301,7.967602252960205,177200,-7.561323209999999,35,19.03,9572,1.088062047958374,-0.04512032866477966,0.0005
0.03469037264585495,0.99,5032,177365,7.4777984619140625,177264,-7.241883789999999,35,18.81,9576,1.0604201555252075,0.30162423849105835,0.0005
0.03488016501069069,0.99,5034,177450,6.603602886199951,177349,-7.339038980000001,35,18.96,9580,2.265376567840576,0.038335949182510376,0.0005
0.03485453873872757,0.99,5036,177528,6.39121675491333,177427,-7.39798463,35,19.07,9584,0.5525156855583191,-0.16913890838623047,0.0005
0.03398996219038963,0.99,5037,177598,7.150543689727783,177497,-7.31352103,35,18.96,9588,0.7847194671630859,0.46853819489479065,0.0005
0.03477286547422409,0.99,5039,177667,12.2855224609375,177566,-7.311840549999999,35,18.95,9592,2.361422061920166,0.6721463203430176,0.0005
0.03710804879665375,0.99,5042,177760,8.62960433959961,177659,-7.399609860000001,35,19.09,9596,1.938185453414917,-0.09179431200027466,0.0005
0.03837064653635025,0.99,5044,177829,8.855117797851562,177728,-7.344546969999999,35,19.01,9600,0.4941231608390808,0.29794615507125854,0.0005
0.038213763386011124,1.0,5046,177924,7.608457565307617,177823,-7.241227929999999,35,19.12,9604,1.224104881286621,0.047202084213495255,0.0005
0.03738093748688698,1.0,5048,177995,7.3322062492370605,177894,-7.190853529999999,35,19.04,9608,1.1996965408325195,0.24631470441818237,0.0005
0.036667969077825546,1.0,5050,178074,6.355350494384766,177973,-7.194215180000001,35,19.05,9612,1.059023141860962,-0.6307280659675598,0.0005
0.036144502460956573,0.99,5052,178149,8.668542861938477,178048,-7.323715719999999,35,18.99,9616,0.463131308555603,0.3123784065246582,0.0005
0.03635905683040619,0.99,5054,178218,6.952432155609131,178117,-7.370491719999999,35,19.05,9620,0.7830449342727661,-0.0029911547899246216,0.0005
0.03607868775725365,0.98,5056,178307,7.478385925292969,178206,-7.63363208,35,19.21,9624,0.3103260397911072,-0.12383954226970673,0.0005
0.03546132892370224,0.98,5059,178394,8.088577270507812,178293,-7.69440693,35,19.33,9628,1.6245720386505127,-0.10999158024787903,0.0005
0.0356782004237175,0.98,5061,178457,8.464004516601562,178356,-7.593287040000002,35,19.18,9632,0.4504733979701996,-0.2933976650238037,0.0005
0.035830505192279816,0.98,5063,178536,7.310754776000977,178435,-7.650480350000001,35,19.28,9636,0.5178993940353394,-1.2819945812225342,0.0005
0.03545321896672249,0.98,5065,178620,7.068659782409668,178519,-7.62841755,35,19.24,9640,0.45976436138153076,-0.009254448115825653,0.0005
0.035241708159446716,0.98,5067,178705,7.770663261413574,178604,-7.62345317,35,19.23,9644,0.7579933404922485,0.15956281125545502,0.0005
0.035333435982465744,0.98,5069,178778,7.143843650817871,178677,-7.58410392,35,19.18,9648,1.5098376274108887,-0.5862941741943359,0.0005
0.0348166823387146,0.98,5071,178847,8.053876876831055,178746,-7.53731362,35,19.1,9652,0.907340943813324,0.3749132454395294,0.0005
0.03518811613321304,0.98,5073,178925,7.069760322570801,178824,-7.53570819,35,19.09,9656,0.7122294902801514,-0.13713639974594116,0.0005
0.034895528107881546,0.98,5074,178987,8.104138374328613,178886,-7.342419719999998,35,18.81,9660,0.7364649772644043,-0.0670752078294754,0.0005
0.03451398387551308,0.98,5077,179076,7.286307334899902,178975,-7.500948879999999,35,19.1,9664,0.6132190823554993,-0.35673797130584717,0.0005
0.03426405414938927,0.98,5079,179160,6.633530616760254,179059,-7.594235809999999,35,19.24,9668,1.0758728981018066,0.249834805727005,0.0005
0.03367701545357704,0.98,5081,179237,8.096141815185547,179136,-7.68013952,35,19.36,9672,0.6611361503601074,-0.43499934673309326,0.0005
0.03271959349513054,0.98,5083,179317,8.095230102539062,179216,-7.781342599999999,35,19.52,9676,0.6797439455986023,0.18521657586097717,0.0005
0.0323445200920105,0.98,5086,179394,6.943850517272949,179293,-7.734581780000001,35,19.44,9680,0.8751143217086792,-0.313971608877182,0.0005
0.03176087886095047,0.98,5088,179466,7.154238700866699,179365,-7.6908359399999995,35,19.38,9684,1.324498176574707,0.002680674195289612,0.0005
0.03246919438242912,0.98,5090,179558,7.089468002319336,179457,-7.8334956799999995,35,19.6,9688,0.682978630065918,0.8823422193527222,0.0005
0.03357003629207611,0.97,5092,179643,5.963513374328613,179542,-8.1436461,35,19.76,9692,1.6813178062438965,-0.37318170070648193,0.0005
0.03303402289748192,0.97,5094,179719,7.17768669128418,179618,-8.04435898,35,19.59,9696,2.1284878253936768,0.6324117183685303,0.0005
0.03380037099123001,0.97,5096,179795,7.0625104904174805,179694,-8.09420165,35,19.66,9700,0.5987430214881897,0.017770856618881226,0.0005
0.033393777906894684,0.97,5098,179872,6.818270683288574,179771,-7.99170256,35,19.48,9704,0.9642452001571655,0.247340127825737,0.0005
0.03365036100149155,0.97,5101,179953,7.51672887802124,179852,-8.07576131,35,19.58,9708,0.8594138622283936,0.6222721338272095,0.0005
0.03353315219283104,0.97,5117,180022,7.261986255645752,179921,-8.02064176,35,19.48,9712,0.7130254507064819,0.4214380979537964,0.0005
0.03319578617811203,0.98,5119,180098,7.376114845275879,179997,-7.882972519999999,35,19.49,9716,0.6008880734443665,-0.2937758266925812,0.0005
0.03298984095454216,0.98,5121,180177,6.849210739135742,180076,-7.93479469,35,19.59,9720,2.08146333694458,0.05261266231536865,0.0005
0.032632362097501755,0.99,5123,180254,6.585107803344727,180153,-7.707533809999998,35,19.47,9724,1.5732393264770508,-0.6741926670074463,0.0005
0.032999321818351746,0.99,5125,180324,6.851901531219482,180223,-7.60768278,35,19.3,9728,0.8776522874832153,0.3490132689476013,0.0005
0.032158106565475464,0.99,5127,180401,6.865405559539795,180300,-7.70269242,35,19.44,9732,0.2138994038105011,-0.2294919788837433,0.0005
0.03205571696162224,0.99,5129,180479,6.539809226989746,180378,-7.69906561,35,19.43,9736,0.6831012964248657,-1.1052117347717285,0.0005
0.03221048787236214,0.99,5131,180561,7.3898606300354,180460,-7.69624113,35,19.41,9740,0.4639820456504822,-0.4243961274623871,0.0005
0.03254997357726097,0.99,5133,180640,7.084722518920898,180539,-7.654110989999998,35,19.35,9744,0.8056477308273315,-0.08118068426847458,0.0005
0.03247712925076485,0.99,5135,180711,7.278966903686523,180610,-7.6459090100000004,35,19.33,9748,0.21462807059288025,-0.3097589612007141,0.0005
0.03239001706242561,0.99,5137,180779,7.149256706237793,180678,-7.639215590000003,35,19.32,9752,0.3571717143058777,-0.40680521726608276,0.0005
0.032257575541734695,0.99,5139,180855,6.763600826263428,180754,-7.635801669999999,35,19.3,9756,0.6041989326477051,-0.7605878114700317,0.0005
0.03172324597835541,0.99,5141,180936,7.093886375427246,180835,-7.772720089999999,35,19.49,9760,1.7394063472747803,0.3895472586154938,0.0005
0.031138485297560692,0.99,5144,181028,7.9722418785095215,180927,-7.809657069999999,35,19.52,9764,0.44973477721214294,-0.20708219707012177,0.0005
0.031553272157907486,0.99,5146,181112,6.805515289306641,181011,-7.81420694,35,19.52,9768,0.8010324239730835,-0.1541457176208496,0.0005
0.031227635219693184,0.99,5148,181203,6.687935829162598,181102,-7.906590700000001,35,19.66,9772,0.8915740251541138,0.897000253200531,0.0005
0.032014306634664536,0.99,5150,181279,7.393806457519531,181178,-7.89367406,35,19.62,9776,0.7694623470306396,0.10446903109550476,0.0005
0.031573183834552765,0.99,5152,181352,6.535430431365967,181251,-7.848897929999998,35,19.58,9780,0.9438832998275757,-0.9725291728973389,0.0005
0.0313493087887764,0.99,5155,181437,7.945018768310547,181336,-7.9399647799999995,35,19.71,9784,1.1803503036499023,0.9254685640335083,0.0005
0.03066074289381504,0.99,5157,181524,7.097803115844727,181423,-7.8961709099999995,35,19.66,9788,0.5112102031707764,-0.014124549925327301,0.0005
0.029750289395451546,1.0,5159,181592,6.61055850982666,181491,-7.58292576,35,19.49,9792,0.5085678100585938,-0.7343053221702576,0.0005
0.02911175601184368,1.0,5161,181670,6.922887802124023,181569,-7.58918878,35,19.51,9796,0.5388085246086121,0.29965075850486755,0.0005
0.0290648452937603,1.0,5163,181742,6.730776786804199,181641,-7.547002760000001,35,19.47,9800,0.4399243891239166,0.4255553185939789,0.0005
0.02946208044886589,1.0,5165,181821,6.264514923095703,181720,-7.549488279999999,35,19.49,9804,1.126576542854309,0.684416651725769,0.0005
0.02971724048256874,1.0,5167,181889,8.759359359741211,181788,-7.455859500000002,35,19.36,9808,0.9224019050598145,0.3106372654438019,0.0005
0.03148882836103439,1.0,5169,181967,9.0846586227417,181866,-7.507710140000001,35,19.45,9812,1.8896548748016357,0.03784202039241791,0.0005
0.033254630863666534,0.99,5171,182038,10.142459869384766,181937,-7.737148919999999,35,19.4,9816,0.6088385581970215,0.1710631251335144,0.0005
0.034878022968769073,0.99,5173,182107,7.630928039550781,182006,-7.684760409999999,35,19.3,9820,0.9291388392448425,0.11711734533309937,0.0005
0.03556415066123009,0.99,5174,182174,7.223607063293457,182073,-7.6331936800000015,35,19.2,9824,0.6555324792861938,0.0028282180428504944,0.0005
0.035858795046806335,0.99,5176,182243,6.928020000457764,182142,-7.631381370000001,35,19.19,9828,2.073185920715332,-0.029990971088409424,0.0005
0.0364769846200943,0.99,5178,182321,8.451104164123535,182220,-7.63564977,35,19.2,9832,2.2362327575683594,-0.5545225739479065,0.0005
0.036618318408727646,0.98,5179,182391,8.36363697052002,182290,-7.781280519999999,35,19.12,9836,0.4747847020626068,-0.019495397806167603,0.0005
0.037257272750139236,0.98,5182,182477,7.744220733642578,182376,-7.793120659999999,35,19.16,9840,1.1184277534484863,-0.19587209820747375,0.0005
0.0370827354490757,0.98,5184,182563,8.233663558959961,182462,-7.843634780000001,35,19.23,9844,0.9464283585548401,0.8670796155929565,0.0005
0.03710910677909851,0.98,5186,182657,7.990291595458984,182556,-7.96825819,35,19.46,9848,1.0966520309448242,0.7304227352142334,0.0005
0.03742574155330658,0.98,5188,182732,8.003005981445312,182631,-7.9898744,35,19.53,9852,0.8633294105529785,0.3078766167163849,0.0005
0.03750919923186302,0.98,5190,182796,8.389049530029297,182695,-7.89963654,35,19.41,9856,0.5083872079849243,-0.5419323444366455,0.0005
0.037361279129981995,0.98,5192,182870,7.3484697341918945,182769,-7.82757998,35,19.34,9860,0.7977585792541504,0.5649904012680054,0.0005
0.036751262843608856,0.98,5194,182955,7.437620639801025,182854,-7.782567460000001,35,19.27,9864,0.7798362970352173,0.7429845333099365,0.0005
0.03654932603240013,0.98,5196,183024,7.584245681762695,182923,-7.68449074,35,19.12,9868,0.9329550266265869,0.2861444354057312,0.0005
0.03628605231642723,0.98,5198,183092,7.1459736824035645,182991,-7.5429588899999995,35,18.89,9872,1.0324275493621826,-0.020112693309783936,0.0005
0.037002358585596085,0.98,5200,183172,7.345442295074463,183071,-7.554131209999998,35,18.93,9876,1.6498744487762451,0.2532338500022888,0.0005
0.03731521964073181,0.98,5201,183243,7.527898788452148,183142,-7.551571200000001,35,18.91,9880,1.7510104179382324,-0.5290746688842773,0.0005
0.037165090441703796,0.98,5204,183332,8.357756614685059,183231,-7.567973929999999,35,18.95,9884,1.1098365783691406,0.8038623332977295,0.0005
0.03769746050238609,0.98,5206,183427,7.421915531158447,183326,-7.61679005,35,19.03,9888,3.4213953018188477,-0.2818083167076111,0.0005
0.03766554221510887,0.98,5208,183522,7.169572830200195,183421,-7.78205334,35,19.3,9892,1.0838969945907593,-0.15380972623825073,0.0005
0.03775199502706528,0.98,5211,183603,7.880358695983887,183502,-7.788366969999999,35,19.33,9896,0.6449668407440186,-0.7711617946624756,0.0005
0.036607153713703156,0.98,5212,183666,6.954771041870117,183565,-7.7367902299999995,35,19.24,9900,0.3817880153656006,-1.0271120071411133,0.0005
0.03528593108057976,0.98,5214,183741,7.392285346984863,183640,-7.727408959999999,35,19.2,9904,0.8041135668754578,-0.42526423931121826,0.0005
0.034625325351953506,0.98,5217,183827,7.351475715637207,183726,-7.8347998,35,19.38,9908,0.9642879366874695,-0.7160375118255615,0.0005
0.034217678010463715,0.98,5219,183894,7.8833417892456055,183793,-7.778602770000001,35,19.27,9912,0.6547413468360901,-0.382264107465744,0.0005
0.034309711307287216,0.99,5221,183976,8.242110252380371,183875,-7.590026690000001,35,19.38,9916,0.6015443205833435,0.18162935972213745,0.0005
0.03393468260765076,0.99,5223,184052,7.047060966491699,183951,-7.63998112,35,19.45,9920,1.258678913116455,0.043767064809799194,0.0005
0.03387102857232094,0.99,5225,184133,7.295559883117676,184032,-7.70133017,35,19.59,9924,0.3861153721809387,-0.9005605578422546,0.0005
0.03366661071777344,0.99,5227,184197,7.369795322418213,184096,-7.655275529999999,35,19.54,9928,0.4853954315185547,0.3703213632106781,0.0005
0.03398793563246727,0.99,5229,184274,6.765982627868652,184173,-7.654030779999999,35,19.53,9932,0.736150860786438,-0.7209160923957825,0.0005
0.03357803076505661,1.0,5231,184351,7.234678268432617,184250,-7.50335631,35,19.6,9936,0.7137871980667114,0.43797239661216736,0.0005
0.03357842564582825,1.0,5233,184438,7.72402286529541,184337,-7.50391427,35,19.61,9940,1.5648688077926636,0.4319285750389099,0.0005
0.034406453371047974,1.0,5235,184507,6.924057960510254,184406,-7.400594080000001,35,19.44,9944,1.1660454273223877,-0.20930495858192444,0.0005
0.0345831997692585,1.0,5237,184578,8.065482139587402,184477,-7.27791609,35,19.21,9948,1.3977179527282715,0.9317573308944702,0.0005
0.03437446802854538,1.0,5239,184665,6.6909027099609375,184564,-7.372778790000001,35,19.33,9952,0.5319973230361938,-0.15817219018936157,0.0005
0.03428100794553757,1.0,5241,184746,7.008997917175293,184645,-7.501856280000001,35,19.5,9956,0.3972986340522766,0.7324539422988892,0.0005
0.035282768309116364,1.0,5244,184824,7.893964767456055,184723,-7.537669129999999,35,19.54,9960,0.4826533794403076,-0.23755985498428345,0.0005
0.035122159868478775,1.0,5246,184910,7.717163562774658,184809,-7.537891220000001,35,19.55,9964,0.9659903049468994,0.6777480840682983,0.0005
0.036098580807447433,1.0,5248,184980,7.373600482940674,184879,-7.53532539,35,19.56,9968,0.58544921875,-0.10089333355426788,0.0005
0.036007363349199295,1.0,5250,185052,6.657502174377441,184951,-7.54772095,35,19.6,9972,0.565737783908844,-0.4135470688343048,0.0005
0.035410355776548386,1.0,5252,185131,6.460965156555176,185030,-7.54515929,35,19.59,9976,0.7470533847808838,-0.25290411710739136,0.0005
0.035386260598897934,1.0,5254,185209,8.16494369506836,185108,-7.5943917899999995,35,19.66,9980,0.7491432428359985,0.32604554295539856,0.0005
0.035375263541936874,1.0,5256,185282,6.65968656539917,185181,-7.512397800000001,35,19.5,9984,2.912578582763672,0.48551076650619507,0.0005
0.03499386087059975,1.0,5258,185352,6.100983619689941,185251,-7.361565150000001,35,19.25,9988,0.3865111470222473,-0.8172448873519897,0.0005
0.03374464064836502,1.0,5259,185422,6.8895111083984375,185321,-7.20405907,35,19.0,9992,1.0403988361358643,-0.5316781401634216,0.0005
0.03323028236627579,1.0,5262,185500,7.878462791442871,185399,-7.198400520000002,35,18.97,9996,1.2768278121948242,0.6768578290939331,0.0005
0.03303547948598862,1.0,5264,185579,6.2541117668151855,185478,-7.29450063,35,19.13,10000,2.2083287239074707,-0.25108596682548523,0.0005
0.03301481157541275,1.0,5266,185658,7.2358927726745605,185557,-7.300155180000001,35,19.17,10004,0.7261008024215698,0.596474289894104,0.0005
0.03263474628329277,1.0,5268,185743,7.281749725341797,185642,-7.296710429999999,35,19.16,10008,1.8708410263061523,0.12126648426055908,0.0005
0.03254225105047226,1.0,5270,185814,6.061363220214844,185713,-7.30485536,35,19.2,10012,1.2133996486663818,0.06619928777217865,0.0005
0.03274818882346153,1.0,5272,185888,6.776390075683594,185787,-7.246473850000001,35,19.12,10016,1.427175760269165,-0.04097971320152283,0.0005
0.032237231731414795,1.0,5274,185951,8.114344596862793,185850,-7.151664110000001,35,18.99,10020,1.362297773361206,0.06860697269439697,0.0005
0.03345136716961861,1.0,5276,186043,6.7938337326049805,185942,-7.24089196,35,19.1,10024,1.065871238708496,0.028892286121845245,0.0005
0.034414198249578476,1.0,5279,186124,6.5316267013549805,186023,-7.37235868,35,19.27,10028,0.2998999357223511,0.07513979077339172,0.0005
0.03457266464829445,1.0,5281,186208,6.8749494552612305,186107,-7.419464770000001,35,19.34,10032,2.597360610961914,0.2878371477127075,0.0005
0.03455766290426254,1.0,5283,186293,6.892450332641602,186192,-7.467281889999999,35,19.42,10036,1.3627487421035767,0.4002377986907959,0.0005
0.03473273664712906,0.99,5285,186364,7.656947135925293,186263,-7.550320929999999,35,19.26,10040,0.4523051083087921,0.22766421735286713,0.0005
0.03478996455669403,0.98,5287,186447,7.06345272064209,186346,-7.78805649,35,19.4,10044,1.7612521648406982,0.2386150062084198,0.0005
0.035068754106760025,0.98,5290,186535,6.97073221206665,186434,-7.893867980000001,35,19.57,10048,1.639007806777954,0.29092612862586975,0.0005
0.03483542054891586,0.98,5292,186612,7.041317939758301,186511,-7.82867257,35,19.47,10052,1.371227502822876,-0.37016284465789795,0.0005
0.03397290036082268,0.98,5294,186695,6.206844329833984,186594,-7.836950000000001,35,19.49,10056,0.6736239194869995,-0.578319787979126,0.0005
0.032743580639362335,0.98,5296,186765,6.608062744140625,186664,-7.7857968600000005,35,19.41,10060,0.7765330076217651,-1.1778442859649658,0.0005
0.03295580670237541,0.98,5298,186834,6.659582138061523,186733,-7.684164710000001,35,19.24,10064,0.46336013078689575,0.6875901222229004,0.0005
0.032868389040231705,0.98,5300,186925,6.886477947235107,186824,-7.83125928,35,19.45,10068,1.3440887928009033,0.14234578609466553,0.0005
0.03339758142828941,0.98,5302,186999,10.73121452331543,186898,-7.8354757699999995,35,19.47,10072,2.4336130619049072,1.3845703601837158,0.0005
0.036099810153245926,0.98,5304,187063,8.963387489318848,186962,-7.733639779999999,35,19.32,10076,1.2890599966049194,1.2504339218139648,0.0005
0.038690827786922455,0.98,5306,187149,7.326796531677246,187048,-7.763282899999999,35,19.4,10080,0.6232012510299683,0.43369799852371216,0.0005
0.03893196955323219,0.98,5309,187246,7.983419895172119,187145,-7.88742119,35,19.64,10084,0.7869445085525513,-0.44490349292755127,0.0005
0.038669101893901825,0.97,5311,187320,7.364156723022461,187219,-8.05393924,35,19.68,10088,0.5517297387123108,-0.09998789429664612,0.0005
0.03771784529089928,0.97,5313,187394,7.003497123718262,187293,-8.061586979999998,35,19.72,10092,0.9753319025039673,-0.09610245376825333,0.0005
0.03678736463189125,0.97,5315,187472,7.413857460021973,187371,-8.06079781,35,19.72,10096,1.4585493803024292,0.01901586353778839,0.0005
0.03571797162294388,0.97,5317,187549,6.845554351806641,187448,-8.06108303,35,19.7,10100,1.5470390319824219,-1.3617457151412964,0.0005
0.034670379012823105,0.97,5320,187638,7.074398994445801,187537,-8.11935555,35,19.8,10104,2.5450496673583984,0.12114697694778442,0.0005
0.03441992402076721,0.97,5322,187710,7.020482063293457,187609,-8.023758980000002,35,19.67,10108,1.6099259853363037,-0.032924771308898926,0.0005
0.03414785861968994,0.97,5324,187788,6.991801738739014,187687,-8.072384599999998,35,19.74,10112,1.3003523349761963,0.1760530024766922,0.0005
0.0340590663254261,0.97,5326,187858,7.0745954513549805,187757,-8.03979339,35,19.7,10116,1.3511543273925781,0.30139678716659546,0.0005
0.033702652901411057,0.97,5328,187935,6.608681678771973,187834,-8.131892539999999,35,19.84,10120,1.7088258266448975,-1.0549728870391846,0.0005
0.033052701503038406,0.97,5330,188013,6.8363356590271,187912,-8.037914690000001,35,19.7,10124,0.6405806541442871,-0.6414344310760498,0.0005
0.032957807183265686,0.97,5332,188090,6.3307600021362305,187989,-8.000558629999999,35,19.66,10128,0.6014100313186646,-0.3787629008293152,0.0005
0.03267627954483032,0.97,5334,188153,6.857548713684082,188052,-7.8532537,35,19.45,10132,0.638508677482605,0.3167928159236908,0.0005
0.032187532633543015,0.97,5336,188237,6.668590545654297,188136,-7.851295419999999,35,19.44,10136,0.8536322116851807,-0.7237774133682251,0.0005
0.03143464773893356,0.97,5339,188337,6.219781875610352,188236,-7.997546539999998,35,19.73,10140,0.50832200050354,-0.1504918932914734,0.0005
0.03167974203824997,0.98,5341,188409,6.460300445556641,188308,-7.764158329999999,35,19.62,10144,0.2247660756111145,-0.6233903169631958,0.0005
0.03148753568530083,0.97,5343,188503,7.800307273864746,188402,-7.97173815,35,19.68,10148,1.0383740663528442,-0.18494096398353577,0.0005
0.03224886953830719,0.97,5345,188572,7.095975875854492,188471,-7.925256610000002,35,19.6,10152,1.850883960723877,0.43733707070350647,0.0005
0.0330323688685894,0.97,5347,188650,7.661547660827637,188549,-7.88034829,35,19.55,10156,0.760460376739502,0.5575146079063416,0.0005
0.0334295928478241,0.97,5350,188729,7.264281272888184,188628,-7.9307986800000005,35,19.64,10160,1.5859413146972656,-0.7254801392555237,0.0005
0.033575061708688736,0.96,5352,188817,7.931509971618652,188716,-8.223528880000002,35,19.83,10164,0.9242088794708252,0.5504845380783081,0.0005
0.034284573048353195,0.96,5354,188901,9.258933067321777,188800,-8.17520363,35,19.76,10168,1.230879306793213,0.8030098676681519,0.0005
0.0350419320166111,0.96,5357,188992,7.1793718338012695,188891,-8.30404071,35,19.93,10172,0.5979150533676147,0.00905957818031311,0.0005
0.03502028435468674,0.96,5359,189069,6.807335376739502,188968,-8.39509212,35,20.06,10176,0.9753590822219849,-0.09698136150836945,0.0005
0.0343068465590477,0.96,5362,189155,7.65189266204834,189054,-8.41770333,35,20.06,10180,0.8540405631065369,-0.15802094340324402,0.0005
0.033601801842451096,0.96,5364,189227,7.425426483154297,189126,-8.26535262,35,19.81,10184,0.3426792323589325,-0.5156471729278564,0.0005
0.0339081808924675,0.97,5366,189296,7.522690773010254,189195,-8.09825956,35,19.76,10188,0.49311208724975586,-0.5517586469650269,0.0005
0.033373765647411346,0.97,5368,189381,7.670389175415039,189280,-8.18663351,35,19.87,10192,1.2969281673431396,-0.4253280460834503,0.0005
0.03262041509151459,0.97,5370,189454,6.765635967254639,189353,-8.16982799,35,19.82,10196,0.28883612155914307,-6.201863288879395e-05,0.0005
0.03199999779462814,0.97,5372,189540,6.657645225524902,189439,-8.222115129999999,35,19.91,10200,0.8772645592689514,0.17284730076789856,0.0005
0.03226415812969208,0.97,5375,189623,6.918020248413086,189522,-8.20489054,35,19.85,10204,1.4557857513427734,-0.10701099783182144,0.0005
0.0316951684653759,0.97,5377,189714,8.054892539978027,189613,-8.3179463,35,20.04,10208,1.6962347030639648,0.14866462349891663,0.0005
0.03182882443070412,0.97,5379,189801,7.856576919555664,189700,-8.37064997,35,20.13,10212,1.3159534931182861,0.5168619751930237,0.0005
0.03186871483922005,0.97,5381,189873,6.452232360839844,189772,-8.373077250000001,35,20.15,10216,0.2862183451652527,-0.6637006998062134,0.0005
0.031800366938114166,0.97,5383,189958,7.1087493896484375,189857,-8.42459608,35,20.23,10220,1.4056299924850464,0.07905513793230057,0.0005
0.0315731018781662,0.97,5404,190022,7.095328330993652,189921,-8.32924263,35,20.09,10224,0.7239691019058228,-0.6016317009925842,0.0005
0.031546056270599365,0.97,5406,190107,6.254868507385254,190006,-8.38038727,35,20.17,10228,2.1346521377563477,-0.6211050152778625,0.0005
0.03178124129772186,0.97,5409,190186,6.29669189453125,190085,-8.48264551,35,20.33,10232,0.40716925263404846,0.5666624307632446,0.0005
0.03177546709775925,0.97,5411,190257,6.476546287536621,190156,-8.39484929,35,20.2,10236,0.36096081137657166,0.6988160610198975,0.0005
0.03126601502299309,0.98,5413,190344,6.021248817443848,190243,-8.16518714,35,20.07,10240,0.39461344480514526,-1.018251895904541,0.0005
0.030742056667804718,0.97,5415,190408,6.921120643615723,190307,-8.2928444,35,19.99,10244,0.7509257197380066,-0.09551643580198288,0.0005
0.030451497063040733,0.98,5416,190470,6.80863094329834,190369,-7.928026420000001,35,19.67,10248,0.77680504322052,-0.5410604476928711,0.0005
0.030803224071860313,0.98,5419,190556,6.801898956298828,190455,-8.028311100000002,35,19.84,10252,0.41046884655952454,0.3585592806339264,0.0005
0.031492434442043304,0.98,5421,190646,6.341423034667969,190545,-8.118214540000002,35,19.96,10256,0.37046873569488525,-0.888207733631134,0.0005
0.03089090622961521,0.98,5423,190728,6.999837875366211,190627,-8.137041260000002,35,19.99,10260,0.44425663352012634,0.20349210500717163,0.0005
0.030359910801053047,0.99,5425,190805,7.009228706359863,190704,-7.895197120000001,35,19.88,10264,0.5463153123855591,0.29892322421073914,0.0005
0.029995158314704895,0.99,5427,190894,7.136239051818848,190793,-7.9083859599999995,35,19.93,10268,1.8747942447662354,0.3122495412826538,0.0005
0.030516358092427254,0.99,5429,190972,6.287537574768066,190871,-7.818199690000001,35,19.8,10272,1.685600996017456,0.4708302319049835,0.0005
0.031078053638339043,0.99,5430,191034,6.6634626388549805,190933,-7.724390990000001,35,19.65,10276,1.2286779880523682,-0.11190999299287796,0.0005
0.030890852212905884,0.99,5432,191104,6.2485551834106445,191003,-7.618868090000001,35,19.49,10280,0.33285123109817505,-0.6139592528343201,0.0005
0.030376166105270386,0.99,5433,191168,6.774833679199219,191067,-7.56898418,35,19.41,10284,0.35738199949264526,-0.5751413702964783,0.0005
0.029843097552657127,0.99,5435,191240,6.781328201293945,191139,-7.574830090000001,35,19.44,10288,0.5176496505737305,0.3567001521587372,0.0005
0.03031947650015354,0.99,5437,191322,7.127403736114502,191221,-7.564443290000001,35,19.41,10292,0.8489092588424683,0.6853282451629639,0.0005
0.03057902865111828,0.99,5439,191384,6.678569316864014,191283,-7.48124966,35,19.3,10296,0.936912477016449,-0.07278662919998169,0.0005
0.030611928552389145,0.99,5441,191461,6.023474216461182,191360,-7.429834679999999,35,19.21,10300,0.7466191053390503,-0.6151126623153687,0.0005
0.03060569427907467,0.99,5443,191541,6.314416408538818,191440,-7.421672549999999,35,19.18,10304,1.3143209218978882,-0.5485685467720032,0.0005
0.03046826831996441,0.99,5445,191627,6.711591720581055,191526,-7.41267324,35,19.13,10308,0.8327130079269409,0.25157201290130615,0.0005
0.030836349353194237,0.99,5447,191695,7.21441650390625,191594,-7.30869222,35,18.94,10312,1.2096837759017944,-0.08685033023357391,0.0005
0.03125021606683731,0.98,5449,191782,7.672200679779053,191681,-7.573115910000001,35,19.09,10316,1.0581979751586914,-0.46615222096443176,0.0005
0.031694721430540085,0.98,5451,191860,5.880751132965088,191759,-7.526819379999999,35,19.02,10320,0.3712998032569885,-0.3020082116127014,0.0005
0.03117610327899456,0.98,5453,191952,6.125653266906738,191851,-7.71649536,35,19.3,10324,0.33622801303863525,0.2382066547870636,0.0005
0.03078635223209858,0.98,5455,192024,6.361806869506836,191923,-7.62448511,35,19.17,10328,0.2737981975078583,-0.31749629974365234,0.0005
0.03079579398036003,0.98,5457,192094,7.057798385620117,191993,-7.571097139999999,35,19.08,10332,0.7672169208526611,-0.07852280884981155,0.0005
0.03133905678987503,0.98,5459,192180,6.690698146820068,192079,-7.6635250899999985,35,19.23,10336,0.5108126401901245,0.14438298344612122,0.0005
0.031663112342357635,0.98,5461,192253,6.962061405181885,192152,-7.600284739999999,35,19.09,10340,1.8520534038543701,-0.07273457944393158,0.0005
0.0314752571284771,0.99,5462,192313,7.445446014404297,192212,-7.416795549999998,35,19.05,10344,2.890726089477539,1.2398864030838013,0.0005
0.03193332627415657,0.99,5465,192393,6.171408176422119,192292,-7.51717715,35,19.23,10348,0.5374233722686768,0.012554869055747986,0.0005
0.03183816000819206,0.99,5466,192472,6.733847618103027,192371,-7.47566457,35,19.16,10352,1.8073315620422363,-0.38998138904571533,0.0005
0.03165731579065323,0.99,5468,192542,6.1403422355651855,192441,-7.339698670000001,35,18.96,10356,0.5509434342384338,-0.5049707889556885,0.0005
0.03156398981809616,0.99,5470,192630,7.279444217681885,192529,-7.375303280000001,35,19.02,10360,0.4459063410758972,-0.7736899852752686,0.0005
0.031474508345127106,0.99,5472,192700,6.595269203186035,192599,-7.325440050000001,35,18.95,10364,0.7508827447891235,0.042219266295433044,0.0005
0.031684793531894684,0.99,5474,192774,5.906935691833496,192673,-7.226191090000001,35,18.8,10368,0.5931869745254517,-0.6189895868301392,0.0005
0.032038893550634384,0.99,5476,192853,7.223880767822266,192752,-7.23200703,35,18.81,10372,0.48608362674713135,0.47138741612434387,0.0005
0.03199220821261406,0.99,5477,192922,6.180581092834473,192821,-7.277164560000001,35,18.88,10376,0.9407657384872437,-0.29712921380996704,0.0005
0.031705424189567566,0.98,5479,193014,7.3664727210998535,192913,-7.576475919999999,35,19.1,10380,1.459014654159546,-0.44803372025489807,0.0005
0.03203162923455238,0.98,5481,193089,6.187635898590088,192988,-7.663556789999999,35,19.21,10384,0.4921186864376068,0.13262364268302917,0.0005
0.031774044036865234,0.98,5483,193165,5.947845458984375,193064,-7.70368861,35,19.25,10388,0.4892185926437378,-0.32772374153137207,0.0005
0.03145817667245865,0.98,5485,193256,6.809789657592773,193155,-7.75958534,35,19.34,10392,1.1072359085083008,0.2941301167011261,0.0005
0.031636983156204224,0.98,5487,193328,6.759575843811035,193227,-7.841112249999998,35,19.44,10396,0.5546948909759521,-0.3548871874809265,0.0005
0.031575582921504974,0.98,5488,193390,6.396350860595703,193289,-7.743326519999999,35,19.29,10400,0.8859774470329285,0.6783822774887085,0.0005
0.03116503171622753,0.98,5491,193480,6.960825443267822,193379,-7.77707415,35,19.39,10404,0.32691872119903564,0.3098033666610718,0.0005
0.03125210106372833,0.98,5493,193559,6.480393409729004,193458,-7.72785273,35,19.32,10408,1.6527193784713745,0.1010565459728241,0.0005
0.031155074015259743,0.98,5495,193639,7.3375654220581055,193538,-7.78775993,35,19.44,10412,0.7105729579925537,0.7815182209014893,0.0005
0.03157112002372742,0.99,5497,193710,6.405604362487793,193609,-7.52114076,35,19.28,10416,0.5642259120941162,0.2537587881088257,0.0005
0.031183291226625443,0.99,5499,193797,6.774450778961182,193696,-7.57614595,35,19.37,10420,1.7309815883636475,-0.03602689504623413,0.0005
0.03102576918900013,0.99,5501,193870,6.202990531921387,193769,-7.4368991399999995,35,19.18,10424,2.257051706314087,0.28532227873802185,0.0005
0.03024892695248127,0.99,5503,193949,6.454832077026367,193848,-7.482147200000001,35,19.25,10428,0.8066850900650024,0.0072097331285476685,0.0005
0.03005773387849331,0.99,5505,194011,6.103435516357422,193910,-7.43317768,35,19.17,10432,0.915382444858551,-0.5042691230773926,0.0005
0.029778944328427315,0.99,5507,194082,6.529293537139893,193981,-7.338950639999999,35,19.02,10436,0.3421173691749573,-0.8933228254318237,0.0005
0.030149171128869057,0.99,5509,194161,6.651002883911133,194060,-7.356312920000001,35,19.08,10440,0.950792670249939,-0.40285807847976685,0.0005
0.029622584581375122,0.99,5510,194231,6.300306797027588,194130,-7.40949951,35,19.18,10444,0.2812051475048065,-0.794830858707428,0.0005
0.02935926243662834,0.99,5512,194298,6.000805854797363,194197,-7.34958171,35,19.05,10448,1.7852669954299927,-0.39026302099227905,0.0005
0.02895815297961235,0.99,5514,194372,6.731074333190918,194271,-7.33208746,35,19.0,10452,0.9243196249008179,-0.2616487443447113,0.0005
0.029449066147208214,0.99,5517,194451,6.913447856903076,194350,-7.37996098,35,19.09,10456,3.878937244415283,0.35083702206611633,0.0005
0.030589018017053604,0.99,5519,194537,6.7369279861450195,194436,-7.377008839999999,35,19.07,10460,0.35425424575805664,-0.7000950574874878,0.0005
0.03046746738255024,0.99,5522,194625,6.457696914672852,194524,-7.483469950000001,35,19.25,10464,0.30909138917922974,-0.396664023399353,0.0005
0.030310608446598053,0.99,5523,194692,6.531466007232666,194591,-7.465175329999999,35,19.18,10468,0.36639994382858276,-0.258769690990448,0.0005
0.030835120007395744,0.99,5525,194769,7.387943267822266,194668,-7.4589969599999995,35,19.16,10472,0.7554892897605896,1.1382486820220947,0.0005
0.030967174097895622,0.99,5528,194858,6.161996841430664,194757,-7.57795025,35,19.36,10476,2.078556537628174,-0.6989409923553467,0.0005
0.03098347969353199,1.0,5530,194925,6.269223213195801,194824,-7.273455790000001,35,19.11,10480,0.39218801259994507,-0.5512083768844604,0.0005
0.031092118471860886,1.0,5532,195001,6.902773857116699,194900,-7.275271590000001,35,19.12,10484,0.7659369707107544,0.1958862543106079,0.0005
0.031366635113954544,1.0,5533,195062,6.353010177612305,194961,-7.17851532,35,18.97,10488,1.708977222442627,0.30833935737609863,0.0005
0.03210584446787834,1.0,5536,195153,6.789858818054199,195052,-7.18044488,35,18.97,10492,0.44328445196151733,-0.7999671101570129,0.0005
0.031846124678850174,1.0,5538,195224,5.847412109375,195123,-7.152062570000001,35,18.96,10496,0.1874029040336609,-0.38084152340888977,0.0005
0.031305354088544846,0.99,5540,195307,9.278902053833008,195206,-7.440987679999999,35,19.17,10500,1.4145114421844482,0.3393023908138275,0.0005
0.03220412880182266,0.99,5542,195383,6.705960273742676,195282,-7.369040709999999,35,19.03,10504,1.0005717277526855,-0.05160430818796158,0.0005
0.03249730169773102,0.99,5544,195451,6.487405776977539,195350,-7.308902680000001,35,18.92,10508,0.9276126623153687,-0.2552681565284729,0.0005
0.031645312905311584,0.99,5546,195534,6.407187461853027,195433,-7.346025310000001,35,18.95,10512,0.7857568860054016,-0.18231049180030823,0.0005
0.031650569289922714,0.99,5548,195610,5.981949806213379,195509,-7.390686400000001,35,19.0,10516,0.7645276784896851,-0.595490574836731,0.0005
0.031334590166807175,0.99,5550,195692,6.08098840713501,195591,-7.375153710000001,35,18.95,10520,1.5707608461380005,-0.3068026304244995,0.0005
0.030919643118977547,0.99,5552,195761,5.815664768218994,195660,-7.370199900000001,35,18.91,10524,0.37653011083602905,-0.7320054769515991,0.0005
0.030485989525914192,0.98,5554,195844,8.48377799987793,195743,-7.547751369999999,35,18.95,10528,0.5395531058311462,0.8071945905685425,0.0005
0.030904393643140793,0.98,5557,195931,6.203763961791992,195830,-7.69936856,35,19.2,10532,0.9466590881347656,0.2522212266921997,0.0005
0.030779359862208366,0.98,5559,196013,6.311289310455322,195912,-7.78702131,35,19.31,10536,1.3891270160675049,0.1482485979795456,0.0005
0.03008108399808407,0.98,5561,196096,6.540725231170654,195995,-7.824937449999998,35,19.35,10540,0.23308269679546356,-0.20643003284931183,0.0005
0.030527761206030846,0.98,5564,196182,6.702304840087891,196081,-7.92665841,35,19.51,10544,0.32099616527557373,-0.6953072547912598,0.0005
0.03087281435728073,0.98,5566,196263,7.289829254150391,196162,-7.99436639,35,19.65,10548,0.7637213468551636,1.2988381385803223,0.0005
0.03144506737589836,0.98,5568,196339,6.440147876739502,196238,-8.00066866,35,19.67,10552,0.26429831981658936,0.19819076359272003,0.0005
0.030547505244612694,0.98,5570,196418,6.622937202453613,196317,-8.003612420000001,35,19.67,10556,0.552513837814331,-0.48576831817626953,0.0005
0.02978387288749218,0.98,5572,196481,6.552731513977051,196380,-7.85253004,35,19.44,10560,0.364285945892334,0.0666654109954834,0.0005
0.02989405021071434,0.98,5574,196551,7.313038349151611,196450,-7.747988799999999,35,19.26,10564,0.8168992400169373,0.30882424116134644,0.0005
0.02989821322262287,0.98,5576,196636,6.276076316833496,196535,-7.85552917,35,19.44,10568,0.28335753083229065,-0.4430200755596161,0.0005
0.029204903170466423,0.98,5577,196705,6.658241271972656,196604,-7.80484844,35,19.36,10572,0.7000365853309631,-0.2248445600271225,0.0005
0.029188934713602066,0.98,5580,196789,5.820378303527832,196688,-7.7844083,35,19.31,10576,0.9222345352172852,-0.2186230719089508,0.0005
0.028954509645700455,0.98,5581,196862,6.375676155090332,196761,-7.79464446,35,19.37,10580,0.7511504888534546,-0.0502016544342041,0.0005
0.029352843761444092,0.98,5583,196932,6.177909851074219,196831,-7.752072480000001,35,19.31,10584,0.16826696693897247,-0.20872044563293457,0.0005
0.02895263023674488,0.97,5586,197023,6.164766311645508,196922,-8.078611110000002,35,19.61,10588,2.261059045791626,-0.04416003078222275,0.0005
0.029130926355719566,0.97,5588,197117,6.636198043823242,197016,-8.08255686,35,19.64,10592,0.6111213564872742,0.09195742011070251,0.0005
0.029711905866861343,0.97,5590,197196,6.434398651123047,197095,-8.1286662,35,19.72,10596,0.48406413197517395,0.08095775544643402,0.0005
0.029794014990329742,0.98,5592,197265,6.330898284912109,197164,-7.8856953999999995,35,19.58,10600,0.4734308421611786,0.3793593943119049,0.0005
0.029577240347862244,0.98,5594,197341,6.167461395263672,197240,-7.887324279999999,35,19.58,10604,0.43258267641067505,0.23908135294914246,0.0005
0.029386160895228386,0.98,5597,197421,6.590191841125488,197320,-7.9477496599999995,35,19.7,10608,0.331470251083374,0.5022900700569153,0.0005
0.03017747774720192,0.98,5599,197503,7.00913667678833,197402,-7.940372579999998,35,19.69,10612,0.6849381923675537,0.9432492256164551,0.0005
0.030517442151904106,0.98,5601,197580,6.071865558624268,197479,-7.94410044,35,19.7,10616,0.9838223457336426,-0.053048573434352875,0.0005
0.030369801446795464,0.98,5604,197664,6.774162769317627,197563,-7.945967360000001,35,19.72,10620,1.676297903060913,0.2908235192298889,0.0005
0.030382400378584862,0.98,5606,197750,6.2651262283325195,197649,-8.04653322,35,19.89,10624,0.44275492429733276,-0.40307262539863586,0.0005
0.03049916960299015,0.99,5608,197812,6.593231201171875,197711,-7.76691365,35,19.68,10628,0.40582743287086487,0.6633219122886658,0.0005
0.030506210401654243,0.99,5610,197891,6.070597171783447,197790,-7.716823559999999,35,19.6,10632,2.339263439178467,0.6001681089401245,0.0005
0.030487647280097008,0.99,5612,197960,6.408790588378906,197859,-7.6252839,35,19.47,10636,0.19989535212516785,-0.1948416829109192,0.0005
0.031181076541543007,0.99,5615,198054,6.587158203125,197953,-7.677359770000001,35,19.58,10640,0.24417290091514587,0.06440329551696777,0.0005
0.031014084815979004,0.99,5617,198136,6.64912223815918,198035,-7.667000939999999,35,19.54,10644,0.5514841079711914,0.6906344294548035,0.0005
0.03053736314177513,0.99,5619,198222,6.403510093688965,198121,-7.7118977,35,19.59,10648,0.6367082595825195,-0.12784889340400696,0.0005
0.02991516701877117,0.99,5622,198306,6.390477180480957,198205,-7.761700960000001,35,19.67,10652,0.7550278902053833,-0.262464314699173,0.0005
0.029863903298974037,0.99,5624,198384,6.113920211791992,198283,-7.76003776,35,19.66,10656,0.7245838642120361,-0.7530196905136108,0.0005
0.02996920980513096,0.99,5626,198455,6.6529998779296875,198354,-7.815669549999999,35,19.74,10660,1.6927711963653564,0.018507137894630432,0.0005
0.030312955379486084,0.99,5628,198523,6.354277610778809,198422,-7.81160422,35,19.72,10664,0.1770707070827484,-0.10392722487449646,0.0005
0.030968038365244865,0.99,5630,198604,6.718688011169434,198503,-7.7730515800000015,35,19.68,10668,0.6849750280380249,0.42200958728790283,0.0005
0.030892305076122284,0.99,5632,198680,5.876345634460449,198579,-7.81601898,35,19.75,10672,0.3900853991508484,0.1433732658624649,0.0005
0.030266501009464264,0.99,5635,198765,6.013419151306152,198664,-7.8207625,35,19.76,10676,0.9137084484100342,0.13444450497627258,0.0005
0.030556000769138336,0.99,5637,198853,6.785687446594238,198752,-7.92512459,35,19.91,10680,0.5701980590820312,0.11435472965240479,0.0005
0.03047226369380951,0.99,5639,198928,6.182046890258789,198827,-7.963677639999999,35,19.96,10684,1.4367845058441162,0.23085126280784607,0.0005
0.031131232157349586,1.0,5642,199011,6.518893718719482,198910,-7.77909451,35,19.88,10688,0.6242675185203552,-0.7759991884231567,0.0005
0.03092910163104534,1.0,5643,199072,7.086808204650879,198971,-7.57910193,35,19.55,10692,2.3274717330932617,0.3521690368652344,0.0005
0.03156625106930733,1.0,5646,199160,7.007852077484131,199059,-7.634078950000002,35,19.64,10696,0.5953289866447449,-0.08816646039485931,0.0005
0.03262196108698845,1.0,5648,199228,6.995016098022461,199127,-7.631445590000001,35,19.63,10700,0.7047653794288635,0.4981716275215149,0.0005
0.033622123301029205,1.0,5650,199306,6.004042148590088,199205,-7.64069635,35,19.65,10704,2.185086965560913,0.21023064851760864,0.0005
0.03263106197118759,1.0,5652,199386,7.073172569274902,199285,-7.64253241,35,19.65,10708,0.9355221390724182,0.24183663725852966,0.0005
0.032152872532606125,1.0,5654,199462,7.418500900268555,199361,-7.600234240000001,35,19.59,10712,1.4317500591278076,-0.06893417239189148,0.0005
0.032051414251327515,1.0,5657,199547,6.698505401611328,199446,-7.648074310000001,35,19.67,10716,1.3309242725372314,-0.02133890986442566,0.0005
0.031078120693564415,1.0,5659,199635,6.034730911254883,199534,-7.66453675,35,19.71,10720,0.952422022819519,-0.3120400905609131,0.0005
0.03012140281498432,1.0,5661,199712,5.952630519866943,199611,-7.612489719999998,35,19.62,10724,0.4096912741661072,-0.4091319739818573,0.0005
0.03140316531062126,0.99,5664,199799,9.576040267944336,199698,-7.89666477,35,19.87,10728,1.631844401359558,1.0912535190582275,0.0005
0.03314543515443802,0.98,5666,199902,7.717320442199707,199801,-8.17876128,35,20.11,10732,0.5575449466705322,1.1863689422607422,0.0005
0.03425576165318489,0.98,5668,199970,6.686584949493408,199869,-8.17751273,35,20.1,10736,0.3986543118953705,0.4310600161552429,0.0005
0.035267192870378494,0.98,5688,200048,8.096647262573242,199947,-8.087255449999999,35,19.94,10740,1.5095865726470947,0.8906323313713074,0.0005
0.036190349608659744,0.98,5690,200116,6.894852161407471,200015,-7.998591790000002,35,19.8,10744,0.7810189723968506,-0.1985035240650177,0.0005
0.03556516766548157,0.98,5693,200202,7.008285999298096,200101,-8.000087380000002,35,19.8,10748,1.5601379871368408,-0.4312257766723633,0.0005
0.035203028470277786,0.98,5694,200266,6.817352294921875,200165,-7.85989304,35,19.6,10752,0.4741051495075226,-0.4684858024120331,0.0005
0.03453941270709038,0.98,5696,200346,7.171645641326904,200245,-7.863189950000001,35,19.62,10756,1.3273670673370361,-0.39135926961898804,0.0005
0.03517284244298935,0.98,5699,200423,6.853575229644775,200322,-7.905077840000001,35,19.68,10760,0.8193314671516418,0.7690145373344421,0.0005
0.03502926230430603,0.98,5701,200497,6.6334686279296875,200396,-7.945188750000001,35,19.74,10764,0.33006489276885986,-0.4774678647518158,0.0005
0.034024372696876526,0.98,5703,200575,6.211235046386719,200474,-7.934142400000001,35,19.71,10768,0.7688238024711609,-0.6728097200393677,0.0005
0.03353022411465645,0.98,5705,200644,7.31149435043335,200543,-7.892252490000001,35,19.64,10772,0.8959183692932129,0.5368489027023315,0.0005
0.03396867960691452,0.98,5707,200723,6.572408199310303,200622,-7.847267219999999,35,19.58,10776,0.398274302482605,-0.041262950748205185,0.0005
0.03381549194455147,0.98,5709,200800,6.805540084838867,200699,-7.7886546999999995,35,19.47,10780,1.651929259300232,-0.19794809818267822,0.0005
0.032897595316171646,0.98,5711,200876,6.469518661499023,200775,-7.79437929,35,19.48,10784,1.774233341217041,-0.33398741483688354,0.0005
0.03269711136817932,0.98,5713,200948,6.25408935546875,200847,-7.704459740000001,35,19.37,10788,0.49503907561302185,-0.42151814699172974,0.0005
0.032477445900440216,0.98,5715,201012,7.066285610198975,200911,-7.710983789999999,35,19.4,10792,0.6381683945655823,0.31311511993408203,0.0005
0.03272027149796486,0.98,5718,201103,7.855447292327881,201002,-7.74325643,35,19.43,10796,2.5436506271362305,0.3595966100692749,0.0005
0.03238614276051521,0.98,5720,201178,8.080297470092773,201077,-7.78933713,35,19.5,10800,0.8465448617935181,0.1911638379096985,0.0005
0.032079823315143585,0.98,5722,201263,6.303618907928467,201162,-7.827680340000001,35,19.57,10804,1.0400638580322266,-0.12976400554180145,0.0005
0.031378909945487976,0.98,5724,201345,7.272317886352539,201244,-7.856911359999999,35,19.59,10808,0.9615090489387512,0.20087775588035583,0.0005
0.03132808208465576,0.98,5726,201423,6.758916854858398,201322,-7.860204599999999,35,19.61,10812,1.3944090604782104,-0.3136729300022125,0.0005
0.030791159719228745,0.98,5728,201494,6.129693031311035,201393,-7.7654687299999985,35,19.47,10816,0.21904361248016357,-0.16931119561195374,0.0005
0.029907116666436195,0.98,5730,201580,7.1117939949035645,201479,-7.758944879999999,35,19.45,10820,1.0789929628372192,-0.15197619795799255,0.0005
0.029738929122686386,0.98,5732,201655,6.972021579742432,201554,-7.7540155,35,19.43,10824,0.6842488050460815,0.4979713559150696,0.0005
0.030049387365579605,0.99,5734,201731,6.760653495788574,201630,-7.569480019999999,35,19.32,10828,1.5246798992156982,-0.022417135536670685,0.0005
0.030953040346503258,1.0,5737,201821,6.090126037597656,201720,-7.375677090000002,35,19.19,10832,0.8065791130065918,0.5424102544784546,0.0005
0.03164694085717201,1.0,5739,201896,6.71757698059082,201795,-7.41649552,35,19.26,10836,1.6726429462432861,0.6316453218460083,0.0005
0.03214043378829956,1.0,5741,201980,6.611044883728027,201879,-7.456252910000001,35,19.32,10840,2.2233943939208984,0.07017285376787186,0.0005
0.03260502591729164,1.0,5743,202062,6.939978122711182,201961,-7.539190229999999,35,19.46,10844,0.785180926322937,-0.055125609040260315,0.0005
0.031819187104701996,1.0,5745,202150,7.098910331726074,202049,-7.541009500000001,35,19.48,10848,1.18235445022583,0.41106459498405457,0.0005
0.031846605241298676,1.0,5748,202237,7.1958746910095215,202136,-7.68463015,35,19.71,10852,1.0474987030029297,0.19295668601989746,0.0005
0.031395506113767624,1.0,5750,202315,6.058751106262207,202214,-7.67326629,35,19.69,10856,0.4626616835594177,-0.7670907378196716,0.0005
0.030864806845784187,1.0,5752,202400,6.553953170776367,202299,-7.722103860000001,35,19.77,10860,2.049201250076294,0.3223887085914612,0.0005
0.031766872853040695,1.0,5754,202477,7.311674118041992,202376,-7.7309809199999995,35,19.8,10864,0.3964017629623413,0.8067266941070557,0.0005
0.03222683444619179,1.0,5756,202539,6.630833625793457,202438,-7.63293909,35,19.64,10868,1.583032488822937,-0.0808945745229721,0.0005
0.03249017894268036,1.0,5758,202614,7.0446929931640625,202513,-7.67369939,35,19.7,10872,0.22587402164936066,-0.7454046010971069,0.0005
0.032313209027051926,1.0,5759,202683,6.682916641235352,202582,-7.61830865,35,19.6,10876,0.49706462025642395,0.056072115898132324,0.0005
0.03257821872830391,1.0,5761,202762,6.21643590927124,202661,-7.620120500000001,35,19.62,10880,0.3646726608276367,-0.5688499212265015,0.0005
0.03176621347665787,1.0,5764,202846,5.799020767211914,202745,-7.667818499999999,35,19.7,10884,0.32057106494903564,0.20497789978981018,0.0005
0.03134548291563988,1.0,5766,202916,6.883421897888184,202815,-7.66859425,35,19.68,10888,0.3574126958847046,-0.6343879699707031,0.0005
0.031559236347675323,1.0,5768,202994,6.344003677368164,202893,-7.768958920000001,35,19.82,10892,2.183009386062622,-0.6108185052871704,0.0005
0.03132367506623268,1.0,5770,203061,6.403502464294434,202960,-7.6228766,35,19.58,10896,0.3379039764404297,-0.2357422560453415,0.0005
0.030604613944888115,1.0,5772,203138,6.624625205993652,203037,-7.629221329999999,35,19.6,10900,0.261596143245697,0.21347510814666748,0.0005
0.03084188513457775,1.0,5774,203220,6.06988525390625,203119,-7.625858359999999,35,19.57,10904,0.4796893000602722,0.2030811607837677,0.0005
0.03039739280939102,1.0,5776,203295,7.087215900421143,203194,-7.5791901500000005,35,19.5,10908,0.6199778318405151,0.08057704567909241,0.0005
0.03041907027363777,1.0,5778,203371,6.380686283111572,203270,-7.57547084,35,19.48,10912,1.645430326461792,-0.8240561485290527,0.0005
0.030068857595324516,1.0,5781,203456,6.432401180267334,203355,-7.6687513,35,19.62,10916,0.590202808380127,-0.15310926735401154,0.0005
0.030066579580307007,1.0,5783,203536,6.442586898803711,203435,-7.620322679999999,35,19.56,10920,0.4411712884902954,0.10492728650569916,0.0005
0.030046259984374046,1.0,5785,203630,7.229137420654297,203529,-7.728234350000001,35,19.75,10924,1.063627004623413,-0.1400020271539688,0.0005
0.030384648591279984,1.0,5787,203711,7.19972038269043,203610,-7.765400920000001,35,19.8,10928,1.0237107276916504,0.4871059060096741,0.0005
0.031023794785141945,0.99,5790,203794,5.9451751708984375,203693,-7.894024050000002,35,19.73,10932,0.6006255745887756,-0.6219865083694458,0.0005
0.03058101236820221,0.99,5792,203864,6.353860855102539,203763,-7.857192979999999,35,19.68,10936,0.2807512581348419,0.3535069525241852,0.0005
0.03036004863679409,0.99,5794,203941,7.0728607177734375,203840,-7.8132993299999995,35,19.61,10940,2.030658006668091,-0.4817327558994293,0.0005
0.029871195554733276,0.99,5796,204011,7.104121208190918,203910,-7.7277118300000005,35,19.49,10944,1.2225079536437988,-0.5345617532730103,0.0005
0.02970493584871292,0.99,5798,204089,7.067005157470703,203988,-7.671451689999999,35,19.39,10948,0.467357337474823,-0.12094274163246155,0.0005
0.02955610118806362,0.99,5800,204167,6.743436336517334,204066,-7.621344369999999,35,19.3,10952,0.848964273929596,-0.4271983504295349,0.0005
0.03021162748336792,0.99,5801,204237,6.202674865722656,204136,-7.5773281400000005,35,19.22,10956,0.21663913130760193,-0.8114473819732666,0.0005
0.030166657641530037,0.99,5803,204314,5.950455665588379,204213,-7.535426619999999,35,19.14,10960,0.969174861907959,-0.672374963760376,0.0005
0.029194628819823265,0.99,5805,204396,6.476691246032715,204295,-7.57725829,35,19.19,10964,0.3875419497489929,-0.2282763123512268,0.0005
0.02865789830684662,0.99,5807,204471,7.13538932800293,204370,-7.66973253,35,19.32,10968,0.4316031038761139,0.3057304322719574,0.0005
0.028171192854642868,0.99,5809,204548,6.103056907653809,204447,-7.6788611200000005,35,19.34,10972,0.685823917388916,-0.03373223543167114,0.0005
0.028075268492102623,0.99,5811,204615,6.135889053344727,204514,-7.672974469999999,35,19.32,10976,0.3224518895149231,-0.2843307852745056,0.0005
0.028144733980298042,0.99,5813,204682,6.129254341125488,204581,-7.614970719999999,35,19.2,10980,0.33871138095855713,-0.12056757509708405,0.0005
0.02807937189936638,0.99,5815,204759,6.25130558013916,204658,-7.569450999999999,35,19.13,10984,0.2310630977153778,-0.10169149935245514,0.0005
0.027831904590129852,0.99,5817,204835,6.180107593536377,204734,-7.613546419999999,35,19.19,10988,1.890080213546753,-0.8105192184448242,0.0005
0.027740243822336197,0.99,5819,204916,5.96681022644043,204815,-7.641371660000001,35,19.22,10992,0.8641923666000366,0.22887878119945526,0.0005
0.027716491371393204,0.99,5821,204998,6.459836006164551,204897,-7.73753788,35,19.37,10996,0.44354447722435,0.024650976061820984,0.0005
0.027520082890987396,0.99,5823,205073,7.4675445556640625,204972,-7.726740420000001,35,19.35,11000,0.8319640159606934,1.167766809463501,0.0005
0.02908238209784031,0.99,5826,205158,7.56814432144165,205057,-7.740211760000001,35,19.38,11004,0.7016651034355164,1.2462499141693115,0.0005
0.031151525676250458,0.99,5828,205253,6.1903204917907715,205152,-7.855048009999999,35,19.58,11008,0.5710396766662598,-0.31888383626937866,0.0005
0.030013715848326683,0.99,5830,205331,6.350525379180908,205230,-7.863406319999999,35,19.6,11012,0.7786316275596619,0.4892067313194275,0.0005
0.03009236603975296,0.99,5832,205400,6.897205352783203,205299,-7.76583733,35,19.44,11016,1.080323576927185,0.39082711935043335,0.0005
0.030250398442149162,0.99,5833,205461,5.956123352050781,205360,-7.662498580000001,35,19.25,11020,0.3923262655735016,-0.39849668741226196,0.0005
0.03065773844718933,0.99,5835,205538,7.020938873291016,205437,-7.5563511100000005,35,19.08,11024,0.5366900563240051,0.4868139624595642,0.0005
0.03052688017487526,0.99,5837,205614,6.260790824890137,205513,-7.51688418,35,19.03,11028,0.970848560333252,0.14044234156608582,0.0005
0.029854176566004753,1.0,5839,205693,6.003863334655762,205592,-7.296604960000001,35,18.99,11032,0.9554245471954346,-0.6693307161331177,0.0005
0.02942231483757496,1.0,5841,205784,6.468558311462402,205683,-7.436204440000001,35,19.2,11036,0.2352374941110611,-0.3964492976665497,0.0005
0.02923395298421383,1.0,5843,205864,6.521210670471191,205763,-7.43983479,35,19.23,11040,0.18359655141830444,-0.15849454700946808,0.0005
0.02881232649087906,1.0,5845,205941,6.511629104614258,205840,-7.486299899999999,35,19.3,11044,0.42344871163368225,0.416024386882782,0.0005
0.028767963871359825,1.0,5848,206026,6.401007652282715,205925,-7.534309480000002,35,19.37,11048,0.7297781705856323,-0.009746551513671875,0.0005
0.028578443452715874,1.0,5850,206114,6.532445430755615,206013,-7.596607899999999,35,19.47,11052,1.0055594444274902,0.1492815911769867,0.0005
0.028400428593158722,1.0,5852,206188,6.5548906326293945,206087,-7.63680506,35,19.51,11056,1.6591534614562988,0.0015458464622497559,0.0005
0.028712118044495583,1.0,5854,206259,6.804722785949707,206158,-7.587115859999999,35,19.45,11060,0.3209449052810669,0.3477616012096405,0.0005
0.028674600645899773,1.0,5856,206327,6.76446533203125,206226,-7.493732229999999,35,19.31,11064,0.28333133459091187,1.4760189056396484,0.0005
0.02868524193763733,1.0,5859,206419,6.842123985290527,206318,-7.59111057,35,19.48,11068,0.7437633872032166,-0.6679679155349731,0.0005
0.02816324681043625,1.0,5860,206496,6.384271621704102,206395,-7.5840469399999995,35,19.48,11072,0.6366985440254211,0.44912999868392944,0.0005
0.028420308604836464,1.0,5862,206566,6.059479713439941,206465,-7.592376409999999,35,19.51,11076,1.1477220058441162,0.8138070106506348,0.0005
0.02915935218334198,1.0,5864,206645,6.374098777770996,206544,-7.654181220000001,35,19.63,11080,0.8634210824966431,-0.701655924320221,0.0005
0.02896825037896633,1.0,5867,206728,6.912602424621582,206627,-7.699293810000001,35,19.69,11084,1.4398897886276245,-0.04206480085849762,0.0005
0.029004724696278572,1.0,5868,206792,5.862732887268066,206691,-7.613217930000001,35,19.57,11088,0.410893976688385,0.44660377502441406,0.0005
0.02901056967675686,1.0,5870,206872,6.494757652282715,206771,-7.583199100000002,35,19.56,11092,0.27206653356552124,0.3127663731575012,0.0005
0.02879602275788784,1.0,5872,206956,6.56174373626709,206855,-7.58962113,35,19.58,11096,1.012372374534607,0.24321067333221436,0.0005
0.028363408520817757,1.0,5875,207044,5.8499369621276855,206943,-7.656165370000001,35,19.71,11100,0.7283824682235718,-0.053415507078170776,0.0005
0.027967583388090134,1.0,5876,207112,5.8997273445129395,207011,-7.54919221,35,19.54,11104,0.7583777904510498,-0.10450878739356995,0.0005
0.028322970494627953,1.0,5879,207198,6.18226957321167,207097,-7.49230771,35,19.45,11108,1.5186741352081299,0.8493122458457947,0.0005
0.028697028756141663,1.0,5880,207268,7.393896579742432,207167,-7.438298560000001,35,19.37,11112,1.3585078716278076,0.7338388562202454,0.0005
0.029236868023872375,1.0,5883,207347,6.88153076171875,207246,-7.491450040000001,35,19.47,11116,0.4914073646068573,0.31196844577789307,0.0005
0.029789289459586143,1.0,5885,207429,5.817198753356934,207328,-7.6309416599999995,35,19.68,11120,1.123311996459961,-0.3905940055847168,0.0005
0.029135236516594887,1.0,5887,207507,7.041975975036621,207406,-7.63866894,35,19.69,11124,0.45832598209381104,-0.28987884521484375,0.0005
0.02873186580836773,1.0,5889,207583,5.822206497192383,207482,-7.63802063,35,19.69,11128,0.572978138923645,-1.035205602645874,0.0005
0.028430821374058723,1.0,5891,207665,6.914313316345215,207564,-7.680185460000001,35,19.72,11132,0.6584527492523193,0.22296950221061707,0.0005
0.0283381137996912,1.0,5893,207736,6.7951202392578125,207635,-7.538943420000001,35,19.52,11136,0.46543580293655396,-0.051115721464157104,0.0005
0.028359176591038704,1.0,5896,207821,5.553943157196045,207720,-7.5833641,35,19.57,11140,0.434798002243042,-0.5269498229026794,0.0005
0.027952510863542557,1.0,5898,207896,7.379471302032471,207795,-7.579999690000002,35,19.55,11144,0.7736557722091675,0.09999126195907593,0.0005
0.027770493179559708,1.0,5900,207972,6.948940277099609,207871,-7.52779418,35,19.46,11148,0.4681239128112793,-0.33076030015945435,0.0005
0.02768034115433693,1.0,5902,208048,5.943474292755127,207947,-7.46096393,35,19.34,11152,0.9985786080360413,-0.2513371407985687,0.0005
0.028005989268422127,1.0,5904,208132,6.7534637451171875,208031,-7.51322654,35,19.44,11156,1.309302568435669,0.7056460976600647,0.0005
0.028661562129855156,1.0,5906,208201,6.683024883270264,208100,-7.508478130000001,35,19.42,11160,0.41387152671813965,0.6290475726127625,0.0005
0.029001059010624886,1.0,5908,208270,6.286949157714844,208169,-7.511688689999999,35,19.43,11164,0.973779559135437,-0.10607075691223145,0.0005
0.02898651733994484,1.0,5910,208346,5.6280717849731445,208245,-7.417013979999999,35,19.27,11168,0.8768153190612793,-0.485381156206131,0.0005
0.029414858669042587,1.0,5912,208425,6.660215854644775,208324,-7.428044400000001,35,19.29,11172,1.7675491571426392,-0.2781289517879486,0.0005
0.02926631271839142,1.0,5914,208494,6.178936958312988,208393,-7.4242479,35,19.28,11176,1.935558557510376,-0.376445472240448,0.0005
0.028488483279943466,1.0,5916,208566,5.493782997131348,208465,-7.40340356,35,19.21,11180,1.0397752523422241,-0.7381653785705566,0.0005
0.028372323140501976,1.0,5918,208627,6.161050319671631,208526,-7.25851488,35,18.99,11184,1.2604496479034424,0.4112817645072937,0.0005
0.029200071468949318,1.0,5920,208703,7.056877136230469,208602,-7.3443700299999986,35,19.11,11188,0.2376772165298462,-0.5533406734466553,0.0005
0.03000158816576004,1.0,5922,208772,6.567143440246582,208671,-7.28879642,35,19.0,11192,2.6359009742736816,0.912610650062561,0.0005
0.030796248465776443,1.0,5923,208850,7.150547027587891,208749,-7.2457186,35,18.94,11196,0.29277676343917847,-0.7540687322616577,0.0005
0.030920859426259995,1.0,5926,208932,6.051588535308838,208831,-7.226796130000001,35,18.88,11200,0.518851637840271,-1.2269856929779053,0.0005
0.03000698797404766,0.99,5928,209015,6.185953140258789,208914,-7.51950427,35,19.03,11204,0.39004644751548767,0.26175689697265625,0.0005
0.029474880546331406,0.99,5929,209085,6.042582988739014,208984,-7.4237327,35,18.87,11208,0.1520058810710907,-0.2297050654888153,0.0005
0.029358815401792526,0.99,5931,209162,6.349405288696289,209061,-7.469052989999999,35,18.94,11212,0.2841704487800598,-0.7528831362724304,0.0005
0.02897011488676071,0.99,5933,209230,6.608457565307617,209129,-7.411164239999998,35,18.83,11216,0.623001217842102,-0.24531809985637665,0.0005
0.028252169489860535,0.99,5935,209314,6.053919792175293,209213,-7.4150670100000005,35,18.85,11220,0.3863896131515503,-0.5693379640579224,0.0005
0.02818710170686245,0.99,5937,209384,5.450062274932861,209283,-7.362094629999999,35,18.77,11224,0.4597301483154297,-0.8369737863540649,0.0005
0.02774362452328205,0.99,5940,209468,5.952568054199219,209367,-7.411233380000001,35,18.85,11228,1.08414888381958,-0.0755830705165863,0.0005
0.027828486636281013,0.99,5942,209544,6.684115409851074,209443,-7.36507542,35,18.79,11232,0.36438244581222534,0.2598876655101776,0.0005
0.02837362140417099,0.99,5944,209617,5.913381576538086,209516,-7.397845159999999,35,18.81,11236,0.4452463388442993,0.07646960765123367,0.0005
0.028072049841284752,0.99,5946,209694,6.293515205383301,209593,-7.345090839999999,35,18.73,11240,0.291070818901062,-0.07563881576061249,0.0005
0.028372863307595253,0.99,5948,209774,6.128539562225342,209673,-7.359099930000001,35,18.78,11244,1.2201123237609863,0.5394328832626343,0.0005
0.028414001688361168,0.99,5950,209843,6.365111351013184,209742,-7.3094080199999985,35,18.71,11248,0.6434954404830933,-0.701073408126831,0.0005
0.02835926227271557,0.99,5952,209930,6.120461940765381,209829,-7.39491915,35,18.82,11252,0.6345445513725281,0.9444764852523804,0.0005
0.029332619160413742,0.99,5972,210006,7.025949954986572,209905,-7.346237059999998,35,18.74,11256,0.3574536442756653,-0.3419116735458374,0.0005
0.029937194660305977,0.99,5974,210085,5.93933629989624,209984,-7.403253159999999,35,18.84,11260,1.5000488758087158,-1.1317815780639648,0.0005
0.029121384024620056,0.99,5976,210163,6.245494842529297,210062,-7.458179079999999,35,18.93,11264,1.0920177698135376,-0.16507989168167114,0.0005
0.028684591874480247,0.99,5978,210243,6.8502044677734375,210142,-7.470627990000001,35,18.97,11268,0.5389850735664368,-0.02621215581893921,0.0005
0.028343817219138145,0.99,5980,210309,6.018781661987305,210208,-7.409725119999999,35,18.84,11272,0.11511846631765366,-0.2078431397676468,0.0005
0.028340289369225502,0.99,5982,210389,5.21916389465332,210288,-7.495617749999999,35,18.95,11276,0.7213910818099976,-0.6108856201171875,0.0005
0.028340701013803482,0.99,5984,210466,5.533220291137695,210365,-7.511976489999999,35,19.0,11280,1.877310037612915,0.3253386616706848,0.0005
0.027920372784137726,0.99,5986,210542,6.786696434020996,210441,-7.608666960000001,35,19.15,11284,0.8556251525878906,-0.2889864146709442,0.0005
0.027953460812568665,0.99,5989,210625,6.4532880783081055,210524,-7.651336339999999,35,19.22,11288,0.2275741845369339,-0.6718379259109497,0.0005
0.028026876971125603,0.99,5990,210692,6.885397911071777,210591,-7.64548242,35,19.2,11292,0.5986689329147339,0.5896116495132446,0.0005
0.02802642062306404,0.99,5992,210768,6.170699596405029,210667,-7.637517889999999,35,19.18,11296,0.2443929761648178,0.30215582251548767,0.0005
0.027770036831498146,0.99,5994,210829,6.319619178771973,210728,-7.5014695,35,18.97,11300,0.6242653131484985,-0.5860790014266968,0.0005
0.02752043679356575,0.99,5996,210904,6.048912048339844,210803,-7.400686529999999,35,18.89,11304,0.6443557739257812,-0.09539522230625153,0.0005
0.027555029839277267,0.99,5998,210972,6.228224754333496,210871,-7.3937800199999995,35,18.87,11308,0.5870459079742432,0.8748764991760254,0.0005
0.02710639126598835,0.99,6000,211042,5.474939346313477,210941,-7.349430380000001,35,18.8,11312,2.172849178314209,0.13488063216209412,0.0005
0.026978082954883575,0.99,6002,211121,6.119585037231445,211020,-7.40733591,35,18.91,11316,1.2267811298370361,0.16294167935848236,0.0005
0.026950445026159286,0.99,6004,211198,5.748105049133301,211097,-7.364416629999999,35,18.84,11320,0.38311588764190674,-0.12469833344221115,0.0005
0.026885375380516052,0.99,6007,211294,6.453937530517578,211193,-7.5170926399999995,35,19.1,11324,0.3581872880458832,0.39223378896713257,0.0005
0.027581894770264626,0.99,6009,211375,6.791993618011475,211274,-7.5070007599999995,35,19.07,11328,1.4578924179077148,0.9280362129211426,0.0005
0.02738294191658497,0.99,6011,211458,5.479106426239014,211357,-7.551238390000001,35,19.14,11332,0.2446688413619995,-0.5248480439186096,0.0005
0.0274503156542778,0.99,6014,211540,6.661916732788086,211439,-7.603291369999999,35,19.23,11336,0.6286289691925049,1.415967583656311,0.0005
0.02792680263519287,0.99,6016,211619,6.118084907531738,211518,-7.609826530000001,35,19.25,11340,0.948280930519104,-0.3273527920246124,0.0005
0.02774551697075367,0.99,6018,211689,6.093936920166016,211588,-7.555492260000001,35,19.15,11344,0.2997506260871887,0.6703428626060486,0.0005
0.02818785421550274,0.99,6020,211758,6.824364185333252,211657,-7.554367180000001,35,19.15,11348,0.8874151706695557,0.19165630638599396,0.0005
0.028284352272748947,0.99,6021,211829,6.2480268478393555,211728,-7.4254558500000005,35,18.99,11352,0.341884970664978,0.3082376718521118,0.0005
0.029337437823414803,0.99,6023,211903,6.36466121673584,211802,-7.423273129999999,35,18.97,11356,0.7755304574966431,0.7563849687576294,0.0005
0.02961362525820732,0.99,6025,211978,6.624513149261475,211877,-7.405535240000001,35,18.93,11360,0.9318032264709473,0.5557199120521545,0.0005
0.029902160167694092,0.99,6027,212056,5.965738296508789,211955,-7.40160522,35,18.93,11364,0.2945725917816162,0.08448795974254608,0.0005
0.02973562479019165,0.99,6028,212116,6.6703972816467285,212015,-7.290405359999999,35,18.73,11368,0.8768846988677979,0.14327159523963928,0.0005
0.029393469914793968,0.99,6031,212194,6.412327766418457,212093,-7.3454244,35,18.85,11372,0.2199878692626953,0.21754470467567444,0.0005
0.029187265783548355,0.99,6033,212274,6.56881856918335,212173,-7.327383060000001,35,18.85,11376,1.6242103576660156,-0.4360072612762451,0.0005
0.029760802164673805,0.99,6035,212359,6.850483417510986,212258,-7.3780572499999995,35,18.93,11380,1.237196683883667,0.6874335408210754,0.0005
0.02997284010052681,0.99,6037,212444,7.142214775085449,212343,-7.4306983,35,19.02,11384,0.30654579401016235,-0.654224693775177,0.0005
0.029791614040732384,0.99,6039,212513,6.308453559875488,212412,-7.340183580000001,35,18.88,11388,0.9936767816543579,0.2045058161020279,0.0005
0.028891976922750473,0.99,6041,212589,6.598798751831055,212488,-7.392071640000001,35,18.97,11392,0.7118605375289917,-0.6137211918830872,0.0005
0.028797129169106483,0.99,6044,212670,6.171509742736816,212569,-7.43604197,35,19.02,11396,0.4295135736465454,0.04445631802082062,0.0005
0.029351117089390755,0.99,6046,212755,6.414424896240234,212654,-7.58287899,35,19.26,11400,1.5718189477920532,0.1815522462129593,0.0005
0.029628615826368332,1.0,6048,212832,7.054501533508301,212731,-7.441867279999998,35,19.28,11404,1.6472749710083008,1.125840425491333,0.0005
0.02989794872701168,1.0,6050,212922,6.494384765625,212821,-7.58417846,35,19.5,11408,0.44152891635894775,-0.1365586221218109,0.0005
0.029045719653367996,1.0,6052,213015,6.965565204620361,212914,-7.7298872900000015,35,19.73,11412,1.0069537162780762,0.7530105113983154,0.0005
0.02887255698442459,1.0,6054,213094,5.502860069274902,212993,-7.758319119999999,35,19.73,11416,0.2739802598953247,-0.7826694846153259,0.0005
0.028983378782868385,1.0,6057,213189,7.127721786499023,213088,-7.8547,35,19.91,11420,0.5890621542930603,0.4244605004787445,0.0005
0.02893947623670101,1.0,6059,213268,6.047227382659912,213167,-7.7544279099999995,35,19.74,11424,0.4851418733596802,0.39216333627700806,0.0005
0.02869170531630516,1.0,6061,213339,6.750059127807617,213238,-7.672022119999999,35,19.64,11428,0.194887176156044,0.06053338572382927,0.0005
0.02854885347187519,1.0,6063,213418,6.050840377807617,213317,-7.637718639999998,35,19.6,11432,0.7787676453590393,-0.30941253900527954,0.0005
0.028266532346606255,1.0,6065,213497,6.200984954833984,213396,-7.60445483,35,19.57,11436,1.018151044845581,-0.20363467931747437,0.0005
0.027645761147141457,1.0,6067,213583,5.932458877563477,213482,-7.653399919999999,35,19.64,11440,2.1160500049591064,-0.4719776213169098,0.0005
0.02710285782814026,1.0,6069,213659,6.406532287597656,213558,-7.696632449999998,35,19.7,11444,0.7392634153366089,0.36289215087890625,0.0005
0.02693655714392662,1.0,6071,213725,5.969871520996094,213624,-7.68942189,35,19.67,11448,0.7923380136489868,-0.2603093981742859,0.0005
0.026652522385120392,1.0,6073,213809,6.67412805557251,213708,-7.781714280000001,35,19.8,11452,0.43857067823410034,0.30961114168167114,0.0005
0.02693396992981434,1.0,6076,213895,6.205201625823975,213794,-7.837944350000002,35,19.92,11456,0.47947120666503906,0.4853985905647278,0.0005
0.027156976982951164,1.0,6077,213962,6.110669136047363,213861,-7.790498630000001,35,19.84,11460,0.9658076763153076,-0.7319328784942627,0.0005
0.026806317269802094,1.0,6079,214039,5.452716827392578,213938,-7.78629914,35,19.83,11464,0.29746735095977783,0.20268398523330688,0.0005
0.02681731805205345,1.0,6082,214133,5.823224067687988,214032,-7.989552010000001,35,20.17,11468,0.9914632439613342,-1.2665432691574097,0.0005
0.02696184068918228,1.0,6084,214208,5.968899726867676,214107,-7.98069573,35,20.14,11472,0.9189913868904114,-0.06559038162231445,0.0005
0.027354029938578606,1.0,6086,214280,5.597945213317871,214179,-7.918874519999999,35,20.06,11476,0.38301193714141846,-0.5351001024246216,0.0005
0.027178151533007622,1.0,6088,214357,6.5949320793151855,214256,-7.86499741,35,19.98,11480,1.5777795314788818,0.9628419876098633,0.0005
0.02721451409161091,1.0,6090,214421,5.516848087310791,214320,-7.719956110000001,35,19.77,11484,0.157540425658226,0.1611490249633789,0.0005
0.026856308802962303,1.0,6092,214498,6.058859825134277,214397,-7.76954254,35,19.85,11488,0.41013485193252563,-0.4043625593185425,0.0005
0.026407023891806602,1.0,6094,214571,6.752570629119873,214470,-7.759644260000001,35,19.82,11492,1.1671849489212036,0.33043086528778076,0.0005
0.02698371931910515,1.0,6096,214644,5.499235153198242,214543,-7.680011969999999,35,19.74,11496,0.4945024251937866,-0.18294809758663177,0.0005
0.027140872552990913,1.0,6098,214719,6.76945161819458,214618,-7.624225510000001,35,19.64,11500,0.42572933435440063,0.23840998113155365,0.0005
0.0273772943764925,1.0,6101,214799,6.133334159851074,214698,-7.659022620000001,35,19.67,11504,0.723744809627533,0.4222303032875061,0.0005
0.02753634564578533,1.0,6103,214868,6.787878036499023,214767,-7.51753472,35,19.46,11508,1.704343557357788,0.14321179687976837,0.0005
0.027356069535017014,1.0,6105,214950,6.170533180236816,214849,-7.461233930000001,35,19.35,11512,1.17593514919281,0.40075352787971497,0.0005
0.02745261788368225,1.0,6107,215012,6.368135452270508,214911,-7.32932718,35,19.18,11516,0.8408874869346619,-0.23464596271514893,0.0005
0.026983847841620445,1.0,6109,215090,5.8614301681518555,214989,-7.2300045299999995,35,19.01,11520,1.0772197246551514,0.4909716844558716,0.0005
0.02644110843539238,1.0,6111,215159,6.354923248291016,215058,-7.176563689999999,35,18.91,11524,0.2345602810382843,0.0778963565826416,0.0005
0.026405274868011475,1.0,6113,215231,5.86469030380249,215130,-7.176655560000001,35,18.92,11528,1.2575318813323975,0.17192509770393372,0.0005
0.025981685146689415,1.0,6115,215315,6.852343559265137,215214,-7.21832978,35,18.97,11532,0.6926843523979187,0.479037344455719,0.0005
0.026462316513061523,1.0,6117,215394,5.773789405822754,215293,-7.21613283,35,18.97,11536,0.9378148317337036,-0.23224467039108276,0.0005
0.026257550343871117,1.0,6120,215471,6.719979286193848,215370,-7.16507977,35,18.88,11540,2.326068878173828,0.8938654661178589,0.0005
0.026381034404039383,1.0,6122,215552,5.646803855895996,215451,-7.204988429999999,35,18.93,11544,1.2842354774475098,-0.5667068362236023,0.0005
0.026028625667095184,1.0,6124,215640,6.8598809242248535,215539,-7.35160564,35,19.15,11548,0.3860999643802643,-0.44387805461883545,0.0005
0.025829659774899483,1.0,6126,215709,6.043430805206299,215608,-7.2562569,35,19.0,11552,0.2602335810661316,0.039511874318122864,0.0005
0.025921154767274857,1.0,6128,215795,5.741244792938232,215694,-7.258222659999998,35,19.0,11556,1.6249786615371704,-0.1263456493616104,0.0005
0.025695763528347015,0.99,6130,215871,6.476022243499756,215770,-7.51252029,35,19.09,11560,1.472593903541565,0.9782066941261292,0.0005
0.02632293850183487,0.98,6132,215941,5.964221477508545,215840,-7.67357909,35,19.02,11564,0.7413546442985535,0.22841021418571472,0.0005
0.027382608503103256,0.98,6134,216010,6.2898406982421875,215909,-7.51756509,35,18.77,11568,0.6543020606040955,0.7979918718338013,0.0005
0.029125655069947243,0.98,6137,216104,6.198198318481445,216003,-7.626928630000001,35,18.96,11572,0.45625245571136475,-0.13528500497341156,0.0005
0.029508505016565323,0.98,6139,216174,6.541919708251953,216073,-7.62386303,35,18.94,11576,0.7029421329498291,0.5879828929901123,0.0005
0.02962854504585266,0.98,6141,216250,6.675042152404785,216149,-7.618739000000001,35,18.93,11580,0.27389955520629883,-0.8511408567428589,0.0005
0.02938338741660118,0.98,6143,216331,6.441403388977051,216230,-7.75038176,35,19.1,11584,0.3214338719844818,-0.34999197721481323,0.0005
0.029178958386182785,0.98,6145,216399,6.382181167602539,216298,-7.69813727,35,19.01,11588,0.6438353657722473,0.7286977171897888,0.0005
0.028866266831755638,0.98,6146,216474,6.195489883422852,216373,-7.70842174,35,19.03,11592,0.5399560928344727,0.5321635007858276,0.0005
0.028871312737464905,0.98,6149,216559,6.648558616638184,216458,-7.80344964,35,19.15,11596,0.3272705674171448,0.024553954601287842,0.0005
0.02924790419638157,0.98,6151,216635,6.128898620605469,216534,-7.80437136,35,19.16,11600,1.880218744277954,0.06239262595772743,0.0005
0.02978591062128544,0.98,6152,216706,6.511335372924805,216605,-7.72857164,35,19.07,11604,0.34699535369873047,0.38112181425094604,0.0005
0.030664829537272453,0.98,6155,216783,6.315842628479004,216682,-7.778567940000001,35,19.15,11608,0.4506884217262268,0.4084213972091675,0.0005
0.029861602932214737,0.98,6157,216867,5.865090370178223,216766,-7.786170329999999,35,19.17,11612,0.45531606674194336,-0.26427894830703735,0.0005
0.028755469247698784,0.98,6159,216933,5.726686000823975,216832,-7.826120399999999,35,19.21,11616,1.0041241645812988,-0.8317098617553711,0.0005
0.02803410030901432,0.98,6160,216994,6.183648109436035,216893,-7.728155149999999,35,19.04,11620,0.6763287782669067,-0.1747313141822815,0.0005
0.027548573911190033,0.98,6163,217079,6.552226543426514,216978,-7.83147558,35,19.2,11624,0.8670780658721924,-0.19304123520851135,0.0005
0.026836110278964043,0.98,6164,217142,6.219784736633301,217041,-7.787068370000001,35,19.11,11628,0.6422678828239441,-1.0254884958267212,0.0005
0.026162179186940193,0.98,6167,217227,6.179645538330078,217126,-7.790399740000001,35,19.12,11632,0.2969503104686737,0.3010689914226532,0.0005
0.027833543717861176,0.98,6169,217306,8.38703727722168,217205,-7.8165052500000005,35,19.12,11636,1.0344735383987427,1.6290793418884277,0.0005
0.02937321737408638,0.98,6171,217370,6.180255889892578,217269,-7.717750419999999,35,18.99,11640,0.9742153286933899,-0.013869836926460266,0.0005
0.029342614114284515,0.98,6173,217446,6.329431056976318,217345,-7.68018473,35,18.94,11644,1.068941354751587,-0.11265018582344055,0.0005
0.029111435636878014,0.98,6176,217535,6.143359184265137,217434,-7.6797004300000005,35,18.95,11648,0.1972721815109253,0.1673266887664795,0.0005
0.02890130504965782,0.98,6177,217605,6.643239974975586,217504,-7.68521934,35,18.96,11652,0.8561500310897827,-0.430752694606781,0.0005
0.028589416295289993,0.98,6180,217681,6.107456684112549,217580,-7.631258450000001,35,18.86,11656,0.6808858513832092,0.17901892960071564,0.0005
0.02808273956179619,0.99,6182,217766,6.458181381225586,217665,-7.4794785799999985,35,18.95,11660,0.6421181559562683,0.3035573661327362,0.0005
0.02838648296892643,1.0,6184,217844,5.706578254699707,217743,-7.324239690000001,35,19.03,11664,0.7368943691253662,0.7862563729286194,0.0005
0.028677349910140038,1.0,6186,217935,6.300720691680908,217834,-7.471035589999999,35,19.25,11668,1.2627968788146973,0.15949735045433044,0.0005
0.02862241119146347,1.0,6188,218004,5.945805549621582,217903,-7.322741930000001,35,19.0,11672,0.7860336303710938,-0.44853395223617554,0.0005
0.028806336224079132,1.0,6190,218081,5.695697784423828,217980,-7.367936459999999,35,19.07,11676,0.35086509585380554,0.45239031314849854,0.0005
0.02904125303030014,1.0,6192,218157,5.9136834144592285,218056,-7.368938840000001,35,19.07,11680,0.9381405115127563,-0.24939072132110596,0.0005
0.028966272249817848,1.0,6194,218229,6.510908126831055,218128,-7.2864018900000005,35,18.98,11684,0.5716139078140259,0.439683198928833,0.0005
0.028741911053657532,1.0,6196,218305,5.50139045715332,218204,-7.3371720499999995,35,19.06,11688,0.5412957072257996,-0.33148765563964844,0.0005
0.02853582799434662,1.0,6198,218383,5.973165512084961,218282,-7.3426171799999995,35,19.09,11692,0.35753583908081055,0.04995012283325195,0.0005
0.028588950634002686,1.0,6200,218458,6.384891510009766,218357,-7.282061239999999,35,18.99,11696,0.5440769195556641,0.7624636888504028,0.0005
0.028515582904219627,1.0,6202,218528,6.294651031494141,218427,-7.242664609999999,35,18.93,11700,0.2195771336555481,-0.5895538330078125,0.0005
0.028255227953195572,1.0,6205,218621,6.450052261352539,218520,-7.384559320000001,35,19.15,11704,0.287905752658844,-0.06906793266534805,0.0005
0.028148626908659935,1.0,6207,218702,5.929285526275635,218601,-7.42218544,35,19.19,11708,0.16054369509220123,-0.38735461235046387,0.0005
0.027866577729582787,1.0,6209,218776,6.417409896850586,218675,-7.330501650000001,35,19.09,11712,0.15662340819835663,0.858852744102478,0.0005
0.028033189475536346,1.0,6210,218843,6.026135444641113,218742,-7.33647556,35,19.1,11716,0.703426718711853,-0.5486617088317871,0.0005
0.02757844887673855,1.0,6212,218921,5.642955303192139,218820,-7.443205660000001,35,19.27,11720,0.398752361536026,-0.8824551105499268,0.0005
0.02699471451342106,1.0,6214,218983,6.057851791381836,218882,-7.29473074,35,19.04,11724,0.8281682133674622,-0.9340777397155762,0.0005
0.025981035083532333,1.0,6216,219054,5.448973655700684,218953,-7.341663010000001,35,19.12,11728,0.6547677516937256,-0.5634638071060181,0.0005
0.025280969217419624,1.0,6218,219123,5.863638877868652,219022,-7.24146803,35,18.96,11732,0.6017873287200928,-0.5035399198532104,0.0005
0.025121362879872322,1.0,6220,219206,5.697251319885254,219105,-7.25867577,35,19.0,11736,2.1737780570983887,-0.8161856532096863,0.0005
0.024657223373651505,1.0,6222,219282,6.161919593811035,219181,-7.3497779,35,19.12,11740,0.44638484716415405,1.2355515956878662,0.0005
0.025380030274391174,1.0,6223,219349,5.5310258865356445,219248,-7.292211150000001,35,19.03,11744,0.8729054927825928,-0.4095345735549927,0.0005
0.025805285200476646,1.0,6225,219424,6.172691345214844,219323,-7.198818630000001,35,18.89,11748,1.4453458786010742,-0.8058872222900391,0.0005
0.025440063327550888,1.0,6227,219500,6.29332160949707,219399,-7.239546669999999,35,18.95,11752,1.276687741279602,0.25299131870269775,0.0005
0.02577691152691841,1.0,6229,219576,8.002098083496094,219475,-7.23810777,35,18.95,11756,0.6790787577629089,0.5569448471069336,0.0005
0.026952669024467468,1.0,6231,219659,6.395818710327148,219558,-7.20289275,35,18.93,11760,0.8578145503997803,0.5931203365325928,0.0005
0.027434060350060463,1.0,6233,219744,6.079129219055176,219643,-7.24881846,35,19.0,11764,1.9004559516906738,-0.7707581520080566,0.0005
0.027110593393445015,1.0,6234,219811,6.003846168518066,219710,-7.099679620000002,35,18.76,11768,0.42225170135498047,0.7832489013671875,0.0005
0.027363650500774384,1.0,6236,219887,6.172816276550293,219786,-7.1423241399999995,35,18.83,11772,0.5443142652511597,0.7512953281402588,0.0005
0.027484681457281113,1.0,6238,219958,6.172139644622803,219857,-7.0994733,35,18.77,11776,0.6463828682899475,-0.028410837054252625,0.0005
0.027354015037417412,1.0,6257,220018,6.276801586151123,219917,-7.002697519999999,35,18.61,11780,1.5708823204040527,0.7273150682449341,0.0005
0.027913277968764305,1.0,6259,220100,5.994477272033691,219999,-7.090212220000001,35,18.71,11784,0.6418651938438416,-0.8572274446487427,0.0005
0.027186337858438492,1.0,6261,220186,6.147565841674805,220085,-7.14592854,35,18.81,11788,0.5643131136894226,-0.13544653356075287,0.0005
0.027420656755566597,1.0,6264,220272,6.671217918395996,220171,-7.200362799999999,35,18.89,11792,0.5251532793045044,1.66953444480896,0.0005
0.027330294251441956,1.0,6266,220358,5.856668949127197,220257,-7.260069889999999,35,19.0,11796,0.5597265362739563,-0.8846286535263062,0.0005
0.026944475248456,1.0,6268,220435,5.7883100509643555,220334,-7.30398547,35,19.07,11800,2.111576557159424,-0.14713868498802185,0.0005
0.0262389425188303,1.0,6270,220510,5.6011061668396,220409,-7.198813930000001,35,18.89,11804,1.3971788883209229,-0.0357898473739624,0.0005
0.025909526273608208,1.0,6272,220578,5.996983528137207,220477,-7.11143032,35,18.76,11808,0.5910246968269348,-0.31618863344192505,0.0005
0.02592530846595764,1.0,6274,220661,6.38380765914917,220560,-7.19803477,35,18.85,11812,0.32139450311660767,0.4432665705680847,0.0005
0.025937214493751526,1.0,6276,220738,6.430145740509033,220637,-7.256346739999999,35,18.95,11816,1.558328628540039,0.17763563990592957,0.0005
0.02643350511789322,1.0,6278,220816,5.790011405944824,220715,-7.2465382799999984,35,18.95,11820,0.9274275302886963,0.2624831795692444,0.0005
0.027412667870521545,1.0,6280,220893,7.5193867683410645,220792,-7.339201869999999,35,19.1,11824,0.8179479241371155,1.0866315364837646,0.0005
0.02748912386596203,1.0,6282,220985,6.714931964874268,220884,-7.47953269,35,19.31,11828,0.32527175545692444,0.17708459496498108,0.0005
0.027049515396356583,1.0,6285,221072,5.627965927124023,220971,-7.6063208499999995,35,19.49,11832,1.3531925678253174,-0.854369044303894,0.0005
0.026988640427589417,1.0,6287,221149,6.626847267150879,221048,-7.560989259999999,35,19.43,11836,0.562626838684082,0.5771536827087402,0.0005
0.0268471110612154,1.0,6289,221225,5.637566089630127,221124,-7.566025780000001,35,19.43,11840,0.28161102533340454,0.2779039144515991,0.0005
0.02587035484611988,1.0,6291,221312,6.630767345428467,221211,-7.6787896500000015,35,19.63,11844,0.22348923981189728,1.1865243911743164,0.0005
0.025647735223174095,1.0,6294,221390,6.458362579345703,221289,-7.68666352,35,19.66,11848,0.4291800856590271,-0.12349730730056763,0.0005
0.02530783601105213,1.0,6295,221456,6.487351417541504,221355,-7.6329030699999985,35,19.56,11852,0.27411097288131714,-0.09507347643375397,0.0005
0.025156712159514427,1.0,6298,221544,5.6171698570251465,221443,-7.72403632,35,19.68,11856,0.13290633261203766,-0.5682249069213867,0.0005
0.02537531964480877,1.0,6299,221612,6.145166873931885,221511,-7.660012570000001,35,19.53,11860,0.16373178362846375,0.12628671526908875,0.0005
0.025279756635427475,1.0,6301,221702,5.480649948120117,221601,-7.7034699799999995,35,19.58,11864,2.549359083175659,0.02464091032743454,0.0005
0.025239208713173866,1.0,6303,221770,6.068989276885986,221669,-7.706081560000001,35,19.59,11868,0.4736535847187042,-0.040593042969703674,0.0005
0.025683311745524406,1.0,6305,221845,5.996613502502441,221744,-7.70252108,35,19.58,11872,0.21073763072490692,0.06586220860481262,0.0005
0.02546846866607666,1.0,6307,221923,5.80680513381958,221822,-7.751613449999999,35,19.65,11876,1.6842389106750488,0.4825625419616699,0.0005
0.02545400895178318,1.0,6309,222001,10.638203620910645,221900,-7.85109387,35,19.83,11880,0.7743065357208252,0.5037552118301392,0.0005
0.028121238574385643,1.0,6311,222071,7.212327480316162,221970,-7.7599982899999995,35,19.71,11884,2.2327871322631836,1.3456166982650757,0.0005
0.029124494642019272,1.0,6313,222153,6.024592399597168,222052,-7.748407100000001,35,19.67,11888,0.8664898872375488,-0.1698388308286667,0.0005
0.028887471184134483,1.0,6315,222220,6.22487735748291,222119,-7.63661448,35,19.48,11892,0.24529892206192017,-0.28180548548698425,0.0005
0.028199100866913795,1.0,6317,222301,6.18098258972168,222200,-7.59340508,35,19.43,11896,1.1190156936645508,-0.5227985382080078,0.0005
0.027718182653188705,1.0,6319,222377,6.6660966873168945,222276,-7.59270841,35,19.42,11900,0.24020680785179138,0.3563884496688843,0.0005
0.027768898755311966,1.0,6321,222456,6.749518394470215,222355,-7.6021861999999985,35,19.46,11904,0.4679821729660034,0.08982626348733902,0.0005
0.027443645521998405,1.0,6324,222548,6.262146472930908,222447,-7.746489899999999,35,19.7,11908,0.8960452079772949,-0.6414374113082886,0.0005
0.026965999975800514,1.0,6325,222617,6.126496315002441,222516,-7.652455349999998,35,19.56,11912,0.10257012397050858,-0.45020318031311035,0.0005
0.026249919086694717,1.0,6327,222701,5.930307388305664,222600,-7.69254345,35,19.63,11916,0.21609079837799072,0.06004071235656738,0.0005
0.026117824018001556,1.0,6329,222771,5.109856128692627,222670,-7.6481396199999985,35,19.55,11920,0.14271804690361023,-1.1404752731323242,0.0005
0.026157015934586525,1.0,6331,222849,5.815361499786377,222748,-7.64894422,35,19.56,11924,1.5872235298156738,0.0346226766705513,0.0005
0.026353882625699043,1.0,6333,222919,5.548059463500977,222818,-7.5021103600000005,35,19.34,11928,0.5104001760482788,-0.04346108436584473,0.0005
0.026525944471359253,1.0,6335,222995,6.332400321960449,222894,-7.4189821799999995,35,19.23,11932,0.37025004625320435,0.6988091468811035,0.0005
0.02723383903503418,1.0,6337,223075,6.428774356842041,222974,-7.451383569999998,35,19.26,11936,0.2891325354576111,0.5134112238883972,0.0005
0.027185428887605667,1.0,6338,223152,5.454276084899902,223051,-7.45068074,35,19.27,11940,0.4300552308559418,-0.6059656143188477,0.0005
0.02678568847477436,1.0,6340,223213,5.693055152893066,223112,-7.294021480000001,35,19.01,11944,0.36788463592529297,-0.23952752351760864,0.0005
0.027159864082932472,1.0,6342,223288,6.0153398513793945,223187,-7.286509519999999,35,18.98,11948,0.4840940833091736,-0.6370210647583008,0.0005
0.02686387300491333,1.0,6343,223362,5.947495937347412,223261,-7.33922465,35,19.06,11952,0.35421913862228394,-0.11103621870279312,0.0005
0.02718518301844597,1.0,6345,223439,6.083623886108398,223338,-7.25244404,35,18.95,11956,0.5135142803192139,-0.06511320173740387,0.0005
0.026943525299429893,1.0,6347,223521,6.042369842529297,223420,-7.34561263,35,19.09,11960,1.563326120376587,0.6033573150634766,0.0005
0.026926610618829727,1.0,6349,223608,6.843745231628418,223507,-7.33752917,35,19.06,11964,0.7292609214782715,0.07662051916122437,0.0005
0.0272228866815567,1.0,6351,223678,5.332864761352539,223577,-7.343652540000001,35,19.08,11968,0.26612669229507446,-0.17805182933807373,0.0005
0.02672470360994339,1.0,6353,223749,5.803825378417969,223648,-7.306267309999999,35,19.04,11972,1.3715283870697021,0.23835772275924683,0.0005
0.02656659111380577,1.0,6355,223828,6.241814613342285,223727,-7.30857692,35,19.05,11976,1.0040066242218018,0.411653995513916,0.0005
0.026480266824364662,1.0,6356,223896,5.456806659698486,223795,-7.25872904,35,18.95,11980,1.2544351816177368,-0.6324006915092468,0.0005
0.025965236127376556,1.0,6358,223971,6.009446144104004,223870,-7.306570589999999,35,19.0,11984,0.2753108739852905,-0.7039906978607178,0.0005
0.02573133260011673,0.99,6361,224058,5.8223185539245605,223957,-7.48497884,35,19.05,11988,1.5530508756637573,0.8432872891426086,0.0005
0.026174070313572884,0.99,6363,224140,5.922374725341797,224039,-7.580073859999999,35,19.2,11992,0.17110298573970795,-0.2290099859237671,0.0005
0.026023654267191887,0.99,6365,224203,5.408315181732178,224102,-7.47458902,35,19.02,11996,0.168686643242836,0.24709945917129517,0.0005
0.026668274775147438,0.99,6366,224263,6.421976089477539,224162,-7.3771726100000015,35,18.86,12000,0.6577578783035278,0.3209249973297119,0.0005
0.02697577327489853,0.99,6368,224333,5.426083564758301,224232,-7.325277360000001,35,18.77,12004,0.3675346076488495,-0.28423237800598145,0.0005
0.026438012719154358,0.99,6370,224408,6.578118801116943,224307,-7.2250431100000005,35,18.6,12008,0.3130956292152405,-0.12020114064216614,0.0005
0.02677733637392521,0.98,6372,224487,8.06849479675293,224386,-7.44696385,35,18.7,12012,1.3536486625671387,1.472566843032837,0.0005
0.030561063438653946,0.98,6375,224582,8.470846176147461,224481,-7.50734216,35,18.81,12016,0.44000446796417236,1.3638885021209717,0.0005
0.03159373998641968,0.97,6377,224663,6.333367347717285,224562,-7.73464917,35,18.92,12020,0.46054917573928833,-0.033965788781642914,0.0005
0.03121129423379898,0.97,6379,224739,6.262881278991699,224638,-7.733905349999999,35,18.9,12024,0.8419530391693115,-0.5503864288330078,0.0005
0.030567985028028488,0.97,6382,224822,6.526528835296631,224721,-7.804988550000001,35,19.03,12028,0.5457360744476318,-0.5862618088722229,0.0005
0.029908044263720512,0.97,6384,224898,6.140892028808594,224797,-7.809360880000002,35,19.03,12032,0.4169062674045563,-0.9463416934013367,0.0005
0.029448358342051506,0.97,6386,224965,6.244311332702637,224864,-7.723238120000001,35,18.9,12036,0.6280856728553772,-0.4703768789768219,0.0005
0.02873011864721775,0.97,6388,225047,5.78098201751709,224946,-7.764593970000001,35,18.95,12040,0.6037577390670776,-0.08358008414506912,0.0005
0.028149312362074852,0.97,6390,225124,5.7109270095825195,225023,-7.864463780000002,35,19.11,12044,0.6893678307533264,-0.857008695602417,0.0005
0.027564644813537598,0.97,6392,225199,5.838332176208496,225098,-7.861753620000001,35,19.11,12048,0.28827551007270813,-0.83701491355896,0.0005
0.027307547628879547,0.97,6394,225270,5.204111576080322,225169,-7.82258194,35,19.08,12052,0.6777151823043823,-0.02345941960811615,0.0005
0.02730390802025795,0.97,6397,225363,5.639350891113281,225262,-7.920387249999999,35,19.24,12056,1.248990535736084,-0.5988155007362366,0.0005
0.02691386453807354,0.97,6399,225433,6.455519676208496,225332,-7.8351241400000005,35,19.12,12060,1.2517963647842407,-0.612921953201294,0.0005
0.027384977787733078,0.97,6401,225503,6.6848602294921875,225402,-7.7081958099999985,35,18.95,12064,0.6218433380126953,0.9116921424865723,0.0005
0.028024034574627876,0.97,6403,225571,6.96571683883667,225470,-7.7052528900000015,35,18.93,12068,0.49480536580085754,1.4252638816833496,0.0005
0.028333310037851334,0.97,6405,225645,5.691139221191406,225544,-7.716255690000001,35,18.96,12072,0.7749934792518616,-0.39457017183303833,0.0005
0.028591644018888474,0.97,6407,225727,6.559296607971191,225626,-7.752436570000001,35,18.99,12076,1.90757155418396,-0.17024682462215424,0.0005
0.02871044911444187,0.97,6409,225805,6.5948486328125,225704,-7.806956550000001,35,19.09,12080,0.17525959014892578,0.002107486128807068,0.0005
0.028064172714948654,0.97,6411,225882,6.032665252685547,225781,-7.81192733,35,19.11,12084,0.16191130876541138,-0.20731738209724426,0.0005
0.02763388864696026,0.98,6413,225952,5.691929340362549,225851,-7.540745709999999,35,18.94,12088,0.3149849772453308,-0.22897255420684814,0.0005
0.027557527646422386,0.98,6415,226023,5.9163713455200195,225922,-7.4528095400000005,35,18.83,12092,1.5939171314239502,0.03970375657081604,0.0005
0.02760825864970684,0.98,6417,226091,5.573605537414551,225990,-7.495070129999999,35,18.88,12096,1.3441423177719116,0.0392911434173584,0.0005
0.02749764546751976,0.98,6419,226179,6.540482044219971,226078,-7.679042020000001,35,19.16,12100,0.29591262340545654,-0.5901564955711365,0.0005
0.028060605749487877,0.98,6421,226263,6.9948296546936035,226162,-7.771852140000001,35,19.3,12104,1.3277935981750488,0.3693113327026367,0.0005
0.02843480557203293,0.98,6422,226332,5.721248149871826,226231,-7.72413398,35,19.24,12108,0.8990134000778198,-0.005019672214984894,0.0005
0.029086070135235786,0.99,6424,226405,6.156323432922363,226304,-7.53971267,35,19.18,12112,0.5774484872817993,0.1558844894170761,0.0005
0.02903829701244831,0.99,6426,226473,6.056412696838379,226372,-7.383499560000001,35,18.91,12116,0.2885218858718872,-0.7041070461273193,0.0005
0.028978802263736725,0.99,6428,226553,6.009170055389404,226452,-7.438206180000001,35,18.9,12120,0.4036250710487366,-0.2638029158115387,0.0005
0.028299765661358833,0.99,6430,226636,5.760659217834473,226535,-7.486202920000002,35,18.97,12124,0.3360186815261841,0.16727352142333984,0.0005
0.02769951894879341,0.99,6432,226705,6.075653076171875,226604,-7.413520880000001,35,18.83,12128,0.761408269405365,0.2935038208961487,0.0005
0.02776813693344593,0.99,6434,226775,5.571972370147705,226674,-7.363609560000001,35,18.77,12132,0.3165063261985779,-0.9772529602050781,0.0005
0.027416741475462914,0.99,6435,226844,5.589513778686523,226743,-7.36397338,35,18.79,12136,0.6016988158226013,-1.1613130569458008,0.0005
0.026817765086889267,0.99,6437,226921,5.562842845916748,226820,-7.32174667,35,18.74,12140,0.8124536275863647,-0.12951353192329407,0.0005
0.026102036237716675,0.99,6440,227006,6.80623722076416,226905,-7.36979017,35,18.82,12144,1.0802602767944336,1.0767037868499756,0.0005
0.02701851911842823,0.99,6442,227079,6.468741416931152,226978,-7.3409323199999985,35,18.8,12148,0.3452630043029785,0.6160872578620911,0.0005
0.027367401868104935,0.99,6444,227148,6.907960891723633,227047,-7.33486947,35,18.78,12152,0.24630282819271088,-0.4311600923538208,0.0005
0.026916379109025,0.99,6446,227227,6.284887313842773,227126,-7.23679719,35,18.64,12156,0.5059959888458252,-0.1011311411857605,0.0005
0.02672641910612583,0.99,6448,227297,5.675646781921387,227196,-7.232495149999998,35,18.64,12160,0.8512653112411499,-0.5485228896141052,0.0005
0.026606600731611252,0.99,6450,227374,5.943868637084961,227273,-7.276764700000001,35,18.71,12164,1.0599205493927002,0.029797762632369995,0.0005
0.026101408526301384,0.99,6453,227450,5.735328674316406,227349,-7.3230702700000005,35,18.79,12168,1.270353078842163,-0.531758189201355,0.0005
0.025819554924964905,0.99,6455,227526,6.480936527252197,227425,-7.35604123,35,18.81,12172,0.5310136079788208,-0.29249686002731323,0.0005
0.025565646588802338,0.99,6457,227596,6.759655952453613,227495,-7.265340180000001,35,18.69,12176,0.842777669429779,-0.08615347743034363,0.0005
0.025661252439022064,0.99,6458,227666,6.507780075073242,227565,-7.21419971,35,18.61,12180,0.8512182235717773,0.9964517951011658,0.0005
0.026534724980592728,0.99,6461,227748,6.066230773925781,227647,-7.252483239999999,35,18.66,12184,0.27512797713279724,0.5294708013534546,0.0005
0.026697402819991112,0.99,6463,227825,5.544960021972656,227724,-7.3009759899999995,35,18.73,12188,1.6618938446044922,-0.7199294567108154,0.0005
0.025888537988066673,0.99,6465,227895,5.392732620239258,227794,-7.303806989999999,35,18.72,12192,1.0641541481018066,0.21619078516960144,0.0005
0.025548279285430908,0.99,6467,227970,5.543609619140625,227869,-7.3516985099999985,35,18.79,12196,0.3711024820804596,0.1493552029132843,0.0005
0.026186004281044006,0.99,6469,228058,6.115198135375977,227957,-7.3267125,35,18.79,12200,0.8207477331161499,0.11758820712566376,0.0005
0.02645878493785858,0.99,6471,228135,5.985154151916504,228034,-7.28226838,35,18.72,12204,0.2339305430650711,0.4230037331581116,0.0005
0.026406394317746162,0.99,6473,228204,6.292565822601318,228103,-7.285059130000002,35,18.72,12208,0.27566009759902954,0.10879358649253845,0.0005
0.02612784504890442,0.99,6475,228288,6.030292510986328,228187,-7.3429401599999995,35,18.83,12212,0.3813101649284363,0.06561887264251709,0.0005
0.026098962873220444,0.99,6477,228358,7.073705196380615,228257,-7.348558339999999,35,18.85,12216,0.29168909788131714,0.9226235747337341,0.0005
0.026663731783628464,1.0,6480,228433,6.038119316101074,228332,-7.107659950000001,35,18.8,12220,0.6572445631027222,0.15049059689044952,0.0005
0.027020541951060295,1.0,6482,228508,5.365580081939697,228407,-7.054689420000001,35,18.72,12224,0.49458634853363037,-1.1258504390716553,0.0005
0.02639271691441536,1.0,6484,228569,6.261423110961914,228468,-7.00553854,35,18.64,12228,1.0056933164596558,-0.186861053109169,0.0005
0.026342375203967094,1.0,6486,228643,7.096066474914551,228542,-7.045658169999999,35,18.68,12232,1.145463228225708,0.22111257910728455,0.0005
0.026408428326249123,1.0,6488,228728,6.077415466308594,228627,-7.14748646,35,18.84,12236,1.7213554382324219,-0.06412208080291748,0.0005
0.02564028836786747,1.0,6490,228810,6.542394638061523,228709,-7.18836595,35,18.89,12240,1.0018336772918701,-0.08803609013557434,0.0005
0.02571273408830166,1.0,6493,228885,5.751446723937988,228784,-7.134205179999999,35,18.79,12244,0.21888583898544312,0.15293392539024353,0.0005
0.02580183930695057,1.0,6494,228947,6.289572715759277,228846,-7.0736517800000005,35,18.68,12248,1.2999799251556396,1.1553819179534912,0.0005
0.02567393332719803,1.0,6497,229033,6.252284049987793,228932,-7.174964640000001,35,18.85,12252,0.5166201591491699,-0.5090279579162598,0.0005
0.025243422016501427,1.0,6499,229108,5.301210880279541,229007,-7.170702800000002,35,18.81,12256,0.12701499462127686,-0.4743536114692688,0.0005
0.02505706623196602,1.0,6501,229185,5.905459403991699,229084,-7.217693100000002,35,18.88,12260,0.2224404215812683,-0.27462121844291687,0.0005
0.024833349511027336,1.0,6503,229247,6.379008769989014,229146,-7.11901447,35,18.73,12264,0.8529170155525208,0.2826545238494873,0.0005
0.024333886802196503,1.0,6505,229316,5.671008110046387,229215,-7.074583839999999,35,18.66,12268,0.4299294352531433,0.8634576797485352,0.0005
0.024578845128417015,1.0,6507,229400,6.238275527954102,229299,-7.121673670000002,35,18.74,12272,0.882544755935669,0.559112548828125,0.0005
0.02442977763712406,1.0,6509,229461,5.855963230133057,229360,-7.069221420000002,35,18.65,12276,0.4709109365940094,0.05926571786403656,0.0005
0.024433232843875885,1.0,6511,229536,5.9197468757629395,229435,-7.11090456,35,18.7,12280,0.7044678926467896,0.552959144115448,0.0005
0.025311395525932312,1.0,6513,229611,6.317080497741699,229510,-7.062182580000001,35,18.63,12284,0.6641448736190796,0.05354422330856323,0.0005
0.025947285816073418,1.0,6515,229677,6.3916096687316895,229576,-7.006940879999999,35,18.52,12288,0.7804170250892639,0.779087483882904,0.0005
0.026494158431887627,1.0,6517,229750,6.102832794189453,229649,-7.03656074,35,18.55,12292,1.2266783714294434,0.3608696162700653,0.0005
0.026372099295258522,1.0,6519,229830,5.933626651763916,229729,-7.076041419999999,35,18.6,12296,0.1809496283531189,0.721818745136261,0.0005
0.026408232748508453,1.0,6521,229896,6.7030134201049805,229795,-6.930173689999999,35,18.38,12300,0.2102070450782776,0.9395396709442139,0.0005
0.026833487674593925,1.0,6523,229973,6.565791130065918,229872,-6.9274217799999995,35,18.38,12304,0.9436144828796387,1.1707254648208618,0.0005
0.02692202664911747,1.0,6543,230041,6.501235008239746,229940,-6.927940300000001,35,18.37,12308,0.933570384979248,0.35191836953163147,0.0005
0.027046600356698036,1.0,6545,230117,6.811323642730713,230016,-6.880183120000002,35,18.29,12312,0.3303739130496979,0.18320634961128235,0.0005
0.027469083666801453,1.0,6547,230188,5.544582366943359,230087,-6.88334068,35,18.3,12316,0.397014856338501,-0.9616261124610901,0.0005
0.027312295511364937,1.0,6549,230267,6.947162628173828,230166,-6.8934069099999995,35,18.34,12320,0.7691857218742371,0.21610815823078156,0.0005
0.02682749181985855,1.0,6551,230350,5.68924617767334,230249,-6.9450815,35,18.42,12324,0.2736416459083557,-1.1758922338485718,0.0005
0.02631301060318947,1.0,6553,230420,5.773111343383789,230319,-6.999304479999999,35,18.51,12328,0.2548118233680725,0.29314354062080383,0.0005
0.026058677583932877,1.0,6555,230492,5.204471588134766,230391,-6.99650458,35,18.49,12332,0.25182634592056274,-0.3032081723213196,0.0005
0.025419212877750397,0.99,6558,230585,5.609657287597656,230484,-7.212965799999999,35,18.57,12336,1.889986276626587,0.3491433262825012,0.0005
0.025209596380591393,0.99,6560,230668,6.079010963439941,230567,-7.21763468,35,18.58,12340,1.4144598245620728,1.1095508337020874,0.0005
0.025380903854966164,0.99,6563,230752,6.024482250213623,230651,-7.26800914,35,18.67,12344,0.23832979798316956,0.12216921150684357,0.0005
0.025766128674149513,0.99,6565,230835,6.703038692474365,230734,-7.409268739999999,35,18.88,12348,0.400036096572876,-0.17292320728302002,0.0005
0.025913646444678307,0.99,6567,230901,6.372992515563965,230800,-7.3008792,35,18.68,12352,1.0447108745574951,0.6182393431663513,0.0005
0.026215482503175735,0.99,6568,230971,5.822748184204102,230870,-7.253415059999998,35,18.63,12356,0.5667146444320679,0.6092160940170288,0.0005
0.02604418806731701,0.99,6570,231040,6.413355827331543,230939,-7.20340973,35,18.55,12360,0.9261322617530823,0.7156647443771362,0.0005
0.026126928627490997,0.99,6572,231118,5.793849945068359,231017,-7.306979359999998,35,18.71,12364,1.8016834259033203,-0.6215012669563293,0.0005
0.026193998754024506,0.99,6575,231202,6.354908466339111,231101,-7.39872676,35,18.86,12368,1.2488017082214355,-0.0269651859998703,0.0005
0.02618948183953762,0.99,6576,231264,6.678899765014648,231163,-7.254356939999999,35,18.64,12372,0.5800707340240479,0.4606393575668335,0.0005
0.025961775332689285,0.99,6578,231339,5.781932830810547,231238,-7.34722221,35,18.78,12376,0.6676851511001587,0.33004122972488403,0.0005
0.02585354447364807,0.99,6580,231420,6.455306529998779,231319,-7.39413982,35,18.84,12380,0.3260331153869629,-0.26648756861686707,0.0005
0.026294995099306107,0.99,6582,231495,6.393627166748047,231394,-7.394217589999999,35,18.84,12384,0.14350003004074097,-0.5867916345596313,0.0005
0.026174556463956833,0.99,6584,231578,6.203581809997559,231477,-7.49319792,35,19.01,12388,0.20755451917648315,-0.11363847553730011,0.0005
0.025828778743743896,0.99,6587,231671,5.363746643066406,231570,-7.6101357799999985,35,19.21,12392,0.6155966520309448,-0.6111838221549988,0.0005
0.024963513016700745,0.99,6588,231732,5.924600601196289,231631,-7.477395619999999,35,19.02,12396,0.8256428241729736,-0.9801374673843384,0.0005
0.024713777005672455,0.99,6590,231810,5.817287445068359,231709,-7.563517770000001,35,19.14,12400,1.2588419914245605,0.2859005928039551,0.0005
0.02484523504972458,0.99,6592,231888,5.6096649169921875,231787,-7.56316681,35,19.15,12404,2.0282490253448486,0.3187607526779175,0.0005
0.025283219292759895,0.99,6595,231980,5.9513654708862305,231879,-7.70954568,35,19.39,12408,0.40830305218696594,1.229918360710144,0.0005
0.026181554421782494,0.99,6597,232064,6.370889186859131,231963,-7.75660047,35,19.47,12412,0.33314386010169983,0.05466228723526001,0.0005
0.026169776916503906,0.99,6599,232140,6.136231422424316,232039,-7.796598759999999,35,19.52,12416,1.8675092458724976,0.11676755547523499,0.0005
0.02613564021885395,0.99,6601,232209,6.2637481689453125,232108,-7.737432540000001,35,19.42,12420,0.6108413934707642,0.33064302802085876,0.0005
0.02606898732483387,0.99,6603,232286,6.460887908935547,232185,-7.695477540000001,35,19.36,12424,1.261385202407837,-0.08866418898105621,0.0005
0.02599330246448517,0.99,6606,232375,5.450961589813232,232274,-7.829898670000001,35,19.55,12428,0.939733624458313,-0.6825531721115112,0.0005
0.02581719122827053,0.99,6608,232450,6.148425102233887,232349,-7.836425220000001,35,19.58,12432,0.5262421369552612,-0.38412708044052124,0.0005
0.02540995366871357,1.0,6610,232526,5.643610954284668,232425,-7.564795870000001,35,19.41,12436,0.09745748341083527,-0.2575703263282776,0.0005
0.024940621107816696,1.0,6612,232602,6.152512550354004,232501,-7.51912451,35,19.34,12440,0.32780301570892334,0.3410506844520569,0.0005
0.025712015107274055,1.0,6614,232677,4.777198791503906,232576,-7.470577039999999,35,19.25,12444,0.2593565583229065,-0.27385789155960083,0.0005
0.02500397525727749,1.0,6616,232746,5.8000946044921875,232645,-7.3771320000000005,35,19.11,12448,0.6207029223442078,0.203868106007576,0.0005
0.024928301572799683,1.0,6618,232831,5.289917945861816,232730,-7.47899463,35,19.3,12452,0.4309955835342407,0.09055230021476746,0.0005
0.02551289089024067,1.0,6620,232907,5.373662948608398,232806,-7.52554763,35,19.36,12456,0.6156785488128662,-0.5416538119316101,0.0005
0.025788383558392525,1.0,6621,232970,5.800021171569824,232869,-7.482891920000001,35,19.3,12460,0.39478105306625366,-0.08893373608589172,0.0005
0.026042522862553596,1.0,6623,233052,6.0306925773620605,232951,-7.5172657,35,19.34,12464,0.2555904686450958,-0.3635021150112152,0.0005
0.025984149426221848,1.0,6625,233112,6.454705238342285,233011,-7.371395629999999,35,19.1,12468,0.15973666310310364,0.050878673791885376,0.0005
0.025982407853007317,1.0,6627,233188,5.999191761016846,233087,-7.46441382,35,19.24,12472,1.6767534017562866,-0.32143253087997437,0.0005
0.025752034038305283,1.0,6629,233264,5.876856327056885,233163,-7.4671267399999985,35,19.25,12476,0.2999451756477356,0.1164080873131752,0.0005
0.025589080527424812,1.0,6630,233326,5.215554237365723,233225,-7.32697891,35,19.06,12480,0.28108471632003784,-0.06988045573234558,0.0005
0.02587285451591015,1.0,6632,233386,6.356914520263672,233285,-7.233994620000001,35,18.91,12484,0.8698614835739136,0.23736879229545593,0.0005
0.025970716029405594,1.0,6633,233462,5.326713562011719,233361,-7.18788688,35,18.84,12488,0.2889505922794342,-0.8321490287780762,0.0005
0.025338688865303993,1.0,6635,233546,5.972287178039551,233445,-7.1348971500000005,35,18.75,12492,1.7222497463226318,-0.42893272638320923,0.0005
0.02492382749915123,1.0,6637,233615,5.973328590393066,233514,-7.18115141,35,18.83,12496,0.24987342953681946,-0.2674112617969513,0.0005
0.024708028882741928,1.0,6639,233698,5.700590133666992,233597,-7.22807851,35,18.88,12500,1.2629249095916748,-0.13696201145648956,0.0005
0.02493433654308319,1.0,6640,233767,5.860630035400391,233666,-7.1787981200000015,35,18.79,12504,0.2187337577342987,-0.36946940422058105,0.0005
0.024774843826889992,1.0,6642,233837,5.820839881896973,233736,-7.0374927000000005,35,18.57,12508,0.648714542388916,-0.312383770942688,0.0005
0.02461411990225315,1.0,6644,233915,5.5859375,233814,-6.99074691,35,18.51,12512,0.594519853591919,-0.4022166132926941,0.0005
0.02432827278971672,1.0,6646,233986,5.6552557945251465,233885,-6.949092059999999,35,18.46,12516,0.673915684223175,-0.14881916344165802,0.0005
0.02410147525370121,1.0,6648,234058,6.081392765045166,233957,-6.958202450000003,35,18.49,12520,0.703053891658783,0.2318437546491623,0.0005
0.02458754926919937,1.0,6650,234138,6.247647285461426,234037,-6.9901975499999995,35,18.52,12524,0.4117845296859741,0.14006568491458893,0.0005
0.02407306618988514,1.0,6652,234203,5.872541427612305,234102,-6.81167183,35,18.28,12528,1.0543816089630127,0.28355711698532104,0.0005
0.024197999387979507,1.0,6654,234286,5.460470676422119,234185,-6.861255150000001,35,18.36,12532,0.7450577616691589,-0.19762876629829407,0.0005
0.023921016603708267,1.0,6656,234364,5.915534973144531,234263,-6.868803889999999,35,18.38,12536,0.3938346803188324,0.2579984664916992,0.0005
0.02384941652417183,1.0,6658,234427,5.375060081481934,234326,-6.773678960000001,35,18.25,12540,0.29621824622154236,-0.13020360469818115,0.0005
0.024280894547700882,1.0,6660,234498,5.422163009643555,234397,-6.730798989999999,35,18.21,12544,0.8338026404380798,-0.14167340099811554,0.0005
0.02430303767323494,1.0,6662,234573,5.645937919616699,234472,-6.7712669199999995,35,18.27,12548,0.4632839858531952,-0.45154091715812683,0.0005
0.024586955085396767,1.0,6664,234656,6.623498916625977,234555,-6.76929242,35,18.25,12552,0.7370188236236572,1.210010051727295,0.0005
0.024589816108345985,1.0,6666,234734,5.933144569396973,234633,-6.778545650000002,35,18.27,12556,0.28585630655288696,-0.11551892757415771,0.0005
0.02495332434773445,1.0,6668,234813,6.458529472351074,234712,-6.904054270000001,35,18.43,12560,1.051148533821106,-0.04742562770843506,0.0005
0.024873411282896996,1.0,6670,234895,5.315574645996094,234794,-6.90510353,35,18.43,12564,0.6679641008377075,-0.7261461019515991,0.0005
0.024938825517892838,1.0,6672,234964,6.135994911193848,234863,-6.9528320899999985,35,18.52,12568,0.5112102031707764,-0.1787678301334381,0.0005
0.025470685213804245,1.0,6674,235039,5.153750419616699,234938,-6.953209649999999,35,18.51,12572,0.2971494197845459,-0.5225796699523926,0.0005
0.025141386315226555,1.0,6676,235109,5.4544525146484375,235008,-6.9106293800000005,35,18.45,12576,1.2083441019058228,0.40366441011428833,0.0005
0.025457128882408142,1.0,6678,235184,5.8993353843688965,235083,-7.004355630000001,35,18.58,12580,0.21142831444740295,-0.2827305197715759,0.0005
0.025302719324827194,1.0,6680,235254,5.79268741607666,235153,-7.055655819999999,35,18.68,12584,0.9672784209251404,0.07892584800720215,0.0005
0.025281546637415886,1.0,6681,235322,5.60719108581543,235221,-7.0088164299999995,35,18.6,12588,0.3499329686164856,0.31229811906814575,0.0005
0.025676686316728592,1.0,6683,235397,5.6802239418029785,235296,-6.95359401,35,18.51,12592,0.9150270819664001,0.14817026257514954,0.0005
0.026613203808665276,1.0,6685,235465,5.778804779052734,235364,-6.949644609999999,35,18.5,12596,0.7292019128799438,0.5148295164108276,0.0005
0.027724090963602066,1.0,6687,235542,5.534000396728516,235441,-6.903611000000001,35,18.44,12600,0.19177274405956268,-0.43171989917755127,0.0005
0.027489669620990753,0.99,6689,235624,5.382471084594727,235523,-7.2010312800000005,35,18.57,12604,0.4855133593082428,-0.768242359161377,0.0005
0.027083013206720352,0.99,6691,235698,5.226541519165039,235597,-7.23973292,35,18.61,12608,1.7042272090911865,0.2223454862833023,0.0005
0.02705223858356476,0.99,6693,235767,6.663111686706543,235666,-7.18840482,35,18.52,12612,0.8087382912635803,0.4671490788459778,0.0005
0.02770475670695305,0.99,6695,235847,5.523867607116699,235746,-7.27204495,35,18.61,12616,0.7001730799674988,-0.4229121804237366,0.0005
0.027118124067783356,0.99,6697,235911,5.89876127243042,235810,-7.224160990000001,35,18.53,12620,0.29444652795791626,0.237478569149971,0.0005
0.027220070362091064,0.99,6698,235979,5.947603702545166,235878,-7.137532019999998,35,18.41,12624,1.1455020904541016,-0.18466269969940186,0.0005
0.0270222295075655,0.99,6700,236048,6.466553688049316,235947,-7.17625632,35,18.45,12628,0.16837666928768158,0.061070024967193604,0.0005
0.02688686177134514,0.99,6702,236127,6.376855373382568,236026,-7.160866580000001,35,18.41,12632,0.2475092113018036,0.0229184627532959,0.0005
0.02698436751961708,0.99,6704,236204,5.719058990478516,236103,-7.1614191599999995,35,18.4,12636,0.46061718463897705,0.4573860764503479,0.0005
0.026798738166689873,0.99,6706,236278,5.443188667297363,236177,-7.25382076,35,18.51,12640,0.2987269461154938,-0.6487767696380615,0.0005
0.026421276852488518,0.99,6708,236361,5.871684551239014,236260,-7.34571498,35,18.63,12644,0.23362386226654053,0.2820991575717926,0.0005
0.027322307229042053,0.99,6710,236437,5.498953819274902,236336,-7.35245777,35,18.64,12648,0.4528116285800934,-0.21270626783370972,0.0005
0.027321236208081245,0.99,6712,236520,5.199767589569092,236419,-7.35812113,35,18.64,12652,0.644277811050415,-0.198428213596344,0.0005
0.027956929057836533,0.99,6713,236603,5.593733787536621,236502,-7.39556421,35,18.69,12656,0.28417691588401794,0.4304164946079254,0.0005
0.028544817119836807,0.99,6715,236684,5.482592582702637,236583,-7.402936050000001,35,18.71,12660,0.4829382002353668,0.41224005818367004,0.0005
0.028299400582909584,0.99,6717,236754,5.664015769958496,236653,-7.3171037100000005,35,18.59,12664,0.5940977334976196,-0.0272180438041687,0.0005
0.028297321870923042,0.99,6719,236816,6.554865837097168,236715,-7.27357159,35,18.52,12668,0.6383339762687683,-0.9291468858718872,0.0005
0.02852783538401127,0.99,6721,236891,6.53649377822876,236790,-7.27164387,35,18.52,12672,0.9072153568267822,-0.5276063084602356,0.0005
0.027878226712346077,0.99,6723,236966,5.872505187988281,236865,-7.316886890000001,35,18.57,12676,0.1617574840784073,-0.27689671516418457,0.0005
0.028231322765350342,0.99,6725,237053,5.664072036743164,236952,-7.405046680000002,35,18.69,12680,1.1241207122802734,-0.18428269028663635,0.0005
0.028342626988887787,0.99,6727,237137,6.079400539398193,237036,-7.5031498800000005,35,18.83,12684,0.4248782694339752,0.30030155181884766,0.0005
0.028593581169843674,0.98,6729,237231,6.216888427734375,237130,-7.827235769999999,35,19.09,12688,0.5524616241455078,-0.34922927618026733,0.0005
0.0283321812748909,0.98,6731,237299,6.066587448120117,237198,-7.7816988999999985,35,19.02,12692,0.3245874047279358,-0.5195494890213013,0.0005
0.027036014944314957,0.98,6733,237389,6.169747352600098,237288,-7.929554689999999,35,19.24,12696,0.4293932020664215,0.12699373066425323,0.0005
0.02684948407113552,0.98,6734,237454,5.656985282897949,237353,-7.869960489999999,35,19.12,12700,1.7485078573226929,-0.4883221983909607,0.0005
0.026841958984732628,0.99,6736,237533,6.3632965087890625,237432,-7.626544439999999,35,19.09,12704,0.3844544291496277,-0.12344130873680115,0.0005
0.026660243049263954,0.99,6738,237613,5.668498992919922,237512,-7.668963500000001,35,19.15,12708,0.2938835918903351,-0.40030911564826965,0.0005
0.026531288400292397,0.99,6740,237695,5.7835798263549805,237594,-7.7609242200000015,35,19.28,12712,1.17669677734375,0.16339486837387085,0.0005
0.026785489171743393,0.99,6743,237786,5.326974391937256,237685,-7.815517919999999,35,19.39,12716,0.290833055973053,-0.7839516401290894,0.0005
0.026559725403785706,0.99,6745,237863,5.732458114624023,237762,-7.907161329999999,35,19.52,12720,0.44411391019821167,-0.3984544277191162,0.0005
0.02564997412264347,0.99,6747,237953,5.247666358947754,237852,-8.04954072,35,19.74,12724,0.2092513144016266,-0.8891834616661072,0.0005
0.02459987998008728,0.99,6749,238030,6.094148635864258,237929,-8.099957300000002,35,19.82,12728,0.19771753251552582,-0.5559544563293457,0.0005
0.02422916702926159,0.99,6751,238113,5.333755016326904,238012,-8.11656485,35,19.86,12732,0.3307093679904938,0.04664430022239685,0.0005
0.02407923713326454,0.99,6753,238196,5.4777326583862305,238095,-8.15814899,35,19.92,12736,0.7152295708656311,-1.2970293760299683,0.0005
0.023838188499212265,0.99,6756,238277,5.564514636993408,238176,-8.20062353,35,19.99,12740,0.35826408863067627,-0.6376015543937683,0.0005
0.023799709975719452,0.99,6757,238353,5.579420566558838,238252,-8.15177608,35,19.92,12744,1.3389098644256592,0.6351996660232544,0.0005
0.024926288053393364,0.99,6759,238430,5.7990241050720215,238329,-8.15324524,35,19.93,12748,0.658837080001831,0.0859348252415657,0.0005
0.02485761232674122,0.99,6761,238491,5.908381462097168,238390,-8.004740720000003,35,19.71,12752,0.5020211935043335,-0.06298395991325378,0.0005
0.024260107427835464,0.99,6763,238576,5.358386993408203,238475,-8.01151239,35,19.73,12756,0.2280527949333191,-0.9427096247673035,0.0005
0.02381446212530136,0.99,6765,238646,5.516839027404785,238545,-7.924099979999999,35,19.62,12760,0.32443565130233765,-0.8505232334136963,0.0005
0.023953283205628395,0.99,6767,238713,6.234002113342285,238612,-7.91471188,35,19.59,12764,1.5678871870040894,0.043781429529190063,0.0005
0.024638202041387558,0.99,6769,238794,6.060400009155273,238693,-8.050202290000001,35,19.78,12768,0.9805501699447632,-0.06429034471511841,0.0005
0.024806635454297066,0.99,6771,238871,6.103176116943359,238770,-8.058883940000001,35,19.8,12772,1.0337704420089722,0.2861837148666382,0.0005
0.024437882006168365,0.99,6773,238940,5.2870941162109375,238839,-8.012375149999999,35,19.74,12776,1.6085290908813477,-0.4863276183605194,0.0005
0.024104837328195572,0.99,6775,239002,5.5133490562438965,238901,-7.832283640000001,35,19.49,12780,0.5625460147857666,-0.05365260690450668,0.0005
0.02370784990489483,0.99,6777,239092,6.622623443603516,238991,-7.87180823,35,19.55,12784,1.364283800125122,0.1553184539079666,0.0005
0.024711687117815018,1.0,6779,239166,5.805593490600586,239065,-7.59162608,35,19.35,12788,0.24441087245941162,-0.16289402544498444,0.0005
0.025406798347830772,1.0,6781,239240,5.677544116973877,239139,-7.63560836,35,19.41,12792,0.5975724458694458,-0.1715821474790573,0.0005
0.02564629353582859,1.0,6784,239319,6.019933700561523,239218,-7.571786930000001,35,19.3,12796,0.4992038607597351,0.8268524408340454,0.0005
0.025395501405000687,1.0,6785,239394,5.307294845581055,239293,-7.6282952900000005,35,19.4,12800,1.0934830904006958,-0.852820634841919,0.0005
0.024568801745772362,1.0,6787,239468,5.510546684265137,239367,-7.616488939999998,35,19.35,12804,2.2660090923309326,-0.702058732509613,0.0005
0.024339085444808006,1.0,6789,239545,5.610631942749023,239444,-7.57921273,35,19.32,12808,1.6380181312561035,-0.6464412808418274,0.0005
0.024162519723176956,1.0,6791,239605,5.366612434387207,239504,-7.436697370000002,35,19.1,12812,0.4000236988067627,-1.2995457649230957,0.0005
0.023906465619802475,1.0,6793,239678,5.5988922119140625,239577,-7.328312030000001,35,18.92,12816,0.32489287853240967,-0.46746888756752014,0.0005
0.023895923048257828,1.0,6795,239747,5.413862228393555,239646,-7.2766099099999995,35,18.84,12820,0.31698399782180786,-0.5354800224304199,0.0005
0.02389807626605034,1.0,6796,239813,5.6890692710876465,239712,-7.127272390000001,35,18.6,12824,2.629335880279541,-0.3564373254776001,0.0005
0.0244616586714983,1.0,6799,239886,5.71866512298584,239785,-7.11413243,35,18.56,12828,1.6083837747573853,0.35515475273132324,0.0005
0.024482127279043198,1.0,6801,239956,5.779047012329102,239855,-7.02400034,35,18.43,12832,0.4277492165565491,0.14314204454421997,0.0005
0.024590006098151207,1.0,6838,240038,5.733795642852783,239937,-7.01710033,35,18.42,12836,0.26830530166625977,-0.14353694021701813,0.0005
0.02451201342046261,0.99,6840,240111,6.18132209777832,240010,-7.11753592,35,18.34,12840,0.15152542293071747,-0.2579641044139862,0.0005
0.024270448833703995,0.99,6842,240179,5.743359565734863,240078,-7.06917506,35,18.26,12844,0.8577020764350891,-0.08929421007633209,0.0005
0.024317091330885887,0.99,6844,240255,6.190289497375488,240154,-7.066710340000001,35,18.25,12848,0.8300119042396545,0.009742006659507751,0.0005
0.024659041315317154,0.99,6846,240330,5.488967418670654,240229,-7.1601273700000005,35,18.39,12852,0.5925171375274658,-0.36480194330215454,0.0005
0.024962881579995155,0.99,6848,240416,5.544817924499512,240315,-7.161970790000001,35,18.4,12856,0.4308718144893646,-0.009960755705833435,0.0005
0.024380935356020927,0.99,6850,240499,5.831559181213379,240398,-7.254937969999999,35,18.53,12860,0.6361773014068604,0.2047756314277649,0.0005
0.02399781346321106,0.99,6852,240568,5.681092739105225,240467,-7.2601985,35,18.55,12864,0.3417362570762634,0.5243602395057678,0.0005
0.023418033495545387,0.99,6854,240641,6.418840408325195,240540,-7.21118739,35,18.47,12868,0.7428288459777832,-0.4936506748199463,0.0005
0.023985104635357857,0.99,6857,240724,5.5298171043396,240623,-7.254538170000001,35,18.53,12872,0.4029901623725891,1.027080774307251,0.0005
0.024378599599003792,0.99,6859,240800,5.512884140014648,240699,-7.3006913,35,18.6,12876,0.9091652035713196,0.5126758813858032,0.0005
0.024555016309022903,0.99,6860,240874,5.621242046356201,240773,-7.391449710000001,35,18.72,12880,1.1218843460083008,0.18937642872333527,0.0005
0.02472740411758423,0.99,6862,240957,5.564318656921387,240856,-7.34381918,35,18.65,12884,0.9242703318595886,0.2471160888671875,0.0005
0.024728842079639435,0.99,6864,241037,5.441529750823975,240936,-7.3876102900000005,35,18.71,12888,1.411839246749878,0.8159540295600891,0.0005
0.025006121024489403,0.99,6866,241114,5.447771072387695,241013,-7.393050579999999,35,18.74,12892,2.0022616386413574,0.4952293634414673,0.0005
0.02515328675508499,0.99,6868,241195,5.520305633544922,241094,-7.400489599999999,35,18.76,12896,0.3629871904850006,1.2524774074554443,0.0005
0.02573237009346485,0.99,6870,241270,6.06130313873291,241169,-7.39635777,35,18.76,12900,0.18363840878009796,-0.5137456655502319,0.0005
0.026064282283186913,0.99,6872,241339,5.786149501800537,241238,-7.35477623,35,18.71,12904,0.6921928524971008,-0.3012072443962097,0.0005
0.025737008079886436,0.99,6874,241400,5.0982184410095215,241299,-7.257656569999999,35,18.55,12908,0.8022609949111938,0.4571714401245117,0.0005
0.025369323790073395,0.99,6876,241478,5.784041404724121,241377,-7.360700649999999,35,18.73,12912,0.7758831977844238,0.5777733325958252,0.0005
0.025754133239388466,0.99,6878,241564,5.727066516876221,241463,-7.45287018,35,18.86,12916,1.2212398052215576,-0.10237708687782288,0.0005
0.025995396077632904,0.99,6880,241630,5.514325141906738,241529,-7.44765594,35,18.83,12920,0.14183995127677917,0.12839564681053162,0.0005
0.025973273441195488,0.99,6882,241698,6.113699913024902,241597,-7.454734160000002,35,18.85,12924,0.902042806148529,0.5137360692024231,0.0005
0.026073114946484566,0.99,6884,241767,6.315752983093262,241666,-7.41723245,35,18.81,12928,0.2903304696083069,0.4610201418399811,0.0005
0.026556743308901787,0.99,6885,241830,5.50445556640625,241729,-7.36848487,35,18.74,12932,1.2614984512329102,0.26407700777053833,0.0005
0.025848183780908585,0.99,6887,241898,6.074740886688232,241797,-7.280868680000001,35,18.6,12936,0.684683084487915,0.16079583764076233,0.0005
0.02582619898021221,1.0,6889,241967,6.005873680114746,241866,-7.09399297,35,18.56,12940,0.4553711712360382,0.10560300946235657,0.0005
0.025313086807727814,1.0,6891,242042,5.618175029754639,241941,-7.142451510000001,35,18.63,12944,0.7107118368148804,-0.740632176399231,0.0005
0.02525912970304489,1.0,6893,242112,5.7745442390441895,242011,-7.09799558,35,18.57,12948,0.307841420173645,1.0371804237365723,0.0005
0.026063399389386177,1.0,6895,242180,5.967868328094482,242079,-7.0531761600000005,35,18.5,12952,0.3687472939491272,-0.5336928367614746,0.0005
0.026012370362877846,1.0,6897,242269,5.785967826843262,242168,-7.085491859999999,35,18.53,12956,1.5106465816497803,0.27565017342567444,0.0005
0.02555304765701294,1.0,6899,242332,6.513198375701904,242231,-6.946125929999999,35,18.33,12960,0.6150689125061035,0.2616841197013855,0.0005
0.025629732757806778,1.0,6901,242399,5.75526237487793,242298,-6.942142490000001,35,18.31,12964,0.22700729966163635,0.17192791402339935,0.0005
0.026348354294896126,1.0,6903,242481,5.98636531829834,242380,-6.99327523,35,18.4,12968,0.7129583358764648,0.3826349675655365,0.0005
0.026597613468766212,1.0,6905,242553,5.586567401885986,242452,-6.93593796,35,18.29,12972,0.8163709044456482,0.9376626014709473,0.0005
0.026134205982089043,1.0,6908,242627,5.935201644897461,242526,-6.928183090000001,35,18.27,12976,1.3155858516693115,-0.7746546268463135,0.0005
0.02599426731467247,1.0,6910,242708,5.593172073364258,242607,-6.970464730000001,35,18.34,12980,0.22961540520191193,-0.431362509727478,0.0005
0.0258178673684597,1.0,6912,242795,6.263856410980225,242694,-7.007509950000001,35,18.38,12984,0.09412334859371185,-0.47908246517181396,0.0005
0.025693705305457115,1.0,6914,242866,6.207004070281982,242765,-6.921664180000001,35,18.29,12988,0.18012413382530212,0.17510150372982025,0.0005
0.02634860761463642,1.0,6915,242935,5.836113929748535,242834,-6.873201260000001,35,18.21,12992,0.37852782011032104,0.4934679865837097,0.0005
0.02590112015604973,1.0,6917,243015,6.520568370819092,242914,-6.874715800000001,35,18.2,12996,0.30916327238082886,0.06913942098617554,0.0005
0.025713296607136726,1.0,6919,243098,5.53172492980957,242997,-6.92724772,35,18.28,13000,0.5317271947860718,-0.9401304721832275,0.0005
0.024976307526230812,1.0,6921,243179,5.823233604431152,243078,-7.01661107,35,18.4,13004,0.17255768179893494,-0.25559961795806885,0.0005
0.024166950955986977,1.0,6923,243264,5.800431728363037,243163,-7.164696810000001,35,18.64,13008,1.7562493085861206,-0.12234655767679214,0.0005
0.02413942478597164,1.0,6926,243349,5.570652961730957,243248,-7.21801974,35,18.71,13012,0.831159234046936,0.2528965473175049,0.0005
0.024964267387986183,1.0,6928,243436,5.9635539054870605,243335,-7.21895227,35,18.72,13016,0.4065515398979187,0.388093501329422,0.0005
0.02493594028055668,1.0,6930,243504,5.846078872680664,243403,-7.2231728099999994,35,18.74,13020,0.6466655731201172,-0.05938449501991272,0.0005
0.025437192991375923,0.99,6932,243581,5.40621280670166,243480,-7.4756950799999995,35,18.83,13024,0.15823601186275482,0.8157151937484741,0.0005
0.025303203612565994,0.99,6934,243642,5.979118347167969,243541,-7.42879439,35,18.75,13028,0.9641053080558777,-0.2611362636089325,0.0005
0.025069063529372215,0.99,6937,243720,5.850368022918701,243619,-7.524579680000001,35,18.9,13032,0.3246130645275116,-0.2205071747303009,0.0005
0.024900050833821297,0.99,6939,243795,5.82726526260376,243694,-7.57024088,35,18.97,13036,1.0594778060913086,0.01706506311893463,0.0005
0.024644311517477036,0.99,6941,243870,5.706690788269043,243769,-7.612954889999998,35,19.03,13040,1.2454478740692139,1.0242791175842285,0.0005
0.024483539164066315,0.99,6943,243939,5.491892337799072,243838,-7.56864298,35,18.97,13044,0.20610320568084717,0.40440046787261963,0.0005
0.02481265924870968,0.99,6945,244020,5.895816802978516,243919,-7.652708819999998,35,19.08,13048,0.32515040040016174,-0.160863995552063,0.0005
0.024771304801106453,0.99,6947,244096,5.700368404388428,243995,-7.700763370000001,35,19.16,13052,0.17259497940540314,0.14502361416816711,0.0005
0.024747174233198166,0.99,6949,244173,5.3834123611450195,244072,-7.614827499999999,35,19.04,13056,1.0870740413665771,-0.3669312000274658,0.0005
0.02438666857779026,0.99,6951,244242,5.285703659057617,244141,-7.65742572,35,19.1,13060,1.2987382411956787,-0.534652590751648,0.0005
0.024663476273417473,0.99,6953,244311,5.721460342407227,244210,-7.658388380000002,35,19.12,13064,0.3560639023780823,0.42857927083969116,0.0005
0.02511824667453766,0.99,6955,244388,5.37408971786499,244287,-7.61798828,35,19.07,13068,0.21587824821472168,-0.11028333753347397,0.0005
0.02474803477525711,0.99,6957,244464,5.693661212921143,244363,-7.62862931,35,19.11,13072,0.4418773055076599,-0.051653504371643066,0.0005
0.024717312306165695,0.99,6960,244547,6.454251766204834,244446,-7.68166118,35,19.2,13076,0.6282967925071716,0.6750962138175964,0.0005
0.02532900683581829,0.99,6962,244633,5.926725387573242,244532,-7.696873240000001,35,19.25,13080,0.8850212097167969,0.27841949462890625,0.0005
0.025730609893798828,0.99,6964,244710,6.237582206726074,244609,-7.615627559999999,35,19.15,13084,1.1230133771896362,-0.041704148054122925,0.0005
0.025337329134345055,0.99,6967,244792,5.260459899902344,244691,-7.707120120000001,35,19.26,13088,0.20744416117668152,-0.5538027882575989,0.0005
0.024888090789318085,0.99,6969,244867,5.610556602478027,244766,-7.75404465,35,19.32,13092,0.64518141746521,-0.7265372276306152,0.0005
0.024624649435281754,0.98,6971,244940,6.452105522155762,244839,-7.90882299,35,19.25,13096,0.4181540906429291,0.8953763246536255,0.0005
0.025608036667108536,0.98,6973,245008,6.085267543792725,244907,-7.811356410000002,35,19.1,13100,0.34765172004699707,0.5099501609802246,0.0005
0.026592375710606575,0.98,6975,245092,5.608555793762207,244991,-7.819295670000002,35,19.13,13104,0.32943668961524963,-0.22274179756641388,0.0005
0.02583729662001133,0.98,6977,245175,5.741983413696289,245074,-7.81261423,35,19.11,13108,0.32243800163269043,-0.42521101236343384,0.0005
0.025786906480789185,0.98,6979,245257,5.274519920349121,245156,-7.801167330000001,35,19.08,13112,1.8429747819900513,-0.33454084396362305,0.0005
0.02576216123998165,0.98,6982,245338,5.509442329406738,245237,-7.76150828,35,19.02,13116,0.30574941635131836,-0.3635198771953583,0.0005
0.025663405656814575,0.98,6984,245415,6.066465377807617,245314,-7.8140243599999994,35,19.11,13120,0.35479292273521423,-0.33561524748802185,0.0005
0.02535129338502884,0.99,6986,245498,5.662228584289551,245397,-7.655535219999999,35,19.17,13124,0.3654022216796875,1.1716828346252441,0.0005
0.02497967705130577,0.99,6988,245566,5.271205902099609,245465,-7.697754949999998,35,19.24,13128,0.4347691535949707,-0.81447833776474,0.0005
0.024557143449783325,0.98,6990,245640,5.799215316772461,245539,-7.8852775600000005,35,19.2,13132,1.29005765914917,-0.3433247208595276,0.0005
0.024628089740872383,0.98,6992,245713,5.475220203399658,245612,-7.8767688499999995,35,19.18,13136,0.08111611008644104,0.4087887108325958,0.0005
0.0252742487937212,0.98,6994,245789,6.107189655303955,245688,-7.87691591,35,19.19,13140,1.105276346206665,-0.2283417284488678,0.0005
0.02517722174525261,0.98,6995,245851,5.709439277648926,245750,-7.825987829999999,35,19.12,13144,0.13388271629810333,0.21610288321971893,0.0005
0.025089459493756294,0.98,6997,245927,5.085220813751221,245826,-7.79104345,35,19.07,13148,0.2815701365470886,-0.6265276074409485,0.0005
0.024741942062973976,0.98,6999,246004,5.784550666809082,245903,-7.79222121,35,19.08,13152,0.36365044116973877,-0.2933472990989685,0.0005
0.02469714544713497,0.98,7001,246074,6.280172824859619,245973,-7.7461047700000005,35,19.01,13156,0.6356459259986877,0.30047309398651123,0.0005
0.024788109585642815,0.98,7003,246144,5.564420700073242,246043,-7.75078158,35,19.02,13160,0.6944482326507568,-0.05519542098045349,0.0005
0.02480197697877884,0.98,7005,246220,6.176150321960449,246119,-7.800897539999999,35,19.09,13164,1.0295381546020508,-0.17301149666309357,0.0005
0.02473241649568081,0.98,7007,246289,5.454167366027832,246188,-7.751514630000002,35,19.01,13168,0.8686273097991943,0.6720909476280212,0.0005
0.024837274104356766,0.98,7009,246356,5.870768070220947,246255,-7.699363870000001,35,18.92,13172,2.8001208305358887,0.5032721757888794,0.0005
0.024850253015756607,0.98,7011,246417,6.027742862701416,246316,-7.558822009999999,35,18.7,13176,0.6215085387229919,0.6715191602706909,0.0005
0.025424256920814514,0.98,7013,246498,5.587488174438477,246397,-7.54813745,35,18.65,13180,0.9977321028709412,0.13498780131340027,0.0005
0.025630416348576546,0.98,7014,246567,5.87030029296875,246466,-7.50378322,35,18.57,13184,0.8580296635627747,-0.5371906757354736,0.0005
0.025356926023960114,0.98,7016,246644,6.124292373657227,246543,-7.459349049999999,35,18.52,13188,0.21889840066432953,-0.30656325817108154,0.0005
0.02484891377389431,0.98,7018,246713,6.003046989440918,246612,-7.414689859999999,35,18.46,13192,0.31001394987106323,-0.5949900150299072,0.0005
0.024897292256355286,0.99,7020,246791,5.738005638122559,246690,-7.22377476,35,18.51,13196,0.5332743525505066,-0.40088000893592834,0.0005
0.02426176331937313,0.99,7022,246867,5.132220268249512,246766,-7.273872989999998,35,18.59,13200,0.19519707560539246,-0.9202162623405457,0.0005
0.023872604593634605,0.99,7024,246943,5.608962059020996,246842,-7.22384306,35,18.51,13204,0.7681237459182739,-0.4507609009742737,0.0005
0.024094603955745697,0.99,7026,247024,5.2004876136779785,246923,-7.21831808,35,18.49,13208,0.5785320997238159,0.4454386234283447,0.0005
0.024011526256799698,0.99,7028,247102,5.6855387687683105,247001,-7.1778618199999995,35,18.45,13212,0.43406617641448975,0.08976230770349503,0.0005
0.02420564368367195,0.99,7030,247184,6.022290229797363,247083,-7.18137597,35,18.46,13216,1.676253318786621,0.01528942584991455,0.0005
0.0241821501404047,0.99,7033,247267,6.240080833435059,247166,-7.226789870000001,35,18.52,13220,1.2315194606781006,0.5241736173629761,0.0005
0.02420853078365326,0.99,7035,247339,5.793349742889404,247238,-7.1712174200000005,35,18.41,13224,1.341944694519043,1.3800616264343262,0.0005
0.02456468529999256,0.99,7037,247414,5.225191116333008,247313,-7.221142820000001,35,18.48,13228,0.41411036252975464,-0.5053088665008545,0.0005
0.024023016914725304,1.0,7039,247480,4.971827507019043,247379,-6.9754835800000015,35,18.4,13232,0.366852343082428,-0.38656097650527954,0.0005
0.024188948795199394,1.0,7040,247548,5.7813849449157715,247447,-6.934497970000001,35,18.35,13236,0.6105882525444031,-0.17566955089569092,0.0005
0.02459014020860195,0.99,7043,247632,5.674476623535156,247531,-7.15929736,35,18.43,13240,0.6666561365127563,0.17629417777061462,0.0005
0.024406014010310173,0.99,7045,247710,6.156981468200684,247609,-7.25988424,35,18.59,13244,0.5754839777946472,-0.5955995321273804,0.0005
0.025158608332276344,0.99,7047,247793,6.44620418548584,247692,-7.3018874700000005,35,18.66,13248,0.793639063835144,0.18540172278881073,0.0005
0.02569270133972168,0.99,7050,247875,5.621814727783203,247774,-7.343100619999998,35,18.71,13252,0.8265808820724487,0.01944562792778015,0.0005
0.025241520255804062,0.99,7052,247951,5.615930557250977,247850,-7.391054499999999,35,18.77,13256,0.18103738129138947,-0.22319965064525604,0.0005
0.02484847977757454,0.99,7053,248020,5.00790548324585,247919,-7.38977163,35,18.76,13260,0.5991707444190979,-0.08627992868423462,0.0005
0.02476668730378151,0.99,7055,248096,5.758976936340332,247995,-7.3904707300000005,35,18.76,13264,0.33232006430625916,0.06051548570394516,0.0005
0.024992477148771286,0.99,7058,248180,5.43160343170166,248079,-7.490574280000001,35,18.91,13268,0.174324631690979,-0.492836058139801,0.0005
0.02553708665072918,0.99,7059,248248,8.04629898071289,248147,-7.490363510000001,35,18.92,13272,1.5242960453033447,1.2465088367462158,0.0005
0.027774645015597343,0.99,7061,248321,7.415818214416504,248220,-7.57628185,35,19.04,13276,0.6154667139053345,0.48262935876846313,0.0005
0.029102254658937454,0.99,7063,248397,6.393313407897949,248296,-7.531634250000001,35,18.99,13280,1.0104808807373047,0.28142598271369934,0.0005
0.02946208044886589,0.99,7065,248467,6.135387420654297,248366,-7.5290218399999995,35,19.0,13284,0.621143102645874,0.29785221815109253,0.0005
0.03007267788052559,0.99,7067,248535,6.981250286102295,248434,-7.47887297,35,18.91,13288,0.3997915983200073,0.838591992855072,0.0005
0.03116636723279953,0.99,7069,248618,6.274849891662598,248517,-7.57031683,35,19.05,13292,0.26121920347213745,-0.5999698042869568,0.0005
0.030784832313656807,0.99,7071,248679,6.1353254318237305,248578,-7.46911709,35,18.88,13296,0.7134099006652832,0.22098442912101746,0.0005
0.030022388324141502,0.99,7072,248739,5.636998653411865,248638,-7.37016137,35,18.72,13300,0.3123156726360321,-0.9706606268882751,0.0005
0.029171550646424294,0.99,7074,248816,5.836506366729736,248715,-7.372352669999999,35,18.73,13304,0.8838010430335999,-0.5361431241035461,0.0005
0.028512345626950264,0.99,7077,248900,5.426563739776611,248799,-7.37970592,35,18.76,13308,0.3258517384529114,0.6373910903930664,0.0005
0.028293779119849205,0.99,7079,248978,5.539209365844727,248877,-7.377759609999999,35,18.76,13312,0.3094231188297272,-0.8052099347114563,0.0005
0.02774140238761902,0.99,7081,249046,5.399933815002441,248945,-7.281466000000002,35,18.62,13316,1.0023902654647827,-0.2416580468416214,0.0005
0.027182728052139282,0.99,7083,249124,6.104252338409424,249023,-7.24028083,35,18.57,13320,0.8471012115478516,0.5826832056045532,0.0005
0.027596760541200638,0.99,7085,249199,5.922245502471924,249098,-7.24677879,35,18.6,13324,0.7285029292106628,0.1473621279001236,0.0005
0.027884315699338913,0.99,7087,249275,6.162050247192383,249174,-7.24892149,35,18.61,13328,0.5540595650672913,0.20771919190883636,0.0005
0.028058907017111778,0.99,7089,249356,5.6358819007873535,249255,-7.34387815,35,18.76,13332,0.2692820131778717,-0.5957466959953308,0.0005
0.027778081595897675,0.98,7091,249439,7.121135711669922,249338,-7.578921479999999,35,18.91,13336,1.1311672925949097,0.8066469430923462,0.0005
0.029189184308052063,0.99,7094,249523,5.702061653137207,249422,-7.411217409999999,35,18.91,13340,0.851474404335022,0.022807598114013672,0.0005
0.02914333902299404,0.99,7096,249599,5.3218231201171875,249498,-7.406419570000001,35,18.89,13344,0.28809159994125366,-0.3532167673110962,0.0005
0.029005132615566254,0.99,7098,249687,5.880140781402588,249586,-7.4464426,35,18.94,13348,0.32761603593826294,-0.31933462619781494,0.0005
0.02848469838500023,0.99,7100,249765,5.733447074890137,249664,-7.411263069999999,35,18.9,13352,0.3240405023097992,-0.48886898159980774,0.0005
0.027590569108724594,0.99,7102,249849,6.268160820007324,249748,-7.456560600000001,35,18.98,13356,0.27798718214035034,-0.510628342628479,0.0005
0.02721514366567135,0.99,7105,249925,5.521793365478516,249824,-7.50163992,35,19.05,13360,0.4080093502998352,-0.4748346209526062,0.0005
0.026591094210743904,0.99,7124,250015,5.798745155334473,249914,-7.592703359999999,35,19.19,13364,0.3172931969165802,-1.4766316413879395,0.0005
0.025881947949528694,0.99,7126,250086,5.529911518096924,249985,-7.4966608599999995,35,19.06,13368,0.8690171837806702,-0.47091585397720337,0.0005
0.02571379952132702,0.99,7128,250156,5.787446975708008,250055,-7.50309074,35,19.08,13372,0.5461530685424805,0.6509308815002441,0.0005
0.025706468150019646,0.99,7129,250217,5.758468151092529,250116,-7.41695879,35,18.96,13376,0.7369667291641235,-0.17049871385097504,0.0005
0.025232836604118347,0.99,7131,250293,5.847825050354004,250192,-7.414276189999999,35,18.96,13380,1.0693554878234863,0.008025944232940674,0.0005
0.02474376931786537,0.99,7133,250369,5.743454456329346,250268,-7.46066257,35,19.02,13384,0.33301347494125366,-0.5775240659713745,0.0005
0.024179814383387566,0.99,7135,250446,6.064939498901367,250345,-7.513396350000001,35,19.11,13388,0.635911226272583,-0.4704119563102722,0.0005
0.024188688024878502,0.99,7137,250530,5.528478622436523,250429,-7.517704810000001,35,19.12,13392,0.1693965494632721,-0.6924100518226624,0.0005
0.024418838322162628,0.99,7139,250607,5.624542236328125,250506,-7.617448909999999,35,19.28,13396,1.2799419164657593,0.8436466455459595,0.0005
0.024700146168470383,0.99,7141,250675,5.651516914367676,250574,-7.6653544999999985,35,19.36,13400,1.708582878112793,-0.21365660429000854,0.0005
0.024713877588510513,0.99,7144,250759,5.157643795013428,250658,-7.714972030000001,35,19.43,13404,0.17040510475635529,-0.31295132637023926,0.0005
0.024565815925598145,0.99,7146,250849,5.6616058349609375,250748,-7.7613885400000004,35,19.49,13408,1.4458167552947998,-0.371168851852417,0.0005
0.024177951738238335,0.99,7148,250918,5.830539226531982,250817,-7.711947380000002,35,19.4,13412,1.2642111778259277,-0.798534631729126,0.0005
0.023785721510648727,0.99,7151,251003,5.401385307312012,250902,-7.8115951,35,19.57,13416,1.1866271495819092,-0.4721101224422455,0.0005
0.023983245715498924,0.99,7153,251071,6.943241119384766,250970,-7.755556820000001,35,19.47,13420,1.1818369626998901,0.8571422100067139,0.0005
0.024190383031964302,0.99,7155,251149,5.755824565887451,251048,-7.7620730400000015,35,19.5,13424,2.0363173484802246,-0.3387942612171173,0.0005
0.023699937388300896,0.99,7157,251226,5.123782634735107,251125,-7.7632872200000005,35,19.51,13428,1.7069270610809326,-0.40609604120254517,0.0005
0.023809073492884636,0.99,7159,251308,5.4006757736206055,251207,-7.7650966200000004,35,19.52,13432,0.7826845645904541,-0.20010948181152344,0.0005
0.0238995011895895,1.0,7161,251385,5.619721412658691,251284,-7.578498630000001,35,19.46,13436,0.7196078300476074,0.7310997247695923,0.0005
0.023993419483304024,1.0,7163,251461,5.338391304016113,251360,-7.5225474299999995,35,19.38,13440,0.6260339021682739,0.0507982075214386,0.0005
0.024323366582393646,1.0,7165,251532,5.38679838180542,251431,-7.480455290000001,35,19.33,13444,0.7233155965805054,-0.11087252199649811,0.0005
0.024565042927861214,1.0,7167,251614,5.233626365661621,251513,-7.436477370000001,35,19.27,13448,0.14330212771892548,0.18766382336616516,0.0005
0.02411825582385063,1.0,7169,251684,5.55662727355957,251583,-7.380361650000001,35,19.19,13452,0.7570655345916748,-0.4725854992866516,0.0005
0.02375425584614277,1.0,7171,251766,5.578089237213135,251665,-7.374860150000002,35,19.17,13456,1.6772515773773193,-0.4076976776123047,0.0005
0.023879623040556908,1.0,7174,251851,5.0597076416015625,251750,-7.426240260000001,35,19.26,13460,1.5729503631591797,0.13897086679935455,0.0005
0.02377665415406227,1.0,7176,251928,5.473092079162598,251827,-7.3287512,35,19.13,13464,0.25496843457221985,-0.10899049788713455,0.0005
0.024113038554787636,1.0,7178,252002,6.070823669433594,251901,-7.3648782200000005,35,19.16,13468,1.5421785116195679,-0.42719775438308716,0.0005
0.0238221175968647,1.0,7180,252084,5.69640588760376,251983,-7.44999955,35,19.28,13472,0.20441928505897522,0.025446973741054535,0.0005
0.02352997288107872,1.0,7182,252160,5.533266544342041,252059,-7.54398802,35,19.43,13476,0.21005885303020477,-0.305736243724823,0.0005
0.023822356015443802,1.0,7184,252235,5.8571248054504395,252134,-7.545049449999999,35,19.42,13480,0.537323534488678,0.017181694507598877,0.0005
0.024322044104337692,1.0,7186,252304,5.836723804473877,252203,-7.495473849999999,35,19.35,13484,0.546547532081604,0.43883782625198364,0.0005
0.024392185732722282,1.0,7188,252381,6.05424690246582,252280,-7.49133244,35,19.35,13488,0.724270224571228,0.45409131050109863,0.0005
0.02502577379345894,1.0,7190,252465,4.557756423950195,252364,-7.48688334,35,19.35,13492,0.7132751941680908,-0.40170153975486755,0.0005
0.024609528481960297,1.0,7192,252541,5.2995219230651855,252440,-7.4841454,35,19.34,13496,0.9423170685768127,0.17445528507232666,0.0005
0.02416381612420082,1.0,7194,252609,5.453558921813965,252508,-7.48356105,35,19.34,13500,0.47589582204818726,0.00936223566532135,0.0005
0.024380803108215332,1.0,7196,252691,4.98016881942749,252590,-7.47303415,35,19.32,13504,0.06646136939525604,-0.07267461717128754,0.0005
0.02457459643483162,1.0,7198,252766,5.653995513916016,252665,-7.373331969999998,35,19.17,13508,0.9405983090400696,0.8777056336402893,0.0005
0.02445666305720806,1.0,7199,252834,5.59385347366333,252733,-7.370496020000001,35,19.16,13512,1.3865101337432861,0.18349464237689972,0.0005
0.024425048381090164,1.0,7201,252909,5.006940841674805,252808,-7.31397236,35,19.06,13516,0.3218892812728882,0.44704771041870117,0.0005
0.02432134747505188,1.0,7203,252991,5.712115287780762,252890,-7.403188000000001,35,19.2,13520,0.24394211173057556,0.21985530853271484,0.0005
0.02440112642943859,1.0,7205,253069,5.941042900085449,252968,-7.399829299999999,35,19.2,13524,0.2635772228240967,-0.2499418556690216,0.0005
0.025148220360279083,1.0,7206,253138,6.043893814086914,253037,-7.35378371,35,19.12,13528,0.3056429326534271,-0.5270737409591675,0.0005
0.02504684031009674,1.0,7208,253214,6.376806259155273,253113,-7.310876960000002,35,19.06,13532,1.5861881971359253,-0.2831893265247345,0.0005
0.025482894852757454,1.0,7209,253288,5.283364295959473,253187,-7.30702706,35,19.03,13536,0.2930367588996887,0.2006223201751709,0.0005
0.025559281930327415,1.0,7211,253357,5.698555946350098,253256,-7.260979279999999,35,18.96,13540,0.3578633666038513,0.026121899485588074,0.0005
0.02503281459212303,1.0,7213,253438,5.839432716369629,253337,-7.34616228,35,19.06,13544,0.33649635314941406,-0.9732553958892822,0.0005
0.024515461176633835,1.0,7215,253523,5.731736183166504,253422,-7.35261442,35,19.09,13548,0.5291597843170166,-0.735528826713562,0.0005
0.023802632465958595,1.0,7217,253602,5.517257213592529,253501,-7.40912422,35,19.18,13552,0.9760741591453552,0.6074565052986145,0.0005
0.02380051091313362,1.0,7218,253679,4.9880900382995605,253578,-7.36659913,35,19.13,13556,0.24786311388015747,-0.3960983455181122,0.0005
0.023553945124149323,1.0,7220,253754,5.34770393371582,253653,-7.31587078,35,19.03,13560,1.259304165840149,-0.26394471526145935,0.0005
0.023528896272182465,1.0,7222,253845,6.463908672332764,253744,-7.410048959999999,35,19.17,13564,0.3131740689277649,0.3943634629249573,0.0005
0.024141894653439522,1.0,7225,253928,5.599399566650391,253827,-7.45849956,35,19.26,13568,0.3861910402774811,-0.2632460594177246,0.0005
0.024024982005357742,1.0,7227,254008,4.995409965515137,253907,-7.455962610000001,35,19.24,13572,1.1912763118743896,0.37846553325653076,0.0005
0.024712635204195976,1.0,7228,254078,10.089234352111816,253977,-7.40878948,35,19.18,13576,2.8894612789154053,2.016587972640991,0.0005
0.02671574242413044,1.0,7230,254146,6.939279556274414,254045,-7.362375319999999,35,19.11,13580,2.110886812210083,1.1389164924621582,0.0005
0.028184890747070312,1.0,7232,254216,6.253587245941162,254115,-7.37289796,35,19.12,13584,1.2109224796295166,1.0056755542755127,0.0005
0.028703350573778152,1.0,7234,254283,5.636841773986816,254182,-7.325342039999999,35,19.02,13588,1.2396867275238037,0.026039540767669678,0.0005
0.028136026114225388,1.0,7236,254364,5.572029113769531,254263,-7.31967469,35,18.99,13592,0.6155869364738464,-0.03150390088558197,0.0005
0.027875974774360657,1.0,7238,254439,5.373775482177734,254338,-7.31640518,35,18.98,13596,0.9474596977233887,-1.1657955646514893,0.0005
0.026800883933901787,1.0,7240,254532,6.1248626708984375,254431,-7.46921523,35,19.23,13600,0.5959997773170471,-0.9693039059638977,0.0005
0.026007719337940216,1.0,7243,254615,5.474854469299316,254514,-7.473421589999999,35,19.24,13604,1.0511198043823242,-0.0766972005367279,0.0005
0.025729099288582802,1.0,7245,254707,5.2219343185424805,254606,-7.5770246199999995,35,19.41,13608,1.4852381944656372,-0.7534894943237305,0.0005
0.02549624629318714,1.0,7247,254779,5.233858108520508,254678,-7.58459022,35,19.45,13612,0.2053680717945099,-0.26237717270851135,0.0005
0.025636792182922363,1.0,7249,254854,5.378037929534912,254753,-7.587020079999999,35,19.45,13616,1.3338438272476196,0.22947260737419128,0.0005
0.02535932883620262,1.0,7251,254939,6.067165374755859,254838,-7.594246859999999,35,19.48,13620,0.27260130643844604,0.28149107098579407,0.0005
0.025349685922265053,1.0,7253,255006,6.172524452209473,254905,-7.541989639999998,35,19.37,13624,0.19825884699821472,-0.20410695672035217,0.0005
0.02561500295996666,1.0,7255,255089,6.352687835693359,254988,-7.628792999999999,35,19.51,13628,0.7465685606002808,1.0509660243988037,0.0005
0.026324568316340446,1.0,7257,255156,5.637002468109131,255055,-7.5771736999999995,35,19.42,13632,0.14408934116363525,0.8251222372055054,0.0005
0.026660898700356483,1.0,7259,255231,5.218915939331055,255130,-7.581949589999999,35,19.43,13636,0.12589287757873535,0.13040581345558167,0.0005
0.02637619711458683,1.0,7261,255292,5.141293525695801,255191,-7.53311879,35,19.35,13640,0.17954236268997192,-0.8305146098136902,0.0005
0.02604641206562519,1.0,7263,255366,5.350894927978516,255265,-7.48612361,35,19.28,13644,0.20319411158561707,-0.7979036569595337,0.0005
0.02553410269320011,1.0,7265,255435,5.996517181396484,255334,-7.389594989999999,35,19.12,13648,0.2983132004737854,-0.43709999322891235,0.0005
0.025105226784944534,1.0,7266,255497,5.016707420349121,255396,-7.287828639999999,35,18.95,13652,0.10536527633666992,-0.3628000319004059,0.0005
0.025664880871772766,1.0,7268,255563,5.37113094329834,255462,-7.232836009999997,35,18.84,13656,0.7928186058998108,-0.3901430070400238,0.0005
0.025212151929736137,1.0,7270,255633,5.104500770568848,255532,-7.188473509999998,35,18.79,13660,1.5127050876617432,-0.6331435441970825,0.0005
0.024922259151935577,1.0,7272,255706,5.311107158660889,255605,-7.093582369999999,35,18.61,13664,0.32036495208740234,0.23328173160552979,0.0005
0.025433562695980072,1.0,7274,255788,5.269315719604492,255687,-7.091965910000002,35,18.6,13668,0.8422305583953857,-0.6207693219184875,0.0005
0.024847788736224174,1.0,7276,255869,5.252610206604004,255768,-7.09500855,35,18.61,13672,1.1369088888168335,-0.14630189538002014,0.0005
0.025028763338923454,1.0,7278,255945,5.310266494750977,255844,-7.140739980000001,35,18.67,13676,0.43683552742004395,-0.33978497982025146,0.0005
0.024787653237581253,1.0,7280,256019,5.679962158203125,255918,-7.18517298,35,18.73,13680,2.0734338760375977,-0.2065451443195343,0.0005
0.024541327729821205,1.0,7282,256087,5.969350337982178,255986,-7.1733324000000005,35,18.71,13684,0.605272650718689,0.5311431884765625,0.0005
0.02442953921854496,1.0,7285,256166,5.568120002746582,256065,-7.22595154,35,18.83,13688,0.16153083741664886,-0.5720869302749634,0.0005
0.023899924010038376,1.0,7287,256242,5.76340389251709,256141,-7.184653869999998,35,18.78,13692,0.5653408765792847,0.16624587774276733,0.0005
0.024302909150719643,1.0,7289,256324,5.8942108154296875,256223,-7.228693719999998,35,18.85,13696,0.708823561668396,0.18983444571495056,0.0005
0.024518951773643494,1.0,7291,256400,6.331451416015625,256299,-7.1266639,35,18.68,13700,0.16247707605361938,-0.09804797172546387,0.0005
0.02402219921350479,1.0,7293,256475,5.689913749694824,256374,-7.078651739999999,35,18.6,13704,0.5507000684738159,0.007964715361595154,0.0005
0.02411455102264881,1.0,7295,256543,5.7285871505737305,256442,-6.933625829999999,35,18.36,13708,0.7917158603668213,0.7427703142166138,0.0005
0.024487532675266266,1.0,7297,256610,6.069478511810303,256509,-6.9235580400000005,35,18.31,13712,1.441166877746582,0.9604983329772949,0.0005
0.02453388087451458,1.0,7299,256686,5.837799072265625,256585,-6.929051050000001,35,18.32,13716,0.5013868808746338,0.16307739913463593,0.0005
0.024848707020282745,1.0,7301,256778,5.874473571777344,256677,-6.980678820000001,35,18.39,13720,0.34507694840431213,-0.24426168203353882,0.0005
0.025003671646118164,1.0,7304,256868,5.635424613952637,256767,-7.1229973300000005,35,18.62,13724,0.40088677406311035,0.010128490626811981,0.0005
0.024701913818717003,1.0,7306,256945,6.16281795501709,256844,-7.080092469999999,35,18.56,13728,0.32623112201690674,-0.6890688538551331,0.0005
0.02447044476866722,1.0,7308,257029,5.627776145935059,256928,-7.178329720000001,35,18.73,13732,0.23595589399337769,0.46516525745391846,0.0005
0.024788659065961838,1.0,7310,257111,5.563904762268066,257010,-7.225774599999999,35,18.8,13736,1.1675972938537598,0.5291562676429749,0.0005
0.024842960759997368,1.0,7312,257195,5.457228660583496,257094,-7.37230438,35,19.03,13740,0.6263447403907776,0.5249905586242676,0.0005
0.025069698691368103,1.0,7314,257271,5.508021354675293,257170,-7.375811550000001,35,19.05,13744,0.2811986804008484,0.7385914325714111,0.0005
0.025439966470003128,1.0,7316,257338,5.940529823303223,257237,-7.370519439999998,35,19.03,13748,0.18596026301383972,0.010323435068130493,0.0005
0.024953128769993782,1.0,7318,257406,5.7207136154174805,257305,-7.415613069999998,35,19.09,13752,0.5171768665313721,0.415321946144104,0.0005
0.02493312768638134,1.0,7320,257489,6.157743453979492,257388,-7.515039829999998,35,19.26,13756,0.21508748829364777,0.19246716797351837,0.0005
0.02519596740603447,1.0,7322,257557,5.66638708114624,257456,-7.508492789999999,35,19.24,13760,0.4056618809700012,-0.6393749117851257,0.0005
0.024732718244194984,1.0,7324,257632,4.852545738220215,257531,-7.50915825,35,19.26,13764,0.5396808981895447,-1.0929601192474365,0.0005
0.024215659126639366,1.0,7326,257708,5.5004658699035645,257607,-7.467509419999999,35,19.2,13768,1.0230026245117188,-0.4588739573955536,0.0005
0.02406235784292221,1.0,7328,257775,5.172137260437012,257674,-7.3727452300000005,35,19.06,13772,0.5976539850234985,0.03681464493274689,0.0005
0.023826245218515396,1.0,7330,257842,5.317465782165527,257741,-7.32370365,35,18.97,13776,1.4240992069244385,0.8039616942405701,0.0005
0.023891406133770943,1.0,7332,257918,5.840139389038086,257817,-7.325941899999999,35,18.99,13780,0.16059093177318573,0.28866222500801086,0.0005
0.024021752178668976,1.0,7334,257987,5.368959903717041,257886,-7.32923324,35,19.0,13784,0.47494953870773315,-0.00926283746957779,0.0005
0.024156633764505386,1.0,7336,258061,5.033090591430664,257960,-7.31836912,35,18.95,13788,0.30031952261924744,-0.03686727583408356,0.0005
0.02371392212808132,1.0,7338,258130,5.099844932556152,258029,-7.272032770000001,35,18.88,13792,0.5063004493713379,-0.0015831664204597473,0.0005
0.023843180388212204,1.0,7340,258198,5.139133453369141,258097,-7.18119361,35,18.74,13796,0.1654418706893921,0.3462599813938141,0.0005
0.023975173011422157,1.0,7342,258262,6.045370578765869,258161,-7.09130286,35,18.62,13800,1.8796145915985107,0.6722286939620972,0.0005
0.023624448105692863,1.0,7343,258337,5.366912841796875,258236,-7.09014795,35,18.62,13804,0.5225619077682495,-0.5761654376983643,0.0005
0.02288813702762127,1.0,7345,258413,5.479151725769043,258312,-7.13688694,35,18.7,13808,1.4118372201919556,0.3846091032028198,0.0005
0.022646775469183922,1.0,7347,258489,5.063075065612793,258388,-7.18622067,35,18.79,13812,0.290790319442749,-0.49533817172050476,0.0005
0.023078668862581253,1.0,7349,258557,6.397772789001465,258456,-7.133269989999999,35,18.71,13816,0.5395010709762573,0.12146228551864624,0.0005
0.0243754331022501,1.0,7351,258639,5.2723069190979,258538,-7.0781106299999985,35,18.61,13820,0.49909543991088867,-0.2878727316856384,0.0005
0.024665115401148796,1.0,7353,258707,4.9343743324279785,258606,-6.93765473,35,18.39,13824,0.720738410949707,-0.27779942750930786,0.0005
0.02470126748085022,1.0,7355,258775,5.566201210021973,258674,-6.890029770000001,35,18.3,13828,0.13559302687644958,-0.6393513083457947,0.0005
0.024272693321108818,1.0,7357,258852,5.271811485290527,258751,-6.845403040000001,35,18.23,13832,0.4363756477832794,-0.9397196173667908,0.0005
0.02365930564701557,1.0,7359,258920,5.022097587585449,258819,-6.748132440000002,35,18.09,13836,0.3599085807800293,0.0175725519657135,0.0005
0.023562230169773102,1.0,7361,258996,5.023495197296143,258895,-6.69663617,35,18.01,13840,0.814968466758728,-0.21439950168132782,0.0005
0.02374359406530857,1.0,7363,259077,5.632648468017578,258976,-6.7359503400000005,35,18.06,13844,0.5179248452186584,-0.1480923295021057,0.0005
0.024335918948054314,1.0,7365,259160,6.063846111297607,259059,-6.832655210000001,35,18.22,13848,0.2220083624124527,0.16518130898475647,0.0005
0.025048362091183662,1.0,7367,259230,5.545280456542969,259129,-6.83367528,35,18.24,13852,1.0864803791046143,-0.11893343925476074,0.0005
0.024778105318546295,1.0,7369,259304,5.650566101074219,259203,-6.78208371,35,18.15,13856,0.9096271991729736,0.08869492262601852,0.0005
0.024319125339388847,1.0,7371,259381,5.20788049697876,259280,-6.834246459999999,35,18.24,13860,0.2971327304840088,0.269500732421875,0.0005
0.023665687069296837,1.0,7373,259458,5.647056579589844,259357,-6.8382318799999995,35,18.26,13864,0.32329657673835754,-0.4755834937095642,0.0005
0.023288017138838768,1.0,7375,259533,5.65310001373291,259432,-6.8351769199999985,35,18.25,13868,0.4137278199195862,0.07138355076313019,0.0005
0.024310141801834106,1.0,7377,259616,5.817164421081543,259515,-6.936762329999999,35,18.41,13872,1.1056489944458008,0.5484591722488403,0.0005
0.024180443957448006,1.0,7379,259684,5.667354583740234,259583,-6.940240230000001,35,18.42,13876,1.3725101947784424,0.14534924924373627,0.0005
0.023381371051073074,1.0,7381,259767,5.387369632720947,259666,-6.98839576,35,18.49,13880,0.7519680857658386,0.23841126263141632,0.0005
0.02321738749742508,1.0,7383,259835,6.053318023681641,259734,-6.98632775,35,18.48,13884,0.2269265353679657,-0.3068143129348755,0.0005
0.02341315522789955,1.0,7386,259919,5.781609535217285,259818,-7.042768219999999,35,18.58,13888,0.9571367502212524,-0.2238398790359497,0.0005
0.02355305291712284,1.0,7388,259996,5.8606085777282715,259895,-7.092473460000001,35,18.66,13892,0.4013645052909851,-0.3216288387775421,0.0005
0.023633694276213646,1.0,7405,260063,5.8557562828063965,259962,-7.090440789999999,35,18.65,13896,1.9082400798797607,0.5435972213745117,0.0005
0.023864328861236572,1.0,7408,260145,5.215937614440918,260044,-7.224040920000001,35,18.83,13900,0.32333165407180786,0.5317226052284241,0.0005
0.024165458977222443,1.0,7410,260221,5.795636177062988,260120,-7.22932577,35,18.84,13904,0.8791751861572266,0.4217216968536377,0.0005
0.024220947176218033,1.0,7412,260290,5.374944686889648,260189,-7.1818296099999985,35,18.77,13908,0.2333134412765503,0.2789735794067383,0.0005
0.02419300191104412,1.0,7413,260357,5.525093078613281,260256,-7.1319918200000005,35,18.68,13912,1.900875449180603,0.14447417855262756,0.0005
0.02446180395781994,1.0,7415,260440,5.8494648933410645,260339,-7.23040832,35,18.83,13916,0.2259218394756317,-0.1430656462907791,0.0005
0.024820420891046524,1.0,7417,260521,5.562600135803223,260420,-7.23184332,35,18.82,13920,0.8403834104537964,0.28311866521835327,0.0005
0.024908363819122314,1.0,7420,260597,5.763998985290527,260496,-7.2823541899999995,35,18.9,13924,0.17664656043052673,-0.017233651131391525,0.0005
0.0255011897534132,1.0,7422,260672,5.354447841644287,260571,-7.32886521,35,18.97,13928,0.4133676588535309,-0.0390397310256958,0.0005
0.025335753336548805,1.0,7423,260738,4.922360420227051,260637,-7.2736902400000005,35,18.86,13932,0.2955624461174011,0.00568196177482605,0.0005
0.025042224675416946,1.0,7426,260821,5.942879676818848,260720,-7.370356640000001,35,19.01,13936,2.748776912689209,-0.40877315402030945,0.0005
0.02490471862256527,1.0,7428,260898,5.369774341583252,260797,-7.3724752,35,19.02,13940,0.41004061698913574,-0.7261388301849365,0.0005
0.024884531274437904,1.0,7430,260983,5.464823246002197,260882,-7.3833382300000014,35,19.06,13944,0.16044795513153076,-0.6423619389533997,0.0005
0.02460971288383007,1.0,7433,261057,4.932047367095947,260956,-7.336140989999999,35,18.97,13948,0.8330633044242859,-0.34024035930633545,0.0005
0.024845808744430542,1.0,7435,261137,5.292713165283203,261036,-7.420835,35,19.07,13952,0.819707989692688,-0.675478458404541,0.0005
0.02466345764696598,1.0,7437,261212,5.152618885040283,261111,-7.42675878,35,19.08,13956,1.1022543907165527,0.1130296140909195,0.0005
0.02430214360356331,1.0,7439,261279,4.963014602661133,261178,-7.377507999999999,35,18.98,13960,1.147798776626587,-0.01351650059223175,0.0005
0.024163350462913513,1.0,7441,261339,5.824155807495117,261238,-7.279418179999999,35,18.81,13964,0.26792651414871216,-0.15957611799240112,0.0005
0.023678092285990715,1.0,7443,261414,5.5167436599731445,261313,-7.278777649999999,35,18.81,13968,0.34899964928627014,-0.39723512530326843,0.0005
0.023581169545650482,1.0,7445,261497,5.4700775146484375,261396,-7.275180059999999,35,18.81,13972,1.5420615673065186,-0.1772434413433075,0.0005
0.02419317699968815,1.0,7447,261579,5.971042156219482,261478,-7.36760969,35,18.95,13976,0.2960272431373596,0.3646272122859955,0.0005
0.02495390921831131,0.99,7449,261651,6.124302387237549,261550,-7.51075272,35,18.84,13980,0.8078367710113525,0.36238497495651245,0.0005
0.0253314096480608,0.99,7451,261734,5.102717399597168,261633,-7.605859679999998,35,18.99,13984,0.17978894710540771,-0.4307408928871155,0.0005
0.025263182818889618,0.99,7453,261810,5.045610427856445,261709,-7.55610094,35,18.91,13988,1.2300852537155151,-0.0826672911643982,0.0005
0.024921635165810585,0.99,7455,261876,5.375860691070557,261775,-7.497781109999998,35,18.8,13992,0.9735693335533142,-0.07185675203800201,0.0005
0.025158096104860306,0.99,7457,261945,5.377144813537598,261844,-7.503642559999999,35,18.82,13996,0.7263289093971252,-0.19630944728851318,0.0005
0.024720650166273117,0.99,7459,262013,5.259825706481934,261912,-7.409965560000001,35,18.68,14000,0.36460787057876587,0.7863888144493103,0.0005
0.024028966203331947,0.98,7462,262087,5.157566070556641,261986,-7.603107030000001,35,18.66,14004,0.5820000767707825,-0.18686461448669434,0.0005
0.023844873532652855,0.98,7464,262153,5.922759056091309,262052,-7.5967322400000015,35,18.63,14008,0.6259814500808716,0.029524803161621094,0.0005
0.023665640503168106,0.98,7466,262242,5.70722770690918,262141,-7.73838516,35,18.85,14012,1.3318451642990112,0.24653634428977966,0.0005
0.0236344151198864,0.98,7468,262310,5.291311740875244,262209,-7.644994829999999,35,18.7,14016,0.12531164288520813,-0.2927233576774597,0.0005
0.023438718169927597,0.98,7470,262393,5.686247825622559,262292,-7.64636451,35,18.72,14020,0.1787668764591217,-0.3472714424133301,0.0005
0.023312248289585114,0.98,7472,262470,5.341991901397705,262369,-7.646154210000001,35,18.73,14024,0.45189809799194336,0.23865032196044922,0.0005
0.02302326075732708,0.98,7474,262540,5.063849449157715,262439,-7.6004407700000005,35,18.68,14028,1.695077657699585,-0.7829115390777588,0.0005
0.022715067490935326,0.98,7476,262607,5.612817764282227,262506,-7.602103299999999,35,18.69,14032,1.4607232809066772,0.5320395231246948,0.0005
0.022203484550118446,0.98,7478,262685,5.693234920501709,262584,-7.55888111,35,18.64,14036,0.2817244529724121,-0.22828322649002075,0.0005
0.02195070870220661,0.98,7480,262755,5.469841003417969,262654,-7.51298799,35,18.57,14040,0.18131785094738007,-0.06447741389274597,0.0005
0.022439416497945786,0.98,7482,262830,5.787055015563965,262729,-7.46069998,35,18.47,14044,0.6859983205795288,0.5004072189331055,0.0005
0.02348574623465538,0.98,7484,262905,5.2049760818481445,262804,-7.46095138,35,18.48,14048,0.4950992166996002,-0.5616956949234009,0.0005
0.023558983579277992,0.98,7486,262972,5.375038146972656,262871,-7.374526529999998,35,18.35,14052,0.09829558432102203,-0.006742894649505615,0.0005
0.024068588390946388,0.97,7488,263055,5.579493999481201,262954,-7.59326836,35,18.43,14056,0.3398634195327759,-0.5662248134613037,0.0005
0.024344807490706444,0.97,7491,263129,5.313690662384033,263028,-7.6361398,35,18.5,14060,0.16042380034923553,-0.6022387742996216,0.0005
0.02380603738129139,0.97,7493,263205,5.376585006713867,263104,-7.735684719999999,35,18.66,14064,1.1955602169036865,0.5238555073738098,0.0005
0.023895438760519028,0.97,7495,263281,5.617391109466553,263180,-7.736218320000001,35,18.67,14068,0.2980906665325165,0.7276149988174438,0.0005
0.02461954765021801,0.97,7497,263366,4.920391082763672,263265,-7.7422271500000015,35,18.69,14072,0.7576158046722412,-0.5451387166976929,0.0005
0.024041416123509407,0.97,7499,263447,5.457752227783203,263346,-7.740026870000001,35,18.68,14076,0.3330598771572113,0.01119840145111084,0.0005
0.02353845164179802,0.98,7501,263529,5.5529985427856445,263428,-7.59613196,35,18.78,14080,0.1800111085176468,-0.0024530887603759766,0.0005
0.02432197332382202,0.98,7503,263598,5.714694976806641,263497,-7.50380003,35,18.64,14084,0.7776981592178345,0.17735832929611206,0.0005
0.02457728423178196,0.98,7504,263673,5.381261348724365,263572,-7.498437559999998,35,18.63,14088,1.0184892416000366,-0.08346974849700928,0.0005
0.024428054690361023,0.98,7506,263749,5.576399803161621,263648,-7.551735,35,18.73,14092,0.2644110918045044,0.3115484416484833,0.0005
0.024540076032280922,0.98,7508,263823,5.411311149597168,263722,-7.594588989999998,35,18.78,14096,0.36053675413131714,-0.0983956903219223,0.0005
0.02454126812517643,0.98,7509,263891,5.305764198303223,263790,-7.595059739999998,35,18.78,14100,0.2601192593574524,0.3560139536857605,0.0005
0.023925140500068665,0.99,7511,263978,5.352024078369141,263877,-7.48493128,35,18.91,14104,0.41964685916900635,-1.0539664030075073,0.0005
0.02323473058640957,0.99,7513,264060,5.566457748413086,263959,-7.58296535,35,19.07,14108,1.1776267290115356,0.017084162682294846,0.0005
0.023211559280753136,0.99,7515,264143,6.090277194976807,264042,-7.54020548,35,19.01,14112,1.1948983669281006,-0.07374298572540283,0.0005
0.023435359820723534,0.99,7517,264214,5.253880977630615,264113,-7.545207130000001,35,19.04,14116,0.17184573411941528,-0.4132348597049713,0.0005
0.02386554889380932,0.99,7518,264276,5.931973457336426,264175,-7.40185373,35,18.83,14120,0.275953471660614,0.8453543782234192,0.0005
0.02380255237221718,0.99,7520,264351,5.36634635925293,264250,-7.3969236600000015,35,18.81,14124,0.7976206541061401,0.02375301718711853,0.0005
0.02469145692884922,0.99,7522,264434,5.181980133056641,264333,-7.489984569999999,35,18.94,14128,1.0251253843307495,1.2854351997375488,0.0005
0.025252867490053177,0.99,7524,264508,5.708402156829834,264407,-7.53576796,35,19.01,14132,1.566877841949463,-0.5232466459274292,0.0005
0.02539697475731373,0.99,7525,264580,5.588315486907959,264479,-7.4928396600000005,35,18.95,14136,0.3331954777240753,1.241386890411377,0.0005
0.025173896923661232,0.99,7527,264656,5.827567100524902,264555,-7.5352101199999995,35,19.01,14140,0.20578064024448395,-0.39336901903152466,0.0005
0.02498413249850273,0.99,7530,264744,5.5733513832092285,264643,-7.62666969,35,19.14,14144,0.23678463697433472,-0.028501000255346298,0.0005
0.025217849761247635,0.99,7532,264826,5.639309883117676,264725,-7.675344679999999,35,19.21,14148,0.3390767574310303,-0.23879940807819366,0.0005
0.02419011853635311,0.99,7534,264904,5.826227188110352,264803,-7.730076800000001,35,19.32,14152,1.6044304370880127,-0.5969083309173584,0.0005
0.022765440866351128,1.0,7536,264994,5.764889717102051,264893,-7.6083739600000015,35,19.39,14156,0.24212104082107544,-0.5156084895133972,0.0005
0.02210574969649315,1.0,7538,265070,6.005796432495117,264969,-7.610135280000001,35,19.41,14160,0.5233219861984253,-0.009593367576599121,0.0005
0.02182048372924328,0.99,7540,265138,5.04608678817749,265037,-7.763647520000001,35,19.33,14164,0.3070497512817383,-0.714104413986206,0.0005
0.022030627354979515,0.99,7542,265213,5.536048412322998,265112,-7.766343710000001,35,19.32,14168,0.13618101179599762,0.6066700220108032,0.0005
0.02268322929739952,0.99,7543,265288,5.818694591522217,265187,-7.712112870000001,35,19.22,14172,0.9333655834197998,0.08691564202308655,0.0005
0.023312179371714592,0.99,7545,265372,5.215658664703369,265271,-7.71652116,35,19.25,14176,0.1449686884880066,-0.3250706195831299,0.0005
0.023320380598306656,0.99,7547,265447,4.771636962890625,265346,-7.66937186,35,19.18,14180,0.19359296560287476,-0.5900546312332153,0.0005
0.02301671914756298,0.99,7549,265529,5.117795467376709,265428,-7.758501789999998,35,19.31,14184,1.8117926120758057,0.6116213798522949,0.0005
0.02342108264565468,0.99,7551,265595,5.182717323303223,265494,-7.706968389999999,35,19.22,14188,0.17039664089679718,-0.3200368881225586,0.0005
0.02342366985976696,0.99,7553,265670,4.874648094177246,265569,-7.706409080000001,35,19.21,14192,0.7706213593482971,-0.0903281718492508,0.0005
0.023359276354312897,0.99,7554,265733,6.137628078460693,265632,-7.61650798,35,19.1,14196,1.5946526527404785,-0.08007486164569855,0.0005
0.023239685222506523,0.99,7556,265804,5.339981555938721,265703,-7.62357932,35,19.13,14200,0.33840885758399963,-1.3294241428375244,0.0005
0.023021966218948364,0.99,7558,265879,5.588391304016113,265778,-7.5345105100000005,35,19.01,14204,2.3984909057617188,0.2574215829372406,0.0005
0.023091692477464676,0.99,7560,265945,6.1900529861450195,265844,-7.433572000000001,35,18.85,14208,0.27910447120666504,0.1840004324913025,0.0005
0.023060964420437813,0.99,7562,266012,5.762029647827148,265911,-7.334331550000002,35,18.69,14212,0.33014342188835144,1.2369410991668701,0.0005
0.02272758074104786,0.99,7564,266075,5.809253692626953,265974,-7.284425720000001,35,18.61,14216,0.23532605171203613,0.35802289843559265,0.0005
0.023348214104771614,0.99,7566,266156,5.722506999969482,266055,-7.420092950000001,35,18.8,14220,0.609207034111023,0.7269556522369385,0.0005
0.02332291565835476,0.99,7568,266229,5.601426124572754,266128,-7.415615320000001,35,18.78,14224,0.23207078874111176,-0.4654695391654968,0.0005
0.02435523457825184,0.99,7570,266317,6.1686296463012695,266216,-7.456697,35,18.83,14228,0.18610116839408875,0.1736973524093628,0.0005
0.024896329268813133,0.99,7572,266385,5.43541145324707,266284,-7.41334223,35,18.77,14232,0.49269986152648926,0.8525375127792358,0.0005
0.02518685720860958,0.99,7574,266460,5.321127891540527,266359,-7.4516983,35,18.8,14236,0.9067733287811279,0.4340027868747711,0.0005
0.025219671428203583,0.99,7575,266535,6.008083343505859,266434,-7.45129843,35,18.79,14240,1.4333223104476929,0.8346549868583679,0.0005
0.024868857115507126,0.99,7577,266605,6.373413562774658,266504,-7.3163487499999995,35,18.61,14244,0.21709461510181427,0.35778552293777466,0.0005
0.024619512259960175,0.99,7579,266679,5.7093095779418945,266578,-7.26425635,35,18.53,14248,0.1154983788728714,-1.0632678270339966,0.0005
0.024911530315876007,0.99,7581,266754,5.54055118560791,266653,-7.258905690000001,35,18.5,14252,1.3633379936218262,-1.055367112159729,0.0005
0.0244987104088068,0.99,7583,266837,5.512377738952637,266736,-7.20800479,35,18.43,14256,0.415701687335968,0.09378187358379364,0.0005
0.024098653346300125,0.99,7585,266907,5.536316871643066,266806,-7.166222670000001,35,18.37,14260,0.5263888239860535,-0.9279762506484985,0.0005
0.023864001035690308,1.0,7587,266974,5.7222185134887695,266873,-6.960915400000001,35,18.36,14264,0.445748507976532,-0.2972509264945984,0.0005
0.02301504649221897,1.0,7589,267052,4.938446998596191,266951,-6.966040099999999,35,18.39,14268,0.6728898286819458,-0.21367372572422028,0.0005
0.022799350321292877,0.99,7591,267142,5.543313026428223,267041,-7.22908968,35,18.54,14272,0.42459169030189514,-0.12170515954494476,0.0005
0.022358311340212822,0.99,7594,267226,5.225898742675781,267125,-7.23082599,35,18.54,14276,0.5342459678649902,0.109323650598526,0.0005
0.022424612194299698,0.99,7595,267310,5.334884166717529,267209,-7.282685809999999,35,18.63,14280,0.6333832144737244,0.6905268430709839,0.0005
0.02329384535551071,0.99,7597,267377,5.505086421966553,267276,-7.1887807499999985,35,18.48,14284,0.5952950716018677,-0.13149493932724,0.0005
0.023280881345272064,0.99,7599,267451,5.366092681884766,267350,-7.239312970000001,35,18.56,14288,1.5913547277450562,-0.2326633334159851,0.0005
0.02301584742963314,0.99,7600,267520,5.451099872589111,267419,-7.19505862,35,18.5,14292,0.7752541303634644,-0.2886102795600891,0.0005
0.023263948038220406,0.99,7602,267593,5.347773551940918,267492,-7.280606180000001,35,18.6,14296,0.23078548908233643,0.7579907178878784,0.0005
0.02377866767346859,0.99,7605,267674,5.07578182220459,267573,-7.363309220000001,35,18.7,14300,0.16180145740509033,0.6712245345115662,0.0005
0.024644847959280014,0.99,7607,267756,6.087601661682129,267655,-7.4135672,35,18.77,14304,1.3053672313690186,-0.2950339615345001,0.0005
0.025545965880155563,0.99,7609,267831,5.045255661010742,267730,-7.467122549999999,35,18.86,14308,0.6837067604064941,0.9923256635665894,0.0005
0.025753654539585114,0.99,7610,267893,4.731793403625488,267792,-7.425430080000001,35,18.81,14312,0.7560856342315674,0.5727458596229553,0.0005
0.025661839172244072,0.99,7613,267975,5.434164047241211,267874,-7.561025419999998,35,19.0,14316,0.35802358388900757,0.5112689733505249,0.0005
0.02488776668906212,0.99,7615,268045,5.225029945373535,267944,-7.47792421,35,18.89,14320,0.46138685941696167,0.2876243591308594,0.0005
0.024731619283556938,0.99,7616,268116,5.551020622253418,268015,-7.44530712,35,18.87,14324,0.4698271155357361,-0.9727410078048706,0.0005
0.024213943630456924,0.99,7619,268200,4.954790115356445,268099,-7.407732300000001,35,18.83,14328,0.8015097379684448,-0.2435457706451416,0.0005
0.02344217151403427,0.99,7620,268283,5.462318420410156,268182,-7.505386489999999,35,18.98,14332,0.3301210105419159,0.07780313491821289,0.0005
0.023116562515497208,0.99,7623,268366,4.558022499084473,268265,-7.555372530000002,35,19.06,14336,1.2047643661499023,-0.14059233665466309,0.0005
0.023098932579159737,0.99,7625,268448,5.4026336669921875,268347,-7.601119110000001,35,19.13,14340,0.40047985315322876,-0.2825026512145996,0.0005
0.022711865603923798,0.99,7627,268529,4.701483726501465,268428,-7.68657377,35,19.24,14344,0.22729746997356415,-1.3992388248443604,0.0005
0.02285601757466793,0.99,7629,268618,5.648734092712402,268517,-7.783293100000001,35,19.39,14348,0.5447182059288025,0.6431273221969604,0.0005
0.0240456685423851,0.99,7631,268686,5.791416168212891,268585,-7.7350255599999995,35,19.32,14352,0.8704448938369751,0.47916483879089355,0.0005
0.024356843903660774,0.99,7633,268762,5.6516804695129395,268661,-7.6898085400000005,35,19.25,14356,0.2023015320301056,-0.025424793362617493,0.0005
0.024326281622052193,0.99,7635,268839,5.3764777183532715,268738,-7.740383850000001,35,19.32,14360,0.5279161334037781,0.27967673540115356,0.0005
0.02448173053562641,0.99,7637,268914,5.140544891357422,268813,-7.789966880000001,35,19.4,14364,0.20210352540016174,0.6309430003166199,0.0005
0.02493302710354328,0.99,7639,268996,5.842535495758057,268895,-7.827302219999999,35,19.44,14368,0.19734551012516022,0.7177207469940186,0.0005
0.025261839851737022,1.0,7641,269070,5.191603660583496,268969,-7.564910620000001,35,19.28,14372,0.7685802578926086,-0.14054779708385468,0.0005
0.02528800629079342,1.0,7643,269130,5.313091278076172,269029,-7.420106530000001,35,19.04,14376,0.523082971572876,0.4284168481826782,0.0005
0.025410601869225502,1.0,7645,269207,5.991910934448242,269106,-7.373424919999999,35,18.97,14380,0.4949291944503784,-0.5084590911865234,0.0005
0.025523323565721512,1.0,7647,269292,5.188299179077148,269191,-7.47796547,35,19.15,14384,0.33371710777282715,-0.047284968197345734,0.0005
0.02535826899111271,1.0,7650,269383,5.301018714904785,269282,-7.578032570000001,35,19.32,14388,1.2316176891326904,-0.8732579350471497,0.0005
0.024713536724448204,1.0,7651,269443,5.5213518142700195,269342,-7.528062590000002,35,19.23,14392,0.8008636236190796,0.0062434375286102295,0.0005
0.02502577379345894,1.0,7653,269518,5.848250389099121,269417,-7.533317870000002,35,19.25,14396,0.7809693813323975,0.5636564493179321,0.0005
0.02539166994392872,1.0,7655,269586,5.645596504211426,269485,-7.44280728,35,19.12,14400,0.902733325958252,0.6880810260772705,0.0005
0.02604539319872856,1.0,7657,269660,5.525355339050293,269559,-7.393376480000001,35,19.04,14404,0.46393635869026184,1.1418626308441162,0.0005
0.026032058522105217,1.0,7659,269734,5.3495402336120605,269633,-7.390083560000001,35,19.03,14408,0.2709110975265503,-0.07288388162851334,0.0005
0.02528373710811138,1.0,7661,269818,5.538694858551025,269717,-7.53186205,35,19.25,14412,0.3236011862754822,-0.8455622792243958,0.0005
0.025184324011206627,1.0,7663,269882,5.371601104736328,269781,-7.40066482,35,19.07,14416,0.6431522369384766,0.715888500213623,0.0005
0.024886585772037506,1.0,7665,269962,5.679903030395508,269861,-7.485099259999999,35,19.17,14420,0.5856897830963135,-0.2558857798576355,0.0005
0.02438918687403202,1.0,7683,270044,5.366780757904053,269943,-7.571759510000001,35,19.28,14424,0.24889720976352692,-1.1580554246902466,0.0005
0.023778457194566727,1.0,7685,270121,4.866663455963135,270020,-7.5233904900000015,35,19.21,14428,0.4560331106185913,0.09908583760261536,0.0005
0.02374935708940029,1.0,7687,270198,5.934232711791992,270097,-7.476129579999999,35,19.15,14432,0.9373915195465088,0.23040582239627838,0.0005
0.02395627088844776,1.0,7689,270266,5.7279462814331055,270165,-7.378253840000001,35,19.0,14436,0.27141743898391724,0.575617790222168,0.0005
0.024606091901659966,1.0,7690,270340,5.31874418258667,270239,-7.329201700000001,35,18.92,14440,0.2600753605365753,-0.500618577003479,0.0005
0.024661457166075706,1.0,7692,270407,5.561647891998291,270306,-7.240269989999999,35,18.78,14444,0.41695505380630493,1.0870389938354492,0.0005
0.025377491489052773,1.0,7693,270468,5.869350433349609,270367,-7.052830709999999,35,18.5,14448,0.7303633689880371,0.9360598921775818,0.0005
0.02564753219485283,1.0,7695,270530,5.398942470550537,270429,-7.00866346,35,18.44,14452,0.1727258265018463,-0.25839918851852417,0.0005
0.025348953902721405,1.0,7697,270612,5.1551289558410645,270511,-7.0511285400000006,35,18.5,14456,0.9187328219413757,-0.05968941003084183,0.0005
0.024906417354941368,1.0,7699,270673,5.744776725769043,270572,-6.948722560000001,35,18.34,14460,0.5164498686790466,1.8100981712341309,0.0005
0.025808630511164665,1.0,7701,270747,5.913034915924072,270646,-6.948649519999999,35,18.33,14464,0.33029764890670776,0.591107964515686,0.0005
0.026487836614251137,1.0,7703,270835,5.284633636474609,270734,-6.994497940000001,35,18.39,14468,0.4602498412132263,-0.05029216408729553,0.0005
0.02581353671848774,1.0,7706,270912,5.281476974487305,270811,-7.001763940000001,35,18.42,14472,0.25150424242019653,-0.15777242183685303,0.0005
0.025239136070013046,1.0,7708,270997,4.754864692687988,270896,-7.17846046,35,18.67,14476,0.9419221878051758,-0.6494616270065308,0.0005
0.02495424635708332,1.0,7710,271073,5.790472030639648,270972,-7.174496779999999,35,18.66,14480,0.580745279788971,0.503059446811676,0.0005
0.024639993906021118,1.0,7712,271142,5.947808265686035,271041,-7.075008349999999,35,18.5,14484,0.9107568264007568,0.6865497827529907,0.0005
0.02445092424750328,1.0,7714,271215,4.709230899810791,271114,-6.974666869999998,35,18.32,14488,0.39280086755752563,-0.7062281966209412,0.0005
0.023750366643071175,1.0,7716,271305,5.128861904144287,271204,-7.1676670300000005,35,18.62,14492,1.2871164083480835,-1.1148948669433594,0.0005
0.02292650006711483,1.0,7719,271394,5.272732734680176,271293,-7.26106615,35,18.76,14496,0.18571685254573822,-0.8679757714271545,0.0005
0.022609775885939598,1.0,7721,271476,5.474575996398926,271375,-7.359004690000001,35,18.9,14500,0.2743471562862396,-0.13721899688243866,0.0005
0.02250601537525654,1.0,7723,271537,5.306034088134766,271436,-7.267558560000001,35,18.77,14504,1.0544672012329102,0.16832107305526733,0.0005
0.022238561883568764,0.99,7725,271605,5.0300798416137695,271504,-7.4299348599999995,35,18.71,14508,0.949960470199585,-0.6235281825065613,0.0005
0.021833259612321854,0.99,7727,271681,5.910592079162598,271580,-7.382758199999999,35,18.63,14512,0.7621676921844482,0.30248695611953735,0.0005
0.02172505296766758,0.99,7729,271749,5.577734470367432,271648,-7.42269973,35,18.67,14516,0.7230650186538696,-0.36384284496307373,0.0005
0.021803198382258415,0.99,7731,271831,5.3442487716674805,271730,-7.426883720000001,35,18.69,14520,0.08254365622997284,-0.037741124629974365,0.0005
0.022152669727802277,0.99,7734,271913,4.543745994567871,271812,-7.425000570000002,35,18.69,14524,0.14469140768051147,0.49340930581092834,0.0005
0.022519895806908607,0.99,7736,271994,4.750967502593994,271893,-7.4631516,35,18.73,14528,0.6678856611251831,0.7339538335800171,0.0005
0.02339525893330574,0.99,7738,272080,6.119558334350586,271979,-7.511537410000001,35,18.82,14532,0.5191177129745483,1.1946853399276733,0.0005
0.024499906226992607,0.99,7740,272155,5.0901665687561035,272054,-7.558778500000001,35,18.89,14536,0.13611732423305511,-0.435025155544281,0.0005
0.024728979915380478,0.99,7742,272222,5.978794097900391,272121,-7.515553059999999,35,18.82,14540,0.36714616417884827,0.23908200860023499,0.0005
0.02448216639459133,0.99,7744,272289,6.221622467041016,272188,-7.512895229999999,35,18.82,14544,0.7765183448791504,-0.035365670919418335,0.0005
0.02439887635409832,0.99,7746,272358,5.899593830108643,272257,-7.562420110000001,35,18.9,14548,0.21062996983528137,0.5140422582626343,0.0005
0.02407202124595642,0.99,7747,272426,5.530086517333984,272325,-7.604115460000002,35,18.96,14552,1.3142304420471191,-0.2270434945821762,0.0005
0.024284543469548225,0.99,7749,272502,5.456180095672607,272401,-7.560494610000001,35,18.9,14556,0.853834867477417,-0.6680821180343628,0.0005
0.02397390827536583,0.99,7752,272579,5.247532844543457,272478,-7.657875010000001,35,19.06,14560,1.8866486549377441,-0.031123369932174683,0.0005
0.023532094433903694,0.99,7754,272654,4.785249710083008,272553,-7.65308327,35,19.07,14564,0.2282983809709549,-1.0325472354888916,0.0005
0.023442283272743225,0.99,7756,272737,5.1719651222229,272636,-7.613599529999999,35,19.02,14568,0.5879460573196411,-0.3740042448043823,0.0005
0.023435138165950775,0.99,7758,272819,5.395859718322754,272718,-7.65131899,35,19.07,14572,0.26626625657081604,0.01784515380859375,0.0005
0.02296415902674198,0.99,7760,272887,5.360971927642822,272786,-7.519824900000002,35,18.9,14576,0.21256251633167267,-0.06301891803741455,0.0005
0.023064861074090004,0.99,7763,272962,5.480392932891846,272861,-7.51609958,35,18.89,14580,0.8646392822265625,0.5554236173629761,0.0005
0.0234377458691597,0.99,7765,273038,4.936253547668457,272937,-7.56265604,35,18.96,14584,0.8124197721481323,0.04967495799064636,0.0005
0.02317725121974945,0.99,7767,273106,5.734816551208496,273005,-7.5199082100000005,35,18.91,14588,0.4400004744529724,0.5131626725196838,0.0005
0.023400848731398582,0.99,7769,273186,5.199254512786865,273085,-7.4613157700000015,35,18.81,14592,0.8368014097213745,0.028396785259246826,0.0005
0.02312970533967018,0.99,7771,273255,5.823999881744385,273154,-7.32170108,35,18.61,14596,0.5717287659645081,-0.2591017484664917,0.0005
0.023351570591330528,0.99,7773,273325,5.479708194732666,273224,-7.228055760000001,35,18.49,14600,0.3117844760417938,-0.5979414582252502,0.0005
0.023530686274170876,0.99,7775,273399,5.092887878417969,273298,-7.31840057,35,18.62,14604,0.056123215705156326,0.41121673583984375,0.0005
0.023036817088723183,1.0,7777,273474,6.188516616821289,273373,-7.157814759999999,35,18.69,14608,0.20516905188560486,1.0527756214141846,0.0005
0.023310696706175804,1.0,7778,273542,5.473508834838867,273441,-7.10501585,35,18.61,14612,0.1643064022064209,0.6448467969894409,0.0005
0.023304829373955727,1.0,7781,273624,5.609879493713379,273523,-7.192251140000001,35,18.75,14616,0.8162330985069275,0.12049321830272675,0.0005
0.023356720805168152,1.0,7783,273704,5.994292259216309,273603,-7.188137959999999,35,18.73,14620,0.3470533788204193,0.00899350643157959,0.0005
0.023302467539906502,1.0,7784,273768,5.404311180114746,273667,-7.053714600000001,35,18.55,14624,0.8056836128234863,0.8944066762924194,0.0005
0.023660439997911453,1.0,7786,273835,5.14848518371582,273734,-6.963189269999999,35,18.41,14628,0.5282650589942932,0.6104716062545776,0.0005
0.023625168949365616,1.0,7788,273904,6.51201057434082,273803,-6.86298832,35,18.24,14632,0.23587532341480255,0.2781592011451721,0.0005
0.023726267740130424,1.0,7790,273972,4.709107398986816,273871,-6.816332,35,18.17,14636,0.2987682819366455,-0.9084745645523071,0.0005
0.023639848455786705,1.0,7792,274040,5.805335521697998,273939,-6.81696758,35,18.18,14640,1.0046323537826538,1.0082529783248901,0.0005
0.02371494472026825,1.0,7795,274124,5.254061698913574,274023,-6.91910429,35,18.35,14644,0.34182244539260864,-0.0532403290271759,0.0005
0.023507459089159966,1.0,7797,274209,5.328493118286133,274108,-7.020827200000001,35,18.51,14648,0.15459707379341125,-0.4432467222213745,0.0005
0.022558022290468216,1.0,7799,274278,5.560046195983887,274177,-7.0252915499999995,35,18.52,14652,0.5523585081100464,-0.8197057247161865,0.0005
0.0221837367862463,1.0,7801,274345,5.353550910949707,274244,-6.972501799999999,35,18.43,14656,0.4382811188697815,0.2600344717502594,0.0005
0.022294452413916588,1.0,7802,274415,5.8993377685546875,274314,-6.927601410000001,35,18.36,14660,0.8146790266036987,0.3085651397705078,0.0005
0.022889865562319756,1.0,7804,274490,5.153558731079102,274389,-6.931708870000001,35,18.36,14664,1.4342631101608276,-0.8358837962150574,0.0005
0.02335553988814354,1.0,7806,274565,5.378751754760742,274464,-6.88028797,35,18.28,14668,0.5158649682998657,0.3546002507209778,0.0005
0.023769352585077286,0.99,7808,274642,5.366212844848633,274541,-7.00112512,35,18.23,14672,0.4933598041534424,0.022165566682815552,0.0005
0.023424634709954262,0.99,7810,274716,5.599567413330078,274615,-7.04626052,35,18.29,14676,0.19338282942771912,-0.1198253333568573,0.0005
0.02330091781914234,0.99,7812,274786,5.647123336791992,274685,-7.006009559999999,35,18.24,14680,0.40908509492874146,0.2895318269729614,0.0005
0.02274857647716999,0.99,7814,274869,4.879565238952637,274768,-7.0508513299999995,35,18.31,14684,0.18677657842636108,-0.7118345499038696,0.0005
0.02226993441581726,0.99,7816,274945,5.468725204467773,274844,-7.096812830000001,35,18.39,14688,0.9899049401283264,-0.5295902490615845,0.0005
0.022230293601751328,0.99,7818,275011,5.6843791007995605,274910,-7.004698030000001,35,18.25,14692,0.15905964374542236,0.852868914604187,0.0005
0.022905977442860603,0.99,7820,275078,5.640580177307129,274977,-7.0003787,35,18.23,14696,0.6443043947219849,-0.23344099521636963,0.0005
0.02257559262216091,0.99,7822,275161,5.166119575500488,275060,-7.09168843,35,18.36,14700,0.8248278498649597,-0.24045690894126892,0.0005
0.022826146334409714,0.99,7824,275235,5.45181941986084,275134,-7.093095590000001,35,18.36,14704,0.23275244235992432,-0.744618833065033,0.0005
0.02228117361664772,0.99,7826,275322,5.835344314575195,275221,-7.181913009999999,35,18.48,14708,0.41717392206192017,-0.1649942696094513,0.0005
0.022499125450849533,0.99,7827,275390,4.925999641418457,275289,-7.183476860000001,35,18.48,14712,0.3716108202934265,0.5559605956077576,0.0005
0.02268037758767605,0.99,7829,275463,5.983551979064941,275362,-7.136299130000002,35,18.39,14716,0.19054628908634186,0.6089186072349548,0.0005
0.022596033290028572,0.99,7831,275531,5.13233757019043,275430,-7.04757467,35,18.27,14720,0.20538762211799622,0.47679945826530457,0.0005
0.022491950541734695,0.99,7833,275606,5.780303955078125,275505,-7.134485080000002,35,18.38,14724,0.8557765483856201,-0.005211174488067627,0.0005
0.022936854511499405,0.99,7834,275674,5.597594261169434,275573,-7.13352626,35,18.39,14728,0.30974122881889343,0.04269123822450638,0.0005
0.02366279810667038,0.99,7836,275743,5.4011030197143555,275642,-7.14123453,35,18.39,14732,1.609118938446045,-1.1411423683166504,0.0005
0.023561999201774597,0.99,7838,275810,5.234705924987793,275709,-7.13902025,35,18.38,14736,0.17959140241146088,-0.938542366027832,0.0005
0.023321954533457756,0.99,7840,275886,5.762307167053223,275785,-7.18591861,35,18.46,14740,0.09169057011604309,-0.7959904670715332,0.0005
0.022763099521398544,0.99,7842,275970,5.292963027954102,275869,-7.184455000000001,35,18.46,14744,1.2883100509643555,-0.2233949601650238,0.0005
0.022336291149258614,0.99,7845,276054,5.431307792663574,275953,-7.17864468,35,18.45,14748,1.2603638172149658,-0.10991828888654709,0.0005
0.02211231365799904,0.99,7846,276123,6.337098598480225,276022,-7.1799845399999995,35,18.45,14752,0.5842599868774414,1.5656896829605103,0.0005
0.02270493656396866,0.99,7848,276197,4.766374111175537,276096,-7.22807907,35,18.52,14756,0.17443355917930603,0.8520430326461792,0.0005
0.02334977313876152,0.99,7850,276257,5.500116348266602,276156,-7.17651153,35,18.42,14760,0.2486754208803177,-0.7111883163452148,0.0005
0.022625673562288284,0.99,7852,276341,5.068537712097168,276240,-7.226012040000001,35,18.51,14764,1.3077741861343384,-0.2017585039138794,0.0005
0.02242552675306797,0.99,7854,276415,5.108797550201416,276314,-7.2210642499999995,35,18.5,14768,0.4680860638618469,-0.09208628535270691,0.0005
0.02238977514207363,1.0,7856,276475,6.357868194580078,276374,-6.9616316199999995,35,18.33,14772,0.23855352401733398,0.2861363887786865,0.0005
0.02231418713927269,1.0,7858,276541,5.095734596252441,276440,-6.912515439999998,35,18.25,14776,0.12715160846710205,0.2583763003349304,0.0005
0.022536732256412506,1.0,7860,276604,5.363868236541748,276503,-6.863145880000001,35,18.18,14780,0.23779574036598206,0.4197527766227722,0.0005
0.022869262844324112,1.0,7862,276674,5.818928241729736,276573,-6.77164889,35,18.05,14784,1.297980546951294,0.445846289396286,0.0005
0.023187657818198204,1.0,7864,276750,5.3529486656188965,276649,-6.77680886,35,18.05,14788,0.2077602744102478,0.20216137170791626,0.0005
0.02306959219276905,1.0,7865,276816,5.072800636291504,276715,-6.777558550000001,35,18.05,14792,0.4951069951057434,-0.9068648219108582,0.0005
0.0230927262455225,1.0,7867,276886,6.4599385261535645,276785,-6.784528689999999,35,18.08,14796,1.0529621839523315,0.704060435295105,0.0005
0.02282753586769104,1.0,7870,276971,5.067243576049805,276870,-6.79127418,35,18.1,14800,0.1514740139245987,-1.0129611492156982,0.0005
0.023026032373309135,1.0,7872,277046,5.156390190124512,276945,-6.79112356,35,18.11,14804,0.2808314859867096,-0.24739614129066467,0.0005
0.02327543869614601,1.0,7874,277113,5.309031009674072,277012,-6.65640749,35,17.91,14808,0.47085458040237427,0.5929083228111267,0.0005
0.023945147171616554,1.0,7876,277188,5.778730869293213,277087,-6.704727720000001,35,17.98,14812,0.28000813722610474,0.6611042022705078,0.0005
0.024520061910152435,1.0,7878,277263,5.2545061111450195,277162,-6.7092768299999985,35,18.0,14816,1.0484545230865479,0.1934218406677246,0.0005
0.024612098932266235,1.0,7880,277338,5.080416679382324,277237,-6.753202610000001,35,18.07,14820,0.7165673971176147,0.12182953953742981,0.0005
0.025019163265824318,0.99,7882,277417,5.131315231323242,277316,-6.941531649999998,35,18.11,14824,0.18394768238067627,-0.25852879881858826,0.0005
0.025275249034166336,0.99,7884,277492,6.164058208465576,277391,-6.9900911500000005,35,18.18,14828,0.9945065975189209,0.7674335241317749,0.0005
0.025521893054246902,0.99,7886,277567,6.267359733581543,277466,-7.0271185,35,18.24,14832,0.1429964005947113,0.3788377344608307,0.0005
0.025174615904688835,0.99,7888,277651,5.202182292938232,277550,-7.12670842,35,18.41,14836,0.4052931070327759,-0.4925778806209564,0.0005
0.024884723126888275,0.99,7890,277713,5.113831043243408,277612,-7.0382456200000005,35,18.27,14840,0.4368997812271118,-0.5137912034988403,0.0005
0.024641891941428185,0.99,7893,277797,5.12314510345459,277696,-7.038560139999999,35,18.27,14844,0.2727073132991791,-0.18577741086483002,0.0005
0.0243418887257576,0.99,7894,277857,4.982430458068848,277756,-6.892010209999999,35,18.03,14848,0.4026196002960205,-0.15399333834648132,0.0005
0.024078259244561195,0.99,7896,277932,5.600220680236816,277831,-6.931466129999999,35,18.09,14852,1.6255884170532227,-0.08571858704090118,0.0005
0.024339022114872932,0.99,7898,278000,5.469206809997559,277899,-6.887907359999999,35,18.03,14856,0.1933477371931076,0.5890923738479614,0.0005
0.02455311454832554,0.99,7900,278072,5.110038757324219,277971,-6.973010210000001,35,18.15,14860,0.1596362292766571,-0.7809149026870728,0.0005
0.023821918293833733,0.99,7903,278155,5.305393218994141,278054,-6.97200106,35,18.14,14864,1.0319294929504395,-0.11685404181480408,0.0005
0.02351326122879982,0.99,7904,278217,5.492934226989746,278116,-6.88714976,35,18.02,14868,0.752745509147644,0.5023393630981445,0.0005
0.024109654128551483,0.99,7906,278285,5.593347549438477,278184,-6.933842990000001,35,18.1,14872,0.8102188110351562,-0.15985073149204254,0.0005
0.024244438856840134,0.99,7908,278355,5.400721073150635,278254,-6.94400604,35,18.14,14876,0.2902798056602478,-0.1892860233783722,0.0005
0.023807819932699203,0.99,7910,278424,5.727184295654297,278323,-6.990879810000001,35,18.2,14880,0.3014260530471802,-0.43259599804878235,0.0005
0.023358866572380066,0.99,7912,278492,5.720353603363037,278391,-6.98753159,35,18.18,14884,0.24381297826766968,-0.7565436363220215,0.0005
0.023123087361454964,0.99,7914,278570,5.2553486824035645,278469,-6.9869208,35,18.2,14888,0.6290740370750427,0.34148848056793213,0.0005
0.023372206836938858,0.98,7917,278658,5.866963863372803,278557,-7.32749129,35,18.42,14892,0.3561859130859375,1.2908190488815308,0.0005
0.02403477393090725,0.98,7919,278734,5.711557388305664,278633,-7.371305629999998,35,18.48,14896,0.8567211627960205,-0.4985266625881195,0.0005
0.023940496146678925,0.98,7922,278816,5.2072296142578125,278715,-7.362092579999999,35,18.45,14900,0.1588226705789566,0.09216949343681335,0.0005
0.02385696955025196,0.98,7924,278892,5.757336616516113,278791,-7.363213849999999,35,18.46,14904,1.8210203647613525,0.4271172285079956,0.0005
0.023570388555526733,0.98,7926,278976,5.39111328125,278875,-7.46128779,35,18.63,14908,0.30018550157546997,-0.1826843023300171,0.0005
0.023868994787335396,0.98,7928,279035,5.202540874481201,278934,-7.364821569999999,35,18.47,14912,0.16143691539764404,0.8195792436599731,0.0005
0.023597849532961845,0.98,7930,279118,5.2151288986206055,279017,-7.41466506,35,18.55,14916,0.4041694402694702,-1.004093885421753,0.0005
0.02323577180504799,0.98,7932,279187,4.83229398727417,279086,-7.372681979999999,35,18.49,14920,0.3429577052593231,0.5567524433135986,0.0005
0.023396771401166916,0.99,7934,279267,4.974457740783691,279166,-7.226996809999999,35,18.5,14924,0.9428439736366272,-0.35470613837242126,0.0005
0.02322852611541748,0.99,7936,279348,5.2817063331604,279247,-7.273365139999999,35,18.56,14928,0.3675405979156494,-0.002224735915660858,0.0005
0.0233022328466177,0.99,7938,279409,6.301908016204834,279308,-7.18115637,35,18.42,14932,0.7839531302452087,0.5633190870285034,0.0005
0.02368985302746296,0.99,7940,279483,5.147292137145996,279382,-7.12693768,35,18.32,14936,0.3938457667827606,0.4618127942085266,0.0005
0.02330075576901436,0.99,7942,279565,5.32616662979126,279464,-7.260751249999998,35,18.52,14940,1.1150646209716797,-1.2300721406936646,0.0005
0.02306901477277279,0.99,7944,279644,5.50230073928833,279543,-7.21819726,35,18.47,14944,0.29211193323135376,-0.8477910757064819,0.0005
0.02340785786509514,0.99,7947,279728,6.015898704528809,279627,-7.3615479,35,18.71,14948,1.1658004522323608,0.5599779486656189,0.0005
0.024942904710769653,0.99,7949,279804,5.229126930236816,279703,-7.368461519999999,35,18.72,14952,0.550571858882904,0.37151554226875305,0.0005
0.024650264531373978,0.99,7951,279874,5.524161338806152,279773,-7.372255110000001,35,18.74,14956,1.2209166288375854,-0.15254390239715576,0.0005
0.02473636157810688,0.99,7953,279949,5.539714813232422,279848,-7.379484049999999,35,18.77,14960,0.09957995265722275,0.4283519983291626,0.0005
0.024696089327335358,0.99,7971,280019,4.769906997680664,279918,-7.2874845,35,18.64,14964,0.6268600225448608,0.021992415189743042,0.0005
0.02420218288898468,0.99,7973,280088,4.989373207092285,279987,-7.336713800000001,35,18.71,14968,1.5264651775360107,-0.3200192451477051,0.0005
0.023653334006667137,0.99,7974,280162,5.048357009887695,280061,-7.380108270000001,35,18.77,14972,0.5755153298377991,0.3336460292339325,0.0005
0.023505285382270813,0.99,7976,280224,4.857712745666504,280123,-7.329465039999999,35,18.69,14976,0.19811758399009705,-0.8454152345657349,0.0005
0.022855140268802643,0.99,7978,280301,5.030448913574219,280200,-7.37947452,35,18.77,14980,0.21396133303642273,-1.1500132083892822,0.0005
0.022258426994085312,0.99,7979,280378,5.435951232910156,280277,-7.428369269999998,35,18.86,14984,1.3477931022644043,-0.8893372416496277,0.0005
0.02257055602967739,0.99,7981,280461,5.581639766693115,280360,-7.475709790000001,35,18.91,14988,1.9696483612060547,0.9714792370796204,0.0005
0.022926798090338707,1.0,7983,280536,6.390813827514648,280435,-7.187777040000001,35,18.78,14992,0.35083597898483276,0.7365071773529053,0.0005
0.023897182196378708,1.0,7986,280618,5.616405010223389,280517,-7.233495089999999,35,18.84,14996,0.2353350967168808,0.6094178557395935,0.0005
0.023739337921142578,1.0,7987,280689,5.105378150939941,280588,-7.148796719999999,35,18.73,15000,1.2001283168792725,-0.8485943675041199,0.0005
0.0228868555277586,1.0,7990,280771,5.237156867980957,280670,-7.1923780399999995,35,18.79,15004,0.2438148409128189,0.5322782397270203,0.0005
0.022548696026206017,1.0,7992,280862,5.783786773681641,280761,-7.23922377,35,18.86,15008,0.5938975214958191,-0.5595802068710327,0.0005
0.02245798334479332,1.0,7994,280936,5.674614906311035,280835,-7.330134700000001,35,19.01,15012,0.8727484941482544,-0.15321382880210876,0.0005
0.022516582161188126,1.0,7996,281018,5.252335071563721,280917,-7.328175500000001,35,19.0,15016,0.18595412373542786,-0.6695743799209595,0.0005
0.022599637508392334,1.0,7998,281092,5.172394752502441,280991,-7.369205170000002,35,19.05,15020,0.21530786156654358,0.15715813636779785,0.0005
0.022676555439829826,1.0,8000,281176,5.526117324829102,281075,-7.37896165,35,19.09,15024,0.4019937515258789,1.294638752937317,0.0005
0.022996319457888603,1.0,8002,281245,5.541059494018555,281144,-7.290184430000002,35,18.97,15028,0.3361411690711975,-0.3188272714614868,0.0005
0.02306593395769596,1.0,8004,281321,4.814994812011719,281220,-7.390520849999999,35,19.12,15032,0.24732251465320587,-0.7459098696708679,0.0005
0.023279128596186638,1.0,8006,281397,5.242582321166992,281296,-7.395241199999999,35,19.14,15036,0.2779325842857361,0.03566507622599602,0.0005
0.02294200100004673,0.99,8008,281482,5.316373348236084,281381,-7.5753913000000015,35,19.17,15040,0.13323219120502472,-0.4996039569377899,0.0005
0.02254120446741581,0.99,8010,281551,4.880111217498779,281450,-7.5212276000000005,35,19.07,15044,0.2923088073730469,-0.381530225276947,0.0005
0.021872075274586678,0.99,8012,281633,4.976678371429443,281532,-7.51795245,35,19.05,15048,0.5202983617782593,-0.3990480303764343,0.0005
0.02174079418182373,0.99,8014,281703,5.618408203125,281602,-7.4691151200000006,35,18.99,15052,0.11497439444065094,-0.1401577591896057,0.0005
0.022320209071040154,0.99,8016,281777,6.237336158752441,281676,-7.508245730000001,35,19.03,15056,0.7927430868148804,0.34052062034606934,0.0005
0.022699398919939995,0.99,8018,281852,5.203998565673828,281751,-7.5075788999999995,35,19.03,15060,0.4023893177509308,-0.4001520872116089,0.0005
0.022469893097877502,0.99,8020,281929,5.762346267700195,281828,-7.55339643,35,19.1,15064,0.3913753032684326,0.03976011276245117,0.0005
0.022340914234519005,0.99,8022,281997,5.413989067077637,281896,-7.54602394,35,19.09,15068,0.5194381475448608,-0.2658599615097046,0.0005
0.0225872490555048,0.99,8024,282079,4.856475353240967,281978,-7.593799069999999,35,19.17,15072,0.9522948861122131,0.7029029726982117,0.0005
0.02258080244064331,0.99,8026,282167,5.740547180175781,282066,-7.77653128,35,19.43,15076,1.1271240711212158,-0.06691765040159225,0.0005
0.02308669686317444,0.99,8028,282242,4.966162204742432,282141,-7.771644109999999,35,19.41,15080,1.6344964504241943,-0.11530571430921555,0.0005
0.02350103296339512,0.99,8030,282325,6.119959831237793,282224,-7.824438019999999,35,19.47,15084,0.5135335922241211,0.4014630913734436,0.0005
0.023926520720124245,0.99,8032,282394,5.089380264282227,282293,-7.727619540000001,35,19.33,15088,0.19590625166893005,0.028835445642471313,0.0005
0.02416539564728737,0.99,8033,282470,5.180078506469727,282369,-7.728642950000001,35,19.34,15092,0.3219188451766968,0.4387417137622833,0.0005
0.02422228269279003,0.99,8035,282549,5.029979228973389,282448,-7.71955554,35,19.31,15096,0.40246015787124634,0.20370426774024963,0.0005
0.02358400821685791,0.99,8038,282630,5.891144275665283,282529,-7.800365429999999,35,19.41,15100,2.7245750427246094,0.04494193196296692,0.0005
0.023732071742415428,0.99,8040,282707,6.139244556427002,282606,-7.760447879999999,35,19.36,15104,0.19624415040016174,0.14777731895446777,0.0005
0.02394002117216587,0.99,8041,282774,5.243631839752197,282673,-7.61409643,35,19.12,15108,0.46183672547340393,0.3234878182411194,0.0005
0.024018235504627228,0.99,8044,282864,5.571086406707764,282763,-7.712419930000001,35,19.28,15112,0.18049967288970947,1.0960311889648438,0.0005
0.02419425919651985,0.99,8046,282939,5.203271865844727,282838,-7.66689772,35,19.21,15116,0.647506058216095,-0.22706148028373718,0.0005
0.0238582044839859,0.99,8048,283012,5.045965194702148,282911,-7.663147650000001,35,19.2,15120,1.037320613861084,-0.036125026643276215,0.0005
0.02330164983868599,0.99,8050,283088,5.386671543121338,282987,-7.617810090000001,35,19.12,15124,0.4363196790218353,-0.710826575756073,0.0005
0.022711222991347313,0.99,8051,283154,5.267229080200195,283053,-7.61211892,35,19.09,15128,0.4482946991920471,-0.646503210067749,0.0005
0.022395258769392967,0.99,8053,283230,5.081282615661621,283129,-7.6102402499999995,35,19.09,15132,0.6378465294837952,0.07473510503768921,0.0005
0.022679297253489494,0.99,8055,283310,5.423404693603516,283209,-7.65189777,35,19.13,15136,0.5076661705970764,0.014435991644859314,0.0005
0.023332692682743073,1.0,8057,283380,4.723150730133057,283279,-7.382468000000001,35,18.98,15140,1.4879498481750488,-0.678814172744751,0.0005
0.023358626291155815,1.0,8059,283453,5.375837326049805,283352,-7.420137290000001,35,19.02,15144,0.9239387512207031,-0.08672501146793365,0.0005
0.0235305055975914,1.0,8061,283533,5.670477390289307,283432,-7.41713445,35,19.0,15148,0.18873392045497894,-0.7350482940673828,0.0005
0.024329930543899536,1.0,8063,283614,5.251924514770508,283513,-7.50426278,35,19.11,15152,0.12323850393295288,0.27702975273132324,0.0005
0.025159476324915886,1.0,8065,283696,5.327140808105469,283595,-7.554771749999999,35,19.19,15156,1.1497058868408203,-0.03820318728685379,0.0005
0.02542043663561344,1.0,8067,283772,5.152096748352051,283671,-7.55753662,35,19.2,15160,0.13368317484855652,0.8544833064079285,0.0005
0.025397688150405884,1.0,8068,283833,5.882824897766113,283732,-7.45877145,35,19.04,15164,0.8684167861938477,0.4568477272987366,0.0005
0.025418376550078392,1.0,8070,283902,5.1471638679504395,283801,-7.459287880000001,35,19.05,15168,0.2656340003013611,-1.2106406688690186,0.0005
0.02479397878050804,1.0,8072,283969,5.540862560272217,283868,-7.364539280000002,35,18.9,15172,0.5074467062950134,-0.6145310401916504,0.0005
0.02485574036836624,0.99,8074,284046,5.568146705627441,283945,-7.448203250000001,35,18.79,15176,0.6979933977127075,-0.844745397567749,0.0005
0.025142448022961617,0.98,8076,284125,5.066673755645752,284024,-7.63478102,35,18.83,15180,1.4151393175125122,-1.233017921447754,0.0005
0.023919053375720978,0.97,8078,284211,5.233736991882324,284110,-7.814940959999999,35,18.86,15184,0.39530521631240845,0.20837658643722534,0.0005
0.023322949185967445,0.97,8080,284280,5.4853363037109375,284179,-7.814200439999999,35,18.86,15188,0.7984918355941772,0.4627881944179535,0.0005
0.023205915465950966,0.97,8081,284355,5.749927997589111,284254,-7.809948279999999,35,18.85,15192,0.20017144083976746,0.44099313020706177,0.0005
0.022792745381593704,0.96,8083,284428,6.0876359939575195,284327,-7.971352289999999,35,18.79,15196,1.2222012281417847,-0.2533701956272125,0.0005
0.02343600243330002,0.96,8085,284495,5.580427169799805,284394,-7.87663996,35,18.65,15200,0.29993048310279846,-0.0010770857334136963,0.0005
0.02366742305457592,0.96,8087,284562,5.303984642028809,284461,-7.821085249999999,35,18.55,15204,1.0938071012496948,-0.7766399383544922,0.0005
0.02313472516834736,0.96,8088,284630,4.764812469482422,284529,-7.823435240000001,35,18.56,15208,0.18995782732963562,-0.4086628556251526,0.0005
0.0232487004250288,0.96,8091,284713,5.178622245788574,284612,-7.77865725,35,18.49,15212,1.2456365823745728,0.22498324513435364,0.0005
0.02314203418791294,0.95,8093,284799,5.882138252258301,284698,-8.00474191,35,18.6,15216,0.6224219799041748,0.06899739801883698,0.0005
0.023142363876104355,0.95,8095,284868,6.179559707641602,284767,-7.969163699999999,35,18.56,15220,0.6659759283065796,0.6574993133544922,0.0005
0.024139992892742157,0.95,8096,284942,5.383514881134033,284841,-7.96145358,35,18.54,15224,0.3618021011352539,-0.09634558856487274,0.0005
0.023942697793245316,0.95,8098,285011,5.350757598876953,284910,-7.96657854,35,18.57,15228,0.22169268131256104,-0.3360961675643921,0.0005
0.02364158257842064,0.95,8100,285087,5.058037757873535,284986,-7.968404189999998,35,18.57,15232,0.9382575750350952,-0.1818372756242752,0.0005
0.02362026460468769,0.95,8102,285151,5.515069961547852,285050,-7.83646635,35,18.41,15236,1.003987193107605,-0.010921880602836609,0.0005
0.024274926632642746,0.95,8104,285232,4.939291000366211,285131,-7.926471810000001,35,18.52,15240,0.2870529294013977,-0.6975183486938477,0.0005
0.023669488728046417,0.95,8106,285312,5.045609474182129,285211,-7.978114659999999,35,18.59,15244,0.9497203826904297,-0.8157694339752197,0.0005
0.023351069539785385,0.95,8108,285386,5.054697036743164,285285,-7.93295761,35,18.53,15248,0.5098341703414917,-0.07616086304187775,0.0005
0.023310447111725807,0.95,8110,285455,5.714224815368652,285354,-7.84621641,35,18.41,15252,0.6419427394866943,0.18146976828575134,0.0005
0.023475119844079018,0.95,8111,285523,5.684856414794922,285422,-7.752157070000002,35,18.27,15256,0.25260913372039795,-0.22040630877017975,0.0005
0.02304699271917343,0.95,8113,285598,5.767065048217773,285497,-7.750406640000001,35,18.26,15260,0.2130753993988037,-0.3274109959602356,0.0005
0.02257908135652542,0.95,8115,285683,5.30691385269165,285582,-7.9011080200000015,35,18.5,15264,1.3967664241790771,-0.2201092541217804,0.0005
0.02240259014070034,0.95,8117,285758,4.999360084533691,285657,-7.945128759999999,35,18.56,15268,0.6807569265365601,0.8603020310401917,0.0005
0.022765742614865303,0.95,8119,285825,5.548284530639648,285724,-7.94516954,35,18.56,15272,0.5448294281959534,-0.06055396795272827,0.0005
0.022955849766731262,0.96,8121,285900,5.25644588470459,285799,-7.77159775,35,18.54,15276,0.27386200428009033,0.6002087593078613,0.0005
0.023455601185560226,0.97,8123,285982,5.428240776062012,285881,-7.6333696600000005,35,18.57,15280,0.5068919658660889,0.44924473762512207,0.0005
0.023191336542367935,0.98,8125,286063,5.801253318786621,285962,-7.4449574,35,18.52,15284,0.3813514709472656,-0.09833112359046936,0.0005
0.023240797221660614,0.98,8127,286140,4.675514221191406,286039,-7.4941420600000015,35,18.6,15288,0.5087516903877258,-0.573217511177063,0.0005
0.022886067628860474,0.98,8129,286209,5.092872619628906,286108,-7.448061010000001,35,18.54,15292,0.8128695487976074,0.0701507031917572,0.0005
0.02321184054017067,0.99,8131,286292,6.342146873474121,286191,-7.2982694100000005,35,18.64,15296,0.3377886116504669,1.2266807556152344,0.0005
0.023538915440440178,0.99,8133,286352,5.206977844238281,286251,-7.25781773,35,18.57,15300,0.34526801109313965,0.2214924842119217,0.0005
0.023933304473757744,0.99,8135,286426,5.787773132324219,286325,-7.308181690000001,35,18.64,15304,1.401009440422058,0.4200625419616699,0.0005
0.023871198296546936,0.99,8137,286509,6.059032917022705,286408,-7.402112020000001,35,18.79,15308,1.0386593341827393,-0.12118758261203766,0.0005
0.02345769852399826,0.99,8139,286577,4.847150802612305,286476,-7.30655942,35,18.64,15312,0.9322089552879333,0.28587889671325684,0.0005
0.023537615314126015,1.0,8141,286653,5.687909126281738,286552,-7.083127689999999,35,18.54,15316,1.0746396780014038,0.1788085401058197,0.0005
0.023387737572193146,1.0,8144,286736,4.9344000816345215,286635,-7.17231038,35,18.68,15320,0.1552734524011612,-0.013583160936832428,0.0005
0.02302253060042858,0.99,8146,286818,5.316314697265625,286717,-7.3913730399999995,35,18.76,15324,0.6272529363632202,-0.20316225290298462,0.0005
0.02355511300265789,0.99,8148,286894,4.8922343254089355,286793,-7.434980610000001,35,18.83,15328,1.3186070919036865,0.17806649208068848,0.0005
0.02363739162683487,0.99,8150,286969,4.5032854080200195,286868,-7.4286574000000005,35,18.82,15332,0.34089410305023193,-0.23844170570373535,0.0005
0.023028146475553513,0.99,8153,287051,5.530774116516113,286950,-7.564967960000001,35,19.0,15336,0.7665007710456848,-0.5010123252868652,0.0005
0.0228497963398695,0.99,8155,287125,5.592198848724365,287024,-7.5133538600000005,35,18.93,15340,0.054841943085193634,-0.3496374189853668,0.0005
0.02258038893342018,0.99,8157,287201,4.948579788208008,287100,-7.471219460000002,35,18.89,15344,0.5782991647720337,-0.397990882396698,0.0005
0.022703826427459717,0.99,8160,287280,5.796645164489746,287179,-7.509729030000001,35,18.94,15348,1.3980611562728882,0.6043808460235596,0.0005
0.023160943761467934,0.99,8161,287352,5.717419147491455,287251,-7.546930789999999,35,18.97,15352,0.47863712906837463,0.47825777530670166,0.0005
0.02342621609568596,0.99,8163,287426,5.45941686630249,287325,-7.591448899999998,35,19.03,15356,0.14746880531311035,-0.12333041429519653,0.0005
0.023326463997364044,0.99,8166,287501,5.083583831787109,287400,-7.59222512,35,19.03,15360,2.1006479263305664,0.8591361045837402,0.0005
0.023380650207400322,0.99,8168,287576,5.1357741355896,287475,-7.53700285,35,18.93,15364,0.1739920675754547,0.5517667531967163,0.0005
0.02279416099190712,0.99,8170,287652,5.237576007843018,287551,-7.5433863799999985,35,18.94,15368,0.18491648137569427,-0.602766752243042,0.0005
0.023017218336462975,0.99,8172,287722,5.277615547180176,287621,-7.551158089999999,35,18.97,15372,0.7988743782043457,0.30114927887916565,0.0005
0.023211758583784103,0.99,8174,287806,5.205760955810547,287705,-7.601377619999999,35,19.06,15376,0.8614286184310913,0.6739152669906616,0.0005
0.023389626294374466,0.99,8176,287873,5.321340560913086,287772,-7.504941269999998,35,18.91,15380,0.2563263773918152,1.0219006538391113,0.0005
0.024148087948560715,0.99,8178,287941,5.25368595123291,287840,-7.4106932599999995,35,18.78,15384,0.27059727907180786,-0.010543793439865112,0.0005
0.024193884804844856,0.99,8180,288015,5.427833557128906,287914,-7.404292470000001,35,18.75,15388,0.19083189964294434,1.0720158815383911,0.0005
0.024147292599081993,0.99,8182,288097,5.114859580993652,287996,-7.495963619999999,35,18.88,15392,0.4569522440433502,0.01166340708732605,0.0005
0.023610344156622887,0.99,8185,288179,5.145312309265137,288078,-7.49031336,35,18.87,15396,0.34547191858291626,0.5192467570304871,0.0005
0.023435678333044052,0.99,8187,288253,5.58061408996582,288152,-7.58145202,35,19.01,15400,0.2891589403152466,0.22636321187019348,0.0005
0.02362755313515663,0.99,8189,288319,5.40395450592041,288218,-7.530834799999999,35,18.93,15404,1.651695728302002,-0.10102860629558563,0.0005
0.023083506152033806,0.99,8191,288402,5.452012062072754,288301,-7.53447138,35,18.93,15408,0.27702516317367554,-0.026364766061306,0.0005
0.02269432321190834,0.99,8194,288493,5.047019958496094,288392,-7.679692480000001,35,19.16,15412,0.7711620926856995,-0.0912829041481018,0.0005
0.02279294654726982,0.99,8196,288566,6.377307415008545,288465,-7.6736565500000005,35,19.13,15416,0.7240952253341675,0.18710950016975403,0.0005
0.022991687059402466,0.99,8198,288648,5.36705207824707,288547,-7.673928960000001,35,19.12,15420,0.7810490131378174,0.13167688250541687,0.0005
0.023291034623980522,1.0,8200,288733,4.851200103759766,288632,-7.5081771,35,19.15,15424,0.23964612185955048,0.3896360397338867,0.0005
0.023369744420051575,1.0,8203,288815,5.725355625152588,288714,-7.559434210000001,35,19.21,15428,1.2223358154296875,0.5292997360229492,0.0005
0.0231332890689373,1.0,8205,288891,5.831389904022217,288790,-7.562472180000001,35,19.22,15432,0.10840409994125366,-0.9294397234916687,0.0005
0.023082038387656212,1.0,8207,288966,5.133221626281738,288865,-7.512737510000001,35,19.15,15436,0.387198805809021,-0.2235574722290039,0.0005
0.022886522114276886,1.0,8209,289046,5.398637294769287,288945,-7.558417350000001,35,19.21,15440,0.42455440759658813,-0.3468210697174072,0.0005
0.02246861532330513,1.0,8211,289128,5.7373247146606445,289027,-7.60599885,35,19.27,15444,0.9712046384811401,-0.421485036611557,0.0005
0.022372176870703697,1.0,8213,289197,5.734823226928711,289096,-7.52701049,35,19.17,15448,0.35492146015167236,-0.5254791378974915,0.0005
0.022531451657414436,1.0,8215,289266,4.995652198791504,289165,-7.48863739,35,19.14,15452,0.381128191947937,1.3253717422485352,0.0005
0.02266317419707775,1.0,8217,289342,5.4320220947265625,289241,-7.49317438,35,19.16,15456,0.8315390348434448,0.3543544113636017,0.0005
0.02275976724922657,1.0,8219,289404,6.194429397583008,289303,-7.402943210000001,35,19.03,15460,0.7137537002563477,0.5735636949539185,0.0005
0.022905321791768074,1.0,8221,289477,5.551281929016113,289376,-7.3991228599999985,35,19.01,15464,1.189516305923462,-0.2764725983142853,0.0005
0.02331465855240822,1.0,8223,289558,4.829958915710449,289457,-7.441563779999998,35,19.06,15468,0.555982232093811,0.3326037526130676,0.0005
0.023035943508148193,1.0,8225,289632,5.077390670776367,289531,-7.480673559999999,35,19.1,15472,1.6851494312286377,1.1338841915130615,0.0005
0.023453017696738243,1.0,8227,289718,5.293595314025879,289617,-7.512337429999998,35,19.12,15476,0.19511942565441132,-0.698921799659729,0.0005
0.02338283136487007,1.0,8229,289795,5.803255081176758,289694,-7.561924899999999,35,19.22,15480,0.31565865874290466,0.5644694566726685,0.0005
0.02322518266737461,1.0,8232,289882,5.384504795074463,289781,-7.698370980000002,35,19.41,15484,0.18377861380577087,-0.5131783485412598,0.0005
0.02289753034710884,1.0,8234,289951,4.864622116088867,289850,-7.656163429999999,35,19.36,15488,1.3837084770202637,-0.294333279132843,0.0005
0.022355834022164345,1.0,8252,290026,5.404654502868652,289925,-7.610428379999999,35,19.29,15492,0.4877408742904663,0.5542304515838623,0.0005
0.022900691255927086,1.0,8254,290099,5.389028072357178,289998,-7.55983857,35,19.2,15496,0.147996723651886,0.5936930179595947,0.0005
0.02294030413031578,1.0,8256,290189,4.650144577026367,290088,-7.6553219499999985,35,19.36,15500,0.37130534648895264,0.04343444108963013,0.0005
0.023016583174467087,1.0,8258,290272,5.702436923980713,290171,-7.75378993,35,19.53,15504,0.5583908557891846,0.7144325971603394,0.0005
0.023137129843235016,0.99,8260,290356,5.193140506744385,290255,-7.9256304,35,19.54,15508,0.4762555956840515,-0.21835091710090637,0.0005
0.023078294470906258,0.99,8262,290431,5.5372819900512695,290330,-7.828633979999999,35,19.38,15512,0.8591853380203247,-0.36851364374160767,0.0005
0.023386269807815552,0.99,8265,290511,5.392657279968262,290410,-7.870380699999999,35,19.45,15516,0.5173190832138062,0.4493110477924347,0.0005
0.023340865969657898,0.99,8267,290584,4.855846405029297,290483,-7.8211901899999985,35,19.36,15520,0.18770188093185425,-0.4573478698730469,0.0005
0.02221657894551754,0.99,8269,290666,5.424881935119629,290565,-7.815084519999999,35,19.33,15524,0.3127100467681885,-0.22540786862373352,0.0005
0.02283594012260437,0.99,8271,290747,6.074438571929932,290646,-7.8084784,35,19.32,15528,0.5271831750869751,0.9697721600532532,0.0005
0.023082362487912178,0.99,8273,290815,5.720398902893066,290714,-7.75835015,35,19.24,15532,0.9104455709457397,0.12364616245031357,0.0005
0.023443911224603653,0.99,8275,290882,4.9589433670043945,290781,-7.7110924999999995,35,19.16,15536,0.11163298785686493,0.27615970373153687,0.0005
0.022661179304122925,0.99,8277,290958,4.5227766036987305,290857,-7.67271977,35,19.12,15540,0.15147076547145844,0.23960746824741364,0.0005
0.022305946797132492,0.99,8279,291026,5.246519088745117,290925,-7.57731642,35,18.98,15544,0.11149515956640244,0.07709096372127533,0.0005
0.022367414087057114,0.99,8281,291105,5.126589298248291,291004,-7.66162431,35,19.08,15548,0.44020286202430725,-0.5822368860244751,0.0005
0.022095726802945137,0.99,8283,291180,5.239712238311768,291079,-7.708273919999999,35,19.14,15552,0.6810358166694641,0.43446263670921326,0.0005
0.022684922441840172,0.99,8285,291255,5.5097856521606445,291154,-7.70452875,35,19.13,15556,0.7830462455749512,0.10801582038402557,0.0005
0.022884316742420197,0.99,8287,291330,5.540284156799316,291229,-7.793551560000001,35,19.26,15560,0.42618536949157715,0.09534037113189697,0.0005
0.02342795766890049,0.99,8290,291417,5.34880256652832,291316,-7.886831440000001,35,19.4,15564,0.7207216620445251,0.07588258385658264,0.0005
0.023171426728367805,0.99,8292,291485,4.994186878204346,291384,-7.79409887,35,19.27,15568,0.3882182538509369,-0.10527904331684113,0.0005
0.022610165178775787,0.99,8294,291546,4.704398155212402,291445,-7.70383368,35,19.14,15572,0.47266530990600586,-0.5995315313339233,0.0005
0.022493558004498482,0.99,8295,291620,4.941234588623047,291519,-7.619454690000001,35,19.02,15576,2.2393953800201416,-0.39152437448501587,0.0005
0.022397853434085846,0.99,8297,291688,6.154874324798584,291587,-7.570349960000002,35,18.93,15580,0.6933183670043945,0.7625821828842163,0.0005
0.023129208013415337,0.99,8299,291755,4.90330171585083,291654,-7.430780449999999,35,18.73,15584,0.6342487931251526,0.15084822475910187,0.0005
0.023210890591144562,0.98,8301,291839,5.476863861083984,291738,-7.7049148,35,18.88,15588,0.5459622740745544,-0.3696998059749603,0.0005
0.02276507578790188,0.98,8303,291919,5.340078353881836,291818,-7.7458136,35,18.93,15592,0.8146718740463257,0.08448994159698486,0.0005
0.022773202508687973,0.98,8306,291995,6.018538475036621,291894,-7.755715140000001,35,18.96,15596,0.5481153726577759,1.0569171905517578,0.0005
0.023224717006087303,0.98,8308,292076,5.142167091369629,291975,-7.705452429999999,35,18.87,15600,0.4159565567970276,0.09377225488424301,0.0005
0.023158293217420578,0.98,8310,292143,6.183124542236328,292042,-7.6069968999999995,35,18.71,15604,0.3218476474285126,1.0115845203399658,0.0005
0.022924384102225304,0.99,8312,292225,5.135515213012695,292124,-7.43056745,35,18.69,15608,0.17903120815753937,-0.3298848569393158,0.0005
0.02245103381574154,0.99,8314,292303,5.100245475769043,292202,-7.435541099999999,35,18.72,15612,1.6518690586090088,-0.1725015640258789,0.0005
0.022439025342464447,0.98,8316,292382,5.5558881759643555,292281,-7.6311433,35,18.71,15616,0.49336153268814087,0.09063935279846191,0.0005
0.02220022864639759,0.97,8318,292450,4.830738067626953,292349,-7.788246960000001,35,18.66,15620,0.22702781856060028,0.4560205340385437,0.0005
0.02223961055278778,0.97,8320,292526,5.235491752624512,292425,-7.7418900100000005,35,18.6,15624,1.276543140411377,0.6156191229820251,0.0005
0.02236298844218254,0.97,8322,292599,5.47465181350708,292498,-7.692426919999999,35,18.52,15628,0.35485294461250305,0.5865442156791687,0.0005
0.022663485258817673,0.97,8324,292675,5.419025421142578,292574,-7.739774130000001,35,18.6,15632,0.05516938492655754,-0.9069840908050537,0.0005
0.022702986374497414,0.97,8327,292755,5.277149677276611,292654,-7.829566539999999,35,18.73,15636,0.2626105546951294,0.258419930934906,0.0005
0.023086626082658768,0.97,8329,292834,5.265564918518066,292733,-7.836240210000001,35,18.76,15640,0.6334675550460815,0.3237457275390625,0.0005
0.02348686009645462,0.97,8331,292909,5.1254353523254395,292808,-7.88064778,35,18.83,15644,1.029341220855713,-0.7292160987854004,0.0005
0.02320593036711216,0.97,8332,292977,5.142667770385742,292876,-7.794318780000001,35,18.72,15648,0.1547563225030899,-1.0325517654418945,0.0005
0.022730616852641106,0.97,8334,293052,5.273870468139648,292951,-7.791503639999999,35,18.72,15652,1.193215012550354,0.3426743447780609,0.0005
0.02337399497628212,0.97,8337,293141,5.385098934173584,293040,-7.887840239999999,35,18.86,15656,0.2561669945716858,0.13778327405452728,0.0005
0.024096503853797913,0.97,8339,293217,4.958475112915039,293116,-7.8941333700000005,35,18.87,15660,0.178373783826828,0.1522350162267685,0.0005
0.023777039721608162,0.97,8341,293291,5.408774375915527,293190,-7.801558440000001,35,18.74,15664,0.8719500303268433,-0.21618133783340454,0.0005
0.02312939614057541,0.97,8343,293372,5.561437606811523,293271,-7.8909875099999995,35,18.87,15668,0.20961327850818634,-0.10620629787445068,0.0005
0.02291821874678135,0.97,8345,293440,6.238872528076172,293339,-7.93575998,35,18.94,15672,0.494993656873703,0.24493807554244995,0.0005
0.02279905043542385,0.97,8347,293517,4.893976211547852,293416,-7.943854620000001,35,18.97,15676,0.5265532732009888,-0.0033995509147644043,0.0005
0.022852269932627678,0.97,8348,293578,5.651982307434082,293477,-7.896809829999999,35,18.9,15680,0.8999341130256653,0.3202112317085266,0.0005
0.022776639088988304,0.97,8350,293652,5.343270301818848,293551,-7.9447382200000005,35,18.97,15684,0.2941361367702484,0.3212221562862396,0.0005
0.0236398633569479,0.98,8352,293719,5.312021255493164,293618,-7.66750277,35,18.8,15688,0.7632251977920532,0.6095588207244873,0.0005
0.023419922217726707,0.98,8354,293793,5.21196174621582,293692,-7.626502370000001,35,18.74,15692,0.11770348250865936,-0.38457366824150085,0.0005
0.02311142534017563,0.98,8356,293873,5.441221237182617,293772,-7.666009860000002,35,18.78,15696,0.9907973408699036,0.3011803925037384,0.0005
0.023000795394182205,0.98,8358,293942,5.359103202819824,293841,-7.57882298,35,18.66,15700,0.9724472761154175,-0.5792491436004639,0.0005
0.02257372997701168,0.98,8360,294016,5.2376708984375,293915,-7.63146476,35,18.73,15704,0.19966354966163635,-0.45083367824554443,0.0005
0.022232448682188988,0.98,8362,294100,5.2237725257873535,293999,-7.6351467999999985,35,18.75,15708,1.0990519523620605,-0.2044609934091568,0.0005
0.02193833515048027,0.98,8364,294174,5.124842643737793,294073,-7.625672739999999,35,18.71,15712,0.5634609460830688,-0.28234627842903137,0.0005
0.021900027990341187,0.99,8366,294251,5.255304336547852,294150,-7.39439453,35,18.69,15716,0.44570815563201904,-0.3759675920009613,0.0005
0.022505082190036774,1.0,8368,294334,4.745484352111816,294233,-7.288955099999999,35,18.84,15720,0.12626954913139343,-0.21873275935649872,0.0005
0.02285042591392994,1.0,8370,294402,5.167015075683594,294301,-7.242400819999999,35,18.76,15724,0.182107076048851,-0.4543485641479492,0.0005
0.02274993248283863,1.0,8371,294469,5.5952558517456055,294368,-7.19679094,35,18.7,15728,0.3258981704711914,-0.27381038665771484,0.0005
0.023093579337000847,1.0,8373,294530,4.8298540115356445,294429,-7.10543266,35,18.55,15732,0.12291595339775085,0.21402761340141296,0.0005
0.023410988971590996,1.0,8375,294610,5.286982536315918,294509,-7.106921089999999,35,18.55,15736,0.18506154417991638,0.25179407000541687,0.0005
0.023528946563601494,1.0,8377,294685,5.357063293457031,294584,-7.096414490000001,35,18.51,15740,0.46565335988998413,0.7844141125679016,0.0005
0.023763354867696762,1.0,8379,294752,6.028874397277832,294651,-7.04774856,35,18.43,15744,0.3827771544456482,-0.1380605399608612,0.0005
0.02398088201880455,1.0,8381,294820,5.155981063842773,294719,-7.04661319,35,18.43,15748,0.17238953709602356,0.1547948122024536,0.0005
0.023811548948287964,1.0,8382,294888,5.133854866027832,294787,-6.9975830199999995,35,18.36,15752,0.3652966022491455,-0.7192503213882446,0.0005
0.023357484489679337,1.0,8384,294957,4.79437255859375,294856,-6.858048790000001,35,18.16,15756,0.28280752897262573,-0.9170960783958435,0.0005
0.02285958267748356,1.0,8386,295031,5.490700721740723,294930,-6.84902246,35,18.14,15760,0.5416309833526611,-0.2421255111694336,0.0005
0.022777508944272995,1.0,8388,295116,4.591822624206543,295015,-6.93118167,35,18.25,15764,0.4316025972366333,0.01731225848197937,0.0005
0.022915322333574295,1.0,8390,295182,5.147589206695557,295081,-6.835559030000001,35,18.1,15768,2.4798285961151123,-0.07373657822608948,0.0005
0.023215919733047485,1.0,8392,295261,5.40573787689209,295160,-6.926315850000001,35,18.21,15772,0.11436101794242859,0.15773066878318787,0.0005
0.023202301934361458,1.0,8393,295335,5.0768303871154785,295234,-6.91679217,35,18.18,15776,0.35684317350387573,0.2981317937374115,0.0005
0.0235003549605608,1.0,8395,295403,5.332721710205078,295302,-6.963946679999998,35,18.25,15780,0.7102970480918884,0.20017075538635254,0.0005
0.02420123480260372,1.0,8397,295485,5.015332221984863,295384,-7.0108159699999995,35,18.33,15784,0.6170004606246948,0.07538428902626038,0.0005
0.02358880639076233,1.0,8399,295566,4.7846879959106445,295465,-7.10280731,35,18.47,15788,0.2574145793914795,-0.27065762877464294,0.0005
0.023612821474671364,1.0,8402,295646,5.456549167633057,295545,-7.14577422,35,18.53,15792,1.2110249996185303,-0.3547649085521698,0.0005
0.023659147322177887,1.0,8404,295720,5.179893970489502,295619,-7.09943795,35,18.47,15796,0.2907906472682953,0.1755879819393158,0.0005
0.023045392706990242,1.0,8406,295794,4.835240364074707,295693,-7.13885186,35,18.52,15800,1.2591884136199951,-0.2171999216079712,0.0005
0.02273906022310257,1.0,8407,295864,4.6707539558410645,295763,-7.091977019999999,35,18.48,15804,0.856859028339386,0.37734466791152954,0.0005
0.022723732516169548,1.0,8410,295946,5.249605178833008,295845,-7.084470829999999,35,18.46,15808,0.5947844982147217,0.2577231228351593,0.0005
0.02239782176911831,1.0,8411,296018,5.326534271240234,295917,-7.08227688,35,18.44,15812,0.8122272491455078,-0.5492173433303833,0.0005
0.022836582735180855,1.0,8413,296094,5.991765022277832,295993,-7.080791399999999,35,18.43,15816,0.5640978813171387,-0.8006066083908081,0.0005
0.023449696600437164,1.0,8415,296161,5.820228576660156,296060,-6.98261981,35,18.27,15820,2.1575839519500732,0.9640156030654907,0.0005
0.02322068065404892,1.0,8417,296244,4.882028579711914,296143,-7.07836771,35,18.42,15824,0.5034036636352539,0.010568734258413315,0.0005
0.022924011573195457,1.0,8419,296313,4.862027168273926,296212,-7.084441369999999,35,18.44,15828,0.5510406494140625,-0.2202250361442566,0.0005
0.022280815988779068,1.0,8421,296389,5.652454376220703,296288,-7.176643650000001,35,18.59,15832,0.8327767848968506,-0.2959620952606201,0.0005
0.022289859130978584,1.0,8423,296478,5.57442569732666,296377,-7.226890119999999,35,18.68,15836,0.1691114455461502,0.24787133932113647,0.0005
0.022714508697390556,1.0,8425,296553,5.163749694824219,296452,-7.228413929999999,35,18.68,15840,0.2315339744091034,-0.43953779339790344,0.0005
0.022846881300210953,1.0,8427,296627,5.677957057952881,296526,-7.278030489999999,35,18.75,15844,0.3571552336215973,0.14106354117393494,0.0005
0.0226198211312294,1.0,8428,296688,5.529385089874268,296587,-7.23496836,35,18.68,15848,0.18008458614349365,-0.3719581365585327,0.0005
0.02248106710612774,1.0,8430,296758,5.802105903625488,296657,-7.245369339999999,35,18.7,15852,0.55451899766922,-0.5217440128326416,0.0005
0.023060891777276993,1.0,8432,296845,5.180093288421631,296744,-7.37635576,35,18.88,15856,0.1937175989151001,0.2858162522315979,0.0005
0.023123716935515404,1.0,8434,296930,4.948775291442871,296829,-7.460023589999999,35,18.99,15860,0.7175307273864746,-0.47798633575439453,0.0005
0.022731920704245567,1.0,8436,297006,5.079458236694336,296905,-7.383108139999998,35,18.9,15864,0.6416808366775513,0.5696082711219788,0.0005
0.0230325348675251,1.0,8438,297067,5.366809368133545,296966,-7.344193860000001,35,18.85,15868,0.54289710521698,-0.9077748656272888,0.0005
0.023063719272613525,1.0,8440,297150,5.015561580657959,297049,-7.349204990000001,35,18.89,15872,0.3530464470386505,-0.3644631505012512,0.0005
0.02289605140686035,1.0,8442,297226,5.552008628845215,297125,-7.355065390000001,35,18.91,15876,0.27889323234558105,0.48742440342903137,0.0005
0.02293355204164982,1.0,8444,297302,5.670211315155029,297201,-7.403982579999999,35,18.99,15880,0.4967384934425354,0.36724627017974854,0.0005
0.023127151653170586,1.0,8447,297384,5.806787490844727,297283,-7.4077633800000005,35,18.99,15884,0.3841615915298462,-0.1624426543712616,0.0005
0.023062437772750854,1.0,8448,297454,5.1381120681762695,297353,-7.3224291400000014,35,18.88,15888,0.4042092263698578,0.21120552718639374,0.0005
0.02325308322906494,0.99,8450,297528,5.294579982757568,297427,-7.47472258,35,18.82,15892,1.9654157161712646,0.033465661108493805,0.0005
0.02258366160094738,0.99,8452,297594,5.115226745605469,297493,-7.428682889999999,35,18.74,15896,0.1671661138534546,0.13523025810718536,0.0005
0.022236265242099762,0.99,8454,297670,4.620170593261719,297569,-7.436455469999999,35,18.76,15900,0.28536558151245117,-0.5205444097518921,0.0005
0.02216336689889431,0.99,8456,297737,4.789725303649902,297636,-7.4324303800000004,35,18.73,15904,0.746216356754303,0.05887317657470703,0.0005
0.02246796526014805,0.99,8458,297806,4.701714515686035,297705,-7.345805109999999,35,18.6,15908,0.17856143414974213,0.8173229694366455,0.0005
0.02268717624247074,0.99,8460,297895,5.2425761222839355,297794,-7.44831131,35,18.77,15912,0.33541762828826904,0.24165910482406616,0.0005
0.022947680205106735,0.99,8462,297957,5.649159908294678,297856,-7.35295795,35,18.63,15916,0.15013781189918518,0.9996771216392517,0.0005
0.02290225215256214,0.99,8463,298025,5.720188617706299,297924,-7.354289559999999,35,18.64,15920,1.925449013710022,-0.389418363571167,0.0005
0.022746937349438667,0.99,8466,298103,5.363880157470703,298002,-7.34219148,35,18.59,15924,0.4563964307308197,-0.880063533782959,0.0005
0.022562161087989807,0.99,8468,298184,4.437103748321533,298083,-7.428345059999999,35,18.71,15928,0.17938777804374695,-0.46517378091812134,0.0005
0.022641964256763458,0.99,8469,298256,5.087292194366455,298155,-7.418567529999999,35,18.67,15932,0.9604440927505493,-0.6458165645599365,0.0005
0.023318232968449593,0.99,8471,298324,5.453069686889648,298223,-7.278386620000001,35,18.46,15936,0.16237586736679077,-0.5923829078674316,0.0005
0.023632429540157318,0.99,8473,298403,5.145428657531738,298302,-7.31447736,35,18.5,15940,0.8649992346763611,-0.3173500895500183,0.0005
0.023574182763695717,0.99,8475,298486,5.4270477294921875,298385,-7.36249463,35,18.59,15944,1.1639134883880615,-0.08905677497386932,0.0005
0.023782629519701004,0.98,8477,298567,5.000238418579102,298466,-7.638063139999999,35,18.79,15948,0.6603363156318665,0.04410886764526367,0.0005
0.023657450452446938,0.98,8480,298652,6.1713151931762695,298551,-7.733266630000002,35,18.94,15952,0.33806440234184265,0.730078935623169,0.0005
0.02456931211054325,0.98,8481,298718,5.285188674926758,298617,-7.596227260000001,35,18.73,15956,0.5543146133422852,-0.17081834375858307,0.0005
0.02403629943728447,0.98,8483,298795,5.429431915283203,298694,-7.523278869999998,35,18.65,15960,0.7131432294845581,-0.5547821521759033,0.0005
0.024026714265346527,0.98,8485,298863,5.113995552062988,298762,-7.473156579999999,35,18.57,15964,0.21757909655570984,-0.4739445149898529,0.0005
0.023743905127048492,0.98,8487,298929,5.534424781799316,298828,-7.512641250000001,35,18.62,15968,0.22362692654132843,-0.01596522331237793,0.0005
0.023732110857963562,0.98,8489,299011,5.061779499053955,298910,-7.51073033,35,18.61,15972,0.9658966660499573,0.21890535950660706,0.0005
0.024335302412509918,0.98,8491,299092,5.123926162719727,298991,-7.55188081,35,18.66,15976,0.0913131982088089,0.623033881187439,0.0005
0.02456614188849926,0.98,8494,299167,5.094933032989502,299066,-7.549355600000001,35,18.65,15980,0.29595375061035156,-0.26996758580207825,0.0005
0.02393093705177307,0.98,8495,299235,5.909900188446045,299134,-7.45690894,35,18.51,15984,1.7840888500213623,-0.27376794815063477,0.0005
0.02392015978693962,0.98,8497,299312,4.731635093688965,299211,-7.501597109999999,35,18.58,15988,0.5345443487167358,0.07977433502674103,0.0005
0.023551391437649727,0.99,8499,299389,5.381017684936523,299288,-7.31354541,35,18.61,15992,0.3060198128223419,0.047258466482162476,0.0005
0.023122277110815048,0.99,8501,299470,5.710353374481201,299369,-7.405289600000001,35,18.76,15996,0.2977885603904724,-0.09370556473731995,0.0005
0.022842593491077423,0.99,8503,299532,5.115699768066406,299431,-7.31033027,35,18.62,16000,0.4378547668457031,0.25469693541526794,0.0005
0.02233300171792507,0.99,8505,299614,5.194231033325195,299513,-7.406541860000002,35,18.77,16004,1.2648520469665527,0.5332242846488953,0.0005
0.022583236917853355,0.99,8507,299679,5.17624568939209,299578,-7.395723449999999,35,18.73,16008,0.3674524426460266,1.1545392274856567,0.0005
0.023223016411066055,0.99,8509,299766,4.812699794769287,299665,-7.38320709,35,18.71,16012,1.1744612455368042,0.11155395209789276,0.0005
0.023099960759282112,0.99,8512,299848,5.391445636749268,299747,-7.522131580000002,35,18.91,16016,0.13127583265304565,0.04864928126335144,0.0005
0.022960828617215157,0.99,8514,299929,5.110536575317383,299828,-7.61528134,35,19.04,16020,0.23995797336101532,0.8695330619812012,0.0005
0.023049047216773033,0.99,8533,300010,5.063610076904297,299909,-7.624779190000001,35,19.07,16024,0.23189812898635864,-0.2640555500984192,0.0005
0.02275191806256771,0.99,8534,300084,4.507752418518066,299983,-7.5786327700000005,35,19.0,16028,0.9671907424926758,-0.44250479340553284,0.0005
0.02239391766488552,0.99,8536,300145,4.479913711547852,300044,-7.492752630000001,35,18.89,16032,0.5595741868019104,-0.6733003854751587,0.0005
0.022462593391537666,0.99,8538,300213,4.6018195152282715,300112,-7.49349732,35,18.89,16036,0.20037582516670227,0.7841288447380066,0.0005
0.022303065285086632,0.99,8539,300287,5.655026435852051,300186,-7.454964429999999,35,18.84,16040,0.39992308616638184,0.1710987687110901,0.0005
0.021833067759871483,0.99,8541,300354,4.653531551361084,300253,-7.359798719999999,35,18.68,16044,0.21916231513023376,0.30823594331741333,0.0005
0.021694011986255646,1.0,8543,300421,5.460434913635254,300320,-7.124916189999999,35,18.54,16048,0.5377869606018066,0.12179750204086304,0.0005
0.021809140220284462,1.0,8545,300503,5.501759052276611,300402,-7.1124782799999995,35,18.51,16052,0.2994994521141052,0.642548143863678,0.0005
0.02193339727818966,1.0,8547,300586,5.133265495300293,300485,-7.21040847,35,18.68,16056,1.2257864475250244,0.543773353099823,0.0005
0.021832343190908432,1.0,8549,300653,5.261897087097168,300552,-7.15438297,35,18.58,16060,0.15882588922977448,0.6155617833137512,0.0005
0.022304324433207512,1.0,8551,300721,5.337703704833984,300620,-7.154048390000002,35,18.58,16064,1.0418798923492432,-0.6585348844528198,0.0005
0.02243499644100666,1.0,8552,300781,5.084538459777832,300680,-7.111952399999999,35,18.52,16068,1.6639113426208496,0.14733493328094482,0.0005
0.022350164130330086,1.0,8555,300862,5.513284683227539,300761,-7.10879991,35,18.51,16072,0.4859336316585541,0.09943556785583496,0.0005
0.022338932380080223,1.0,8557,300951,4.949474334716797,300850,-7.161105869999999,35,18.59,16076,2.752530574798584,0.3980422616004944,0.0005
0.022405993193387985,1.0,8559,301019,4.838127613067627,300918,-7.11528775,35,18.52,16080,0.38845643401145935,-0.158898264169693,0.0005
0.022210944443941116,1.0,8561,301094,5.001914978027344,300993,-7.160878030000001,35,18.59,16084,1.9184203147888184,-0.017812170088291168,0.0005
0.02178480476140976,1.0,8563,301173,5.6108551025390625,301072,-7.19528163,35,18.61,16088,1.0362122058868408,-0.08390951156616211,0.0005
0.02204016223549843,1.0,8565,301247,4.861766338348389,301146,-7.187278490000001,35,18.58,16092,0.20069879293441772,0.10111942887306213,0.0005
0.022012406960129738,1.0,8567,301308,4.611203670501709,301207,-7.053595230000001,35,18.38,16096,1.554382562637329,-1.1022756099700928,0.0005
0.021655723452568054,1.0,8569,301383,4.9773783683776855,301282,-7.14656663,35,18.51,16100,1.1479706764221191,-1.026777744293213,0.0005
0.02167707495391369,1.0,8571,301458,4.6581854820251465,301357,-7.098589120000001,35,18.44,16104,0.5162093639373779,-0.09839862585067749,0.0005
0.021576467901468277,1.0,8573,301518,5.6703009605407715,301417,-7.05615425,35,18.39,16108,1.3131779432296753,0.41016364097595215,0.0005
0.021428242325782776,1.0,8574,301587,4.993056297302246,301486,-6.93036626,35,18.21,16112,2.1513493061065674,0.06228715181350708,0.0005
0.021386032924056053,1.0,8576,301663,4.8333024978637695,301562,-6.89028806,35,18.15,16116,0.0990324392914772,0.09440632164478302,0.0005
0.02090107463300228,1.0,8579,301742,4.598036766052246,301641,-6.882563689999999,35,18.13,16120,0.1883041262626648,-0.8413723707199097,0.0005
0.020615993067622185,1.0,8581,301816,5.535032272338867,301715,-6.83302954,35,18.06,16124,0.2611824870109558,-0.02464202046394348,0.0005
0.020875003188848495,1.0,8583,301898,5.249599456787109,301797,-6.884069349999999,35,18.14,16128,0.12267162650823593,-0.38941437005996704,0.0005
0.021028690040111542,1.0,8585,301977,5.085169792175293,301876,-7.014067170000001,35,18.32,16132,0.3590323030948639,-0.16749991476535797,0.0005
0.021248342469334602,1.0,8588,302056,5.180855751037598,301955,-7.09842063,35,18.43,16136,0.29637736082077026,-0.884528398513794,0.0005
0.020966991782188416,1.0,8590,302130,5.6683430671691895,302029,-7.09611927,35,18.43,16140,0.28148573637008667,0.033083245158195496,0.0005
0.021395880728960037,1.0,8592,302212,4.917021751403809,302111,-7.18942357,35,18.58,16144,0.8075183629989624,0.5479355454444885,0.0005
0.021238116547465324,1.0,8594,302299,5.556413650512695,302198,-7.32439897,35,18.78,16148,1.222010612487793,0.4041995108127594,0.0005
0.021630022674798965,1.0,8596,302359,5.590619087219238,302258,-7.1856623499999985,35,18.56,16152,0.6820394992828369,0.9554626941680908,0.0005
0.0225824024528265,1.0,8598,302433,5.238887786865234,302332,-7.1323869099999975,35,18.47,16156,1.5956071615219116,0.3198174238204956,0.0005
0.022868014872074127,1.0,8600,302501,5.574619293212891,302400,-7.133590589999999,35,18.48,16160,0.17009636759757996,0.7964232563972473,0.0005
0.02290036901831627,1.0,8603,302584,5.006616592407227,302483,-7.230807469999999,35,18.63,16164,0.7645189762115479,-0.396403968334198,0.0005
0.022356441244482994,1.0,8605,302667,4.732202053070068,302566,-7.37695969,35,18.86,16168,0.7196409702301025,-0.6715189218521118,0.0005
0.021926892921328545,1.0,8607,302751,5.257529258728027,302650,-7.38792408,35,18.89,16172,0.35888415575027466,0.9288680553436279,0.0005
0.022836795076727867,1.0,8609,302819,5.094784736633301,302718,-7.24342631,35,18.68,16176,0.20925182104110718,-0.37471479177474976,0.0005
0.022508107125759125,1.0,8612,302902,5.106142044067383,302801,-7.339243880000001,35,18.83,16180,0.24643343687057495,-0.2560129761695862,0.0005
0.02206888608634472,1.0,8614,302981,5.1656670570373535,302880,-7.35017607,35,18.87,16184,0.20755188167095184,-0.4410543143749237,0.0005
0.02247939445078373,1.0,8616,303061,5.492649078369141,302960,-7.351781879999999,35,18.88,16188,0.702189564704895,-0.0038413703441619873,0.0005
0.022707762196660042,1.0,8618,303144,5.537327766418457,303043,-7.402207149999998,35,18.97,16192,0.5111011862754822,-0.09213969856500626,0.0005
0.0232793390750885,1.0,8620,303218,5.219316482543945,303117,-7.493827079999999,35,19.1,16196,0.7230021953582764,0.7740033864974976,0.0005
0.023679368197917938,1.0,8622,303295,5.1495795249938965,303194,-7.49722314,35,19.12,16200,1.572981834411621,0.31038185954093933,0.0005
0.023740079253911972,1.0,8624,303357,5.197638511657715,303256,-7.406685729999998,35,18.99,16204,0.9417357444763184,0.7206956148147583,0.0005
0.02381727658212185,1.0,8626,303434,4.9866533279418945,303333,-7.50978793,35,19.16,16208,0.15760131180286407,-0.375947505235672,0.0005
0.024124708026647568,1.0,8628,303503,5.548384666442871,303402,-7.504621300000002,35,19.16,16212,0.09328620135784149,0.007581919431686401,0.0005
0.02420729398727417,1.0,8630,303580,5.142716407775879,303479,-7.5022630600000015,35,19.17,16216,1.9387158155441284,0.08715800940990448,0.0005
0.024465065449476242,0.99,8632,303666,5.1662983894348145,303565,-7.702440290000001,35,19.24,16220,2.1317851543426514,0.08886662125587463,0.0005
0.023858891800045967,0.99,8634,303741,5.338487148284912,303640,-7.70722144,35,19.25,16224,1.3942480087280273,0.014849409461021423,0.0005
0.024017950519919395,0.99,8636,303813,5.029087066650391,303712,-7.65207444,35,19.15,16228,0.21610397100448608,0.5676027536392212,0.0005
0.02372542954981327,0.99,8639,303888,5.209933757781982,303787,-7.61430609,35,19.11,16232,1.6479401588439941,0.1034407913684845,0.0005
0.023585909977555275,0.99,8641,303968,5.007088661193848,303867,-7.588306060000001,35,19.12,16236,1.4658708572387695,0.20128750801086426,0.0005
0.02328747697174549,0.99,8643,304036,5.007472991943359,303935,-7.546962,35,19.06,16240,0.274034708738327,-0.3304450511932373,0.0005
0.02330104447901249,0.99,8645,304102,5.142788410186768,304001,-7.45132045,35,18.9,16244,0.1675947606563568,0.4549204111099243,0.0005
0.02306235022842884,0.99,8647,304176,5.296095848083496,304075,-7.362286260000001,35,18.77,16248,0.6513575315475464,-0.2976262867450714,0.0005
0.022959932684898376,0.99,8649,304253,4.857207775115967,304152,-7.46224084,35,18.94,16252,0.05211865156888962,-0.6129382848739624,0.0005
0.02290995419025421,0.99,8651,304323,4.440826892852783,304222,-7.42526609,35,18.9,16256,0.7629834413528442,0.32868844270706177,0.0005
0.023026807233691216,0.99,8653,304390,4.808207988739014,304289,-7.42156696,35,18.89,16260,1.4415208101272583,-0.3001407980918884,0.0005
0.022142773494124413,0.99,8655,304472,4.945350646972656,304371,-7.42027026,35,18.88,16264,0.23201388120651245,0.4533439874649048,0.0005
0.02228360064327717,0.99,8657,304539,5.56358528137207,304438,-7.31985181,35,18.72,16268,0.8258623480796814,0.573138415813446,0.0005
0.022608235478401184,0.99,8659,304624,4.992730140686035,304523,-7.319240339999999,35,18.73,16272,0.27530157566070557,-0.05171450972557068,0.0005
0.022421693429350853,0.99,8661,304700,5.214446544647217,304599,-7.3692749200000005,35,18.81,16276,0.4705711901187897,-0.6995974779129028,0.0005
0.02235373482108116,0.99,8663,304771,5.553744316101074,304670,-7.280651120000001,35,18.69,16280,2.0059211254119873,-1.094024419784546,0.0005
0.02242138795554638,0.99,8666,304853,5.163717269897461,304752,-7.315704139999999,35,18.72,16284,0.06765854358673096,0.28467506170272827,0.0005
0.022184832021594048,0.99,8668,304923,5.1577348709106445,304822,-7.235356039999999,35,18.62,16288,1.2182577848434448,0.2551702857017517,0.0005
0.021966787055134773,0.99,8669,304990,5.566747665405273,304889,-7.136345699999998,35,18.46,16292,1.3857039213180542,0.7181690335273743,0.0005
0.022445805370807648,0.99,8672,305074,5.285615921020508,304973,-7.1869346499999995,35,18.56,16296,0.7941620349884033,0.8031695485115051,0.0005
0.02260485105216503,0.99,8674,305154,5.434731483459473,305053,-7.222653459999999,35,18.59,16300,0.1447647213935852,0.2246650904417038,0.0005
0.022059325128793716,0.99,8676,305225,5.063291072845459,305124,-7.2779366,35,18.68,16304,1.8294155597686768,-0.4606698155403137,0.0005
0.0224026907235384,0.99,8677,305301,4.756583213806152,305200,-7.276198029999998,35,18.67,16308,0.0698164850473404,-0.17688333988189697,0.0005
0.02214781567454338,0.99,8680,305383,5.090898513793945,305282,-7.37022435,35,18.8,16312,0.10540074110031128,-1.1550827026367188,0.0005
0.022142916917800903,0.99,8682,305458,4.584592819213867,305357,-7.36885407,35,18.78,16316,0.34790104627609253,-0.12234732508659363,0.0005
0.021881526336073875,1.0,8684,305544,5.226072311401367,305443,-7.21338247,35,18.78,16320,0.27361637353897095,0.16022652387619019,0.0005
0.02198093570768833,1.0,8686,305611,4.939908981323242,305510,-7.1633591,35,18.7,16324,0.337441623210907,0.20612527430057526,0.0005
0.022195041179656982,1.0,8688,305693,5.185507297515869,305592,-7.219519140000001,35,18.8,16328,0.22214224934577942,0.06449440121650696,0.0005
0.021652549505233765,1.0,8690,305768,5.2614641189575195,305667,-7.22014971,35,18.8,16332,0.1506037563085556,0.23613926768302917,0.0005
0.02169501967728138,1.0,8693,305850,5.121349334716797,305749,-7.252842050000002,35,18.82,16336,0.1404605209827423,0.15691928565502167,0.0005
0.0219582412391901,1.0,8694,305918,4.679961204528809,305817,-7.24901318,35,18.82,16340,1.1014800071716309,-0.09313616156578064,0.0005
0.022456569597125053,1.0,8696,305995,5.077249526977539,305894,-7.30406714,35,18.93,16344,0.6855130791664124,0.809404730796814,0.0005
0.02252516709268093,1.0,8698,306070,5.7906012535095215,305969,-7.308457209999998,35,18.94,16348,0.5903666019439697,-0.13080669939517975,0.0005
0.02259455993771553,1.0,8700,306143,4.814723014831543,306042,-7.30050705,35,18.9,16352,0.08457201719284058,0.5155548453330994,0.0005
0.022024650126695633,1.0,8703,306225,5.962255477905273,306124,-7.389564750000001,35,19.02,16356,0.23452623188495636,0.18791630864143372,0.0005
0.021982284262776375,1.0,8704,306295,4.799405574798584,306194,-7.397855820000001,35,19.05,16360,0.171979159116745,-0.23213410377502441,0.0005
0.021712137386202812,1.0,8706,306372,4.701396942138672,306271,-7.352533229999999,35,19.0,16364,0.28831613063812256,-1.5831398963928223,0.0005
0.02175847627222538,1.0,8709,306453,5.541865348815918,306352,-7.444584510000001,35,19.14,16368,0.38413795828819275,0.8002121448516846,0.0005
0.022109027951955795,1.0,8711,306526,5.591648578643799,306425,-7.385527410000001,35,19.02,16372,0.48016804456710815,-0.37262582778930664,0.0005
0.021726088598370552,1.0,8713,306596,5.025718688964844,306495,-7.342600740000002,35,18.96,16376,0.16396918892860413,-0.6512140035629272,0.0005
0.02118377573788166,1.0,8715,306669,5.663637638092041,306568,-7.375500130000001,35,18.98,16380,1.2417546510696411,0.6884525418281555,0.0005
0.021066932007670403,1.0,8717,306739,5.283235549926758,306638,-7.285252639999999,35,18.86,16384,0.4209030568599701,0.29307013750076294,0.0005
0.021294334903359413,1.0,8719,306815,5.179668426513672,306714,-7.328983419999999,35,18.92,16388,0.10076557844877243,-0.28958457708358765,0.0005
0.02134745568037033,1.0,8721,306881,5.280444145202637,306780,-7.32933304,35,18.91,16392,0.5461110472679138,-0.3992804288864136,0.0005
0.02108992449939251,1.0,8723,306963,5.7305707931518555,306862,-7.320786720000001,35,18.89,16396,0.2618013024330139,-0.0476517528295517,0.0005
0.02127782069146633,1.0,8725,307043,5.079059600830078,306942,-7.321773619999999,35,18.89,16400,0.13030380010604858,-0.5641162991523743,0.0005
0.021761681884527206,1.0,8727,307115,5.8081817626953125,307014,-7.3468884800000005,35,18.9,16404,0.3427371084690094,0.4471971392631531,0.0005
0.02209760807454586,1.0,8729,307190,4.735681533813477,307089,-7.343130340000001,35,18.89,16408,0.4103575646877289,0.08331352472305298,0.0005
0.02227165549993515,1.0,8731,307283,5.523147106170654,307182,-7.4028221499999995,35,19.0,16412,0.22732828557491302,0.237558975815773,0.0005
0.02274920977652073,1.0,8733,307369,4.755255699157715,307268,-7.48251677,35,19.11,16416,0.5140073299407959,0.019583240151405334,0.0005
0.02280529774725437,1.0,8735,307442,4.394692420959473,307341,-7.3903345,35,18.98,16420,0.08587789535522461,-0.3145592212677002,0.0005
0.023074118420481682,1.0,8737,307511,4.805366039276123,307410,-7.3953495,35,19.0,16424,0.045431409031152725,-0.5285857915878296,0.0005
0.022830849513411522,1.0,8739,307594,5.4310407638549805,307493,-7.39867034,35,19.01,16428,0.33903050422668457,-0.6054859757423401,0.0005
0.02237156219780445,1.0,8741,307669,5.133866786956787,307568,-7.401931039999999,35,19.01,16432,0.6716859340667725,-0.45419150590896606,0.0005
0.02195773832499981,1.0,8743,307749,5.275356769561768,307648,-7.40233873,35,18.99,16436,0.1603565514087677,-0.27085790038108826,0.0005
0.0218718983232975,1.0,8745,307833,5.507602214813232,307732,-7.50211132,35,19.15,16440,1.0024480819702148,-0.3161294162273407,0.0005
0.022090181708335876,1.0,8747,307909,5.246813774108887,307808,-7.5020444500000005,35,19.14,16444,0.6190333366394043,0.9344536066055298,0.0005
0.022319458425045013,1.0,8749,307984,5.227375507354736,307883,-7.501278510000001,35,19.14,16448,0.7273088097572327,0.241061270236969,0.0005
0.022205522283911705,1.0,8752,308059,5.69104528427124,307958,-7.50211539,35,19.16,16452,1.2514543533325195,0.9789941310882568,0.0005
0.022289488464593887,1.0,8753,308128,4.537222385406494,308027,-7.41604207,35,19.03,16456,0.06756477057933807,-1.2020411491394043,0.0005
0.021950876340270042,1.0,8755,308189,5.196913242340088,308088,-7.3656976499999995,35,18.94,16460,0.18144938349723816,-0.16842162609100342,0.0005
0.021518496796488762,1.0,8757,308257,5.571164608001709,308156,-7.31931113,35,18.85,16464,1.0834453105926514,-0.5303768515586853,0.0005
0.02226504683494568,1.0,8758,308326,5.453191757202148,308225,-7.23293495,35,18.73,16468,0.7879167199134827,0.8005785346031189,0.0005
0.022704871371388435,1.0,8760,308400,5.1487555503845215,308299,-7.23876966,35,18.74,16472,0.7146527767181396,-0.3214895725250244,0.0005
0.02258720062673092,1.0,8762,308484,5.2661356925964355,308383,-7.331541750000001,35,18.88,16476,1.1435471773147583,-0.4921513497829437,0.0005
0.02253015898168087,1.0,8764,308545,4.902651786804199,308444,-7.2458008199999995,35,18.76,16480,1.7938874959945679,0.06377890706062317,0.0005
0.022395536303520203,1.0,8766,308626,4.720702648162842,308525,-7.332201610000001,35,18.87,16484,0.21108311414718628,-0.9092841744422913,0.0005
0.022047894075512886,1.0,8768,308700,5.218368053436279,308599,-7.3277886599999995,35,18.85,16488,1.0621957778930664,-0.35950911045074463,0.0005
0.021792404353618622,1.0,8770,308775,4.729915142059326,308674,-7.37953301,35,18.94,16492,0.37248945236206055,0.059013254940509796,0.0005
0.021498799324035645,1.0,8772,308843,5.867814064025879,308742,-7.291319699999999,35,18.8,16496,0.43993306159973145,0.4917665719985962,0.0005
0.022032419219613075,1.0,8774,308923,5.526114463806152,308822,-7.293806099999999,35,18.8,16500,0.21050740778446198,1.3790717124938965,0.0005
0.02191981114447117,1.0,8776,309015,4.927772521972656,308914,-7.4070098,35,19.0,16504,0.1503840684890747,0.20753644406795502,0.0005
0.022009234875440598,1.0,8778,309097,5.732672214508057,308996,-7.45614205,35,19.07,16508,0.38053059577941895,0.2873201072216034,0.0005
0.021813644096255302,1.0,8780,309172,5.474727630615234,309071,-7.350073989999999,35,18.89,16512,0.6050653457641602,-0.6233111619949341,0.0005
0.021789317950606346,1.0,8782,309246,5.309803009033203,309145,-7.2627954599999995,35,18.77,16516,0.30572304129600525,0.1568954437971115,0.0005
0.022051652893424034,1.0,8784,309306,5.508056640625,309205,-7.176633369999999,35,18.64,16520,1.0682966709136963,0.4505111575126648,0.0005
0.02217945270240307,1.0,8786,309388,4.961582183837891,309287,-7.26318894,35,18.77,16524,0.11697020381689072,-0.25614309310913086,0.0005
0.02183024026453495,1.0,8788,309477,5.192535400390625,309376,-7.304731840000001,35,18.83,16528,0.8060306906700134,-0.12489011883735657,0.0005
0.0214436873793602,1.0,8791,309552,4.485785007476807,309451,-7.302732689999999,35,18.83,16532,0.3375723659992218,0.4550430178642273,0.0005
0.021600278094410896,1.0,8792,309620,5.016703128814697,309519,-7.213167810000001,35,18.71,16536,0.7698488235473633,-0.14520080387592316,0.0005
0.021029707044363022,1.0,8794,309693,4.283061981201172,309592,-7.156232389999999,35,18.6,16540,0.8145879507064819,-0.2300073802471161,0.0005
0.02079596370458603,1.0,8796,309770,5.1116838455200195,309669,-7.1557837300000005,35,18.61,16544,0.6483739614486694,-0.0033441483974456787,0.0005
0.021245306357741356,0.99,8798,309849,5.392855644226074,309748,-7.3470422499999986,35,18.65,16548,0.5187187194824219,0.16437578201293945,0.0005
0.02148076519370079,0.99,8800,309923,5.627413749694824,309822,-7.347892409999999,35,18.64,16552,0.11200989782810211,0.9899694919586182,0.0005
0.02143373154103756,0.99,8817,310004,5.257241249084473,309903,-7.43249455,35,18.76,16556,0.24418050050735474,0.5063834190368652,0.0005
0.02101070247590542,0.99,8819,310086,5.1035475730896,309985,-7.571264819999999,35,18.97,16560,1.1436034440994263,-0.23120462894439697,0.0005
0.021397408097982407,0.99,8821,310170,5.706600189208984,310069,-7.66466683,35,19.13,16564,0.2749333381652832,-0.1442221850156784,0.0005
0.02127097360789776,0.99,8823,310235,5.378827095031738,310134,-7.653986869999999,35,19.09,16568,0.6462772488594055,0.3521510362625122,0.0005
0.021273799240589142,0.99,8824,310304,5.070871353149414,310203,-7.60916531,35,19.04,16572,0.21024101972579956,0.05763363838195801,0.0005
0.02107323333621025,0.99,8826,310365,4.956613540649414,310264,-7.463819709999999,35,18.81,16576,0.17731210589408875,-0.020126670598983765,0.0005
0.020760206505656242,0.99,8828,310454,5.036573886871338,310353,-7.650769019999999,35,19.09,16580,0.38939613103866577,-0.3448737859725952,0.0005
0.020909307524561882,0.99,8830,310537,4.973794937133789,310436,-7.65798617,35,19.11,16584,0.22336235642433167,0.10569773614406586,0.0005
0.02096778154373169,0.99,8832,310628,5.326184272766113,310527,-7.757274450000001,35,19.28,16588,0.08325347304344177,-0.07617399096488953,0.0005
0.02143806405365467,0.99,8834,310703,4.6206231117248535,310602,-7.756842370000002,35,19.28,16592,0.35221853852272034,-0.06398434937000275,0.0005
0.02147486060857773,0.99,8836,310779,4.799136161804199,310678,-7.805208690000001,35,19.36,16596,0.21662762761116028,-0.5387535095214844,0.0005
0.02167128212749958,0.98,8838,310850,5.05522346496582,310749,-7.88317833,35,19.27,16600,0.2937237620353699,-0.7295536994934082,0.0005
0.02191648818552494,0.98,8840,310925,5.2396039962768555,310824,-7.779520280000001,35,19.1,16604,1.0583970546722412,0.026895985007286072,0.0005
0.021861247718334198,0.98,8842,311001,5.072461128234863,310900,-7.73647467,35,19.04,16608,0.05929185450077057,-0.6633862853050232,0.0005
0.021272551268339157,0.98,8843,311069,4.385608673095703,310968,-7.68976245,35,18.97,16612,0.307693213224411,-0.903290867805481,0.0005
0.020386675372719765,0.98,8845,311144,4.772482872009277,311043,-7.695347280000001,35,18.98,16616,0.6733512282371521,-0.07303658872842789,0.0005
0.019746143370866776,0.98,8847,311220,4.738193035125732,311119,-7.793639110000002,35,19.14,16620,0.6012160181999207,-0.4387444853782654,0.0005
0.019573194906115532,0.98,8849,311290,6.589280128479004,311189,-7.706718060000001,35,19.02,16624,0.5043317675590515,0.9586209654808044,0.0005
0.020457841455936432,0.98,8851,311366,4.93742561340332,311265,-7.6175235699999995,35,18.89,16628,0.3433641195297241,1.0387452840805054,0.0005
0.0208247359842062,0.98,8853,311426,5.287464141845703,311325,-7.52186653,35,18.74,16632,0.2742891311645508,-0.7062506675720215,0.0005
0.021045632660388947,0.98,8855,311495,4.978946685791016,311394,-7.5238151,35,18.75,16636,0.18566599488258362,0.35747337341308594,0.0005
0.021433738991618156,0.98,8857,311562,5.257704734802246,311461,-7.483238549999999,35,18.69,16640,0.5985395908355713,0.015739187598228455,0.0005
0.02156106010079384,0.98,8858,311629,5.636863708496094,311528,-7.4295690400000005,35,18.59,16644,0.16457480192184448,0.7162584066390991,0.0005
0.02186724729835987,0.99,8860,311701,5.008127212524414,311600,-7.22658994,35,18.52,16648,0.9581725001335144,0.7731102705001831,0.0005
0.02241160348057747,0.99,8862,311768,4.74722146987915,311667,-7.1798683699999994,35,18.45,16652,0.707413911819458,0.2014448344707489,0.0005
0.02232469618320465,0.99,8864,311850,5.022550582885742,311749,-7.184354949999999,35,18.46,16656,0.8049983978271484,-0.3947700262069702,0.0005
0.021761925891041756,0.99,8866,311911,5.096464157104492,311810,-7.0477407900000015,35,18.25,16660,0.6894029974937439,-0.6347433924674988,0.0005
0.02144329808652401,0.99,8868,311995,5.586125373840332,311894,-7.0514969899999995,35,18.25,16664,0.4693784713745117,-0.11651232838630676,0.0005
0.0217609666287899,0.99,8870,312063,5.665940284729004,311962,-7.060478129999998,35,18.28,16668,1.1036698818206787,0.18548914790153503,0.0005
0.022103814408183098,0.99,8872,312149,4.729525566101074,312048,-7.1664371,35,18.45,16672,0.4589325189590454,-0.9292806386947632,0.0005
0.02172667905688286,0.99,8874,312219,4.888848781585693,312118,-7.220039240000001,35,18.54,16676,0.24530208110809326,-0.24243026971817017,0.0005
0.021367691457271576,0.99,8876,312288,4.874974727630615,312187,-7.08142626,35,18.34,16680,0.5056313276290894,-0.6876834034919739,0.0005
0.02107260376214981,0.99,8878,312372,5.192485809326172,312271,-7.083687620000001,35,18.35,16684,1.0214340686798096,0.5585384964942932,0.0005
0.020964542403817177,0.99,8881,312455,4.9372758865356445,312354,-7.03343485,35,18.27,16688,0.6127724647521973,-0.2095654010772705,0.0005
0.02105407975614071,0.99,8882,312523,4.8826751708984375,312422,-6.9859307300000015,35,18.2,16692,0.3773859739303589,0.69837486743927,0.0005
0.021489815786480904,0.99,8884,312597,4.604462623596191,312496,-6.9797445200000015,35,18.18,16696,0.10437735170125961,0.19154329597949982,0.0005
0.021753858774900436,0.99,8886,312664,4.828173637390137,312563,-7.011204319999999,35,18.14,16700,0.06171448156237602,0.02830176055431366,0.0005
0.021290481090545654,0.99,8888,312739,5.624817848205566,312638,-7.012625630000002,35,18.14,16704,0.43438464403152466,-0.19328290224075317,0.0005
0.02099178545176983,0.99,8890,312818,4.971293926239014,312717,-7.04566467,35,18.17,16708,0.10265763103961945,0.1551615297794342,0.0005
0.02113671787083149,0.99,8892,312892,5.064371109008789,312791,-7.08931348,35,18.23,16712,2.0548577308654785,-0.07124446332454681,0.0005
0.02131461538374424,0.99,8894,312967,5.108957290649414,312866,-7.0904684399999995,35,18.23,16716,0.39079737663269043,-0.06141406297683716,0.0005
0.021266089752316475,0.99,8896,313050,4.954035758972168,312949,-7.1363118,35,18.3,16720,0.08061949908733368,0.5383478403091431,0.0005
0.021345801651477814,0.99,8898,313131,4.977906227111816,313030,-7.22072601,35,18.41,16724,0.6968667507171631,0.41715455055236816,0.0005
0.02163950726389885,0.99,8900,313206,4.846777439117432,313105,-7.218311080000001,35,18.4,16728,0.19964101910591125,-0.07445687055587769,0.0005
0.02182707190513611,0.99,8902,313281,5.424488067626953,313180,-7.313394120000002,35,18.55,16732,0.19359725713729858,1.0999341011047363,0.0005
0.022319836542010307,0.99,8903,313355,5.30777645111084,313254,-7.35235026,35,18.6,16736,0.22388525307178497,0.10404133051633835,0.0005
0.022535191848874092,0.99,8905,313423,5.4789652824401855,313322,-7.354868789999999,35,18.61,16740,0.5393956899642944,0.060891419649124146,0.0005
0.022768566384911537,0.99,8907,313504,5.582612991333008,313403,-7.446564750000001,35,18.75,16744,0.23347413539886475,-0.15411148965358734,0.0005
0.022982316091656685,0.99,8909,313584,5.003458023071289,313483,-7.49956055,35,18.83,16748,0.08218444138765335,0.00896802544593811,0.0005
0.023041309788823128,0.99,8912,313671,4.933276176452637,313570,-7.6362150600000005,35,19.03,16752,0.40294137597084045,-0.2531384527683258,0.0005
0.022650685161352158,0.99,8914,313755,5.366788864135742,313654,-7.637902699999999,35,19.05,16756,0.31668558716773987,-0.17438849806785583,0.0005
0.022060571238398552,0.99,8916,313837,4.864643573760986,313736,-7.7748715,35,19.26,16760,0.5248596668243408,-0.2581518292427063,0.0005
0.022290406748652458,0.99,8918,313924,5.149962425231934,313823,-7.810761189999998,35,19.29,16764,0.8394221067428589,-0.08829880505800247,0.0005
0.021917589008808136,0.99,8920,314004,4.77617073059082,313903,-7.896756120000001,35,19.41,16768,0.7749954462051392,-0.1443929672241211,0.0005
0.02169496938586235,0.99,8922,314072,5.31334114074707,313971,-7.79259938,35,19.23,16772,0.17578382790088654,-0.3039640784263611,0.0005
0.0215834341943264,0.99,8924,314140,5.393523216247559,314039,-7.786469330000001,35,19.21,16776,0.9178479313850403,-0.9850305318832397,0.0005
0.021586589515209198,0.99,8926,314215,5.847699165344238,314114,-7.827986669999999,35,19.27,16780,0.26162242889404297,0.5742464065551758,0.0005
0.02176794596016407,0.99,8928,314290,4.853611469268799,314189,-7.777415120000001,35,19.18,16784,0.1848231852054596,-0.5359854698181152,0.0005
0.02199983224272728,0.99,8930,314365,5.377912998199463,314264,-7.729275220000001,35,19.1,16788,0.1898091584444046,-0.5195254683494568,0.0005
0.022261394187808037,0.99,8932,314441,5.573206901550293,314340,-7.775472520000001,35,19.18,16792,0.8980583548545837,0.8060126304626465,0.0005
0.02257530763745308,0.99,8935,314515,4.817221641540527,314414,-7.77946734,35,19.18,16796,0.22495242953300476,-0.023198947310447693,0.0005
0.022363878786563873,1.0,8937,314598,6.135322570800781,314497,-7.675046169999998,35,19.34,16800,0.3143596053123474,0.8651763200759888,0.0005
0.022287903353571892,1.0,8939,314671,4.959358215332031,314570,-7.66897029,35,19.32,16804,1.2967643737792969,-0.6736812591552734,0.0005
0.021443702280521393,1.0,8941,314754,4.625133991241455,314653,-7.681374589999999,35,19.36,16808,0.30594518780708313,-1.2348334789276123,0.0005
0.02164563350379467,1.0,8943,314834,5.273338317871094,314733,-7.72178056,35,19.42,16812,0.33199620246887207,0.041182078421115875,0.0005
0.02150316722691059,1.0,8946,314924,5.347033977508545,314823,-7.8104181200000005,35,19.57,16816,1.4424936771392822,0.10005775094032288,0.0005
0.021914176642894745,1.0,8948,315013,4.9965996742248535,314912,-7.85095232,35,19.63,16820,0.24103696644306183,-0.35860300064086914,0.0005
0.02221723087131977,1.0,8949,315080,5.121913909912109,314979,-7.7604105699999995,35,19.49,16824,0.5101956129074097,0.28272920846939087,0.0005
0.0225958451628685,1.0,8951,315146,5.498415946960449,315045,-7.705697270000001,35,19.4,16828,0.6349233984947205,-0.5526846647262573,0.0005
0.022693544626235962,1.0,8953,315214,4.913632869720459,315113,-7.65949271,35,19.33,16832,0.1760144829750061,-0.6783633232116699,0.0005
0.02267514541745186,1.0,8955,315295,4.997113227844238,315194,-7.702810200000001,35,19.4,16836,0.5547834038734436,-0.6009590029716492,0.0005
0.022858474403619766,1.0,8957,315377,5.063819408416748,315276,-7.791920540000001,35,19.54,16840,1.7809457778930664,-0.6849331259727478,0.0005
0.022591203451156616,1.0,8959,315447,5.683600425720215,315346,-7.705086960000001,35,19.43,16844,0.6539690494537354,0.4223899245262146,0.0005
0.0229918472468853,1.0,8961,315508,5.065021514892578,315407,-7.569978110000001,35,19.24,16848,0.15358364582061768,0.2977009415626526,0.0005
0.02262912690639496,1.0,8963,315587,4.6446332931518555,315486,-7.494861239999999,35,19.16,16852,0.13268566131591797,-0.21037568151950836,0.0005
0.022158268839120865,1.0,8965,315663,4.902880668640137,315562,-7.444150039999999,35,19.08,16856,0.37777993083000183,-0.13569311797618866,0.0005
0.02174205332994461,1.0,8967,315730,5.633829116821289,315629,-7.349893059999999,35,18.93,16860,0.3889765441417694,-0.5151511430740356,0.0005
0.021799346432089806,1.0,8970,315804,5.590169429779053,315703,-7.257515830000002,35,18.8,16864,0.641417384147644,-1.1013984680175781,0.0005
0.020811375230550766,1.0,8972,315889,5.053440093994141,315788,-7.27380842,35,18.85,16868,0.14375001192092896,-0.8590543270111084,0.0005
0.020166220143437386,1.0,8974,315958,5.079585552215576,315857,-7.2748428899999995,35,18.86,16872,1.2181212902069092,0.042395785450935364,0.0005
0.019656624644994736,1.0,8975,316021,5.160655975341797,315920,-7.234318399999999,35,18.81,16876,0.2718381881713867,-0.1861031949520111,0.0005
0.0196041539311409,1.0,8978,316099,4.654921531677246,315998,-7.24386447,35,18.84,16880,0.03208725526928902,-0.20452091097831726,0.0005
0.019419226795434952,1.0,8980,316172,4.772383213043213,316071,-7.236745900000001,35,18.82,16884,0.0875912457704544,-0.2854652404785156,0.0005
0.01931079290807247,1.0,8982,316249,5.640861511230469,316148,-7.24060204,35,18.84,16888,1.0122320652008057,0.9977709054946899,0.0005
0.019723789766430855,1.0,8984,316328,5.0791754722595215,316227,-7.27602896,35,18.87,16892,0.14587748050689697,0.8061619997024536,0.0005
0.020181361585855484,1.0,8986,316405,5.087254047393799,316304,-7.283418320000001,35,18.9,16896,0.7926120758056641,0.6479806900024414,0.0005
0.021127719432115555,1.0,8988,316479,5.602107048034668,316378,-7.22600391,35,18.81,16900,0.6657425761222839,1.2031385898590088,0.0005
0.022027023136615753,1.0,8990,316560,5.083277702331543,316459,-7.276466740000001,35,18.89,16904,1.2770752906799316,-0.13883362710475922,0.0005
0.02179022692143917,1.0,8992,316637,5.035215854644775,316536,-7.22824555,35,18.83,16908,1.163057565689087,0.03042629361152649,0.0005
0.022570539265871048,1.0,8995,316719,5.981900691986084,316618,-7.238583039999998,35,18.85,16912,2.761176347732544,0.1682407408952713,0.0005
0.023227181285619736,1.0,8997,316799,5.512770175933838,316698,-7.1887022699999985,35,18.75,16916,0.3389204144477844,0.5250161290168762,0.0005
0.02322637289762497,1.0,8999,316869,5.229171276092529,316768,-7.05542502,35,18.56,16920,0.6352430582046509,-0.053433358669281006,0.0005
0.022991714999079704,1.0,9002,316956,4.863868236541748,316855,-7.19098094,35,18.76,16924,0.2547534108161926,-0.2070867270231247,0.0005
0.02267896756529808,1.0,9003,317023,4.744072437286377,316922,-7.2004148599999995,35,18.77,16928,0.0767633467912674,-0.2939481735229492,0.0005
0.022183645516633987,1.0,9006,317106,5.561866283416748,317005,-7.29593605,35,18.92,16932,0.10999757051467896,0.37037330865859985,0.0005
0.021781619638204575,1.0,9008,317180,5.660536766052246,317079,-7.25363295,35,18.85,16936,0.47894352674484253,-0.2573288083076477,0.0005
0.02196221426129341,0.99,9010,317268,6.230305194854736,317167,-7.45152114,35,18.91,16940,1.0822741985321045,0.08417829871177673,0.0005
0.02283775806427002,0.99,9012,317344,4.942341327667236,317243,-7.498632590000001,35,18.97,16944,0.29574844241142273,0.34408971667289734,0.0005
0.02279640920460224,0.99,9014,317418,5.235037803649902,317317,-7.589911009999998,35,19.1,16948,0.4046586751937866,-0.5318002700805664,0.0005
0.022143561393022537,0.99,9016,317488,5.666252136230469,317387,-7.53564916,35,19.01,16952,0.6389025449752808,0.09360368549823761,0.0005
0.022122399881482124,0.99,9018,317548,5.715758800506592,317447,-7.439061860000002,35,18.85,16956,0.3394854962825775,0.6468806862831116,0.0005
0.021794335916638374,0.99,9020,317614,5.438168525695801,317513,-7.43728532,35,18.84,16960,0.8053547143936157,0.11445973813533783,0.0005
0.02151459828019142,0.99,9021,317684,5.1010050773620605,317583,-7.40184308,35,18.8,16964,0.13095134496688843,0.37427908182144165,0.0005
0.021199971437454224,0.99,9024,317759,4.865997314453125,317658,-7.34589743,35,18.7,16968,0.21895325183868408,-0.39099398255348206,0.0005
0.021174319088459015,0.99,9026,317834,5.021222114562988,317733,-7.38661149,35,18.76,16972,0.20949770510196686,0.19773508608341217,0.0005
0.021060068160295486,0.99,9027,317901,4.766074180603027,317800,-7.426182840000001,35,18.8,16976,0.17707423865795135,0.1522800773382187,0.0005
0.02121773362159729,0.99,9030,317989,5.2317657470703125,317888,-7.50917432,35,18.9,16980,0.19053596258163452,-0.2283918559551239,0.0005
0.021097930148243904,0.99,9031,318064,5.54310417175293,317963,-7.514385569999999,35,18.92,16984,1.661855936050415,0.49483728408813477,0.0005
0.021398065611720085,0.99,9034,318139,5.409725666046143,318038,-7.511944189999998,35,18.9,16988,1.154260277748108,0.29073619842529297,0.0005
0.02158641815185547,0.99,9036,318220,5.421394348144531,318119,-7.519346799999999,35,18.92,16992,1.9006237983703613,-0.16697227954864502,0.0005
0.021561888977885246,0.99,9038,318288,5.790500640869141,318187,-7.466483489999999,35,18.83,16996,0.2987801432609558,0.5795042514801025,0.0005
0.021510424092411995,0.99,9040,318364,5.465456962585449,318263,-7.47835382,35,18.85,17000,0.43506357073783875,-0.1421041190624237,0.0005
0.021656034514307976,0.99,9042,318437,5.158307075500488,318336,-7.425730470000001,35,18.77,17004,0.5202651023864746,0.18205587565898895,0.0005
0.021432336419820786,0.99,9043,318505,5.809210300445557,318404,-7.377674320000001,35,18.68,17008,0.43956467509269714,0.7072460651397705,0.0005
0.021217815577983856,0.99,9045,318578,5.040262699127197,318477,-7.32295504,35,18.59,17012,0.13596183061599731,-0.18778371810913086,0.0005
0.02134798653423786,0.99,9048,318666,5.068630695343018,318565,-7.3737834499999995,35,18.67,17016,0.7359678149223328,0.07945239543914795,0.0005
0.021509885787963867,0.99,9050,318740,4.817039966583252,318639,-7.41683917,35,18.71,17020,2.5550732612609863,-0.038903623819351196,0.0005
0.021395288407802582,0.99,9052,318821,5.187034606933594,318720,-7.376316890000001,35,18.65,17024,0.33964601159095764,-0.1725451946258545,0.0005
0.02115141786634922,0.99,9054,318891,5.110604763031006,318790,-7.3820530600000005,35,18.68,17028,0.5156589150428772,0.3229508697986603,0.0005
0.021492276340723038,0.99,9056,318971,4.882686614990234,318870,-7.375573290000001,35,18.65,17032,0.276231050491333,0.9495792388916016,0.0005
0.021529437974095345,0.99,9058,319045,5.224913597106934,318944,-7.3770140500000005,35,18.65,17036,0.55118727684021,-0.607020378112793,0.0005
0.022045427933335304,1.0,9060,319127,5.5570855140686035,319026,-7.178931870000001,35,18.59,17040,0.26239627599716187,0.35988515615463257,0.0005
0.022811148315668106,1.0,9062,319196,5.400691509246826,319095,-7.131757,35,18.52,17044,0.5808676481246948,1.2217729091644287,0.0005
0.02353544905781746,1.0,9064,319271,5.139930725097656,319170,-7.13454318,35,18.53,17048,0.17994505167007446,0.06324273347854614,0.0005
0.02321985550224781,1.0,9067,319351,5.489761829376221,319250,-7.216823519999999,35,18.63,17052,2.813807964324951,0.12275543808937073,0.0005
0.02352670207619667,1.0,9069,319433,5.066403388977051,319332,-7.3606115,35,18.85,17056,0.2739378809928894,0.28289079666137695,0.0005
0.02312256395816803,1.0,9071,319508,4.289707183837891,319407,-7.4145642700000005,35,18.94,17060,0.24380050599575043,-0.1542655974626541,0.0005
0.02244383655488491,1.0,9073,319576,4.823396682739258,319475,-7.40559375,35,18.92,17064,0.3000754117965698,0.2916034460067749,0.0005
0.022127272561192513,1.0,9076,319660,5.034883499145508,319559,-7.455810340000002,35,19.01,17068,0.2154444456100464,0.6178815960884094,0.0005
0.022100770846009254,1.0,9077,319722,5.148341655731201,319621,-7.36679705,35,18.88,17072,0.4887032210826874,0.23335345089435577,0.0005
0.021961623802781105,1.0,9080,319803,4.6698408126831055,319702,-7.45727183,35,19.02,17076,0.5663171410560608,-0.05549143999814987,0.0005
0.02174522541463375,1.0,9082,319879,5.3036909103393555,319778,-7.36736968,35,18.9,17080,0.462510347366333,-0.2629763185977936,0.0005
0.020842181518673897,1.0,9085,319970,5.174108505249023,319869,-7.463146770000001,35,19.06,17084,1.3211270570755005,-0.4150312542915344,0.0005
0.020366542041301727,1.0,9103,320046,5.057591915130615,319945,-7.465185269999999,35,19.07,17088,0.2816828191280365,-0.7463048696517944,0.0005
0.019925987347960472,1.0,9105,320122,5.059074401855469,320021,-7.42551063,35,19.02,17092,0.44617635011672974,-0.8442652225494385,0.0005
0.020402785390615463,1.0,9107,320189,5.137453079223633,320088,-7.41953097,35,19.01,17096,0.5643121600151062,0.46662431955337524,0.0005
0.020666683092713356,1.0,9109,320271,5.573142051696777,320170,-7.46061981,35,19.07,17100,0.2984158396720886,-0.8014360070228577,0.0005
0.020190317183732986,1.0,9111,320339,5.267706871032715,320238,-7.42081306,35,19.02,17104,0.04379507899284363,-0.7610020637512207,0.0005
0.019594870507717133,1.0,9113,320414,5.211808204650879,320313,-7.463176520000001,35,19.09,17108,0.9134607911109924,0.21824270486831665,0.0005
0.02018256112933159,1.0,9115,320493,4.951823711395264,320392,-7.477103060000001,35,19.15,17112,0.8105195760726929,0.3923901319503784,0.0005
0.020330337807536125,1.0,9117,320560,5.353132724761963,320459,-7.33644854,35,18.94,17116,0.8731296062469482,0.13472364842891693,0.0005
0.0201839841902256,1.0,9119,320640,5.114531517028809,320539,-7.376561390000001,35,19.0,17120,0.2518371641635895,-0.18459773063659668,0.0005
0.020545197650790215,1.0,9121,320723,4.996732711791992,320622,-7.38185635,35,19.02,17124,0.2061784565448761,-0.07413214445114136,0.0005
0.020527983084321022,0.99,9123,320800,5.29551362991333,320699,-7.59404035,35,19.09,17128,0.11884686350822449,0.7240521907806396,0.0005
0.02081611007452011,0.99,9125,320881,5.994357585906982,320780,-7.59583123,35,19.1,17132,1.0569164752960205,0.7013954520225525,0.0005
0.021742960438132286,0.99,9127,320956,5.496344566345215,320855,-7.597831210000001,35,19.11,17136,0.5531275272369385,-0.2698918879032135,0.0005
0.021715156733989716,0.99,9128,321026,5.197574615478516,320925,-7.5111080900000005,35,18.99,17140,0.25563541054725647,-0.07515503466129303,0.0005
0.021208256483078003,0.99,9130,321107,4.95854377746582,321006,-7.597047709999999,35,19.11,17144,1.775350570678711,-0.4372263550758362,0.0005
0.02079181931912899,0.99,9132,321175,5.15383243560791,321074,-7.54844343,35,19.04,17148,0.4325377345085144,-0.2174304723739624,0.0005
0.020797420293092728,0.99,9135,321257,4.923713684082031,321156,-7.550697869999999,35,19.06,17152,0.5784827470779419,-1.0668749809265137,0.0005
0.020719284191727638,0.99,9136,321325,4.947669982910156,321224,-7.45949139,35,18.92,17156,0.42995309829711914,-0.24631547927856445,0.0005
0.02049281820654869,0.99,9138,321405,4.899152755737305,321304,-7.4947267,35,18.97,17160,0.38585811853408813,-0.6901254057884216,0.0005
0.019934160634875298,0.99,9140,321486,5.042835235595703,321385,-7.58430823,35,19.1,17164,0.09160023182630539,0.35985732078552246,0.0005
0.020093820989131927,0.99,9142,321567,5.045904159545898,321466,-7.57423494,35,19.07,17168,0.8822948336601257,0.8137117028236389,0.0005
0.020317476242780685,0.99,9144,321641,4.453275680541992,321540,-7.663269549999999,35,19.19,17172,0.5685620903968811,-0.01909448206424713,0.0005
0.02008136920630932,0.99,9146,321710,4.714809417724609,321609,-7.576204169999999,35,19.07,17176,1.2023701667785645,0.1054808497428894,0.0005
0.02047739364206791,0.98,9148,321788,5.2415924072265625,321687,-7.75595457,35,19.09,17180,0.2767963409423828,0.6909111142158508,0.0005
0.02088082581758499,0.98,9150,321864,5.535971641540527,321763,-7.660960770000002,35,18.94,17184,0.13147106766700745,0.27419087290763855,0.0005
0.021301032975316048,0.98,9152,321943,4.8925700187683105,321842,-7.694076400000001,35,18.97,17188,0.18991509079933167,-0.02007134258747101,0.0005
0.021364998072385788,0.98,9154,322017,4.521475791931152,321916,-7.688089300000001,35,18.95,17192,0.10748191177845001,-0.600738525390625,0.0005
0.021198974922299385,0.98,9156,322083,4.459090232849121,321982,-7.687954479999999,35,18.94,17196,0.657088041305542,-0.1427561491727829,0.0005
0.021335763856768608,0.98,9159,322173,5.704571723937988,322072,-7.73807762,35,19.02,17200,0.26914137601852417,0.5765860676765442,0.0005
0.021453775465488434,0.98,9161,322263,4.384093284606934,322162,-7.881682520000001,35,19.24,17204,0.08769329637289047,-0.6010879874229431,0.0005
0.020915281027555466,0.98,9163,322336,4.603553771972656,322235,-7.87750816,35,19.22,17208,0.4090651869773865,-0.7032651901245117,0.0005
0.02052198350429535,0.98,9166,322417,5.354440689086914,322316,-7.91401555,35,19.24,17212,0.2702208161354065,-0.6421354413032532,0.0005
0.02003251202404499,0.98,9168,322504,5.481556415557861,322403,-8.05021617,35,19.44,17216,0.30592408776283264,0.3719373941421509,0.0005
0.020020246505737305,0.98,9170,322579,5.084118843078613,322478,-8.010339430000002,35,19.39,17220,0.21149128675460815,0.48941588401794434,0.0005
0.020171312615275383,0.98,9172,322646,4.886675834655762,322545,-7.91401421,35,19.23,17224,0.2711756229400635,0.6457370519638062,0.0005
0.020390767604112625,0.99,9173,322706,4.700197219848633,322605,-7.6480798000000005,35,19.06,17228,0.19653984904289246,0.07109752297401428,0.0005
0.02091372013092041,0.99,9175,322780,4.619091987609863,322679,-7.6019792,35,18.99,17232,0.44374120235443115,0.09938311576843262,0.0005
0.021190257743000984,0.99,9177,322846,5.039923667907715,322745,-7.549968870000002,35,18.9,17236,0.1755061149597168,-0.19547109305858612,0.0005
0.021268244832754135,0.99,9179,322922,5.039599895477295,322821,-7.594916840000002,35,18.96,17240,0.9920804500579834,-0.5056878328323364,0.0005
0.02184448018670082,0.99,9181,322989,5.352622985839844,322888,-7.505386390000001,35,18.82,17244,0.12607920169830322,-0.18947678804397583,0.0005
0.02247852087020874,0.98,9183,323065,5.326154708862305,322964,-7.722094640000002,35,18.9,17248,0.8228471279144287,0.7079724669456482,0.0005
0.023006871342658997,0.98,9185,323134,5.230396270751953,323033,-7.637066910000002,35,18.77,17252,0.4220818877220154,0.34742969274520874,0.0005
0.02272942289710045,0.98,9186,323202,4.762042999267578,323101,-7.635241550000002,35,18.77,17256,0.6279009580612183,-0.7429813146591187,0.0005
0.022339576855301857,0.98,9188,323268,4.7989726066589355,323167,-7.544525190000001,35,18.63,17260,0.1192907989025116,-1.24029541015625,0.0005
0.022024216130375862,0.98,9190,323342,5.106286525726318,323241,-7.498341249999999,35,18.56,17264,0.25175753235816956,-0.27572891116142273,0.0005
0.021977568045258522,0.98,9192,323416,5.066032409667969,323315,-7.45713789,35,18.49,17268,0.2714090943336487,-0.7604172825813293,0.0005
0.021851573139429092,0.98,9194,323482,4.9789958000183105,323381,-7.405545979999999,35,18.41,17272,0.9931353330612183,0.3888886570930481,0.0005
0.021680328994989395,0.97,9197,323572,4.691835403442383,323471,-7.709129100000001,35,18.62,17276,0.0882405936717987,-1.0161086320877075,0.0005
0.021648375317454338,0.98,9198,323640,6.731222152709961,323539,-7.48117035,35,18.52,17280,1.4277712106704712,-0.2688964903354645,0.0005
0.022932538762688637,0.98,9200,323713,5.369403839111328,323612,-7.4776437300000005,35,18.49,17284,0.14922957122325897,1.1472125053405762,0.0005
0.02378827892243862,0.98,9202,323789,5.448654651641846,323688,-7.44433953,35,18.46,17288,0.1773717701435089,-0.058611512184143066,0.0005
0.023271076381206512,0.98,9204,323867,4.964632511138916,323766,-7.45250399,35,18.5,17292,0.8517937064170837,-0.14583131670951843,0.0005
0.022951219230890274,0.98,9207,323946,5.688074111938477,323845,-7.545283540000002,35,18.63,17296,0.13728493452072144,-0.6785599589347839,0.0005
0.0225437730550766,0.98,9208,324008,5.297385215759277,323907,-7.359900199999999,35,18.35,17300,0.49898767471313477,0.4281735122203827,0.0005
0.022147806361317635,0.98,9210,324083,4.675536155700684,323982,-7.26776069,35,18.2,17304,0.23724032938480377,0.11167532950639725,0.0005
0.022274188697338104,0.98,9213,324168,5.0540266036987305,324067,-7.327574700000001,35,18.32,17308,0.21959738433361053,0.6505273580551147,0.0005
0.02204430289566517,0.98,9215,324244,5.152548789978027,324143,-7.28589954,35,18.27,17312,0.579236626625061,0.24768206477165222,0.0005
0.021695546805858612,0.98,9217,324319,4.653116703033447,324218,-7.19910902,35,18.15,17316,0.15340568125247955,-0.6646093130111694,0.0005
0.021422551944851875,0.98,9219,324392,4.605027198791504,324291,-7.1911983799999994,35,18.13,17320,1.1872180700302124,-0.8448453545570374,0.0005
0.020818505436182022,0.98,9221,324466,5.596286773681641,324365,-7.23356706,35,18.2,17324,1.262337565422058,0.19095195829868317,0.0005
0.021185755729675293,0.98,9223,324540,5.103371620178223,324439,-7.323630810000001,35,18.34,17328,0.30420011281967163,-0.3018903136253357,0.0005
0.021099479869008064,0.98,9224,324607,5.184797286987305,324506,-7.280034550000002,35,18.27,17332,0.2567669749259949,0.15985289216041565,0.0005
0.021025344729423523,0.96,9227,324695,5.604338645935059,324594,-7.79883643,35,18.49,17336,0.41521626710891724,0.1323682963848114,0.0005
0.021438365802168846,0.96,9228,324769,4.5869317054748535,324668,-7.7906875200000005,35,18.47,17340,0.15374428033828735,-0.2338324934244156,0.0005
0.02111716940999031,0.96,9230,324850,4.9446001052856445,324749,-7.882829179999999,35,18.61,17344,0.3000373840332031,0.16539976000785828,0.0005
0.02114962786436081,0.97,9232,324927,5.7156171798706055,324826,-7.718867120000001,35,18.62,17348,0.17263716459274292,0.07396739721298218,0.0005
0.021010421216487885,0.97,9234,325009,5.57974910736084,324908,-7.80802781,35,18.75,17352,0.8446017503738403,1.070196509361267,0.0005
0.02104644477367401,0.97,9236,325083,4.964242935180664,324982,-7.851301689999999,35,18.81,17356,1.0082231760025024,0.3122404217720032,0.0005
0.021195588633418083,0.97,9238,325165,5.183305263519287,325064,-7.947087379999999,35,18.97,17360,0.3338422477245331,-0.5076839923858643,0.0005
0.020928634330630302,0.97,9240,325225,4.5646653175354,325124,-7.856124850000001,35,18.83,17364,0.2817361056804657,0.21832644939422607,0.0005
0.02050952985882759,0.97,9241,325298,4.777190685272217,325197,-7.8496650599999995,35,18.82,17368,0.45868954062461853,-0.25557664036750793,0.0005
0.020434856414794922,0.97,9243,325365,4.925350189208984,325264,-7.853515059999999,35,18.83,17372,0.3636843264102936,-0.2086535394191742,0.0005
0.020822765305638313,0.98,9245,325439,5.23032283782959,325338,-7.591422769999999,35,18.67,17376,0.2505764961242676,0.16459161043167114,0.0005
0.021301714703440666,0.98,9247,325530,4.792314052581787,325429,-7.7371817599999995,35,18.9,17380,0.09064847975969315,0.5099762678146362,0.0005
0.021253956481814384,0.98,9249,325607,5.023332595825195,325506,-7.745514020000001,35,18.94,17384,0.653565526008606,-0.22393307089805603,0.0005
0.021311379969120026,0.98,9251,325680,5.512475967407227,325579,-7.734965570000001,35,18.91,17388,0.14846473932266235,0.15882375836372375,0.0005
0.021027615293860435,0.98,9253,325749,5.286249160766602,325648,-7.684883590000001,35,18.82,17392,0.3106248378753662,0.7018783092498779,0.0005
0.021259743720293045,0.98,9255,325817,5.37846565246582,325716,-7.59486111,35,18.71,17396,0.6604806780815125,1.117679238319397,0.0005
0.021715372800827026,0.98,9257,325891,4.832557201385498,325790,-7.6830779300000005,35,18.83,17400,0.24015763401985168,-0.26322445273399353,0.0005
0.021842200309038162,0.98,9259,325960,5.441156387329102,325859,-7.6354891899999995,35,18.77,17404,1.0576598644256592,0.5048072338104248,0.0005
0.021508479490876198,0.98,9261,326041,4.909913063049316,325940,-7.625720780000002,35,18.73,17408,0.29585760831832886,-0.8798311352729797,0.0005
0.02098228968679905,0.98,9263,326121,5.378289699554443,326020,-7.661782400000001,35,18.77,17412,0.3479492664337158,0.34673047065734863,0.0005
0.02105783298611641,0.98,9265,326201,4.560254096984863,326100,-7.698678410000002,35,18.82,17416,0.6089412569999695,-0.4903314709663391,0.0005
0.020636875182390213,0.98,9267,326275,5.441247940063477,326174,-7.7041514200000005,35,18.83,17420,0.5902255773544312,-0.050449877977371216,0.0005
0.021133942529559135,0.98,9268,326342,5.073215484619141,326241,-7.65536178,35,18.76,17424,0.6185863614082336,0.4383097290992737,0.0005
0.02148618921637535,0.98,9270,326424,5.345946788787842,326323,-7.703553960000001,35,18.84,17428,0.3137366771697998,0.18744942545890808,0.0005
0.02180430106818676,0.98,9272,326484,5.239300727844238,326383,-7.656469009999999,35,18.77,17432,0.32105475664138794,0.35355618596076965,0.0005
0.02160835824906826,1.0,9274,326576,5.692469596862793,326475,-7.288400000000001,35,18.81,17436,0.1688043475151062,0.2840921878814697,0.0005
0.021652039140462875,1.0,9276,326656,5.25710391998291,326555,-7.334916600000001,35,18.87,17440,0.08464410156011581,-0.8600823283195496,0.0005
0.021366866305470467,1.0,9278,326731,4.90208625793457,326630,-7.2909430099999994,35,18.81,17444,1.3841729164123535,0.030059412121772766,0.0005
0.02160758525133133,1.0,9281,326811,5.3091840744018555,326710,-7.325340300000001,35,18.84,17448,0.23574747145175934,0.13207495212554932,0.0005
0.022185910493135452,1.0,9283,326894,6.235032081604004,326793,-7.32294112,35,18.85,17452,0.41352608799934387,0.20855365693569183,0.0005
0.022255780175328255,1.0,9285,326966,4.535889148712158,326865,-7.31783258,35,18.83,17456,0.07702997326850891,-0.16448597609996796,0.0005
0.022140324115753174,1.0,9287,327038,5.2031097412109375,326937,-7.264775009999999,35,18.73,17460,0.24061253666877747,0.5140518546104431,0.0005
0.022399796172976494,1.0,9289,327120,5.2292070388793945,327019,-7.40668728,35,18.95,17464,0.5976851582527161,0.41725417971611023,0.0005
0.02180694043636322,1.0,9291,327194,4.3796257972717285,327093,-7.4094169800000005,35,18.96,17468,0.6174532175064087,-0.7464046478271484,0.0005
0.021431516855955124,1.0,9293,327277,5.201101303100586,327176,-7.50735579,35,19.12,17472,0.08562972396612167,0.1374157816171646,0.0005
0.02142403833568096,0.99,9296,327354,5.236035346984863,327253,-7.69860382,35,19.15,17476,0.5704450607299805,0.4520922899246216,0.0005
0.021964168176054955,0.99,9297,327414,5.4452924728393555,327313,-7.505131170000002,35,18.84,17480,0.6430604457855225,1.1954964399337769,0.0005
0.022695621475577354,0.99,9300,327503,5.450583457946777,327402,-7.59150539,35,18.96,17484,1.1130510568618774,0.18720069527626038,0.0005
0.02230186201632023,0.99,9302,327575,5.182961463928223,327474,-7.590665139999999,35,18.95,17488,0.9945911765098572,-0.02833080291748047,0.0005
0.02197805419564247,0.99,9304,327659,5.522157192230225,327558,-7.689214940000002,35,19.1,17492,1.4193177223205566,-0.6078851222991943,0.0005
0.021827273070812225,0.99,9306,327740,5.52866792678833,327639,-7.7798529,35,19.23,17496,0.15809717774391174,-0.1304481029510498,0.0005
0.021491922438144684,0.99,9308,327821,4.85572624206543,327720,-7.8230498399999995,35,19.3,17500,0.6649916172027588,0.8975430727005005,0.0005
0.021218735724687576,0.99,9310,327898,5.280570983886719,327797,-7.8730778500000005,35,19.38,17504,0.2949814200401306,-0.12871992588043213,0.0005
0.021192142739892006,0.99,9313,327973,5.599073886871338,327872,-7.831534639999998,35,19.32,17508,1.076991081237793,0.9679778814315796,0.0005
0.02166779525578022,0.99,9314,328034,5.300827980041504,327933,-7.70161534,35,19.13,17512,1.3314447402954102,-0.2430948168039322,0.0005
0.021209869533777237,0.99,9316,328110,5.447320938110352,328009,-7.66558242,35,19.09,17516,0.747492253780365,-0.025805801153182983,0.0005
0.021094968542456627,0.99,9318,328184,5.644030570983887,328083,-7.668374560000002,35,19.09,17520,0.14740578830242157,0.3436626195907593,0.0005
0.020949138328433037,0.99,9320,328252,5.535224437713623,328151,-7.6765329300000005,35,19.1,17524,0.13276977837085724,0.3247329592704773,0.0005
0.02126922830939293,0.99,9322,328322,4.675120830535889,328221,-7.58835843,35,18.98,17528,0.548210620880127,0.45976021885871887,0.0005
0.021571066230535507,0.99,9324,328406,4.628326892852783,328305,-7.733315590000001,35,19.22,17532,0.8881535530090332,-0.10415880382061005,0.0005
0.0215467382222414,0.99,9325,328473,4.44605016708374,328372,-7.585505840000001,35,18.97,17536,0.4332144260406494,-0.15309713780879974,0.0005
0.020889131352305412,0.99,9327,328541,4.989355087280273,328440,-7.4960165399999985,35,18.85,17540,0.5843251347541809,0.3088659644126892,0.0005
0.020859818905591965,0.99,9329,328614,4.66802978515625,328513,-7.486676840000001,35,18.83,17544,0.17231181263923645,-0.17500925064086914,0.0005
0.02076117694377899,0.99,9331,328683,5.1252546310424805,328582,-7.40522153,35,18.72,17548,1.4030005931854248,-0.28618738055229187,0.0005
0.020665554329752922,0.99,9332,328751,5.2422380447387695,328650,-7.31320884,35,18.57,17552,0.5707170367240906,0.16665337979793549,0.0005
0.020758477970957756,0.99,9334,328831,5.0742669105529785,328730,-7.360204169999999,35,18.65,17556,0.1473585069179535,-0.10655014961957932,0.0005
0.02097061090171337,0.99,9336,328898,4.856909275054932,328797,-7.319608259999999,35,18.6,17560,0.2358527034521103,0.22921788692474365,0.0005
0.02069108560681343,0.99,9338,328970,4.576101303100586,328869,-7.26481651,35,18.5,17564,0.6404151320457458,-1.6219432353973389,0.0005
0.020631324499845505,0.99,9341,329052,5.693850517272949,328951,-7.314650650000001,35,18.58,17568,1.3372769355773926,-0.5892723798751831,0.0005
0.021537430584430695,0.99,9343,329118,4.8358073234558105,329017,-7.21339002,35,18.41,17572,0.34600573778152466,0.20827370882034302,0.0005
0.021796217188239098,1.0,9345,329197,5.360254287719727,329096,-7.063090030000001,35,18.43,17576,0.27191293239593506,0.14911256730556488,0.0005
0.021820472553372383,1.0,9347,329278,4.490689277648926,329177,-7.2003211799999995,35,18.64,17580,0.11074088513851166,-0.5102249383926392,0.0005
0.021430715918540955,1.0,9349,329347,4.376497745513916,329246,-7.061277989999999,35,18.44,17584,0.7870379686355591,-0.6680042743682861,0.0005
0.0209789015352726,1.0,9351,329413,4.882806777954102,329312,-7.019451309999998,35,18.38,17588,1.293283224105835,-0.34484630823135376,0.0005
0.020560845732688904,1.0,9353,329486,5.300527572631836,329385,-6.960063889999999,35,18.27,17592,0.5208041071891785,0.3682025074958801,0.0005
0.0208439938724041,1.0,9355,329560,4.723522186279297,329459,-6.914449510000001,35,18.2,17596,0.2323058545589447,0.17676855623722076,0.0005
0.020730875432491302,1.0,9357,329641,5.030646324157715,329540,-6.917339330000001,35,18.2,17600,2.084383487701416,-0.08039110898971558,0.0005
0.020366717129945755,1.0,9359,329710,4.807513236999512,329609,-6.86779574,35,18.12,17604,0.4037594199180603,-0.3974519968032837,0.0005
0.020005011931061745,1.0,9361,329791,5.146100044250488,329690,-6.91038165,35,18.18,17608,0.6789352893829346,0.9583855867385864,0.0005
0.020257102325558662,1.0,9363,329859,4.852866172790527,329758,-6.954123730000001,35,18.25,17612,0.36622384190559387,0.0005924254655838013,0.0005
0.019926713779568672,1.0,9365,329934,5.418390274047852,329833,-6.95306727,35,18.24,17616,0.09954720735549927,-0.41831642389297485,0.0005
0.02048400044441223,0.99,9385,330013,5.024131774902344,329912,-7.13835116,35,18.29,17620,1.603191614151001,-0.01951122283935547,0.0005
0.020655522122979164,0.99,9387,330096,4.5777387619018555,329995,-7.23184314,35,18.44,17624,0.04433632269501686,-0.0020040273666381836,0.0005
0.020525917410850525,0.99,9389,330164,5.060175895690918,330063,-7.22730293,35,18.42,17628,0.3167617619037628,-0.23055167496204376,0.0005
0.020713064819574356,0.99,9391,330246,4.755448818206787,330145,-7.22356124,35,18.4,17632,0.06611170619726181,-1.0081573724746704,0.0005
0.020251067355275154,0.99,9394,330321,5.003739833831787,330220,-7.272394339999998,35,18.48,17636,0.5275360345840454,-0.7533289194107056,0.0005
0.020164696499705315,0.99,9396,330387,4.550771713256836,330286,-7.26904684,35,18.46,17640,0.5690239667892456,-0.26822057366371155,0.0005
0.02000211738049984,0.99,9398,330462,5.575845718383789,330361,-7.2779694699999995,35,18.48,17644,0.2355162352323532,-0.4836241900920868,0.0005
0.01985131949186325,0.99,9400,330538,5.016808986663818,330437,-7.32251256,35,18.55,17648,0.11777041107416153,-0.09076371788978577,0.0005
0.019865989685058594,0.99,9402,330622,5.107105255126953,330521,-7.42022605,35,18.71,17652,0.3326934278011322,0.45916080474853516,0.0005
0.020273959264159203,0.99,9404,330689,5.452959060668945,330588,-7.33275983,35,18.58,17656,1.8755855560302734,1.367570400238037,0.0005
0.02024472877383232,0.99,9406,330770,5.388728618621826,330669,-7.42520746,35,18.72,17660,0.32000112533569336,0.2846870720386505,0.0005
0.020300988107919693,0.99,9408,330838,5.620705604553223,330737,-7.3881580300000005,35,18.68,17664,0.551006019115448,-0.522469162940979,0.0005
0.01998920552432537,0.99,9410,330918,4.40034294128418,330817,-7.381696819999999,35,18.66,17668,0.6614662408828735,-0.49121853709220886,0.0005
0.019582852721214294,0.99,9413,330999,4.885457992553711,330898,-7.475963310000001,35,18.81,17672,1.0753564834594727,-0.8448483943939209,0.0005
0.019480986520648003,0.99,9415,331066,4.533493518829346,330965,-7.38841682,35,18.69,17676,0.5620763301849365,0.16170458495616913,0.0005
0.01962861604988575,0.99,9416,331133,5.128710746765137,331032,-7.296103750000002,35,18.55,17680,0.1932612955570221,0.5720449686050415,0.0005
0.01992836780846119,0.99,9418,331206,4.668395042419434,331105,-7.3374749,35,18.59,17684,0.1428123265504837,1.1440826654434204,0.0005
0.020391283556818962,0.99,9421,331280,4.414803504943848,331179,-7.382504939999999,35,18.67,17688,0.3815155029296875,-0.7683661580085754,0.0005
0.02023322880268097,0.99,9423,331355,5.219263076782227,331254,-7.39073537,35,18.69,17692,0.5667234063148499,0.09468591213226318,0.0005
0.020729541778564453,0.99,9425,331424,5.155112266540527,331323,-7.34980835,35,18.64,17696,0.8518219590187073,-0.383844792842865,0.0005
0.020876917988061905,0.99,9427,331499,4.889237403869629,331398,-7.30374104,35,18.58,17700,0.7039508819580078,-0.28091371059417725,0.0005
0.020823044702410698,0.99,9429,331574,5.518638610839844,331473,-7.345737870000001,35,18.64,17704,0.16488943994045258,0.21362672746181488,0.0005
0.021167147904634476,0.99,9430,331648,5.227786064147949,331547,-7.297621399999998,35,18.57,17708,0.5337801575660706,-0.38625019788742065,0.0005
0.021435165777802467,0.99,9432,331722,4.784305095672607,331621,-7.341613580000001,35,18.63,17712,0.6593227386474609,0.3857240080833435,0.0005
0.021580301225185394,0.99,9434,331805,4.7738823890686035,331704,-7.389750070000002,35,18.71,17716,0.7843296527862549,-0.3568373918533325,0.0005
0.021112769842147827,1.0,9436,331886,4.478304862976074,331785,-7.250886740000001,35,18.73,17720,1.047999382019043,-0.620389997959137,0.0005
0.021134093403816223,1.0,9438,331968,4.681360721588135,331867,-7.248157549999999,35,18.72,17724,1.2801218032836914,-0.20342230796813965,0.0005
0.02079741284251213,1.0,9440,332041,5.2905426025390625,331940,-7.28885587,35,18.77,17728,0.12623728811740875,1.1259278059005737,0.0005
0.021877363324165344,1.0,9442,332124,5.90102481842041,332023,-7.28743626,35,18.78,17732,0.8078023195266724,0.42572021484375,0.0005
0.02251972258090973,1.0,9444,332207,5.7696661949157715,332106,-7.337385290000001,35,18.86,17736,1.6302953958511353,-0.18179002404212952,0.0005
0.021953178569674492,1.0,9446,332282,4.837240695953369,332181,-7.389477279999999,35,18.95,17740,0.12103094160556793,-0.06535869836807251,0.0005
0.021731670945882797,1.0,9448,332359,5.394349098205566,332258,-7.393207619999999,35,18.97,17744,0.3087652623653412,0.3251590430736542,0.0005
0.021829262375831604,1.0,9450,332426,5.354478359222412,332325,-7.33971573,35,18.88,17748,0.11851251870393753,0.33036094903945923,0.0005
0.021343721076846123,1.0,9452,332501,5.140066623687744,332400,-7.28836665,35,18.79,17752,0.09685161709785461,-0.5129277110099792,0.0005
0.020867956802248955,1.0,9454,332577,5.421311855316162,332476,-7.338320249999999,35,18.88,17756,0.19496285915374756,-0.21316099166870117,0.0005
0.020540647208690643,1.0,9456,332652,5.055127143859863,332551,-7.29598097,35,18.82,17760,0.17106984555721283,0.5760891437530518,0.0005
0.02060042694211006,1.0,9458,332735,5.410618782043457,332634,-7.390203799999999,35,18.97,17764,0.6465775966644287,1.0303566455841064,0.0005
0.020637348294258118,0.99,9460,332795,6.017447471618652,332694,-7.459126039999998,35,18.77,17768,0.42971450090408325,0.07755845785140991,0.0005
0.02117057330906391,0.99,9462,332870,5.044360160827637,332769,-7.4174929899999995,35,18.71,17772,0.4413110017776489,0.9257810115814209,0.0005
0.021478423848748207,0.99,9464,332946,4.894078731536865,332845,-7.47116872,35,18.8,17776,0.33749300241470337,-0.04106193780899048,0.0005
0.021665211766958237,0.99,9465,333019,5.174543380737305,332918,-7.51517514,35,18.86,17780,0.8810588121414185,-0.11861145496368408,0.0005
0.021489780396223068,0.99,9468,333102,4.451380729675293,333001,-7.571249659999999,35,18.96,17784,0.5492627620697021,0.3122968077659607,0.0005
0.020891448482871056,0.99,9470,333176,4.697886943817139,333075,-7.57553253,35,18.96,17788,0.17948749661445618,-1.0646635293960571,0.0005
0.02049228921532631,0.99,9472,333243,4.3594560623168945,333142,-7.524068500000001,35,18.88,17792,0.1965905874967575,0.0859108567237854,0.0005
0.02038297802209854,0.99,9474,333318,5.324156284332275,333217,-7.568284800000002,35,18.94,17796,0.9718061685562134,0.556577742099762,0.0005
0.02082105167210102,0.99,9476,333400,5.082737445831299,333299,-7.6148669700000005,35,19.01,17800,0.7346333265304565,0.30019277334213257,0.0005
0.020568743348121643,0.99,9478,333476,4.322418689727783,333375,-7.617759710000001,35,19.02,17804,0.04420346021652222,-1.4573004245758057,0.0005
0.019916683435440063,0.99,9480,333550,5.039546489715576,333449,-7.6205203400000014,35,19.02,17808,1.999070167541504,-0.22811558842658997,0.0005
0.01981264166533947,0.99,9482,333625,4.764311790466309,333524,-7.62507382,35,19.03,17812,0.9627124667167664,-0.1343390941619873,0.0005
0.019581275060772896,0.99,9484,333701,4.705839157104492,333600,-7.57676345,35,18.96,17816,0.356252521276474,-0.4970143139362335,0.0005
0.019397951662540436,0.99,9486,333773,4.855857849121094,333672,-7.522213819999999,35,18.87,17820,0.16422578692436218,0.43578651547431946,0.0005
0.01926562935113907,0.99,9488,333846,5.098034858703613,333745,-7.472030419999999,35,18.78,17824,0.4886905252933502,0.05415526032447815,0.0005
0.0199776291847229,0.99,9490,333926,4.662518501281738,333825,-7.52042941,35,18.85,17828,0.2437349259853363,-1.0007741451263428,0.0005
0.019848033785820007,0.99,9492,334002,4.925928592681885,333901,-7.478388469999999,35,18.78,17832,1.7595434188842773,-0.18626433610916138,0.0005
0.02010270394384861,0.99,9494,334069,5.395451545715332,333968,-7.381706,35,18.62,17836,0.16023805737495422,-0.23935705423355103,0.0005
0.020280418917536736,0.99,9497,334153,5.705867767333984,334052,-7.4358476300000005,35,18.71,17840,0.34457552433013916,1.1763333082199097,0.0005
0.02090837061405182,0.99,9499,334219,5.049254894256592,334118,-7.3798736699999985,35,18.6,17844,0.06883019208908081,-0.1695244312286377,0.0005
0.02144545689225197,0.99,9501,334292,5.324253082275391,334191,-7.425574469999999,35,18.66,17848,0.5718884468078613,0.04379075765609741,0.0005
0.021428590640425682,0.99,9502,334358,5.272058486938477,334257,-7.37521059,35,18.57,17852,0.09031027555465698,-1.0971046686172485,0.0005
0.021032610908150673,0.99,9505,334440,4.624719619750977,334339,-7.419093950000001,35,18.63,17856,0.34637027978897095,-0.7773318886756897,0.0005
0.02076922357082367,0.99,9507,334513,5.090333461761475,334412,-7.41311832,35,18.61,17860,0.5775229930877686,-0.545799970626831,0.0005
0.02040041983127594,0.99,9509,334581,4.9078779220581055,334480,-7.31598197,35,18.46,17864,0.42884543538093567,-0.16532912850379944,0.0005
0.019903169944882393,1.0,9511,334656,4.450047969818115,334555,-7.2076578300000005,35,18.61,17868,0.6912180185317993,-0.34668371081352234,0.0005
0.01939472369849682,1.0,9513,334731,4.751626014709473,334630,-7.207562049999999,35,18.61,17872,0.41123828291893005,0.5593246221542358,0.0005
0.019478023052215576,1.0,9515,334806,4.9952826499938965,334705,-7.2007566999999995,35,18.6,17876,0.3214188516139984,0.3238442838191986,0.0005
0.019805749878287315,1.0,9517,334889,5.76973819732666,334788,-7.26087582,35,18.7,17880,0.9471821188926697,0.8292135000228882,0.0005
0.020120274275541306,1.0,9519,334964,4.855319023132324,334863,-7.211069309999999,35,18.62,17884,0.805336058139801,0.6112178564071655,0.0005
0.020649807527661324,1.0,9521,335039,5.097280979156494,334938,-7.210700219999999,35,18.63,17888,0.896033763885498,0.20936748385429382,0.0005
0.02077156864106655,1.0,9523,335115,4.918896675109863,335014,-7.261188999999999,35,18.72,17892,0.15161952376365662,0.27211809158325195,0.0005
0.021107560023665428,1.0,9525,335189,4.999414920806885,335088,-7.25857578,35,18.71,17896,0.1893848180770874,0.597882091999054,0.0005
0.02096586674451828,1.0,9527,335278,5.799656867980957,335177,-7.308146959999998,35,18.78,17900,0.5154011845588684,0.614507257938385,0.0005
0.020815523341298103,1.0,9529,335352,4.907876968383789,335251,-7.30630096,35,18.76,17904,0.37558281421661377,-0.7913301587104797,0.0005
0.020497333258390427,1.0,9531,335426,5.265573024749756,335325,-7.3058936999999995,35,18.76,17908,0.6724052429199219,0.811762809753418,0.0005
0.020803170278668404,1.0,9533,335501,5.001376628875732,335400,-7.30508858,35,18.76,17912,0.21888382732868195,-0.28505849838256836,0.0005
0.020725376904010773,1.0,9535,335568,4.779467582702637,335467,-7.256267819999998,35,18.67,17916,0.835281252861023,-0.18376803398132324,0.0005
0.020498139783740044,1.0,9537,335629,4.603066444396973,335528,-7.171966199999999,35,18.56,17920,0.1675245761871338,-0.29002895951271057,0.0005
0.020441243425011635,1.0,9538,335705,4.788298606872559,335604,-7.17765043,35,18.59,17924,0.12208336591720581,-0.38371899724006653,0.0005
0.020320983603596687,1.0,9540,335786,4.7604851722717285,335685,-7.180996529999999,35,18.6,17928,0.32888057827949524,-0.3311063051223755,0.0005
0.02015705779194832,1.0,9542,335875,5.375962257385254,335774,-7.267181530000001,35,18.73,17932,0.9011973142623901,0.8106979131698608,0.0005
0.020167745649814606,1.0,9544,335950,4.446147918701172,335849,-7.311474800000001,35,18.81,17936,0.279476523399353,0.6387216448783875,0.0005
0.02000475861132145,1.0,9546,336024,4.733826637268066,335923,-7.25425508,35,18.71,17940,0.2975694537162781,-0.29312413930892944,0.0005
0.019891388714313507,1.0,9547,336092,4.627534866333008,335991,-7.2602955,35,18.73,17944,1.0361323356628418,0.225478857755661,0.0005
0.019663872197270393,1.0,9549,336163,4.780910491943359,336062,-7.254534809999999,35,18.71,17948,0.5333256721496582,-0.02850915491580963,0.0005
0.02022372931241989,0.99,9552,336252,5.2205810546875,336151,-7.5663680100000015,35,18.94,17952,0.46618741750717163,0.6838030219078064,0.0005
0.02040373720228672,0.99,9553,336320,5.129578590393066,336219,-7.47579756,35,18.8,17956,0.4338251054286957,-0.5401689410209656,0.0005
0.020523246377706528,0.98,9555,336404,4.701851844787598,336303,-7.707469770000001,35,18.91,17960,1.1185940504074097,-0.2818529009819031,0.0005
0.020413318648934364,0.98,9557,336477,4.900960922241211,336376,-7.75035436,35,18.96,17964,1.1969919204711914,0.4312293827533722,0.0005
0.020782755687832832,0.98,9559,336558,5.153049468994141,336457,-7.79691914,35,19.02,17968,0.09679874777793884,-0.14641030132770538,0.0005
0.02089110016822815,0.98,9561,336632,5.087852954864502,336531,-7.79360378,35,19.01,17972,0.5488479733467102,-0.3937297463417053,0.0005
0.021518917754292488,0.97,9563,336699,6.051849842071533,336598,-7.95121879,35,18.93,17976,0.7098827362060547,1.1010057926177979,0.0005
0.02263016812503338,0.97,9566,336779,5.09505558013916,336678,-7.939798100000001,35,18.9,17980,0.24555553495883942,0.6723250150680542,0.0005
0.022814787924289703,0.97,9567,336854,5.124888896942139,336753,-7.936447359999999,35,18.9,17984,0.15887579321861267,0.3421884775161743,0.0005
0.02326803468167782,0.97,9569,336927,5.017897605895996,336826,-7.933562909999999,35,18.88,17988,0.2973999083042145,-0.3543434739112854,0.0005
0.02317012846469879,0.97,9571,337002,4.952906131744385,336901,-7.93285124,35,18.87,17992,0.3727627396583557,-0.1044909879565239,0.0005
0.02261422947049141,0.97,9573,337083,4.529610633850098,336982,-7.98181757,35,18.94,17996,0.08082154393196106,-0.8340528607368469,0.0005
0.02173251286149025,0.96,9575,337160,4.958821773529053,337059,-8.06364041,35,18.82,18000,0.5358783006668091,-0.9741792678833008,0.0005
0.021160991862416267,0.96,9577,337239,5.358735084533691,337138,-8.10111935,35,18.87,18004,0.13048195838928223,0.06033037602901459,0.0005
0.020869653671979904,0.96,9578,337306,4.903794288635254,337205,-8.05486446,35,18.8,18008,0.19576752185821533,-0.5450350046157837,0.0005
0.020912352949380875,0.96,9581,337383,5.070996284484863,337282,-8.059077870000003,35,18.82,18012,0.20118829607963562,-1.0346425771713257,0.0005
0.021144036203622818,0.96,9583,337460,5.113036155700684,337359,-8.110492340000002,35,18.92,18016,0.2314928025007248,0.9628148078918457,0.0005
0.021883215755224228,0.96,9585,337536,4.872232437133789,337435,-8.203540349999999,35,19.07,18020,0.5330266952514648,1.4658184051513672,0.0005
0.02211920917034149,0.96,9587,337618,4.925658226013184,337517,-8.245414310000001,35,19.13,18024,0.1083013117313385,0.28558942675590515,0.0005
0.021767502650618553,0.96,9589,337694,4.988677024841309,337593,-8.202217469999999,35,19.08,18028,0.742703914642334,-0.7252894639968872,0.0005
0.021216686815023422,0.96,9591,337769,4.811570167541504,337668,-8.11337204,35,18.94,18032,0.14743876457214355,-0.3633944094181061,0.0005
0.020550044253468513,0.96,9593,337846,5.190447807312012,337745,-8.12385598,35,18.96,18036,0.7362033128738403,-0.33776769042015076,0.0005
0.020740250125527382,0.96,9595,337913,4.796257972717285,337812,-8.077477409999998,35,18.89,18040,0.3814549744129181,-0.28128159046173096,0.0005
0.021123595535755157,0.96,9597,337999,5.06267786026001,337898,-8.208553849999998,35,19.07,18044,0.07146339118480682,0.23789021372795105,0.0005
0.021058762446045876,0.96,9599,338073,4.853983402252197,337972,-8.215402560000001,35,19.1,18048,0.18358582258224487,0.08560915291309357,0.0005
0.020960988476872444,0.97,9601,338139,5.088735580444336,338038,-7.90102735,35,18.87,18052,0.7073398232460022,0.86393141746521,0.0005
0.020675430074334145,0.97,9603,338229,5.479123115539551,338128,-8.04177645,35,19.09,18056,1.0278756618499756,0.3470803201198578,0.0005
0.021623458713293076,0.98,9606,338304,5.1131744384765625,338203,-7.814156300000002,35,19.0,18060,0.8192773461341858,0.6334517002105713,0.0005
0.02198944427073002,0.98,9609,338386,4.759868621826172,338285,-7.864084320000001,35,19.09,18064,0.7332589030265808,-0.3411294221878052,0.0005
0.02202184684574604,0.98,9612,338473,4.877201557159424,338372,-7.903707290000001,35,19.15,18068,0.23254328966140747,-0.5968230366706848,0.0005
0.021583901718258858,0.98,9614,338548,4.5007171630859375,338447,-7.90895016,35,19.16,18072,0.20357902348041534,-0.058546364307403564,0.0005
0.021413737908005714,0.99,9617,338622,4.866669654846191,338521,-7.753838629999999,35,19.23,18076,0.19682970643043518,0.21411120891571045,0.0005
0.021487915888428688,0.98,9619,338706,4.749896049499512,338605,-7.93705204,35,19.27,18080,0.14885732531547546,-0.7700808048248291,0.0005
0.021123787388205528,0.98,9621,338780,4.8466572761535645,338679,-7.93463032,35,19.26,18084,0.23901274800300598,-0.1681518405675888,0.0005
0.021840782836079597,0.98,9623,338867,5.459881782531738,338766,-8.02349186,35,19.4,18088,0.6061092615127563,-0.4736119210720062,0.0005
0.021704228594899178,0.98,9625,338934,4.3950514793396,338833,-7.972115389999999,35,19.32,18092,0.16057604551315308,-0.30035918951034546,0.0005
0.02159462496638298,0.97,9627,339012,4.971271514892578,338911,-8.104861159999999,35,19.29,18096,1.0798892974853516,-0.27191734313964844,0.0005
0.02173759415745735,0.98,9629,339093,5.041880130767822,338992,-7.969612389999998,35,19.33,18100,0.27436769008636475,0.44399139285087585,0.0005
0.021877406165003777,0.98,9631,339168,5.719651222229004,339067,-7.932231150000002,35,19.29,18104,1.3047715425491333,1.6393132209777832,0.0005
0.022635623812675476,0.98,9633,339228,4.8051981925964355,339127,-7.88436553,35,19.22,18108,0.39957302808761597,-0.7229109406471252,0.0005
0.0222275722771883,0.98,9635,339303,4.549322128295898,339202,-7.878216920000001,35,19.2,18112,0.27935791015625,0.08377602696418762,0.0005
0.022253042086958885,0.98,9636,339363,4.696154594421387,339262,-7.78146901,35,19.03,18116,0.2086687982082367,-0.48442816734313965,0.0005
0.021626964211463928,0.98,9638,339443,4.834607124328613,339342,-7.820289900000001,35,19.07,18120,0.461516410112381,-0.15686309337615967,0.0005
0.02132590115070343,0.98,9640,339526,5.721432209014893,339425,-7.8220519100000026,35,19.08,18124,1.5838325023651123,-0.21673879027366638,0.0005
0.022077539935708046,0.97,9642,339604,6.125453948974609,339503,-7.99515341,35,19.1,18128,1.5209932327270508,0.6446770429611206,0.0005
0.022922487929463387,0.97,9644,339678,5.490050315856934,339577,-7.990746200000001,35,19.09,18132,0.7623113393783569,-0.7580296993255615,0.0005
0.022569555789232254,0.96,9646,339753,4.867956638336182,339652,-8.14766996,35,19.07,18136,0.642849326133728,-0.969853401184082,0.0005
0.022163858637213707,0.96,9648,339827,4.885729789733887,339726,-8.19492688,35,19.14,18140,1.282305359840393,0.07544735819101334,0.0005
0.02116088569164276,0.96,9651,339914,5.026970863342285,339813,-8.19639165,35,19.15,18144,0.11222516000270844,-1.8053686618804932,0.0005
0.02053818479180336,0.96,9652,339988,4.673043251037598,339887,-8.1970509,35,19.15,18148,0.5580840110778809,-1.0431573390960693,0.0005
0.019698642194271088,0.96,9670,340057,5.143562316894531,339956,-8.2073461,35,19.18,18152,2.8809614181518555,-0.19061648845672607,0.0005
0.01954767107963562,0.96,9673,340144,5.269865036010742,340043,-8.196769589999999,35,19.15,18156,0.1826324611902237,1.1276649236679077,0.0005
0.019758440554142,0.96,9675,340211,4.777202606201172,340110,-8.1510376,35,19.07,18160,0.9561386704444885,0.14299839735031128,0.0005
0.01986127719283104,0.96,9677,340293,4.927908897399902,340192,-8.14964615,35,19.07,18164,1.4164226055145264,0.24067741632461548,0.0005
0.01940765604376793,0.96,9679,340381,4.747800350189209,340280,-8.14991366,35,19.08,18168,0.7360240817070007,0.4639880657196045,0.0005
0.019349608570337296,0.96,9681,340457,4.395660400390625,340356,-8.14606479,35,19.09,18172,0.7811411619186401,-0.13798075914382935,0.0005
0.019555456936359406,0.96,9683,340538,4.321303367614746,340437,-8.1870687,35,19.16,18176,0.2021583616733551,-0.0760917067527771,0.0005
0.019442519173026085,0.97,9685,340621,5.162058353424072,340520,-8.006676500000001,35,19.15,18180,0.7909713983535767,-0.34012049436569214,0.0005
0.019062450155615807,0.97,9687,340697,5.125744819641113,340596,-8.01221057,35,19.17,18184,0.14376245439052582,0.11502441763877869,0.0005
0.01903596706688404,0.97,9689,340787,5.121030807495117,340686,-8.02270394,35,19.2,18188,0.1427973508834839,-0.25346824526786804,0.0005
0.018789540976285934,0.97,9691,340861,4.88227653503418,340760,-8.06934491,35,19.27,18192,0.11585771292448044,-0.11469799280166626,0.0005
0.01860491931438446,0.98,9693,340929,4.758317947387695,340828,-7.845637040000001,35,19.17,18196,0.3305813670158386,-0.18683624267578125,0.0005
0.018442122265696526,0.98,9695,340998,4.692604064941406,340897,-7.762219730000001,35,19.05,18200,0.15126153826713562,-0.7491410970687866,0.0005
0.01845107413828373,0.98,9697,341066,4.889101028442383,340965,-7.715652730000001,35,18.98,18204,2.9408040046691895,0.1287524700164795,0.0005
0.01848278008401394,0.98,9699,341136,5.046164512634277,341035,-7.7671308,35,19.08,18208,0.7348366975784302,0.9119194746017456,0.0005
0.018772143870592117,0.98,9701,341211,5.178132057189941,341110,-7.768177339999999,35,19.08,18212,0.18644127249717712,1.0142085552215576,0.0005
0.01932673342525959,0.98,9703,341279,5.047989845275879,341178,-7.815697779999999,35,19.16,18216,0.7825987339019775,0.27822309732437134,0.0005
0.019527673721313477,0.98,9705,341347,5.137470245361328,341246,-7.728856070000001,35,19.04,18220,0.1421789526939392,0.024152502417564392,0.0005
0.019742155447602272,0.98,9707,341430,5.031196117401123,341329,-7.731504900000001,35,19.04,18224,0.9282034635543823,0.7641531229019165,0.0005
0.020832452923059464,0.99,9709,341503,5.815234184265137,341402,-7.54812229,35,18.99,18228,0.8914994597434998,1.0186858177185059,0.0005
0.021085314452648163,0.99,9711,341586,5.186479568481445,341485,-7.599902220000001,35,19.08,18232,0.16651204228401184,0.10697779059410095,0.0005
0.021194472908973694,1.0,9713,341667,4.473601341247559,341566,-7.476785680000001,35,19.14,18236,0.449802428483963,0.34076428413391113,0.0005
0.020644739270210266,0.99,9715,341735,4.307792663574219,341634,-7.62320844,35,19.08,18240,0.6764028072357178,-1.5285351276397705,0.0005
0.020592305809259415,0.99,9717,341802,5.113953590393066,341701,-7.489574869999999,35,18.88,18244,0.2582799792289734,-0.41897690296173096,0.0005
0.020579367876052856,0.99,9719,341883,4.714373588562012,341782,-7.53753707,35,18.95,18248,1.5951106548309326,0.37568891048431396,0.0005
0.020949218422174454,0.99,9720,341950,5.786464691162109,341849,-7.531154989999999,35,18.93,18252,0.6301987171173096,-0.24545016884803772,0.0005
0.020958440378308296,0.99,9722,342010,5.146319389343262,341909,-7.347898110000001,35,18.66,18256,0.16659627854824066,-0.020610153675079346,0.0005
0.020657703280448914,0.99,9724,342077,4.986966609954834,341976,-7.346845239999999,35,18.66,18260,0.11369682848453522,0.15410394966602325,0.0005
0.020091842859983444,0.99,9725,342145,4.759518623352051,342044,-7.255069930000001,35,18.52,18264,0.6438380479812622,-0.8628244400024414,0.0005
0.019534751772880554,0.99,9727,342224,5.343581199645996,342123,-7.209300350000001,35,18.43,18268,0.35833752155303955,0.21048694849014282,0.0005
0.019553782418370247,0.99,9729,342298,4.150394916534424,342197,-7.20850883,35,18.41,18272,0.10261126607656479,-0.4647189974784851,0.0005
0.019243046641349792,0.99,9732,342387,4.5861992835998535,342286,-7.260412760000001,35,18.49,18276,1.7507190704345703,0.338100790977478,0.0005
0.020036738365888596,0.99,9734,342462,4.929153919219971,342361,-7.21119091,35,18.41,18280,0.2594981789588928,0.32078200578689575,0.0005
0.020480405539274216,0.99,9735,342522,5.396866798400879,342421,-7.115724439999999,35,18.25,18284,1.226363182067871,0.5247148275375366,0.0005
0.020256387069821358,0.99,9737,342601,5.0307817459106445,342500,-7.0561367299999995,35,18.14,18288,1.121267318725586,-0.009020641446113586,0.0005
0.020097404718399048,0.99,9739,342692,4.760835647583008,342591,-7.158504850000002,35,18.31,18292,0.06203759089112282,-0.3074798285961151,0.0005
0.020227117463946342,0.99,9741,342767,5.084524154663086,342666,-7.201052059999999,35,18.38,18296,0.4479999244213104,0.5339621305465698,0.0005
0.02034660056233406,0.99,9743,342849,5.361733436584473,342748,-7.286723509999999,35,18.51,18300,1.5232897996902466,0.2934117913246155,0.0005
0.020626898854970932,0.99,9745,342928,4.697030067443848,342827,-7.36941411,35,18.62,18304,0.18873609602451324,0.30684569478034973,0.0005
0.020596910268068314,0.99,9747,342997,5.005701065063477,342896,-7.367241260000001,35,18.61,18308,0.18150892853736877,0.1012401282787323,0.0005
0.020322175696492195,0.99,9749,343058,5.1594085693359375,342957,-7.273804190000002,35,18.47,18312,0.5047580599784851,0.41607043147087097,0.0005
0.020355267450213432,0.99,9751,343130,4.407483100891113,343029,-7.3086533299999985,35,18.51,18316,2.280463695526123,0.5424646139144897,0.0005
0.02068624272942543,0.98,9753,343206,5.302011489868164,343105,-7.52520953,35,18.59,18320,0.35592445731163025,-0.49728718400001526,0.0005
0.021126123145222664,0.98,9754,343281,5.044926166534424,343180,-7.477439520000002,35,18.51,18324,0.3190540075302124,0.32351213693618774,0.0005
0.0214844923466444,0.98,9757,343369,5.087363243103027,343268,-7.5768166599999995,35,18.66,18328,0.88509202003479,-0.1565190851688385,0.0005
0.02140764333307743,0.98,9759,343442,5.34197998046875,343341,-7.518517790000001,35,18.56,18332,0.15078842639923096,-0.45903247594833374,0.0005
0.02117483876645565,0.98,9761,343517,5.3955888748168945,343416,-7.476402730000001,35,18.5,18336,1.8272275924682617,0.5629788637161255,0.0005
0.02129603736102581,0.99,9763,343590,5.225356578826904,343489,-7.3227267,35,18.55,18340,0.22947560250759125,0.2596837282180786,0.0005
0.021159950643777847,0.99,9765,343663,4.831654071807861,343562,-7.36385048,35,18.61,18344,0.349018931388855,-0.3627379536628723,0.0005
0.021131714805960655,0.99,9767,343736,4.566803932189941,343635,-7.31272097,35,18.53,18348,0.5606410503387451,-0.6757774949073792,0.0005
0.021078312769532204,0.99,9769,343803,5.238659858703613,343702,-7.31320043,35,18.53,18352,1.374265193939209,-0.24008670449256897,0.0005
0.021205415949225426,0.99,9770,343877,4.80919075012207,343776,-7.4050331300000005,35,18.67,18356,0.5135310292243958,0.06293678283691406,0.0005
0.02132222056388855,0.99,9773,343959,4.821744918823242,343858,-7.4974960799999995,35,18.82,18360,0.28397929668426514,0.1464100331068039,0.0005
0.020809520035982132,0.99,9774,344034,5.160610198974609,343933,-7.5445869,35,18.89,18364,0.2939317226409912,-1.2373037338256836,0.0005
0.020926862955093384,0.99,9776,344101,5.01606559753418,344000,-7.45320601,35,18.77,18368,0.8644001483917236,0.2929452955722809,0.0005
0.02109822817146778,0.99,9779,344180,5.066948890686035,344079,-7.490243520000002,35,18.82,18372,0.8124330043792725,-0.1783885955810547,0.0005
0.020662331953644753,0.99,9780,344246,5.568313121795654,344145,-7.343348120000001,35,18.59,18376,0.26588571071624756,0.29158368706703186,0.0005
0.02044285647571087,0.99,9782,344313,4.608897686004639,344212,-7.2973772299999995,35,18.51,18380,0.34456780552864075,0.47809988260269165,0.0005
0.02042573317885399,0.99,9784,344387,4.813148021697998,344286,-7.38571725,35,18.65,18384,0.24603107571601868,0.6442620754241943,0.0005
0.020773183554410934,0.99,9786,344454,4.695520877838135,344353,-7.299436240000001,35,18.53,18388,0.5626178979873657,0.9116184711456299,0.0005
0.021040335297584534,0.99,9788,344527,5.050900459289551,344426,-7.19638973,35,18.35,18392,1.5605182647705078,0.28977447748184204,0.0005
0.0215549748390913,0.99,9790,344593,4.7727203369140625,344492,-7.143589259999999,35,18.26,18396,0.13763314485549927,-0.1066625714302063,0.0005
0.02140950597822666,0.99,9792,344679,4.9338531494140625,344578,-7.18455831,35,18.3,18400,0.24846148490905762,0.044396303594112396,0.0005
0.021698806434869766,0.99,9794,344745,4.6887664794921875,344644,-7.094341680000001,35,18.17,18404,0.17187659442424774,0.16053393483161926,0.0005
0.02162400633096695,0.99,9796,344813,5.192449569702148,344712,-7.091899940000001,35,18.16,18408,0.4144851565361023,0.3717491924762726,0.0005
0.021587880328297615,0.99,9798,344886,5.09567928314209,344785,-7.17771429,35,18.28,18412,0.15078964829444885,-0.11635243892669678,0.0005
0.021306751295924187,0.99,9801,344967,5.001838684082031,344866,-7.23512924,35,18.37,18416,0.13500644266605377,-0.6947158575057983,0.0005
0.021053381264209747,1.0,9802,345027,4.901683330535889,344926,-6.971564090000002,35,18.21,18420,0.11047136038541794,0.37505561113357544,0.0005
0.020853130146861076,1.0,9804,345087,4.79919958114624,344986,-6.875747019999999,35,18.06,18424,0.6389762163162231,0.17260012030601501,0.0005
0.02039734646677971,1.0,9806,345154,4.613450050354004,345053,-6.735884879999999,35,17.85,18428,0.5137206315994263,0.38596612215042114,0.0005
0.019892437383532524,1.0,9808,345230,4.6976494789123535,345129,-6.745252189999999,35,17.88,18432,0.690590500831604,-0.6242130398750305,0.0005
0.019533583894371986,1.0,9810,345297,4.892310619354248,345196,-6.69752983,35,17.8,18436,2.116218328475952,-0.2090434432029724,0.0005
0.019885363057255745,1.0,9812,345364,4.605001449584961,345263,-6.65554245,35,17.74,18440,0.09711809456348419,0.5971232652664185,0.0005
0.020310550928115845,1.0,9814,345431,4.616288185119629,345330,-6.6128990199999995,35,17.68,18444,0.054931409657001495,-0.4265776574611664,0.0005
0.02011321857571602,1.0,9816,345506,4.581441879272461,345405,-6.6167891899999995,35,17.7,18448,0.12819558382034302,-0.2971991002559662,0.0005
0.019707519561052322,1.0,9818,345582,5.115805625915527,345481,-6.666914919999999,35,17.79,18452,0.0523294061422348,0.121770478785038,0.0005
0.020073067396879196,1.0,9820,345665,5.393406391143799,345564,-6.721236779999998,35,17.88,18456,0.23208214342594147,0.2677265405654907,0.0005
0.020061960443854332,1.0,9822,345733,5.571277618408203,345632,-6.630742120000001,35,17.74,18460,0.8314372897148132,0.22288787364959717,0.0005
0.02034161426126957,1.0,9824,345815,5.7844133377075195,345714,-6.6760173599999995,35,17.81,18464,1.2158154249191284,-1.1911602020263672,0.0005
0.020812872797250748,0.99,9827,345900,4.962790012359619,345799,-6.95082323,35,17.99,18468,0.06877601891756058,-0.2716449499130249,0.0005
0.020747732371091843,0.99,9829,345968,5.015139579772949,345867,-6.869160819999999,35,17.88,18472,0.30894988775253296,-0.5698150396347046,0.0005
0.02062237821519375,0.99,9831,346049,5.292148590087891,345948,-6.967234950000001,35,18.03,18476,0.6666317582130432,0.8498130440711975,0.0005
0.02091997303068638,0.99,9833,346121,4.9026031494140625,346020,-7.006927230000001,35,18.08,18480,0.42074719071388245,-0.0009963512420654297,0.0005
0.02059071511030197,0.99,9835,346197,5.0553388595581055,346096,-7.013917270000002,35,18.1,18484,0.6125400066375732,-0.21913084387779236,0.0005
0.020267469808459282,0.99,9837,346273,4.710415363311768,346172,-7.06680163,35,18.19,18488,1.083754539489746,-0.27384352684020996,0.0005
0.01973755843937397,0.99,9839,346349,4.7669172286987305,346248,-7.074236190000001,35,18.22,18492,1.6681954860687256,-0.9867030382156372,0.0005
0.019315503537654877,0.99,9841,346436,4.8811516761779785,346335,-7.21416874,35,18.43,18496,0.3113279938697815,0.5493572354316711,0.0005
0.019389064982533455,0.99,9844,346517,4.512699127197266,346416,-7.173946319999999,35,18.38,18500,0.24128587543964386,-0.2792888283729553,0.0005
0.019371436908841133,0.99,9846,346592,5.530345916748047,346491,-7.22854688,35,18.47,18504,0.8965049982070923,-0.1217162013053894,0.0005
0.020281177014112473,0.99,9848,346660,5.176077842712402,346559,-7.229599070000001,35,18.47,18508,0.3972691297531128,-0.1532333493232727,0.0005
0.020194362848997116,0.99,9850,346735,4.600857734680176,346634,-7.237104909999999,35,18.49,18512,0.0636092871427536,0.016088038682937622,0.0005
0.020147789269685745,0.99,9852,346822,4.6303205490112305,346721,-7.276503890000002,35,18.55,18516,0.23898452520370483,-0.2653135061264038,0.0005
0.020180553197860718,0.99,9855,346903,4.293514251708984,346802,-7.414379070000001,35,18.76,18520,0.6591974496841431,-0.14079312980175018,0.0005
0.02045103721320629,0.99,9857,346985,4.58419942855835,346884,-7.55476819,35,18.98,18524,0.23901668190956116,-1.0594253540039062,0.0005
0.0204551350325346,0.99,9859,347053,5.413650989532471,346952,-7.556323999999998,35,18.99,18528,0.135199636220932,0.5546000003814697,0.0005
0.020545221865177155,0.99,9861,347120,5.211804389953613,347019,-7.50386344,35,18.9,18532,1.27816641330719,1.0176539421081543,0.0005
0.021442506462335587,0.99,9863,347185,5.1383819580078125,347084,-7.4977225999999995,35,18.88,18536,0.356545627117157,0.6070610880851746,0.0005
0.021590998396277428,0.99,9865,347259,4.706182479858398,347158,-7.547050230000001,35,18.95,18540,1.4829695224761963,0.4576849341392517,0.0005
0.02150661312043667,0.99,9866,347326,5.079821586608887,347225,-7.546798080000001,35,18.95,18544,2.1080784797668457,0.14882825314998627,0.0005
0.02139335125684738,0.99,9869,347413,4.973361015319824,347312,-7.63394935,35,19.07,18548,0.25800779461860657,0.022151820361614227,0.0005
0.02120835706591606,0.99,9871,347489,4.569319248199463,347388,-7.633578020000001,35,19.07,18552,0.6234116554260254,-0.6216128468513489,0.0005
0.02104198932647705,0.99,9873,347549,4.620849132537842,347448,-7.488801510000001,35,18.84,18556,0.6547906398773193,-0.7187186479568481,0.0005
0.021014124155044556,0.99,9875,347629,4.812234878540039,347528,-7.575515540000001,35,18.96,18560,0.2002508044242859,-0.5671117901802063,0.0005
0.020784884691238403,0.99,9878,347703,5.019188404083252,347602,-7.52711723,35,18.88,18564,0.06717474013566971,-0.3184480369091034,0.0005
0.02101990208029747,1.0,9880,347779,5.0591511726379395,347678,-7.306742730000001,35,18.79,18568,1.1925820112228394,-0.1526292860507965,0.0005
0.020340479910373688,0.99,9882,347862,5.937585830688477,347761,-7.57183529,35,18.94,18572,0.4617602229118347,0.6788338422775269,0.0005
0.02073533833026886,0.99,9884,347932,5.082571983337402,347831,-7.48355889,35,18.83,18576,0.6197978258132935,-0.3242295980453491,0.0005
0.020735271275043488,0.99,9886,347994,4.9089813232421875,347893,-7.400078540000001,35,18.73,18580,0.1362430602312088,-0.5192165374755859,0.0005
0.02068180963397026,0.99,9887,348062,4.804473876953125,347961,-7.354091449999999,35,18.65,18584,0.6819347739219666,-0.9717181324958801,0.0005
0.02088668756186962,0.99,9889,348136,4.4811553955078125,348035,-7.34688298,35,18.63,18588,0.05857725441455841,-0.9508997797966003,0.0005
0.020199662074446678,0.99,9891,348211,4.505706787109375,348110,-7.34364674,35,18.62,18592,0.511084794998169,0.0110444575548172,0.0005
0.019630787894129753,0.99,9894,348290,4.582217216491699,348189,-7.29679279,35,18.54,18596,1.1524434089660645,0.2067251205444336,0.0005
0.019492950290441513,0.99,9896,348379,4.676463603973389,348278,-7.3444067099999994,35,18.62,18600,0.7440568208694458,0.2539089322090149,0.0005
0.01912437379360199,0.99,9898,348453,5.866503715515137,348352,-7.34044407,35,18.61,18604,0.3834085464477539,-0.3812668025493622,0.0005
0.01916138455271721,0.99,9900,348533,4.890107154846191,348432,-7.42682082,35,18.73,18608,0.21028731763362885,-1.494530439376831,0.0005
0.01925705187022686,0.99,9902,348607,4.622197151184082,348506,-7.425127449999999,35,18.72,18612,1.2358431816101074,-0.6734297275543213,0.0005
0.019427914172410965,0.99,9905,348681,4.79681396484375,348580,-7.336210629999998,35,18.59,18616,0.3931293487548828,-0.12113592028617859,0.0005
0.019314808771014214,0.99,9906,348750,4.612133979797363,348649,-7.25025508,35,18.47,18620,0.7080568075180054,-0.004380680620670319,0.0005
0.019608810544013977,0.99,9908,348810,6.029967308044434,348709,-7.111289199999999,35,18.25,18624,0.5780523419380188,1.056944727897644,0.0005
0.020458104088902473,0.99,9910,348891,5.919825077056885,348790,-7.2025815799999995,35,18.38,18628,0.654249906539917,-0.6405608654022217,0.0005
0.020639866590499878,0.99,9912,348957,4.653831958770752,348856,-7.20168384,35,18.37,18632,0.2956031858921051,-0.19694916903972626,0.0005
0.020594501867890358,0.99,9914,349037,5.128883361816406,348936,-7.2967109500000005,35,18.52,18636,0.41716060042381287,0.14641700685024261,0.0005
0.02073565125465393,0.99,9916,349102,5.417278289794922,349001,-7.246806230000001,35,18.43,18640,0.3510763347148895,1.2343310117721558,0.0005
0.02111406810581684,0.99,9918,349177,4.937145709991455,349076,-7.297046110000001,35,18.51,18644,0.4645370543003082,-0.643829345703125,0.0005
0.021058600395917892,0.99,9920,349249,4.634882926940918,349148,-7.203540510000002,35,18.36,18648,0.17043721675872803,-0.050624117255210876,0.0005
0.020788874477148056,0.99,9921,349322,4.942704200744629,349221,-7.201667670000001,35,18.33,18652,0.24805662035942078,-0.1246863305568695,0.0005
0.021019071340560913,0.99,9924,349412,4.960114479064941,349311,-7.394899500000001,35,18.63,18656,0.1792556643486023,0.493336021900177,0.0005
0.021184124052524567,0.99,9926,349490,4.893225193023682,349389,-7.38645893,35,18.61,18660,0.3640005588531494,-0.23471903800964355,0.0005
0.020758772268891335,0.99,9928,349563,4.935009956359863,349462,-7.3872415,35,18.6,18664,0.290071040391922,-0.3673551678657532,0.0005
0.020713869482278824,0.99,9930,349637,4.680570125579834,349536,-7.380850390000001,35,18.58,18668,0.8940005302429199,-0.5882273316383362,0.0005
0.020819440484046936,1.0,9932,349719,4.778344631195068,349618,-7.2076660200000005,35,18.57,18672,0.7088539600372314,-0.46081143617630005,0.0005
0.020783938467502594,1.0,9934,349792,5.085679054260254,349691,-7.248190559999999,35,18.6,18676,0.1358320116996765,0.3900063633918762,0.0005
0.020746640861034393,1.0,9936,349859,4.591958045959473,349758,-7.29312242,35,18.65,18680,0.9692726135253906,0.8349900245666504,0.0005
0.02097252570092678,1.0,9938,349932,4.544323921203613,349831,-7.331926470000001,35,18.7,18684,0.145414799451828,-0.50895094871521,0.0005
0.02058953233063221,1.0,9956,350019,4.580151081085205,349918,-7.423008839999999,35,18.83,18688,0.10005228221416473,0.030184537172317505,0.0005
0.021006304770708084,1.0,9959,350098,5.1315507888793945,349997,-7.458742610000002,35,18.87,18692,0.16119319200515747,-0.10094919800758362,0.0005
0.021028073504567146,1.0,9961,350178,5.069965362548828,350077,-7.459005259999999,35,18.88,18696,0.40351495146751404,0.2016911804676056,0.0005
0.021561626344919205,1.0,9963,350251,5.179306507110596,350150,-7.36117194,35,18.72,18700,0.12336709350347519,-0.0145372673869133,0.0005
0.021762507036328316,1.0,9965,350317,4.811103820800781,350216,-7.311869669999997,35,18.64,18704,0.14826536178588867,0.35946279764175415,0.0005
0.021428829059004784,0.99,9967,350385,4.821691513061523,350284,-7.43000434,35,18.52,18708,0.39839068055152893,0.6593924760818481,0.0005
0.021897533908486366,0.99,9969,350459,4.7717084884643555,350358,-7.42892529,35,18.52,18712,0.26222145557403564,-0.9032391309738159,0.0005
0.02183341607451439,0.99,9971,350526,5.341892242431641,350425,-7.38291223,35,18.45,18716,0.10220175981521606,-0.33977141976356506,0.0005
0.022063983604311943,0.99,9973,350593,5.126594543457031,350492,-7.374938149999999,35,18.43,18720,0.13688066601753235,-0.49662184715270996,0.0005
0.021432243287563324,0.99,9975,350667,5.270777702331543,350566,-7.466790110000001,35,18.57,18724,0.5773489475250244,-0.20962411165237427,0.0005
0.02132202684879303,0.99,9977,350741,5.150513648986816,350640,-7.418530850000001,35,18.5,18728,0.7969751358032227,0.2926251292228699,0.0005
0.021032173186540604,0.99,9979,350830,4.960432052612305,350729,-7.56513384,35,18.73,18732,0.07355731725692749,0.5474376678466797,0.0005
0.021159067749977112,0.98,9981,350903,4.901125907897949,350802,-7.71584294,35,18.66,18736,0.2926977276802063,-0.3926113545894623,0.0005
0.02114860899746418,0.98,9984,350980,5.010092735290527,350879,-7.77516751,35,18.78,18740,0.3899693489074707,-0.09832890331745148,0.0005
0.02114122360944748,0.98,9985,351040,4.749517440795898,350939,-7.67854292,35,18.63,18744,0.10844716429710388,0.20242184400558472,0.0005
0.02136588841676712,0.98,9988,351121,5.499443531036377,351020,-7.72551006,35,18.72,18748,0.17000296711921692,0.5496083498001099,0.0005
0.022378822788596153,0.98,9990,351193,5.124751567840576,351092,-7.715848340000001,35,18.71,18752,0.9538328647613525,0.2793722152709961,0.0005
0.022805318236351013,0.98,9992,351275,4.613984107971191,351174,-7.66395902,35,18.63,18756,0.827582597732544,-0.07545454800128937,0.0005
0.02212749607861042,0.98,9994,351349,5.076565742492676,351248,-7.627299890000001,35,18.59,18760,0.4417193531990051,-0.33097901940345764,0.0005
0.02207306958734989,0.98,9996,351429,4.529423713684082,351328,-7.670264499999999,35,18.66,18764,0.3981704115867615,-0.12182347476482391,0.0005
0.021755089983344078,0.98,9999,351511,4.56165885925293,351410,-7.71881851,35,18.74,18768,0.37256962060928345,-0.8842339515686035,0.0005
0.021084846928715706,0.98,10000,351586,4.283034324645996,351485,-7.67112801,35,18.67,18772,0.1971430480480194,-0.7785244584083557,0.0005
0.020776478573679924,0.98,10002,351652,4.869704723358154,351551,-7.621925550000001,35,18.6,18776,0.22467267513275146,-0.19798824191093445,0.0005
0.020405665040016174,0.98,10004,351719,5.154197692871094,351618,-7.6235526600000005,35,18.6,18780,0.5841590166091919,-1.1157288551330566,0.0005
0.020245714113116264,0.98,10005,351786,4.76399564743042,351685,-7.582519929999998,35,18.54,18784,0.29367533326148987,0.4615253806114197,0.0005
0.02020397037267685,0.98,10007,351846,4.387072563171387,351745,-7.40443726,35,18.27,18788,0.4738616645336151,-0.7413036227226257,0.0005
0.02025693841278553,0.98,10009,351912,4.6879401206970215,351811,-7.314654899999999,35,18.14,18792,0.3391529321670532,0.6189239025115967,0.0005
0.020290642976760864,0.98,10010,351979,4.888680458068848,351878,-7.22671024,35,18.01,18796,1.2907617092132568,0.5787906050682068,0.0005
0.02048756554722786,0.98,10013,352052,5.166988372802734,351951,-7.226398969999999,35,18.01,18800,0.2494497299194336,-0.07737676054239273,0.0005
0.020228160545229912,0.98,10015,352120,4.66325569152832,352019,-7.232931310000001,35,18.03,18804,0.17614293098449707,-0.7303557395935059,0.0005
0.019557246938347816,0.99,10017,352194,4.48137092590332,352093,-7.071192040000001,35,18.09,18808,0.15685614943504333,-0.10479328036308289,0.0005
0.01931360550224781,0.99,10019,352261,5.152027130126953,352160,-7.025562189999999,35,18.02,18812,0.2385290563106537,0.4055822193622589,0.0005
0.019211815670132637,0.99,10020,352322,4.721538543701172,352221,-6.983380229999998,35,17.96,18816,0.40999507904052734,-0.8860151767730713,0.0005
0.018639039248228073,0.99,10022,352410,4.399609088897705,352309,-7.12013657,35,18.17,18820,0.2307758927345276,-0.18562868237495422,0.0005
0.018553394824266434,0.99,10024,352484,4.914036750793457,352383,-7.11841628,35,18.17,18824,0.1964225471019745,-0.7093636989593506,0.0005
0.018632646650075912,0.99,10026,352550,5.108893394470215,352449,-7.06976874,35,18.09,18828,0.13870671391487122,0.6389051675796509,0.0005
0.01894633285701275,0.99,10027,352623,5.086461067199707,352522,-6.97032476,35,17.93,18832,0.8665848970413208,-0.326934278011322,0.0005
0.01884590834379196,1.0,10029,352704,4.866979598999023,352603,-6.822185539999998,35,18.01,18836,0.3378097116947174,-0.4173840284347534,0.0005
0.019326569512486458,1.0,10031,352785,5.141292095184326,352684,-6.85394938,35,18.05,18840,1.1068624258041382,0.50871741771698,0.0005
0.01915682479739189,1.0,10033,352853,5.187056541442871,352752,-6.9047640999999995,35,18.13,18844,0.11461878567934036,-0.7981641292572021,0.0005
0.018698852509260178,1.0,10035,352928,4.936866760253906,352827,-6.8668214899999995,35,18.07,18848,0.5680575370788574,0.42806750535964966,0.0005
0.018618732690811157,1.0,10037,353003,4.869422912597656,352902,-6.8762447500000015,35,18.1,18852,0.11500707268714905,0.01296032965183258,0.0005
0.019219636917114258,1.0,10039,353076,5.313643455505371,352975,-6.827465930000001,35,18.01,18856,0.13072337210178375,1.1159820556640625,0.0005
0.019857902079820633,1.0,10041,353150,4.691155433654785,353049,-6.827401060000001,35,18.01,18860,0.37246137857437134,0.044899314641952515,0.0005
0.020002618432044983,1.0,10043,353217,4.857342720031738,353116,-6.737261180000001,35,17.88,18864,1.1934735774993896,0.16475430130958557,0.0005
0.020015226677060127,1.0,10044,353277,4.6330366134643555,353176,-6.595060020000002,35,17.66,18868,0.47571247816085815,0.7808695435523987,0.0005
0.019803177565336227,1.0,10046,353353,4.290036201477051,353252,-6.5961200799999995,35,17.67,18872,0.1252310574054718,-0.5032453536987305,0.0005
0.019494924694299698,1.0,10048,353434,4.8635406494140625,353333,-6.691226329999999,35,17.82,18876,0.53811115026474,0.5332229137420654,0.0005
0.01947924494743347,1.0,10050,353509,4.793849945068359,353408,-6.7382504899999995,35,17.9,18880,1.0664899349212646,0.4471588134765625,0.0005
0.019422810524702072,1.0,10053,353596,4.951703071594238,353495,-6.8725643100000005,35,18.1,18884,0.21291276812553406,-0.6429319381713867,0.0005
0.019393067806959152,1.0,10055,353670,5.498655319213867,353569,-6.96246648,35,18.24,18888,0.7677226066589355,0.311357319355011,0.0005
0.0195680670440197,1.0,10057,353743,4.418248653411865,353642,-7.01149363,35,18.31,18892,0.5134571194648743,0.0010010451078414917,0.0005
0.019640304148197174,1.0,10059,353818,5.390108108520508,353717,-7.059420120000001,35,18.39,18896,0.15568506717681885,1.4486290216445923,0.0005
0.02028627134859562,1.0,10061,353897,4.997225284576416,353796,-7.10493955,35,18.45,18900,0.1504802107810974,0.16657540202140808,0.0005
0.02076593041419983,1.0,10063,353973,5.80605936050415,353872,-7.15214521,35,18.53,18904,0.4643663763999939,-0.04243655502796173,0.0005
0.020372914150357246,1.0,10065,354048,4.847188949584961,353947,-7.154357379999999,35,18.54,18908,0.12183071672916412,-0.511320948600769,0.0005
0.020037882030010223,1.0,10067,354128,4.717012882232666,354027,-7.245194359999999,35,18.67,18912,0.10913959890604019,0.3673008978366852,0.0005
0.01956039108335972,1.0,10069,354194,4.430235385894775,354093,-7.284414629999999,35,18.72,18916,0.1345026195049286,-0.06935814023017883,0.0005
0.019376933574676514,1.0,10071,354268,5.167008399963379,354167,-7.194711559999999,35,18.58,18920,0.10146640986204147,0.41705846786499023,0.0005
0.01964419148862362,1.0,10073,354349,4.757442474365234,354248,-7.243745929999999,35,18.65,18924,0.5129186511039734,-0.5637258887290955,0.0005
0.0196650680154562,1.0,10075,354424,5.0323591232299805,354323,-7.296298039999999,35,18.74,18928,0.1873224973678589,0.2916015386581421,0.0005
0.019385620951652527,1.0,10077,354499,4.5815839767456055,354398,-7.300624600000001,35,18.76,18932,0.19960805773735046,0.024834483861923218,0.0005
0.018933063372969627,1.0,10079,354580,5.005308151245117,354479,-7.30132748,35,18.76,18936,0.29547223448753357,-0.49360817670822144,0.0005
0.018450407311320305,1.0,10081,354648,4.680200576782227,354547,-7.212373149999999,35,18.63,18940,1.1564280986785889,0.13786305487155914,0.0005
0.01845645159482956,1.0,10083,354727,4.538915634155273,354626,-7.294366999999999,35,18.74,18944,0.4586547613143921,1.060373067855835,0.0005
0.01905045099556446,1.0,10085,354801,5.516590118408203,354700,-7.29337577,35,18.73,18948,2.2885169982910156,0.7387824058532715,0.0005
0.018986603245139122,1.0,10087,354877,5.127893924713135,354776,-7.2971585,35,18.74,18952,0.7691006660461426,-0.09824453294277191,0.0005
0.01904352195560932,1.0,10089,354964,4.295093059539795,354863,-7.388010959999998,35,18.88,18956,0.2514944076538086,-0.605093777179718,0.0005
0.018698902800679207,1.0,10092,355037,4.696720600128174,354936,-7.385214099999998,35,18.87,18960,0.8892005681991577,-0.1416471153497696,0.0005
0.018279369920492172,1.0,10093,355105,4.803489685058594,355004,-7.388296659999998,35,18.88,18964,0.8310010433197021,-0.5602108240127563,0.0005
0.018838685005903244,1.0,10095,355172,5.150432586669922,355071,-7.433069,35,18.95,18968,0.5334014892578125,0.5575819611549377,0.0005
0.019468825310468674,1.0,10097,355247,4.952048301696777,355146,-7.43644064,35,18.94,18972,1.3021700382232666,-0.15898734331130981,0.0005
0.01977505348622799,1.0,10099,355321,5.240185260772705,355220,-7.39289427,35,18.87,18976,0.37823590636253357,0.5046271681785583,0.0005
0.020821956917643547,1.0,10101,355402,4.951478958129883,355301,-7.43710427,35,18.93,18980,1.3907811641693115,1.4135894775390625,0.0005
0.021309420466423035,1.0,10103,355476,5.3441548347473145,355375,-7.34944758,35,18.8,18984,0.16485032439231873,0.18931585550308228,0.0005
0.0213501937687397,1.0,10105,355543,5.513250350952148,355442,-7.30045086,35,18.73,18988,1.3663005828857422,0.12994244694709778,0.0005
0.02090555429458618,1.0,10107,355618,5.064126491546631,355517,-7.30588447,35,18.75,18992,0.45716845989227295,-0.4036315083503723,0.0005
0.02022676169872284,1.0,10108,355686,4.337898254394531,355585,-7.26146329,35,18.68,18996,0.7701294422149658,-0.7025389671325684,0.0005
0.01955575868487358,1.0,10110,355762,5.389217376708984,355661,-7.222997170000001,35,18.65,19000,0.18625697493553162,0.3092554807662964,0.0005
0.01938331499695778,1.0,10112,355842,4.8899245262146,355741,-7.26509796,35,18.69,19004,0.18259748816490173,-0.11761543154716492,0.0005
0.01907961815595627,1.0,10114,355921,4.1881279945373535,355820,-7.30429861,35,18.73,19008,0.03564928472042084,-0.8271898031234741,0.0005
0.01906188577413559,1.0,10116,355996,4.837049961090088,355895,-7.26071283,35,18.68,19012,0.38421356678009033,-0.5894638299942017,0.0005
0.019093088805675507,0.99,10118,356074,5.396539688110352,355973,-7.48749721,35,18.8,19016,1.031739354133606,0.5389525890350342,0.0005
0.01937326230108738,0.99,10120,356149,4.980264186859131,356048,-7.48958682,35,18.81,19020,0.49760639667510986,0.7482007741928101,0.0005
0.019597023725509644,0.99,10122,356230,5.490860462188721,356129,-7.488389099999998,35,18.81,19024,1.358170747756958,0.15622662007808685,0.0005
0.02001035399734974,0.99,10124,356304,4.857956409454346,356203,-7.48396535,35,18.8,19028,1.1325739622116089,0.4244610667228699,0.0005
0.019987424835562706,0.99,10126,356378,4.986905097961426,356277,-7.482099350000002,35,18.79,19032,0.05969713255763054,-0.18469977378845215,0.0005
0.0201509278267622,0.99,10128,356453,5.070141792297363,356352,-7.436763940000002,35,18.73,19036,0.46207761764526367,-0.3160984516143799,0.0005
0.02037166990339756,0.99,10130,356526,4.812589168548584,356425,-7.481372710000001,35,18.78,19040,0.9417427778244019,0.026529163122177124,0.0005
0.020772607997059822,0.99,10132,356598,4.744109153747559,356497,-7.430878389999999,35,18.71,19044,0.6687019467353821,0.961197018623352,0.0005
0.020770782604813576,0.99,10134,356665,4.927302360534668,356564,-7.3838741400000005,35,18.64,19048,0.9892452359199524,-0.6489306092262268,0.0005
0.020893530920147896,0.99,10135,356732,5.027650833129883,356631,-7.334717929999999,35,18.55,19052,0.5031485557556152,-0.7605122923851013,0.0005
0.020413333550095558,0.99,10137,356805,4.837096214294434,356704,-7.24306361,35,18.41,19056,0.7437646985054016,-0.4172876477241516,0.0005
0.019918236881494522,0.99,10139,356879,4.571998596191406,356778,-7.245046030000002,35,18.42,19060,1.1144720315933228,-0.37244728207588196,0.0005
0.019692176952958107,0.99,10141,356946,5.3553972244262695,356845,-7.24390346,35,18.41,19064,0.5124495029449463,-0.04897311329841614,0.0005
0.020079975947737694,0.99,10143,357013,5.410958766937256,356912,-7.24519029,35,18.41,19068,0.5933454036712646,0.5157246589660645,0.0005
0.021065320819616318,0.99,10145,357080,5.152830123901367,356979,-7.1937088000000005,35,18.33,19072,0.44794216752052307,0.6818817853927612,0.0005
0.02122359909117222,0.99,10146,357148,4.723940849304199,357047,-7.149166409999999,35,18.27,19076,0.5297250151634216,-0.5505141019821167,0.0005
0.02083495259284973,0.99,10148,357223,4.728716850280762,357122,-7.106560369999999,35,18.21,19080,0.1649957299232483,-0.5097562074661255,0.0005
0.020897017791867256,0.99,10150,357305,4.57692813873291,357204,-7.15372372,35,18.29,19084,0.14762398600578308,1.6045427322387695,0.0005
0.021557750180363655,0.99,10152,357372,4.929868698120117,357271,-7.1546520199999994,35,18.29,19088,1.154152750968933,0.5781912207603455,0.0005
0.021571950986981392,0.99,10154,357446,4.742982864379883,357345,-7.153261379999999,35,18.28,19092,0.2398233413696289,-0.1770426481962204,0.0005
0.02112196758389473,0.99,10156,357519,4.670863151550293,357418,-7.193562999999999,35,18.33,19096,0.18498429656028748,-1.0506608486175537,0.0005
0.020530283451080322,0.99,10157,357587,4.698917388916016,357486,-7.15017738,35,18.25,19100,0.4713008403778076,-0.8448970317840576,0.0005
0.020113985985517502,0.99,10159,357661,5.137932777404785,357560,-7.108400860000001,35,18.19,19104,1.3680572509765625,-1.0212446451187134,0.0005
0.01992999203503132,0.98,10161,357729,5.554769515991211,357628,-7.26379689,35,18.08,19108,0.8882585763931274,0.23281583189964294,0.0005
0.020599622279405594,0.98,10163,357802,4.588888168334961,357701,-7.2593002800000015,35,18.06,19112,0.7629930973052979,-0.15040315687656403,0.0005
0.020745189860463142,0.99,10165,357875,5.440718650817871,357774,-7.075829940000002,35,18.01,19116,0.1056927815079689,0.33343225717544556,0.0005
0.02060561068356037,0.99,10167,357949,5.1817522048950195,357848,-7.07307684,35,18.0,19120,0.17201751470565796,0.16629967093467712,0.0005
0.020513338968157768,0.99,10169,358029,4.516282558441162,357928,-7.06891062,35,17.99,19124,0.6363315582275391,0.8730723857879639,0.0005
0.020426683127880096,0.99,10171,358102,4.466287612915039,358001,-7.065584499999999,35,17.98,19128,0.6662322282791138,-0.8598428964614868,0.0005
0.019789036363363266,0.99,10173,358183,4.309243202209473,358082,-7.112115389999999,35,18.05,19132,1.760556697845459,-0.09550042450428009,0.0005
0.01997808925807476,0.99,10174,358252,5.739180564880371,358151,-7.06835826,35,17.99,19136,0.8515419960021973,0.5496455430984497,0.0005
0.020592639222741127,0.99,10176,358319,5.103959083557129,358218,-7.0239347599999995,35,17.93,19140,0.9858351349830627,0.40058010816574097,0.0005
0.02076304890215397,0.99,10178,358393,4.955177307128906,358292,-7.033223799999999,35,17.95,19144,1.4901206493377686,-0.04068281501531601,0.0005
0.02068619430065155,0.99,10180,358468,4.7809858322143555,358367,-7.079976189999999,35,18.03,19148,0.3542085289955139,0.18047785758972168,0.0005
0.020840341225266457,0.99,10182,358550,5.286200523376465,358449,-7.171636669999998,35,18.18,19152,0.38295841217041016,1.0693178176879883,0.0005
0.02138211950659752,0.99,10185,358633,4.82417106628418,358532,-7.222735079999999,35,18.28,19156,0.4561752676963806,0.22604647278785706,0.0005
0.02152642421424389,0.99,10187,358717,4.939643859863281,358616,-7.2799274700000005,35,18.38,19160,0.18778514862060547,-0.02463933825492859,0.0005
0.021497707813978195,0.99,10189,358784,4.851604461669922,358683,-7.27586983,35,18.38,19164,0.4490521550178528,0.4928738474845886,0.0005
0.021523458883166313,0.99,10190,358856,5.599017143249512,358755,-7.317964180000001,35,18.43,19168,0.2936806380748749,-0.013005971908569336,0.0005
0.021399667486548424,0.99,10192,358923,5.09443998336792,358822,-7.321921030000001,35,18.43,19172,0.7450680732727051,-0.5555031895637512,0.0005
0.021353766322135925,0.99,10194,358989,4.845107078552246,358888,-7.3159562199999995,35,18.41,19176,0.19215558469295502,-0.9565358757972717,0.0005
0.020843248814344406,0.99,10196,359064,4.774967670440674,358963,-7.311288520000001,35,18.41,19180,0.3325555622577667,-0.6740564107894897,0.0005
0.020529568195343018,0.99,10197,359125,4.679863929748535,359024,-7.17342661,35,18.2,19184,0.08187980949878693,-0.05419445037841797,0.0005
0.020319903269410133,0.99,10199,359186,5.124560356140137,359085,-7.129603469999999,35,18.14,19188,0.4025734066963196,-0.054629772901535034,0.0005
0.019886286929249763,0.99,10201,359258,5.3869218826293945,359157,-7.121117730000001,35,18.12,19192,0.5674550533294678,-0.7435857057571411,0.0005
0.01967942900955677,0.99,10203,359332,4.61729621887207,359231,-7.12261833,35,18.13,19196,0.1845027208328247,-0.47154343128204346,0.0005
0.019754454493522644,0.99,10204,359392,4.153679847717285,359291,-7.069587560000001,35,18.05,19200,0.362613320350647,-0.5289478898048401,0.0005
0.019501864910125732,0.99,10206,359465,4.799317359924316,359364,-7.06200016,35,18.04,19204,0.9353160858154297,-1.0200029611587524,0.0005
0.019668124616146088,1.0,10208,359537,5.164760589599609,359436,-6.86095815,35,18.08,19208,0.36017006635665894,0.6382548213005066,0.0005
0.01988336630165577,1.0,10210,359606,4.612865924835205,359505,-6.824975920000001,35,18.04,19212,0.4267500638961792,-0.010535519570112228,0.0005
0.02007310278713703,1.0,10212,359689,4.974206447601318,359588,-6.882130399999999,35,18.14,19216,0.1662864089012146,0.1510874330997467,0.0005
0.0206921324133873,1.0,10213,359770,5.078497886657715,359669,-6.9274065,35,18.21,19220,0.4098461866378784,0.1488390415906906,0.0005
0.020820630714297295,1.0,10215,359830,5.296857833862305,359729,-6.79238291,35,18.01,19224,1.5900473594665527,0.7017205357551575,0.0005
0.020913759246468544,1.0,10217,359905,5.413225173950195,359804,-6.79892547,35,18.03,19228,0.2366056740283966,-1.0809197425842285,0.0005
0.02063976787030697,1.0,10218,359978,4.519147872924805,359877,-6.74948623,35,17.95,19232,0.02874516136944294,-0.44562023878097534,0.0005
0.020364688709378242,1.0,10236,360052,4.833926677703857,359951,-6.79023567,35,18.0,19236,0.05601361393928528,0.9053828120231628,0.0005
0.02069997414946556,1.0,10237,360111,5.212457656860352,360010,-6.742500530000001,35,17.92,19240,0.3348267674446106,0.16310253739356995,0.0005
0.021255120635032654,1.0,10239,360193,4.629465103149414,360092,-6.789375429999999,35,18.0,19244,1.442227840423584,-0.1463107019662857,0.0005
0.022338038310408592,1.0,10242,360268,4.979556560516357,360167,-6.79062916,35,18.0,19248,0.31730902194976807,0.26216310262680054,0.0005
0.022387821227312088,1.0,10244,360343,4.644742965698242,360242,-6.743215120000001,35,17.93,19252,1.0199863910675049,-0.25264501571655273,0.0005
0.021387411281466484,1.0,10246,360419,5.0299787521362305,360318,-6.698052940000002,35,17.86,19256,1.69681715965271,-0.3417128026485443,0.0005
0.02089487574994564,1.0,10248,360501,4.455804824829102,360400,-6.69326827,35,17.84,19260,0.08489586412906647,-0.2427976429462433,0.0005
0.020120413973927498,1.0,10250,360583,4.281181335449219,360482,-6.79078674,35,17.99,19264,0.030499888584017754,-0.8317435383796692,0.0005
0.019786980003118515,1.0,10252,360643,4.551189422607422,360542,-6.70344848,35,17.87,19268,0.33123522996902466,-0.16303342580795288,0.0005
0.019528130069375038,1.0,10254,360724,4.531211853027344,360623,-6.79034904,35,18.01,19272,0.32403141260147095,-0.7631546258926392,0.0005
0.019510943442583084,1.0,10256,360797,5.287078857421875,360696,-6.83805855,35,18.08,19276,0.21647952497005463,-0.0014073848724365234,0.0005
0.019653940573334694,1.0,10258,360857,4.9534993171691895,360756,-6.749697510000001,35,17.93,19280,0.8854362964630127,0.8872911334037781,0.0005
0.01992662064731121,1.0,10260,360939,4.915642738342285,360838,-6.8884457900000005,35,18.14,19284,0.3505115807056427,-0.19531962275505066,0.0005
0.019868193194270134,1.0,10262,361019,4.615635871887207,360918,-7.022056299999999,35,18.33,19288,0.540778398513794,-0.11554613709449768,0.0005
0.02025996521115303,1.0,10265,361095,4.906408309936523,360994,-7.03610239,35,18.37,19292,0.17497092485427856,0.2860671877861023,0.0005
0.021022282540798187,1.0,10267,361180,4.3826823234558105,361079,-7.092997899999999,35,18.48,19296,0.12314936518669128,0.32038915157318115,0.0005
0.02112760953605175,1.0,10269,361248,4.382988452911377,361147,-7.143428020000001,35,18.56,19300,0.7133457660675049,-0.25540703535079956,0.0005
0.02096746116876602,1.0,10271,361314,4.631161212921143,361213,-7.099244709999999,35,18.49,19304,0.2903974950313568,-0.1977013349533081,0.0005
0.020767513662576675,1.0,10273,361380,5.5129547119140625,361279,-7.0561041599999985,35,18.43,19308,0.3698124885559082,0.11738798022270203,0.0005
0.020324064418673515,1.0,10275,361468,4.781833648681641,361367,-7.187073199999999,35,18.62,19312,0.058498311787843704,-0.3459303677082062,0.0005
0.019837336614727974,1.0,10278,361547,5.26638650894165,361446,-7.173011129999999,35,18.58,19316,0.21524599194526672,-0.27269241213798523,0.0005
0.02021809294819832,1.0,10280,361621,4.60560941696167,361520,-7.12968559,35,18.51,19320,0.6828044652938843,0.5513710975646973,0.0005
0.020896000787615776,1.0,10281,361695,4.579907417297363,361594,-7.223172499999999,35,18.65,19324,0.5738201141357422,0.09344980120658875,0.0005
0.020843874663114548,1.0,10283,361763,4.853537559509277,361662,-7.174733739999999,35,18.58,19328,0.11540442705154419,-0.2578250467777252,0.0005
0.020523421466350555,1.0,10285,361839,4.777214050292969,361738,-7.181692750000001,35,18.61,19332,0.4414106011390686,-0.0903295949101448,0.0005
0.020649641752243042,1.0,10287,361906,4.958034038543701,361805,-7.136214720000002,35,18.54,19336,0.07223977893590927,0.8756511211395264,0.0005
0.0211850143969059,1.0,10289,361973,4.704981803894043,361872,-7.182915700000001,35,18.62,19340,0.04231051728129387,0.014401644468307495,0.0005
0.021676894277334213,1.0,10291,362054,4.876613140106201,361953,-7.18420796,35,18.61,19344,0.1047220304608345,1.154593586921692,0.0005
0.022162310779094696,1.0,10293,362127,5.219671249389648,362026,-7.17750547,35,18.59,19348,1.5835020542144775,0.11092625558376312,0.0005
0.021971505135297775,1.0,10295,362200,4.996301651000977,362099,-7.171860129999999,35,18.57,19352,0.20934811234474182,0.23024725914001465,0.0005
0.021592235192656517,1.0,10297,362273,4.274871826171875,362172,-7.165331899999999,35,18.54,19356,0.1629219949245453,-0.9333721399307251,0.0005
0.02151765115559101,1.0,10299,362347,5.189997673034668,362246,-7.117024969999999,35,18.46,19360,0.4870411157608032,0.24063365161418915,0.0005
0.020968616008758545,1.0,10301,362428,4.760367393493652,362327,-7.11300769,35,18.45,19364,0.6802245378494263,-0.97750324010849,0.0005
0.02059169113636017,1.0,10303,362507,5.38389778137207,362406,-7.242891449999999,35,18.64,19368,0.35732728242874146,0.3259285092353821,0.0005
0.021227287128567696,0.99,10305,362582,4.797063827514648,362481,-7.370394619999998,35,18.58,19372,0.5658461451530457,-0.02169521152973175,0.0005
0.0215527955442667,0.99,10307,362649,5.0804033279418945,362548,-7.323654029999999,35,18.52,19376,0.11712561547756195,-0.06741602718830109,0.0005
0.021119561046361923,0.99,10309,362730,4.795289993286133,362629,-7.457665960000001,35,18.73,19380,0.4474766254425049,0.7645999789237976,0.0005
0.02128051407635212,0.99,10311,362791,4.811931610107422,362690,-7.31755585,35,18.52,19384,1.486133337020874,0.47374624013900757,0.0005
0.021441539749503136,0.99,10312,362851,5.123068809509277,362750,-7.18354695,35,18.32,19388,0.2799084782600403,-0.2573321461677551,0.0005
0.02238372154533863,0.99,10315,362925,4.936511993408203,362824,-7.177741230000001,35,18.3,19392,0.06492826342582703,0.5355619192123413,0.0005
0.02257959172129631,0.99,10317,363003,4.679337978363037,362902,-7.158958440000001,35,18.23,19396,0.32691729068756104,-1.4034090042114258,0.0005
0.021925486624240875,0.99,10319,363077,5.194135665893555,362976,-7.198850770000002,35,18.29,19400,0.13919809460639954,0.15372300148010254,0.0005
0.021569054573774338,0.99,10321,363143,5.015919208526611,363042,-7.197945970000001,35,18.29,19404,0.3651278614997864,-0.28917258977890015,0.0005
0.021380417048931122,0.99,10323,363218,5.159214019775391,363117,-7.2511667000000015,35,18.38,19408,0.9511905908584595,0.27602916955947876,0.0005
0.02126452513039112,0.99,10325,363293,5.381008148193359,363192,-7.163086079999999,35,18.25,19412,0.3360239863395691,-0.05182035267353058,0.0005
0.02077161893248558,0.99,10327,363376,4.910612106323242,363275,-7.174756790000001,35,18.29,19416,0.2684946060180664,-0.4686586856842041,0.0005
0.020825564861297607,0.99,10329,363451,4.966581344604492,363350,-7.17399082,35,18.3,19420,0.3416004478931427,-0.1408892273902893,0.0005
0.02079329639673233,0.99,10331,363526,4.65100622177124,363425,-7.17263639,35,18.31,19424,0.4950016736984253,-0.3896753787994385,0.0005
0.02084592916071415,0.99,10333,363593,4.548379898071289,363492,-7.17353347,35,18.3,19428,0.2680155038833618,0.17293596267700195,0.0005
0.020749548450112343,0.99,10335,363675,4.623632907867432,363574,-7.21622377,35,18.36,19432,0.2199857085943222,-0.7543498277664185,0.0005
0.019886814057826996,0.99,10338,363763,5.111249923706055,363662,-7.353326689999999,35,18.57,19436,0.5291880965232849,0.221435546875,0.0005
0.02002500556409359,0.98,10340,363851,5.102010726928711,363750,-7.66446319,35,18.78,19440,0.3541868031024933,0.8458921909332275,0.0005
0.020216219127178192,0.98,10342,363917,5.122903823852539,363816,-7.5684755699999995,35,18.63,19444,0.31394726037979126,0.698366105556488,0.0005
0.02014690637588501,0.98,10344,363991,4.475395679473877,363890,-7.573914239999999,35,18.64,19448,0.11456221342086792,-0.09762576967477798,0.0005
0.01997235231101513,0.98,10346,364059,4.748210430145264,363958,-7.535887880000002,35,18.59,19452,0.18209511041641235,-0.17911455035209656,0.0005
0.019827937707304955,0.98,10348,364145,4.963067054748535,364044,-7.623928880000002,35,18.72,19456,0.10766614973545074,-0.09170994162559509,0.0005
0.019785450771450996,0.98,10350,364213,4.408690452575684,364112,-7.577421829999999,35,18.66,19460,0.22376181185245514,-0.8603589534759521,0.0005
0.01932510733604431,0.98,10352,364286,4.871363639831543,364185,-7.532085859999999,35,18.58,19464,0.13488095998764038,-0.07577615976333618,0.0005
0.019561942666769028,0.97,10354,364379,4.929894924163818,364278,-7.768329540000002,35,18.72,19468,1.0128413438796997,0.47834670543670654,0.0005
0.020039228722453117,0.98,10356,364453,5.440262794494629,364352,-7.598093040000001,35,18.71,19472,0.49689391255378723,1.5051594972610474,0.0005
0.020128753036260605,0.98,10358,364521,4.69378137588501,364420,-7.60153064,35,18.72,19476,0.41912123560905457,0.11294135451316833,0.0005
0.0200429018586874,0.98,10360,364590,4.804723262786865,364489,-7.517212669999999,35,18.6,19480,0.22061258554458618,-0.25057128071784973,0.0005
0.020397068932652473,0.98,10362,364650,4.627424240112305,364549,-7.515163540000002,35,18.59,19484,0.31795841455459595,0.052871957421302795,0.0005
0.019901981577277184,0.98,10364,364718,4.393315315246582,364617,-7.5610367,35,18.67,19488,0.03164191544055939,-0.826156735420227,0.0005
0.019884292036294937,0.98,10366,364784,4.7927093505859375,364683,-7.509146459999999,35,18.59,19492,0.04471145197749138,-1.6062225103378296,0.0005
0.019871456548571587,0.98,10368,364850,4.486941337585449,364749,-7.423087710000001,35,18.47,19496,0.08263050019741058,-0.11332622915506363,0.0005
0.020202582702040672,0.98,10370,364925,5.652419090270996,364824,-7.427256760000001,35,18.48,19500,0.5001908540725708,0.09676399827003479,0.0005
0.021435320377349854,0.97,10372,365009,5.746286392211914,364908,-7.71104174,35,18.66,19504,0.7008870244026184,1.639915108680725,0.0005
0.022195862606167793,0.97,10374,365083,5.074521541595459,364982,-7.7032205299999985,35,18.65,19508,0.1956072747707367,0.407792329788208,0.0005
0.022444728761911392,0.97,10376,365158,4.853255271911621,365057,-7.70469447,35,18.65,19512,0.15459775924682617,1.0663397312164307,0.0005
0.022412633523344994,0.97,10378,365234,4.557067394256592,365133,-7.65936414,35,18.58,19516,0.23949411511421204,0.18717074394226074,0.0005
0.022368721663951874,0.97,10380,365301,4.858010768890381,365200,-7.613190460000001,35,18.5,19520,0.3874725103378296,-0.3707929849624634,0.0005
0.022303974255919456,0.97,10382,365376,4.807728290557861,365275,-7.616681500000001,35,18.5,19524,1.59928297996521,-0.6836801767349243,0.0005
0.021864326670765877,0.97,10384,365449,4.41239595413208,365348,-7.65895587,35,18.56,19528,1.340529203414917,-0.4639492630958557,0.0005
0.021108027547597885,0.97,10386,365524,4.943467617034912,365423,-7.61649896,35,18.49,19532,0.2416149526834488,-0.26754844188690186,0.0005
0.020800035446882248,0.97,10388,365599,5.019529819488525,365498,-7.5288035,35,18.36,19536,0.6191806197166443,-0.8873350620269775,0.0005
0.020433038473129272,0.98,10390,365667,4.811351776123047,365566,-7.221678299999999,35,18.16,19540,0.4271835386753082,-0.4781148135662079,0.0005
0.02006811648607254,0.98,10392,365740,5.047454833984375,365639,-7.2681574599999985,35,18.23,19544,0.08923720568418503,-0.7324550151824951,0.0005
0.019890740513801575,0.98,10394,365808,5.259160041809082,365707,-7.22122076,35,18.17,19548,2.496549129486084,-0.6039642691612244,0.0005
0.019906632602214813,0.98,10396,365874,5.317864894866943,365773,-7.217357149999999,35,18.15,19552,0.19989615678787231,0.2748386263847351,0.0005
0.019530417397618294,0.98,10397,365949,4.549298286437988,365848,-7.135535309999999,35,18.04,19556,0.16868072748184204,-0.24169641733169556,0.0005
0.020060628652572632,0.98,10399,366016,4.924389839172363,365915,-7.1336404899999994,35,18.03,19560,0.25853461027145386,-0.3539900779724121,0.0005
0.020300546661019325,0.98,10401,366083,4.842734336853027,365982,-7.0871688299999995,35,17.97,19564,0.8739491701126099,-0.09086152166128159,0.0005
0.020447446033358574,0.99,10403,366157,4.590801239013672,366056,-6.812798269999999,35,17.78,19568,0.5636312961578369,0.4649691581726074,0.0005
0.020204879343509674,0.99,10405,366232,4.787798881530762,366131,-6.81429103,35,17.79,19572,0.49954748153686523,0.3474488854408264,0.0005
0.019828330725431442,0.99,10407,366313,4.821907043457031,366212,-6.90241392,35,17.92,19576,0.7275665998458862,-0.09979632496833801,0.0005
0.019293764606118202,0.99,10409,366387,4.811234951019287,366286,-6.9392650100000015,35,17.97,19580,0.2312295287847519,-0.6890208125114441,0.0005
0.018528595566749573,0.99,10411,366460,4.984489440917969,366359,-7.029335820000001,35,18.1,19584,0.19438965618610382,-0.6331364512443542,0.0005
0.018182681873440742,0.99,10413,366526,4.622461318969727,366425,-7.025058079999999,35,18.08,19588,0.27657249569892883,-0.7091060280799866,0.0005
0.01828739047050476,0.99,10415,366601,4.68124532699585,366500,-7.074773669999998,35,18.17,19592,0.21525032818317413,-0.45010852813720703,0.0005
0.01837729662656784,0.99,10417,366673,4.581345558166504,366572,-7.118763850000001,35,18.23,19596,1.174420714378357,-0.1593754142522812,0.0005
0.018204033374786377,0.99,10418,366741,4.74539041519165,366640,-7.071656689999998,35,18.16,19600,0.8280798196792603,0.974860668182373,0.0005
0.018214140087366104,1.0,10421,366822,4.142637252807617,366721,-6.882448869999999,35,18.13,19604,0.02744102291762829,-0.3894108235836029,0.0005
0.018331851810216904,1.0,10422,366889,4.740777969360352,366788,-6.83796805,35,18.06,19608,0.10869283974170685,-1.0267282724380493,0.0005
0.018521003425121307,1.0,10425,366971,4.822504997253418,366870,-6.882818249999999,35,18.13,19612,0.14207831025123596,-0.8126486539840698,0.0005
0.018926270306110382,1.0,10427,367046,5.095229148864746,366945,-6.88128972,35,18.12,19616,0.48951372504234314,0.5965135097503662,0.0005
0.01947822794318199,1.0,10429,367107,4.9695868492126465,367006,-6.836295439999999,35,18.06,19620,0.7661527395248413,0.21792231500148773,0.0005
0.019812172278761864,1.0,10431,367174,4.4976911544799805,367073,-6.7862788100000015,35,17.98,19624,0.2244679182767868,-0.08419561386108398,0.0005
0.019473908469080925,1.0,10433,367256,4.765754222869873,367155,-6.841580590000002,35,18.07,19628,0.8259879350662231,0.10745009779930115,0.0005
0.019200699403882027,1.0,10436,367338,4.815864086151123,367237,-6.88330758,35,18.14,19632,0.12005261331796646,-0.2098546028137207,0.0005
0.018889399245381355,1.0,10438,367412,4.413888931274414,367311,-6.87980961,35,18.13,19636,0.6597660779953003,-0.07487518340349197,0.0005
0.018971936777234077,1.0,10440,367486,4.922924041748047,367385,-6.92148151,35,18.19,19640,0.28848177194595337,0.1861545443534851,0.0005
0.018892914056777954,1.0,10442,367561,4.171016693115234,367460,-6.927606619999999,35,18.21,19644,0.38293132185935974,-0.17393311858177185,0.0005
0.01853971742093563,1.0,10444,367636,4.3013200759887695,367535,-6.97500513,35,18.28,19648,0.13242080807685852,-0.5900362730026245,0.0005
0.018312014639377594,1.0,10446,367714,4.387679100036621,367613,-7.0344014,35,18.4,19652,0.17081063985824585,-0.3896459639072418,0.0005
0.018131453543901443,1.0,10448,367786,4.922789096832275,367685,-6.999610090000001,35,18.37,19656,0.7664250731468201,0.005646035075187683,0.0005
0.018158137798309326,1.0,10450,367851,4.554788112640381,367750,-6.99678351,35,18.35,19660,2.0508084297180176,0.962812066078186,0.0005
0.01882837899029255,1.0,10452,367918,4.895245552062988,367817,-6.995921620000001,35,18.35,19664,0.6725680828094482,1.136669397354126,0.0005
0.019356196746230125,1.0,10454,367993,5.677311897277832,367892,-6.99724747,35,18.36,19668,1.0006859302520752,0.7489331960678101,0.0005
0.01929364539682865,1.0,10456,368067,4.491612434387207,367966,-6.99531701,35,18.35,19672,0.09659698605537415,-0.13219895958900452,0.0005
0.01918868161737919,1.0,10458,368142,4.882261276245117,368041,-6.954042070000001,35,18.29,19676,0.605997622013092,-0.0008837282657623291,0.0005
0.019014140591025352,1.0,10460,368216,5.4195556640625,368115,-6.9544158,35,18.29,19680,0.3970469832420349,-0.18989995121955872,0.0005
0.018976274877786636,1.0,10462,368297,4.941329002380371,368196,-7.002152110000001,35,18.37,19684,0.2657976448535919,-0.24043646454811096,0.0005
0.019326254725456238,1.0,10464,368372,5.150645732879639,368271,-7.05824571,35,18.46,19688,0.9294741153717041,-0.6643168330192566,0.0005
0.01897663250565529,1.0,10466,368442,4.568427085876465,368341,-7.018215090000001,35,18.41,19692,0.27780213952064514,-0.09775280952453613,0.0005
0.01886257715523243,1.0,10468,368517,4.626438140869141,368416,-7.025208900000001,35,18.44,19696,0.5795632600784302,0.16791659593582153,0.0005
0.018597811460494995,1.0,10470,368590,4.377257823944092,368489,-7.067446769999999,35,18.49,19700,0.2596205472946167,0.18686746060848236,0.0005
0.01861312799155712,1.0,10472,368658,4.365234375,368557,-6.97562655,35,18.36,19704,0.46290087699890137,-0.7798984050750732,0.0005
0.018529590219259262,1.0,10474,368724,4.52180290222168,368623,-6.971891819999999,35,18.35,19708,0.05698159709572792,-0.790126621723175,0.0005
0.018199745565652847,1.0,10476,368804,4.3340654373168945,368703,-6.967736210000001,35,18.33,19712,0.9802214503288269,0.712112307548523,0.0005
0.018170852214097977,1.0,10478,368885,4.641631126403809,368784,-7.014293179999999,35,18.39,19716,0.09163296222686768,-0.31987273693084717,0.0005
0.018217623233795166,1.0,10480,368952,4.824027061462402,368851,-7.05718069,35,18.45,19720,0.5315483808517456,0.4927636384963989,0.0005
0.0185422170907259,1.0,10482,369026,5.173861980438232,368925,-7.10378926,35,18.52,19724,0.6949791312217712,0.7483588457107544,0.0005
0.01919865794479847,1.0,10485,369115,5.529693126678467,369014,-7.1481933,35,18.59,19728,0.5431410074234009,0.6743487119674683,0.0005
0.01967735029757023,1.0,10487,369189,4.982625484466553,369088,-7.10338864,35,18.51,19732,0.5733116269111633,0.1942865550518036,0.0005
0.019615890458226204,1.0,10489,369269,4.478516101837158,369168,-7.145785839999999,35,18.57,19736,0.14808622002601624,0.5184781551361084,0.0005
0.019344612956047058,1.0,10490,369337,5.557338714599609,369236,-7.10442496,35,18.51,19740,1.1729075908660889,1.4727089405059814,0.0005
0.019758308306336403,1.0,10492,369419,5.285420894622803,369318,-7.150807589999999,35,18.58,19744,1.3857591152191162,0.1912253350019455,0.0005
0.02003350667655468,1.0,10494,369487,4.737582683563232,369386,-7.10585547,35,18.51,19748,0.657370924949646,0.6168408989906311,0.0005
0.020247116684913635,1.0,10495,369562,4.846127510070801,369461,-7.095022650000001,35,18.48,19752,0.42205071449279785,-0.44780364632606506,0.0005
0.020182054489850998,1.0,10497,369637,4.711050987243652,369536,-7.126470160000001,35,18.51,19756,0.14637786149978638,-0.5008271932601929,0.0005
0.020065926015377045,1.0,10499,369698,4.70078182220459,369597,-7.087291350000002,35,18.47,19760,0.8063673973083496,1.0320518016815186,0.0005
0.01973317377269268,1.0,10501,369773,4.97599983215332,369672,-7.139697040000001,35,18.55,19764,0.16564205288887024,0.48469287157058716,0.0005
0.02045430988073349,1.0,10503,369861,5.74812650680542,369760,-7.227204190000001,35,18.68,19768,0.34004175662994385,0.5385985374450684,0.0005
0.020502058789134026,1.0,10505,369935,4.418533802032471,369834,-7.226954980000001,35,18.68,19772,0.05726535618305206,-1.054563045501709,0.0005
0.019777486100792885,1.0,10522,370001,4.290122032165527,369900,-7.175052650000001,35,18.59,19776,0.38965946435928345,-1.1117900609970093,0.0005
0.01958131231367588,1.0,10524,370075,5.061311721801758,369974,-7.176249899999999,35,18.59,19780,0.2593841254711151,0.24821630120277405,0.0005
0.01992313377559185,1.0,10526,370143,4.966466903686523,370042,-7.087909589999999,35,18.46,19784,0.09949618577957153,-0.018565036356449127,0.0005
0.020428698509931564,1.0,10528,370211,4.863645076751709,370110,-7.036851919999998,35,18.39,19788,0.8158413767814636,0.36563241481781006,0.0005
0.020437462255358696,1.0,10530,370286,4.5705461502075195,370185,-7.0811719,35,18.44,19792,0.2537539005279541,-0.6033602952957153,0.0005
0.0199584998190403,1.0,10532,370361,4.651205539703369,370260,-7.084627660000001,35,18.44,19796,0.09142301976680756,-0.31487584114074707,0.0005
0.019771691411733627,1.0,10534,370435,4.380044937133789,370334,-7.089642810000002,35,18.45,19800,1.531829595565796,0.21413865685462952,0.0005
0.01934405416250229,1.0,10536,370515,4.327539443969727,370414,-7.185522630000001,35,18.57,19804,0.4588569402694702,-0.26790016889572144,0.0005
0.019126540049910545,1.0,10538,370583,4.29088020324707,370482,-7.193007260000002,35,18.59,19808,0.3188832104206085,0.010638177394866943,0.0005
0.01878952793776989,1.0,10540,370662,5.070753574371338,370561,-7.186889369999998,35,18.58,19812,0.2440846562385559,-0.4835893511772156,0.0005
0.018532617017626762,1.0,10542,370750,4.721356391906738,370649,-7.2309167400000005,35,18.65,19816,0.10624271631240845,0.7969474792480469,0.0005
0.018145378679037094,1.0,10544,370836,4.607598304748535,370735,-7.360220150000001,35,18.84,19820,0.10762586444616318,0.1342545598745346,0.0005
0.017989136278629303,1.0,10546,370911,4.547609329223633,370810,-7.364723240000001,35,18.85,19824,0.3395334482192993,-0.30679118633270264,0.0005
0.01822020299732685,1.0,10548,370986,5.049342155456543,370885,-7.270970910000001,35,18.71,19828,0.7336709499359131,-0.027710959315299988,0.0005
0.01826317235827446,1.0,10550,371060,4.77476167678833,370959,-7.26881436,35,18.71,19832,0.7290659546852112,0.1583317518234253,0.0005
0.017764175310730934,1.0,10552,371141,4.860377788543701,371040,-7.27291718,35,18.72,19836,0.2700386643409729,-1.024724006652832,0.0005
0.017925353720784187,1.0,10554,371218,4.785223960876465,371117,-7.32380124,35,18.81,19840,0.1508013904094696,-0.3591257333755493,0.0005
0.017968442291021347,1.0,10557,371293,4.423212051391602,371192,-7.272158989999999,35,18.74,19844,0.10714781284332275,-0.5639247894287109,0.0005
0.01802610233426094,1.0,10559,371365,4.70675802230835,371264,-7.310167740000001,35,18.78,19848,0.2630981206893921,-0.17701873183250427,0.0005
0.018377147614955902,1.0,10561,371438,5.041247367858887,371337,-7.30633116,35,18.76,19852,0.06505076587200165,0.5746868848800659,0.0005
0.01832827925682068,1.0,10563,371512,5.094345569610596,371411,-7.307218959999999,35,18.75,19856,0.7466585636138916,0.4634634852409363,0.0005
0.018281251192092896,1.0,10565,371585,5.068615436553955,371484,-7.394369940000002,35,18.87,19860,0.28307610750198364,0.11768978834152222,0.0005
0.018312783911824226,1.0,10566,371659,4.904472351074219,371558,-7.389601109999998,35,18.86,19864,0.3320327699184418,0.9782246351242065,0.0005
0.01849297061562538,1.0,10568,371733,5.058284282684326,371632,-7.300841289999998,35,18.72,19868,0.22412635385990143,0.10974973440170288,0.0005
0.01932312734425068,1.0,10570,371801,5.312589168548584,371700,-7.257896309999999,35,18.66,19872,0.3394010066986084,0.11777527630329132,0.0005
0.019350452348589897,1.0,10572,371877,4.722907066345215,371776,-7.31580706,35,18.76,19876,0.36868295073509216,0.026958584785461426,0.0005
0.01941225491464138,1.0,10574,371966,4.899505138397217,371865,-7.40728681,35,18.91,19880,0.23310917615890503,0.9189174175262451,0.0005
0.0189921073615551,1.0,10576,372040,4.429253578186035,371939,-7.4486265000000005,35,18.97,19884,0.21345889568328857,-1.049748182296753,0.0005
0.01845613121986389,1.0,10578,372114,4.788358211517334,372013,-7.49254326,35,19.03,19888,0.7579890489578247,0.006219714879989624,0.0005
0.018298320472240448,1.0,10580,372188,5.237064361572266,372087,-7.49246666,35,19.02,19892,1.3355164527893066,0.8068594932556152,0.0005
0.018066545948386192,1.0,10582,372261,4.691771507263184,372160,-7.484752579999999,35,19.0,19896,0.7699625492095947,-0.11559267342090607,0.0005
0.017797376960515976,1.0,10584,372351,4.7550225257873535,372250,-7.579915110000001,35,19.16,19900,0.09150095283985138,-0.5676264762878418,0.0005
0.0177490022033453,1.0,10586,372411,4.677379608154297,372310,-7.43766268,35,18.96,19904,0.6611740589141846,-0.42794591188430786,0.0005
0.01751858927309513,1.0,10588,372479,4.858341217041016,372378,-7.438620330000001,35,18.96,19908,0.3520861864089966,0.6669280529022217,0.0005
0.01785171404480934,1.0,10590,372560,4.655354022979736,372459,-7.443530280000001,35,18.98,19912,0.6440106630325317,0.1806289255619049,0.0005
0.018056202679872513,1.0,10592,372645,5.4498372077941895,372544,-7.43402546,35,18.95,19916,0.16858194768428802,-0.14121463894844055,0.0005
0.01780697889626026,1.0,10594,372711,5.156437397003174,372610,-7.303409900000002,35,18.75,19920,0.2289523482322693,0.10423997044563293,0.0005
0.01812545582652092,1.0,10596,372794,4.991347312927246,372693,-7.351339730000001,35,18.83,19924,0.3574848175048828,-0.06822304427623749,0.0005
0.01802525855600834,1.0,10598,372860,5.092130184173584,372759,-7.29989646,35,18.74,19928,0.11465543508529663,0.01215110719203949,0.0005
0.018233777955174446,1.0,10600,372941,5.219409465789795,372840,-7.346906870000002,35,18.81,19932,0.190675288438797,0.4421039819717407,0.0005
0.01847144030034542,1.0,10602,373022,5.003138542175293,372921,-7.34627113,35,18.81,19936,0.33563387393951416,0.601934552192688,0.0005
0.018527761101722717,1.0,10604,373089,5.157872200012207,372988,-7.2912777,35,18.71,19940,0.4901210069656372,1.336150050163269,0.0005
0.018890101462602615,1.0,10606,373164,5.113985061645508,373063,-7.295911930000001,35,18.71,19944,0.4016900956630707,0.6169122457504272,0.0005
0.01930125616490841,1.0,10607,373230,4.741941928863525,373129,-7.252215,35,18.65,19948,0.08697567880153656,0.15794344246387482,0.0005
0.019723139703273773,1.0,10609,373304,4.209256172180176,373203,-7.25200571,35,18.66,19952,0.19206050038337708,0.45920756459236145,0.0005
0.019622839987277985,1.0,10611,373371,4.856537342071533,373270,-7.203911280000001,35,18.59,19956,0.704748809337616,0.11303959786891937,0.0005
0.019227921962738037,1.0,10613,373437,4.716604232788086,373336,-7.15879256,35,18.52,19960,0.2840735912322998,-0.5578571557998657,0.0005
0.019162045791745186,1.0,10615,373517,4.544477939605713,373416,-7.20386573,35,18.58,19964,0.040133826434612274,0.5122463703155518,0.0005
0.01923879235982895,1.0,10617,373607,4.606957912445068,373506,-7.30201793,35,18.74,19968,0.6901370286941528,-0.921746015548706,0.0005
0.018954431638121605,1.0,10619,373675,4.891964912414551,373574,-7.29914806,35,18.74,19972,1.2315407991409302,0.8729976415634155,0.0005
0.019276270642876625,1.0,10621,373766,4.7874226570129395,373665,-7.387922790000001,35,18.89,19976,0.4178280234336853,-0.06569187343120575,0.0005
0.019822733476758003,0.99,10623,373844,4.8144731521606445,373743,-7.476561909999999,35,18.78,19980,0.1643664538860321,-0.6039043068885803,0.0005
0.019768590107560158,0.99,10625,373920,4.281715393066406,373819,-7.4825922700000005,35,18.8,19984,0.20382510125637054,-0.31400126218795776,0.0005
0.01950596272945404,0.99,10627,373995,4.485493183135986,373894,-7.48664546,35,18.81,19988,0.2525096833705902,0.36801785230636597,0.0005
0.01942148245871067,0.99,10629,374063,4.873246669769287,373962,-7.442496050000001,35,18.75,19992,0.23985473811626434,0.025794625282287598,0.0005
0.019379867240786552,0.99,10631,374132,4.573447227478027,374031,-7.404325349999999,35,18.71,19996,0.3082577586174011,-0.6762129068374634,0.0005
0.018961062654852867,0.99,10632,374200,4.472240447998047,374099,-7.263458439999999,35,18.49,20000,0.15581642091274261,-0.014648035168647766,0.0005
0.019539568573236465,0.99,10634,374267,5.287176132202148,374166,-7.3118916500000015,35,18.56,20004,0.9089265465736389,0.37347036600112915,0.0005
0.019662169739603996,0.99,10636,374354,5.319735527038574,374253,-7.443624679999999,35,18.75,20008,0.26677069067955017,0.29696622490882874,0.0005
0.01962633617222309,0.99,10638,374436,4.751623153686523,374335,-7.447218449999999,35,18.76,20012,0.28490573167800903,-0.3962622880935669,0.0005
0.01910134218633175,0.99,10640,374510,4.6525983810424805,374409,-7.363728159999999,35,18.65,20016,0.1796969771385193,-0.6671875715255737,0.0005
0.018688106909394264,0.99,10643,374594,4.60150146484375,374493,-7.46915435,35,18.83,20020,0.3306954503059387,-0.0356767475605011,0.0005
0.018557267263531685,0.99,10645,374670,4.537806034088135,374569,-7.42401351,35,18.76,20024,0.2765648663043976,-0.8406921625137329,0.0005
0.018195953220129013,0.99,10647,374750,4.6037750244140625,374649,-7.514641340000001,35,18.9,20028,0.1165868267416954,0.4786233901977539,0.0005
0.017972614616155624,0.99,10649,374819,4.935998439788818,374718,-7.426832500000001,35,18.78,20032,0.11288436502218246,0.16257062554359436,0.0005
0.017800848931074142,0.99,10651,374895,5.071693420410156,374794,-7.38223093,35,18.73,20036,0.7451801300048828,0.01357763260602951,0.0005
0.018190983682870865,0.99,10654,374984,4.797870635986328,374883,-7.524686499999998,35,18.95,20040,1.5707030296325684,0.5864987969398499,0.0005
0.018622098490595818,0.99,10656,375065,4.63555908203125,374964,-7.56669798,35,19.01,20044,0.29781007766723633,0.4576122760772705,0.0005
0.01917705126106739,0.99,10658,375125,4.954848289489746,375024,-7.52107376,35,18.95,20048,0.6505972146987915,1.271350622177124,0.0005
0.019242677837610245,0.99,10660,375199,4.881355285644531,375098,-7.5209562299999995,35,18.95,20052,0.07827110588550568,0.50969398021698,0.0005
0.019282493740320206,0.99,10662,375273,4.496010780334473,375172,-7.5671886299999995,35,19.02,20056,0.36421042680740356,-0.43592166900634766,0.0005
0.018808549270033836,0.99,10664,375355,5.276269435882568,375254,-7.6621090800000005,35,19.18,20060,0.7166491746902466,0.009905427694320679,0.0005
0.018747707828879356,0.99,10666,375437,4.9420342445373535,375336,-7.6656533200000005,35,19.2,20064,1.1407158374786377,0.029646635055541992,0.0005
0.019085848703980446,0.99,10669,375520,4.540501594543457,375419,-7.6213238999999975,35,19.13,20068,0.5726460218429565,0.3258940577507019,0.0005
0.019251717254519463,0.99,10670,375589,4.635677337646484,375488,-7.62182639,35,19.14,20072,0.7568466663360596,0.1856028437614441,0.0005
0.01886701211333275,0.99,10672,375663,4.982814788818359,375562,-7.52186753,35,18.97,20076,0.7360826730728149,-0.23536279797554016,0.0005
0.018706776201725006,1.0,10674,375737,4.456831455230713,375636,-7.34151063,35,18.93,20080,0.1570816934108734,-0.7634298205375671,0.0005
0.01819586753845215,1.0,10676,375811,4.699600696563721,375710,-7.337406330000001,35,18.91,20084,0.7972358465194702,0.3203616142272949,0.0005
0.018403206020593643,1.0,10678,375879,4.536594390869141,375778,-7.290312729999999,35,18.84,20088,0.11983025074005127,0.4241708219051361,0.0005
0.018783358857035637,1.0,10680,375949,5.243805885314941,375848,-7.290951580000001,35,18.86,20092,0.7613306045532227,-0.18350669741630554,0.0005
0.01886172778904438,1.0,10682,376017,4.287394046783447,375916,-7.286142599999998,35,18.85,20096,0.07231787592172623,0.355246365070343,0.0005
0.01945308782160282,1.0,10684,376093,4.85883903503418,375992,-7.33311375,35,18.93,20100,0.6443144679069519,0.07609933614730835,0.0005
0.019414857029914856,1.0,10687,376168,4.478400230407715,376067,-7.379501779999999,35,19.01,20104,0.5106424689292908,-1.0176043510437012,0.0005
0.019124584272503853,1.0,10688,376235,4.734509468078613,376134,-7.242630679999999,35,18.81,20108,0.15163469314575195,-0.02276584506034851,0.0005
0.01863156631588936,1.0,10691,376309,4.8044352531433105,376208,-7.1983897,35,18.73,20112,0.43545615673065186,-0.7627964019775391,0.0005
0.01848849281668663,1.0,10692,376377,4.522274971008301,376276,-7.153012049999998,35,18.67,20116,0.5016553401947021,-0.7469265460968018,0.0005
0.018305344507098198,1.0,10695,376453,4.786818504333496,376352,-7.107538990000002,35,18.59,20120,0.44656139612197876,-0.7999817132949829,0.0005
0.01812802255153656,1.0,10696,376519,4.617764949798584,376418,-7.049667449999999,35,18.49,20124,0.469478964805603,-0.44889765977859497,0.0005
0.018066279590129852,1.0,10699,376595,5.296934127807617,376494,-7.01189654,35,18.45,20128,0.1032840833067894,0.2597111165523529,0.0005
0.01819588430225849,1.0,10700,376662,4.921366214752197,376561,-7.005368679999999,35,18.43,20132,0.22927828133106232,-0.386993944644928,0.0005
0.018316783010959625,1.0,10702,376730,5.16778564453125,376629,-6.957900349999999,35,18.35,20136,1.570801019668579,-0.15058347582817078,0.0005
0.0184111837297678,1.0,10704,376791,5.0283684730529785,376690,-6.772984200000001,35,18.07,20140,0.40674594044685364,0.5165853500366211,0.0005
0.018609626218676567,1.0,10706,376859,4.526075839996338,376758,-6.68253958,35,17.94,20144,0.32574284076690674,-0.7954509258270264,0.0005
0.018399348482489586,1.0,10708,376926,5.067712783813477,376825,-6.729625719999999,35,18.01,20148,0.09776806831359863,-0.13500061631202698,0.0005
0.018636928871273994,1.0,10710,376999,4.764184474945068,376898,-6.727309899999999,35,18.0,20152,0.711477518081665,-0.09808793663978577,0.0005
0.01878323033452034,1.0,10712,377066,4.7387542724609375,376965,-6.68065982,35,17.93,20156,0.1204495057463646,0.5188548564910889,0.0005
0.019489552825689316,1.0,10714,377140,4.61202335357666,377039,-6.63074347,35,17.85,20160,0.16695432364940643,0.48212236166000366,0.0005
0.019939204677939415,1.0,10716,377200,4.6977386474609375,377099,-6.49158505,35,17.63,20164,0.13449683785438538,-0.25032323598861694,0.0005
0.02004358172416687,1.0,10718,377275,5.435965061187744,377174,-6.44093246,35,17.55,20168,0.520168125629425,0.27713337540626526,0.0005
0.020308205857872963,1.0,10721,377357,4.23624324798584,377256,-6.532640449999999,35,17.68,20172,0.2606426477432251,-1.2353683710098267,0.0005
0.019832732155919075,1.0,10722,377425,4.686365604400635,377324,-6.49237741,35,17.62,20176,0.2719782590866089,0.8491259217262268,0.0005
0.019730782136321068,1.0,10724,377491,4.913857460021973,377390,-6.442645480000001,35,17.54,20180,0.35143911838531494,-0.17269593477249146,0.0005
0.01971052773296833,1.0,10726,377552,4.686724662780762,377451,-6.35216047,35,17.41,20184,0.1859401911497116,-1.0214715003967285,0.0005
0.019001668319106102,1.0,10728,377615,4.855031490325928,377514,-6.31140304,35,17.36,20188,0.12320658564567566,-0.20329128205776215,0.0005
0.01883048191666603,1.0,10730,377676,4.397617340087891,377575,-6.2636211899999985,35,17.27,20192,0.7871920466423035,-0.31051918864250183,0.0005
0.018542446196079254,1.0,10732,377752,4.140718460083008,377651,-6.31283034,35,17.35,20196,0.13333462178707123,-0.7038509249687195,0.0005
0.01840207912027836,1.0,10734,377840,4.791303634643555,377739,-6.39920195,35,17.47,20200,0.14395740628242493,1.7412569522857666,0.0005
0.018870502710342407,1.0,10737,377914,4.757035255432129,377813,-6.3964545799999994,35,17.46,20204,0.21552295982837677,0.08338046073913574,0.0005
0.018531544134020805,1.0,10739,377990,4.7416090965271,377889,-6.450462729999999,35,17.55,20208,0.105443574488163,-0.6047161817550659,0.0005
0.017968175932765007,1.0,10741,378064,4.6722517013549805,377963,-6.447241680000001,35,17.55,20212,0.2147941142320633,-0.8000969290733337,0.0005
0.0181562677025795,1.0,10743,378132,4.761770248413086,378031,-6.448215399999998,35,17.55,20216,0.30896639823913574,0.23952561616897583,0.0005
0.01790386065840721,1.0,10745,378199,4.98326301574707,378098,-6.3899317,35,17.46,20220,0.3444640040397644,0.334514319896698,0.0005
0.01872607134282589,1.0,10748,378282,4.7970991134643555,378181,-6.491485500000001,35,17.63,20224,0.09141631424427032,-0.3495267629623413,0.0005
0.018969671800732613,1.0,10749,378349,5.360006809234619,378248,-6.440606369999999,35,17.54,20228,1.2380504608154297,0.3102216422557831,0.0005
0.01907583512365818,1.0,10751,378410,4.857510566711426,378309,-6.40134773,35,17.48,20232,0.32697126269340515,0.4980645775794983,0.0005
0.019299257546663284,1.0,10753,378477,4.88081169128418,378376,-6.39944679,35,17.47,20236,0.08921463787555695,-0.2156834900379181,0.0005
0.019442621618509293,1.0,10755,378552,4.5156989097595215,378451,-6.491258739999999,35,17.61,20240,0.20976592600345612,-0.10724104940891266,0.0005
0.019693683832883835,1.0,10757,378619,4.7278337478637695,378518,-6.489696889999999,35,17.6,20244,0.2857134938240051,0.7180978059768677,0.0005
0.019776150584220886,1.0,10759,378693,5.189986228942871,378592,-6.53639552,35,17.67,20248,0.2529931366443634,0.19826702773571014,0.0005
0.019877679646015167,1.0,10761,378761,4.5107927322387695,378660,-6.494339360000001,35,17.62,20252,0.3502070903778076,-0.3515312671661377,0.0005
0.020073551684617996,1.0,10762,378821,4.537142753601074,378720,-6.450914739999999,35,17.55,20256,0.27858492732048035,0.28467971086502075,0.0005
0.020091019570827484,1.0,10765,378895,4.250199794769287,378794,-6.450852600000001,35,17.55,20260,1.0558395385742188,0.4492862820625305,0.0005
0.02000715397298336,1.0,10767,378982,4.624506950378418,378881,-6.631711269999999,35,17.82,20264,0.2774897813796997,-0.5357211828231812,0.0005
0.019300611689686775,1.0,10770,379073,5.014333724975586,378972,-6.730186289999999,35,17.98,20268,0.21855372190475464,-0.30846112966537476,0.0005
0.019727231934666634,1.0,10772,379141,5.624421119689941,379040,-6.640722530000001,35,17.84,20272,1.4369583129882812,0.9710124731063843,0.0005
0.020119762048125267,1.0,10774,379216,4.620450496673584,379115,-6.688695569999998,35,17.91,20276,0.6528787016868591,-0.5575613975524902,0.0005
0.019468598067760468,1.0,10776,379297,5.172180652618408,379196,-6.78313275,35,18.06,20280,0.13876967132091522,0.2104722261428833,0.0005
0.019335972145199776,1.0,10778,379372,5.270787239074707,379271,-6.875757190000002,35,18.2,20284,0.16004379093647003,-0.1729041337966919,0.0005
0.019165828824043274,1.0,10780,379447,4.57708740234375,379346,-6.961452470000001,35,18.32,20288,0.28517693281173706,0.34510135650634766,0.0005
0.0190591998398304,1.0,10782,379514,4.727626800537109,379413,-7.00276382,35,18.38,20292,0.8456947207450867,-0.48960232734680176,0.0005
0.01897304877638817,1.0,10783,379582,4.86461877822876,379481,-6.955142479999999,35,18.3,20296,0.5186639428138733,-0.6665672063827515,0.0005
0.01893460750579834,1.0,10786,379665,5.359112739562988,379564,-6.914478189999999,35,18.25,20300,0.14588193595409393,0.5107711553573608,0.0005
0.018827086314558983,1.0,10788,379739,4.741888999938965,379638,-6.91448615,35,18.25,20304,0.29880791902542114,0.071799635887146,0.0005
0.019390640780329704,0.99,10790,379816,4.710677623748779,379715,-7.088774,35,18.26,20308,0.14239804446697235,0.3262840211391449,0.0005
0.01923735998570919,0.99,10791,379885,4.697061061859131,379784,-7.0451182900000004,35,18.21,20312,0.22676785290241241,-0.7157717943191528,0.0005
0.018721481785178185,0.99,10793,379950,4.6333088874816895,379849,-7.0395473200000005,35,18.18,20316,0.4595790505409241,0.2833959758281708,0.0005
0.018318835645914078,0.99,10811,380023,4.6432294845581055,379922,-7.0831086,35,18.24,20320,0.11048662662506104,-0.5350820422172546,0.0005
0.01800372451543808,0.98,10814,380106,4.35714054107666,380005,-7.248218230000001,35,18.24,20324,0.8201701045036316,-0.5544517040252686,0.0005
0.017636964097619057,0.98,10815,380173,4.879591941833496,380072,-7.248310959999999,35,18.24,20328,0.8503990173339844,0.6970901489257812,0.0005
0.0176272951066494,0.98,10817,380261,5.134544849395752,380160,-7.42400888,35,18.51,20332,0.04907052218914032,0.3407258987426758,0.0005
0.01753266155719757,0.98,10819,380343,4.593506336212158,380242,-7.517566479999999,35,18.66,20336,0.353756844997406,-0.02252689003944397,0.0005
0.017730163410305977,0.98,10821,380411,4.605025768280029,380310,-7.469050940000001,35,18.59,20340,0.7697926163673401,0.3905352056026459,0.0005
0.017969608306884766,0.98,10823,380479,5.031576156616211,380378,-7.468858460000002,35,18.6,20344,0.18173325061798096,0.059349820017814636,0.0005
0.018338482826948166,0.97,10825,380560,5.104204177856445,380459,-7.716862560000001,35,18.67,20348,0.37545114755630493,0.7250168919563293,0.0005
0.018765464425086975,0.97,10827,380627,5.3516340255737305,380526,-7.7173580300000015,35,18.66,20352,0.13231298327445984,0.9709018468856812,0.0005
0.019200675189495087,0.97,10829,380701,4.8468017578125,380600,-7.80882636,35,18.8,20356,0.05331192538142204,-0.054746001958847046,0.0005
0.018983203917741776,0.97,10831,380784,4.714025497436523,380683,-7.861966329999999,35,18.89,20360,0.254694402217865,-0.4285717010498047,0.0005
0.019221479073166847,0.97,10833,380859,4.724407196044922,380758,-7.77153103,35,18.77,20364,0.16839730739593506,0.14016573131084442,0.0005
0.01903030462563038,0.97,10835,380919,4.281805038452148,380818,-7.57897729,35,18.46,20368,0.21971413493156433,-0.9377711415290833,0.0005
0.018371377140283585,0.97,10837,381001,4.298477649688721,380900,-7.66748598,35,18.6,20372,0.9868408441543579,1.1085395812988281,0.0005
0.018325798213481903,0.97,10839,381081,4.826327323913574,380980,-7.7050902699999995,35,18.65,20376,0.11318613588809967,-0.1280297487974167,0.0005
0.01884322799742222,0.97,10841,381156,5.372158050537109,381055,-7.66062534,35,18.59,20380,0.0935996025800705,0.19323033094406128,0.0005
0.01917235180735588,0.97,10843,381230,5.100439548492432,381129,-7.65606764,35,18.58,20384,0.5227158665657043,0.5566545724868774,0.0005
0.019435536116361618,0.97,10845,381316,4.7917656898498535,381215,-7.742300800000001,35,18.69,20388,0.27338898181915283,1.029679298400879,0.0005
0.01954607665538788,0.97,10847,381390,4.199993133544922,381289,-7.7898065700000005,35,18.76,20392,0.08561639487743378,-0.06581887602806091,0.0005
0.01983589492738247,0.97,10849,381464,4.5046210289001465,381363,-7.83070342,35,18.82,20396,0.08898575603961945,0.5068326592445374,0.0005
0.02018454670906067,0.97,10851,381538,4.7401957511901855,381437,-7.780534240000001,35,18.73,20400,0.151528999209404,-0.3378032445907593,0.0005
0.020057640969753265,0.97,10854,381620,4.605627059936523,381519,-7.828528099999997,35,18.81,20404,0.5065492987632751,-0.6812608242034912,0.0005
0.020009901374578476,0.98,10856,381693,4.911131858825684,381592,-7.644180190000001,35,18.77,20408,0.27718836069107056,0.11684602499008179,0.0005
0.020238732919096947,0.98,10858,381781,4.4860382080078125,381680,-7.776244170000001,35,18.96,20412,0.11764512211084366,-0.45378565788269043,0.0005
0.0203719325363636,0.98,10860,381842,5.244271278381348,381741,-7.734099280000001,35,18.92,20416,0.5077422857284546,1.082111120223999,0.0005
0.021384265273809433,0.98,10862,381917,4.4384613037109375,381816,-7.740781080000001,35,18.94,20420,0.39562347531318665,-0.8222304582595825,0.0005
0.021131353452801704,0.99,10864,381991,5.428919315338135,381890,-7.524887629999999,35,18.85,20424,1.3550201654434204,-0.1940590739250183,0.0005
0.021222682669758797,0.99,10866,382066,5.1439714431762695,381965,-7.573846079999999,35,18.93,20428,0.4843851923942566,0.2973540723323822,0.0005
0.020674532279372215,0.99,10868,382139,4.841636657714844,382038,-7.4839961399999995,35,18.78,20432,1.4080787897109985,-0.8517128825187683,0.0005
0.02029363252222538,0.99,10870,382205,5.081476211547852,382104,-7.3927925100000005,35,18.62,20436,1.4559518098831177,-0.5200666785240173,0.0005
0.01952488161623478,0.99,10871,382266,5.064291954040527,382165,-7.3509150399999985,35,18.55,20440,0.6132895350456238,-0.5028998255729675,0.0005
0.01900164969265461,0.99,10873,382327,4.647170066833496,382226,-7.30771351,35,18.48,20444,0.03685876727104187,-0.5707048177719116,0.0005
0.018831070512533188,1.0,10875,382403,5.550980567932129,382302,-7.06444167,35,18.43,20448,0.4034404158592224,0.3754422664642334,0.0005
0.01905403472483158,1.0,10877,382469,5.092761993408203,382368,-7.060415959999999,35,18.42,20452,1.2127211093902588,-0.08813676983118057,0.0005
0.01899864338338375,1.0,10879,382534,4.391214370727539,382433,-7.007468790000001,35,18.33,20456,0.24508124589920044,-1.0338876247406006,0.0005
0.01903625763952732,1.0,10881,382610,4.428041458129883,382509,-6.958185439999999,35,18.26,20460,1.4603893756866455,0.9908623695373535,0.0005
0.01930920034646988,1.0,10883,382691,4.714724063873291,382590,-7.006377240000002,35,18.32,20464,1.5028960704803467,-0.14071251451969147,0.0005
0.019320053979754448,1.0,10885,382773,5.177622318267822,382672,-7.14480518,35,18.54,20468,0.6254192590713501,0.13815449178218842,0.0005
0.019603457301855087,1.0,10887,382846,4.73829460144043,382745,-7.0935228299999995,35,18.45,20472,0.17682090401649475,-0.6860427856445312,0.0005
0.01912149414420128,1.0,10889,382927,4.810979843139648,382826,-7.097846130000001,35,18.46,20476,0.16081231832504272,-0.1817702054977417,0.0005
0.0189350713044405,1.0,10891,382995,4.547781944274902,382894,-7.05429375,35,18.39,20480,0.19693633913993835,-1.0584111213684082,0.0005
0.0185401514172554,0.99,10893,383085,4.991094589233398,382984,-7.31779788,35,18.55,20484,0.22250217199325562,-0.020948201417922974,0.0005
0.018224790692329407,0.99,10896,383172,4.41658353805542,383071,-7.31683634,35,18.56,20488,0.3584733009338379,-0.6230132579803467,0.0005
0.017788240686058998,0.99,10898,383245,4.6889472007751465,383144,-7.314396339999999,35,18.55,20492,0.1641845852136612,-1.0430686473846436,0.0005
0.017340535297989845,0.99,10900,383327,4.633830547332764,383226,-7.36550001,35,18.63,20496,0.32222551107406616,0.6188720464706421,0.0005
0.01801898702979088,0.99,10902,383403,4.889974117279053,383302,-7.37368492,35,18.65,20500,0.5387073755264282,1.4320931434631348,0.0005
0.018585732206702232,0.99,10905,383490,4.855792045593262,383389,-7.41377153,35,18.7,20504,0.2656233608722687,0.1758619099855423,0.0005
0.018148278817534447,0.99,10907,383580,4.47769832611084,383479,-7.513257219999999,35,18.87,20508,0.1531413495540619,-0.8173328638076782,0.0005
0.018268633633852005,0.99,10909,383656,4.697866439819336,383555,-7.428989950000001,35,18.75,20512,1.6301743984222412,0.24702373147010803,0.0005
0.018138371407985687,0.99,10911,383730,4.895118713378906,383629,-7.5204476599999985,35,18.88,20516,0.24375507235527039,1.160241961479187,0.0005
0.018069958314299583,0.99,10912,383791,4.925339698791504,383690,-7.42990891,35,18.74,20520,0.25492048263549805,-0.7289701700210571,0.0005
0.017807768657803535,0.99,10914,383876,4.452704906463623,383775,-7.484505940000002,35,18.85,20524,0.22956719994544983,-0.25264689326286316,0.0005
0.017587775364518166,0.99,10917,383958,4.991009712219238,383857,-7.53211238,35,18.92,20528,0.1673855036497116,0.1248479038476944,0.0005
0.017586978152394295,0.99,10919,384039,4.449184417724609,383938,-7.577929939999999,35,19.0,20532,0.07086433470249176,-0.030585289001464844,0.0005
0.017536776140332222,0.99,10920,384106,4.697631359100342,384005,-7.5786878,35,19.01,20536,1.2341868877410889,0.4746137261390686,0.0005
0.01735708862543106,0.99,10922,384180,4.247492790222168,384079,-7.666362259999997,35,19.14,20540,0.11794095486402512,-0.06372784078121185,0.0005
0.01765400357544422,0.99,10924,384261,5.149663925170898,384160,-7.801555060000001,35,19.34,20544,0.10356695204973221,0.34033626317977905,0.0005
0.017820008099079132,0.99,10926,384322,4.607119560241699,384221,-7.70466156,35,19.19,20548,0.26709455251693726,0.055871009826660156,0.0005
0.017853213474154472,0.99,10928,384404,4.619164943695068,384303,-7.802214459999999,35,19.35,20552,0.18830792605876923,0.40431103110313416,0.0005
0.018167613074183464,0.99,10930,384486,5.2964630126953125,384385,-7.901978090000001,35,19.52,20556,0.26683998107910156,0.33307674527168274,0.0005
0.018282951787114143,0.99,10932,384560,4.630932331085205,384459,-7.9001799,35,19.5,20560,0.44850632548332214,-0.09476858377456665,0.0005
0.018275246024131775,0.99,10934,384650,4.5268731117248535,384549,-7.948216870000001,35,19.59,20564,0.3855593800544739,0.05665312707424164,0.0005
0.01855439506471157,0.99,10936,384727,5.1339497566223145,384626,-7.914471549999999,35,19.54,20568,0.771224319934845,-0.22055163979530334,0.0005
0.01868979074060917,0.99,10938,384809,4.638585567474365,384708,-7.9682881000000005,35,19.63,20572,0.3257375955581665,-0.7093781232833862,0.0005
0.01867084391415119,0.99,10940,384891,5.149345397949219,384790,-7.966737460000002,35,19.64,20576,0.8234158754348755,0.6908201575279236,0.0005
0.018776774406433105,0.99,10942,384971,4.6231465339660645,384870,-8.0524709,35,19.76,20580,0.42438799142837524,-0.03177167475223541,0.0005
0.019259387627243996,1.0,10944,385031,5.042574882507324,384930,-7.697661849999999,35,19.46,20584,0.7913625836372375,0.2341877520084381,0.0005
0.019475417211651802,1.0,10945,385097,5.035187721252441,384996,-7.56326772,35,19.25,20588,0.3830108344554901,0.5961415767669678,0.0005
0.019786229357123375,1.0,10947,385158,5.380170822143555,385057,-7.473026040000001,35,19.13,20592,0.5578925609588623,0.5116780996322632,0.0005
0.02043655700981617,1.0,10948,385228,5.397470951080322,385127,-7.385659270000001,35,19.01,20596,0.11951719224452972,-0.2612500786781311,0.0005
0.020148510113358498,1.0,10950,385301,4.641631126403809,385200,-7.37688071,35,18.98,20600,0.1693684309720993,-1.2828325033187866,0.0005
0.019823404029011726,1.0,10952,385382,4.96676778793335,385281,-7.33725973,35,18.92,20604,0.3980841636657715,0.8237699866294861,0.0005
0.020173242315649986,1.0,10954,385458,4.467763423919678,385357,-7.248669990000001,35,18.78,20608,0.15437236428260803,0.3796699643135071,0.0005
0.0200983677059412,1.0,10956,385526,4.911738395690918,385425,-7.200007079999999,35,18.7,20612,0.17069706320762634,-0.47838008403778076,0.0005
0.020087407901883125,1.0,10957,385599,4.799756050109863,385498,-7.1975216799999995,35,18.69,20616,0.166139155626297,-0.23737280070781708,0.0005
0.019845247268676758,1.0,10959,385666,4.442105770111084,385565,-7.240464300000001,35,18.75,20620,0.19030752778053284,-1.0200201272964478,0.0005
0.019555311650037766,1.0,10961,385755,4.442811965942383,385654,-7.280249310000001,35,18.79,20624,0.1516856551170349,-0.09345973283052444,0.0005
0.01962151750922203,1.0,10963,385836,4.20965576171875,385735,-7.272370530000001,35,18.78,20628,0.05822494626045227,0.7774913311004639,0.0005
0.019819552078843117,1.0,10965,385904,4.701930046081543,385803,-7.18346505,35,18.65,20632,0.5010330080986023,0.6154405474662781,0.0005
0.020179370418190956,1.0,10967,385977,4.935479164123535,385876,-7.226345419999999,35,18.71,20636,0.40554580092430115,0.5045598149299622,0.0005
0.021260742098093033,1.0,10969,386051,4.862637996673584,385950,-7.226095390000001,35,18.71,20640,0.35651883482933044,-0.13153958320617676,0.0005
0.02138049714267254,1.0,10971,386125,5.134596347808838,386024,-7.180566060000001,35,18.64,20644,0.2685707211494446,-0.9169089198112488,0.0005
0.02098570577800274,1.0,10972,386194,5.044227600097656,386093,-7.232590709999999,35,18.72,20648,0.459475040435791,-0.8078476190567017,0.0005
0.02056361362338066,1.0,10974,386264,4.301690578460693,386163,-7.146775529999998,35,18.6,20652,0.1719454526901245,-0.6514067053794861,0.0005
0.019708022475242615,1.0,10977,386344,4.969320774078369,386243,-7.142235649999999,35,18.58,20656,0.0952029824256897,-1.0474913120269775,0.0005
0.01943150907754898,1.0,10979,386430,5.253190040588379,386329,-7.21026411,35,18.7,20660,0.3207245171070099,0.04259032756090164,0.0005
0.019020212814211845,1.0,10981,386506,4.913580894470215,386405,-7.119856530000001,35,18.56,20664,0.09674105048179626,0.4630345106124878,0.0005
0.018871132284402847,0.99,10983,386578,4.5497050285339355,386477,-7.30777328,35,18.51,20668,0.13323408365249634,-0.36039644479751587,0.0005
0.018660128116607666,0.99,10985,386660,4.280926704406738,386559,-7.308467050000001,35,18.51,20672,0.9544477462768555,-0.12072140723466873,0.0005
0.018453024327754974,0.99,10987,386728,4.346165657043457,386627,-7.2160084200000005,35,18.37,20676,0.5134320259094238,0.6047120094299316,0.0005
0.018502231687307358,0.99,10989,386795,4.5417962074279785,386694,-7.1253584100000005,35,18.24,20680,0.31203693151474,0.07563763856887817,0.0005
0.018025482073426247,0.99,10991,386875,5.060248374938965,386774,-7.260542979999999,35,18.44,20684,0.17502599954605103,0.18787294626235962,0.0005
0.01757524348795414,0.99,10993,386950,4.489034175872803,386849,-7.309185389999999,35,18.53,20688,1.6826725006103516,-0.3243446946144104,0.0005
0.01744438335299492,0.99,10994,387017,5.049717903137207,386916,-7.353772370000001,35,18.59,20692,0.5714350938796997,-0.3827851116657257,0.0005
0.017302853986620903,0.99,10996,387084,4.8009114265441895,386983,-7.3476521,35,18.56,20696,0.5515846610069275,0.11822442710399628,0.0005
0.017973925918340683,0.99,10998,387158,4.929764747619629,387057,-7.350015129999999,35,18.57,20700,0.15062712132930756,0.552315354347229,0.0005
0.01861298456788063,0.99,11000,387238,4.399238109588623,387137,-7.344703649999999,35,18.56,20704,0.37958166003227234,0.22711029648780823,0.0005
0.018515365198254585,0.99,11002,387299,4.597914695739746,387198,-7.248381469999999,35,18.41,20708,0.0810127854347229,0.12483519315719604,0.0005
0.01875636726617813,0.98,11004,387389,4.997020721435547,387288,-7.55952469,35,18.63,20712,0.7052361965179443,-0.43894901871681213,0.0005
0.019037315621972084,0.98,11007,387471,5.08831787109375,387370,-7.612085439999999,35,18.72,20716,0.08078160881996155,-0.5170739889144897,0.0005
0.0188553798943758,0.98,11009,387538,5.209012031555176,387437,-7.610382310000001,35,18.72,20720,0.44538015127182007,1.5834215879440308,0.0005
0.018854277208447456,0.98,11011,387605,4.318573474884033,387504,-7.4699925899999995,35,18.5,20724,0.0567004531621933,-0.6895016431808472,0.0005
0.018636560067534447,0.98,11013,387672,4.241230010986328,387571,-7.381908699999999,35,18.36,20728,0.1420595645904541,-0.9880402088165283,0.0005
0.01861080713570118,0.98,11015,387747,4.539624214172363,387646,-7.429636420000001,35,18.43,20732,0.860875129699707,-0.662169873714447,0.0005
0.018738357350230217,0.98,11017,387827,5.116592884063721,387726,-7.47443937,35,18.5,20736,0.7403652667999268,0.5965351462364197,0.0005
0.019701272249221802,0.98,11019,387906,5.179114818572998,387805,-7.517229230000001,35,18.55,20740,0.16465455293655396,0.9678550362586975,0.0005
0.02024204470217228,0.98,11021,387974,4.454568862915039,387873,-7.4723448999999995,35,18.49,20744,0.35670948028564453,-0.3774206042289734,0.0005
0.020234858617186546,0.98,11023,388055,4.569005966186523,387954,-7.556686870000002,35,18.61,20748,0.42142999172210693,-0.05149179697036743,0.0005
0.01967579871416092,0.98,11026,388143,4.1540985107421875,388042,-7.68688848,35,18.79,20752,0.1779315173625946,-0.7330946922302246,0.0005
0.019259903579950333,0.98,11027,388211,4.387927532196045,388110,-7.602223270000001,35,18.67,20756,0.03697279840707779,0.10012772679328918,0.0005
0.01909325271844864,0.98,11029,388285,4.0941572189331055,388184,-7.52914161,35,18.55,20760,0.7043461799621582,-0.09840930998325348,0.0005
0.018600426614284515,0.98,11032,388360,4.714146137237549,388259,-7.5249198,35,18.54,20764,0.38400334119796753,0.09759968519210815,0.0005
0.018641578033566475,0.99,11034,388435,4.719687461853027,388334,-7.32548509,35,18.57,20768,0.538452684879303,-0.4575573801994324,0.0005
0.01945732720196247,0.99,11036,388507,4.339988708496094,388406,-7.268160900000002,35,18.47,20772,0.5915533900260925,-0.5461252331733704,0.0005
0.019572056829929352,0.99,11039,388596,4.942251205444336,388495,-7.40893827,35,18.68,20776,0.32174932956695557,-0.6456804275512695,0.0005
0.019212663173675537,0.99,11040,388662,4.978889465332031,388561,-7.409886060000002,35,18.67,20780,0.9009723663330078,-0.022041022777557373,0.0005
0.018724285066127777,0.99,11043,388742,4.708626747131348,388641,-7.41158814,35,18.67,20784,0.2663517892360687,-0.614690363407135,0.0005
0.018237439915537834,0.99,11045,388818,4.684091091156006,388717,-7.4174402200000005,35,18.68,20788,0.782624363899231,-1.3200709819793701,0.0005
0.01775907725095749,0.99,11046,388886,4.346724987030029,388785,-7.42389261,35,18.69,20792,0.5491338968276978,-0.37733933329582214,0.0005
0.01790367253124714,0.99,11048,388960,4.731093406677246,388859,-7.46896123,35,18.76,20796,0.20602519810199738,0.7070856094360352,0.0005
0.018463440239429474,0.99,11050,389021,4.443771839141846,388920,-7.37823266,35,18.63,20800,0.46500587463378906,0.5585812330245972,0.0005
0.018826598301529884,0.99,11052,389095,5.083725929260254,388994,-7.333554119999999,35,18.57,20804,0.8474189043045044,0.753442645072937,0.0005
0.01959109678864479,0.98,11054,389160,5.472368240356445,389059,-7.520519939999999,35,18.61,20808,0.6741768717765808,-0.3640984296798706,0.0005
0.020305592566728592,0.99,11056,389235,4.854474067687988,389134,-7.251792789999999,35,18.46,20812,0.6592261791229248,0.42539501190185547,0.0005
0.02055203728377819,0.98,11058,389319,4.837915420532227,389218,-7.427457969999998,35,18.48,20816,0.765074610710144,-0.19687506556510925,0.0005
0.02084367163479328,0.98,11060,389408,4.695483207702637,389307,-7.56540953,35,18.7,20820,0.13947975635528564,-0.24267356097698212,0.0005
0.02085750736296177,0.98,11063,389489,5.116460800170898,389388,-7.65762372,35,18.84,20824,0.15491291880607605,-0.21130716800689697,0.0005
0.020832503214478493,0.98,11065,389563,4.824840545654297,389462,-7.7050662800000005,35,18.91,20828,0.3933398723602295,-0.26844680309295654,0.0005
0.020808154717087746,0.98,11067,389643,4.283873081207275,389542,-7.74240086,35,18.96,20832,0.08788371086120605,-0.40329137444496155,0.0005
0.020214371383190155,0.98,11069,389718,4.186843395233154,389617,-7.70323704,35,18.91,20836,0.820587694644928,-0.4756801724433899,0.0005
0.020241141319274902,0.98,11071,389791,5.2108283042907715,389690,-7.6572296600000005,35,18.85,20840,0.12706845998764038,1.0593039989471436,0.0005
0.020509866997599602,0.98,11073,389864,4.656773567199707,389763,-7.701782819999998,35,18.9,20844,0.12601539492607117,-0.2731238901615143,0.0005
0.020084701478481293,0.98,11075,389933,4.999530792236328,389832,-7.61656803,35,18.78,20848,0.04942214488983154,-0.20433025062084198,0.0005
0.019904008135199547,0.98,11095,390007,5.137479782104492,389906,-7.524755879999999,35,18.64,20852,0.4487608075141907,0.08031508326530457,0.0005
0.019676052033901215,0.98,11097,390074,5.105669021606445,389973,-7.51868205,35,18.63,20856,0.17673572897911072,0.35805612802505493,0.0005
0.019770309329032898,0.98,11099,390148,4.662166595458984,390047,-7.5219188400000006,35,18.63,20860,0.32112202048301697,-0.41596925258636475,0.0005
0.019522469490766525,0.98,11101,390221,4.960355281829834,390120,-7.518283350000001,35,18.61,20864,1.041677474975586,-0.16286307573318481,0.0005
0.020185528323054314,0.98,11103,390289,5.028314590454102,390188,-7.470277789999999,35,18.54,20868,0.11182371526956558,1.5756758451461792,0.0005
0.02100587822496891,0.97,11105,390365,4.476470947265625,390264,-7.65540509,35,18.58,20872,0.405833899974823,-0.5449701547622681,0.0005
0.02072973921895027,0.97,11107,390433,4.400050163269043,390332,-7.51413558,35,18.37,20876,0.21444368362426758,-1.0139520168304443,0.0005
0.020222147926688194,0.97,11109,390520,4.831991195678711,390419,-7.6481567,35,18.58,20880,0.2129974067211151,-0.49662622809410095,0.0005
0.020117640495300293,0.97,11111,390588,4.785841941833496,390487,-7.56014868,35,18.46,20884,0.5185239315032959,0.7204968333244324,0.0005
0.02056117355823517,0.97,11113,390668,5.617500305175781,390567,-7.59356346,35,18.5,20888,0.6027557253837585,0.29455387592315674,0.0005
0.020929936319589615,0.97,11115,390729,4.5321550369262695,390628,-7.543050110000001,35,18.43,20892,0.8063966035842896,-0.7924593687057495,0.0005
0.020297665148973465,0.97,11117,390809,4.152787685394287,390708,-7.585156130000001,35,18.49,20896,0.456490159034729,-0.0682697594165802,0.0005
0.01970549114048481,0.97,11119,390870,4.5081353187561035,390769,-7.58364958,35,18.49,20900,0.1586691290140152,-0.6684197783470154,0.0005
0.019531091675162315,0.97,11121,390943,4.85676383972168,390842,-7.581590730000001,35,18.48,20904,0.9549201130867004,-0.41425684094429016,0.0005
0.019836561754345894,0.97,11123,391012,4.547686576843262,390911,-7.623508200000001,35,18.52,20908,0.37815749645233154,-0.36465612053871155,0.0005
0.019560590386390686,0.97,11125,391093,4.459226608276367,390992,-7.669917690000001,35,18.58,20912,0.17799311876296997,-0.785474419593811,0.0005
0.01936298795044422,0.98,11127,391175,4.605381011962891,391074,-7.489259950000001,35,18.56,20916,1.4830918312072754,-0.2604988217353821,0.0005
0.019329693168401718,0.98,11129,391263,4.713526725769043,391162,-7.490372390000001,35,18.55,20920,0.06519395112991333,-0.7521858215332031,0.0005
0.019034704193472862,0.98,11131,391331,5.074123382568359,391230,-7.399856560000001,35,18.42,20924,0.9579960703849792,-0.5065293908119202,0.0005
0.018867870792746544,0.98,11133,391408,4.332685947418213,391307,-7.406960040000001,35,18.45,20928,0.07022125273942947,-0.5054365396499634,0.0005
0.018635040149092674,0.98,11135,391490,4.4785895347595215,391389,-7.418020389999998,35,18.47,20932,0.0795428603887558,-0.17641395330429077,0.0005
0.018364155665040016,0.98,11137,391570,4.349327087402344,391469,-7.453902929999999,35,18.52,20936,1.594161033630371,-0.8581874966621399,0.0005
0.018388118594884872,0.98,11139,391660,4.384295463562012,391559,-7.559429229999999,35,18.69,20940,0.046279408037662506,0.03935030847787857,0.0005
0.01862691156566143,0.98,11141,391740,4.223488807678223,391639,-7.602791399999998,35,18.76,20944,0.43572884798049927,0.41524699330329895,0.0005
0.018817035481333733,0.98,11143,391813,4.2179646492004395,391712,-7.6420226300000005,35,18.8,20948,0.1362724006175995,0.125509575009346,0.0005
0.018928084522485733,0.97,11145,391897,4.435462474822998,391796,-7.860193299999999,35,18.9,20952,0.07824225723743439,-0.38491010665893555,0.0005
0.018858974799513817,0.97,11147,391969,4.974835395812988,391868,-7.89987566,35,18.95,20956,1.1530650854110718,0.31802496314048767,0.0005
0.01851961761713028,0.97,11149,392038,4.35421085357666,391937,-7.85705064,35,18.9,20960,0.3852576017379761,0.06675297021865845,0.0005
0.018316293135285378,0.97,11151,392099,4.646927356719971,391998,-7.77280091,35,18.78,20964,0.3080664277076721,0.2308502495288849,0.0005
0.018696989864110947,0.96,11152,392165,5.192527770996094,392064,-7.974409410000001,35,18.76,20968,0.5429298877716064,0.052140973508358,0.0005
0.01903114654123783,0.97,11155,392245,4.459549903869629,392144,-7.83696888,35,18.8,20972,1.1374393701553345,-0.31363368034362793,0.0005
0.019416481256484985,0.97,11157,392320,4.867185592651367,392219,-7.884881459999999,35,18.87,20976,0.23907329142093658,-0.33607426285743713,0.0005
0.019194038584828377,0.97,11159,392408,4.484618186950684,392307,-7.8885314000000015,35,18.88,20980,0.4398075044155121,-0.35153132677078247,0.0005
0.019076643511652946,0.97,11161,392483,4.978878021240234,392382,-7.934908780000001,35,18.95,20984,0.1860370635986328,-0.1500084549188614,0.0005
0.018999824300408363,0.97,11164,392571,4.674527645111084,392470,-7.984725630000001,35,19.03,20988,0.19218283891677856,-0.19286268949508667,0.0005
0.018910592421889305,0.97,11165,392639,4.5583038330078125,392538,-8.03512493,35,19.1,20992,0.26098597049713135,-0.9686722159385681,0.0005
0.01847439631819725,0.97,11167,392707,5.307771682739258,392606,-7.95196148,35,18.98,20996,1.433495283126831,0.050962597131729126,0.0005
0.01912069134414196,0.97,11169,392781,4.717140197753906,392680,-8.04603949,35,19.11,21000,1.2040454149246216,-0.5263506174087524,0.0005
0.01897077076137066,0.97,11171,392855,5.084310054779053,392754,-8.050884880000002,35,19.12,21004,0.1655726134777069,0.5168329477310181,0.0005
0.018623022362589836,0.98,11174,392935,5.02474308013916,392834,-7.95589884,35,19.23,21008,0.09272560477256775,-0.7194980382919312,0.0005
0.018366320058703423,0.98,11175,393002,5.140325546264648,392901,-7.866160760000001,35,19.09,21012,0.13871635496616364,0.553716778755188,0.0005
0.01844606176018715,0.98,11177,393070,5.037726402282715,392969,-7.776807160000001,35,18.95,21016,0.0554952509701252,0.8640003800392151,0.0005
0.01879780925810337,0.98,11179,393143,5.06071662902832,393042,-7.68272924,35,18.8,21020,0.38153356313705444,0.47780847549438477,0.0005
0.018812859430909157,0.98,11182,393226,4.249234676361084,393125,-7.77522875,35,18.95,21024,1.640458345413208,-0.48599106073379517,0.0005
0.018760226666927338,0.98,11184,393316,4.956844329833984,393215,-7.8644203500000005,35,19.08,21028,0.06647221744060516,0.23096975684165955,0.0005
0.019081102684140205,0.98,11186,393398,4.556075572967529,393297,-7.8578563599999995,35,19.08,21032,0.11976180970668793,-0.02343401312828064,0.0005
0.01955675333738327,0.98,11189,393490,5.244322776794434,393389,-7.9254675799999985,35,19.2,21036,0.5639714598655701,2.158839702606201,0.0005
0.020200781524181366,0.98,11191,393565,4.468873023986816,393464,-7.829128259999999,35,19.05,21040,0.1432003676891327,0.8962567448616028,0.0005
0.020190125331282616,0.98,11193,393639,4.751518249511719,393538,-7.785266289999999,35,18.99,21044,0.08541178703308105,0.043335407972335815,0.0005
0.019964663311839104,0.98,11195,393713,5.034489631652832,393612,-7.7879320299999995,35,19.0,21048,0.38897904753685,0.17862917482852936,0.0005
0.01985268108546734,0.99,11197,393786,4.486949920654297,393685,-7.567232730000001,35,18.89,21052,0.4541306495666504,-0.6890560984611511,0.0005
0.01945553533732891,0.99,11199,393861,4.296772003173828,393760,-7.578082489999999,35,18.92,21056,0.3614237308502197,0.08363209664821625,0.0005
0.018932556733489037,0.99,11202,393942,5.519697666168213,393841,-7.667767020000001,35,19.04,21060,0.5470994114875793,0.7138954401016235,0.0005
0.01914145238697529,0.99,11204,394022,4.55306339263916,393921,-7.799128509999999,35,19.23,21064,0.2764781415462494,-0.8523595333099365,0.0005
0.018805496394634247,0.99,11206,394096,4.623134613037109,393995,-7.849142509999999,35,19.31,21068,0.32506418228149414,0.059357523918151855,0.0005
0.018846770748496056,0.99,11207,394168,5.008098125457764,394067,-7.8025242699999975,35,19.23,21072,0.7071570158004761,-0.06820012629032135,0.0005
0.019433464854955673,0.99,11210,394251,4.63632869720459,394150,-7.854284240000002,35,19.31,21076,0.6179592609405518,0.6179451942443848,0.0005
0.01917216181755066,0.99,11211,394313,5.079686164855957,394212,-7.6786974,35,19.05,21080,0.7940057516098022,-0.2629747688770294,0.0005
0.018866239115595818,0.99,11214,394394,4.647370338439941,394293,-7.72458517,35,19.11,21084,0.6074535846710205,-0.633432149887085,0.0005
0.019335661083459854,0.99,11216,394474,4.827800750732422,394373,-7.674948289999999,35,19.03,21088,0.4481917917728424,0.11002665758132935,0.0005
0.019940178841352463,0.99,11218,394556,4.472858905792236,394455,-7.761842499999999,35,19.17,21092,0.21387208998203278,-0.16488805413246155,0.0005
0.020280834287405014,0.99,11220,394638,5.031062126159668,394537,-7.859514880000001,35,19.31,21096,0.1800946444272995,-0.6546846628189087,0.0005
0.020473038777709007,0.99,11222,394712,4.2419281005859375,394611,-7.856359940000001,35,19.31,21100,0.0848693996667862,-0.6228657960891724,0.0005
0.020111214369535446,0.99,11225,394786,5.205963134765625,394685,-7.855021740000001,35,19.31,21104,0.2419891059398651,-0.1258760541677475,0.0005
0.019871382042765617,0.99,11227,394859,4.621424674987793,394758,-7.8075376400000005,35,19.24,21108,0.9513928294181824,0.3968985974788666,0.0005
0.019789041951298714,0.99,11229,394936,4.3730669021606445,394835,-7.860645619999999,35,19.34,21112,0.41390615701675415,0.028844714164733887,0.0005
0.019913196563720703,0.99,11232,395020,4.30244779586792,394919,-7.961262519999999,35,19.5,21116,0.131849467754364,0.049220502376556396,0.0005
0.01983621157705784,0.99,11234,395101,4.5727434158325195,395000,-8.009085199999998,35,19.58,21120,0.28419408202171326,-0.9424414038658142,0.0005
0.019217845052480698,0.99,11236,395182,4.662290096282959,395081,-8.00598003,35,19.56,21124,0.5995445251464844,0.5786429643630981,0.0005
0.019001048058271408,0.99,11237,395250,4.647279739379883,395149,-7.86096338,35,19.34,21128,0.5287495255470276,0.4605865478515625,0.0005
0.01913575269281864,0.99,11240,395338,5.166303634643555,395237,-7.9076319,35,19.4,21132,0.19116738438606262,0.17202718555927277,0.0005
0.01924007199704647,0.99,11242,395418,4.750705242156982,395317,-7.840958560000001,35,19.28,21136,0.08571282029151917,-0.5003325939178467,0.0005
0.01933281309902668,0.99,11244,395506,5.103078365325928,395405,-7.927208449999998,35,19.41,21140,0.24720175564289093,0.3161212205886841,0.0005
0.019523320719599724,0.99,11246,395581,4.724623680114746,395480,-7.93012845,35,19.42,21144,0.2396720051765442,0.07461171597242355,0.0005
0.019376534968614578,0.99,11248,395669,4.085846900939941,395568,-8.020537079999999,35,19.56,21148,0.12605741620063782,-0.4757494330406189,0.0005
0.019114231690764427,0.99,11250,395737,4.558462142944336,395636,-7.979052099999999,35,19.51,21152,0.1189362108707428,-1.4070910215377808,0.0005
0.018937034532427788,0.99,11253,395826,4.770240306854248,395725,-8.07005198,35,19.65,21156,0.828825056552887,-0.7590830326080322,0.0005
0.01891503296792507,0.99,11255,395901,4.490126609802246,395800,-8.02794401,35,19.59,21160,0.22772954404354095,-0.7233732342720032,0.0005
0.018883870914578438,0.99,11257,395976,4.805188179016113,395875,-7.985215530000001,35,19.54,21164,0.17233304679393768,0.4814488887786865,0.0005
0.018955402076244354,1.0,11259,396042,4.899508476257324,395941,-7.729647860000001,35,19.46,21168,0.703150749206543,-0.43842989206314087,0.0005
0.01939459517598152,1.0,11261,396116,4.6632490158081055,396015,-7.736959380000001,35,19.48,21172,1.0835553407669067,0.48090967535972595,0.0005
0.01941399648785591,1.0,11263,396190,4.539432525634766,396089,-7.68471306,35,19.39,21176,0.47891372442245483,0.06370612978935242,0.0005
0.01935330405831337,1.0,11264,396257,5.015726566314697,396156,-7.7248819399999995,35,19.44,21180,0.16237901151180267,1.0010051727294922,0.0005
0.01960749737918377,1.0,11266,396317,4.6770100593566895,396216,-7.58336678,35,19.23,21184,0.9138302803039551,-0.5374952554702759,0.0005
0.01983652450144291,1.0,11268,396405,5.062364101409912,396304,-7.63627288,35,19.31,21188,0.10070401430130005,0.2989514470100403,0.0005
0.01972537860274315,1.0,11270,396480,4.635095119476318,396379,-7.58939795,35,19.24,21192,0.37024784088134766,0.8671374917030334,0.0005
0.019199484959244728,1.0,11272,396562,4.399332046508789,396461,-7.584233149999999,35,19.24,21196,0.11757487803697586,0.06944334506988525,0.0005
0.019687317311763763,1.0,11274,396643,4.785654067993164,396542,-7.62957897,35,19.31,21200,0.20509503781795502,0.1112423837184906,0.0005
0.019614094868302345,1.0,11276,396731,5.18978214263916,396630,-7.7209798,35,19.45,21204,0.9263017177581787,-0.027362346649169922,0.0005
0.01959886960685253,1.0,11278,396797,4.7071428298950195,396696,-7.67266218,35,19.38,21208,2.4458043575286865,-0.09256063401699066,0.0005
0.01990015059709549,0.99,11280,396881,5.049687385559082,396780,-7.886013710000001,35,19.45,21212,0.6367254257202148,0.9715724587440491,0.0005
0.019788682460784912,0.99,11282,396964,4.943927764892578,396863,-7.883448419999999,35,19.44,21216,0.11205805838108063,-0.2906511425971985,0.0005
0.019372032955288887,0.99,11284,397038,4.355956554412842,396937,-7.837967099999999,35,19.37,21220,0.08578316122293472,-0.01628589630126953,0.0005
0.01918868161737919,0.99,11286,397113,4.659635066986084,397012,-7.799068520000002,35,19.31,21224,0.41651099920272827,-0.03368696570396423,0.0005
0.019305899739265442,0.99,11287,397182,4.620364665985107,397081,-7.802603379999999,35,19.32,21228,0.04056323692202568,0.5170505046844482,0.0005
0.019235149025917053,0.99,11289,397255,5.242269515991211,397154,-7.70682847,35,19.17,21232,0.9509119987487793,0.3304281532764435,0.0005
0.019706420600414276,0.99,11291,397324,4.297966480255127,397223,-7.624923310000001,35,19.06,21236,1.0623869895935059,-0.21960116922855377,0.0005
0.01943541131913662,0.99,11293,397404,5.080850601196289,397303,-7.574344099999999,35,18.98,21240,1.1909148693084717,0.5934770703315735,0.0005
0.019995426759123802,0.99,11295,397487,4.839052200317383,397386,-7.627657350000001,35,19.06,21244,2.1621108055114746,0.018800809979438782,0.0005
0.0202180203050375,0.99,11297,397548,4.600619316101074,397447,-7.4490636299999995,35,18.79,21248,1.1777290105819702,0.14865393936634064,0.0005
0.020249245688319206,0.99,11299,397624,4.811513900756836,397523,-7.49555432,35,18.87,21252,0.8911055326461792,-0.17746752500534058,0.0005
0.020597359165549278,0.99,11301,397691,5.273443222045898,397590,-7.357536639999999,35,18.65,21256,0.33805057406425476,-0.19023588299751282,0.0005
0.021491609513759613,0.99,11303,397772,4.819648742675781,397671,-7.3988667,35,18.71,21260,0.8523310422897339,0.2724358141422272,0.0005
0.021127140149474144,0.99,11305,397850,4.386579513549805,397749,-7.434580219999999,35,18.74,21264,1.8231661319732666,-0.2820897698402405,0.0005
0.020410072058439255,0.99,11307,397933,5.083864212036133,397832,-7.5402611,35,18.91,21268,0.3737544119358063,-0.5292006134986877,0.0005
0.02007090486586094,0.99,11309,398000,4.531887531280518,397899,-7.494191529999999,35,18.84,21272,0.07080228626728058,-1.3761672973632812,0.0005
0.019360575824975967,0.99,11311,398068,4.637296199798584,397967,-7.44970919,35,18.78,21276,0.31402432918548584,0.3218528628349304,0.0005
0.01918192021548748,0.99,11313,398150,4.938875198364258,398049,-7.54202039,35,18.93,21280,0.6762306094169617,0.257415771484375,0.0005
0.019059650599956512,0.99,11314,398210,4.115667343139648,398109,-7.543118569999999,35,18.93,21284,0.22830918431282043,-1.2915608882904053,0.0005
0.018863607197999954,0.99,11316,398284,4.9199066162109375,398183,-7.449533849999999,35,18.79,21288,1.459247350692749,-0.7876514792442322,0.0005
0.018922822549939156,0.99,11318,398345,5.080740451812744,398244,-7.3622977700000005,35,18.65,21292,1.1635569334030151,-0.8293792009353638,0.0005
0.019255490973591805,0.99,11320,398425,4.663421154022217,398324,-7.35248233,35,18.63,21296,0.11482571810483932,0.15975846350193024,0.0005
0.01918146200478077,0.99,11322,398491,4.735705375671387,398390,-7.2602997600000005,35,18.48,21300,0.7023230791091919,-0.48293280601501465,0.0005
0.019010232761502266,0.99,11324,398577,4.701629638671875,398476,-7.259843570000002,35,18.46,21304,0.2574530839920044,0.18687856197357178,0.0005
0.0183687936514616,0.99,11326,398657,5.266363143920898,398556,-7.353710660000001,35,18.6,21308,0.30311280488967896,-0.7280129790306091,0.0005
0.017863525077700615,1.0,11328,398739,5.093026638031006,398638,-7.182071269999999,35,18.58,21312,0.20060142874717712,-0.2700594663619995,0.0005
0.017951270565390587,1.0,11330,398807,5.062491416931152,398706,-7.087682719999999,35,18.43,21316,0.18331311643123627,0.17178095877170563,0.0005
0.01821206510066986,1.0,11332,398880,5.315430641174316,398779,-7.08438187,35,18.42,21320,0.7753189206123352,0.12195075303316116,0.0005
0.018742602318525314,1.0,11334,398954,4.594705104827881,398853,-7.077349819999999,35,18.41,21324,0.09143063426017761,-0.04791054129600525,0.0005
0.01936984807252884,1.0,11336,399029,4.750618934631348,398928,-7.124516110000001,35,18.47,21328,0.5524656176567078,-0.39598292112350464,0.0005
0.019291779026389122,1.0,11337,399089,4.633943557739258,398988,-7.033353330000002,35,18.34,21332,0.829028844833374,-0.42068105936050415,0.0005
0.019208945333957672,1.0,11339,399170,4.776644706726074,399069,-7.122037340000002,35,18.46,21336,0.1704178750514984,-0.09379845857620239,0.0005
0.01922936737537384,1.0,11341,399251,4.282074928283691,399150,-7.12735716,35,18.47,21340,0.08131866157054901,-0.45761799812316895,0.0005
0.018900103867053986,1.0,11343,399319,5.009932518005371,399218,-7.02818523,35,18.32,21344,0.3297290802001953,0.42040833830833435,0.0005
0.018831739202141762,1.0,11345,399399,4.688943862915039,399298,-7.159119759999999,35,18.51,21348,0.2971385717391968,0.5715687274932861,0.0005
0.019006570801138878,1.0,11347,399473,4.608148574829102,399372,-7.16011565,35,18.49,21352,0.22388632595539093,0.25701332092285156,0.0005
0.01874471642076969,1.0,11349,399553,4.932453155517578,399452,-7.2463519,35,18.62,21356,0.5230178833007812,-0.558891773223877,0.0005
0.01843113638460636,1.0,11351,399633,4.773906707763672,399532,-7.2440732,35,18.61,21360,0.22700750827789307,0.6067350506782532,0.0005
0.01884206384420395,1.0,11353,399700,5.219830513000488,399599,-7.160825559999998,35,18.5,21364,0.17279736697673798,0.1915651112794876,0.0005
0.019377777352929115,1.0,11355,399773,4.589418411254883,399672,-7.09987586,35,18.4,21368,0.3490714132785797,-0.2670440077781677,0.0005
0.01962948590517044,1.0,11357,399853,5.555519104003906,399752,-7.188834969999999,35,18.53,21372,0.3793262839317322,0.5044004321098328,0.0005
0.019810209050774574,1.0,11359,399933,4.490560054779053,399832,-7.278045969999998,35,18.65,21376,0.6746037006378174,0.8998411297798157,0.0005
0.01986263319849968,1.0,11379,400007,4.380728244781494,399906,-7.23080821,35,18.57,21380,1.517418384552002,-0.26995649933815,0.0005
0.019769009202718735,1.0,11381,400081,4.671712875366211,399980,-7.325240600000001,35,18.71,21384,0.09378267824649811,-0.17039009928703308,0.0005
0.019543739035725594,1.0,11383,400163,4.734811305999756,400062,-7.375157819999998,35,18.79,21388,0.3484538793563843,0.18893861770629883,0.0005
0.020329037681221962,1.0,11386,400249,4.5659565925598145,400148,-7.54673675,35,19.04,21392,0.20028813183307648,-0.4059988856315613,0.0005
0.020512865856289864,1.0,11388,400328,5.11927604675293,400227,-7.54406143,35,19.03,21396,0.7740868330001831,0.371004194021225,0.0005
0.020272858440876007,1.0,11390,400396,4.281492233276367,400295,-7.5493916300000015,35,19.05,21400,0.413251668214798,-0.6516101360321045,0.0005
0.020167740061879158,1.0,11392,400476,4.227841377258301,400375,-7.50321175,35,18.99,21404,0.46147048473358154,0.041205137968063354,0.0005
0.019460801035165787,1.0,11394,400559,4.726595878601074,400458,-7.511711299999998,35,19.02,21408,0.9304486513137817,0.2141764909029007,0.0005
0.019767355173826218,1.0,11396,400627,5.120241165161133,400526,-7.420025859999999,35,18.88,21412,0.08746180683374405,-0.6010088920593262,0.0005
0.019350243732333183,1.0,11398,400703,4.83862829208374,400602,-7.467433419999999,35,18.96,21416,0.18087118864059448,-0.330074667930603,0.0005
0.019287073984742165,1.0,11400,400771,4.677148342132568,400670,-7.424626920000001,35,18.91,21420,0.23082584142684937,-0.08053570985794067,0.0005
0.019487028941512108,1.0,11402,400845,5.252195358276367,400744,-7.430303549999999,35,18.91,21424,0.3046170473098755,0.1916220337152481,0.0005
0.01915711723268032,1.0,11405,400926,4.51707124710083,400825,-7.4769518999999995,35,18.97,21428,0.11297561228275299,-0.4564797878265381,0.0005
0.018631312996149063,1.0,11407,401000,4.79757022857666,400899,-7.57296465,35,19.11,21432,0.2634503245353699,0.14249779284000397,0.0005
0.018443739041686058,1.0,11409,401082,4.430596828460693,400981,-7.574220489999999,35,19.12,21436,0.3858315944671631,0.12549710273742676,0.0005
0.018574228510260582,1.0,11411,401149,4.452347755432129,401048,-7.483644730000001,35,18.98,21440,0.9994781613349915,-0.14780059456825256,0.0005
0.018328148871660233,1.0,11413,401230,4.4121832847595215,401129,-7.574672260000001,35,19.11,21444,0.4833345413208008,-0.4114619195461273,0.0005
0.01827171817421913,0.99,11415,401300,4.469691276550293,401199,-7.65960057,35,19.01,21448,0.051881514489650726,-0.4539381265640259,0.0005
0.018534475937485695,0.99,11417,401372,4.762360572814941,401271,-7.64983701,35,18.99,21452,0.1423872709274292,0.6132636070251465,0.0005
0.0188105758279562,0.99,11418,401432,5.029480934143066,401331,-7.514200700000001,35,18.79,21456,0.4972572326660156,-0.3592771887779236,0.0005
0.018525058403611183,0.99,11420,401499,4.755659103393555,401398,-7.42533853,35,18.66,21460,0.9554497599601746,-0.14277766644954681,0.0005
0.018434476107358932,0.99,11422,401578,4.962255001068115,401477,-7.511082740000001,35,18.78,21464,0.1515076905488968,0.25620394945144653,0.0005
0.018921108916401863,0.99,11424,401645,5.552207946777344,401544,-7.469474909999999,35,18.72,21468,0.8004834651947021,-0.05974715203046799,0.0005
0.01954176276922226,0.99,11426,401711,5.420097351074219,401610,-7.37716798,35,18.58,21472,0.2513684928417206,0.5387688875198364,0.0005
0.01983959786593914,0.99,11427,401779,4.259873390197754,401678,-7.286475929999998,35,18.46,21476,0.2432146519422531,-0.190713033080101,0.0005
0.019480325281620026,0.99,11430,401860,4.399986743927002,401759,-7.331452329999999,35,18.53,21480,0.037762269377708435,-0.79820317029953,0.0005
0.019353607669472694,0.99,11432,401940,4.75691032409668,401839,-7.37246943,35,18.59,21484,0.313268780708313,-0.43267685174942017,0.0005
0.019295789301395416,0.99,11434,402008,5.085195541381836,401907,-7.278699759999999,35,18.45,21488,0.22615204751491547,0.8934139609336853,0.0005
0.01994982175529003,0.99,11435,402076,4.85194206237793,401975,-7.150792749999998,35,18.27,21492,0.3967730402946472,1.411512851715088,0.0005
0.020798537880182266,0.99,11437,402142,5.285750389099121,402041,-7.06519778,35,18.14,21496,0.2424921989440918,-0.4043612480163574,0.0005
0.020686781033873558,0.99,11439,402216,4.617792129516602,402115,-7.11041249,35,18.2,21500,0.2259211540222168,-0.21126621961593628,0.0005
0.020275386050343513,0.99,11441,402283,4.662546157836914,402182,-7.02107716,35,18.07,21504,1.5116279125213623,-1.1754132509231567,0.0005
0.02000993862748146,0.99,11443,402357,4.712224960327148,402256,-6.968724719999998,35,17.98,21508,0.7577362060546875,-0.34873512387275696,0.0005
0.01980876363813877,0.99,11445,402437,4.679442405700684,402336,-7.05258821,35,18.1,21512,0.3344712555408478,-0.6125666499137878,0.0005
0.01976015977561474,0.99,11446,402496,4.540472984313965,402395,-6.950177360000001,35,17.93,21516,0.43375203013420105,-0.04863552004098892,0.0005
0.019865743815898895,0.99,11448,402570,4.893949508666992,402469,-6.99930314,35,17.99,21520,0.7369703054428101,-0.18551887571811676,0.0005
0.02014697901904583,0.99,11450,402644,4.449501037597656,402543,-6.99770659,35,17.99,21524,0.9153816103935242,-0.722886860370636,0.0005
0.01975557580590248,0.99,11452,402724,4.714130401611328,402623,-6.9916766400000006,35,17.98,21528,0.5679914355278015,0.4078955054283142,0.0005
0.0197199285030365,0.99,11454,402793,4.812497138977051,402692,-6.95099116,35,17.93,21532,0.15032193064689636,-0.09121304750442505,0.0005
0.019426094368100166,0.99,11456,402875,4.979571342468262,402774,-6.955615900000001,35,17.93,21536,0.3123193383216858,-0.06971320509910583,0.0005
0.019127601757645607,0.99,11458,402955,4.780734062194824,402854,-7.04169073,35,18.06,21540,0.3542662560939789,-0.19322136044502258,0.0005
0.01889779232442379,0.99,11461,403037,4.739711761474609,402936,-7.04400713,35,18.07,21544,0.43780869245529175,0.2710704803466797,0.0005
0.018496450036764145,1.0,11462,403097,4.538504600524902,402996,-6.82482624,35,17.97,21548,0.5694262981414795,-0.5024515390396118,0.0005
0.018842045217752457,1.0,11464,403171,4.906264781951904,403070,-6.831500190000001,35,17.99,21552,0.15834590792655945,-0.07980543375015259,0.0005
0.018851472064852715,1.0,11467,403253,4.840936183929443,403152,-6.974628559999998,35,18.21,21556,0.8900178670883179,0.0002962648868560791,0.0005
0.01874096691608429,1.0,11469,403339,5.084798812866211,403238,-7.1060039900000005,35,18.4,21560,1.4680094718933105,0.5551549792289734,0.0005
0.018919868394732475,1.0,11471,403401,4.488894939422607,403300,-6.976748679999999,35,18.23,21564,0.35675960779190063,0.05869439244270325,0.0005
0.01956223137676716,1.0,11473,403487,5.066029071807861,403386,-7.110954250000001,35,18.42,21568,2.5417773723602295,1.1853601932525635,0.0005
0.020100466907024384,1.0,11475,403561,4.813162803649902,403460,-7.1577492099999995,35,18.5,21572,2.2929556369781494,-0.20153141021728516,0.0005
0.020014915615320206,1.0,11477,403635,4.984467029571533,403534,-7.20533977,35,18.56,21576,0.13532891869544983,0.11730924993753433,0.0005
0.0200769305229187,1.0,11478,403701,4.804790019989014,403600,-7.111830730000001,35,18.41,21580,0.2407662570476532,-0.4857410490512848,0.0005
0.01963292621076107,1.0,11480,403775,4.385128974914551,403674,-7.0709692099999994,35,18.35,21584,0.13599003851413727,-0.6351283192634583,0.0005
0.019025562331080437,1.0,11482,403856,4.87505578994751,403755,-7.160902589999999,35,18.48,21588,0.7725006341934204,0.06397400796413422,0.0005
0.018738992512226105,1.0,11484,403923,4.439827919006348,403822,-7.16432842,35,18.47,21592,0.68625807762146,0.2955862283706665,0.0005
0.018735691905021667,1.0,11486,404003,5.087685585021973,403902,-7.2526968,35,18.61,21596,0.9625930786132812,0.353345662355423,0.0005
0.018520155921578407,1.0,11488,404084,4.517807960510254,403983,-7.298140870000001,35,18.68,21600,0.27195870876312256,0.6516620516777039,0.0005
0.018620317801833153,1.0,11490,404158,4.61434268951416,404057,-7.3410084,35,18.75,21604,0.30895429849624634,0.2838926315307617,0.0005
0.01879080943763256,1.0,11492,404231,4.718240737915039,404130,-7.339440649999998,35,18.74,21608,0.32407379150390625,0.4579945504665375,0.0005
0.018465477973222733,1.0,11494,404305,4.439020156860352,404204,-7.29618561,35,18.68,21612,0.42389702796936035,-0.32355403900146484,0.0005
0.018513748422265053,1.0,11496,404374,4.623592376708984,404273,-7.35168526,35,18.78,21616,0.13089519739151,0.08850431442260742,0.0005
0.018260151147842407,1.0,11498,404450,4.966626167297363,404349,-7.35372739,35,18.8,21620,0.13967564702033997,0.1596536785364151,0.0005
0.018277520313858986,1.0,11500,404526,5.020810604095459,404425,-7.35196561,35,18.82,21624,0.2387615442276001,-0.4637252986431122,0.0005
0.01845564693212509,1.0,11502,404598,5.029980182647705,404497,-7.3031887499999995,35,18.74,21628,0.7707028388977051,-0.550653874874115,0.0005
0.018419912084937096,1.0,11504,404666,4.430226802825928,404565,-7.30025894,35,18.73,21632,0.2771261930465698,-0.3564292788505554,0.0005
0.018389083445072174,1.0,11506,404732,4.766197204589844,404631,-7.19969958,35,18.57,21636,0.8419085741043091,0.38771334290504456,0.0005
0.01835792139172554,1.0,11508,404805,4.358913421630859,404704,-7.15708727,35,18.5,21640,0.3879556953907013,0.5968399047851562,0.0005
0.018322845920920372,1.0,11509,404867,4.580445766448975,404766,-7.019510949999999,35,18.3,21644,0.3602781295776367,-1.140561819076538,0.0005
0.017669018357992172,1.0,11512,404950,5.209620952606201,404849,-7.15918858,35,18.53,21648,0.3760066032409668,0.5635225772857666,0.0005
0.017787357792258263,1.0,11514,405017,4.901588439941406,404916,-7.115400220000001,35,18.46,21652,0.1506037563085556,1.6836333274841309,0.0005
0.01804571971297264,1.0,11515,405084,5.201206207275391,404983,-7.01728701,35,18.31,21656,0.4375953674316406,-0.042666561901569366,0.0005
0.018354356288909912,1.0,11517,405151,4.771923065185547,405050,-6.88387479,35,18.12,21660,0.4708836078643799,1.1303868293762207,0.0005
0.01867612637579441,1.0,11519,405212,5.13734245300293,405111,-6.882878659999999,35,18.11,21664,0.11624617129564285,-0.9825248718261719,0.0005
0.01891857385635376,1.0,11521,405286,4.283368110656738,405185,-6.79719098,35,17.99,21668,1.038280725479126,-0.42055457830429077,0.0005
0.019003000110387802,1.0,11523,405352,4.7455291748046875,405251,-6.751527750000001,35,17.91,21672,0.15417340397834778,-0.06452429294586182,0.0005
0.0190416406840086,1.0,11525,405432,4.851055145263672,405331,-6.7924885900000005,35,17.97,21676,0.10809759795665741,-0.0019897520542144775,0.0005
0.019389217719435692,1.0,11527,405492,4.562376022338867,405391,-6.748328560000001,35,17.91,21680,0.10294125974178314,-0.3526298701763153,0.0005
0.019577816128730774,1.0,11529,405572,4.731931686401367,405471,-6.78947406,35,17.97,21684,0.08609836548566818,0.32481953501701355,0.0005
0.020027341321110725,1.0,11531,405654,5.482519149780273,405553,-6.79197939,35,17.98,21688,0.07475440949201584,0.5566835403442383,0.0005
0.019911181181669235,1.0,11533,405728,4.90254020690918,405627,-6.83284697,35,18.05,21692,0.5358838438987732,1.0014746189117432,0.0005
0.019609572365880013,1.0,11535,405802,4.7128496170043945,405701,-6.79056079,35,17.99,21696,0.1408081352710724,0.10493315756320953,0.0005
0.0194697305560112,1.0,11538,405888,5.05417537689209,405787,-6.82797108,35,18.04,21700,0.24393074214458466,-0.06635919213294983,0.0005
0.019243139773607254,1.0,11540,405962,5.062046051025391,405861,-6.827113660000001,35,18.04,21704,2.7012248039245605,0.4158979654312134,0.0005
0.01889883726835251,1.0,11542,406036,5.161342144012451,405935,-6.832236929999999,35,18.05,21708,0.1952798068523407,0.7198872566223145,0.0005
0.019130775704979897,1.0,11544,406105,4.837526321411133,406004,-6.7901514,35,18.0,21712,0.12774091958999634,0.2351161241531372,0.0005
0.01908273994922638,1.0,11546,406172,5.32420015335083,406071,-6.783224579999999,35,17.98,21716,1.353334903717041,0.3533695638179779,0.0005
0.018887124955654144,1.0,11548,406253,4.827083110809326,406152,-6.821298240000001,35,18.03,21720,0.5604384541511536,-0.40305447578430176,0.0005
0.018594393506646156,1.0,11550,406335,4.932815074920654,406234,-6.86642468,35,18.09,21724,0.9281889796257019,0.32229772210121155,0.0005
0.01891947165131569,1.0,11552,406411,5.185379981994629,406310,-6.8745258599999985,35,18.13,21728,0.20430557429790497,0.35344982147216797,0.0005
0.019575392827391624,1.0,11554,406493,4.448927402496338,406392,-6.963124389999999,35,18.27,21732,0.08125056326389313,-0.18946893513202667,0.0005
0.019579585641622543,1.0,11557,406581,4.208307266235352,406480,-7.105305369999999,35,18.49,21736,0.09801094233989716,-0.7565358877182007,0.0005
0.019102655351161957,1.0,11559,406663,4.867212295532227,406562,-7.156930330000002,35,18.58,21740,0.42167437076568604,-0.5031918883323669,0.0005
0.01860872469842434,1.0,11561,406740,4.818872451782227,406639,-7.2505085,35,18.73,21744,1.472681999206543,-0.4066169261932373,0.0005
0.01836335100233555,1.0,11564,406821,4.956902503967285,406720,-7.246529740000001,35,18.71,21748,0.19285215437412262,-0.4623905122280121,0.0005
0.01853557676076889,1.0,11566,406907,4.783369541168213,406806,-7.375531510000001,35,18.9,21752,0.6709343194961548,0.3089507818222046,0.0005
0.018714720383286476,1.0,11568,406974,4.807877540588379,406873,-7.379759740000001,35,18.9,21756,0.39004504680633545,0.267302930355072,0.0005
0.01859014667570591,1.0,11570,407049,4.821617126464844,406948,-7.431119240000002,35,18.98,21760,0.45507603883743286,-0.6476472616195679,0.0005
0.01870109513401985,1.0,11572,407115,5.516199588775635,407014,-7.471463629999999,35,19.03,21764,0.3210909366607666,0.18309824168682098,0.0005
0.018705464899539948,1.0,11574,407182,4.399498462677002,407081,-7.423651839999999,35,18.96,21768,0.5699028968811035,0.34360361099243164,0.0005
0.019018225371837616,1.0,11576,407255,4.922501564025879,407154,-7.469281289999999,35,19.03,21772,0.027165807783603668,-0.03530152887105942,0.0005
0.0189103614538908,1.0,11578,407342,4.522226333618164,407241,-7.514796910000001,35,19.1,21776,0.2201893925666809,-0.5655500292778015,0.0005
0.018665378913283348,1.0,11581,407422,4.845090389251709,407321,-7.64944605,35,19.3,21780,0.28865939378738403,0.17506498098373413,0.0005
0.018679451197385788,1.0,11583,407501,4.423314571380615,407400,-7.64497071,35,19.29,21784,0.4821182191371918,0.035404130816459656,0.0005
0.018480004742741585,1.0,11585,407582,4.924091339111328,407481,-7.64312418,35,19.28,21788,0.6213380098342896,-1.1737432479858398,0.0005
0.01801403798162937,1.0,11587,407657,4.784275054931641,407556,-7.6439704100000005,35,19.29,21792,0.06773345172405243,-0.01581316441297531,0.0005
0.01772249862551689,1.0,11589,407731,4.945040702819824,407630,-7.64416328,35,19.29,21796,1.3216040134429932,-0.06669101119041443,0.0005
0.017944252118468285,1.0,11592,407806,4.944005966186523,407705,-7.55788511,35,19.18,21800,0.3787679672241211,0.7350116968154907,0.0005
0.018539227545261383,1.0,11594,407882,4.599155902862549,407781,-7.56071131,35,19.2,21804,0.4749727249145508,0.305331826210022,0.0005
0.018290353938937187,1.0,11596,407970,4.415213584899902,407869,-7.651029189999999,35,19.34,21808,0.24357441067695618,-0.026948928833007812,0.0005
0.018006060272455215,1.0,11598,408043,4.476999759674072,407942,-7.6904198699999995,35,19.38,21812,0.41528576612472534,-0.2709125876426697,0.0005
0.01792842149734497,1.0,11600,408111,5.054393291473389,408010,-7.69378776,35,19.39,21816,0.476913183927536,-0.7029157876968384,0.0005
0.017627304419875145,1.0,11602,408186,4.883278846740723,408085,-7.652305109999999,35,19.33,21820,0.24252256751060486,0.5139883160591125,0.0005
0.017792057245969772,1.0,11604,408266,4.724484443664551,408165,-7.647361529999999,35,19.31,21824,0.13970263302326202,0.5577803254127502,0.0005
0.017982257530093193,1.0,11606,408355,4.26344633102417,408254,-7.73769334,35,19.44,21828,0.8523067235946655,0.40749722719192505,0.0005
0.017784440889954567,1.0,11608,408435,4.8105316162109375,408334,-7.734027880000001,35,19.42,21832,0.8233640193939209,0.16460515558719635,0.0005
0.017446421086788177,1.0,11610,408516,4.748475074768066,408415,-7.6836889699999995,35,19.35,21836,0.06995320320129395,-0.8944208025932312,0.0005
0.016910288482904434,1.0,11612,408585,4.716914176940918,408484,-7.59085316,35,19.22,21840,0.523280143737793,-0.001857563853263855,0.0005
0.016866648569703102,1.0,11614,408658,4.713819980621338,408557,-7.583301799999999,35,19.18,21844,0.8528848886489868,-0.1818290799856186,0.0005
0.017441755160689354,1.0,11616,408740,5.183000564575195,408639,-7.58456508,35,19.19,21848,0.5036421418190002,0.34392380714416504,0.0005
0.017347589135169983,0.99,11618,408816,4.467663764953613,408715,-7.67265603,35,19.09,21852,0.21977968513965607,0.3890097141265869,0.0005
0.017413226887583733,0.99,11620,408896,4.458194732666016,408795,-7.758539969999999,35,19.22,21856,0.09934338927268982,0.5922253131866455,0.0005
0.017656149342656136,0.99,11622,408970,4.379300117492676,408869,-7.754663860000001,35,19.21,21860,0.08869624882936478,0.6329350471496582,0.0005
0.018217891454696655,0.99,11624,409052,4.846535682678223,408951,-7.8529434500000015,35,19.37,21864,0.14824190735816956,0.6443844437599182,0.0005
0.01881803572177887,0.99,11626,409137,5.013033390045166,409036,-7.95456845,35,19.55,21868,0.42589810490608215,0.164564847946167,0.0005
0.019058573991060257,0.99,11628,409219,4.649092197418213,409118,-8.005412410000002,35,19.64,21872,0.3794049024581909,1.2897529602050781,0.0005
0.01903933845460415,0.99,11630,409300,4.694982528686523,409199,-7.96331088,35,19.58,21876,0.13247905671596527,-0.6471723318099976,0.0005
0.01896728202700615,0.99,11632,409367,4.712732315063477,409266,-7.876769109999999,35,19.45,21880,0.06123168021440506,-0.23939260840415955,0.0005
0.01863938197493553,0.99,11634,409436,4.346175670623779,409335,-7.797294279999999,35,19.35,21884,1.565137505531311,-0.8364146947860718,0.0005
0.018298344686627388,0.99,11636,409510,4.4634599685668945,409409,-7.7519173200000004,35,19.28,21888,0.25128382444381714,-0.930773913860321,0.0005
0.0178158450871706,0.99,11637,409584,4.886443138122559,409483,-7.749568320000001,35,19.27,21892,0.7076694965362549,-0.6264804005622864,0.0005
0.017521154135465622,0.99,11639,409651,5.0303754806518555,409550,-7.70276975,35,19.2,21896,0.2404627650976181,0.22122806310653687,0.0005
0.017723089084029198,0.99,11641,409727,5.069138526916504,409626,-7.7072645699999995,35,19.21,21900,0.8099510669708252,-0.10916808247566223,0.0005
0.017536533996462822,0.99,11643,409800,4.9608354568481445,409699,-7.70539146,35,19.18,21904,0.23201212286949158,0.40838634967803955,0.0005
0.017516618594527245,0.99,11645,409873,4.228256702423096,409772,-7.61091492,35,19.03,21908,1.1696834564208984,-0.7032368183135986,0.0005
0.017388965934515,0.99,11647,409949,4.532864570617676,409848,-7.6193289900000005,35,19.06,21912,0.1441827416419983,-0.004020780324935913,0.0005
0.017680859193205833,0.99,11664,410028,4.534411907196045,409927,-7.7048646199999995,35,19.17,21916,0.689647376537323,-0.047151416540145874,0.0005
0.017715072259306908,0.99,11666,410101,4.470882415771484,410000,-7.698341049999999,35,19.15,21920,0.11509253084659576,-0.9852189421653748,0.0005
0.017641229555010796,0.99,11668,410168,5.006344795227051,410067,-7.60867293,35,19.02,21924,0.42313897609710693,0.16487663984298706,0.0005
0.017604036256670952,0.99,11670,410242,4.359353065490723,410141,-7.5184532200000005,35,18.87,21928,0.4211898744106293,0.6688385605812073,0.0005
0.01762566529214382,0.99,11672,410316,5.155300140380859,410215,-7.476240620000001,35,18.81,21932,0.24207563698291779,0.070754274725914,0.0005
0.017443859949707985,0.99,11674,410397,4.524308681488037,410296,-7.478822320000001,35,18.81,21936,0.47726011276245117,-0.09041047096252441,0.0005
0.017402775585651398,0.99,11676,410472,4.245504379272461,410371,-7.523813189999999,35,18.87,21940,0.9031566381454468,0.1326930820941925,0.0005
0.01731148734688759,0.99,11678,410546,4.643576622009277,410445,-7.5258343100000005,35,18.88,21944,0.517160952091217,0.08218823373317719,0.0005
0.017288174480199814,0.99,11680,410621,4.476809024810791,410520,-7.48060922,35,18.81,21948,0.055991869419813156,-0.8568429350852966,0.0005
0.018023541197180748,1.0,11681,410689,4.526064872741699,410588,-7.261192599999999,35,18.73,21952,0.23404301702976227,1.4904781579971313,0.0005
0.01858138106763363,1.0,11683,410763,5.07609748840332,410662,-7.21766293,35,18.67,21956,0.42563655972480774,1.8493244647979736,0.0005
0.018462415784597397,1.0,11686,410844,5.199190139770508,410743,-7.26225324,35,18.74,21960,0.3544005751609802,-0.11367058753967285,0.0005
0.01807406172156334,1.0,11687,410911,4.113574981689453,410810,-7.16769177,35,18.59,21964,0.25728148221969604,-0.15597504377365112,0.0005
0.01815645769238472,1.0,11689,410986,4.675241947174072,410885,-7.11426011,35,18.49,21968,0.2850026786327362,0.5938411951065063,0.0005
0.017807411029934883,1.0,11691,411056,4.6922454833984375,410955,-7.03045701,35,18.37,21972,0.08134284615516663,0.14134718477725983,0.0005
0.018037470057606697,1.0,11693,411123,4.581504821777344,411022,-6.936233299999999,35,18.23,21976,0.11846781522035599,-0.14653125405311584,0.0005
0.018288610503077507,1.0,11696,411209,4.312272548675537,411108,-7.067389890000002,35,18.42,21980,0.0999133512377739,-0.31912583112716675,0.0005
0.01814262755215168,1.0,11697,411276,4.559074878692627,411175,-7.063282230000001,35,18.4,21984,1.0848424434661865,0.1332584172487259,0.0005
0.01820034347474575,1.0,11700,411357,5.244260787963867,411256,-7.10691769,35,18.47,21988,0.19288566708564758,-0.21822544932365417,0.0005
0.01838715374469757,1.0,11702,411431,4.3340301513671875,411330,-7.1105276,35,18.47,21992,0.16987571120262146,0.5816032886505127,0.0005
0.01826813630759716,1.0,11704,411506,4.822178840637207,411405,-7.161828949999999,35,18.55,21996,0.5763933658599854,0.3292551040649414,0.0005
0.018627796322107315,1.0,11705,411580,4.873716354370117,411479,-7.15566381,35,18.53,22000,0.30808812379837036,0.2853424847126007,0.0005
0.018898846581578255,1.0,11707,411647,4.431436061859131,411546,-7.111692260000001,35,18.47,22004,0.1627858579158783,0.4670834243297577,0.0005
0.01865290105342865,1.0,11709,411728,4.509947776794434,411627,-7.15683013,35,18.55,22008,1.5900641679763794,-0.5628407597541809,0.0005
0.018245946615934372,1.0,11711,411802,4.68999719619751,411701,-7.148263460000001,35,18.53,22012,0.15381045639514923,0.1080489307641983,0.0005
0.018469292670488358,1.0,11713,411876,4.9337663650512695,411775,-7.105966710000001,35,18.48,22016,0.08051747828722,-0.004222303628921509,0.0005
0.01891309767961502,1.0,11715,411951,4.374153137207031,411850,-7.111721760000002,35,18.5,22020,0.21684733033180237,0.14982682466506958,0.0005
0.01844501867890358,1.0,11717,412026,4.823378562927246,411925,-7.1610195700000006,35,18.58,22024,0.2666615843772888,-0.24473711848258972,0.0005
0.01805833913385868,1.0,11719,412088,4.412437438964844,411987,-7.066790600000001,35,18.46,22028,0.17254087328910828,-0.28154510259628296,0.0005
0.017722252756357193,1.0,11721,412163,4.94556188583374,412062,-7.064741470000001,35,18.47,22032,0.34557628631591797,0.38905075192451477,0.0005
0.0177064910531044,1.0,11723,412238,4.722258567810059,412137,-7.0180498799999995,35,18.41,22036,0.36934009194374084,-0.16254588961601257,0.0005
0.017660703510046005,1.0,11724,412306,4.480282306671143,412205,-6.96815391,35,18.34,22040,0.09687384963035583,-0.34417107701301575,0.0005
0.01838039420545101,1.0,11726,412387,4.603679656982422,412286,-7.01177239,35,18.41,22044,0.08035672456026077,0.09248167276382446,0.0005
0.018399415537714958,1.0,11728,412461,4.702541351318359,412360,-7.0116229599999995,35,18.4,22048,0.07773766666650772,0.6237505078315735,0.0005
0.018456345424056053,1.0,11730,412535,4.699229717254639,412434,-7.055797610000001,35,18.46,22052,0.10868480801582336,0.23943185806274414,0.0005
0.018657095730304718,1.0,11732,412601,4.559601783752441,412500,-7.00510619,35,18.38,22056,0.952363908290863,-0.602131724357605,0.0005
0.018152398988604546,1.0,11734,412675,4.519956588745117,412574,-6.960491770000001,35,18.31,22060,0.17548219859600067,-0.02586674690246582,0.0005
0.018085302785038948,1.0,11736,412749,4.3213605880737305,412648,-7.00487525,35,18.38,22064,0.22862526774406433,0.3722507357597351,0.0005
0.018288226798176765,1.0,11738,412831,4.793942451477051,412730,-7.051440169999999,35,18.45,22068,0.12405189871788025,-0.44025087356567383,0.0005
0.01800553686916828,1.0,11740,412898,4.752840995788574,412797,-7.042769389999998,35,18.42,22072,0.07448095083236694,0.2742971181869507,0.0005
0.01791480928659439,1.0,11742,412979,4.440617561340332,412878,-7.13616966,35,18.56,22076,0.204906165599823,0.48139315843582153,0.0005
0.017747554928064346,1.0,11744,413047,4.896280288696289,412946,-7.006156080000002,35,18.38,22080,0.46095961332321167,1.113124966621399,0.0005
0.01791890151798725,1.0,11745,413107,5.051623821258545,413006,-6.957568839999999,35,18.31,22084,0.290163516998291,0.5301415920257568,0.0005
0.01804215833544731,1.0,11747,413188,4.6450910568237305,413087,-6.9588253600000005,35,18.31,22088,0.13377299904823303,-0.6816903948783875,0.0005
0.017852071672677994,1.0,11750,413262,4.784533977508545,413161,-6.95774364,35,18.31,22092,0.04493849724531174,0.22730284929275513,0.0005
0.01822965033352375,1.0,11752,413336,4.549380302429199,413235,-6.95291842,35,18.3,22096,0.36645007133483887,0.03330692648887634,0.0005
0.018396440893411636,1.0,11754,413410,4.417924880981445,413309,-6.953689569999999,35,18.3,22100,0.5398471355438232,0.2512570917606354,0.0005
0.018944939598441124,1.0,11756,413483,5.052921295166016,413382,-6.9962711,35,18.36,22104,0.32793664932250977,1.0838041305541992,0.0005
0.018826015293598175,1.0,11758,413563,4.657318115234375,413462,-6.99883869,35,18.35,22108,1.2466305494308472,0.10745503008365631,0.0005
0.018492935225367546,1.0,11760,413642,4.064089775085449,413541,-7.0428459100000005,35,18.4,22112,0.9828108549118042,-0.018664926290512085,0.0005
0.01880550943315029,1.0,11762,413716,4.678750514984131,413615,-7.043782129999999,35,18.4,22116,0.31219106912612915,1.025594711303711,0.0005
0.019591113552451134,1.0,11764,413797,4.566001892089844,413696,-7.090538179999999,35,18.46,22120,0.1739749312400818,0.27443185448646545,0.0005
0.01945985108613968,1.0,11766,413883,4.5023698806762695,413782,-7.1747457500000005,35,18.57,22124,0.12982484698295593,-0.503760576248169,0.0005
0.018605753779411316,1.0,11768,413957,4.790414810180664,413856,-7.266588769999999,35,18.69,22128,1.2479302883148193,-0.14378836750984192,0.0005
0.01816490851342678,1.0,11770,414024,4.482181549072266,413923,-7.2206603000000005,35,18.61,22132,1.1394050121307373,0.4259074330329895,0.0005
0.018221784383058548,1.0,11772,414104,4.425555229187012,414003,-7.2630083899999995,35,18.66,22136,0.8484816551208496,0.07119986414909363,0.0005
0.01812944933772087,1.0,11774,414174,4.883909225463867,414073,-7.26669556,35,18.68,22140,0.19455569982528687,0.6271071434020996,0.0005
0.018342766910791397,1.0,11776,414241,4.537527084350586,414140,-7.174916070000002,35,18.54,22144,0.19320844113826752,0.1469685286283493,0.0005
0.018065571784973145,1.0,11778,414308,4.542649269104004,414207,-7.12891943,35,18.47,22148,0.29875826835632324,0.12215101718902588,0.0005
0.01803504303097725,0.99,11780,414374,4.7038421630859375,414273,-7.2847218,35,18.39,22152,0.27341827750205994,0.059460967779159546,0.0005
0.018194228410720825,0.99,11782,414441,4.7327117919921875,414340,-7.290191490000001,35,18.4,22156,0.5085780024528503,0.3781876862049103,0.0005
0.01848524808883667,0.99,11784,414516,4.673940181732178,414415,-7.29030575,35,18.41,22160,1.777922511100769,0.05462493747472763,0.0005
0.01858407072722912,0.99,11785,414576,4.303958892822266,414475,-7.199540539999999,35,18.27,22164,0.5007121562957764,0.47571754455566406,0.0005
0.018431343138217926,0.99,11787,414651,5.048182487487793,414550,-7.15567874,35,18.2,22168,0.3303455710411072,0.8217089772224426,0.0005
0.01919032260775566,0.99,11790,414731,4.274916648864746,414630,-7.242466210000003,35,18.33,22172,0.7657042741775513,0.038356468081474304,0.0005
0.019188446924090385,0.99,11792,414811,4.7277960777282715,414710,-7.24020011,35,18.32,22176,0.3163314759731293,-0.15689191222190857,0.0005
0.018879534676671028,0.99,11794,414887,4.558769702911377,414786,-7.289479309999999,35,18.4,22180,0.17871196568012238,-1.0907315015792847,0.0005
0.018218865618109703,0.99,11796,414960,4.961787223815918,414859,-7.379170229999999,35,18.53,22184,0.3416924476623535,-0.6835246086120605,0.0005
0.018137620761990547,0.99,11798,415047,4.889345169067383,414946,-7.42254688,35,18.59,22188,1.2631580829620361,0.8199287056922913,0.0005
0.018017902970314026,0.99,11800,415121,4.500278949737549,415020,-7.420065020000001,35,18.59,22192,0.33353543281555176,0.23990952968597412,0.0005
0.017958274111151695,0.99,11802,415202,4.871295928955078,415101,-7.466468390000001,35,18.66,22196,0.09066096693277359,0.10401882231235504,0.0005
0.018572794273495674,0.99,11804,415276,4.789053916931152,415175,-7.46847889,35,18.66,22200,2.5990185737609863,0.48756158351898193,0.0005
0.018444249406456947,0.99,11806,415353,5.518988609313965,415252,-7.4779289,35,18.7,22204,0.5391685366630554,0.46520015597343445,0.0005
0.018459973856806755,0.99,11808,415434,4.606411457061768,415333,-7.474429719999998,35,18.71,22208,0.22021573781967163,1.091942310333252,0.0005
0.01880260929465294,0.99,11811,415514,4.915440082550049,415413,-7.476192999999999,35,18.72,22212,0.2971879243850708,0.1500948965549469,0.0005
0.018570978194475174,0.99,11813,415601,4.586422920227051,415500,-7.56523176,35,18.85,22216,0.664696455001831,-0.6174137592315674,0.0005
0.01888173632323742,0.99,11815,415683,4.810101509094238,415582,-7.564557490000001,35,18.86,22220,0.4732518196105957,-0.07236433029174805,0.0005
0.018797697499394417,0.99,11817,415773,4.573455810546875,415672,-7.575371730000001,35,18.9,22224,0.1769852638244629,0.17689916491508484,0.0005
0.0187302827835083,0.99,11819,415846,4.758488178253174,415745,-7.57256098,35,18.89,22228,0.2342553436756134,-0.10166676342487335,0.0005
0.018727218732237816,0.99,11821,415913,5.04692268371582,415812,-7.5723163399999995,35,18.89,22232,0.12759405374526978,-0.2730451226234436,0.0005
0.01823504827916622,0.99,11824,415994,4.623228073120117,415893,-7.574311359999999,35,18.9,22236,0.4263148903846741,-0.08655694872140884,0.0005
0.018147654831409454,0.99,11826,416075,4.060392379760742,415974,-7.659264819999999,35,19.01,22240,0.18160900473594666,0.15353134274482727,0.0005
0.018168296664953232,0.99,11828,416148,4.702981472015381,416047,-7.703487430000001,35,19.07,22244,0.6450159549713135,-1.1094024181365967,0.0005
0.018090752884745598,0.99,11830,416227,4.628201484680176,416126,-7.792223579999997,35,19.19,22248,0.1577744334936142,-0.5822909474372864,0.0005
0.017904039472341537,1.0,11832,416293,4.717906475067139,416192,-7.59091836,35,19.19,22252,0.7163000106811523,0.586612343788147,0.0005
0.017979977652430534,1.0,11834,416365,5.07856559753418,416264,-7.63070941,35,19.24,22256,0.5432854890823364,0.06294193863868713,0.0005
0.018298232927918434,1.0,11836,416432,4.748998641967773,416331,-7.58407673,35,19.16,22260,0.2938787639141083,0.6761244535446167,0.0005
0.018668726086616516,1.0,11838,416506,4.8080058097839355,416405,-7.675322319999999,35,19.3,22264,0.23821449279785156,1.5022594928741455,0.0005
0.019392268732190132,1.0,11840,416572,4.480794429779053,416471,-7.62035345,35,19.21,22268,0.2459866851568222,0.8106728792190552,0.0005
0.019895823672413826,1.0,11842,416647,4.4853410720825195,416546,-7.578667290000001,35,19.16,22272,0.287228524684906,0.972734808921814,0.0005
0.020184176042675972,1.0,11844,416713,4.204015731811523,416612,-7.48424264,35,19.02,22276,0.034622922539711,-0.49496781826019287,0.0005
0.020048895850777626,1.0,11846,416779,4.931036949157715,416678,-7.428343610000001,35,18.92,22280,0.8364061117172241,-0.5929052233695984,0.0005
0.019794175401329994,1.0,11848,416846,4.535580635070801,416745,-7.387269270000001,35,18.86,22284,0.6500827670097351,-1.1393052339553833,0.0005
0.019721368327736855,1.0,11850,416913,4.548371315002441,416812,-7.253195089999999,35,18.66,22288,1.0052169561386108,0.5398073792457581,0.0005
0.019375063478946686,1.0,11852,416990,4.329449653625488,416889,-7.26027346,35,18.69,22292,0.4031449556350708,-0.21319857239723206,0.0005
0.019115671515464783,1.0,11854,417064,4.250519752502441,416963,-7.215224669999999,35,18.62,22296,2.2680346965789795,0.7544542551040649,0.0005
0.01923571340739727,1.0,11855,417130,5.13932991027832,417029,-7.167000400000001,35,18.54,22300,0.2882636487483978,1.345787525177002,0.0005
0.019405430182814598,1.0,11857,417202,4.726655960083008,417101,-7.155014759999999,35,18.49,22304,0.27495673298835754,0.002794601023197174,0.0005
0.01950497180223465,1.0,11859,417268,4.75792121887207,417167,-7.06373582,35,18.34,22308,0.07804685086011887,-0.3889920115470886,0.0005
0.019437918439507484,1.0,11861,417336,4.3918538093566895,417235,-6.977770969999999,35,18.22,22312,0.8408286571502686,-0.4843097925186157,0.0005
0.01949399523437023,1.0,11863,417416,4.4211578369140625,417315,-6.92948167,35,18.15,22316,0.23310735821723938,-0.24588915705680847,0.0005
0.02000882662832737,1.0,11866,417490,5.034893035888672,417389,-6.880453059999999,35,18.07,22320,0.09710322320461273,0.8125293850898743,0.0005
0.02085668221116066,1.0,11868,417564,4.924675941467285,417463,-6.7801443500000005,35,17.91,22324,0.14753074944019318,0.11646515130996704,0.0005
0.020660752430558205,1.0,11870,417637,4.687665939331055,417536,-6.778909349999999,35,17.91,22328,0.772092342376709,-0.0836465060710907,0.0005
0.020289462059736252,1.0,11872,417718,4.804017066955566,417617,-6.8739719400000014,35,18.05,22332,0.07230691611766815,0.40462633967399597,0.0005
0.019729474559426308,1.0,11874,417794,4.970309257507324,417693,-6.834359470000001,35,18.0,22336,0.17636854946613312,-0.8260535001754761,0.0005
0.01944258064031601,1.0,11876,417867,4.297271728515625,417766,-6.787603229999999,35,17.92,22340,0.3461831212043762,-0.4801517128944397,0.0005
0.019427932798862457,1.0,11878,417928,4.783591270446777,417827,-6.701821249999998,35,17.8,22344,0.1748034656047821,-0.19177120923995972,0.0005
0.01948351413011551,1.0,11880,418007,4.219571113586426,417906,-6.695403160000001,35,17.8,22348,0.37381720542907715,-0.7102524042129517,0.0005
0.019217273220419884,1.0,11882,418089,5.104282379150391,417988,-6.789804899999998,35,17.96,22352,0.11425156891345978,-0.1987045556306839,0.0005
0.019122855737805367,1.0,11884,418164,4.425177574157715,418063,-6.795952070000001,35,17.99,22356,0.6311110258102417,-0.4691568911075592,0.0005
0.019367404282093048,1.0,11887,418244,4.785682201385498,418143,-6.882763739999999,35,18.12,22360,1.2780253887176514,0.47234609723091125,0.0005
0.019270701333880424,1.0,11889,418318,4.58859920501709,418217,-6.883998009999999,35,18.12,22364,0.7574562430381775,0.10619151592254639,0.0005
0.018764659762382507,1.0,11891,418398,4.537111282348633,418297,-6.976937350000001,35,18.26,22368,0.1520403027534485,-0.4288564920425415,0.0005
0.018607474863529205,1.0,11893,418478,4.709414005279541,418377,-7.019281440000001,35,18.31,22372,0.04828792065382004,-0.6202811002731323,0.0005
0.018642133101820946,1.0,11896,418558,4.3854451179504395,418457,-7.1166271199999995,35,18.45,22376,0.2714424133300781,0.20684799551963806,0.0005
0.018519749864935875,1.0,11898,418631,4.676523208618164,418530,-7.164772200000001,35,18.52,22380,2.1891095638275146,-0.1006280779838562,0.0005
0.01826784946024418,1.0,11900,418706,4.239990234375,418605,-7.210152310000001,35,18.6,22384,0.05501553788781166,-0.2213575392961502,0.0005
0.01829097419977188,1.0,11902,418774,4.439156532287598,418673,-7.20894743,35,18.61,22388,0.22600746154785156,-0.8328440189361572,0.0005
0.017947034910321236,1.0,11903,418840,4.266441345214844,418739,-7.155146390000001,35,18.5,22392,0.61195307970047,-0.2107328176498413,0.0005
0.01829211786389351,1.0,11905,418915,4.668296813964844,418814,-7.156388179999999,35,18.51,22396,1.0751163959503174,-0.34264713525772095,0.0005
0.018354246392846107,1.0,11907,418989,4.540477752685547,418888,-7.2044068800000005,35,18.59,22400,0.11703494936227798,0.4832044839859009,0.0005
0.01867057755589485,1.0,11909,419070,4.710627555847168,418969,-7.25553292,35,18.68,22404,0.04426596313714981,-0.13206879794597626,0.0005
0.018885575234889984,1.0,11911,419151,4.748074531555176,419050,-7.348738050000001,35,18.83,22408,0.46826544404029846,-0.15355637669563293,0.0005
0.019075220450758934,1.0,11913,419225,5.051118850708008,419124,-7.396329780000002,35,18.89,22412,0.25352028012275696,-0.5856859683990479,0.0005
0.018964633345603943,1.0,11915,419300,4.174484729766846,419199,-7.3595260499999995,35,18.84,22416,0.09112155437469482,-0.4902014434337616,0.0005
0.01880083791911602,1.0,11917,419374,4.295328140258789,419273,-7.360523160000001,35,18.84,22420,0.2650245428085327,0.45936813950538635,0.0005
0.018937813118100166,1.0,11919,419453,4.279996871948242,419352,-7.40547233,35,18.89,22424,0.34336787462234497,0.7816300392150879,0.0005
0.01968527026474476,1.0,11922,419534,4.923992156982422,419433,-7.451894330000001,35,18.97,22428,0.43014535307884216,0.8587000370025635,0.0005
0.019675718620419502,1.0,11924,419616,4.024505138397217,419515,-7.45179196,35,18.98,22432,0.07495737075805664,-0.676426351070404,0.0005
0.019055547192692757,1.0,11926,419691,4.666579246520996,419590,-7.452510609999999,35,18.97,22436,1.3744447231292725,0.020567163825035095,0.0005
0.018934989348053932,1.0,11929,419773,4.497737884521484,419672,-7.50765642,35,19.06,22440,0.34585854411125183,-0.3848533630371094,0.0005
0.01871274970471859,0.99,11931,419851,4.484694480895996,419750,-7.7859938,35,19.23,22444,0.1055637001991272,-0.7663934230804443,0.0005
0.018353691324591637,0.99,11933,419918,4.668146133422852,419817,-7.70495071,35,19.11,22448,0.3165082037448883,-0.0931585505604744,0.0005
0.018141089007258415,0.99,11935,419986,4.447067737579346,419885,-7.615081950000001,35,18.97,22452,1.3295419216156006,-0.8104199171066284,0.0005
0.01799345202744007,0.99,11953,420062,4.0428032875061035,419961,-7.623894509999999,35,18.98,22456,0.03864401951432228,-0.5636882185935974,0.0005
0.017812497913837433,0.99,11955,420141,4.6265997886657715,420040,-7.621815799999999,35,18.97,22460,0.0655331015586853,0.5892226696014404,0.0005
0.01821986399590969,0.99,11957,420215,4.718179702758789,420114,-7.6177224300000015,35,18.97,22464,0.35784247517585754,-0.355979859828949,0.0005
0.018236439675092697,0.99,11960,420297,4.662022590637207,420196,-7.62033814,35,18.99,22468,0.0785970538854599,0.6108452677726746,0.0005
0.018473122268915176,0.99,11962,420372,4.992964744567871,420271,-7.578436920000001,35,18.94,22472,0.9973160028457642,-0.024872109293937683,0.0005
0.018645871430635452,0.99,11964,420452,4.3107829093933105,420351,-7.57579619,35,18.94,22476,0.28284454345703125,-0.7824422121047974,0.0005
0.0183256883174181,0.99,11966,420534,4.660524845123291,420433,-7.625938810000001,35,19.03,22480,0.592904806137085,0.32112425565719604,0.0005
0.018939226865768433,0.99,11968,420608,4.699300765991211,420507,-7.623981199999999,35,19.02,22484,0.28421545028686523,1.9284181594848633,0.0005
0.019273830577731133,0.99,11970,420689,4.305023193359375,420588,-7.714823339999998,35,19.15,22488,0.4014577269554138,-0.6424621939659119,0.0005
0.019158758223056793,0.99,11972,420766,4.8454084396362305,420665,-7.772495929999999,35,19.26,22492,1.4824776649475098,0.27893343567848206,0.0005
0.01917256973683834,0.99,11974,420846,4.879271507263184,420745,-7.816868520000001,35,19.31,22496,1.2092427015304565,0.2226771116256714,0.0005
0.01912398263812065,0.99,11976,420921,4.545806884765625,420820,-7.819927660000001,35,19.32,22500,0.3393166959285736,-0.48473620414733887,0.0005
0.019070418551564217,0.99,11978,420981,4.865619659423828,420880,-7.681732889999999,35,19.11,22504,0.14106503129005432,-0.6804502010345459,0.0005
0.019113756716251373,0.99,11980,421070,4.473842620849609,420969,-7.73593762,35,19.19,22508,0.0399257093667984,-0.5484445691108704,0.0005
0.018838830292224884,0.99,11982,421143,4.587147235870361,421042,-7.734100779999999,35,19.18,22512,0.657995343208313,-0.39328134059906006,0.0005
0.01838241145014763,0.99,11984,421211,5.029209136962891,421110,-7.685709270000002,35,19.11,22516,0.7498463988304138,0.1915280818939209,0.0005
0.01818801648914814,0.99,11986,421285,4.731540679931641,421184,-7.687198160000001,35,19.11,22520,0.10178184509277344,-0.525417685508728,0.0005
0.018148701637983322,0.99,11988,421352,5.013239860534668,421251,-7.603234790000003,35,18.99,22524,0.7666948437690735,-0.6616060137748718,0.0005
0.01837863214313984,0.99,11989,421420,5.023359298706055,421319,-7.513852849999999,35,18.86,22528,0.049807969480752945,-0.3814072012901306,0.0005
0.01880510523915291,0.99,11991,421500,4.637796401977539,421399,-7.5091563,35,18.84,22532,0.026692025363445282,-0.6115127205848694,0.0005
0.018647609278559685,0.99,11993,421579,4.550663948059082,421478,-7.545622689999999,35,18.88,22536,0.1263856142759323,-0.11602990329265594,0.0005
0.018411807715892792,0.99,11995,421653,4.621166229248047,421552,-7.49193909,35,18.8,22540,1.59865140914917,0.251065731048584,0.0005
0.018476787954568863,1.0,11997,421726,4.44965124130249,421625,-7.30096221,35,18.75,22544,0.05989239364862442,0.28188297152519226,0.0005
0.01808958873152733,1.0,11999,421800,4.330915451049805,421699,-7.3488115999999994,35,18.82,22548,0.10129764676094055,-0.5101099610328674,0.0005
0.0177316777408123,1.0,12000,421873,4.455702304840088,421772,-7.38832089,35,18.87,22552,0.47498923540115356,1.0332621335983276,0.0005
0.01863161101937294,1.0,12002,421933,4.981719970703125,421832,-7.2898399099999995,35,18.71,22556,0.12101665139198303,-0.35649120807647705,0.0005
0.01906030811369419,1.0,12004,422022,4.24880838394165,421921,-7.345722939999998,35,18.81,22560,0.19795671105384827,0.1264204978942871,0.0005
0.019292496144771576,1.0,12006,422088,4.2631049156188965,421987,-7.3015539799999996,35,18.73,22564,0.851830005645752,-1.0167453289031982,0.0005
0.01921372301876545,1.0,12007,422163,4.4043779373168945,422062,-7.258264620000001,35,18.66,22568,0.4126242399215698,-0.08011484146118164,0.0005
0.019633712247014046,1.0,12009,422236,4.8660688400268555,422135,-7.25169285,35,18.64,22572,0.22694581747055054,-0.23424141108989716,0.0005
0.020040126517415047,1.0,12011,422309,5.320588111877441,422208,-7.20534265,35,18.57,22576,0.0997735857963562,-0.40813037753105164,0.0005
0.019921274855732918,1.0,12013,422376,4.215897083282471,422275,-7.11266566,35,18.42,22580,0.17213557660579681,-0.720308780670166,0.0005
0.019276145845651627,1.0,12015,422466,4.3756585121154785,422365,-7.213496990000002,35,18.58,22584,0.3663649559020996,0.23613011837005615,0.0005
0.019010595977306366,1.0,12017,422527,4.616375923156738,422426,-7.07769881,35,18.38,22588,0.11288736015558243,-0.7077865600585938,0.0005
0.0193988848477602,1.0,12018,422600,4.513523101806641,422499,-7.063888939999999,35,18.34,22592,0.3055703639984131,0.14032769203186035,0.0005
0.01946941949427128,1.0,12020,422668,4.839942455291748,422567,-6.97323803,35,18.22,22596,0.5936884880065918,0.4328991770744324,0.0005
0.019271017983555794,1.0,12022,422755,4.78558349609375,422654,-7.05779672,35,18.34,22600,0.17518305778503418,0.5311000943183899,0.0005
0.01942087896168232,1.0,12024,422815,4.464105606079102,422714,-7.0586098900000005,35,18.34,22604,0.686021089553833,-1.2441017627716064,0.0005
0.01869671232998371,1.0,12026,422895,4.72626256942749,422794,-7.005539689999999,35,18.25,22608,0.10851027816534042,-1.0269286632537842,0.0005
0.018154926598072052,1.0,12028,422961,5.070677757263184,422860,-6.9548656300000005,35,18.18,22612,0.17840562760829926,0.42817190289497375,0.0005
0.018393853679299355,1.0,12029,423027,4.508538246154785,422926,-6.94813283,35,18.16,22616,0.0909721702337265,0.18612715601921082,0.0005
0.01822148822247982,1.0,12031,423101,4.354665756225586,423000,-6.9452055900000005,35,18.16,22620,0.22894519567489624,-0.7048348188400269,0.0005
0.018023883923888206,1.0,12033,423174,5.028199195861816,423073,-6.986712720000001,35,18.22,22624,0.1434670239686966,-0.1538933515548706,0.0005
0.017836125567555428,1.0,12035,423248,4.783790588378906,423147,-7.031514840000001,35,18.28,22628,0.42751646041870117,-0.18341809511184692,0.0005
0.01782757230103016,1.0,12037,423322,4.404772758483887,423221,-6.99181947,35,18.22,22632,0.37751996517181396,0.4766694903373718,0.0005
0.017755944281816483,1.0,12039,423402,4.471245765686035,423301,-6.99322088,35,18.23,22636,0.3055003881454468,0.4929713010787964,0.0005
0.017825966700911522,1.0,12041,423482,4.315211296081543,423381,-7.03827969,35,18.29,22640,0.11731269955635071,-0.16213934123516083,0.0005
0.01805092580616474,1.0,12043,423564,4.397061347961426,423463,-7.08681516,35,18.38,22644,1.1910629272460938,0.26687324047088623,0.0005
0.01804206147789955,1.0,12045,423644,4.374448299407959,423543,-7.127266729999999,35,18.44,22648,0.28983333706855774,-0.7251456379890442,0.0005
0.018060361966490746,1.0,12046,423710,4.755725383758545,423609,-7.081057550000001,35,18.37,22652,0.3030256927013397,-1.1850908994674683,0.0005
0.017944158986210823,1.0,12048,423784,5.055377006530762,423683,-7.17230664,35,18.51,22656,0.17348220944404602,0.8329876661300659,0.0005
0.018891120329499245,1.0,12051,423871,4.800995826721191,423770,-7.164929409999998,35,18.49,22660,0.12313749641180038,-0.5544164776802063,0.0005
0.01895041950047016,1.0,12052,423931,4.59687614440918,423830,-7.121798299999999,35,18.43,22664,0.2074166238307953,0.9560710787773132,0.0005
0.01875336468219757,1.0,12054,423998,4.546816825866699,423897,-7.07200749,35,18.35,22668,0.44956648349761963,-0.40502506494522095,0.0005
0.01825750432908535,1.0,12056,424064,5.063738822937012,423963,-7.0311357999999995,35,18.28,22672,0.2575165629386902,0.22015886008739471,0.0005
0.018534798175096512,1.0,12058,424142,4.495954513549805,424041,-7.070337740000001,35,18.33,22676,0.2243279665708542,0.7037408947944641,0.0005
0.018464215099811554,1.0,12060,424209,4.4307684898376465,424108,-7.06729732,35,18.33,22680,0.6329591274261475,-0.8051807880401611,0.0005
0.017987292259931564,1.0,12062,424283,4.735654830932617,424182,-6.964411109999999,35,18.17,22684,0.662693440914154,-0.07244953513145447,0.0005
0.01797250285744667,1.0,12065,424357,4.3304948806762695,424256,-7.055980590000001,35,18.3,22688,0.6480818390846252,0.20519515872001648,0.0005
0.01804387755692005,1.0,12066,424424,4.236910343170166,424323,-7.0151753900000005,35,18.24,22692,0.7095925807952881,-0.10378643870353699,0.0005
0.017747504636645317,1.0,12068,424490,4.30903434753418,424389,-7.010436629999999,35,18.22,22696,0.205900639295578,0.12692111730575562,0.0005
0.01790666952729225,1.0,12070,424564,4.391083717346191,424463,-6.9214389700000005,35,18.09,22700,0.2786915898323059,0.4884682297706604,0.0005
0.018147585913538933,1.0,12072,424638,4.668835639953613,424537,-7.01280323,35,18.23,22704,0.47565487027168274,-0.3831087052822113,0.0005
0.018307754769921303,1.0,12074,424712,4.479913234710693,424611,-6.968443560000001,35,18.17,22708,0.633507490158081,0.5749471187591553,0.0005
0.0182085819542408,1.0,12076,424779,4.463473796844482,424678,-6.9692288,35,18.18,22712,0.2473200410604477,0.32317182421684265,0.0005
0.018456067889928818,1.0,12078,424856,3.9459354877471924,424755,-7.022151119999998,35,18.29,22716,0.48913446068763733,0.21730831265449524,0.0005
0.018491199240088463,1.0,12080,424916,4.272245407104492,424815,-6.93092776,35,18.15,22720,1.015012502670288,-1.4925897121429443,0.0005
0.01807885244488716,1.0,12082,424982,4.69890022277832,424881,-6.88381877,35,18.08,22724,0.4836374521255493,0.3858441114425659,0.0005
0.018320918083190918,1.0,12084,425056,4.381198406219482,424955,-6.881542329999999,35,18.08,22728,0.07964861392974854,-0.51080322265625,0.0005
0.017856651917099953,1.0,12086,425136,4.257960796356201,425035,-6.92043539,35,18.14,22732,0.06630909442901611,-1.1730878353118896,0.0005
0.017716338858008385,1.0,12088,425225,5.154698371887207,425124,-6.96880473,35,18.23,22736,1.1621257066726685,0.11553085595369339,0.0005
0.017721399664878845,1.0,12091,425305,4.610630035400391,425204,-6.967842409999999,35,18.23,22740,0.08084021508693695,-0.3243420720100403,0.0005
0.017034394666552544,1.0,12093,425385,4.817803382873535,425284,-6.96387701,35,18.21,22744,0.1720244586467743,-0.4809896945953369,0.0005
0.016782589256763458,1.0,12095,425466,4.445551872253418,425365,-6.9629556500000005,35,18.22,22748,0.12530136108398438,-0.006527852267026901,0.0005
0.016730021685361862,1.0,12097,425538,4.659416675567627,425437,-7.006400900000001,35,18.28,22752,0.49589014053344727,-0.3220565617084503,0.0005
0.016686759889125824,1.0,12098,425606,4.7933735847473145,425505,-6.960314909999999,35,18.22,22756,0.4925931394100189,0.0022915899753570557,0.0005
0.016583846881985664,0.99,12100,425688,4.947573661804199,425587,-7.09151967,35,18.17,22760,0.4993325471878052,1.1772187948226929,0.0005
0.01737690530717373,0.99,12103,425769,4.529709815979004,425668,-7.2276475200000005,35,18.38,22764,0.05733846127986908,-0.0628397986292839,0.0005
0.017603054642677307,0.99,12105,425830,4.432529449462891,425729,-7.1841487299999995,35,18.32,22768,0.12613283097743988,-0.07721343636512756,0.0005
0.017692429944872856,0.99,12107,425916,4.547276020050049,425815,-7.31388644,35,18.52,22772,0.16325974464416504,0.4946083128452301,0.0005
0.017675185576081276,0.99,12109,425990,4.800485610961914,425889,-7.27721615,35,18.48,22776,0.08751968294382095,0.026352815330028534,0.0005
0.01773741841316223,0.99,12111,426065,4.982400894165039,425964,-7.326953179999999,35,18.56,22780,1.071260690689087,0.026858672499656677,0.0005
0.018013428896665573,0.99,12113,426138,4.496683120727539,426037,-7.32436431,35,18.55,22784,0.10540546476840973,0.059971123933792114,0.0005
0.01788225769996643,0.99,12115,426212,4.391591548919678,426111,-7.319930660000001,35,18.55,22788,0.1096302941441536,-0.4665443003177643,0.0005
0.017574647441506386,0.99,12117,426285,4.771032810211182,426184,-7.361401170000001,35,18.61,22792,0.0741906464099884,-0.2755492925643921,0.0005
0.017799219116568565,0.99,12119,426358,4.527237892150879,426257,-7.405008799999998,35,18.68,22796,0.8174164295196533,0.5867092609405518,0.0005
0.017735769972205162,0.99,12121,426437,4.381798267364502,426336,-7.4441187100000015,35,18.73,22800,1.2124148607254028,0.12818153202533722,0.0005
0.018204016610980034,0.99,12123,426518,4.3616180419921875,426417,-7.491004360000001,35,18.8,22804,0.23371867835521698,-0.5751909017562866,0.0005
0.018676793202757835,0.99,12126,426599,4.461448669433594,426498,-7.531546359999998,35,18.87,22808,1.5873972177505493,-0.059492774307727814,0.0005
0.018863800913095474,0.99,12128,426673,4.612370491027832,426572,-7.580137729999999,35,18.94,22812,0.30510658025741577,0.7428466081619263,0.0005
0.01901089958846569,0.99,12130,426747,4.604559421539307,426646,-7.5807181,35,18.91,22816,0.3028671145439148,0.11502847075462341,0.0005
0.018633121624588966,0.99,12132,426815,4.982944488525391,426714,-7.62948069,35,18.99,22820,0.2132587730884552,0.31304943561553955,0.0005
0.018549833446741104,0.99,12134,426884,4.9902143478393555,426783,-7.635679930000001,35,19.02,22824,0.20423641800880432,0.377800852060318,0.0005
0.018484238535165787,0.99,12136,426952,4.557094573974609,426851,-7.596414219999999,35,18.96,22828,0.13783583045005798,-0.900163471698761,0.0005
0.017955200746655464,0.99,12138,427026,4.53077507019043,426925,-7.5566175,35,18.9,22832,0.4227748215198517,-0.13931670784950256,0.0005
0.017697416245937347,0.99,12140,427092,4.632968425750732,426991,-7.41624848,35,18.67,22836,1.1041356325149536,0.9724669456481934,0.0005
0.01796535775065422,0.99,12142,427174,4.596640586853027,427073,-7.421306980000001,35,18.69,22840,0.2836068868637085,-0.0730685442686081,0.0005
0.01798994280397892,0.99,12145,427262,4.55223274230957,427161,-7.471199719999999,35,18.77,22844,0.07402873784303665,0.8250472545623779,0.0005
0.018643014132976532,0.99,12147,427345,4.172411918640137,427244,-7.481001979999999,35,18.79,22848,0.04995107650756836,0.3043854832649231,0.0005
0.019155409187078476,0.99,12149,427418,4.43410587310791,427317,-7.48578618,35,18.8,22852,0.13593506813049316,0.45453333854675293,0.0005
0.019629092887043953,0.99,12151,427498,4.651350021362305,427397,-7.575133589999999,35,18.92,22856,0.7207854986190796,-0.7070691585540771,0.0005
0.019426368176937103,1.0,12154,427583,4.653814792633057,427482,-7.44023543,35,18.95,22860,1.016563892364502,-0.21451932191848755,0.0005
0.01951199397444725,1.0,12156,427663,4.567370891571045,427562,-7.43886705,35,18.94,22864,0.9166532158851624,-0.009587302803993225,0.0005
0.019243283197283745,1.0,12158,427730,4.669191360473633,427629,-7.48465864,35,19.0,22868,0.16201835870742798,-0.7644506096839905,0.0005
0.019072677940130234,1.0,12160,427809,4.544584274291992,427708,-7.444594320000001,35,18.93,22872,0.3191646933555603,0.08484120666980743,0.0005
0.018771709874272346,1.0,12162,427891,4.6827850341796875,427790,-7.494401369999999,35,19.01,22876,0.2931056618690491,-0.5349823236465454,0.0005
0.018426017835736275,1.0,12164,427957,4.3984293937683105,427856,-7.443822279999999,35,18.92,22880,0.040359385311603546,-0.2749740779399872,0.0005
0.017929909750819206,1.0,12166,428031,4.745379447937012,427930,-7.45060003,35,18.93,22884,0.2308611422777176,-0.09164558351039886,0.0005
0.018297646194696426,1.0,12168,428106,4.606691360473633,428005,-7.458492189999999,35,18.94,22888,0.2894068956375122,-0.30524760484695435,0.0005
0.018691306933760643,1.0,12171,428180,4.336855888366699,428079,-7.46272548,35,18.95,22892,1.8743263483047485,-0.20263130962848663,0.0005
0.01859731413424015,1.0,12173,428254,4.426947593688965,428153,-7.468763339999999,35,18.96,22896,0.7612026929855347,-0.4357907772064209,0.0005
0.017988553270697594,1.0,12175,428330,4.553440570831299,428229,-7.435022489999999,35,18.93,22900,0.24599625170230865,-0.7642809152603149,0.0005
0.017302606254816055,1.0,12177,428403,4.874180793762207,428302,-7.384886929999998,35,18.85,22904,0.596023678779602,-0.14738081395626068,0.0005
0.017030764371156693,1.0,12179,428484,5.007339000701904,428383,-7.38662938,35,18.85,22908,0.24283771216869354,-0.1976313292980194,0.0005
0.01678614132106304,1.0,12181,428566,4.353610515594482,428465,-7.433147770000001,35,18.93,22912,0.6247668266296387,0.9597558975219727,0.0005
0.017096906900405884,1.0,12183,428640,4.348056793212891,428539,-7.430584520000001,35,18.93,22916,0.09247879683971405,0.25485992431640625,0.0005
0.017407657578587532,1.0,12185,428714,4.630064964294434,428613,-7.47209968,35,18.99,22920,0.38504624366760254,0.8752712607383728,0.0005
0.018026025965809822,1.0,12186,428780,5.142972946166992,428679,-7.466370049999999,35,18.96,22924,0.5550214648246765,1.4649542570114136,0.0005
0.018471049144864082,1.0,12188,428853,4.830051422119141,428752,-7.505444460000001,35,19.01,22928,0.21575671434402466,-0.690040111541748,0.0005
0.018779758363962173,1.0,12190,428927,4.781638145446777,428826,-7.50355256,35,19.01,22932,0.13036495447158813,0.02598370611667633,0.0005
0.018966907635331154,1.0,12192,428999,4.758537292480469,428898,-7.545806310000001,35,19.07,22936,0.05563176050782204,0.9851849675178528,0.0005
0.01901056244969368,1.0,12195,429073,4.520195960998535,428972,-7.497688050000002,35,18.99,22940,0.3420955240726471,-0.0701567754149437,0.0005
0.018822118639945984,1.0,12197,429147,4.622610092163086,429046,-7.408243260000002,35,18.85,22944,0.41615933179855347,0.2772465646266937,0.0005
0.018523722887039185,1.0,12198,429207,5.111993789672852,429106,-7.2649804399999995,35,18.62,22948,0.12016931176185608,-0.23890866339206696,0.0005
0.018130209296941757,1.0,12200,429273,4.832340717315674,429172,-7.21679409,35,18.55,22952,0.2583426237106323,0.5943499803543091,0.0005
0.01784970611333847,1.0,12202,429340,4.57705020904541,429239,-7.1268613300000005,35,18.42,22956,0.1646643877029419,-0.40162354707717896,0.0005
0.017293894663453102,1.0,12204,429422,4.493769645690918,429321,-7.09438381,35,18.39,22960,0.057548005133867264,0.7407587766647339,0.0005
0.01769089512526989,1.0,12206,429495,4.649270534515381,429394,-7.046929159999999,35,18.32,22964,0.15972301363945007,0.7881902456283569,0.0005
0.01769896224141121,1.0,12208,429561,4.42458438873291,429460,-7.041921779999999,35,18.31,22968,0.29455554485321045,-0.39459729194641113,0.0005
0.018027735874056816,1.0,12211,429641,4.707193374633789,429540,-7.0403144,35,18.32,22972,0.7345601320266724,-0.2023368626832962,0.0005
0.018539555370807648,1.0,12213,429720,4.712587356567383,429619,-7.0294645,35,18.29,22976,0.1406002640724182,0.1462828814983368,0.0005
0.018722116947174072,1.0,12215,429787,4.532230377197266,429686,-7.028880979999999,35,18.3,22980,0.3035397529602051,0.08877858519554138,0.0005
0.018868640065193176,1.0,12217,429861,4.611391544342041,429760,-7.029405860000001,35,18.3,22984,0.2625519633293152,0.15891441702842712,0.0005
0.01898195408284664,1.0,12219,429928,4.488713264465332,429827,-6.97542252,35,18.22,22988,1.7269479036331177,0.1367562711238861,0.0005
0.019119368866086006,1.0,12237,430008,5.090699195861816,429907,-7.015643910000001,35,18.28,22992,0.06637249141931534,-0.19893431663513184,0.0005
0.018786808475852013,1.0,12240,430088,4.529359817504883,429987,-7.055748480000001,35,18.34,22996,0.2766345143318176,0.04186028242111206,0.0005
0.018786562606692314,1.0,12242,430155,4.682129859924316,430054,-7.006837280000001,35,18.25,23000,0.4391540586948395,-0.47426512837409973,0.0005
0.019493572413921356,1.0,12244,430229,4.807968616485596,430128,-7.011660420000001,35,18.26,23004,0.7084214687347412,1.025919795036316,0.0005
0.019645292311906815,1.0,12246,430290,4.269272804260254,430189,-6.879546120000001,35,18.06,23008,1.25310480594635,-0.9868367910385132,0.0005
0.0200155358761549,0.99,12248,430373,5.291921138763428,430272,-7.05599838,35,18.07,23012,0.3415796756744385,0.1626928150653839,0.0005
0.020193351432681084,0.99,12251,430456,5.2203593254089355,430355,-7.10830767,35,18.16,23016,0.09964166581630707,0.02402152121067047,0.0005
0.020059242844581604,0.99,12253,430525,5.278288841247559,430424,-7.072485209999999,35,18.11,23020,0.4354965090751648,-0.2560505270957947,0.0005
0.01976889930665493,0.99,12255,430599,4.782930850982666,430498,-7.11925609,35,18.19,23024,0.8981020450592041,-0.592914342880249,0.0005
0.019460264593362808,0.99,12257,430680,4.612668514251709,430579,-7.1671699,35,18.27,23028,0.9936097860336304,0.16322320699691772,0.0005
0.019409598782658577,0.99,12259,430766,4.923252582550049,430665,-7.250629199999999,35,18.39,23032,0.5333953499794006,-0.38624367117881775,0.0005
0.020028701052069664,0.99,12261,430840,5.3406662940979,430739,-7.258512479999999,35,18.41,23036,0.48954465985298157,1.2064688205718994,0.0005
0.020297983661293983,0.99,12263,430914,4.695775032043457,430813,-7.260517309999999,35,18.41,23040,0.5212574005126953,-0.159725621342659,0.0005
0.019560184329748154,0.99,12265,430989,4.339125156402588,430888,-7.2572040399999995,35,18.42,23044,0.13945993781089783,-1.2206947803497314,0.0005
0.019228404387831688,0.99,12268,431064,4.281908988952637,430963,-7.34838801,35,18.57,23048,0.7233714461326599,0.053343743085861206,0.0005
0.019111724570393562,0.99,12270,431137,4.178130149841309,431036,-7.39457717,35,18.64,23052,0.11592626571655273,0.3802829384803772,0.0005
0.019336944445967674,0.99,12272,431210,4.426361083984375,431109,-7.441603689999999,35,18.7,23056,0.12342984974384308,-0.11684393882751465,0.0005
0.01905117742717266,0.99,12274,431285,4.567045211791992,431184,-7.391906379999999,35,18.63,23060,0.04901671037077904,0.23553712666034698,0.0005
0.019262000918388367,0.99,12276,431351,4.449338436126709,431250,-7.346087300000001,35,18.56,23064,1.0719507932662964,-0.765488862991333,0.0005
0.01946263387799263,0.99,12278,431439,4.436225891113281,431338,-7.486650330000001,35,18.78,23068,0.7089378833770752,0.43801721930503845,0.0005
0.019695231691002846,0.99,12280,431505,4.313510894775391,431404,-7.3934514,35,18.64,23072,0.41145122051239014,0.5354351997375488,0.0005
0.01955219730734825,0.99,12282,431571,4.590083599090576,431470,-7.3058065899999995,35,18.51,23076,1.1254502534866333,0.16200056672096252,0.0005
0.019681094214320183,0.99,12283,431638,4.7318596839904785,431537,-7.308653649999999,35,18.51,23080,1.3508342504501343,0.9580570459365845,0.0005
0.01976473443210125,0.99,12285,431706,4.395696640014648,431605,-7.26130525,35,18.45,23084,0.2019268274307251,-0.47539055347442627,0.0005
0.019844403490424156,0.99,12287,431779,4.396892547607422,431678,-7.307196519999999,35,18.51,23088,0.2098183035850525,-0.6145539879798889,0.0005
0.019580069929361343,0.99,12289,431846,4.748836517333984,431745,-7.221117479999999,35,18.38,23092,0.28059905767440796,-0.2326275110244751,0.0005
0.019164148718118668,0.99,12290,431913,4.697606563568115,431812,-7.133240529999999,35,18.25,23096,0.43727734684944153,-0.2154344916343689,0.0005
0.0188176017254591,0.99,12292,431992,4.785642623901367,431891,-7.21754632,35,18.37,23100,0.5472168326377869,-0.3218698501586914,0.0005
0.01900501176714897,0.99,12294,432059,4.6535539627075195,431958,-7.17012415,35,18.3,23104,0.33080780506134033,0.34654057025909424,0.0005
0.019070401787757874,0.99,12296,432126,4.352802753448486,432025,-7.212067710000001,35,18.36,23108,0.11388761550188065,-0.13313952088356018,0.0005
0.01885446161031723,1.0,12298,432207,4.402398109436035,432106,-7.033337260000001,35,18.34,23112,0.19285032153129578,-0.14648672938346863,0.0005
0.018467795103788376,1.0,12300,432280,4.465431213378906,432179,-6.97621666,35,18.24,23116,0.08344089239835739,-0.4723048806190491,0.0005
0.017839988693594933,1.0,12302,432359,4.356014728546143,432258,-7.05404034,35,18.34,23120,0.39491286873817444,-0.5730801224708557,0.0005
0.017367884516716003,1.0,12304,432433,4.829277038574219,432332,-7.054380600000001,35,18.34,23124,0.301575243473053,-0.05426257848739624,0.0005
0.016942670568823814,1.0,12305,432499,4.275106430053711,432398,-6.96189191,35,18.19,23128,0.7091677784919739,0.12565872073173523,0.0005
0.017052365466952324,1.0,12307,432573,4.227940559387207,432472,-6.8780619399999985,35,18.07,23132,0.12049945443868637,0.2639944553375244,0.0005
0.017438529059290886,1.0,12309,432648,5.264854907989502,432547,-6.8779236300000015,35,18.08,23136,0.132379949092865,-0.06945572793483734,0.0005
0.01820729859173298,1.0,12311,432715,4.914913177490234,432614,-6.83041061,35,18.01,23140,0.059350717812776566,0.12930704653263092,0.0005
0.018502727150917053,1.0,12313,432797,4.113001823425293,432696,-6.882109680000001,35,18.08,23144,0.34374499320983887,-0.8503458499908447,0.0005
0.01871580071747303,1.0,12315,432871,4.780306339263916,432770,-6.878753299999999,35,18.07,23148,0.1830291450023651,-0.4502597153186798,0.0005
0.0191475972533226,1.0,12316,432931,4.274431228637695,432830,-6.7909171200000005,35,17.94,23152,0.8740102052688599,-0.24572841823101044,0.0005
0.019362857565283775,1.0,12318,433005,4.5392351150512695,432904,-6.788348760000002,35,17.95,23156,0.06283119320869446,0.02280890941619873,0.0005
0.019438859075307846,1.0,12320,433072,4.768867492675781,432971,-6.74161756,35,17.87,23160,0.050716303288936615,0.016917258501052856,0.0005
0.01931985653936863,1.0,12322,433145,4.066657066345215,433044,-6.785606909999999,35,17.94,23164,0.06505262851715088,-0.4939386248588562,0.0005
0.019194098189473152,1.0,12324,433225,4.797467231750488,433124,-6.735587369999998,35,17.86,23168,0.46299129724502563,-0.5573191046714783,0.0005
0.018857330083847046,1.0,12325,433285,4.350411891937256,433184,-6.6940733,35,17.8,23172,0.41286078095436096,0.49713560938835144,0.0005
0.018419723957777023,1.0,12327,433358,4.679163455963135,433257,-6.741398280000001,35,17.87,23176,0.7130868434906006,0.19540150463581085,0.0005
0.01851850375533104,1.0,12328,433418,5.129883766174316,433317,-6.692805900000001,35,17.8,23180,0.49895429611206055,1.0344840288162231,0.0005
0.019693169742822647,1.0,12330,433485,4.525914192199707,433384,-6.691963060000001,35,17.79,23184,0.40799176692962646,0.3459582030773163,0.0005
0.01970701850950718,1.0,12332,433566,4.236932754516602,433465,-6.7430188499999995,35,17.87,23188,0.17558050155639648,-0.39871230721473694,0.0005
0.0193552877753973,1.0,12333,433640,4.487327575683594,433539,-6.786056359999998,35,17.94,23192,0.9671562314033508,-0.8238071203231812,0.0005
0.019036898389458656,1.0,12335,433706,4.735766410827637,433605,-6.784699200000002,35,17.93,23196,0.4304419159889221,-0.4347527027130127,0.0005
0.018818745389580727,1.0,12337,433787,4.506163597106934,433686,-6.79123939,35,17.95,23200,0.5940284729003906,0.06847072392702103,0.0005
0.01839376613497734,1.0,12339,433868,4.946652889251709,433767,-6.882242670000002,35,18.09,23204,0.17036809027194977,-0.8436417579650879,0.0005
0.01834956929087639,1.0,12341,433944,4.694186687469482,433843,-6.93305451,35,18.18,23208,0.2412787526845932,0.4135974049568176,0.0005
0.018920540809631348,1.0,12343,434017,5.426962852478027,433916,-6.883930739999999,35,18.1,23212,0.5078309774398804,1.5654559135437012,0.0005
0.019484223797917366,1.0,12345,434099,4.741418838500977,433998,-6.93920186,35,18.19,23216,1.7806792259216309,-0.25402766466140747,0.0005
0.019688231870532036,1.0,12346,434169,5.042684555053711,434068,-6.862050120000001,35,18.1,23220,0.06916756182909012,0.4452253580093384,0.0005
0.019548049196600914,1.0,12348,434242,4.154670715332031,434141,-6.86151335,35,18.09,23224,0.21368974447250366,0.4607861042022705,0.0005
0.019283905625343323,1.0,12350,434309,4.896263122558594,434208,-6.86471019,35,18.1,23228,0.10514466464519501,0.27349674701690674,0.0005
0.019163982942700386,1.0,12352,434383,4.065902233123779,434282,-6.86660612,35,18.1,23232,0.06282005459070206,0.0938408151268959,0.0005
0.01920931041240692,1.0,12354,434450,4.737338542938232,434349,-6.81878586,35,18.02,23236,0.18552687764167786,-0.22348129749298096,0.0005
0.01954100839793682,1.0,12355,434524,4.7520012855529785,434423,-6.86770703,35,18.09,23240,0.028681457042694092,0.6430844664573669,0.0005
0.019876068457961082,1.0,12357,434599,4.655951499938965,434498,-6.81694493,35,18.02,23244,0.16362813115119934,-0.5816671252250671,0.0005
0.01962149329483509,1.0,12359,434679,4.857217311859131,434578,-6.8607621100000005,35,18.08,23248,0.4003891944885254,0.5393820405006409,0.0005
0.01929371990263462,1.0,12361,434753,4.366762161254883,434652,-6.948273520000002,35,18.22,23252,1.123352289199829,-1.1646270751953125,0.0005
0.019063713029026985,1.0,12363,434827,4.482973098754883,434726,-6.94880396,35,18.22,23256,0.3097449839115143,-0.5261875987052917,0.0005
0.01884644478559494,1.0,12365,434895,4.3775835037231445,434794,-6.951357820000001,35,18.23,23260,0.18983304500579834,-0.06010912358760834,0.0005
0.01875670626759529,1.0,12366,434962,4.309406280517578,434861,-6.911588790000001,35,18.17,23264,0.07350477576255798,-0.8949676752090454,0.0005
0.019001487642526627,1.0,12368,435035,4.0801801681518555,434934,-6.8682736,35,18.1,23268,0.35816121101379395,0.34805211424827576,0.0005
0.019755391404032707,1.0,12370,435103,4.70700216293335,435002,-6.917115979999998,35,18.18,23272,0.16335271298885345,-0.2732152044773102,0.0005
0.019700219854712486,1.0,12371,435169,4.369750022888184,435068,-6.869627300000001,35,18.11,23276,0.5907360315322876,-0.7601774334907532,0.0005
0.019218536093831062,0.99,12373,435249,5.584650039672852,435148,-7.171080580000002,35,18.31,23280,1.555167317390442,1.7599091529846191,0.0005
0.019618453457951546,0.99,12375,435323,4.567870616912842,435222,-7.218619739999999,35,18.38,23284,0.545903205871582,-0.6795563697814941,0.0005
0.019758086651563644,0.98,12377,435398,4.608882427215576,435297,-7.3433337299999994,35,18.32,23288,0.2825683355331421,0.15540850162506104,0.0005
0.01981007680296898,0.97,12379,435489,4.896916389465332,435388,-7.61102485,35,18.49,23292,0.5471621751785278,0.04647371172904968,0.0005
0.019426891580224037,0.97,12381,435570,4.106410980224609,435469,-7.703237049999999,35,18.64,23296,0.2489621937274933,-0.34121206402778625,0.0005
0.019445376470685005,0.97,12383,435644,4.478039264678955,435543,-7.65666635,35,18.57,23300,0.33290478587150574,-1.137770652770996,0.0005
0.019315756857395172,0.97,12385,435726,4.203674793243408,435625,-7.661336690000001,35,18.58,23304,1.2212059497833252,-1.1753778457641602,0.0005
0.01933141238987446,0.97,12387,435800,4.702503681182861,435699,-7.656725429999999,35,18.56,23308,0.05429762601852417,-0.32548651099205017,0.0005
0.018629243597388268,0.97,12389,435874,4.776386260986328,435773,-7.660277389999999,35,18.57,23312,0.22783306241035461,-0.3441007435321808,0.0005
0.018305422738194466,0.97,12391,435948,4.079118251800537,435847,-7.611595850000001,35,18.49,23316,0.38087135553359985,0.7209838628768921,0.0005
0.01824093610048294,0.97,12393,436021,4.5999932289123535,435920,-7.649118350000001,35,18.52,23320,0.8116326332092285,0.13243018090724945,0.0005
0.018271934241056442,0.96,12395,436097,4.59768009185791,435996,-7.829900240000001,35,18.55,23324,0.197708398103714,1.0834834575653076,0.0005
0.018739501014351845,0.96,12397,436172,4.693088054656982,436071,-7.87802432,35,18.63,23328,0.6224621534347534,-0.2939898371696472,0.0005
0.01827116869390011,0.96,12399,436253,4.576448917388916,436152,-7.92685728,35,18.7,23332,0.07266710698604584,-0.6060386896133423,0.0005
0.018064850941300392,0.96,12401,436333,4.402822494506836,436232,-8.016028689999999,35,18.83,23336,0.41779688000679016,-0.43215370178222656,0.0005
0.01806417666375637,0.96,12403,436414,5.191575050354004,436313,-8.063442700000001,35,18.9,23340,0.46445485949516296,1.138730764389038,0.0005
0.018390335142612457,0.96,12405,436488,4.6312575340271,436387,-8.059458430000001,35,18.89,23344,0.2515605092048645,0.736372172832489,0.0005
0.018583880737423897,0.96,12407,436554,4.715215682983398,436453,-7.969777069999999,35,18.75,23348,0.12119890749454498,-0.18524980545043945,0.0005
0.018679063767194748,0.96,12409,436635,4.580519676208496,436534,-8.022225290000002,35,18.82,23352,0.36780065298080444,0.04456453025341034,0.0005
0.01907544955611229,0.96,12411,436702,4.866635799407959,436601,-7.97706332,35,18.75,23356,0.21418064832687378,-0.2629971504211426,0.0005
0.018962834030389786,0.96,12413,436775,4.758248805999756,436674,-8.019455980000002,35,18.8,23360,0.0797797441482544,-0.9077376127243042,0.0005
0.018453218042850494,0.96,12415,436855,4.359339714050293,436754,-8.1088312,35,18.93,23364,0.058645449578762054,-0.03475605696439743,0.0005
0.018243884667754173,0.96,12417,436929,4.564140319824219,436828,-8.10993679,35,18.94,23368,0.2777206003665924,-0.6425085663795471,0.0005
0.0182476956397295,0.96,12419,437009,4.685575485229492,436908,-8.195359629999999,35,19.06,23372,0.2797338366508484,0.8442885279655457,0.0005
0.018484357744455338,0.96,12422,437090,4.631011486053467,436989,-8.289935830000001,35,19.21,23376,0.34815165400505066,-0.2843879759311676,0.0005
0.019014334306120872,0.97,12424,437165,4.692650318145752,437064,-8.08289239,35,19.16,23380,0.6186754703521729,-0.15138348937034607,0.0005
0.018955154344439507,0.97,12426,437240,4.424166679382324,437139,-8.08393792,35,19.17,23384,0.24801383912563324,-0.338834673166275,0.0005
0.018621431663632393,0.98,12428,437324,4.171383857727051,437223,-7.9687069500000005,35,19.26,23388,0.17680203914642334,-0.04516030102968216,0.0005
0.01879376545548439,0.99,12430,437392,4.5438361167907715,437291,-7.658567710000001,35,19.03,23392,0.10140572488307953,0.7074426412582397,0.0005
0.01879502646625042,0.99,12432,437472,4.796817302703857,437371,-7.6575535399999985,35,19.02,23396,0.3995822072029114,1.099890112876892,0.0005
0.019105885177850723,0.99,12434,437553,4.81311559677124,437452,-7.707075899999999,35,19.09,23400,0.07165788114070892,0.45643407106399536,0.0005
0.019006911665201187,0.99,12436,437621,4.444248676300049,437520,-7.618702440000001,35,18.95,23404,0.2528328001499176,0.26127901673316956,0.0005
0.01901879534125328,0.99,12439,437710,5.304775238037109,437609,-7.7129108099999995,35,19.1,23408,0.2289372980594635,0.11197684705257416,0.0005
0.01942325569689274,0.99,12441,437784,4.736223220825195,437683,-7.71333162,35,19.1,23412,0.7197281718254089,-0.5275990962982178,0.0005
0.019530417397618294,0.99,12443,437850,4.989686965942383,437749,-7.662728629999999,35,19.02,23416,0.2873278856277466,0.1486813724040985,0.0005
0.019348347559571266,0.99,12445,437928,4.057508945465088,437827,-7.701126769999998,35,19.07,23420,0.2363792508840561,-0.7452148199081421,0.0005
0.01888580620288849,1.0,12447,438009,4.277060508728027,437908,-7.56724076,35,19.12,23424,0.29064539074897766,-0.8749858736991882,0.0005
0.01854928582906723,1.0,12450,438091,4.5076751708984375,437990,-7.61145334,35,19.19,23428,1.4439927339553833,-0.6652791500091553,0.0005
0.01814640872180462,1.0,12452,438172,4.761689186096191,438071,-7.60865819,35,19.19,23432,0.31098997592926025,-0.43321430683135986,0.0005
0.017613055184483528,1.0,12454,438239,5.019442081451416,438138,-7.51938573,35,19.06,23436,0.21003371477127075,0.054463475942611694,0.0005
0.018234943971037865,1.0,12456,438320,4.365898609161377,438219,-7.515756530000002,35,19.06,23440,0.1698494851589203,-0.2634574770927429,0.0005
0.018394945189356804,1.0,12458,438401,4.7444353103637695,438300,-7.56735417,35,19.13,23444,1.3589346408843994,-0.8101836442947388,0.0005
0.018090002238750458,1.0,12460,438460,4.1030964851379395,438359,-7.523236979999999,35,19.06,23448,0.6151261925697327,-0.3992019295692444,0.0005
0.018207132816314697,1.0,12462,438541,4.5993781089782715,438440,-7.5191887799999995,35,19.06,23452,2.8612849712371826,0.9061116576194763,0.0005
0.018442071974277496,1.0,12464,438608,4.294495582580566,438507,-7.517836020000001,35,19.06,23456,0.7337796092033386,-0.10656142234802246,0.0005
0.01898234896361828,0.99,12466,438685,4.364706039428711,438584,-7.687960960000001,35,19.1,23460,0.11926783621311188,-0.3586772084236145,0.0005
0.018919510766863823,0.99,12468,438765,4.965995788574219,438664,-7.68448025,35,19.1,23464,0.19526508450508118,-0.5557346343994141,0.0005
0.018795374780893326,0.99,12470,438839,4.259886741638184,438738,-7.683885740000002,35,19.1,23468,0.09303341060876846,0.4128261208534241,0.0005
0.018833965063095093,0.99,12472,438920,4.97805118560791,438819,-7.68671336,35,19.11,23472,0.43563857674598694,-0.2646448612213135,0.0005
0.019083628430962563,0.99,12474,439001,4.423436164855957,438900,-7.6880083500000005,35,19.11,23476,0.5963367819786072,-1.0805656909942627,0.0005
0.018551625311374664,0.99,12476,439074,4.158148288726807,438973,-7.682892860000001,35,19.09,23480,1.0446938276290894,-0.5577685832977295,0.0005
0.018461160361766815,0.99,12478,439140,5.04578971862793,439039,-7.632961210000001,35,19.0,23484,0.41365933418273926,0.5186367034912109,0.0005
0.018744956701993942,0.99,12480,439214,4.682353973388672,439113,-7.576810949999999,35,18.9,23488,0.15170952677726746,1.1108920574188232,0.0005
0.019038818776607513,0.99,12482,439295,4.564535140991211,439194,-7.66257037,35,19.03,23492,0.3672757148742676,-0.5852930545806885,0.0005
0.01903505064547062,0.99,12484,439356,4.535444259643555,439255,-7.531275890000001,35,18.84,23496,0.3211488127708435,0.05114462226629257,0.0005
0.019363781437277794,0.99,12486,439430,4.759033203125,439329,-7.48122706,35,18.77,23500,0.5140668153762817,-0.9703329205513,0.0005
0.019111433997750282,0.99,12488,439498,5.107861518859863,439397,-7.476944939999999,35,18.77,23504,0.12676124274730682,0.029850497841835022,0.0005
0.018420303240418434,0.99,12490,439564,4.855712890625,439463,-7.33408414,35,18.54,23508,0.36926716566085815,0.03735429048538208,0.0005
0.018042001873254776,0.99,12492,439631,5.028560161590576,439530,-7.28677144,35,18.47,23512,0.08526133000850677,0.6759158968925476,0.0005
0.018015386536717415,0.99,12494,439712,4.785646438598633,439611,-7.382182389999998,35,18.62,23516,0.29468056559562683,-0.6648547053337097,0.0005
0.01802576705813408,0.99,12496,439790,4.112111568450928,439689,-7.380674309999998,35,18.62,23520,0.14465948939323425,0.15593504905700684,0.0005
0.018103672191500664,0.99,12498,439865,4.7112274169921875,439764,-7.33675552,35,18.56,23524,0.5048879384994507,0.26766160130500793,0.0005
0.01828290894627571,0.99,12500,439941,4.5788984298706055,439840,-7.291381670000001,35,18.5,23528,0.14767026901245117,-0.4034827947616577,0.0005
0.01847159117460251,0.99,12519,440021,5.067722320556641,439920,-7.286448029999999,35,18.49,23532,0.45957404375076294,1.3671817779541016,0.0005
0.018698781728744507,0.99,12521,440095,4.601683616638184,439994,-7.33265085,35,18.56,23536,2.606933116912842,0.15767163038253784,0.0005
0.018682187423110008,0.99,12524,440175,4.824721336364746,440074,-7.3278504700000004,35,18.55,23540,0.22032321989536285,-0.32555991411209106,0.0005
0.018734702840447426,0.99,12526,440242,4.696320533752441,440141,-7.23290063,35,18.41,23544,0.2431119680404663,-0.14374402165412903,0.0005
0.018613047897815704,0.99,12527,440302,4.711256980895996,440201,-7.234082929999999,35,18.42,23548,0.36844927072525024,-0.05203050374984741,0.0005
0.018686052411794662,0.99,12530,440382,4.212076663970947,440281,-7.23275936,35,18.41,23552,0.4108830690383911,0.07902805507183075,0.0005
0.01883823610842228,0.99,12532,440457,4.1462836265563965,440356,-7.28276148,35,18.49,23556,0.6442209482192993,0.008967965841293335,0.0005
0.01896657794713974,1.0,12534,440540,4.459099769592285,440439,-7.16415101,35,18.55,23560,0.6365662217140198,-1.0690109729766846,0.0005
0.018429717049002647,1.0,12536,440605,4.043351173400879,440504,-7.0732829000000015,35,18.4,23564,0.04538889229297638,-0.5010960102081299,0.0005
0.018275752663612366,1.0,12538,440672,4.26851749420166,440571,-7.02813927,35,18.33,23568,0.45667457580566406,-0.4562491774559021,0.0005
0.018022337928414345,1.0,12541,440740,4.41328239440918,440639,-6.939376589999999,35,18.2,23572,0.1188557893037796,-0.4697890877723694,0.0005
0.018411099910736084,1.0,12543,440807,5.0200629234313965,440706,-6.84660347,35,18.06,23576,0.5783030390739441,0.7631070017814636,0.0005
0.019104408100247383,1.0,12544,440867,4.4399566650390625,440766,-6.76073734,35,17.93,23580,0.1465909779071808,1.006900668144226,0.0005
0.018862087279558182,1.0,12546,440949,4.692173004150391,440848,-6.86025234,35,18.09,23584,0.21129047870635986,-0.1953679919242859,0.0005
0.018721474334597588,0.99,12549,441028,4.72585391998291,440927,-7.10252332,35,18.14,23588,0.06636738032102585,0.1352306455373764,0.0005
0.019088318571448326,0.99,12551,441103,4.846685886383057,441002,-7.064993459999998,35,18.08,23592,0.20316067337989807,1.1354877948760986,0.0005
0.019498072564601898,0.99,12553,441184,4.601587295532227,441083,-7.20049966,35,18.28,23596,1.0058923959732056,-0.5354031324386597,0.0005
0.01901567168533802,0.99,12555,441266,5.34367561340332,441165,-7.2517376900000015,35,18.36,23600,0.37616074085235596,0.22216790914535522,0.0005
0.018777184188365936,0.99,12557,441332,4.868477821350098,441231,-7.244645459999999,35,18.34,23604,0.2643679678440094,0.19712722301483154,0.0005
0.018556023016572,0.99,12559,441409,4.753137588500977,441308,-7.29950582,35,18.45,23608,0.08530297875404358,-1.1168756484985352,0.0005
0.01870991662144661,0.99,12561,441481,4.658788681030273,441380,-7.342269719999999,35,18.5,23612,0.12832877039909363,-0.25179731845855713,0.0005
0.019028062000870705,0.99,12563,441549,4.731772422790527,441448,-7.25089164,35,18.37,23616,0.07286986708641052,0.20954576134681702,0.0005
0.01939406245946884,0.99,12565,441629,4.506546974182129,441528,-7.254102319999999,35,18.39,23620,0.0992872565984726,-1.0673266649246216,0.0005
0.019218334928154945,0.99,12567,441701,4.717624664306641,441600,-7.246858740000001,35,18.36,23624,0.1597273349761963,-0.4172975420951843,0.0005
0.018992826342582703,0.99,12569,441778,4.660201549530029,441677,-7.25661258,35,18.37,23628,0.14238010346889496,-0.2687305808067322,0.0005
0.01881049945950508,0.99,12572,441859,4.553335189819336,441758,-7.26090211,35,18.38,23632,1.43129563331604,0.4104294180870056,0.0005
0.019009729847311974,0.99,12574,441927,5.001977920532227,441826,-7.218641170000001,35,18.32,23636,0.09556903690099716,-1.055002212524414e-05,0.0005
0.018652988597750664,0.99,12576,442002,4.0244059562683105,441901,-7.1835898799999995,35,18.27,23640,0.04987764358520508,-1.5210919380187988,0.0005
0.018156398087739944,0.99,12578,442071,4.178643703460693,441970,-7.190159159999999,35,18.29,23644,0.11108885705471039,-0.5238867402076721,0.0005
0.017974713817238808,0.99,12580,442146,4.510510444641113,442045,-7.284405349999998,35,18.44,23648,0.28804153203964233,0.14121241867542267,0.0005
0.017741750925779343,0.99,12581,442206,7.3554534912109375,442105,-7.15105469,35,18.24,23652,1.615290880203247,-1.0217121839523315,0.0005
0.018883833661675453,0.97,12584,442310,5.037881851196289,442209,-7.62220254,35,18.53,23656,0.7699218988418579,0.9920552968978882,0.0005
0.01977061666548252,0.97,12587,442396,5.272312164306641,442295,-7.630097859999999,35,18.56,23660,0.1714889407157898,0.5299376249313354,0.0005
0.02011483907699585,0.97,12589,442463,5.140347957611084,442362,-7.634892770000001,35,18.58,23664,0.466108500957489,0.036615706980228424,0.0005
0.02040763385593891,0.97,12591,442544,4.576977729797363,442443,-7.73060858,35,18.72,23668,0.3508319854736328,-0.02129685878753662,0.0005
0.02076725661754608,0.97,12593,442620,4.781729221343994,442519,-7.7796432399999995,35,18.8,23672,0.6495007276535034,-0.09717146307229996,0.0005
0.020831802859902382,0.97,12594,442685,4.987520694732666,442584,-7.775619879999999,35,18.78,23676,0.47150251269340515,-0.36121970415115356,0.0005
0.020522208884358406,0.97,12596,442754,5.024814605712891,442653,-7.828663690000001,35,18.87,23680,0.6658797264099121,0.13662099838256836,0.0005
0.020180631428956985,0.97,12598,442834,4.859963893890381,442733,-7.822062239999999,35,18.85,23684,0.8631126880645752,-0.9717813730239868,0.0005
0.019707923755049706,0.98,12600,442915,4.847391128540039,442814,-7.62459175,35,18.87,23688,0.3424381613731384,-0.9988141059875488,0.0005
0.019648477435112,0.98,12602,442975,4.928251266479492,442874,-7.528586360000002,35,18.72,23692,0.06877747178077698,-0.2278905212879181,0.0005
0.019667256623506546,0.98,12604,443057,4.851416110992432,442956,-7.531930729999998,35,18.73,23696,0.9277453422546387,-0.8320289850234985,0.0005
0.019193992018699646,0.98,12606,443130,4.907325744628906,443029,-7.4783379100000005,35,18.64,23700,0.24369961023330688,-0.8351122140884399,0.0005
0.019149670377373695,0.98,12608,443210,4.455375671386719,443109,-7.56995288,35,18.78,23704,0.10976022481918335,0.5005794763565063,0.0005
0.0192821454256773,0.98,12610,443284,4.33076810836792,443183,-7.56301977,35,18.75,23708,1.4164636135101318,-0.5266482830047607,0.0005
0.019255779683589935,0.98,12612,443358,4.720195770263672,443257,-7.567405550000001,35,18.77,23712,0.4277972877025604,0.7586796283721924,0.0005
0.019621428102254868,0.97,12613,443422,4.8590006828308105,443321,-7.69713085,35,18.73,23716,0.23757348954677582,0.037106193602085114,0.0005
0.01955479383468628,0.97,12615,443491,4.755880832672119,443390,-7.61334142,35,18.62,23720,1.7121388912200928,0.4521591067314148,0.0005
0.019584935158491135,0.97,12617,443563,4.773311614990234,443462,-7.61357472,35,18.62,23724,0.1578156054019928,0.03719384968280792,0.0005
0.019396286457777023,0.97,12619,443630,4.5228753089904785,443529,-7.554392279999999,35,18.52,23728,0.21039605140686035,0.06911812722682953,0.0005
0.01899961568415165,0.97,12621,443714,4.547796249389648,443613,-7.561537370000001,35,18.55,23732,0.45233646035194397,-0.485770583152771,0.0005
0.018887899816036224,0.97,12623,443788,4.279035568237305,443687,-7.603776389999999,35,18.61,23736,0.9392898082733154,0.15443101525306702,0.0005
0.018997633829712868,0.97,12625,443855,5.163791656494141,443754,-7.550693360000001,35,18.53,23740,0.6782602071762085,-0.07232286036014557,0.0005
0.018727479502558708,0.97,12627,443929,4.361208915710449,443828,-7.587118980000001,35,18.58,23744,0.2632830739021301,0.21248066425323486,0.0005
0.01898137480020523,0.97,12629,444003,4.484052658081055,443902,-7.582364610000001,35,18.57,23748,0.1176973432302475,-0.3294364809989929,0.0005
0.019371958449482918,0.97,12631,444070,4.811820030212402,443969,-7.625226770000001,35,18.64,23752,0.1713578701019287,0.6779381036758423,0.0005
0.01961078867316246,0.99,12632,444143,4.466119766235352,444042,-7.149601220000001,35,18.33,23756,0.04523361474275589,-0.6351754069328308,0.0005
0.019429558888077736,0.99,12634,444204,4.756443023681641,444103,-7.001059779999999,35,18.08,23760,0.21357381343841553,0.6681141257286072,0.0005
0.019820833578705788,0.99,12636,444284,4.303752899169922,444183,-7.089758339999999,35,18.21,23764,1.411551594734192,-0.20726436376571655,0.0005
0.020337816327810287,0.99,12638,444350,4.729370594024658,444249,-6.99276763,35,18.06,23768,0.58209228515625,-0.32184600830078125,0.0005
0.020141007378697395,0.99,12640,444423,4.764523983001709,444322,-6.9831265799999995,35,18.03,23772,0.3845570683479309,-0.047788918018341064,0.0005
0.01976391114294529,0.99,12642,444491,4.416907787322998,444390,-6.988674259999999,35,18.06,23776,1.0807130336761475,-0.23499879240989685,0.0005
0.019484784454107285,0.99,12644,444564,4.304022789001465,444463,-7.02329682,35,18.1,23780,0.269763708114624,-0.913841962814331,0.0005
0.018931401893496513,0.99,12646,444637,4.447227478027344,444536,-6.97465075,35,18.03,23784,0.25775355100631714,0.3885248303413391,0.0005
0.01872880570590496,0.99,12647,444719,4.643423557281494,444618,-6.97748794,35,18.04,23788,0.13287052512168884,0.5256635546684265,0.0005
0.0190283115953207,0.99,12649,444793,4.785730361938477,444692,-7.06809253,35,18.18,23792,0.07264680415391922,-0.008913803845643997,0.0005
0.01898646540939808,0.99,12651,444873,4.939209938049316,444772,-7.0619676600000005,35,18.16,23796,2.359386444091797,-0.20791803300380707,0.0005
0.019110869616270065,0.99,12653,444952,4.34873628616333,444851,-7.108097409999999,35,18.22,23800,0.6394182443618774,-0.48800504207611084,0.0005
0.018806347623467445,0.98,12655,445034,4.786284923553467,444933,-7.28183849,35,18.24,23804,0.21749204397201538,-0.12752601504325867,0.0005
0.018312538042664528,0.98,12657,445114,5.010004043579102,445013,-7.326285,35,18.3,23808,0.5487265586853027,-0.5461605787277222,0.0005
0.018137525767087936,0.98,12659,445195,4.627265930175781,445094,-7.371816730000001,35,18.37,23812,0.3136729300022125,-0.11707277595996857,0.0005
0.018182432278990746,0.99,12660,445269,4.436034202575684,445168,-7.28545728,35,18.47,23816,0.9944682121276855,-0.4547768235206604,0.0005
0.018320836126804352,0.99,12662,445343,4.817533493041992,445242,-7.329598549999999,35,18.52,23820,0.12479355931282043,0.8469973802566528,0.0005
0.01919722557067871,0.99,12665,445431,4.976574897766113,445330,-7.423950960000001,35,18.68,23824,0.08886396139860153,0.30487242341041565,0.0005
0.019594019278883934,0.99,12667,445505,4.359715938568115,445404,-7.47005661,35,18.75,23828,0.06345638632774353,-0.1158350259065628,0.0005
0.01960216835141182,0.99,12668,445566,4.536493301391602,445465,-7.32656765,35,18.52,23832,0.11692441999912262,-0.8563469648361206,0.0005
0.01956191472709179,0.99,12670,445633,4.470958232879639,445532,-7.279709360000001,35,18.45,23836,0.19601330161094666,-0.8439561128616333,0.0005
0.019378662109375,0.99,12672,445708,4.856324195861816,445607,-7.330045080000001,35,18.53,23840,0.39860594272613525,0.4765433073043823,0.0005
0.01943039707839489,0.99,12674,445774,4.440439701080322,445673,-7.2855177000000015,35,18.45,23844,0.08405373245477676,0.34994062781333923,0.0005
0.019608277827501297,0.99,12676,445840,5.132098197937012,445739,-7.23869753,35,18.37,23848,0.5360199213027954,-0.12994056940078735,0.0005
0.019557978957891464,0.99,12677,445905,4.983800411224365,445804,-7.235073590000001,35,18.35,23852,0.26278871297836304,0.4167221784591675,0.0005
0.019767269492149353,0.99,12679,445977,4.231715202331543,445876,-7.23039907,35,18.34,23856,0.0885198712348938,-0.6700657606124878,0.0005
0.01954611949622631,0.99,12681,446052,4.617152214050293,445951,-7.323795030000001,35,18.48,23860,0.16372764110565186,-0.2362951934337616,0.0005
0.018980080261826515,0.99,12683,446132,4.205410957336426,446031,-7.32488785,35,18.48,23864,0.3180573582649231,-0.38355815410614014,0.0005
0.01881805807352066,0.99,12685,446199,4.902528285980225,446098,-7.326414119999999,35,18.49,23868,0.1632063239812851,-0.25680166482925415,0.0005
0.01934060826897621,0.99,12687,446272,4.861127853393555,446171,-7.327837790000001,35,18.49,23872,1.3055719137191772,0.2568531930446625,0.0005
0.019178975373506546,0.99,12689,446345,4.878052234649658,446244,-7.369536409999999,35,18.54,23876,0.2620857059955597,-0.00022999942302703857,0.0005
0.018708042800426483,0.99,12691,446419,4.834138870239258,446318,-7.372749439999998,35,18.55,23880,0.241631880402565,-0.3290347456932068,0.0005
0.018444905057549477,0.99,12693,446486,4.291383266448975,446385,-7.33178581,35,18.49,23884,0.1318148970603943,-0.2854856252670288,0.0005
0.018370546400547028,0.99,12695,446559,4.504307746887207,446458,-7.278188719999999,35,18.4,23888,0.0588635616004467,-0.3408491909503937,0.0005
0.017947616055607796,0.99,12697,446635,4.432469844818115,446534,-7.28763073,35,18.42,23892,0.8398479223251343,-1.3409030437469482,0.0005
0.01776130497455597,0.99,12699,446714,4.5095977783203125,446613,-7.2809970999999996,35,18.41,23896,0.10374829918146133,-0.055811796337366104,0.0005
0.017487725242972374,0.99,12701,446788,4.617647171020508,446687,-7.239404919999999,35,18.36,23900,0.27181077003479004,0.08740881085395813,0.0005
0.017248032614588737,1.0,12703,446861,4.538216590881348,446760,-7.022771779999999,35,18.27,23904,0.2026526927947998,-0.12825420498847961,0.0005
0.01716754585504532,1.0,12705,446927,4.718400001525879,446826,-6.93060009,35,18.13,23908,0.7364487648010254,-0.489031046628952,0.0005
0.017336897552013397,1.0,12707,447013,4.262042045593262,446912,-6.971452500000001,35,18.18,23912,0.7180606126785278,-0.2924695909023285,0.0005
0.017481422051787376,1.0,12709,447087,4.817691802978516,446986,-6.97152946,35,18.18,23916,0.26367807388305664,0.22415980696678162,0.0005
0.01755308173596859,1.0,12711,447166,4.349268436431885,447065,-7.010932319999999,35,18.23,23920,0.059121936559677124,0.39956963062286377,0.0005
0.017162194475531578,1.0,12713,447233,4.366946220397949,447132,-6.876565260000001,35,18.02,23924,0.12632742524147034,-0.8355939388275146,0.0005
0.0166372861713171,1.0,12714,447300,4.4823198318481445,447199,-6.83163453,35,17.95,23928,0.0698787271976471,-0.7280880808830261,0.0005
0.016674313694238663,1.0,12716,447373,4.693936347961426,447272,-6.918688340000001,35,18.07,23932,0.13375574350357056,0.2982058525085449,0.0005
0.01699144020676613,1.0,12718,447439,4.768128395080566,447338,-6.9170500100000005,35,18.06,23936,1.0994348526000977,0.29827094078063965,0.0005
0.0170589666813612,1.0,12720,447508,5.341216087341309,447407,-6.86997045,35,18.0,23940,0.17037242650985718,0.273609459400177,0.0005
0.017315102741122246,1.0,12722,447583,4.861284255981445,447482,-6.918361169999998,35,18.09,23944,0.4313727021217346,0.3329525887966156,0.0005
0.017946306616067886,1.0,12724,447663,4.18098258972168,447562,-7.0052172100000005,35,18.23,23948,0.1554563343524933,-0.3275226950645447,0.0005
0.018009623512625694,1.0,12726,447736,4.408548355102539,447635,-7.0529653099999985,35,18.31,23952,0.5456116795539856,-0.4917992055416107,0.0005
0.01821644976735115,1.0,12728,447809,4.950052261352539,447708,-7.057569030000001,35,18.32,23956,0.35233646631240845,-0.0309533029794693,0.0005
0.01851699873805046,1.0,12730,447888,5.51447868347168,447787,-7.094899369999999,35,18.36,23960,0.19908183813095093,-0.13278158009052277,0.0005
0.018304411321878433,1.0,12732,447966,4.2279510498046875,447865,-7.087005999999999,35,18.34,23964,0.6772376894950867,0.0030786097049713135,0.0005
0.018213262781500816,1.0,12733,448039,4.5108323097229,447938,-7.130768739999999,35,18.4,23968,0.3822539448738098,0.02088889479637146,0.0005
0.018046002835035324,1.0,12735,448105,4.495611190795898,448004,-7.08558172,35,18.33,23972,0.6115007996559143,-0.6748733520507812,0.0005
0.017573675140738487,1.0,12737,448180,4.178320407867432,448079,-7.090745469999998,35,18.35,23976,0.7398687601089478,0.01726415753364563,0.0005
0.01784014143049717,1.0,12739,448253,4.957054138183594,448152,-7.088770190000002,35,18.34,23980,0.041693974286317825,0.1968003809452057,0.0005
0.018144521862268448,1.0,12741,448325,4.15254020690918,448224,-7.12825735,35,18.39,23984,0.401168555021286,0.2788041830062866,0.0005
0.018598755821585655,1.0,12743,448399,4.243876934051514,448298,-7.132640670000001,35,18.4,23988,1.802690029144287,-0.17114201188087463,0.0005
0.01879577338695526,1.0,12744,448464,4.772363185882568,448363,-7.074759969999999,35,18.29,23992,0.1921674907207489,0.3442496657371521,0.0005
0.018689032644033432,1.0,12746,448530,4.629212379455566,448429,-6.98721931,35,18.16,23996,0.5053994059562683,-0.04471521079540253,0.0005
0.018899792805314064,1.0,12748,448618,4.157486438751221,448517,-7.077654070000001,35,18.3,24000,0.07528707385063171,-0.6263877153396606,0.0005
0.018913207575678825,1.0,12750,448690,4.522212028503418,448589,-7.07453414,35,18.29,24004,0.31297066807746887,0.8475890159606934,0.0005
0.019162548705935478,1.0,12752,448756,4.560898303985596,448655,-7.07416337,35,18.29,24008,0.12339460849761963,-0.4634995758533478,0.0005
0.01895844377577305,1.0,12754,448829,5.045997142791748,448728,-6.983320150000001,35,18.16,24012,0.13889406621456146,0.07588726282119751,0.0005
0.019004834815859795,1.0,12755,448902,4.486816883087158,448801,-6.9796908900000005,35,18.15,24016,0.24510344862937927,0.1882333755493164,0.0005
0.0188092440366745,1.0,12757,448982,4.213129043579102,448881,-6.984804930000001,35,18.16,24020,0.2594064176082611,-0.8248693943023682,0.0005
0.018576977774500847,1.0,12759,449049,4.148933410644531,448948,-6.9814776499999995,35,18.16,24024,0.059374138712882996,-0.355683833360672,0.0005
0.018693262711167336,1.0,12761,449122,4.311468601226807,449021,-7.0271198,35,18.22,24028,0.6020161509513855,-0.8619105219841003,0.0005
0.01868147775530815,1.0,12762,449188,4.919613838195801,449087,-6.98100268,35,18.15,24032,0.10820188373327255,0.23072627186775208,0.0005
0.018624212592840195,1.0,12764,449260,4.2941460609436035,449159,-7.024103739999998,35,18.21,24036,0.14794105291366577,0.4394964873790741,0.0005
0.018959464505314827,1.0,12766,449328,4.542076110839844,449227,-7.02351937,35,18.2,24040,0.13243567943572998,1.0408285856246948,0.0005
0.01920415088534355,1.0,12768,449401,4.835079193115234,449300,-7.0190437900000004,35,18.18,24044,0.2960239052772522,0.18682387471199036,0.0005
0.01974635012447834,1.0,12769,449468,4.598875045776367,449367,-6.934740360000001,35,18.05,24048,1.145169973373413,0.778672456741333,0.0005
0.01965010166168213,1.0,12771,449542,4.681075096130371,449441,-6.938561580000001,35,18.06,24052,1.6796278953552246,-0.2516990900039673,0.0005
0.019769441336393356,1.0,12773,449615,4.82879638671875,449514,-6.935517620000001,35,18.06,24056,0.12777447700500488,-0.07659363746643066,0.0005
0.019729945808649063,1.0,12775,449689,4.776148319244385,449588,-6.89373869,35,18.01,24060,0.6776444911956787,-1.0864503383636475,0.0005
0.019385986030101776,1.0,12777,449749,4.064774036407471,449648,-6.765362250000002,35,17.83,24064,0.5116773843765259,-0.8284772038459778,0.0005
0.018707463517785072,0.99,12779,449823,4.698757648468018,449722,-6.975024740000002,35,17.84,24068,0.28937387466430664,-0.463043212890625,0.0005
0.018262449651956558,0.99,12780,449896,4.711755275726318,449795,-7.02035318,35,17.91,24072,0.6164816617965698,-0.7937317490577698,0.0005
0.017748402431607246,0.99,12782,449966,4.872380256652832,449865,-6.98006831,35,17.86,24076,0.13391177356243134,0.1365146040916443,0.0005
0.017305228859186172,0.99,12799,450027,4.8001203536987305,449926,-6.894454950000002,35,17.74,24080,0.26739761233329773,-0.016942128539085388,0.0005
0.01723254658281803,0.99,12801,450093,5.044619560241699,449992,-6.848861260000001,35,17.68,24084,0.14916196465492249,-0.18708579242229462,0.0005
0.01719415746629238,0.99,12803,450160,4.434787273406982,450059,-6.80487978,35,17.61,24088,1.0982534885406494,0.08100734651088715,0.0005
0.01722916029393673,0.99,12805,450248,4.565036773681641,450147,-6.947285879999999,35,17.84,24092,0.11749321967363358,0.37188202142715454,0.0005
0.0176056157797575,0.99,12807,450315,4.2885284423828125,450214,-6.9503268500000015,35,17.85,24096,0.44495245814323425,0.4603751003742218,0.0005
0.017715832218527794,0.99,12809,450398,4.571951389312744,450297,-6.9067286999999995,35,17.8,24100,0.6012097597122192,-1.1873427629470825,0.0005
0.017353206872940063,0.99,12810,450463,4.411572456359863,450362,-6.8630897299999996,35,17.73,24104,0.5126882195472717,-0.5575624704360962,0.0005
0.01712949015200138,0.99,12812,450530,4.287379264831543,450429,-6.866316289999999,35,17.74,24108,0.05002397671341896,0.42382389307022095,0.0005
0.017180249094963074,0.99,12814,450597,4.63876485824585,450496,-6.825027169999999,35,17.68,24112,0.49748748540878296,1.0471296310424805,0.0005
0.017336566001176834,0.99,12816,450677,4.453218936920166,450576,-6.87179719,35,17.75,24116,0.16793732345104218,0.3140164017677307,0.0005
0.01741805113852024,0.99,12818,450759,4.378870010375977,450658,-6.878381070000001,35,17.77,24120,0.3980720639228821,0.3412811756134033,0.0005
0.017276454716920853,0.99,12820,450838,4.377440929412842,450737,-6.96765497,35,17.89,24124,0.08159656822681427,-0.663601279258728,0.0005
0.017049258574843407,0.99,12822,450912,4.795861721038818,450811,-6.966774190000001,35,17.9,24128,0.7666341066360474,0.19144029915332794,0.0005
0.017278531566262245,0.99,12823,450979,4.314242362976074,450878,-6.969634620000002,35,17.91,24132,0.19128933548927307,1.0756330490112305,0.0005
0.018016358837485313,0.99,12826,451059,4.272342681884766,450958,-7.016021910000001,35,17.99,24136,0.5170937180519104,-0.9899356365203857,0.0005
0.018030770123004913,0.99,12828,451133,4.312165260314941,451032,-7.05723237,35,18.05,24140,0.07058364897966385,-0.5718915462493896,0.0005
0.017940718680620193,0.99,12829,451207,4.401770114898682,451106,-7.05777754,35,18.06,24144,0.13531750440597534,-0.1789836883544922,0.0005
0.01852516271173954,0.99,12832,451295,4.713940620422363,451194,-7.19704013,35,18.27,24148,1.0688947439193726,0.5523245334625244,0.0005
0.018682066351175308,0.99,12834,451376,4.572383880615234,451275,-7.2421282,35,18.34,24152,0.23287105560302734,-0.1467166543006897,0.0005
0.018560349941253662,0.99,12835,451449,4.411563873291016,451348,-7.24460366,35,18.34,24156,0.9586719274520874,-1.2160916328430176,0.0005
0.01819566823542118,0.99,12838,451529,4.650108337402344,451428,-7.2908037000000006,35,18.4,24160,0.6470728516578674,-0.4612421989440918,0.0005
0.01804414577782154,0.99,12840,451610,4.511166572570801,451509,-7.427750680000002,35,18.61,24164,0.11376897990703583,0.6470738649368286,0.0005
0.01837543025612831,1.0,12842,451684,4.598254680633545,451583,-7.218749140000001,35,18.61,24168,0.2056588977575302,0.6429070234298706,0.0005
0.01878822036087513,1.0,12844,451758,4.849277973175049,451657,-7.22057101,35,18.62,24172,0.3207363188266754,0.7641937136650085,0.0005
0.01846482791006565,0.99,12845,451825,4.14955997467041,451724,-7.42478103,35,18.59,24176,1.7298531532287598,-0.03768506646156311,0.0005
0.01856868341565132,0.99,12847,451893,4.932846546173096,451792,-7.46706581,35,18.66,24180,0.21278944611549377,0.8199154138565063,0.0005
0.019259847700595856,0.99,12849,451975,4.725470542907715,451874,-7.5665698500000005,35,18.82,24184,0.8647065162658691,-0.8243615627288818,0.0005
0.019628752022981644,0.99,12851,452048,4.8899006843566895,451947,-7.609506,35,18.88,24188,0.591128408908844,0.039883218705654144,0.0005
0.019712548702955246,0.99,12853,452115,4.605415344238281,452014,-7.47282929,35,18.67,24192,0.06799489259719849,-0.5421316027641296,0.0005
0.0193334873765707,0.99,12855,452189,4.7283782958984375,452088,-7.520751699999998,35,18.74,24196,0.5550414323806763,0.2492164671421051,0.0005
0.019059963524341583,0.99,12857,452271,4.812225818634033,452170,-7.522293210000002,35,18.73,24200,0.5169344544410706,-0.3859519362449646,0.0005
0.018894776701927185,0.99,12858,452332,5.1087727546691895,452231,-7.479228310000001,35,18.69,24204,0.27185437083244324,0.09338286519050598,0.0005
0.018736762925982475,0.99,12860,452407,4.542543411254883,452306,-7.526016890000001,35,18.77,24208,1.025266170501709,0.0185239315032959,0.0005
0.018441978842020035,0.99,12862,452483,4.367859840393066,452382,-7.575357170000001,35,18.86,24212,0.06639207899570465,0.5966352224349976,0.0005
0.018438294529914856,0.99,12864,452544,4.731111526489258,452443,-7.44354264,35,18.67,24216,0.24934768676757812,-0.7649099826812744,0.0005
0.018125541508197784,0.99,12866,452616,4.306385517120361,452515,-7.387991530000002,35,18.57,24220,0.326860249042511,-1.1741912364959717,0.0005
0.017580464482307434,0.99,12868,452689,4.084993362426758,452588,-7.346021019999999,35,18.51,24224,1.1936233043670654,-0.4068801999092102,0.0005
0.017252366989850998,0.99,12870,452769,4.06623649597168,452668,-7.39230306,35,18.57,24228,0.09176237881183624,0.26396799087524414,0.0005
0.017385225743055344,0.99,12872,452837,4.352052211761475,452736,-7.396774809999999,35,18.58,24232,0.28123921155929565,0.41012293100357056,0.0005
0.017376696690917015,0.99,12873,452903,4.511908054351807,452802,-7.3052649,35,18.44,24236,0.3149647116661072,-1.131838321685791,0.0005
0.01723307929933071,0.99,12875,452976,5.363023281097412,452875,-7.307426700000001,35,18.43,24240,0.17022305727005005,0.4209199547767639,0.0005
0.017001068219542503,0.99,12876,453042,4.426394462585449,452941,-7.26139939,35,18.35,24244,0.07825793325901031,-0.37570157647132874,0.0005
0.01669430546462536,0.99,12878,453109,4.604348182678223,453008,-7.12075381,35,18.14,24248,0.190862774848938,-0.6164669990539551,0.0005
0.016467569395899773,0.99,12879,453190,4.680567741394043,453089,-7.12273645,35,18.14,24252,0.2652110159397125,0.8457820415496826,0.0005
0.01677168533205986,0.99,12881,453263,4.230142116546631,453162,-7.123974329999999,35,18.14,24256,0.1540631204843521,0.9433469176292419,0.0005
0.017325153574347496,0.99,12883,453337,4.732098579406738,453236,-7.077636749999998,35,18.08,24260,0.07907620817422867,0.5119531750679016,0.0005
0.01771734468638897,0.99,12885,453425,4.591062545776367,453324,-7.122368809999999,35,18.15,24264,0.30492573976516724,0.6270373463630676,0.0005
0.01816411130130291,0.99,12886,453493,4.201441764831543,453392,-7.081050180000001,35,18.09,24268,0.9250836372375488,1.1051900386810303,0.0005
0.018587255850434303,0.98,12888,453570,4.644050598144531,453469,-7.258092180000001,35,18.12,24272,1.3150287866592407,0.5894964337348938,0.0005
0.018449358642101288,0.99,12890,453651,4.415323257446289,453550,-7.138686410000002,35,18.26,24276,0.20081692934036255,0.048616766929626465,0.0005
0.018460245802998543,0.99,12892,453718,4.909541130065918,453617,-7.137714730000002,35,18.25,24280,0.1403147280216217,0.7563176155090332,0.0005
0.019057320430874825,0.99,12894,453798,4.4225921630859375,453697,-7.131241970000001,35,18.23,24284,0.15704618394374847,0.5003573298454285,0.0005
0.019129235297441483,0.99,12895,453871,4.810892105102539,453770,-7.1289491300000005,35,18.23,24288,0.4575437903404236,0.21516837179660797,0.0005
0.018701590597629547,0.99,12897,453939,4.186058521270752,453838,-7.129545039999999,35,18.24,24292,0.5722974538803101,-0.5631943941116333,0.0005
0.017917534336447716,0.99,12899,454012,4.608081817626953,453911,-7.125610089999999,35,18.23,24296,1.2536684274673462,0.29404839873313904,0.0005
0.017429666593670845,0.99,12900,454093,4.441460132598877,453992,-7.122790550000001,35,18.22,24300,0.5288233757019043,-0.13363862037658691,0.0005
0.017774945124983788,0.99,12902,454166,4.8713531494140625,454065,-7.2115839600000005,35,18.34,24304,0.3881203830242157,0.4618024230003357,0.0005
0.017996832728385925,0.99,12904,454233,4.784128189086914,454132,-7.164705370000002,35,18.26,24308,0.16138939559459686,1.0066232681274414,0.0005
0.017751457169651985,0.99,12905,454293,4.605152130126953,454192,-7.06947237,35,18.1,24312,1.0782102346420288,0.19499358534812927,0.0005
0.017734654247760773,0.99,12907,454360,4.5684638023376465,454259,-7.11367595,35,18.16,24316,0.5810873508453369,0.4927220344543457,0.0005
0.017974337562918663,0.99,12909,454433,5.031066417694092,454332,-7.117143790000001,35,18.17,24320,0.15070408582687378,-0.35527774691581726,0.0005
0.017779285088181496,0.99,12910,454493,5.3937835693359375,454392,-7.02388867,35,18.04,24324,0.20227545499801636,0.9901162385940552,0.0005
0.017883451655507088,0.99,12912,454566,4.437929153442383,454465,-6.97510372,35,17.97,24328,0.584378719329834,-0.6347663402557373,0.0005
0.01752556674182415,0.99,12914,454633,4.617006778717041,454532,-6.9716373,35,17.96,24332,0.13745257258415222,-0.5819644927978516,0.0005
0.017507458105683327,0.99,12916,454706,3.979464530944824,454605,-7.018595369999999,35,18.03,24336,0.09072887152433395,0.17824050784111023,0.0005
0.017924131825566292,0.99,12917,454779,4.297203063964844,454678,-7.018478299999999,35,18.03,24340,0.026603786274790764,-0.36845946311950684,0.0005
0.01777389459311962,0.99,12919,454867,4.131736755371094,454766,-7.160976920000001,35,18.25,24344,0.1746860146522522,-0.9630361795425415,0.0005
0.017825771123170853,0.99,12921,454941,4.557663917541504,454840,-7.206952799999999,35,18.32,24348,1.6390750408172607,0.05066502094268799,0.0005
0.018862681463360786,0.98,12923,455023,4.014660835266113,454922,-7.380262079999999,35,18.33,24352,0.1576715111732483,0.6310954093933105,0.0005
0.019195128232240677,0.98,12925,455096,4.299901008605957,454995,-7.377359949999999,35,18.33,24356,0.34265220165252686,-0.14479508996009827,0.0005
0.01950645074248314,0.98,12926,455175,4.62713623046875,455074,-7.41608329,35,18.38,24360,0.20392733812332153,0.18308132886886597,0.0005
0.019669033586978912,0.98,12928,455255,4.56363582611084,455154,-7.369173760000001,35,18.3,24364,0.16432861983776093,-0.8755745887756348,0.0005
0.01906147226691246,0.98,12930,455336,4.630314826965332,455235,-7.45956014,35,18.43,24368,0.20657864212989807,-0.522678017616272,0.0005
0.01861940510571003,0.99,12932,455417,4.446817874908447,455316,-7.3294935,35,18.47,24372,0.3544501066207886,-1.4436262845993042,0.0005
0.01803860440850258,0.99,12933,455485,4.269144058227539,455384,-7.244798030000001,35,18.34,24376,0.06585192680358887,-0.06422235071659088,0.0005
0.01748235523700714,0.99,12935,455552,4.749138832092285,455451,-7.245610249999999,35,18.34,24380,1.72063410282135,-0.872544527053833,0.0005
0.01737285405397415,0.99,12936,455633,4.627268314361572,455532,-7.251011580000002,35,18.35,24384,0.1753673553466797,0.16387939453125,0.0005
0.017606765031814575,0.99,12938,455699,4.604060173034668,455598,-7.21015313,35,18.28,24388,0.5449721217155457,0.8712729811668396,0.0005
0.01819363795220852,0.99,12940,455778,4.471574783325195,455677,-7.292658939999999,35,18.39,24392,0.4839288592338562,0.1952669620513916,0.0005
0.018370531499385834,0.99,12942,455852,4.449276924133301,455751,-7.291468579999999,35,18.4,24396,0.439145028591156,-0.12967327237129211,0.0005
0.0185075756162405,0.99,12944,455919,5.300687313079834,455818,-7.198234020000001,35,18.26,24400,0.18367572128772736,-0.22996702790260315,0.0005
0.018250489607453346,0.99,12946,455999,4.938444137573242,455898,-7.2445486599999995,35,18.33,24404,0.9970157742500305,0.740972101688385,0.0005
0.018136002123355865,0.99,12948,456072,4.583264350891113,455971,-7.28845209,35,18.39,24408,0.3558240532875061,0.22879603505134583,0.0005
0.018061334267258644,0.99,12949,456140,4.1471052169799805,456039,-7.3362910900000005,35,18.47,24412,0.33324575424194336,-0.021656252443790436,0.0005
0.017956826835870743,0.99,12951,456200,5.291855812072754,456099,-7.29038167,35,18.4,24416,0.1896117925643921,-0.033953845500946045,0.0005
0.01813831925392151,0.99,12953,456280,4.998665809631348,456179,-7.336440209999999,35,18.47,24420,0.1661684513092041,1.0270696878433228,0.0005
0.018311088904738426,0.99,12954,456346,4.988847732543945,456245,-7.380657930000001,35,18.53,24424,0.11368471384048462,1.1743786334991455,0.0005
0.01862412318587303,0.99,12956,456429,4.852377891540527,456328,-7.435319679999999,35,18.63,24428,0.1434439718723297,0.9205948114395142,0.0005
0.018764538690447807,0.99,12958,456496,4.536622047424316,456395,-7.433282879999999,35,18.63,24432,0.1434904932975769,-0.5733807682991028,0.0005
0.01851034350693226,0.99,12960,456569,4.7386579513549805,456468,-7.433943689999999,35,18.63,24436,0.0948680192232132,-0.30339330434799194,0.0005
0.018935391679406166,0.99,12962,456658,4.9193501472473145,456557,-7.528917679999998,35,18.79,24440,0.89678955078125,0.17390486598014832,0.0005
0.018763622269034386,0.99,12964,456725,4.493224143981934,456624,-7.39090796,35,18.58,24444,1.0399456024169922,0.8614677786827087,0.0005
0.018441706895828247,0.99,12966,456804,4.281355857849121,456703,-7.431779069999999,35,18.63,24448,0.09123897552490234,0.08318748325109482,0.0005
0.018360614776611328,1.0,12968,456892,5.144439220428467,456791,-7.299844620000001,35,18.69,24452,0.2377326786518097,0.9334551692008972,0.0005
0.018688196316361427,1.0,12970,456952,4.942742824554443,456851,-7.20994244,35,18.56,24456,0.051864445209503174,0.43191438913345337,0.0005
0.018959971144795418,1.0,12972,457032,4.177024841308594,456931,-7.215992089999999,35,18.57,24460,0.33542752265930176,0.03360912203788757,0.0005
0.018576424568891525,1.0,12974,457112,4.900620937347412,457011,-7.21661383,35,18.57,24464,0.26603418588638306,0.1691148430109024,0.0005
0.01859324425458908,1.0,12976,457186,4.840185165405273,457085,-7.169966990000001,35,18.5,24468,2.0591349601745605,-0.25794437527656555,0.0005
0.018425099551677704,1.0,12978,457266,5.100546836853027,457165,-7.16596938,35,18.49,24472,0.21936866641044617,0.923448920249939,0.0005
0.018734142184257507,1.0,12980,457339,4.683073997497559,457238,-7.1988643,35,18.54,24476,0.05738941580057144,0.08250884711742401,0.0005
0.018982814624905586,1.0,12982,457411,4.4449968338012695,457310,-7.24007643,35,18.59,24480,0.5026796460151672,0.3434131145477295,0.0005
0.019221516326069832,1.0,12983,457479,4.5338640213012695,457378,-7.1488536499999995,35,18.46,24484,0.0808216854929924,-0.3679158389568329,0.0005
0.019322777166962624,1.0,12985,457559,4.427884101867676,457458,-7.23768,35,18.6,24488,3.1051039695739746,-0.4650493264198303,0.0005
0.01911764405667782,1.0,12987,457633,4.497491836547852,457532,-7.197899960000001,35,18.55,24492,0.17413759231567383,-0.37165796756744385,0.0005
0.018668441101908684,1.0,12989,457708,4.794900894165039,457607,-7.202674870000001,35,18.56,24496,0.9898999929428101,-0.15610605478286743,0.0005
0.01862461492419243,1.0,12991,457783,4.3909759521484375,457682,-7.2501910999999994,35,18.64,24500,0.996900200843811,-0.6525002121925354,0.0005
0.018186144530773163,1.0,12993,457862,4.348034858703613,457761,-7.24598389,35,18.63,24504,0.33536219596862793,-0.9020849466323853,0.0005
0.018161263316869736,1.0,12995,457950,4.503534317016602,457849,-7.338290159999999,35,18.78,24508,0.2529301941394806,-0.08778093755245209,0.0005
0.01822814531624317,1.0,12997,458018,4.6717963218688965,457917,-7.336913400000001,35,18.78,24512,0.10708162188529968,0.3856789767742157,0.0005
0.018449174240231514,1.0,12999,458092,4.824132919311523,457991,-7.4266140599999995,35,18.92,24516,0.07741478085517883,0.3854824900627136,0.0005
0.018929528072476387,1.0,13001,458159,4.94123649597168,458058,-7.333344790000001,35,18.79,24520,0.2706455588340759,0.9268109798431396,0.0005
0.01879797875881195,1.0,13003,458232,5.00009822845459,458131,-7.3760965899999995,35,18.86,24524,0.776091456413269,-0.009293943643569946,0.0005
0.018308034166693687,1.0,13005,458314,4.64859676361084,458213,-7.373392210000002,35,18.85,24528,0.7885897159576416,0.23934578895568848,0.0005
0.017843518406152725,1.0,13007,458395,4.333089828491211,458294,-7.4657817899999985,35,18.99,24532,0.5306643843650818,-0.640069842338562,0.0005
0.017276093363761902,1.0,13009,458469,4.800262451171875,458368,-7.468717549999997,35,19.0,24536,0.3551102876663208,-0.15911513566970825,0.0005
0.01714141294360161,1.0,13011,458529,4.390693187713623,458428,-7.284354109999999,35,18.71,24540,0.21960695087909698,-0.8165867924690247,0.0005
0.01740328222513199,1.0,13012,458602,4.5404276847839355,458501,-7.3271355400000004,35,18.77,24544,0.17887580394744873,0.7075211405754089,0.0005
0.01768800988793373,1.0,13014,458674,4.325008392333984,458573,-7.27868549,35,18.7,24548,0.3241369128227234,-0.05079201981425285,0.0005
0.01766655035316944,1.0,13016,458741,4.281387805938721,458640,-7.142638450000001,35,18.49,24552,0.4625045955181122,0.038890451192855835,0.0005
0.01799512468278408,0.99,13018,458825,4.269580841064453,458724,-7.52951052,35,18.73,24556,1.4236572980880737,0.1734846532344818,0.0005
0.018328003585338593,0.99,13020,458900,4.597452640533447,458799,-7.48848243,35,18.68,24560,0.3322876989841461,1.1519745588302612,0.0005
0.018722660839557648,0.99,13022,458973,4.493196487426758,458872,-7.44275616,35,18.61,24564,0.8605126738548279,0.15892571210861206,0.0005
0.01877579838037491,0.99,13024,459054,4.080883979797363,458953,-7.48980121,35,18.68,24568,0.18427050113677979,-0.23609204590320587,0.0005
0.018641235306859016,0.99,13026,459129,4.480673313140869,459028,-7.448561109999998,35,18.63,24572,0.32644736766815186,-0.15021418035030365,0.0005
0.01864967681467533,0.99,13028,459203,4.715343952178955,459102,-7.45395194,35,18.64,24576,0.11760085821151733,0.29279905557632446,0.0005
0.018482208251953125,0.99,13030,459282,4.421590805053711,459181,-7.49774092,35,18.71,24580,0.3362252116203308,-0.26706546545028687,0.0005
0.01849106326699257,0.99,13032,459367,4.716123104095459,459266,-7.62198753,35,18.88,24584,0.12606561183929443,0.7689506411552429,0.0005
0.018687693402171135,0.99,13034,459447,4.406672477722168,459346,-7.619754839999998,35,18.88,24588,0.17946642637252808,-0.25303906202316284,0.0005
0.01856265962123871,0.99,13036,459508,4.470303535461426,459407,-7.5284020499999995,35,18.75,24592,0.859908401966095,0.25892579555511475,0.0005
0.018757162615656853,0.99,13037,459576,4.850925922393799,459475,-7.4809499200000005,35,18.68,24596,0.21119855344295502,1.1387369632720947,0.0005
0.019336601719260216,0.99,13039,459649,5.0919976234436035,459548,-7.47590586,35,18.66,24600,0.27811503410339355,1.5196152925491333,0.0005
0.019653653725981712,0.99,13041,459717,4.223697662353516,459616,-7.390460299999997,35,18.55,24604,0.9475059509277344,-1.012238621711731,0.0005
0.019222963601350784,0.99,13043,459784,4.520904064178467,459683,-7.253672669999999,35,18.34,24608,0.08663487434387207,-0.17736154794692993,0.0005
0.01939784549176693,0.99,13044,459858,4.525533199310303,459757,-7.2956540400000005,35,18.4,24612,0.36807820200920105,0.31282222270965576,0.0005
0.019112074747681618,0.99,13046,459938,4.557076454162598,459837,-7.342665,35,18.46,24616,0.4433439373970032,0.20764213800430298,0.0005
0.018909383565187454,0.99,13063,460020,4.3786821365356445,459919,-7.439196240000001,35,18.61,24620,0.06332537531852722,-0.05666065216064453,0.0005
0.01931898109614849,0.99,13065,460094,4.153712272644043,459993,-7.444182999999999,35,18.62,24624,0.12499786168336868,-1.3741806745529175,0.0005
0.019015051424503326,0.99,13067,460167,5.109893798828125,460066,-7.39377046,35,18.53,24628,0.24849694967269897,0.03848515450954437,0.0005
0.018803272396326065,0.99,13068,460243,4.296372890472412,460142,-7.35358207,35,18.48,24632,0.14901486039161682,-0.9843941926956177,0.0005
0.01856045611202717,0.99,13070,460317,5.447810173034668,460216,-7.35813279,35,18.48,24636,0.33028024435043335,-0.18406373262405396,0.0005
0.019102374091744423,0.99,13072,460392,4.499847412109375,460291,-7.45170387,35,18.63,24640,0.06359042227268219,0.11886709928512573,0.0005
0.019309159368276596,0.99,13074,460466,4.638685703277588,460365,-7.45380224,35,18.64,24644,0.835854172706604,0.6098463535308838,0.0005
0.018874583765864372,0.99,13076,460546,4.4292120933532715,460445,-7.504609540000001,35,18.72,24648,0.15027126669883728,-0.6498168706893921,0.0005
0.018342776224017143,0.99,13078,460614,3.98336124420166,460513,-7.505716930000001,35,18.73,24652,0.06171165779232979,-0.1784292459487915,0.0005
0.01804785244166851,1.0,13080,460688,4.8056721687316895,460587,-7.213334460000001,35,18.63,24656,0.055723752826452255,-0.08584452420473099,0.0005
0.017899174243211746,1.0,13082,460761,4.650745868682861,460660,-7.205079799999998,35,18.61,24660,0.28851088881492615,-0.05140596628189087,0.0005
0.017859045416116714,0.99,13084,460844,4.472357749938965,460743,-7.432858640000001,35,18.71,24664,0.42360326647758484,-0.13961172103881836,0.0005
0.01813049428164959,0.99,13085,460917,4.378074645996094,460816,-7.382540639999998,35,18.63,24668,0.20640014111995697,-0.4131753742694855,0.0005
0.018181702122092247,0.99,13087,460999,4.657209396362305,460898,-7.430675659999999,35,18.7,24672,0.6255660653114319,0.11231687664985657,0.0005
0.018123812973499298,0.99,13089,461074,4.318728923797607,460973,-7.43114336,35,18.71,24676,0.04907820373773575,-0.3903542757034302,0.0005
0.0177607461810112,0.99,13091,461153,4.4763288497924805,461052,-7.4321174999999995,35,18.71,24680,0.07639007270336151,-0.5836327075958252,0.0005
0.017701560631394386,0.99,13093,461214,4.4067182540893555,461113,-7.26162957,35,18.47,24684,0.09014219790697098,0.619060218334198,0.0005
0.01783275045454502,0.99,13095,461292,4.680644989013672,461191,-7.2572323899999995,35,18.45,24688,0.4008041024208069,0.7713652849197388,0.0005
0.017255296930670738,0.99,13097,461373,4.495449066162109,461272,-7.39417512,35,18.65,24692,0.11141182482242584,-0.4225187301635742,0.0005
0.017156703397631645,0.99,13099,461447,4.659450054168701,461346,-7.44005503,35,18.71,24696,0.9843853712081909,0.06078264117240906,0.0005
0.016977574676275253,0.99,13100,461521,4.333921432495117,461420,-7.44563439,35,18.72,24700,0.15725111961364746,-0.35289081931114197,0.0005
0.01732669025659561,0.99,13102,461593,4.502956867218018,461492,-7.484964409999999,35,18.76,24704,1.3097063302993774,-0.4093294143676758,0.0005
0.01745068095624447,0.99,13104,461673,4.784801483154297,461572,-7.5762265300000005,35,18.89,24708,0.20045775175094604,0.3565690219402313,0.0005
0.017372556030750275,0.99,13106,461744,4.1179046630859375,461643,-7.570142149999999,35,18.86,24712,0.2429569661617279,0.6724474430084229,0.0005
0.01715826615691185,0.99,13108,461811,4.674369812011719,461710,-7.477891379999999,35,18.73,24716,0.1418921798467636,-0.6976513862609863,0.0005
0.017486615106463432,0.99,13110,461892,4.273332595825195,461791,-7.47539778,35,18.72,24720,0.04635854810476303,0.4059419631958008,0.0005
0.01792653277516365,0.99,13111,461959,4.964865684509277,461858,-7.432056820000001,35,18.65,24724,2.0601229667663574,-0.37615376710891724,0.0005
0.0177458543330431,0.99,13113,462026,4.294573783874512,461925,-7.3902239,35,18.59,24728,0.33837878704071045,-0.15652060508728027,0.0005
0.017521705478429794,0.99,13114,462093,4.449398517608643,461992,-7.338952100000001,35,18.5,24732,0.35729020833969116,-0.4818033277988434,0.0005
0.01761912740767002,0.99,13116,462174,4.560986518859863,462073,-7.381350180000001,35,18.57,24736,0.0638401210308075,1.1991724967956543,0.0005
0.017980920150876045,0.99,13118,462250,5.146641254425049,462149,-7.38474751,35,18.58,24740,0.11741521954536438,0.6296910047531128,0.0005
0.01837172918021679,0.99,13120,462317,4.421667098999023,462216,-7.3409463299999995,35,18.51,24744,0.030810587108135223,0.0750727653503418,0.0005
0.018381381407380104,0.99,13121,462377,4.8979291915893555,462276,-7.2093023800000005,35,18.31,24748,0.5105876326560974,-0.11223585903644562,0.0005
0.018132474273443222,0.99,13123,462450,4.448511123657227,462349,-7.254548230000001,35,18.36,24752,0.1352519989013672,0.2353515625,0.0005
0.01803959347307682,0.99,13125,462537,4.25717830657959,462436,-7.34318576,35,18.49,24756,0.02576933056116104,-1.2436518669128418,0.0005
0.01751035451889038,0.99,13127,462611,4.709546089172363,462510,-7.34878568,35,18.5,24760,0.06587924808263779,0.15802037715911865,0.0005
0.017348887398838997,1.0,13128,462685,5.066018104553223,462584,-7.123556710000002,35,18.41,24764,0.1949053704738617,0.18555010855197906,0.0005
0.017605330795049667,1.0,13130,462760,4.495457649230957,462659,-7.130886680000001,35,18.43,24768,1.529283046722412,0.5146236419677734,0.0005
0.018061257898807526,1.0,13132,462835,4.4973225593566895,462734,-7.086091969999999,35,18.36,24772,0.2904406785964966,0.8230433464050293,0.0005
0.017824597656726837,1.0,13134,462910,5.06243896484375,462809,-7.087675099999999,35,18.36,24776,1.2286052703857422,-0.37124884128570557,0.0005
0.017784973606467247,1.0,13135,462977,4.30715799331665,462876,-7.000457080000001,35,18.24,24780,1.034101963043213,2.061633586883545,0.0005
0.018301120027899742,1.0,13137,463057,4.794000625610352,462956,-7.133859060000001,35,18.43,24784,0.7484229207038879,-1.0477486848831177,0.0005
0.018240369856357574,1.0,13139,463132,5.08497428894043,463031,-7.100073,35,18.4,24788,0.2676767408847809,0.8626482486724854,0.0005
0.018402595072984695,1.0,13140,463210,4.712915420532227,463109,-7.09185201,35,18.37,24792,0.3481929302215576,0.5816460847854614,0.0005
0.018704377114772797,1.0,13142,463277,4.451987266540527,463176,-7.045228150000001,35,18.3,24796,0.5402411222457886,0.4081811010837555,0.0005
0.01869850978255272,1.0,13144,463344,4.5237956047058105,463243,-6.996711090000002,35,18.23,24800,1.5311092138290405,-0.14414262771606445,0.0005
0.018654614686965942,1.0,13146,463420,4.68403434753418,463319,-7.00716451,35,18.27,24804,0.6032682657241821,0.355282187461853,0.0005
0.01852671056985855,1.0,13147,463494,4.7620697021484375,463393,-6.962349359999999,35,18.21,24808,0.2866351902484894,0.3867836892604828,0.0005
0.01849350519478321,1.0,13149,463573,4.604170799255371,463472,-7.01287983,35,18.29,24812,1.090859293937683,-0.34202736616134644,0.0005
0.01846267841756344,1.0,13151,463645,4.489224910736084,463544,-7.056433330000001,35,18.34,24816,0.1012292355298996,0.3631746768951416,0.0005
0.018396683037281036,1.0,13153,463722,4.891183853149414,463621,-7.01313794,35,18.3,24820,0.6018624305725098,0.5037450790405273,0.0005
0.01886916719377041,1.0,13154,463795,5.0313873291015625,463694,-7.053948760000001,35,18.36,24824,0.09510894119739532,0.38960662484169006,0.0005
0.019000278785824776,1.0,13156,463870,4.802547454833984,463769,-7.0997567900000025,35,18.44,24828,0.36809128522872925,0.3297705352306366,0.0005
0.018925093114376068,1.0,13158,463944,4.361806869506836,463843,-7.146766910000001,35,18.51,24832,0.197899729013443,-0.1858721673488617,0.0005
0.018548715859651566,1.0,13160,464018,5.004635810852051,463917,-7.10120706,35,18.44,24836,0.11649118363857269,0.15600353479385376,0.0005
0.019025173038244247,1.0,13162,464100,4.755105972290039,463999,-7.143307319999999,35,18.5,24840,0.1300918310880661,-0.4144613444805145,0.0005
0.019054776057600975,1.0,13163,464167,4.8011956214904785,464066,-7.1407304499999995,35,18.5,24844,0.1510499119758606,0.8600084781646729,0.0005
0.01909572444856167,1.0,13165,464236,4.423291206359863,464135,-7.187215279999999,35,18.59,24848,0.24963301420211792,-0.5138358473777771,0.0005
0.018976252526044846,1.0,13167,464303,4.623144149780273,464202,-7.14246987,35,18.53,24852,0.38936737179756165,0.4863189458847046,0.0005
0.019017580896615982,1.0,13169,464364,4.435327529907227,464263,-6.963096090000001,35,18.27,24856,0.11207117885351181,-0.39047402143478394,0.0005
0.018707405775785446,1.0,13170,464438,4.4587321281433105,464337,-6.962213419999999,35,18.27,24860,0.6710056066513062,0.03731706738471985,0.0005
0.018381433561444283,1.0,13172,464518,4.946853160858154,464417,-7.00376773,35,18.33,24864,0.38524165749549866,0.44951531291007996,0.0005
0.01833241432905197,1.0,13174,464598,4.182955265045166,464497,-7.042792289999999,35,18.38,24868,0.5111059546470642,-0.32681310176849365,0.0005
0.01819799467921257,1.0,13176,464679,4.644142150878906,464578,-7.08563267,35,18.44,24872,0.20172418653964996,0.18976765871047974,0.0005
0.018191562965512276,1.0,13177,464751,4.671287536621094,464650,-7.07788201,35,18.41,24876,0.745685338973999,0.24306268990039825,0.0005
0.017971517518162727,1.0,13179,464824,4.164096832275391,464723,-7.120983079999999,35,18.47,24880,0.09218662977218628,-1.5590248107910156,0.0005
0.017542146146297455,1.0,13181,464890,4.481620788574219,464789,-7.02831353,35,18.33,24884,0.2639502286911011,-0.2115403413772583,0.0005
0.01760612614452839,1.0,13182,464957,4.534361839294434,464856,-6.978763089999998,35,18.25,24888,0.22860388457775116,0.3879688084125519,0.0005
0.017589561641216278,1.0,13184,465030,4.898040771484375,464929,-6.939492919999999,35,18.2,24892,0.04498514160513878,0.4112648367881775,0.0005
0.01775103434920311,1.0,13185,465096,5.089257717132568,464995,-6.938619919999999,35,18.19,24896,0.07338392734527588,-0.28704726696014404,0.0005
0.017958950251340866,1.0,13187,465162,4.417507648468018,465061,-6.936092340000001,35,18.18,24900,0.09437856078147888,0.9051781892776489,0.0005
0.018065504729747772,1.0,13188,465235,4.523747444152832,465134,-6.92783766,35,18.15,24904,0.07392944395542145,-0.42342299222946167,0.0005
0.017695121467113495,1.0,13190,465302,4.301797866821289,465201,-6.88120251,35,18.08,24908,0.12953147292137146,-0.05227528512477875,0.0005
0.017531657591462135,1.0,13192,465382,3.9540929794311523,465281,-6.882626729999999,35,18.09,24912,1.2296310663223267,-0.2639647126197815,0.0005
0.017041992396116257,1.0,13193,465462,4.753948211669922,465361,-6.927748309999999,35,18.17,24916,0.06742262840270996,0.2002241462469101,0.0005
0.017001254484057426,1.0,13195,465542,4.983898639678955,465441,-6.966707670000001,35,18.2,24920,0.48318442702293396,1.3302191495895386,0.0005
0.017281126230955124,1.0,13196,465616,4.528203010559082,465515,-6.970809350000001,35,18.21,24924,0.4022676348686218,-0.20580726861953735,0.0005
0.01720324344933033,1.0,13198,465682,4.456158638000488,465581,-6.921746580000001,35,18.12,24928,0.4209301769733429,-1.4203941822052002,0.0005
0.017233900725841522,1.0,13199,465749,4.3544921875,465648,-6.877474540000001,35,18.05,24932,0.27788564562797546,-0.14733648300170898,0.0005
0.017176905646920204,1.0,13201,465810,4.986747741699219,465709,-6.78603878,35,17.92,24936,1.06223464012146,0.09833431988954544,0.0005
0.01728813350200653,1.0,13202,465884,4.4930572509765625,465783,-6.735054420000001,35,17.84,24940,0.808699905872345,1.6281756162643433,0.0005
0.018041158095002174,1.0,13204,465958,4.672140121459961,465857,-6.778790999999999,35,17.91,24944,0.0396580696105957,-0.6573807597160339,0.0005
0.017690718173980713,1.0,13206,466030,4.443235397338867,465929,-6.81585584,35,17.94,24948,0.2638792097568512,0.1845928430557251,0.0005
0.01760181225836277,1.0,13208,466110,4.515598773956299,466009,-6.905198180000001,35,18.07,24952,0.20295731723308563,0.09271788597106934,0.0005
0.01770654134452343,1.0,13209,466183,4.173564910888672,466082,-6.9918327,35,18.19,24956,0.04313687980175018,0.030554838478565216,0.0005
0.017761804163455963,1.0,13211,466256,4.2496161460876465,466155,-6.988534699999999,35,18.18,24960,0.03707306832075119,-0.8104370832443237,0.0005
0.017879946157336235,1.0,13213,466323,4.445222854614258,466222,-6.8990605500000015,35,18.05,24964,0.15678206086158752,-0.3667033016681671,0.0005
0.017919465899467468,1.0,13214,466390,3.7620930671691895,466289,-6.810559160000001,35,17.92,24968,0.025564435869455338,-0.8184261918067932,0.0005
0.017960509285330772,1.0,13216,466457,4.617863178253174,466356,-6.718899950000001,35,17.78,24972,0.29278069734573364,-0.2987089157104492,0.0005
0.01793185994029045,1.0,13217,466532,4.330852508544922,466431,-6.7252387,35,17.81,24976,1.3894920349121094,0.33779144287109375,0.0005
0.01790030114352703,1.0,13219,466606,4.515936851501465,466505,-6.728180789999999,35,17.82,24980,0.09610415995121002,0.2512267827987671,0.0005
0.017988871783018112,1.0,13221,466680,4.324583530426025,466579,-6.777712869999999,35,17.9,24984,0.137495219707489,-0.05146263539791107,0.0005
0.018089424818754196,1.0,13223,466759,4.856660842895508,466658,-6.8633242999999995,35,18.02,24988,0.12177801877260208,-0.5435807108879089,0.0005
0.01813548430800438,1.0,13225,466826,5.197247505187988,466725,-6.818173269999999,35,17.96,24992,0.2239072620868683,0.06476718187332153,0.0005
0.018946081399917603,1.0,13227,466914,4.901398658752441,466813,-6.95780534,35,18.18,24996,0.11729627847671509,0.01064532995223999,0.0005
0.018617836758494377,1.0,13229,466987,4.822086334228516,466886,-7.0037848,35,18.25,25000,0.3777422308921814,0.3025074601173401,0.0005
0.018375420942902565,1.0,13231,467061,4.444334030151367,466960,-7.0094216099999995,35,18.26,25004,0.4624641239643097,0.18888278305530548,0.0005
0.018247505649924278,1.0,13232,467129,4.411370754241943,467028,-7.013408170000002,35,18.27,25008,1.905838966369629,-0.19861046969890594,0.0005
0.018172672018408775,1.0,13234,467202,4.367422103881836,467101,-6.9640537799999995,35,18.2,25012,0.34844931960105896,-0.3276657462120056,0.0005
0.01798444613814354,1.0,13236,467275,4.087302207946777,467174,-6.920012130000001,35,18.13,25016,0.9811543226242065,-0.3083977699279785,0.0005
0.017966333776712418,1.0,13238,467348,4.227661609649658,467247,-6.873403059999999,35,18.06,25020,0.21127596497535706,-0.19355911016464233,0.0005
0.018124807626008987,1.0,13240,467430,4.58331298828125,467329,-6.919919010000001,35,18.14,25024,0.46047985553741455,0.37301355600357056,0.0005
0.018538901582360268,1.0,13242,467511,4.805484771728516,467410,-7.012476360000001,35,18.29,25028,0.36303621530532837,0.4495609402656555,0.0005
0.018995467573404312,1.0,13244,467584,4.6084136962890625,467483,-7.0553293,35,18.35,25032,0.16013836860656738,0.27532878518104553,0.0005
0.019238999113440514,1.0,13246,467657,4.387855052947998,467556,-7.14353466,35,18.47,25036,0.2530245780944824,-0.43913236260414124,0.0005
0.018886661157011986,1.0,13247,467717,4.22127628326416,467616,-7.054730010000001,35,18.33,25040,0.3681153655052185,-0.7032721042633057,0.0005
0.018357926979660988,1.0,13249,467797,4.693585395812988,467696,-7.102473560000001,35,18.39,25044,0.5095256567001343,-0.09099818766117096,0.0005
0.01782803051173687,1.0,13251,467865,4.457309722900391,467764,-7.0632424600000006,35,18.35,25048,0.35603028535842896,-0.259215384721756,0.0005
0.01746174320578575,1.0,13253,467925,4.606911659240723,467824,-6.9269799999999995,35,18.15,25052,1.3501229286193848,0.4299888610839844,0.0005
0.01754789426922798,1.0,13255,468005,4.48431396484375,467904,-6.9737837800000015,35,18.22,25056,0.3445673882961273,0.4089735746383667,0.0005
0.017468564212322235,1.0,13257,468085,4.936830520629883,467984,-7.022293259999999,35,18.29,25060,0.6735238432884216,0.44420698285102844,0.0005
0.018019741401076317,1.0,13259,468151,4.911377906799316,468050,-7.019294309999999,35,18.28,25064,0.1614883989095688,0.6180770397186279,0.0005
0.01834743842482567,1.0,13261,468225,4.304690361022949,468124,-7.06457366,35,18.35,25068,0.17098361253738403,-0.8604400753974915,0.0005
0.01827292889356613,1.0,13262,468285,4.322617530822754,468184,-7.0180278099999995,35,18.28,25072,0.11688485741615295,-0.2616364061832428,0.0005
0.018213914707303047,1.0,13264,468373,4.686373710632324,468272,-7.107696809999998,35,18.41,25076,0.19719520211219788,0.48509520292282104,0.0005
0.017896946519613266,1.0,13266,468447,4.517823219299316,468346,-7.108683559999999,35,18.41,25080,0.09047576785087585,-0.736842155456543,0.0005
0.017805246636271477,1.0,13268,468519,4.377476692199707,468418,-7.102175769999999,35,18.39,25084,0.6123155355453491,0.4609895646572113,0.0005
0.017719591036438942,1.0,13270,468593,4.498472213745117,468492,-7.06709756,35,18.34,25088,0.6797395348548889,-0.165641188621521,0.0005
0.018198488280177116,1.0,13272,468666,4.516122817993164,468565,-7.111159449999999,35,18.4,25092,0.7102538347244263,0.5268791317939758,0.0005
0.018737535923719406,1.0,13274,468745,4.470911979675293,468644,-7.06007045,35,18.31,25096,0.2931601405143738,0.40877097845077515,0.0005
0.018291663378477097,1.0,13275,468812,4.616073131561279,468711,-7.01830904,35,18.25,25100,1.1489038467407227,0.35068708658218384,0.0005
0.017951125279068947,1.0,13277,468893,4.772567272186279,468792,-7.0641091199999995,35,18.32,25104,0.10550631582736969,0.19594383239746094,0.0005
0.017858296632766724,1.0,13279,468959,4.136022567749023,468858,-7.05743236,35,18.3,25108,0.1827881932258606,0.5574730634689331,0.0005
0.018026093021035194,1.0,13281,469025,4.433382987976074,468924,-7.013854560000001,35,18.23,25112,0.6532924175262451,0.9590620994567871,0.0005
0.018367651849985123,1.0,13283,469106,4.603427886962891,469005,-7.05960204,35,18.31,25116,0.44514185190200806,-0.8126397132873535,0.0005
0.018720416352152824,1.0,13285,469193,4.467618465423584,469092,-7.150042989999999,35,18.45,25120,1.316293478012085,-0.7967413663864136,0.0005
0.018738197162747383,1.0,13286,469253,4.3709211349487305,469152,-7.011291549999999,35,18.23,25124,0.5247153639793396,-0.9357215762138367,0.0005
0.018225207924842834,1.0,13288,469333,4.38723087310791,469232,-7.00864935,35,18.22,25128,0.1966434270143509,-0.5958149433135986,0.0005
0.01832912303507328,1.0,13290,469412,4.342306137084961,469311,-7.048917000000001,35,18.28,25132,0.06826826930046082,1.0134397745132446,0.0005
0.01870441809296608,1.0,13292,469492,4.719445705413818,469391,-7.09228764,35,18.35,25136,0.2122219055891037,0.5530102252960205,0.0005
0.01903308555483818,1.0,13294,469572,4.288809776306152,469471,-7.23009337,35,18.55,25140,0.04817720502614975,-0.9277374744415283,0.0005
0.018741803243756294,1.0,13296,469646,4.195675849914551,469545,-7.1864819499999975,35,18.49,25144,0.1133827269077301,-0.8544537425041199,0.0005
0.018759112805128098,1.0,13298,469720,4.937617778778076,469619,-7.2313730199999995,35,18.55,25148,0.40084660053253174,0.6623803377151489,0.0005
0.01914294995367527,1.0,13300,469793,4.926456928253174,469692,-7.31769248,35,18.68,25152,0.3357701897621155,0.09981334209442139,0.0005
0.01958150416612625,1.0,13302,469865,4.741199493408203,469764,-7.268942409999999,35,18.6,25156,0.5691450238227844,0.08804038166999817,0.0005
0.01967817172408104,1.0,13304,469932,4.132593631744385,469831,-7.178920299999999,35,18.47,25160,1.145518183708191,0.21063414216041565,0.0005
0.020128872245550156,1.0,13322,470005,4.632765769958496,469904,-7.22545911,35,18.54,25164,0.11440791189670563,0.15052291750907898,0.0005
0.020207636058330536,1.0,13324,470084,4.9218292236328125,469983,-7.266117370000001,35,18.59,25168,0.42056429386138916,-0.646007776260376,0.0005
0.019938576966524124,1.0,13326,470158,4.458509922027588,470057,-7.3574898200000005,35,18.73,25172,0.09171362221240997,0.053538978099823,0.0005
0.019653022289276123,1.0,13328,470232,4.323862075805664,470131,-7.266936659999999,35,18.59,25176,0.19724643230438232,-0.4802623689174652,0.0005
0.01951974257826805,1.0,13330,470292,4.056919574737549,470191,-7.17530136,35,18.45,25180,0.2638340890407562,0.4760016202926636,0.0005
0.0193585604429245,1.0,13332,470358,4.044384956359863,470257,-7.1322236299999995,35,18.39,25184,0.9546518921852112,-0.086637943983078,0.0005
0.019123010337352753,1.0,13334,470432,4.479461669921875,470331,-7.12932499,35,18.39,25188,0.07676701247692108,-1.3432514667510986,0.0005
0.01820927858352661,1.0,13336,470513,4.790642261505127,470412,-7.17678323,35,18.47,25192,0.5746486186981201,-0.5406013131141663,0.0005
0.017944518476724625,1.0,13338,470587,4.213497638702393,470486,-7.13757764,35,18.42,25196,0.18014398217201233,-0.5453207492828369,0.0005
0.017598647624254227,1.0,13340,470666,4.265746116638184,470565,-7.2226000599999995,35,18.54,25200,0.49614641070365906,-1.1688939332962036,0.0005
0.017221948131918907,1.0,13342,470739,4.376897811889648,470638,-7.17456914,35,18.46,25204,0.8480645418167114,-0.25855737924575806,0.0005
0.017061905935406685,1.0,13344,470826,4.435455322265625,470725,-7.313804180000002,35,18.67,25208,0.3931514620780945,-0.1539711356163025,0.0005
0.016832752153277397,1.0,13346,470899,4.857088565826416,470798,-7.35914113,35,18.74,25212,0.91678786277771,0.2979964017868042,0.0005
0.016824759542942047,1.0,13348,470974,4.680405616760254,470873,-7.3184283500000005,35,18.68,25216,0.7700284123420715,0.8631131052970886,0.0005
0.016712656244635582,1.0,13349,471040,4.819581985473633,470939,-7.184497879999999,35,18.47,25220,0.9687145948410034,0.06516949087381363,0.0005
0.01672452688217163,1.0,13351,471120,4.761798858642578,471019,-7.319983510000001,35,18.67,25224,1.2168869972229004,0.2863786816596985,0.0005
0.017156925052404404,1.0,13353,471193,4.344487190246582,471092,-7.276515810000001,35,18.6,25228,0.12381258606910706,-0.1885138750076294,0.0005
0.016975874081254005,1.0,13355,471260,4.563769817352295,471159,-7.190944569999999,35,18.48,25232,0.10734312236309052,-0.46518659591674805,0.0005
0.017126403748989105,1.0,13357,471340,4.663593292236328,471239,-7.1919638599999995,35,18.48,25236,0.11070520430803299,0.7506002187728882,0.0005
0.016918621957302094,1.0,13359,471421,4.3404860496521,471320,-7.19351096,35,18.49,25240,0.09808769077062607,-0.06280210614204407,0.0005
0.016585374251008034,1.0,13361,471488,4.127185821533203,471387,-7.145659510000001,35,18.42,25244,0.05223323404788971,0.27110958099365234,0.0005
0.01651235669851303,1.0,13363,471562,4.788136959075928,471461,-7.145633430000001,35,18.42,25248,1.5923218727111816,-0.09478896856307983,0.0005
0.017247473821043968,1.0,13365,471643,4.87960958480835,471542,-7.198655840000002,35,18.5,25252,0.37574058771133423,1.3164584636688232,0.0005
0.017692826688289642,1.0,13367,471716,4.42457389831543,471615,-7.2006026599999995,35,18.51,25256,0.4679288864135742,0.6939901113510132,0.0005
0.017957786098122597,1.0,13369,471783,4.823569297790527,471682,-7.200260999999999,35,18.51,25260,1.974475383758545,0.2707424759864807,0.0005
0.018069468438625336,1.0,13370,471856,4.367809295654297,471755,-7.20118657,35,18.51,25264,0.08808452636003494,0.4828551709651947,0.0005
0.018531210720539093,1.0,13372,471929,4.5500288009643555,471828,-7.158346310000001,35,18.45,25268,0.4363700747489929,-0.04873746633529663,0.0005
0.018409810960292816,1.0,13374,471997,4.3432698249816895,471896,-7.11459616,35,18.39,25272,0.4250209331512451,-0.8953231573104858,0.0005
0.018160829320549965,1.0,13376,472079,4.328316688537598,471978,-7.1624226,35,18.47,25276,0.4376698136329651,-0.05538053810596466,0.0005
0.017872974276542664,1.0,13378,472151,4.350193023681641,472050,-7.24829829,35,18.59,25280,0.1291954517364502,-0.07468613982200623,0.0005
0.01774108223617077,1.0,13380,472225,4.530312538146973,472124,-7.298615689999999,35,18.67,25284,0.13387182354927063,-0.7698197960853577,0.0005
0.01738128811120987,1.0,13382,472305,4.316583633422852,472204,-7.34110929,35,18.73,25288,0.08514322340488434,-0.11100232601165771,0.0005
0.01689332351088524,1.0,13384,472387,4.655525207519531,472286,-7.347868759999999,35,18.74,25292,0.03866634890437126,-0.7883510589599609,0.0005
0.016566980630159378,1.0,13386,472461,4.083186149597168,472360,-7.34524596,35,18.74,25296,0.09193523228168488,0.31419873237609863,0.0005
0.016544844955205917,1.0,13388,472534,4.332762241363525,472433,-7.299931040000001,35,18.68,25300,0.4602534770965576,-0.21421648561954498,0.0005
0.01661405898630619,1.0,13389,472607,4.520096302032471,472506,-7.297026870000001,35,18.68,25304,0.08828553557395935,-0.15275093913078308,0.0005
0.0168516393750906,1.0,13391,472693,4.470737457275391,472592,-7.29302638,35,18.67,25308,0.06933216750621796,0.2358841896057129,0.0005
0.016969643533229828,1.0,13393,472765,4.553225040435791,472664,-7.291940599999999,35,18.66,25312,0.5656929016113281,0.8284621238708496,0.0005
0.01759612187743187,1.0,13395,472852,4.650589942932129,472751,-7.37742437,35,18.78,25316,0.6385184526443481,0.85329669713974,0.0005
0.018077317625284195,1.0,13397,472931,4.313836097717285,472830,-7.464889270000002,35,18.91,25320,0.3069647550582886,0.26352542638778687,0.0005
0.0181729756295681,1.0,13398,473004,4.204588413238525,472903,-7.418148629999999,35,18.84,25324,1.1483302116394043,-0.17545868456363678,0.0005
0.017958438023924828,1.0,13401,473083,4.006072998046875,472982,-7.45733655,35,18.9,25328,0.21534939110279083,-0.3707118034362793,0.0005
0.017873195931315422,1.0,13404,473163,4.965374946594238,473062,-7.54986343,35,19.03,25332,0.23107977211475372,-0.29954585433006287,0.0005
0.01779099740087986,1.0,13405,473229,4.915090560913086,473128,-7.459781769999999,35,18.89,25336,0.5485448837280273,0.13278768956661224,0.0005
0.018038038164377213,1.0,13408,473308,4.408164024353027,473207,-7.452654339999999,35,18.87,25340,0.26668715476989746,0.3301454186439514,0.0005
0.01841108128428459,1.0,13409,473381,4.164342880249023,473280,-7.49481776,35,18.93,25344,0.1571914255619049,-0.8220590353012085,0.0005
0.01842579059302807,1.0,13411,473447,4.784795761108398,473346,-7.443638679999999,35,18.85,25348,1.5685408115386963,0.050638049840927124,0.0005
0.018462318927049637,1.0,13413,473526,4.3435258865356445,473425,-7.436473659999998,35,18.83,25352,0.060937654227018356,0.001828506588935852,0.0005
0.018655043095350266,1.0,13415,473593,4.312474250793457,473492,-7.3928395999999985,35,18.77,25356,0.3091426491737366,0.2063886672258377,0.0005
0.018439896404743195,1.0,13417,473662,4.389588356018066,473561,-7.3950925199999995,35,18.79,25360,0.707223653793335,-0.526271402835846,0.0005
0.01832638867199421,1.0,13418,473730,4.321977615356445,473629,-7.351998569999999,35,18.74,25364,0.022512273862957954,-0.299927681684494,0.0005
0.01842973567545414,1.0,13420,473804,4.630451202392578,473703,-7.35326191,35,18.75,25368,0.4689738154411316,-0.14659355580806732,0.0005
0.01789657212793827,1.0,13422,473883,4.472064971923828,473782,-7.43505372,35,18.86,25372,0.3429725766181946,-0.33291295170783997,0.0005
0.01761539839208126,1.0,13424,473971,4.719200134277344,473870,-7.477237990000001,35,18.92,25376,0.4568014144897461,-0.2723877429962158,0.0005
0.017460793256759644,1.0,13426,474039,4.600374221801758,473938,-7.437602559999999,35,18.88,25380,0.10430406779050827,-0.16276538372039795,0.0005
0.01717226207256317,1.0,13428,474112,4.195616722106934,474011,-7.43238314,35,18.87,25384,0.22600506246089935,0.2032943069934845,0.0005
0.017466789111495018,1.0,13430,474180,5.556167125701904,474079,-7.347587549999999,35,18.75,25388,0.1086653545498848,0.5742517709732056,0.0005
0.01770046353340149,1.0,13432,474246,5.035344123840332,474145,-7.2469405700000005,35,18.59,25392,0.30107197165489197,-0.36748021841049194,0.0005
0.017746632918715477,1.0,13433,474321,4.461861610412598,474220,-7.252132059999999,35,18.6,25396,1.155389666557312,-0.8162508010864258,0.0005
0.01735522598028183,1.0,13435,474400,4.285139560699463,474299,-7.295146589999999,35,18.66,25400,0.36852550506591797,-0.2962144613265991,0.0005
0.01728556863963604,1.0,13437,474479,4.361013412475586,474378,-7.33926816,35,18.72,25404,0.1298809051513672,0.47002774477005005,0.0005
0.01716407760977745,1.0,13439,474555,4.434505462646484,474454,-7.25836191,35,18.62,25408,0.2235744595527649,0.28855717182159424,0.0005
0.01714290864765644,1.0,13441,474634,4.209012508392334,474533,-7.30582939,35,18.69,25412,0.13037872314453125,0.35542458295822144,0.0005
0.01726260408759117,1.0,13442,474710,4.492103576660156,474609,-7.22229423,35,18.58,25416,0.6119157671928406,-1.1772757768630981,0.0005
0.017627663910388947,1.0,13445,474789,4.663483142852783,474688,-7.222084940000001,35,18.58,25420,0.6149643063545227,0.9558820128440857,0.0005
0.01809665374457836,1.0,13446,474849,4.672063827514648,474748,-7.132512170000001,35,18.45,25424,0.3153722286224365,0.2422376275062561,0.0005
0.018320206552743912,0.99,13448,474918,4.725821495056152,474817,-7.22487157,35,18.35,25428,0.5454778671264648,0.26921844482421875,0.0005
0.018092598766088486,0.99,13450,474992,4.3952178955078125,474891,-7.179524510000001,35,18.29,25432,1.7125815153121948,-0.6083202958106995,0.0005
0.017454342916607857,0.99,13452,475073,4.2651262283325195,474972,-7.273032989999999,35,18.44,25436,0.1335432380437851,-0.7013880014419556,0.0005
0.01714644953608513,0.99,13454,475160,4.809962272644043,475059,-7.31737061,35,18.52,25440,0.34243911504745483,-0.26901793479919434,0.0005
0.01683804951608181,0.99,13456,475233,4.338723182678223,475132,-7.315360910000002,35,18.52,25444,0.19704145193099976,-0.8607871532440186,0.0005
0.016579901799559593,0.99,13457,475300,4.669346809387207,475199,-7.317588139999999,35,18.53,25448,0.3772277235984802,-0.25263839960098267,0.0005
0.016472721472382545,0.99,13459,475374,4.522699356079102,475273,-7.278852380000001,35,18.48,25452,0.9389320611953735,0.4527927339076996,0.0005
0.016447165980935097,0.99,13461,475460,4.205592632293701,475359,-7.40873153,35,18.67,25456,0.1446782648563385,0.1952802538871765,0.0005
0.016476508229970932,0.99,13462,475532,4.388279914855957,475431,-7.447966300000001,35,18.7,25460,0.4757704734802246,-0.08206106722354889,0.0005
0.01664709486067295,0.99,13464,475604,4.002203941345215,475503,-7.488253910000001,35,18.74,25464,0.781832754611969,-0.19615963101387024,0.0005
0.01688695326447487,0.99,13466,475690,4.965482711791992,475589,-7.575172190000001,35,18.86,25468,0.15115880966186523,0.5087165832519531,0.0005
0.01696850173175335,0.99,13468,475762,4.2931952476501465,475661,-7.52868007,35,18.79,25472,0.16298161447048187,0.5670084357261658,0.0005
0.016848016530275345,0.99,13469,475833,4.502120018005371,475732,-7.4297419,35,18.62,25476,1.0147078037261963,-0.6106753349304199,0.0005
0.016795821487903595,0.99,13471,475913,4.397016525268555,475812,-7.5172904,35,18.74,25480,0.13311323523521423,0.35166460275650024,0.0005
0.016649723052978516,0.99,13473,475980,4.153855323791504,475879,-7.474298950000002,35,18.68,25484,0.15943855047225952,0.20580632984638214,0.0005
0.01667189598083496,0.99,13475,476046,4.332538604736328,475945,-7.46781111,35,18.66,25488,0.054936837404966354,0.6203269958496094,0.0005
0.016784604638814926,0.99,13476,476111,4.111472129821777,476010,-7.46645979,35,18.65,25492,0.1905539482831955,0.2512272000312805,0.0005
0.01707078330218792,0.99,13478,476197,4.316590309143066,476096,-7.549885519999999,35,18.76,25496,0.7344307899475098,-0.6240383982658386,0.0005
0.017031803727149963,0.99,13480,476270,4.063056945800781,476169,-7.50994146,35,18.7,25500,0.537796139717102,-0.12600894272327423,0.0005
0.017082752659916878,0.99,13482,476343,4.742103576660156,476242,-7.467765339999999,35,18.64,25504,0.28222349286079407,-0.0741160660982132,0.0005
0.017159290611743927,0.99,13483,476417,6.002585411071777,476316,-7.462805169999999,35,18.62,25508,0.3884410560131073,1.4430845975875854,0.0005
0.018220890313386917,0.99,13485,476477,5.9667744636535645,476376,-7.32868375,35,18.43,25512,0.5217549204826355,2.6838808059692383,0.0005
0.019936708733439445,0.99,13487,476554,4.797295570373535,476453,-7.331514960000001,35,18.44,25516,0.18592414259910583,0.5521284341812134,0.0005
0.020146045833826065,0.99,13488,476636,4.867940425872803,476535,-7.340341820000001,35,18.47,25520,1.2193973064422607,-0.7560603618621826,0.0005
0.019779957830905914,0.99,13490,476704,4.315361022949219,476603,-7.390735710000001,35,18.55,25524,1.2799975872039795,-0.6831868886947632,0.0005
0.019793428480625153,1.0,13492,476779,4.691779136657715,476678,-7.26045254,35,18.61,25528,0.19947519898414612,0.430749773979187,0.0005
0.01978289894759655,1.0,13494,476854,5.015496253967285,476753,-7.261105350000001,35,18.62,25532,0.13035543262958527,0.020172923803329468,0.0005
0.019556645303964615,1.0,13496,476935,4.610157489776611,476834,-7.26317204,35,18.62,25536,1.056300163269043,0.4161052107810974,0.0005
0.019152889028191566,1.0,13498,477013,4.535215854644775,476912,-7.216511250000002,35,18.53,25540,0.5841425061225891,-0.960578441619873,0.0005
0.018851786851882935,1.0,13499,477078,4.646483421325684,476977,-7.174744760000001,35,18.45,25544,0.14003771543502808,-0.21461181342601776,0.0005
0.018413659185171127,1.0,13501,477145,4.655801296234131,477044,-7.17834306,35,18.45,25548,0.04395396262407303,-0.45525965094566345,0.0005
0.018130900338292122,0.99,13503,477220,4.876060485839844,477119,-7.350676610000002,35,18.46,25552,0.2737290859222412,0.06477895379066467,0.0005
0.017797794193029404,0.99,13505,477306,4.170036315917969,477205,-7.352500770000001,35,18.46,25556,0.5177295804023743,-0.44109275937080383,0.0005
0.01835036091506481,0.99,13507,477379,4.259499549865723,477278,-7.354322279999999,35,18.47,25560,0.3970467448234558,0.46525293588638306,0.0005
0.018482202664017677,0.99,13509,477447,4.50507926940918,477346,-7.31471182,35,18.43,25564,0.05605757609009743,0.296977698802948,0.0005
0.018413232639431953,0.99,13511,477533,4.192512035369873,477432,-7.3127631300000004,35,18.43,25568,0.13203513622283936,-0.5609551668167114,0.0005
0.01800539903342724,0.99,13512,477600,4.902219772338867,477499,-7.277205849999999,35,18.38,25572,0.09272226691246033,-0.4095812439918518,0.0005
0.018019279465079308,0.99,13514,477667,4.419975757598877,477566,-7.240422499999999,35,18.34,25576,0.9044495224952698,0.22636833786964417,0.0005
0.017931362614035606,0.99,13515,477740,4.02069091796875,477639,-7.193175620000002,35,18.27,25580,0.22361138463020325,-0.609066367149353,0.0005
0.01763887330889702,0.99,13517,477820,4.255406379699707,477719,-7.2823943700000004,35,18.4,25584,1.705749750137329,0.323649525642395,0.0005
0.017894472926855087,0.99,13519,477892,4.554251670837402,477791,-7.324473240000002,35,18.46,25588,1.1776692867279053,0.07222825288772583,0.0005
0.018062885850667953,0.99,13521,477964,4.047687530517578,477863,-7.37209789,35,18.53,25592,0.1369449496269226,-0.19270431995391846,0.0005
0.01788678579032421,0.99,13523,478044,4.019191265106201,477943,-7.328664730000001,35,18.47,25596,0.22978273034095764,-0.3357503414154053,0.0005
0.017779149115085602,0.99,13525,478116,4.462743282318115,478015,-7.325841559999998,35,18.46,25600,0.3578015863895416,0.4408762454986572,0.0005
0.017611442133784294,0.99,13526,478176,4.743931770324707,478075,-7.2351393999999996,35,18.33,25604,0.1346127688884735,-0.4367239773273468,0.0005
0.017322426661849022,0.99,13528,478256,4.076695442199707,478155,-7.281253789999999,35,18.39,25608,1.5981450080871582,-0.3692578077316284,0.0005
0.017508910968899727,0.99,13530,478322,4.801164627075195,478221,-7.323871509999999,35,18.45,25612,0.1637551486492157,0.5985209941864014,0.0005
0.017563480883836746,0.99,13532,478396,4.6543354988098145,478295,-7.316376379999998,35,18.42,25616,0.2862092852592468,-0.25807875394821167,0.0005
0.017449574545025826,0.99,13534,478484,5.170149803161621,478383,-7.357964430000001,35,18.48,25620,0.24157842993736267,1.3709815740585327,0.0005
0.017308136448264122,0.99,13536,478551,4.311614990234375,478450,-7.35353557,35,18.47,25624,0.15134724974632263,-0.21683582663536072,0.0005
0.016966601833701134,0.99,13538,478631,4.732654571533203,478530,-7.395123540000001,35,18.52,25628,0.28178972005844116,0.30369144678115845,0.0005
0.017023229971528053,0.99,13539,478697,4.517073631286621,478596,-7.3433053,35,18.43,25632,0.7629681825637817,-0.3142882287502289,0.0005
0.017424490302801132,0.99,13541,478770,4.355545520782471,478669,-7.2915323999999995,35,18.35,25636,0.12405107915401459,0.63575279712677,0.0005
0.01761906035244465,0.99,13543,478850,4.9122209548950195,478749,-7.29598316,35,18.37,25640,0.13320016860961914,0.2874053716659546,0.0005
0.01774361915886402,0.99,13545,478924,4.095961570739746,478823,-7.340549629999999,35,18.46,25644,0.28157371282577515,0.16856753826141357,0.0005
0.017505336552858353,0.99,13547,478991,4.187807559967041,478890,-7.339951180000001,35,18.46,25648,0.4918021857738495,-0.10976200550794601,0.0005
0.01769445464015007,1.0,13548,479057,4.475435733795166,478956,-7.115834609999999,35,18.37,25652,0.13713733851909637,-0.7085115909576416,0.0005
0.01745627447962761,1.0,13550,479136,4.900242805480957,479035,-7.0717592300000005,35,18.3,25656,0.17911329865455627,-0.31273818016052246,0.0005
0.017365233972668648,1.0,13552,479209,4.3570122718811035,479108,-7.06985544,35,18.3,25660,0.36215484142303467,-0.15660348534584045,0.0005
0.017173590138554573,1.0,13553,479268,4.197300910949707,479167,-7.022017820000001,35,18.21,25664,0.13869687914848328,-0.22309502959251404,0.0005
0.017040245234966278,1.0,13555,479342,4.531005859375,479241,-6.939514939999999,35,18.09,25668,1.0439534187316895,0.4254027009010315,0.0005
0.017221808433532715,1.0,13557,479416,4.428208351135254,479315,-6.98047158,35,18.16,25672,0.1458570659160614,-0.03771007061004639,0.0005
0.01750430278480053,1.0,13559,479496,4.9630889892578125,479395,-7.067427790000002,35,18.29,25676,0.30788224935531616,0.5944408774375916,0.0005
0.017686164006590843,1.0,13561,479563,4.145135402679443,479462,-7.02744653,35,18.23,25680,0.4860572814941406,-0.47138476371765137,0.0005
0.017743011936545372,1.0,13563,479637,4.2204365730285645,479536,-6.9845347,35,18.17,25684,1.2170624732971191,0.14006580412387848,0.0005
0.017864273861050606,1.0,13564,479711,4.148612022399902,479610,-6.99286684,35,18.19,25688,0.08733230829238892,-1.0017342567443848,0.0005
0.017734697088599205,1.0,13566,479778,4.697650909423828,479677,-6.952883160000002,35,18.14,25692,0.8001621961593628,-0.19720305502414703,0.0005
0.01704665645956993,1.0,13568,479860,4.5137529373168945,479759,-6.95607798,35,18.16,25696,1.3606438636779785,-0.4070199131965637,0.0005
0.016615064814686775,1.0,13570,479919,4.511204719543457,479818,-6.865982919999999,35,18.03,25700,0.07811243832111359,-0.7921288013458252,0.0005
0.01634332165122032,1.0,13571,479979,4.467843055725098,479878,-6.867344189999999,35,18.03,25704,0.2093507945537567,-1.5503168106079102,0.0005
0.01580621860921383,1.0,13587,480045,4.45283317565918,479944,-6.772120839999999,35,17.89,25708,0.15520402789115906,-0.06025718152523041,0.0005
0.016014141961932182,1.0,13589,480112,4.34559440612793,480011,-6.7759215699999995,35,17.9,25712,0.07171487808227539,1.0299872159957886,0.0005
0.016628848388791084,1.0,13591,480179,4.472975730895996,480078,-6.729666160000001,35,17.83,25716,0.8383375406265259,1.1499465703964233,0.0005
0.016968753188848495,1.0,13592,480253,4.48328971862793,480152,-6.640256699999998,35,17.69,25720,0.2866043448448181,-0.4292755126953125,0.0005
0.016799209639430046,1.0,13594,480333,4.740747928619385,480232,-6.732589109999999,35,17.82,25724,0.1427292823791504,0.31748995184898376,0.0005
0.0165195781737566,1.0,13596,480408,4.566326141357422,480307,-6.694402919999999,35,17.77,25728,0.20953932404518127,-0.2543880045413971,0.0005
0.016485709697008133,1.0,13598,480475,3.998763084411621,480374,-6.699452109999999,35,17.78,25732,0.13990968465805054,0.15497969090938568,0.0005
0.01633182354271412,1.0,13599,480542,4.276848793029785,480441,-6.6568615699999985,35,17.72,25736,2.1444361209869385,0.4791674017906189,0.0005
0.01598615013062954,1.0,13601,480623,4.0858049392700195,480522,-6.660303279999999,35,17.73,25740,1.7693605422973633,-0.40408360958099365,0.0005
0.015805058181285858,1.0,13603,480697,4.08834171295166,480596,-6.665545190000001,35,17.73,25744,0.22926065325737,-0.3383443057537079,0.0005
0.015927212312817574,1.0,13605,480771,4.518679618835449,480670,-6.71133554,35,17.8,25748,0.11500947177410126,1.6758692264556885,0.0005
0.016265545040369034,0.99,13607,480848,4.601834297180176,480747,-6.937814070000001,35,17.91,25752,0.1935090571641922,-0.2363351285457611,0.0005
0.015865761786699295,0.99,13609,480923,4.269730567932129,480822,-6.89481391,35,17.87,25756,0.045128922909498215,0.08333280682563782,0.0005
0.015936093404889107,0.99,13610,480984,4.301572799682617,480883,-6.81029175,35,17.75,25760,0.22614392638206482,-0.07326193153858185,0.0005
0.015978369861841202,0.99,13612,481057,4.264617919921875,480956,-6.898909719999999,35,17.89,25764,0.09520133584737778,0.03372444212436676,0.0005
0.01609196700155735,0.99,13614,481124,4.3335418701171875,481023,-6.8502870300000005,35,17.82,25768,0.08389028906822205,0.33304840326309204,0.0005
0.016200121492147446,0.99,13616,481203,4.746074199676514,481102,-6.895749580000001,35,17.87,25772,0.09008671343326569,-0.38283830881118774,0.0005
0.016257449984550476,0.99,13617,481276,4.479124069213867,481175,-6.84951774,35,17.8,25776,0.2834305763244629,0.9307883977890015,0.0005
0.016890795901417732,0.99,13619,481356,4.316974639892578,481255,-6.93538695,35,17.93,25780,0.08410374820232391,0.49448859691619873,0.0005
0.017115937545895576,0.99,13621,481435,4.601051330566406,481334,-6.97485811,35,17.98,25784,1.3757317066192627,0.27112528681755066,0.0005
0.017238955944776535,0.99,13623,481507,4.2706732749938965,481406,-6.967436610000001,35,17.96,25788,0.041639603674411774,-0.30803269147872925,0.0005
0.017398370429873466,0.99,13625,481591,4.49127721786499,481490,-7.09365789,35,18.13,25792,0.1298782080411911,-0.3782792091369629,0.0005
0.017041129991412163,0.99,13627,481658,4.71732759475708,481557,-6.99847436,35,17.98,25796,0.626110315322876,-0.5394119024276733,0.0005
0.01636677235364914,0.99,13629,481737,4.4015421867370605,481636,-7.136509220000001,35,18.18,25800,0.1603655219078064,-0.7554301023483276,0.0005
0.01635480485856533,0.99,13631,481810,4.042963027954102,481709,-7.224983,35,18.31,25804,0.0455307699739933,0.23690423369407654,0.0005
0.01679871417582035,0.98,13633,481892,4.539759635925293,481791,-7.48610983,35,18.47,25808,0.42592430114746094,-0.46746566891670227,0.0005
0.016767039895057678,0.98,13635,481965,4.22081995010376,481864,-7.52657542,35,18.53,25812,0.050115957856178284,-0.1503942310810089,0.0005
0.016846682876348495,0.98,13637,482045,4.413532733917236,481944,-7.61444753,35,18.66,25816,0.2383478879928589,-0.09211334586143494,0.0005
0.017089881002902985,0.98,13639,482112,4.5797929763793945,482011,-7.568182039999999,35,18.59,25820,0.18300661444664001,0.2757912874221802,0.0005
0.017301006242632866,0.98,13641,482193,4.7089362144470215,482092,-7.5686949199999995,35,18.6,25824,0.06242821365594864,-0.4328564405441284,0.0005
0.017119528725743294,0.98,13642,482259,4.284976005554199,482158,-7.5177203399999994,35,18.51,25828,0.8309944868087769,-0.3813014626502991,0.0005
0.017063694074749947,0.98,13644,482332,4.344215393066406,482231,-7.558567459999999,35,18.57,25832,0.7866402864456177,-0.7462740540504456,0.0005
0.01752307638525963,0.98,13646,482404,4.413749694824219,482303,-7.5964994300000015,35,18.62,25836,0.4028569459915161,2.2300281524658203,0.0005
0.01811104454100132,0.98,13648,482484,4.3416595458984375,482383,-7.590388200000001,35,18.61,25840,0.17748096585273743,0.09961596131324768,0.0005
0.01869025081396103,0.98,13650,482564,4.640387535095215,482463,-7.6316351299999985,35,18.67,25844,0.05596672371029854,0.3128066062927246,0.0005
0.019193293526768684,0.98,13651,482637,4.625387191772461,482536,-7.62758531,35,18.66,25848,1.7138293981552124,0.7932859659194946,0.0005
0.01936523988842964,0.99,13653,482711,4.74915885925293,482610,-7.45167531,35,18.63,25852,0.05871249735355377,0.12808778882026672,0.0005
0.019718175753951073,0.99,13655,482790,4.997811317443848,482689,-7.492283020000001,35,18.67,25856,0.22473877668380737,-0.6935009956359863,0.0005
0.01920161023736,0.99,13657,482863,4.10353946685791,482762,-7.58089582,35,18.79,25860,0.20945695042610168,0.09887164831161499,0.0005
0.018642783164978027,0.99,13659,482944,5.10775089263916,482843,-7.633534539999999,35,18.87,25864,1.2620956897735596,0.06791336834430695,0.0005
0.01867564022541046,0.99,13661,483012,5.762822151184082,482911,-7.637851539999999,35,18.88,25868,2.0058138370513916,0.2085663080215454,0.0005
0.018834244459867477,0.99,13663,483079,4.381814479827881,482978,-7.54912064,35,18.76,25872,0.07236742973327637,0.36432838439941406,0.0005
0.019169356673955917,0.99,13665,483153,5.1713337898254395,483052,-7.55427959,35,18.77,25876,0.38789284229278564,-0.06370795518159866,0.0005
0.018924131989479065,0.99,13667,483234,4.372241020202637,483133,-7.557760010000002,35,18.78,25880,0.09590871632099152,0.30804991722106934,0.0005
0.018761394545435905,0.99,13668,483294,4.508169174194336,483193,-7.42517094,35,18.59,25884,0.9487860202789307,-0.9063388109207153,0.0005
0.0188117865473032,0.99,13670,483361,4.597634315490723,483260,-7.3823627,35,18.54,25888,0.2836288809776306,0.7255944609642029,0.0005
0.019105970859527588,0.99,13671,483434,4.567701816558838,483333,-7.29787328,35,18.43,25892,0.5843672752380371,0.5209381580352783,0.0005
0.019124789163470268,0.98,13673,483517,4.888535022735596,483416,-7.5621477200000005,35,18.59,25896,0.0927266776561737,-0.1275603026151657,0.0005
0.018865635618567467,0.98,13675,483592,4.246014595031738,483491,-7.519127159999999,35,18.55,25900,0.07465560734272003,-0.10245520621538162,0.0005
0.018934696912765503,0.97,13677,483674,4.453214645385742,483573,-7.732629379999999,35,18.64,25904,0.23655080795288086,0.3759523630142212,0.0005
0.018756600096821785,0.98,13679,483754,4.149704933166504,483653,-7.5615568500000006,35,18.62,25908,0.16766257584095,-0.38558849692344666,0.0005
0.018931278958916664,0.98,13682,483835,4.129676818847656,483734,-7.615111079999999,35,18.7,25912,0.3593384623527527,0.0178801529109478,0.0005
0.018707243725657463,0.98,13683,483908,4.884469985961914,483807,-7.572013619999999,35,18.63,25916,0.06953175365924835,-0.9220212697982788,0.0005
0.01818157359957695,0.98,13685,483968,4.564140319824219,483867,-7.52699672,35,18.56,25920,0.19631893932819366,-1.3633289337158203,0.0005
0.01754423789680004,0.98,13687,484028,5.072134017944336,483927,-7.39025267,35,18.35,25924,0.10195665806531906,-0.8780778646469116,0.0005
0.017094144597649574,0.97,13688,484104,4.959354400634766,484003,-7.6162958000000005,35,18.45,25928,0.30675381422042847,-0.6533483862876892,0.0005
0.017039189115166664,0.97,13690,484171,4.660815715789795,484070,-7.57226641,35,18.39,25932,0.8847277164459229,0.8340504169464111,0.0005
0.017193138599395752,0.97,13692,484258,4.631178855895996,484157,-7.671210670000002,35,18.54,25936,0.4345932602882385,-0.0355767086148262,0.0005
0.01715216413140297,0.97,13694,484332,4.145428657531738,484231,-7.6309056,35,18.48,25940,0.10430338978767395,0.11967957019805908,0.0005
0.01707456074655056,0.97,13696,484398,3.95881986618042,484297,-7.540223339999999,35,18.34,25944,0.30815309286117554,-0.16069823503494263,0.0005
0.01692553609609604,0.97,13698,484472,4.304967403411865,484371,-7.541548229999998,35,18.35,25948,0.13654005527496338,-0.3489539921283722,0.0005
0.016795799136161804,0.97,13699,484545,4.525482177734375,484444,-7.53831718,35,18.34,25952,0.890568733215332,0.9840834736824036,0.0005
0.01739765703678131,0.96,13701,484622,5.156121253967285,484521,-7.676086700000001,35,18.32,25956,0.22302311658859253,1.968755841255188,0.0005
0.01837478205561638,0.96,13703,484688,4.268850803375244,484587,-7.63032827,35,18.25,25960,0.9243271350860596,0.871300220489502,0.0005
0.018814029172062874,0.96,13704,484760,4.284911155700684,484659,-7.57816107,35,18.16,25964,0.3094722330570221,0.5971535444259644,0.0005
0.019077777862548828,0.96,13706,484827,4.268161773681641,484726,-7.576296440000001,35,18.15,25968,0.14527104794979095,-0.1648027002811432,0.0005
0.018865419551730156,0.96,13708,484907,4.150643825531006,484806,-7.663637710000001,35,18.28,25972,0.24070018529891968,-0.38496923446655273,0.0005
0.018331443890929222,0.96,13710,484981,4.225006580352783,484880,-7.66440325,35,18.28,25976,0.057133935391902924,-0.6013238430023193,0.0005
0.017786238342523575,0.96,13711,485048,4.1801323890686035,484947,-7.5752406,35,18.14,25980,0.665192723274231,-0.9308109283447266,0.0005
0.01734347827732563,0.96,13713,485130,4.178750991821289,485029,-7.719607959999999,35,18.36,25984,0.7813575267791748,-0.5076874494552612,0.0005
0.017253397032618523,0.96,13715,485210,3.9483566284179688,485109,-7.809921590000001,35,18.49,25988,0.11476738005876541,1.1140105724334717,0.0005
0.017576340585947037,0.96,13716,485277,4.300072193145752,485176,-7.76569747,35,18.43,25992,0.043813519179821014,0.23690557479858398,0.0005
0.017383303493261337,0.97,13718,485363,4.101036071777344,485262,-7.63730149,35,18.46,25996,0.05786978453397751,-0.050217002630233765,0.0005
0.0173089187592268,0.97,13720,485429,4.49453592300415,485328,-7.588586750000002,35,18.37,26000,0.5940108895301819,-0.12040133774280548,0.0005
0.01737433671951294,0.97,13722,485497,4.584494590759277,485396,-7.495489260000002,35,18.23,26004,0.1508905589580536,-0.205413356423378,0.0005
0.017472272738814354,0.97,13724,485577,3.880741596221924,485476,-7.49906483,35,18.23,26008,0.3778955936431885,-1.1261703968048096,0.0005
0.017212431877851486,0.97,13726,485655,4.466244220733643,485554,-7.4882083900000005,35,18.2,26012,0.13645505905151367,-0.049077630043029785,0.0005
0.0170635636895895,0.97,13728,485736,4.37004280090332,485635,-7.5355462100000015,35,18.28,26016,0.13395936787128448,0.22667957842350006,0.0005
0.016872407868504524,0.97,13730,485808,4.309907913208008,485707,-7.622227890000001,35,18.4,26020,0.17574773728847504,-0.4165394902229309,0.0005
0.017050908878445625,0.96,13732,485896,4.378220081329346,485795,-7.977504900000001,35,18.68,26024,0.13287563621997833,-1.38163161277771,0.0005
0.017028165981173515,0.97,13734,485968,4.353094100952148,485867,-7.795236779999999,35,18.64,26028,0.06472595036029816,0.5628508925437927,0.0005
0.017082124948501587,0.97,13736,486041,4.630424976348877,485940,-7.839425399999999,35,18.7,26032,0.35365790128707886,0.6845827102661133,0.0005
0.017441879957914352,0.97,13738,486113,4.681160926818848,486012,-7.74390407,35,18.55,26036,0.5027552843093872,0.7340006232261658,0.0005
0.018389560282230377,0.97,13740,486199,5.500770092010498,486098,-7.829942600000001,35,18.67,26040,1.2736732959747314,1.2086873054504395,0.0005
0.01913537085056305,0.97,13742,486266,4.524136543273926,486165,-7.831984160000001,35,18.68,26044,0.6884199380874634,0.7655006647109985,0.0005
0.0192676093429327,0.97,13744,486345,4.188254356384277,486244,-7.8763476,35,18.73,26048,0.4959557056427002,0.12954014539718628,0.0005
0.019076330587267876,0.97,13745,486405,4.758103370666504,486304,-7.78817642,35,18.6,26052,0.41664940118789673,-0.9871374368667603,0.0005
0.018873140215873718,0.98,13747,486478,5.20305061340332,486377,-7.60956172,35,18.56,26056,0.2599351704120636,0.0532841831445694,0.0005
0.018618032336235046,0.98,13748,486538,4.348710060119629,486437,-7.563455819999999,35,18.5,26060,0.03265424817800522,-0.07923291623592377,0.0005
0.018110742792487144,0.98,13750,486610,4.521478652954102,486509,-7.56032016,35,18.5,26064,0.13477474451065063,-0.1282159686088562,0.0005
0.01795528642833233,0.98,13751,486676,4.551327705383301,486575,-7.55508601,35,18.49,26068,1.1085504293441772,0.15302839875221252,0.0005
0.017629195004701614,0.98,13753,486762,4.484182834625244,486661,-7.600969450000001,35,18.55,26072,0.2068033367395401,-0.7938700318336487,0.0005
0.01736423186957836,0.98,13755,486829,4.255345344543457,486728,-7.554409089999999,35,18.48,26076,0.18050029873847961,0.17820808291435242,0.0005
0.017112959176301956,0.98,13757,486903,4.473365783691406,486802,-7.598156880000001,35,18.55,26080,0.6698882579803467,-0.4022386372089386,0.0005
0.017067691311240196,0.98,13758,486977,3.92195463180542,486876,-7.54849658,35,18.47,26084,0.17079409956932068,0.24736927449703217,0.0005
0.01716328226029873,0.98,13760,487044,4.475098609924316,486943,-7.45764169,35,18.34,26088,0.28208303451538086,0.2573551535606384,0.0005
0.01713583804666996,0.98,13761,487111,4.380183219909668,487010,-7.45796489,35,18.34,26092,0.5216638445854187,0.6432454586029053,0.0005
0.017152532935142517,0.98,13763,487171,4.659209251403809,487070,-7.27680379,35,18.08,26096,0.3082027733325958,0.6533524394035339,0.0005
0.017318421974778175,0.98,13765,487238,4.362602233886719,487137,-7.279548750000001,35,18.09,26100,0.2029307782649994,-1.094645380973816,0.0005
0.0170535109937191,0.99,13767,487323,4.95920467376709,487222,-7.24560546,35,18.26,26104,0.33527570962905884,0.8715975284576416,0.0005
0.017490927129983902,0.99,13769,487409,4.312112808227539,487308,-7.287548960000001,35,18.32,26108,0.3362387418746948,-0.29174715280532837,0.0005
0.01732422038912773,0.99,13771,487496,4.321202278137207,487395,-7.338800890000001,35,18.41,26112,0.2831023037433624,-0.1390121728181839,0.0005
0.017402876168489456,0.99,13773,487562,4.553476333618164,487461,-7.243672310000001,35,18.26,26116,0.1310569941997528,0.7477484345436096,0.0005
0.017299363389611244,0.99,13775,487629,4.138175010681152,487528,-7.2057917499999995,35,18.21,26120,0.021819094195961952,-0.22979508340358734,0.0005
0.016991091892123222,1.0,13777,487696,4.208319664001465,487595,-6.899182100000001,35,18.0,26124,0.6793963313102722,0.23707164824008942,0.0005
0.01740861125290394,1.0,13778,487764,4.408278942108154,487663,-6.857471250000001,35,17.96,26128,0.2558273375034332,1.515279769897461,0.0005
0.018094515427947044,1.0,13781,487844,4.772871017456055,487743,-6.90545349,35,18.03,26132,2.0750327110290527,0.12932869791984558,0.0005
0.018313508480787277,1.0,13783,487924,4.502261638641357,487823,-6.9538442400000005,35,18.11,26136,1.194868564605713,0.9685296416282654,0.0005
0.01869705505669117,1.0,13784,487997,3.9868922233581543,487896,-6.86342927,35,17.98,26140,0.4825770854949951,-0.6911429762840271,0.0005
0.01829673908650875,1.0,13786,488071,4.432834625244141,487970,-6.90785746,35,18.05,26144,0.11692661046981812,0.1962578296661377,0.0005
0.01853725127875805,1.0,13788,488139,4.508066654205322,488038,-6.822960579999999,35,17.94,26148,0.39991647005081177,-0.13600075244903564,0.0005
0.018444491550326347,1.0,13790,488218,4.247159004211426,488117,-6.95338969,35,18.13,26152,0.2100234031677246,-0.5404035449028015,0.0005
0.018131783232092857,1.0,13792,488285,4.205890655517578,488184,-6.909852910000001,35,18.07,26156,0.15256492793560028,-0.7937390804290771,0.0005
0.0177566297352314,1.0,13794,488359,4.940485000610352,488258,-7.001915589999999,35,18.21,26160,0.05433351919054985,-0.9614168405532837,0.0005
0.017396098002791405,1.0,13796,488425,4.345880508422852,488324,-6.961016369999999,35,18.15,26164,0.20047694444656372,-0.3085702955722809,0.0005
0.01698882319033146,1.0,13798,488503,4.204370021820068,488402,-7.04906614,35,18.27,26168,0.4803372323513031,0.454316109418869,0.0005
0.017089523375034332,1.0,13800,488577,4.210721969604492,488476,-6.964442219999999,35,18.15,26172,0.8318253755569458,0.1484016478061676,0.0005
0.017344346269965172,1.0,13802,488643,4.644486427307129,488542,-6.96374571,35,18.14,26176,1.1451880931854248,0.7481688261032104,0.0005
0.017414355650544167,1.0,13803,488715,4.272675514221191,488614,-6.96029946,35,18.12,26180,0.25736549496650696,-0.21389541029930115,0.0005
0.017810426652431488,1.0,13805,488788,4.165361404418945,488687,-6.95955336,35,18.11,26184,0.13247698545455933,0.4477199614048004,0.0005
0.018364064395427704,1.0,13807,488860,4.144858360290527,488759,-7.001990680000001,35,18.16,26188,0.1347953975200653,0.5123471021652222,0.0005
0.01833159290254116,1.0,13809,488927,4.9981794357299805,488826,-7.002280329999999,35,18.16,26192,0.08646943420171738,0.0559936985373497,0.0005
0.018496833741664886,1.0,13811,489013,4.097901821136475,488912,-7.182267100000002,35,18.42,26196,0.07837006449699402,0.05719901621341705,0.0005
0.018164310604333878,1.0,13812,489080,4.598661422729492,488979,-7.183263040000001,35,18.42,26200,0.20682141184806824,-0.2518417239189148,0.0005
0.017808837816119194,1.0,13814,489161,4.07100772857666,489060,-7.14510923,35,18.38,26204,0.4652217626571655,-0.5629787445068359,0.0005
0.017605505883693695,1.0,13816,489228,4.437970161437988,489127,-7.011867649999999,35,18.19,26208,0.1417957991361618,0.3712238669395447,0.0005
0.017389893531799316,1.0,13818,489300,4.428314208984375,489199,-6.9167071700000005,35,18.04,26212,0.06579484790563583,-0.764354407787323,0.0005
0.017074674367904663,1.0,13820,489373,4.340531349182129,489272,-6.962906090000001,35,18.11,26216,1.5124785900115967,-0.8394466638565063,0.0005
0.017124338075518608,1.0,13821,489439,4.324728965759277,489338,-6.95557756,35,18.1,26220,0.21630237996578217,-0.21507099270820618,0.0005
0.017557358369231224,1.0,13823,489512,4.328630447387695,489411,-6.9942141499999995,35,18.16,26224,0.320709228515625,0.1418112963438034,0.0005
0.01750384271144867,1.0,13825,489599,4.483955383300781,489498,-7.130127810000001,35,18.35,26228,0.24474549293518066,0.44632622599601746,0.0005
0.01767865940928459,1.0,13827,489673,4.2162675857543945,489572,-7.084927060000001,35,18.29,26232,0.7829849123954773,-0.2623724043369293,0.0005
0.01781630329787731,1.0,13828,489740,4.863064765930176,489639,-6.993855979999999,35,18.16,26236,0.4264403283596039,0.3512195944786072,0.0005
0.01851337030529976,1.0,13830,489821,6.264066696166992,489720,-7.040715189999999,35,18.24,26240,0.43360114097595215,0.9416518807411194,0.0005
0.01960357464849949,1.0,13832,489881,4.587136745452881,489780,-6.950439830000001,35,18.1,26244,0.3520709276199341,-0.20867861807346344,0.0005
0.01998421736061573,1.0,13834,489948,4.7917585372924805,489847,-6.94737408,35,18.09,26248,0.34416934847831726,0.3860192894935608,0.0005
0.020754801109433174,1.0,13850,490026,4.9036664962768555,489925,-6.9437455,35,18.08,26252,0.09191658347845078,0.10607176274061203,0.0005
0.021074101328849792,1.0,13852,490100,5.339513778686523,489999,-6.991360409999999,35,18.15,26256,0.24175018072128296,0.11544524878263474,0.0005
0.021478604525327682,1.0,13854,490165,4.5879597663879395,490064,-6.942597279999998,35,18.06,26260,0.3043513000011444,-0.3972792327404022,0.0005
0.021440567448735237,1.0,13855,490232,5.143572807312012,490131,-6.945749230000001,35,18.07,26264,0.23020672798156738,0.29208335280418396,0.0005
0.02134370058774948,1.0,13857,490299,4.73881721496582,490198,-6.8645243,35,17.96,26268,0.17508582770824432,0.3463912904262543,0.0005
0.021197201684117317,1.0,13859,490359,4.615533828735352,490258,-6.771295179999999,35,17.82,26272,0.3864085376262665,0.08400358259677887,0.0005
0.020585620775818825,1.0,13861,490439,4.657325744628906,490338,-6.8577523099999995,35,17.96,26276,0.616072416305542,0.515471339225769,0.0005
0.020273443311452866,1.0,13863,490512,4.187155723571777,490411,-6.862142970000001,35,17.97,26280,0.22425173223018646,-0.21699461340904236,0.0005
0.020060988143086433,1.0,13865,490586,4.6800947189331055,490485,-6.859139110000001,35,17.98,26284,1.2291808128356934,-0.5545801520347595,0.0005
0.019534798339009285,1.0,13866,490659,4.672824859619141,490558,-6.8624097,35,17.99,26288,0.7401029467582703,-0.3382672369480133,0.0005
0.01904791221022606,1.0,13868,490733,4.651372909545898,490632,-6.908147209999999,35,18.06,26292,0.19176766276359558,-0.1972057968378067,0.0005
0.018594728782773018,1.0,13870,490814,4.528048515319824,490713,-6.87175391,35,18.01,26296,0.34402355551719666,-0.3895447850227356,0.0005
0.019050147384405136,1.0,13872,490894,4.6249003410339355,490793,-6.962194869999999,35,18.14,26300,0.2500261068344116,-0.2471189945936203,0.0005
0.019215157255530357,1.0,13874,490973,4.244111061096191,490872,-6.96021671,35,18.12,26304,0.20435366034507751,0.9100487232208252,0.0005
0.019260507076978683,1.0,13876,491052,4.426532745361328,490951,-7.04790733,35,18.24,26308,0.08127798140048981,0.5314279198646545,0.0005
0.019002990797162056,1.0,13877,491132,4.130536079406738,491031,-7.0961573,35,18.32,26312,0.11703730374574661,-0.6984605193138123,0.0005
0.018521927297115326,1.0,13879,491199,4.336745738983154,491098,-7.0561042899999995,35,18.26,26316,0.5842397809028625,-0.5166024565696716,0.0005
0.018509985879063606,1.0,13881,491266,4.607254981994629,491165,-7.058657460000002,35,18.27,26320,0.5362798571586609,-0.11725282669067383,0.0005
0.018351489678025246,1.0,13882,491326,4.51970911026001,491225,-6.972825150000001,35,18.14,26324,0.05794938653707504,-1.0134494304656982,0.0005
0.018069259822368622,1.0,13884,491399,4.736900329589844,491298,-6.880721240000001,35,18.0,26328,0.20172926783561707,0.08563565462827682,0.0005
0.01849132776260376,1.0,13886,491473,4.624119758605957,491372,-6.8849150099999985,35,18.0,26332,0.42440128326416016,0.18539458513259888,0.0005
0.018301749601960182,1.0,13887,491540,4.723249912261963,491439,-6.890415489999998,35,18.0,26336,0.09755285084247589,-0.6049447059631348,0.0005
0.01856696605682373,1.0,13889,491615,4.636824607849121,491514,-6.856675969999999,35,17.94,26340,0.46652841567993164,-0.2050652801990509,0.0005
0.01841837540268898,1.0,13891,491695,4.570730209350586,491594,-6.992797799999998,35,18.14,26344,0.09525752067565918,0.21136713027954102,0.0005
0.018520941957831383,1.0,13892,491762,4.783794403076172,491661,-6.995693,35,18.14,26348,0.07557749003171921,0.08110249042510986,0.0005
0.018473375588655472,1.0,13894,491843,4.63734245300293,491742,-7.00735459,35,18.17,26352,0.10735606402158737,-0.0093899667263031,0.0005
0.018372179940342903,1.0,13896,491930,4.262230396270752,491829,-7.0969241499999995,35,18.3,26356,0.32907992601394653,-0.7714300751686096,0.0005
0.01817583478987217,1.0,13898,492004,4.424643039703369,491903,-7.149232190000001,35,18.39,26360,0.16627691686153412,-0.3305702805519104,0.0005
0.01804753579199314,1.0,13900,492071,4.077778339385986,491970,-7.148372859999999,35,18.39,26364,0.15051591396331787,-0.5698988437652588,0.0005
0.01770925149321556,1.0,13901,492138,3.9400734901428223,492037,-7.149350880000001,35,18.39,26368,0.07236957550048828,-0.6333068013191223,0.0005
0.017320264130830765,1.0,13903,492217,4.476096153259277,492116,-7.279951709999999,35,18.58,26372,0.08527254313230515,-0.2773388624191284,0.0005
0.017067406326532364,1.0,13904,492284,4.641725540161133,492183,-7.19410232,35,18.45,26376,0.6916355490684509,-0.08321183174848557,0.0005
0.01727280579507351,1.0,13906,492356,4.531753063201904,492255,-7.187080800000001,35,18.44,26380,0.3198302686214447,0.845585823059082,0.0005
0.017344247549772263,1.0,13908,492430,4.277158737182617,492329,-7.187815930000002,35,18.44,26384,0.15548869967460632,0.4694327712059021,0.0005
0.017641481012105942,1.0,13909,492511,4.343191146850586,492410,-7.233750169999999,35,18.52,26388,0.21654453873634338,0.40857377648353577,0.0005
0.018077965825796127,1.0,13911,492585,4.500363349914551,492484,-7.23326977,35,18.52,26392,0.06438694894313812,0.08557768166065216,0.0005
0.01802792400121689,1.0,13913,492672,4.454629421234131,492571,-7.2724357,35,18.58,26396,0.26276832818984985,-0.7131451368331909,0.0005
0.017955517396330833,1.0,13915,492745,4.062601089477539,492644,-7.2222249399999985,35,18.51,26400,0.026958858594298363,0.01571442186832428,0.0005
0.017820484936237335,1.0,13916,492826,4.457417011260986,492725,-7.224749409999999,35,18.53,26404,1.2964560985565186,-0.18425004184246063,0.0005
0.017984556034207344,1.0,13918,492899,3.992952823638916,492798,-7.1795715300000005,35,18.47,26408,0.1451610028743744,0.43766242265701294,0.0005
0.01836409978568554,1.0,13920,492972,4.684642791748047,492871,-7.13623035,35,18.4,26412,0.25359731912612915,0.21143564581871033,0.0005
0.01853344216942787,1.0,13921,493045,4.0583815574646,492944,-7.17735511,35,18.46,26416,0.06877961754798889,-0.3407893776893616,0.0005
0.018337691202759743,1.0,13923,493124,4.760164737701416,493023,-7.26023966,35,18.58,26420,0.254323810338974,0.49980127811431885,0.0005
0.01820182055234909,1.0,13925,493192,4.717729568481445,493091,-7.30511166,35,18.66,26424,0.10759638994932175,0.7253886461257935,0.0005
0.01827254518866539,1.0,13926,493253,3.8610892295837402,493152,-7.216768989999999,35,18.54,26428,0.4059333801269531,-0.5518977046012878,0.0005
0.018002910539507866,1.0,13928,493322,4.5159912109375,493221,-7.17413135,35,18.49,26432,0.0513487309217453,-0.12198707461357117,0.0005
0.017954720184206963,1.0,13930,493390,3.998196601867676,493289,-7.1733487700000005,35,18.5,26436,0.40311676263809204,0.0237857848405838,0.0005
0.017773596569895744,1.0,13931,493462,4.842349529266357,493361,-7.159332649999999,35,18.47,26440,0.3394184112548828,-0.4368566870689392,0.0005
0.018257303163409233,1.0,13933,493530,4.71529483795166,493429,-7.07334977,35,18.35,26444,0.1748582273721695,1.2003237009048462,0.0005
0.018707480281591415,1.0,13935,493602,5.431060314178467,493501,-7.11095062,35,18.4,26448,0.19350697100162506,0.9950782060623169,0.0005
0.019003329798579216,1.0,13937,493677,4.701961040496826,493576,-7.06894221,35,18.34,26452,0.07509183138608932,0.05390137434005737,0.0005
0.018710272386670113,1.0,13939,493743,3.827920913696289,493642,-6.9292824999999985,35,18.13,26456,0.2516326606273651,-0.8146296739578247,0.0005
0.018736490979790688,1.0,13940,493816,4.899141311645508,493715,-6.921875630000001,35,18.12,26460,0.16512280702590942,-0.657809853553772,0.0005
0.018970781937241554,1.0,13942,493890,4.396862030029297,493789,-6.96612655,35,18.19,26464,0.13734355568885803,-0.436572402715683,0.0005
0.019023656845092773,1.0,13944,493957,4.354860305786133,493856,-6.961209079999999,35,18.19,26468,0.1701991707086563,-0.2270951271057129,0.0005
0.018976356834173203,1.0,13945,494030,4.656599998474121,493929,-6.91921213,35,18.13,26472,0.14109855890274048,1.0074241161346436,0.0005
0.019373325631022453,1.0,13947,494105,4.074063301086426,494004,-6.963404069999999,35,18.21,26476,0.08361827582120895,0.5819405317306519,0.0005
0.019200922921299934,1.0,13949,494172,4.419655799865723,494071,-6.926763410000001,35,18.16,26480,0.13875335454940796,0.19407907128334045,0.0005
0.018818143755197525,1.0,13950,494239,4.8155622482299805,494138,-6.883391559999999,35,18.09,26484,0.6164095401763916,0.36415183544158936,0.0005
0.01889543980360031,1.0,13952,494299,4.385263442993164,494198,-6.748218960000002,35,17.88,26488,0.08202559500932693,0.1830112487077713,0.0005
0.0189038198441267,1.0,13954,494372,4.385881423950195,494271,-6.74658543,35,17.87,26492,0.5667723417282104,-0.3179994225502014,0.0005
0.01869063824415207,0.99,13955,494442,5.017951011657715,494341,-6.791566239999998,35,17.7,26496,0.3819204270839691,0.009227663278579712,0.0005
0.018654996529221535,0.99,13957,494510,4.393718719482422,494409,-6.7542023900000006,35,17.65,26500,0.19607576727867126,-0.17544235289096832,0.0005
0.018770212307572365,0.99,13959,494578,4.416748046875,494477,-6.6640631400000006,35,17.52,26504,0.5734055042266846,0.4578385055065155,0.0005
0.018893646076321602,0.99,13960,494639,5.27401876449585,494538,-6.57789977,35,17.4,26508,1.21614670753479,0.41943854093551636,0.0005
0.018826238811016083,0.99,13962,494706,4.5109171867370605,494605,-6.53267914,35,17.34,26512,1.5393905639648438,-0.06824314594268799,0.0005
0.018692655488848686,0.99,13963,494773,4.977588653564453,494672,-6.490339550000001,35,17.28,26516,0.2737162113189697,-0.26910310983657837,0.0005
0.018472524359822273,0.99,13965,494840,4.468642234802246,494739,-6.40478418,35,17.16,26520,0.29291966557502747,-0.07670183479785919,0.0005
0.018687140196561813,0.99,13967,494914,4.368584632873535,494813,-6.448116209999999,35,17.22,26524,0.1664179414510727,0.4204396605491638,0.0005
0.018665142357349396,0.99,13968,494980,4.588059425354004,494879,-6.488704120000001,35,17.27,26528,0.13462983071804047,-0.022975414991378784,0.0005
0.01820294000208378,0.99,13969,495047,4.280924320220947,494946,-6.482958979999999,35,17.25,26532,1.3709948062896729,-0.8748009204864502,0.0005
0.01821427047252655,0.99,13971,495114,4.8249382972717285,495013,-6.47963553,35,17.24,26536,0.3745223879814148,-0.25708112120628357,0.0005
0.017891842871904373,0.99,13972,495180,4.927505970001221,495079,-6.43758442,35,17.18,26540,0.22312213480472565,0.23895898461341858,0.0005
0.01829504780471325,0.99,13974,495247,4.635836601257324,495146,-6.43168765,35,17.17,26544,0.331595778465271,0.3026377558708191,0.0005
0.01846502535045147,0.99,13975,495320,4.33705997467041,495219,-6.435400340000001,35,17.18,26548,0.14549456536769867,1.3516979217529297,0.0005
0.018570348620414734,0.99,13977,495397,4.855033874511719,495296,-6.436732639999999,35,17.2,26552,0.4518870711326599,1.1192268133163452,0.0005
0.018909694626927376,0.99,13978,495457,4.8342437744140625,495356,-6.394342379999999,35,17.14,26556,0.4075506627559662,0.5295037627220154,0.0005
0.01957002282142639,0.98,13980,495538,4.925443649291992,495437,-6.608853740000002,35,17.22,26560,0.4498231112957001,0.3945430517196655,0.0005
0.01981319487094879,0.98,13982,495612,4.463286876678467,495511,-6.6116911400000005,35,17.22,26564,0.06670106947422028,-0.6921772956848145,0.0005
0.01951022818684578,0.98,13983,495678,4.739841938018799,495577,-6.613072130000001,35,17.21,26568,0.08062726259231567,-1.2879527807235718,0.0005
0.019304735586047173,0.98,13985,495758,4.460567474365234,495657,-6.658684880000001,35,17.28,26572,0.20488721132278442,-0.038458384573459625,0.0005
0.01889856718480587,0.98,13987,495825,4.161418437957764,495724,-6.6168388600000005,35,17.2,26576,0.13556024432182312,-0.9888277053833008,0.0005
0.017911460250616074,0.98,13989,495904,4.44448184967041,495803,-6.701564909999998,35,17.32,26580,0.06941422820091248,-0.17132779955863953,0.0005
0.01772698573768139,0.98,13990,495971,4.091902256011963,495870,-6.699801499999999,35,17.32,26584,0.09538266062736511,0.003340907394886017,0.0005
0.01753028854727745,0.98,13992,496044,4.373445510864258,495943,-6.790968919999999,35,17.45,26588,0.0922711193561554,-0.6943479776382446,0.0005
0.01687910407781601,0.98,13994,496111,4.142133712768555,496010,-6.74714062,35,17.39,26592,0.19201046228408813,0.22095346450805664,0.0005
0.01667770743370056,0.99,13996,496191,4.182849407196045,496090,-6.657515549999999,35,17.49,26596,0.7068376541137695,-0.5356104969978333,0.0005
0.016435883939266205,0.99,13998,496265,4.456777572631836,496164,-6.69925033,35,17.55,26600,0.12012840807437897,-0.10303829610347748,0.0005
0.016391107812523842,0.99,13999,496339,4.470487117767334,496238,-6.7425022100000005,35,17.61,26604,0.8629031777381897,-0.47637438774108887,0.0005
0.016350742429494858,0.98,14001,496415,4.610555648803711,496314,-7.01536298,35,17.76,26608,1.400599718093872,0.2579205632209778,0.0005
0.01667272299528122,0.98,14003,496488,4.756850242614746,496387,-7.0601572599999995,35,17.82,26612,0.07350298762321472,0.33005231618881226,0.0005
0.017124386504292488,0.98,14005,496554,4.512077331542969,496453,-7.0568326899999985,35,17.81,26616,1.0758845806121826,0.6203441619873047,0.0005
0.01750786602497101,0.97,14007,496638,4.616488456726074,496537,-7.3206193200000005,35,17.98,26620,0.3731379508972168,0.8990426063537598,0.0005
0.01775750331580639,0.97,14009,496710,4.583083152770996,496609,-7.31711879,35,17.96,26624,0.4871859550476074,-0.681503176689148,0.0005
0.0176406130194664,0.97,14011,496778,4.035025596618652,496677,-7.318908850000001,35,17.98,26628,0.06966899335384369,-0.5704345703125,0.0005
0.017716195434331894,0.97,14013,496851,4.495738983154297,496750,-7.36046131,35,18.04,26632,0.4977816939353943,0.7467637658119202,0.0005
0.0185489933937788,0.97,14015,496926,4.639684200286865,496825,-7.40789952,35,18.12,26636,0.09158045053482056,1.3806324005126953,0.0005
0.019500669091939926,0.97,14017,497001,4.458079814910889,496900,-7.4591986399999985,35,18.21,26640,0.5336493849754333,-0.029129326343536377,0.0005
0.01974312774837017,0.97,14019,497068,5.152876853942871,496967,-7.462295750000001,35,18.21,26644,0.3729848563671112,-0.025503844022750854,0.0005
0.019285164773464203,0.97,14021,497147,4.484158515930176,497046,-7.50610215,35,18.27,26648,0.4411792755126953,0.02255876362323761,0.0005
0.01931191235780716,0.97,14023,497221,4.61585807800293,497120,-7.50066199,35,18.24,26652,0.48703593015670776,-0.2812328636646271,0.0005
0.01892145723104477,0.97,14024,497294,4.013830661773682,497193,-7.58740464,35,18.37,26656,0.12300391495227814,-0.35967016220092773,0.0005
0.01870877854526043,0.98,14026,497366,4.341465950012207,497265,-7.371088599999999,35,18.28,26660,0.13338947296142578,0.02719902992248535,0.0005
0.018559826537966728,0.98,14028,497445,4.359289169311523,497344,-7.411189940000002,35,18.33,26664,1.2012369632720947,-0.6169651746749878,0.0005
0.018520545214414597,0.98,14030,497518,4.171482086181641,497417,-7.453292549999999,35,18.4,26668,0.26834800839424133,-0.503466784954071,0.0005
0.018160700798034668,0.98,14031,497586,4.486561298370361,497485,-7.364877490000001,35,18.28,26672,0.1807396113872528,-1.5701181888580322,0.0005
0.017846668139100075,0.98,14034,497667,4.482280254364014,497566,-7.4564419299999996,35,18.42,26676,0.6578556299209595,-0.4232988953590393,0.0005
0.017771638929843903,0.98,14035,497739,4.4755778312683105,497638,-7.410360889999998,35,18.35,26680,0.2515901029109955,0.19006477296352386,0.0005
0.017816685140132904,0.98,14037,497813,4.770673751831055,497712,-7.457616419999999,35,18.42,26684,0.9440522193908691,1.6762232780456543,0.0005
0.018095437437295914,0.98,14039,497892,4.798844337463379,497791,-7.497755979999999,35,18.48,26688,0.45939821004867554,-0.31398120522499084,0.0005
0.018032971769571304,0.98,14041,497959,4.260356903076172,497858,-7.501445359999999,35,18.48,26692,0.10762690007686615,-0.05267775058746338,0.0005
0.01793455146253109,0.98,14042,498032,4.513402938842773,497931,-7.456099859999999,35,18.41,26696,0.08612022548913956,0.03581106662750244,0.0005
0.01804845593869686,0.98,14044,498099,4.447932720184326,497998,-7.4101402400000005,35,18.34,26700,0.09875359386205673,0.254957914352417,0.0005
0.018071018159389496,0.98,14046,498173,4.505703926086426,498072,-7.41103425,35,18.34,26704,0.2186882495880127,-0.2359461933374405,0.0005
0.018314555287361145,0.99,14048,498240,4.1820173263549805,498139,-7.18164123,35,18.25,26708,0.12213125824928284,-0.11176857352256775,0.0005
0.01856650598347187,0.99,14050,498321,5.042148590087891,498220,-7.23143674,35,18.33,26712,0.2025081217288971,0.44596317410469055,0.0005
0.018764318898320198,0.99,14051,498388,4.446967124938965,498287,-7.23444031,35,18.34,26716,0.19540444016456604,-0.5187779068946838,0.0005
0.01872197352349758,1.0,14053,498476,4.614580154418945,498375,-7.111162669999999,35,18.38,26720,0.5529190301895142,0.2639433741569519,0.0005
0.019116969779133797,1.0,14056,498563,4.526546478271484,498462,-7.209712090000002,35,18.53,26724,0.09087777137756348,1.4490864276885986,0.0005
0.019288498908281326,1.0,14058,498631,4.415345191955566,498530,-7.21299846,35,18.53,26728,0.10103204846382141,-1.3405377864837646,0.0005
0.018853891640901566,1.0,14059,498703,4.493471622467041,498602,-7.21054323,35,18.52,26732,0.09307456761598587,0.14091655611991882,0.0005
0.01842416822910309,1.0,14062,498790,4.209446907043457,498689,-7.29828636,35,18.64,26736,0.8000101447105408,-0.8504992723464966,0.0005
0.01791781559586525,1.0,14064,498870,4.743900299072266,498769,-7.337821979999998,35,18.69,26740,0.10506771504878998,-0.4327149987220764,0.0005
0.017748063430190086,1.0,14065,498937,4.1946821212768555,498836,-7.33540893,35,18.69,26744,0.7293623089790344,-0.6847406625747681,0.0005
0.017351437360048294,1.0,14067,499018,4.805413722991943,498917,-7.33915843,35,18.71,26748,0.5337802171707153,-0.08008909225463867,0.0005
0.017342742532491684,1.0,14069,499098,5.006692886352539,498997,-7.38068534,35,18.77,26752,0.09024437516927719,-0.1289539933204651,0.0005
0.01763651892542839,1.0,14071,499172,4.245603561401367,499071,-7.38561405,35,18.78,26756,0.2943456768989563,0.034996047616004944,0.0005
0.01807451620697975,1.0,14073,499251,4.630156993865967,499150,-7.4332399,35,18.85,26760,0.07302701473236084,0.9507604241371155,0.0005
0.018330255523324013,1.0,14075,499318,4.1719970703125,499217,-7.34585753,35,18.73,26764,0.07831709831953049,-0.3153799772262573,0.0005
0.01795012317597866,1.0,14077,499398,4.270727157592773,499297,-7.39348814,35,18.8,26768,0.15705761313438416,-0.6660106778144836,0.0005
0.0176492128521204,1.0,14079,499479,4.629404067993164,499378,-7.48517559,35,18.93,26772,0.10898731648921967,0.19088001549243927,0.0005
0.01768777333199978,1.0,14081,499560,4.561666965484619,499459,-7.481872239999998,35,18.93,26776,0.15096019208431244,0.3925204873085022,0.0005
0.017802173271775246,1.0,14083,499640,4.465024948120117,499539,-7.527002109999999,35,19.01,26780,0.33764883875846863,-0.04194733500480652,0.0005
0.01795942150056362,1.0,14085,499700,4.70506477355957,499599,-7.435727269999998,35,18.87,26784,1.4267287254333496,1.2738286256790161,0.0005
0.01794484443962574,1.0,14087,499773,4.21094274520874,499672,-7.39252863,35,18.81,26788,0.15145057439804077,-0.7511699199676514,0.0005
0.017932217568159103,1.0,14089,499852,4.710415363311768,499751,-7.477358870000001,35,18.93,26792,0.017938345670700073,-0.23153573274612427,0.0005
0.017767004668712616,1.0,14090,499919,3.8719372749328613,499818,-7.43307034,35,18.87,26796,0.30647602677345276,-0.7405776381492615,0.0005
0.017904551699757576,1.0,14092,499979,4.518054008483887,499878,-7.38708683,35,18.8,26800,0.23306408524513245,-0.7039378881454468,0.0005
